source,scenario_name,scenario_weight,time,bus,phase,active_load_mw,reactive_load_mvar,pv_available_mw,workload_arrival,pue,grid_price_per_mwh,grid_carbon_t_per_mwh
observed_test,v2_2018_388_48h,,0,PCC,A,2.589738233557025,0.0,0.0,0.29431068897247314,1.149999976158142,53.24800137329102,0.24671828746795654
observed_test,v2_2018_388_48h,,0,PCC,B,2.589738233557025,0.0,0.0,0.29431068897247314,1.149999976158142,53.24800137329102,0.24671828746795654
observed_test,v2_2018_388_48h,,0,PCC,C,2.589738233557025,0.0,0.0,0.29431068897247314,1.149999976158142,53.24800137329102,0.24671828746795654
observed_test,v2_2018_388_48h,,1,PCC,A,2.6237012928594003,0.0,0.0,0.3179371654987335,1.149999976158142,53.24800137329102,0.24198617041110992
observed_test,v2_2018_388_48h,,1,PCC,B,2.6237012928594003,0.0,0.0,0.3179371654987335,1.149999976158142,53.24800137329102,0.24198617041110992
observed_test,v2_2018_388_48h,,1,PCC,C,2.6237012928594003,0.0,0.0,0.3179371654987335,1.149999976158142,53.24800137329102,0.24198617041110992
observed_test,v2_2018_388_48h,,2,PCC,A,2.4875831211508435,0.0,0.0,0.2232462614774704,1.149999976158142,53.24800137329102,0.24508506059646606
observed_test,v2_2018_388_48h,,2,PCC,B,2.4875831211508435,0.0,0.0,0.2232462614774704,1.149999976158142,53.24800137329102,0.24508506059646606
observed_test,v2_2018_388_48h,,2,PCC,C,2.4875831211508435,0.0,0.0,0.2232462614774704,1.149999976158142,53.24800137329102,0.24508506059646606
observed_test,v2_2018_388_48h,,3,PCC,A,2.5452259178952694,0.0,0.0,0.2633455991744995,1.149999976158142,53.24800137329102,0.25559377670288086
observed_test,v2_2018_388_48h,,3,PCC,B,2.5452259178952694,0.0,0.0,0.2633455991744995,1.149999976158142,53.24800137329102,0.25559377670288086
observed_test,v2_2018_388_48h,,3,PCC,C,2.5452259178952694,0.0,0.0,0.2633455991744995,1.149999976158142,53.24800137329102,0.25559377670288086
observed_test,v2_2018_388_48h,,4,PCC,A,2.6066056994782514,0.0,0.0,0.3060445785522461,1.149999976158142,53.24800137329102,0.247085839509964
observed_test,v2_2018_388_48h,,4,PCC,B,2.6066056994782514,0.0,0.0,0.3060445785522461,1.149999976158142,53.24800137329102,0.247085839509964
observed_test,v2_2018_388_48h,,4,PCC,C,2.6066056994782514,0.0,0.0,0.3060445785522461,1.149999976158142,53.24800137329102,0.247085839509964
observed_test,v2_2018_388_48h,,5,PCC,A,2.5763726205374935,0.0,0.0,0.2850128710269928,1.149999976158142,53.24800137329102,0.24306049942970276
observed_test,v2_2018_388_48h,,5,PCC,B,2.5763726205374935,0.0,0.0,0.2850128710269928,1.149999976158142,53.24800137329102,0.24306049942970276
observed_test,v2_2018_388_48h,,5,PCC,C,2.5763726205374935,0.0,0.0,0.2850128710269928,1.149999976158142,53.24800137329102,0.24306049942970276
observed_test,v2_2018_388_48h,,6,PCC,A,2.7605416539868575,0.0,0.0,0.4131304621696472,1.149999976158142,53.24800137329102,0.24511682987213135
observed_test,v2_2018_388_48h,,6,PCC,B,2.7605416539868575,0.0,0.0,0.4131304621696472,1.149999976158142,53.24800137329102,0.24511682987213135
observed_test,v2_2018_388_48h,,6,PCC,C,2.7605416539868575,0.0,0.0,0.4131304621696472,1.149999976158142,53.24800137329102,0.24511682987213135
observed_test,v2_2018_388_48h,,7,PCC,A,3.0129513006293838,0.0,0.08162083104252814,0.5887197852134705,1.149999976158142,53.24800137329102,0.23770040273666382
observed_test,v2_2018_388_48h,,7,PCC,B,3.0129513006293838,0.0,0.08162083104252814,0.5887197852134705,1.149999976158142,53.24800137329102,0.23770040273666382
observed_test,v2_2018_388_48h,,7,PCC,C,3.0129513006293838,0.0,0.08162083104252814,0.5887197852134705,1.149999976158142,53.24800137329102,0.23770040273666382
observed_test,v2_2018_388_48h,,8,PCC,A,2.7649040079514635,0.0,0.49498333380772513,0.41616514325141907,1.149999976158142,53.24800137329102,0.23350167274475098
observed_test,v2_2018_388_48h,,8,PCC,B,2.7649040079514635,0.0,0.49498333380772513,0.41616514325141907,1.149999976158142,53.24800137329102,0.23350167274475098
observed_test,v2_2018_388_48h,,8,PCC,C,2.7649040079514635,0.0,0.49498333380772513,0.41616514325141907,1.149999976158142,53.24800137329102,0.23350167274475098
observed_test,v2_2018_388_48h,,9,PCC,A,2.9051724072175276,0.0,0.8703458194549266,0.5137431621551514,1.149999976158142,53.24800137329102,0.2296794354915619
observed_test,v2_2018_388_48h,,9,PCC,B,2.9051724072175276,0.0,0.8703458194549266,0.5137431621551514,1.149999976158142,53.24800137329102,0.2296794354915619
observed_test,v2_2018_388_48h,,9,PCC,C,2.9051724072175276,0.0,0.8703458194549266,0.5137431621551514,1.149999976158142,53.24800137329102,0.2296794354915619
observed_test,v2_2018_388_48h,,10,PCC,A,2.6904467608222724,0.0,1.1239917232440066,0.3643687963485718,1.149999976158142,53.24800137329102,0.24029983580112457
observed_test,v2_2018_388_48h,,10,PCC,B,2.6904467608222724,0.0,1.1239917232440066,0.3643687963485718,1.149999976158142,53.24800137329102,0.24029983580112457
observed_test,v2_2018_388_48h,,10,PCC,C,2.6904467608222724,0.0,1.1239917232440066,0.3643687963485718,1.149999976158142,53.24800137329102,0.24029983580112457
observed_test,v2_2018_388_48h,,11,PCC,A,2.686130632121376,0.0,1.2637832990059483,0.36136627197265625,1.149999976158142,53.24800137329102,0.25352588295936584
observed_test,v2_2018_388_48h,,11,PCC,B,2.686130632121376,0.0,1.2637832990059483,0.36136627197265625,1.149999976158142,53.24800137329102,0.25352588295936584
observed_test,v2_2018_388_48h,,11,PCC,C,2.686130632121376,0.0,1.2637832990059483,0.36136627197265625,1.149999976158142,53.24800137329102,0.25352588295936584
observed_test,v2_2018_388_48h,,12,PCC,A,2.940481482794702,0.0,1.3124582859186025,0.5383059978485107,1.149999976158142,53.24800137329102,0.24791784584522247
observed_test,v2_2018_388_48h,,12,PCC,B,2.940481482794702,0.0,1.3124582859186025,0.5383059978485107,1.149999976158142,53.24800137329102,0.24791784584522247
observed_test,v2_2018_388_48h,,12,PCC,C,2.940481482794702,0.0,1.3124582859186025,0.5383059978485107,1.149999976158142,53.24800137329102,0.24791784584522247
observed_test,v2_2018_388_48h,,13,PCC,A,3.033735447282245,0.0,1.2732791212888863,0.6031783223152161,1.149999976158142,53.24800137329102,0.25111281871795654
observed_test,v2_2018_388_48h,,13,PCC,B,3.033735447282245,0.0,1.2732791212888863,0.6031783223152161,1.149999976158142,53.24800137329102,0.25111281871795654
observed_test,v2_2018_388_48h,,13,PCC,C,3.033735447282245,0.0,1.2732791212888863,0.6031783223152161,1.149999976158142,53.24800137329102,0.25111281871795654
observed_test,v2_2018_388_48h,,14,PCC,A,3.1232014249141358,0.0,1.14254172031696,0.6654155254364014,1.149999976158142,53.24800137329102,0.24972565472126007
observed_test,v2_2018_388_48h,,14,PCC,B,3.1232014249141358,0.0,1.14254172031696,0.6654155254364014,1.149999976158142,53.24800137329102,0.24972565472126007
observed_test,v2_2018_388_48h,,14,PCC,C,3.1232014249141358,0.0,1.14254172031696,0.6654155254364014,1.149999976158142,53.24800137329102,0.24972565472126007
observed_test,v2_2018_388_48h,,15,PCC,A,2.915610662966831,0.0,0.9134708115687736,0.5210045576095581,1.149999976158142,53.24800137329102,0.23570667207241058
observed_test,v2_2018_388_48h,,15,PCC,B,2.915610662966831,0.0,0.9134708115687736,0.5210045576095581,1.149999976158142,53.24800137329102,0.23570667207241058
observed_test,v2_2018_388_48h,,15,PCC,C,2.915610662966831,0.0,0.9134708115687736,0.5210045576095581,1.149999976158142,53.24800137329102,0.23570667207241058
observed_test,v2_2018_388_48h,,16,PCC,A,2.9761405680146122,0.0,0.6154708564281463,0.5631123185157776,1.149999976158142,53.24800137329102,0.23233109712600708
observed_test,v2_2018_388_48h,,16,PCC,B,2.9761405680146122,0.0,0.6154708564281463,0.5631123185157776,1.149999976158142,53.24800137329102,0.23233109712600708
observed_test,v2_2018_388_48h,,16,PCC,C,2.9761405680146122,0.0,0.6154708564281463,0.5631123185157776,1.149999976158142,53.24800137329102,0.23233109712600708
observed_test,v2_2018_388_48h,,17,PCC,A,2.912059071852747,0.0,0.20080416534955683,0.5185338854789734,1.149999976158142,53.24800137329102,0.2382412552833557
observed_test,v2_2018_388_48h,,17,PCC,B,2.912059071852747,0.0,0.20080416534955683,0.5185338854789734,1.149999976158142,53.24800137329102,0.2382412552833557
observed_test,v2_2018_388_48h,,17,PCC,C,2.912059071852747,0.0,0.20080416534955683,0.5185338854789734,1.149999976158142,53.24800137329102,0.2382412552833557
observed_test,v2_2018_388_48h,,18,PCC,A,2.888165108802557,0.0,0.0,0.501911997795105,1.149999976158142,53.24800137329102,0.23994769155979156
observed_test,v2_2018_388_48h,,18,PCC,B,2.888165108802557,0.0,0.0,0.501911997795105,1.149999976158142,53.24800137329102,0.23994769155979156
observed_test,v2_2018_388_48h,,18,PCC,C,2.888165108802557,0.0,0.0,0.501911997795105,1.149999976158142,53.24800137329102,0.23994769155979156
observed_test,v2_2018_388_48h,,19,PCC,A,2.9849615821466244,0.0,0.0,0.5692486763000488,1.149999976158142,53.24800137329102,0.24096694588661194
observed_test,v2_2018_388_48h,,19,PCC,B,2.9849615821466244,0.0,0.0,0.5692486763000488,1.149999976158142,53.24800137329102,0.24096694588661194
observed_test,v2_2018_388_48h,,19,PCC,C,2.9849615821466244,0.0,0.0,0.5692486763000488,1.149999976158142,53.24800137329102,0.24096694588661194
observed_test,v2_2018_388_48h,,20,PCC,A,2.825617614510635,0.0,0.0,0.458400696516037,1.149999976158142,53.24800137329102,0.23986519873142242
observed_test,v2_2018_388_48h,,20,PCC,B,2.825617614510635,0.0,0.0,0.458400696516037,1.149999976158142,53.24800137329102,0.23986519873142242
observed_test,v2_2018_388_48h,,20,PCC,C,2.825617614510635,0.0,0.0,0.458400696516037,1.149999976158142,53.24800137329102,0.23986519873142242
observed_test,v2_2018_388_48h,,21,PCC,A,2.740638571998929,0.0,0.0,0.39928483963012695,1.149999976158142,53.24800137329102,0.24225591123104095
observed_test,v2_2018_388_48h,,21,PCC,B,2.740638571998929,0.0,0.0,0.39928483963012695,1.149999976158142,53.24800137329102,0.24225591123104095
observed_test,v2_2018_388_48h,,21,PCC,C,2.740638571998929,0.0,0.0,0.39928483963012695,1.149999976158142,53.24800137329102,0.24225591123104095
observed_test,v2_2018_388_48h,,22,PCC,A,2.689500792288461,0.0,0.0,0.3637107312679291,1.149999976158142,53.24800137329102,0.24607731401920319
observed_test,v2_2018_388_48h,,22,PCC,B,2.689500792288461,0.0,0.0,0.3637107312679291,1.149999976158142,53.24800137329102,0.24607731401920319
observed_test,v2_2018_388_48h,,22,PCC,C,2.689500792288461,0.0,0.0,0.3637107312679291,1.149999976158142,53.24800137329102,0.24607731401920319
observed_test,v2_2018_388_48h,,23,PCC,A,2.666340906989589,0.0,0.0,0.34759950637817383,1.149999976158142,53.24800137329102,0.23703929781913757
observed_test,v2_2018_388_48h,,23,PCC,B,2.666340906989589,0.0,0.0,0.34759950637817383,1.149999976158142,53.24800137329102,0.23703929781913757
observed_test,v2_2018_388_48h,,23,PCC,C,2.666340906989589,0.0,0.0,0.34759950637817383,1.149999976158142,53.24800137329102,0.23703929781913757
observed_test,v2_2018_388_48h,,24,PCC,A,2.589738233557025,0.0,0.0,0.29431068897247314,1.149999976158142,53.24800137329102,0.22771701216697693
observed_test,v2_2018_388_48h,,24,PCC,B,2.589738233557025,0.0,0.0,0.29431068897247314,1.149999976158142,53.24800137329102,0.22771701216697693
observed_test,v2_2018_388_48h,,24,PCC,C,2.589738233557025,0.0,0.0,0.29431068897247314,1.149999976158142,53.24800137329102,0.22771701216697693
observed_test,v2_2018_388_48h,,25,PCC,A,2.6237012928594003,0.0,0.0,0.3179371654987335,1.149999976158142,34.72425106811524,0.23294779658317566
observed_test,v2_2018_388_48h,,25,PCC,B,2.6237012928594003,0.0,0.0,0.3179371654987335,1.149999976158142,34.72425106811524,0.23294779658317566
observed_test,v2_2018_388_48h,,25,PCC,C,2.6237012928594003,0.0,0.0,0.3179371654987335,1.149999976158142,34.72425106811524,0.23294779658317566
observed_test,v2_2018_388_48h,,26,PCC,A,2.4875831211508435,0.0,0.0,0.2232462614774704,1.149999976158142,34.72425106811524,0.24029092490673065
observed_test,v2_2018_388_48h,,26,PCC,B,2.4875831211508435,0.0,0.0,0.2232462614774704,1.149999976158142,34.72425106811524,0.24029092490673065
observed_test,v2_2018_388_48h,,26,PCC,C,2.4875831211508435,0.0,0.0,0.2232462614774704,1.149999976158142,34.72425106811524,0.24029092490673065
observed_test,v2_2018_388_48h,,27,PCC,A,2.5452259178952694,0.0,0.0,0.2633455991744995,1.149999976158142,53.24800137329102,0.2553369104862213
observed_test,v2_2018_388_48h,,27,PCC,B,2.5452259178952694,0.0,0.0,0.2633455991744995,1.149999976158142,53.24800137329102,0.2553369104862213
observed_test,v2_2018_388_48h,,27,PCC,C,2.5452259178952694,0.0,0.0,0.2633455991744995,1.149999976158142,53.24800137329102,0.2553369104862213
observed_test,v2_2018_388_48h,,28,PCC,A,2.6066056994782514,0.0,0.0,0.3060445785522461,1.149999976158142,53.24800137329102,0.24331751465797424
observed_test,v2_2018_388_48h,,28,PCC,B,2.6066056994782514,0.0,0.0,0.3060445785522461,1.149999976158142,53.24800137329102,0.24331751465797424
observed_test,v2_2018_388_48h,,28,PCC,C,2.6066056994782514,0.0,0.0,0.3060445785522461,1.149999976158142,53.24800137329102,0.24331751465797424
observed_test,v2_2018_388_48h,,29,PCC,A,2.5763726205374935,0.0,0.0,0.2850128710269928,1.149999976158142,53.24800137329102,0.2392493337392807
observed_test,v2_2018_388_48h,,29,PCC,B,2.5763726205374935,0.0,0.0,0.2850128710269928,1.149999976158142,53.24800137329102,0.2392493337392807
observed_test,v2_2018_388_48h,,29,PCC,C,2.5763726205374935,0.0,0.0,0.2850128710269928,1.149999976158142,53.24800137329102,0.2392493337392807
observed_test,v2_2018_388_48h,,30,PCC,A,2.7605416539868575,0.0,0.0,0.4131304621696472,1.149999976158142,121.88174847412108,0.2353132963180542
observed_test,v2_2018_388_48h,,30,PCC,B,2.7605416539868575,0.0,0.0,0.4131304621696472,1.149999976158142,121.88174847412108,0.2353132963180542
observed_test,v2_2018_388_48h,,30,PCC,C,2.7605416539868575,0.0,0.0,0.4131304621696472,1.149999976158142,121.88174847412108,0.2353132963180542
observed_test,v2_2018_388_48h,,31,PCC,A,3.0129513006293838,0.0,0.0,0.5887197852134705,1.149999976158142,121.88174847412108,0.2276950627565384
observed_test,v2_2018_388_48h,,31,PCC,B,3.0129513006293838,0.0,0.0,0.5887197852134705,1.149999976158142,121.88174847412108,0.2276950627565384
observed_test,v2_2018_388_48h,,31,PCC,C,3.0129513006293838,0.0,0.0,0.5887197852134705,1.149999976158142,121.88174847412108,0.2276950627565384
observed_test,v2_2018_388_48h,,32,PCC,A,2.7649040079514635,0.0,0.03301250175214731,0.41616514325141907,1.149999976158142,121.88174847412108,0.22493602335453033
observed_test,v2_2018_388_48h,,32,PCC,B,2.7649040079514635,0.0,0.03301250175214731,0.41616514325141907,1.149999976158142,121.88174847412108,0.22493602335453033
observed_test,v2_2018_388_48h,,32,PCC,C,2.7649040079514635,0.0,0.03301250175214731,0.41616514325141907,1.149999976158142,121.88174847412108,0.22493602335453033
observed_test,v2_2018_388_48h,,33,PCC,A,2.9051724072175276,0.0,0.10426250071479724,0.5137431621551514,1.149999976158142,121.88174847412108,0.22441977262496948
observed_test,v2_2018_388_48h,,33,PCC,B,2.9051724072175276,0.0,0.10426250071479724,0.5137431621551514,1.149999976158142,121.88174847412108,0.22441977262496948
observed_test,v2_2018_388_48h,,33,PCC,C,2.9051724072175276,0.0,0.10426250071479724,0.5137431621551514,1.149999976158142,121.88174847412108,0.22441977262496948
observed_test,v2_2018_388_48h,,34,PCC,A,2.6904467608222724,0.0,0.14302499878865021,0.3643687963485718,1.149999976158142,53.24800137329102,0.22870786488056183
observed_test,v2_2018_388_48h,,34,PCC,B,2.6904467608222724,0.0,0.14302499878865021,0.3643687963485718,1.149999976158142,53.24800137329102,0.22870786488056183
observed_test,v2_2018_388_48h,,34,PCC,C,2.6904467608222724,0.0,0.14302499878865021,0.3643687963485718,1.149999976158142,53.24800137329102,0.22870786488056183
observed_test,v2_2018_388_48h,,35,PCC,A,2.686130632121376,0.0,0.17625832786926854,0.36136627197265625,1.149999976158142,53.24800137329102,0.24854876101016998
observed_test,v2_2018_388_48h,,35,PCC,B,2.686130632121376,0.0,0.17625832786926854,0.36136627197265625,1.149999976158142,53.24800137329102,0.24854876101016998
observed_test,v2_2018_388_48h,,35,PCC,C,2.686130632121376,0.0,0.17625832786926854,0.36136627197265625,1.149999976158142,53.24800137329102,0.24854876101016998
observed_test,v2_2018_388_48h,,36,PCC,A,2.940481482794702,0.0,0.18425833147305706,0.5383059978485107,1.149999976158142,34.72425106811524,0.24416804313659668
observed_test,v2_2018_388_48h,,36,PCC,B,2.940481482794702,0.0,0.18425833147305706,0.5383059978485107,1.149999976158142,34.72425106811524,0.24416804313659668
observed_test,v2_2018_388_48h,,36,PCC,C,2.940481482794702,0.0,0.18425833147305706,0.5383059978485107,1.149999976158142,34.72425106811524,0.24416804313659668
observed_test,v2_2018_388_48h,,37,PCC,A,3.033735447282245,0.0,0.1744041649194864,0.6031783223152161,1.149999976158142,34.72425106811524,0.2661290466785431
observed_test,v2_2018_388_48h,,37,PCC,B,3.033735447282245,0.0,0.1744041649194864,0.6031783223152161,1.149999976158142,34.72425106811524,0.2661290466785431
observed_test,v2_2018_388_48h,,37,PCC,C,3.033735447282245,0.0,0.1744041649194864,0.6031783223152161,1.149999976158142,34.72425106811524,0.2661290466785431
observed_test,v2_2018_388_48h,,38,PCC,A,3.1232014249141358,0.0,0.17437083789935479,0.6654155254364014,1.149999976158142,34.72425106811524,0.2540435791015625
observed_test,v2_2018_388_48h,,38,PCC,B,3.1232014249141358,0.0,0.17437083789935479,0.6654155254364014,1.149999976158142,34.72425106811524,0.2540435791015625
observed_test,v2_2018_388_48h,,38,PCC,C,3.1232014249141358,0.0,0.17437083789935479,0.6654155254364014,1.149999976158142,34.72425106811524,0.2540435791015625
observed_test,v2_2018_388_48h,,39,PCC,A,2.915610662966831,0.0,0.11933749684920676,0.5210045576095581,1.149999976158142,34.72425106811524,0.23779939115047455
observed_test,v2_2018_388_48h,,39,PCC,B,2.915610662966831,0.0,0.11933749684920676,0.5210045576095581,1.149999976158142,34.72425106811524,0.23779939115047455
observed_test,v2_2018_388_48h,,39,PCC,C,2.915610662966831,0.0,0.11933749684920676,0.5210045576095581,1.149999976158142,34.72425106811524,0.23779939115047455
observed_test,v2_2018_388_48h,,40,PCC,A,2.9761405680146122,0.0,0.034620834944339894,0.5631123185157776,1.149999976158142,53.24800137329102,0.22166375815868378
observed_test,v2_2018_388_48h,,40,PCC,B,2.9761405680146122,0.0,0.034620834944339894,0.5631123185157776,1.149999976158142,53.24800137329102,0.22166375815868378
observed_test,v2_2018_388_48h,,40,PCC,C,2.9761405680146122,0.0,0.034620834944339894,0.5631123185157776,1.149999976158142,53.24800137329102,0.22166375815868378
observed_test,v2_2018_388_48h,,41,PCC,A,2.912059071852747,0.0,0.012616666320424812,0.5185338854789734,1.149999976158142,53.24800137329102,0.21319834887981415
observed_test,v2_2018_388_48h,,41,PCC,B,2.912059071852747,0.0,0.012616666320424812,0.5185338854789734,1.149999976158142,53.24800137329102,0.21319834887981415
observed_test,v2_2018_388_48h,,41,PCC,C,2.912059071852747,0.0,0.012616666320424812,0.5185338854789734,1.149999976158142,53.24800137329102,0.21319834887981415
observed_test,v2_2018_388_48h,,42,PCC,A,2.888165108802557,0.0,0.0,0.501911997795105,1.149999976158142,53.24800137329102,0.21256838738918304
observed_test,v2_2018_388_48h,,42,PCC,B,2.888165108802557,0.0,0.0,0.501911997795105,1.149999976158142,53.24800137329102,0.21256838738918304
observed_test,v2_2018_388_48h,,42,PCC,C,2.888165108802557,0.0,0.0,0.501911997795105,1.149999976158142,53.24800137329102,0.21256838738918304
observed_test,v2_2018_388_48h,,43,PCC,A,2.9849615821466244,0.0,0.0,0.5692486763000488,1.149999976158142,53.24800137329102,0.20752853155136108
observed_test,v2_2018_388_48h,,43,PCC,B,2.9849615821466244,0.0,0.0,0.5692486763000488,1.149999976158142,53.24800137329102,0.20752853155136108
observed_test,v2_2018_388_48h,,43,PCC,C,2.9849615821466244,0.0,0.0,0.5692486763000488,1.149999976158142,53.24800137329102,0.20752853155136108
observed_test,v2_2018_388_48h,,44,PCC,A,2.825617614510635,0.0,0.0,0.458400696516037,1.149999976158142,53.24800137329102,0.2079969197511673
observed_test,v2_2018_388_48h,,44,PCC,B,2.825617614510635,0.0,0.0,0.458400696516037,1.149999976158142,53.24800137329102,0.2079969197511673
observed_test,v2_2018_388_48h,,44,PCC,C,2.825617614510635,0.0,0.0,0.458400696516037,1.149999976158142,53.24800137329102,0.2079969197511673
observed_test,v2_2018_388_48h,,45,PCC,A,2.740638571998929,0.0,0.0,0.39928483963012695,1.149999976158142,53.24800137329102,0.21502450108528137
observed_test,v2_2018_388_48h,,45,PCC,B,2.740638571998929,0.0,0.0,0.39928483963012695,1.149999976158142,53.24800137329102,0.21502450108528137
observed_test,v2_2018_388_48h,,45,PCC,C,2.740638571998929,0.0,0.0,0.39928483963012695,1.149999976158142,53.24800137329102,0.21502450108528137
observed_test,v2_2018_388_48h,,46,PCC,A,2.689500792288461,0.0,0.0,0.3637107312679291,1.149999976158142,53.24800137329102,0.229417085647583
observed_test,v2_2018_388_48h,,46,PCC,B,2.689500792288461,0.0,0.0,0.3637107312679291,1.149999976158142,53.24800137329102,0.229417085647583
observed_test,v2_2018_388_48h,,46,PCC,C,2.689500792288461,0.0,0.0,0.3637107312679291,1.149999976158142,53.24800137329102,0.229417085647583
observed_test,v2_2018_388_48h,,47,PCC,A,2.666340906989589,0.0,0.0,0.34759950637817383,1.149999976158142,53.24800137329102,0.24800129234790802
observed_test,v2_2018_388_48h,,47,PCC,B,2.666340906989589,0.0,0.0,0.34759950637817383,1.149999976158142,53.24800137329102,0.24800129234790802
observed_test,v2_2018_388_48h,,47,PCC,C,2.666340906989589,0.0,0.0,0.34759950637817383,1.149999976158142,53.24800137329102,0.24800129234790802
observed_test,v2_2018_475_48h,,0,PCC,A,2.6530636559638077,0.0,0.0,0.29431068897247314,1.1811249256134033,53.24800137329102,0.24150371551513672
observed_test,v2_2018_475_48h,,0,PCC,B,2.6530636559638077,0.0,0.0,0.29431068897247314,1.1811249256134033,53.24800137329102,0.24150371551513672
observed_test,v2_2018_475_48h,,0,PCC,C,2.6530636559638077,0.0,0.0,0.29431068897247314,1.1811249256134033,53.24800137329102,0.24150371551513672
observed_test,v2_2018_475_48h,,1,PCC,A,2.6815988529157266,0.0,0.0,0.3179371654987335,1.178049921989441,53.24800137329102,0.2552565932273865
observed_test,v2_2018_475_48h,,1,PCC,B,2.6815988529157266,0.0,0.0,0.3179371654987335,1.178049921989441,53.24800137329102,0.2552565932273865
observed_test,v2_2018_475_48h,,1,PCC,C,2.6815988529157266,0.0,0.0,0.3179371654987335,1.178049921989441,53.24800137329102,0.2552565932273865
observed_test,v2_2018_475_48h,,2,PCC,A,2.535885686797099,0.0,0.0,0.2232462614774704,1.1748249530792236,53.24800137329102,0.25145015120506287
observed_test,v2_2018_475_48h,,2,PCC,B,2.535885686797099,0.0,0.0,0.2232462614774704,1.1748249530792236,53.24800137329102,0.25145015120506287
observed_test,v2_2018_475_48h,,2,PCC,C,2.535885686797099,0.0,0.0,0.2232462614774704,1.1748249530792236,53.24800137329102,0.25145015120506287
observed_test,v2_2018_475_48h,,3,PCC,A,2.588935119018082,0.0,0.0,0.2633455991744995,1.1719000339508057,53.24800137329102,0.23128750920295715
observed_test,v2_2018_475_48h,,3,PCC,B,2.588935119018082,0.0,0.0,0.2633455991744995,1.1719000339508057,53.24800137329102,0.23128750920295715
observed_test,v2_2018_475_48h,,3,PCC,C,2.588935119018082,0.0,0.0,0.2633455991744995,1.1719000339508057,53.24800137329102,0.23128750920295715
observed_test,v2_2018_475_48h,,4,PCC,A,2.6467192273688434,0.0,0.0,0.3060445785522461,1.1695749759674072,53.24800137329102,0.22230955958366394
observed_test,v2_2018_475_48h,,4,PCC,B,2.6467192273688434,0.0,0.0,0.3060445785522461,1.1695749759674072,53.24800137329102,0.22230955958366394
observed_test,v2_2018_475_48h,,4,PCC,C,2.6467192273688434,0.0,0.0,0.3060445785522461,1.1695749759674072,53.24800137329102,0.22230955958366394
observed_test,v2_2018_475_48h,,5,PCC,A,2.6196129297260438,0.0,0.0,0.2850128710269928,1.171375036239624,53.24800137329102,0.22133493423461914
observed_test,v2_2018_475_48h,,5,PCC,B,2.6196129297260438,0.0,0.0,0.2850128710269928,1.171375036239624,53.24800137329102,0.22133493423461914
observed_test,v2_2018_475_48h,,5,PCC,C,2.6196129297260438,0.0,0.0,0.2850128710269928,1.171375036239624,53.24800137329102,0.22133493423461914
observed_test,v2_2018_475_48h,,6,PCC,A,2.8270164026395412,0.0,0.06037499898901352,0.4131304621696472,1.1804499626159668,53.24800137329102,0.2222871631383896
observed_test,v2_2018_475_48h,,6,PCC,B,2.8270164026395412,0.0,0.06037499898901352,0.4131304621696472,1.1804499626159668,53.24800137329102,0.2222871631383896
observed_test,v2_2018_475_48h,,6,PCC,C,2.8270164026395412,0.0,0.06037499898901352,0.4131304621696472,1.1804499626159668,53.24800137329102,0.2222871631383896
observed_test,v2_2018_475_48h,,7,PCC,A,3.109894759479428,0.0,0.2899500039907602,0.5887197852134705,1.1903499364852905,53.24800137329102,0.2206457108259201
observed_test,v2_2018_475_48h,,7,PCC,B,3.109894759479428,0.0,0.2899500039907602,0.5887197852134705,1.1903499364852905,53.24800137329102,0.2206457108259201
observed_test,v2_2018_475_48h,,7,PCC,C,3.109894759479428,0.0,0.2899500039907602,0.5887197852134705,1.1903499364852905,53.24800137329102,0.2206457108259201
observed_test,v2_2018_475_48h,,8,PCC,A,2.8713499269982687,0.0,0.5776624840039473,0.41616514325141907,1.1986749172210693,53.24800137329102,0.21722935140132904
observed_test,v2_2018_475_48h,,8,PCC,B,2.8713499269982687,0.0,0.5776624840039473,0.41616514325141907,1.1986749172210693,53.24800137329102,0.21722935140132904
observed_test,v2_2018_475_48h,,8,PCC,C,2.8713499269982687,0.0,0.5776624840039473,0.41616514325141907,1.1986749172210693,53.24800137329102,0.21722935140132904
observed_test,v2_2018_475_48h,,9,PCC,A,3.034525548218054,0.0,0.6368791827788719,0.5137431621551514,1.2060250043869019,53.24800137329102,0.21934925019741058
observed_test,v2_2018_475_48h,,9,PCC,B,3.034525548218054,0.0,0.6368791827788719,0.5137431621551514,1.2060250043869019,53.24800137329102,0.21934925019741058
observed_test,v2_2018_475_48h,,9,PCC,C,3.034525548218054,0.0,0.6368791827788719,0.5137431621551514,1.2060250043869019,53.24800137329102,0.21934925019741058
observed_test,v2_2018_475_48h,,10,PCC,A,2.821435134075261,0.0,0.6238583188790541,0.3643687963485718,1.2117249965667725,53.24800137329102,0.2243833690881729
observed_test,v2_2018_475_48h,,10,PCC,B,2.821435134075261,0.0,0.6238583188790541,0.3643687963485718,1.2117249965667725,53.24800137329102,0.2243833690881729
observed_test,v2_2018_475_48h,,10,PCC,C,2.821435134075261,0.0,0.6238583188790541,0.3643687963485718,1.2117249965667725,53.24800137329102,0.2243833690881729
observed_test,v2_2018_475_48h,,11,PCC,A,2.8240367163397573,0.0,0.9453958616806909,0.36136627197265625,1.2150999307632446,53.24800137329102,0.22723731398582458
observed_test,v2_2018_475_48h,,11,PCC,B,2.8240367163397573,0.0,0.9453958616806909,0.36136627197265625,1.2150999307632446,53.24800137329102,0.22723731398582458
observed_test,v2_2018_475_48h,,11,PCC,C,2.8240367163397573,0.0,0.9453958616806909,0.36136627197265625,1.2150999307632446,53.24800137329102,0.22723731398582458
observed_test,v2_2018_475_48h,,12,PCC,A,3.0971727822510453,0.0,1.040508311528426,0.5383059978485107,1.2169749736785889,53.24800137329102,0.22889673709869385
observed_test,v2_2018_475_48h,,12,PCC,B,3.0971727822510453,0.0,1.040508311528426,0.5383059978485107,1.2169749736785889,53.24800137329102,0.22889673709869385
observed_test,v2_2018_475_48h,,12,PCC,C,3.0971727822510453,0.0,1.040508311528426,0.5383059978485107,1.2169749736785889,53.24800137329102,0.22889673709869385
observed_test,v2_2018_475_48h,,13,PCC,A,3.1942239343118835,0.0,0.9628374989216143,0.6031783223152161,1.2163000106811523,53.24800137329102,0.22818779945373535
observed_test,v2_2018_475_48h,,13,PCC,B,3.1942239343118835,0.0,0.9628374989216143,0.6031783223152161,1.2163000106811523,53.24800137329102,0.22818779945373535
observed_test,v2_2018_475_48h,,13,PCC,C,3.1942239343118835,0.0,0.9628374989216143,0.6031783223152161,1.2163000106811523,53.24800137329102,0.22818779945373535
observed_test,v2_2018_475_48h,,14,PCC,A,3.2826641354186514,0.0,0.45389584623850304,0.6654155254364014,1.213824987411499,53.24800137329102,0.22140124440193176
observed_test,v2_2018_475_48h,,14,PCC,B,3.2826641354186514,0.0,0.45389584623850304,0.6654155254364014,1.213824987411499,53.24800137329102,0.22140124440193176
observed_test,v2_2018_475_48h,,14,PCC,C,3.2826641354186514,0.0,0.45389584623850304,0.6654155254364014,1.213824987411499,53.24800137329102,0.22140124440193176
observed_test,v2_2018_475_48h,,15,PCC,A,3.0565982681900437,0.0,0.26103332638740534,0.5210045576095581,1.210824966430664,53.24800137329102,0.21364735066890717
observed_test,v2_2018_475_48h,,15,PCC,B,3.0565982681900437,0.0,0.26103332638740534,0.5210045576095581,1.210824966430664,53.24800137329102,0.21364735066890717
observed_test,v2_2018_475_48h,,15,PCC,C,3.0565982681900437,0.0,0.26103332638740534,0.5210045576095581,1.210824966430664,53.24800137329102,0.21364735066890717
observed_test,v2_2018_475_48h,,16,PCC,A,3.1123292043195026,0.0,0.17422083765268326,0.5631123185157776,1.207450032234192,53.24800137329102,0.20802083611488342
observed_test,v2_2018_475_48h,,16,PCC,B,3.1123292043195026,0.0,0.17422083765268326,0.5631123185157776,1.207450032234192,53.24800137329102,0.20802083611488342
observed_test,v2_2018_475_48h,,16,PCC,C,3.1123292043195026,0.0,0.17422083765268326,0.5631123185157776,1.207450032234192,53.24800137329102,0.20802083611488342
observed_test,v2_2018_475_48h,,17,PCC,A,3.032546169972656,0.0,0.10158749870382822,0.5185338854789734,1.202049970626831,53.24800137329102,0.21844016015529633
observed_test,v2_2018_475_48h,,17,PCC,B,3.032546169972656,0.0,0.10158749870382822,0.5185338854789734,1.202049970626831,53.24800137329102,0.21844016015529633
observed_test,v2_2018_475_48h,,17,PCC,C,3.032546169972656,0.0,0.10158749870382822,0.5185338854789734,1.202049970626831,53.24800137329102,0.21844016015529633
observed_test,v2_2018_475_48h,,18,PCC,A,2.992085891429742,0.0,0.028370833024382588,0.501911997795105,1.1952999830245972,53.24800137329102,0.22912158071994781
observed_test,v2_2018_475_48h,,18,PCC,B,2.992085891429742,0.0,0.028370833024382588,0.501911997795105,1.1952999830245972,53.24800137329102,0.22912158071994781
observed_test,v2_2018_475_48h,,18,PCC,C,2.992085891429742,0.0,0.028370833024382588,0.501911997795105,1.1952999830245972,53.24800137329102,0.22912158071994781
observed_test,v2_2018_475_48h,,19,PCC,A,3.064334984330434,0.0,0.0,0.5692486763000488,1.1833750009536743,53.24800137329102,0.24189895391464233
observed_test,v2_2018_475_48h,,19,PCC,B,3.064334984330434,0.0,0.0,0.5692486763000488,1.1833750009536743,53.24800137329102,0.24189895391464233
observed_test,v2_2018_475_48h,,19,PCC,C,3.064334984330434,0.0,0.0,0.5692486763000488,1.1833750009536743,53.24800137329102,0.24189895391464233
observed_test,v2_2018_475_48h,,20,PCC,A,2.891967895594212,0.0,0.0,0.458400696516037,1.1796250343322754,53.24800137329102,0.2459821254014969
observed_test,v2_2018_475_48h,,20,PCC,B,2.891967895594212,0.0,0.0,0.458400696516037,1.1796250343322754,53.24800137329102,0.2459821254014969
observed_test,v2_2018_475_48h,,20,PCC,C,2.891967895594212,0.0,0.0,0.458400696516037,1.1796250343322754,53.24800137329102,0.2459821254014969
observed_test,v2_2018_475_48h,,21,PCC,A,2.798464746482774,0.0,0.0,0.39928483963012695,1.1766999959945679,53.24800137329102,0.254844069480896
observed_test,v2_2018_475_48h,,21,PCC,B,2.798464746482774,0.0,0.0,0.39928483963012695,1.1766999959945679,53.24800137329102,0.254844069480896
observed_test,v2_2018_475_48h,,21,PCC,C,2.798464746482774,0.0,0.0,0.39928483963012695,1.1766999959945679,53.24800137329102,0.254844069480896
observed_test,v2_2018_475_48h,,22,PCC,A,2.7410484616485786,0.0,0.0,0.3637107312679291,1.174299955368042,53.24800137329102,0.2803404927253723
observed_test,v2_2018_475_48h,,22,PCC,B,2.7410484616485786,0.0,0.0,0.3637107312679291,1.174299955368042,53.24800137329102,0.2803404927253723
observed_test,v2_2018_475_48h,,22,PCC,C,2.7410484616485786,0.0,0.0,0.3637107312679291,1.174299955368042,53.24800137329102,0.2803404927253723
observed_test,v2_2018_475_48h,,23,PCC,A,2.7121987634461107,0.0,0.0,0.34759950637817383,1.1718249320983887,53.24800137329102,0.301544725894928
observed_test,v2_2018_475_48h,,23,PCC,B,2.7121987634461107,0.0,0.0,0.34759950637817383,1.1718249320983887,53.24800137329102,0.301544725894928
observed_test,v2_2018_475_48h,,23,PCC,C,2.7121987634461107,0.0,0.0,0.34759950637817383,1.1718249320983887,53.24800137329102,0.301544725894928
observed_test,v2_2018_475_48h,,24,PCC,A,2.627275818060358,0.0,0.0,0.29431068897247314,1.1684499979019165,53.24800137329102,0.3112027049064636
observed_test,v2_2018_475_48h,,24,PCC,B,2.627275818060358,0.0,0.0,0.29431068897247314,1.1684499979019165,53.24800137329102,0.3112027049064636
observed_test,v2_2018_475_48h,,24,PCC,C,2.627275818060358,0.0,0.0,0.29431068897247314,1.1684499979019165,53.24800137329102,0.3112027049064636
observed_test,v2_2018_475_48h,,25,PCC,A,2.654353043619182,0.0,0.0,0.3179371654987335,1.1648499965667725,53.24800137329102,0.31398385763168335
observed_test,v2_2018_475_48h,,25,PCC,B,2.654353043619182,0.0,0.0,0.3179371654987335,1.1648499965667725,53.24800137329102,0.31398385763168335
observed_test,v2_2018_475_48h,,25,PCC,C,2.654353043619182,0.0,0.0,0.3179371654987335,1.1648499965667725,53.24800137329102,0.31398385763168335
observed_test,v2_2018_475_48h,,26,PCC,A,2.5102022685896617,0.0,0.0,0.2232462614774704,1.1616250276565552,53.24800137329102,0.3048606812953949
observed_test,v2_2018_475_48h,,26,PCC,B,2.5102022685896617,0.0,0.0,0.2232462614774704,1.1616250276565552,53.24800137329102,0.3048606812953949
observed_test,v2_2018_475_48h,,26,PCC,C,2.5102022685896617,0.0,0.0,0.2232462614774704,1.1616250276565552,53.24800137329102,0.3048606812953949
observed_test,v2_2018_475_48h,,27,PCC,A,2.5633383355179284,0.0,0.0,0.2633455991744995,1.1590750217437744,53.24800137329102,0.29333972930908203
observed_test,v2_2018_475_48h,,27,PCC,B,2.5633383355179284,0.0,0.0,0.2633455991744995,1.1590750217437744,53.24800137329102,0.29333972930908203
observed_test,v2_2018_475_48h,,27,PCC,C,2.5633383355179284,0.0,0.0,0.2633455991744995,1.1590750217437744,53.24800137329102,0.29333972930908203
observed_test,v2_2018_475_48h,,28,PCC,A,2.6216674183795305,0.0,0.0,0.3060445785522461,1.157349944114685,53.24800137329102,0.2601999342441559
observed_test,v2_2018_475_48h,,28,PCC,B,2.6216674183795305,0.0,0.0,0.3060445785522461,1.157349944114685,53.24800137329102,0.2601999342441559
observed_test,v2_2018_475_48h,,28,PCC,C,2.6216674183795305,0.0,0.0,0.3060445785522461,1.157349944114685,53.24800137329102,0.2601999342441559
observed_test,v2_2018_475_48h,,29,PCC,A,2.597916932709332,0.0,0.0,0.2850128710269928,1.1606500148773193,53.24800137329102,0.24825310707092285
observed_test,v2_2018_475_48h,,29,PCC,B,2.597916932709332,0.0,0.0,0.2850128710269928,1.1606500148773193,53.24800137329102,0.24825310707092285
observed_test,v2_2018_475_48h,,29,PCC,C,2.597916932709332,0.0,0.0,0.2850128710269928,1.1606500148773193,53.24800137329102,0.24825310707092285
observed_test,v2_2018_475_48h,,30,PCC,A,2.807205114685619,0.0,0.05938333387558276,0.4131304621696472,1.171375036239624,53.24800137329102,0.23572802543640137
observed_test,v2_2018_475_48h,,30,PCC,B,2.807205114685619,0.0,0.05938333387558276,0.4131304621696472,1.171375036239624,53.24800137329102,0.23572802543640137
observed_test,v2_2018_475_48h,,30,PCC,C,2.807205114685619,0.0,0.05938333387558276,0.4131304621696472,1.171375036239624,53.24800137329102,0.23572802543640137
observed_test,v2_2018_475_48h,,31,PCC,A,3.0952993959040374,0.0,0.293970824434207,0.5887197852134705,1.1842750310897827,53.24800137329102,0.2278219312429428
observed_test,v2_2018_475_48h,,31,PCC,B,3.0952993959040374,0.0,0.293970824434207,0.5887197852134705,1.1842750310897827,53.24800137329102,0.2278219312429428
observed_test,v2_2018_475_48h,,31,PCC,C,3.0952993959040374,0.0,0.293970824434207,0.5887197852134705,1.1842750310897827,53.24800137329102,0.2278219312429428
observed_test,v2_2018_475_48h,,32,PCC,A,2.8721700753183677,0.0,0.5861375194329481,0.41616514325141907,1.199049949645996,53.24800137329102,0.22451649606227875
observed_test,v2_2018_475_48h,,32,PCC,B,2.8721700753183677,0.0,0.5861375194329481,0.41616514325141907,1.199049949645996,53.24800137329102,0.22451649606227875
observed_test,v2_2018_475_48h,,32,PCC,C,2.8721700753183677,0.0,0.5861375194329481,0.41616514325141907,1.199049949645996,53.24800137329102,0.22451649606227875
observed_test,v2_2018_475_48h,,33,PCC,A,3.0402399948520085,0.0,0.824854179070546,0.5137431621551514,1.2085000276565552,53.24800137329102,0.22739911079406738
observed_test,v2_2018_475_48h,,33,PCC,B,3.0402399948520085,0.0,0.824854179070546,0.5137431621551514,1.2085000276565552,53.24800137329102,0.22739911079406738
observed_test,v2_2018_475_48h,,33,PCC,C,3.0402399948520085,0.0,0.824854179070546,0.5137431621551514,1.2085000276565552,53.24800137329102,0.22739911079406738
observed_test,v2_2018_475_48h,,34,PCC,A,2.827005694902456,0.0,0.9852917148516728,0.3643687963485718,1.2143499851226807,53.24800137329102,0.2333221286535263
observed_test,v2_2018_475_48h,,34,PCC,B,2.827005694902456,0.0,0.9852917148516728,0.3643687963485718,1.2143499851226807,53.24800137329102,0.2333221286535263
observed_test,v2_2018_475_48h,,34,PCC,C,2.827005694902456,0.0,0.9852917148516728,0.3643687963485718,1.2143499851226807,53.24800137329102,0.2333221286535263
observed_test,v2_2018_475_48h,,35,PCC,A,2.829120901217872,0.0,1.0149708160987265,0.36136627197265625,1.2174999713897705,53.24800137329102,0.23899239301681519
observed_test,v2_2018_475_48h,,35,PCC,B,2.829120901217872,0.0,1.0149708160987265,0.36136627197265625,1.2174999713897705,53.24800137329102,0.23899239301681519
observed_test,v2_2018_475_48h,,35,PCC,C,2.829120901217872,0.0,1.0149708160987265,0.36136627197265625,1.2174999713897705,53.24800137329102,0.23899239301681519
observed_test,v2_2018_475_48h,,36,PCC,A,3.1029632208723874,0.0,0.9539624819388756,0.5383059978485107,1.2194499969482422,53.24800137329102,0.2420308142900467
observed_test,v2_2018_475_48h,,36,PCC,B,3.1029632208723874,0.0,0.9539624819388756,0.5383059978485107,1.2194499969482422,53.24800137329102,0.2420308142900467
observed_test,v2_2018_475_48h,,36,PCC,C,3.1029632208723874,0.0,0.9539624819388756,0.5383059978485107,1.2194499969482422,53.24800137329102,0.2420308142900467
observed_test,v2_2018_475_48h,,37,PCC,A,3.203845769759127,0.0,0.9417083400946397,0.6031783223152161,1.2202749252319336,53.24800137329102,0.24318714439868927
observed_test,v2_2018_475_48h,,37,PCC,B,3.203845769759127,0.0,0.9417083400946397,0.6031783223152161,1.2202749252319336,53.24800137329102,0.24318714439868927
observed_test,v2_2018_475_48h,,37,PCC,C,3.203845769759127,0.0,0.9417083400946397,0.6031783223152161,1.2202749252319336,53.24800137329102,0.24318714439868927
observed_test,v2_2018_475_48h,,38,PCC,A,3.2989665299180757,0.0,0.8284708055166097,0.6654155254364014,1.2203500270843506,53.24800137329102,0.254604309797287
observed_test,v2_2018_475_48h,,38,PCC,B,3.2989665299180757,0.0,0.8284708055166097,0.6654155254364014,1.2203500270843506,53.24800137329102,0.254604309797287
observed_test,v2_2018_475_48h,,38,PCC,C,3.2989665299180757,0.0,0.8284708055166097,0.6654155254364014,1.2203500270843506,53.24800137329102,0.254604309797287
observed_test,v2_2018_475_48h,,39,PCC,A,3.074851827224464,0.0,0.4265916748688771,0.5210045576095581,1.2186999320983887,53.24800137329102,0.2590092718601227
observed_test,v2_2018_475_48h,,39,PCC,B,3.074851827224464,0.0,0.4265916748688771,0.5210045576095581,1.2186999320983887,53.24800137329102,0.2590092718601227
observed_test,v2_2018_475_48h,,39,PCC,C,3.074851827224464,0.0,0.4265916748688771,0.5210045576095581,1.2186999320983887,53.24800137329102,0.2590092718601227
observed_test,v2_2018_475_48h,,40,PCC,A,3.131175010452678,0.0,0.22111666890291068,0.5631123185157776,1.215399980545044,53.24800137329102,0.2726680636405945
observed_test,v2_2018_475_48h,,40,PCC,B,3.131175010452678,0.0,0.22111666890291068,0.5631123185157776,1.215399980545044,53.24800137329102,0.2726680636405945
observed_test,v2_2018_475_48h,,40,PCC,C,3.131175010452678,0.0,0.22111666890291068,0.5631123185157776,1.215399980545044,53.24800137329102,0.2726680636405945
observed_test,v2_2018_475_48h,,41,PCC,A,3.0462616988745648,0.0,0.11507916765717359,0.5185338854789734,1.2079750299453735,53.24800137329102,0.2878139019012451
observed_test,v2_2018_475_48h,,41,PCC,B,3.0462616988745648,0.0,0.11507916765717359,0.5185338854789734,1.2079750299453735,53.24800137329102,0.2878139019012451
observed_test,v2_2018_475_48h,,41,PCC,C,3.0462616988745648,0.0,0.11507916765717359,0.5185338854789734,1.2079750299453735,53.24800137329102,0.2878139019012451
observed_test,v2_2018_475_48h,,42,PCC,A,3.001892901844878,0.0,0.0159541664358515,0.501911997795105,1.1995749473571777,53.24800137329102,0.29619458317756653
observed_test,v2_2018_475_48h,,42,PCC,B,3.001892901844878,0.0,0.0159541664358515,0.501911997795105,1.1995749473571777,53.24800137329102,0.29619458317756653
observed_test,v2_2018_475_48h,,42,PCC,C,3.001892901844878,0.0,0.0159541664358515,0.501911997795105,1.1995749473571777,53.24800137329102,0.29619458317756653
observed_test,v2_2018_475_48h,,43,PCC,A,3.073788518979929,0.0,0.0,0.5692486763000488,1.1873500347137451,53.24800137329102,0.3040914833545685
observed_test,v2_2018_475_48h,,43,PCC,B,3.073788518979929,0.0,0.0,0.5692486763000488,1.1873500347137451,53.24800137329102,0.3040914833545685
observed_test,v2_2018_475_48h,,43,PCC,C,3.073788518979929,0.0,0.0,0.5692486763000488,1.1873500347137451,53.24800137329102,0.3040914833545685
observed_test,v2_2018_475_48h,,44,PCC,A,2.89583122897025,0.0,0.0,0.458400696516037,1.1813499927520752,53.24800137329102,0.29918941855430603
observed_test,v2_2018_475_48h,,44,PCC,B,2.89583122897025,0.0,0.0,0.458400696516037,1.1813499927520752,53.24800137329102,0.29918941855430603
observed_test,v2_2018_475_48h,,44,PCC,C,2.89583122897025,0.0,0.0,0.458400696516037,1.1813499927520752,53.24800137329102,0.29918941855430603
observed_test,v2_2018_475_48h,,45,PCC,A,2.796515485770229,0.0,0.0,0.39928483963012695,1.1757999658584595,53.24800137329102,0.2978053689002991
observed_test,v2_2018_475_48h,,45,PCC,B,2.796515485770229,0.0,0.0,0.39928483963012695,1.1757999658584595,53.24800137329102,0.2978053689002991
observed_test,v2_2018_475_48h,,45,PCC,C,2.796515485770229,0.0,0.0,0.39928483963012695,1.1757999658584595,53.24800137329102,0.2978053689002991
observed_test,v2_2018_475_48h,,46,PCC,A,2.735957496152791,0.0,0.0,0.3637107312679291,1.1719000339508057,53.24800137329102,0.29706329107284546
observed_test,v2_2018_475_48h,,46,PCC,B,2.735957496152791,0.0,0.0,0.3637107312679291,1.1719000339508057,53.24800137329102,0.29706329107284546
observed_test,v2_2018_475_48h,,46,PCC,C,2.735957496152791,0.0,0.0,0.3637107312679291,1.1719000339508057,53.24800137329102,0.29706329107284546
observed_test,v2_2018_475_48h,,47,PCC,A,2.7074712320105143,0.0,0.0,0.34759950637817383,1.1695749759674072,53.24800137329102,0.2957090437412262
observed_test,v2_2018_475_48h,,47,PCC,B,2.7074712320105143,0.0,0.0,0.34759950637817383,1.1695749759674072,53.24800137329102,0.2957090437412262
observed_test,v2_2018_475_48h,,47,PCC,C,2.7074712320105143,0.0,0.0,0.34759950637817383,1.1695749759674072,53.24800137329102,0.2957090437412262
observed_test,v2_2018_477_48h,,0,PCC,A,2.627275818060358,0.0,0.0,0.29431068897247314,1.1684499979019165,53.24800137329102,0.36483490467071533
observed_test,v2_2018_477_48h,,0,PCC,B,2.627275818060358,0.0,0.0,0.29431068897247314,1.1684499979019165,53.24800137329102,0.36483490467071533
observed_test,v2_2018_477_48h,,0,PCC,C,2.627275818060358,0.0,0.0,0.29431068897247314,1.1684499979019165,53.24800137329102,0.36483490467071533
observed_test,v2_2018_477_48h,,1,PCC,A,2.655127143593416,0.0,0.0,0.3179371654987335,1.1652250289916992,34.72425106811524,0.36075425148010254
observed_test,v2_2018_477_48h,,1,PCC,B,2.655127143593416,0.0,0.0,0.3179371654987335,1.1652250289916992,34.72425106811524,0.36075425148010254
observed_test,v2_2018_477_48h,,1,PCC,C,2.655127143593416,0.0,0.0,0.3179371654987335,1.1652250289916992,34.72425106811524,0.36075425148010254
observed_test,v2_2018_477_48h,,2,PCC,A,2.5107858508509473,0.0,0.0,0.2232462614774704,1.161924958229065,34.72425106811524,0.35972312092781067
observed_test,v2_2018_477_48h,,2,PCC,B,2.5107858508509473,0.0,0.0,0.2232462614774704,1.161924958229065,34.72425106811524,0.35972312092781067
observed_test,v2_2018_477_48h,,2,PCC,C,2.5107858508509473,0.0,0.0,0.2232462614774704,1.161924958229065,34.72425106811524,0.35972312092781067
observed_test,v2_2018_477_48h,,3,PCC,A,2.5630387895777638,0.0,0.0,0.2633455991744995,1.15892493724823,34.72425106811524,0.358291894197464
observed_test,v2_2018_477_48h,,3,PCC,B,2.5630387895777638,0.0,0.0,0.2633455991744995,1.15892493724823,34.72425106811524,0.358291894197464
observed_test,v2_2018_477_48h,,3,PCC,C,2.5630387895777638,0.0,0.0,0.2633455991744995,1.15892493724823,34.72425106811524,0.358291894197464
observed_test,v2_2018_477_48h,,4,PCC,A,2.619362088139629,0.0,0.0,0.3060445785522461,1.1562249660491943,34.72425106811524,0.33894482254981995
observed_test,v2_2018_477_48h,,4,PCC,B,2.619362088139629,0.0,0.0,0.3060445785522461,1.1562249660491943,34.72425106811524,0.33894482254981995
observed_test,v2_2018_477_48h,,4,PCC,C,2.619362088139629,0.0,0.0,0.3060445785522461,1.1562249660491943,34.72425106811524,0.33894482254981995
observed_test,v2_2018_477_48h,,5,PCC,A,2.5919997768450354,0.0,0.0,0.2850128710269928,1.1577249765396118,34.72425106811524,0.3224259614944458
observed_test,v2_2018_477_48h,,5,PCC,B,2.5919997768450354,0.0,0.0,0.2850128710269928,1.1577249765396118,34.72425106811524,0.3224259614944458
observed_test,v2_2018_477_48h,,5,PCC,C,2.5919997768450354,0.0,0.0,0.2850128710269928,1.1577249765396118,34.72425106811524,0.3224259614944458
observed_test,v2_2018_477_48h,,6,PCC,A,2.7970535407094927,0.0,0.0572958316367406,0.4131304621696472,1.1667249202728271,53.24800137329102,0.30066433548927307
observed_test,v2_2018_477_48h,,6,PCC,B,2.7970535407094927,0.0,0.0572958316367406,0.4131304621696472,1.1667249202728271,53.24800137329102,0.30066433548927307
observed_test,v2_2018_477_48h,,6,PCC,C,2.7970535407094927,0.0,0.0572958316367406,0.4131304621696472,1.1667249202728271,53.24800137329102,0.30066433548927307
observed_test,v2_2018_477_48h,,7,PCC,A,3.08034315795453,0.0,0.29245832791695225,0.5887197852134705,1.178049921989441,53.24800137329102,0.28425970673561096
observed_test,v2_2018_477_48h,,7,PCC,B,3.08034315795453,0.0,0.29245832791695225,0.5887197852134705,1.178049921989441,53.24800137329102,0.28425970673561096
observed_test,v2_2018_477_48h,,7,PCC,C,3.08034315795453,0.0,0.29245832791695225,0.5887197852134705,1.178049921989441,53.24800137329102,0.28425970673561096
observed_test,v2_2018_477_48h,,8,PCC,A,2.8595409382494297,0.0,0.5777083337306975,0.41616514325141907,1.193274974822998,53.24800137329102,0.27591580152511597
observed_test,v2_2018_477_48h,,8,PCC,B,2.8595409382494297,0.0,0.5777083337306975,0.41616514325141907,1.193274974822998,53.24800137329102,0.27591580152511597
observed_test,v2_2018_477_48h,,8,PCC,C,2.8595409382494297,0.0,0.5777083337306975,0.41616514325141907,1.193274974822998,53.24800137329102,0.27591580152511597
observed_test,v2_2018_477_48h,,9,PCC,A,3.0310622555682585,0.0,0.8148250098411852,0.5137431621551514,1.2045249938964844,53.24800137329102,0.27366191148757935
observed_test,v2_2018_477_48h,,9,PCC,B,3.0310622555682585,0.0,0.8148250098411852,0.5137431621551514,1.2045249938964844,53.24800137329102,0.27366191148757935
observed_test,v2_2018_477_48h,,9,PCC,C,3.0310622555682585,0.0,0.8148250098411852,0.5137431621551514,1.2045249938964844,53.24800137329102,0.27366191148757935
observed_test,v2_2018_477_48h,,10,PCC,A,2.8131587277163823,0.0,0.9374458056229811,0.3643687963485718,1.207824945449829,53.24800137329102,0.2816779613494873
observed_test,v2_2018_477_48h,,10,PCC,B,2.8131587277163823,0.0,0.9374458056229811,0.3643687963485718,1.207824945449829,53.24800137329102,0.2816779613494873
observed_test,v2_2018_477_48h,,10,PCC,C,2.8131587277163823,0.0,0.9374458056229811,0.3643687963485718,1.207824945449829,53.24800137329102,0.2816779613494873
observed_test,v2_2018_477_48h,,11,PCC,A,2.811644315578633,0.0,0.9740832906502943,0.36136627197265625,1.2092499732971191,53.24800137329102,0.3064112663269043
observed_test,v2_2018_477_48h,,11,PCC,B,2.811644315578633,0.0,0.9740832906502943,0.36136627197265625,1.2092499732971191,53.24800137329102,0.3064112663269043
observed_test,v2_2018_477_48h,,11,PCC,C,2.811644315578633,0.0,0.9740832906502943,0.36136627197265625,1.2092499732971191,53.24800137329102,0.3064112663269043
observed_test,v2_2018_477_48h,,12,PCC,A,3.0840127958919936,0.0,1.0060750521146333,0.5383059978485107,1.2113499641418457,53.24800137329102,0.3105011582374573
observed_test,v2_2018_477_48h,,12,PCC,B,3.0840127958919936,0.0,1.0060750521146333,0.5383059978485107,1.2113499641418457,53.24800137329102,0.3105011582374573
observed_test,v2_2018_477_48h,,12,PCC,C,3.0840127958919936,0.0,1.0060750521146333,0.5383059978485107,1.2113499641418457,53.24800137329102,0.3105011582374573
observed_test,v2_2018_477_48h,,13,PCC,A,3.189866637189361,0.0,0.7865708607893723,0.6031783223152161,1.2144999504089355,53.24800137329102,0.29495617747306824
observed_test,v2_2018_477_48h,,13,PCC,B,3.189866637189361,0.0,0.7865708607893723,0.6031783223152161,1.2144999504089355,53.24800137329102,0.29495617747306824
observed_test,v2_2018_477_48h,,13,PCC,C,3.189866637189361,0.0,0.7865708607893723,0.6031783223152161,1.2144999504089355,53.24800137329102,0.29495617747306824
observed_test,v2_2018_477_48h,,14,PCC,A,3.289222501519158,0.0,0.7577416415397936,0.6654155254364014,1.2164499759674072,53.24800137329102,0.27724555134773254
observed_test,v2_2018_477_48h,,14,PCC,B,3.289222501519158,0.0,0.7577416415397936,0.6654155254364014,1.2164499759674072,53.24800137329102,0.27724555134773254
observed_test,v2_2018_477_48h,,14,PCC,C,3.289222501519158,0.0,0.7577416415397936,0.6654155254364014,1.2164499759674072,53.24800137329102,0.27724555134773254
observed_test,v2_2018_477_48h,,15,PCC,A,3.0692889957003806,0.0,0.7155875173898844,0.5210045576095581,1.2163000106811523,53.24800137329102,0.27965736389160156
observed_test,v2_2018_477_48h,,15,PCC,B,3.0692889957003806,0.0,0.7155875173898844,0.5210045576095581,1.2163000106811523,53.24800137329102,0.27965736389160156
observed_test,v2_2018_477_48h,,15,PCC,C,3.0692889957003806,0.0,0.7155875173898844,0.5210045576095581,1.2163000106811523,53.24800137329102,0.27965736389160156
observed_test,v2_2018_477_48h,,16,PCC,A,3.1285081857517714,0.0,0.5151374981953547,0.5631123185157776,1.2142750024795532,53.24800137329102,0.2869911193847656
observed_test,v2_2018_477_48h,,16,PCC,B,3.1285081857517714,0.0,0.5151374981953547,0.5631123185157776,1.2142750024795532,53.24800137329102,0.2869911193847656
observed_test,v2_2018_477_48h,,16,PCC,C,3.1285081857517714,0.0,0.5151374981953547,0.5631123185157776,1.2142750024795532,53.24800137329102,0.2869911193847656
observed_test,v2_2018_477_48h,,17,PCC,A,3.0493865534967246,0.0,0.29370833474856156,0.5185338854789734,1.2093249559402466,53.24800137329102,0.2951517403125763
observed_test,v2_2018_477_48h,,17,PCC,B,3.0493865534967246,0.0,0.29370833474856156,0.5185338854789734,1.2093249559402466,53.24800137329102,0.2951517403125763
observed_test,v2_2018_477_48h,,17,PCC,C,3.0493865534967246,0.0,0.29370833474856156,0.5185338854789734,1.2093249559402466,53.24800137329102,0.2951517403125763
observed_test,v2_2018_477_48h,,18,PCC,A,3.007054702173528,0.0,0.0662958321089928,0.501911997795105,1.2018250226974487,121.88174847412108,0.3107438087463379
observed_test,v2_2018_477_48h,,18,PCC,B,3.007054702173528,0.0,0.0662958321089928,0.501911997795105,1.2018250226974487,121.88174847412108,0.3107438087463379
observed_test,v2_2018_477_48h,,18,PCC,C,3.007054702173528,0.0,0.0662958321089928,0.501911997795105,1.2018250226974487,121.88174847412108,0.3107438087463379
observed_test,v2_2018_477_48h,,19,PCC,A,3.0887712869858226,0.0,0.0,0.5692486763000488,1.1936500072479248,121.88174847412108,0.3241565525531769
observed_test,v2_2018_477_48h,,19,PCC,B,3.0887712869858226,0.0,0.0,0.5692486763000488,1.1936500072479248,121.88174847412108,0.3241565525531769
observed_test,v2_2018_477_48h,,19,PCC,C,3.0887712869858226,0.0,0.0,0.5692486763000488,1.1936500072479248,121.88174847412108,0.3241565525531769
observed_test,v2_2018_477_48h,,20,PCC,A,2.9153163660204675,0.0,0.0,0.458400696516037,1.1900500059127808,121.88174847412108,0.3228759467601776
observed_test,v2_2018_477_48h,,20,PCC,B,2.9153163660204675,0.0,0.0,0.458400696516037,1.1900500059127808,121.88174847412108,0.3228759467601776
observed_test,v2_2018_477_48h,,20,PCC,C,2.9153163660204675,0.0,0.0,0.458400696516037,1.1900500059127808,121.88174847412108,0.3228759467601776
observed_test,v2_2018_477_48h,,21,PCC,A,2.818768814061144,0.0,0.0,0.39928483963012695,1.18607497215271,53.24800137329102,0.3177696466445923
observed_test,v2_2018_477_48h,,21,PCC,B,2.818768814061144,0.0,0.0,0.39928483963012695,1.18607497215271,53.24800137329102,0.3177696466445923
observed_test,v2_2018_477_48h,,21,PCC,C,2.818768814061144,0.0,0.0,0.39928483963012695,1.18607497215271,53.24800137329102,0.3177696466445923
observed_test,v2_2018_477_48h,,22,PCC,A,2.757912980271373,0.0,0.0,0.3637107312679291,1.1822500228881836,53.24800137329102,0.319837749004364
observed_test,v2_2018_477_48h,,22,PCC,B,2.757912980271373,0.0,0.0,0.3637107312679291,1.1822500228881836,53.24800137329102,0.319837749004364
observed_test,v2_2018_477_48h,,22,PCC,C,2.757912980271373,0.0,0.0,0.3637107312679291,1.1822500228881836,53.24800137329102,0.319837749004364
observed_test,v2_2018_477_48h,,23,PCC,A,2.7266969606780265,0.0,0.0,0.34759950637817383,1.178725004196167,53.24800137329102,0.32414963841438293
observed_test,v2_2018_477_48h,,23,PCC,B,2.7266969606780265,0.0,0.0,0.34759950637817383,1.178725004196167,53.24800137329102,0.32414963841438293
observed_test,v2_2018_477_48h,,23,PCC,C,2.7266969606780265,0.0,0.0,0.34759950637817383,1.178725004196167,53.24800137329102,0.32414963841438293
observed_test,v2_2018_477_48h,,24,PCC,A,2.642840200113291,0.0,0.0,0.29431068897247314,1.1761000156402588,53.24800137329102,0.33228906989097595
observed_test,v2_2018_477_48h,,24,PCC,B,2.642840200113291,0.0,0.0,0.29431068897247314,1.1761000156402588,53.24800137329102,0.33228906989097595
observed_test,v2_2018_477_48h,,24,PCC,C,2.642840200113291,0.0,0.0,0.29431068897247314,1.1761000156402588,53.24800137329102,0.33228906989097595
observed_test,v2_2018_477_48h,,25,PCC,A,2.673549049782524,0.0,0.0,0.3179371654987335,1.174149990081787,34.72425106811524,0.33377763628959656
observed_test,v2_2018_477_48h,,25,PCC,B,2.673549049782524,0.0,0.0,0.3179371654987335,1.174149990081787,34.72425106811524,0.33377763628959656
observed_test,v2_2018_477_48h,,25,PCC,C,2.673549049782524,0.0,0.0,0.3179371654987335,1.174149990081787,34.72425106811524,0.33377763628959656
observed_test,v2_2018_477_48h,,26,PCC,A,2.5323834973840813,0.0,0.0,0.2232462614774704,1.1730250120162964,34.72425106811524,0.33147165179252625
observed_test,v2_2018_477_48h,,26,PCC,B,2.5323834973840813,0.0,0.0,0.2232462614774704,1.1730250120162964,34.72425106811524,0.33147165179252625
observed_test,v2_2018_477_48h,,26,PCC,C,2.5323834973840813,0.0,0.0,0.2232462614774704,1.1730250120162964,34.72425106811524,0.33147165179252625
observed_test,v2_2018_477_48h,,27,PCC,A,2.589833043067472,0.0,0.0,0.2633455991744995,1.1723499298095703,34.72425106811524,0.32121407985687256
observed_test,v2_2018_477_48h,,27,PCC,B,2.589833043067472,0.0,0.0,0.2633455991744995,1.1723499298095703,34.72425106811524,0.32121407985687256
observed_test,v2_2018_477_48h,,27,PCC,C,2.589833043067472,0.0,0.0,0.2633455991744995,1.1723499298095703,34.72425106811524,0.32121407985687256
observed_test,v2_2018_477_48h,,28,PCC,A,2.6490245576087452,0.0,0.0,0.3060445785522461,1.170699954032898,34.72425106811524,0.2928297519683838
observed_test,v2_2018_477_48h,,28,PCC,B,2.6490245576087452,0.0,0.0,0.3060445785522461,1.170699954032898,34.72425106811524,0.2928297519683838
observed_test,v2_2018_477_48h,,28,PCC,C,2.6490245576087452,0.0,0.0,0.3060445785522461,1.170699954032898,34.72425106811524,0.2928297519683838
observed_test,v2_2018_477_48h,,29,PCC,A,2.619005949194176,0.0,0.0,0.2850128710269928,1.1710749864578247,34.72425106811524,0.2800494432449341
observed_test,v2_2018_477_48h,,29,PCC,B,2.619005949194176,0.0,0.0,0.2850128710269928,1.1710749864578247,34.72425106811524,0.2800494432449341
observed_test,v2_2018_477_48h,,29,PCC,C,2.619005949194176,0.0,0.0,0.2850128710269928,1.1710749864578247,34.72425106811524,0.2800494432449341
observed_test,v2_2018_477_48h,,30,PCC,A,2.8211221502045203,0.0,0.05626250058412551,0.4131304621696472,1.1777499914169312,53.24800137329102,0.2751381993293762
observed_test,v2_2018_477_48h,,30,PCC,B,2.8211221502045203,0.0,0.05626250058412551,0.4131304621696472,1.1777499914169312,53.24800137329102,0.2751381993293762
observed_test,v2_2018_477_48h,,30,PCC,C,2.8211221502045203,0.0,0.05626250058412551,0.4131304621696472,1.1777499914169312,53.24800137329102,0.2751381993293762
observed_test,v2_2018_477_48h,,31,PCC,A,3.1062908846782284,0.0,0.2860583364963531,0.5887197852134705,1.188849925994873,53.24800137329102,0.273440420627594
observed_test,v2_2018_477_48h,,31,PCC,B,3.1062908846782284,0.0,0.2860583364963531,0.5887197852134705,1.188849925994873,53.24800137329102,0.273440420627594
observed_test,v2_2018_477_48h,,31,PCC,C,3.1062908846782284,0.0,0.2860583364963531,0.5887197852134705,1.188849925994873,53.24800137329102,0.273440420627594
observed_test,v2_2018_477_48h,,32,PCC,A,2.881026947227791,0.0,0.5808708186332996,0.41616514325141907,1.2030999660491943,53.24800137329102,0.2749433219432831
observed_test,v2_2018_477_48h,,32,PCC,B,2.881026947227791,0.0,0.5808708186332996,0.41616514325141907,1.2030999660491943,53.24800137329102,0.2749433219432831
observed_test,v2_2018_477_48h,,32,PCC,C,2.881026947227791,0.0,0.5808708186332996,0.41616514325141907,1.2030999660491943,53.24800137329102,0.2749433219432831
observed_test,v2_2018_477_48h,,33,PCC,A,3.051322366189846,0.0,0.835704173033054,0.5137431621551514,1.2132999897003174,53.24800137329102,0.2761172354221344
observed_test,v2_2018_477_48h,,33,PCC,B,3.051322366189846,0.0,0.835704173033054,0.5137431621551514,1.2132999897003174,53.24800137329102,0.2761172354221344
observed_test,v2_2018_477_48h,,33,PCC,C,3.051322366189846,0.0,0.835704173033054,0.5137431621551514,1.2132999897003174,53.24800137329102,0.2761172354221344
observed_test,v2_2018_477_48h,,34,PCC,A,2.8381468165568458,0.0,1.0165458688369162,0.3643687963485718,1.219599962234497,53.24800137329102,0.280690461397171
observed_test,v2_2018_477_48h,,34,PCC,B,2.8381468165568458,0.0,1.0165458688369162,0.3643687963485718,1.219599962234497,53.24800137329102,0.280690461397171
observed_test,v2_2018_477_48h,,34,PCC,C,2.8381468165568458,0.0,1.0165458688369162,0.3643687963485718,1.219599962234497,53.24800137329102,0.280690461397171
observed_test,v2_2018_477_48h,,35,PCC,A,2.8427845375959655,0.0,1.1189333521402798,0.36136627197265625,1.2239500284194946,53.24800137329102,0.28519904613494873
observed_test,v2_2018_477_48h,,35,PCC,B,2.8427845375959655,0.0,1.1189333521402798,0.36136627197265625,1.2239500284194946,53.24800137329102,0.28519904613494873
observed_test,v2_2018_477_48h,,35,PCC,C,2.8427845375959655,0.0,1.1189333521402798,0.36136627197265625,1.2239500284194946,53.24800137329102,0.28519904613494873
observed_test,v2_2018_477_48h,,36,PCC,A,3.1208608134765377,0.0,1.088020778619326,0.5383059978485107,1.2271000146865845,53.24800137329102,0.2889251112937927
observed_test,v2_2018_477_48h,,36,PCC,B,3.1208608134765377,0.0,1.088020778619326,0.5383059978485107,1.2271000146865845,53.24800137329102,0.2889251112937927
observed_test,v2_2018_477_48h,,36,PCC,C,3.1208608134765377,0.0,1.088020778619326,0.5383059978485107,1.2271000146865845,53.24800137329102,0.2889251112937927
observed_test,v2_2018_477_48h,,37,PCC,A,3.2241793420596916,0.0,1.042191684246063,0.6031783223152161,1.2286750078201294,53.24800137329102,0.2811610698699951
observed_test,v2_2018_477_48h,,37,PCC,B,3.2241793420596916,0.0,1.042191684246063,0.6031783223152161,1.2286750078201294,53.24800137329102,0.2811610698699951
observed_test,v2_2018_477_48h,,37,PCC,C,3.2241793420596916,0.0,1.042191684246063,0.6031783223152161,1.2286750078201294,53.24800137329102,0.2811610698699951
observed_test,v2_2018_477_48h,,38,PCC,A,3.3199533014396962,0.0,1.0020332840772774,0.6654155254364014,1.2287499904632568,53.24800137329102,0.2821037173271179
observed_test,v2_2018_477_48h,,38,PCC,B,3.3199533014396962,0.0,1.0020332840772774,0.6654155254364014,1.2287499904632568,53.24800137329102,0.2821037173271179
observed_test,v2_2018_477_48h,,38,PCC,C,3.3199533014396962,0.0,1.0020332840772774,0.6654155254364014,1.2287499904632568,53.24800137329102,0.2821037173271179
observed_test,v2_2018_477_48h,,39,PCC,A,3.0943225665123903,0.0,0.8216750163298386,0.5210045576095581,1.2271000146865845,53.24800137329102,0.28912773728370667
observed_test,v2_2018_477_48h,,39,PCC,B,3.0943225665123903,0.0,0.8216750163298386,0.5210045576095581,1.2271000146865845,53.24800137329102,0.28912773728370667
observed_test,v2_2018_477_48h,,39,PCC,C,3.0943225665123903,0.0,0.8216750163298386,0.5210045576095581,1.2271000146865845,53.24800137329102,0.28912773728370667
observed_test,v2_2018_477_48h,,40,PCC,A,3.154465712815648,0.0,0.568649975153116,0.5631123185157776,1.2252249717712402,53.24800137329102,0.3023739159107208
observed_test,v2_2018_477_48h,,40,PCC,B,3.154465712815648,0.0,0.568649975153116,0.5631123185157776,1.2252249717712402,53.24800137329102,0.3023739159107208
observed_test,v2_2018_477_48h,,40,PCC,C,3.154465712815648,0.0,0.568649975153116,0.5631123185157776,1.2252249717712402,53.24800137329102,0.3023739159107208
observed_test,v2_2018_477_48h,,41,PCC,A,3.073345060031975,0.0,0.2993708333143821,0.5185338854789734,1.2196749448776245,53.24800137329102,0.3217485249042511
observed_test,v2_2018_477_48h,,41,PCC,B,3.073345060031975,0.0,0.2993708333143821,0.5185338854789734,1.2196749448776245,53.24800137329102,0.3217485249042511
observed_test,v2_2018_477_48h,,41,PCC,C,3.073345060031975,0.0,0.2993708333143821,0.5185338854789734,1.2196749448776245,53.24800137329102,0.3217485249042511
observed_test,v2_2018_477_48h,,42,PCC,A,3.0251203196416383,0.0,0.0637083314359188,0.501911997795105,1.2096999883651733,121.88174847412108,0.34076350927352905
observed_test,v2_2018_477_48h,,42,PCC,B,3.0251203196416383,0.0,0.0637083314359188,0.501911997795105,1.2096999883651733,121.88174847412108,0.34076350927352905
observed_test,v2_2018_477_48h,,42,PCC,C,3.0251203196416383,0.0,0.0637083314359188,0.501911997795105,1.2096999883651733,121.88174847412108,0.34076350927352905
observed_test,v2_2018_477_48h,,43,PCC,A,3.0966193225583916,0.0,0.0,0.5692486763000488,1.1969499588012695,121.88174847412108,0.3609183728694916
observed_test,v2_2018_477_48h,,43,PCC,B,3.0966193225583916,0.0,0.0,0.5692486763000488,1.1969499588012695,121.88174847412108,0.3609183728694916
observed_test,v2_2018_477_48h,,43,PCC,C,3.0966193225583916,0.0,0.0,0.5692486763000488,1.1969499588012695,121.88174847412108,0.3609183728694916
observed_test,v2_2018_477_48h,,44,PCC,A,2.917500070490586,0.0,0.0,0.458400696516037,1.1910250186920166,121.88174847412108,0.3623015284538269
observed_test,v2_2018_477_48h,,44,PCC,B,2.917500070490586,0.0,0.0,0.458400696516037,1.1910250186920166,121.88174847412108,0.3623015284538269
observed_test,v2_2018_477_48h,,44,PCC,C,2.917500070490586,0.0,0.0,0.458400696516037,1.1910250186920166,121.88174847412108,0.3623015284538269
observed_test,v2_2018_477_48h,,45,PCC,A,2.8177941837048714,0.0,0.0,0.39928483963012695,1.1856249570846558,53.24800137329102,0.3601513206958771
observed_test,v2_2018_477_48h,,45,PCC,B,2.8177941837048714,0.0,0.0,0.39928483963012695,1.1856249570846558,53.24800137329102,0.3601513206958771
observed_test,v2_2018_477_48h,,45,PCC,C,2.8177941837048714,0.0,0.0,0.39928483963012695,1.1856249570846558,53.24800137329102,0.3601513206958771
observed_test,v2_2018_477_48h,,46,PCC,A,2.7553672446442072,0.0,0.0,0.3637107312679291,1.1810499429702759,53.24800137329102,0.36570608615875244
observed_test,v2_2018_477_48h,,46,PCC,B,2.7553672446442072,0.0,0.0,0.3637107312679291,1.1810499429702759,53.24800137329102,0.36570608615875244
observed_test,v2_2018_477_48h,,46,PCC,C,2.7553672446442072,0.0,0.0,0.3637107312679291,1.1810499429702759,53.24800137329102,0.36570608615875244
observed_test,v2_2018_477_48h,,47,PCC,A,2.724963398896435,0.0,0.0,0.34759950637817383,1.177899956703186,53.24800137329102,0.3693509101867676
observed_test,v2_2018_477_48h,,47,PCC,B,2.724963398896435,0.0,0.0,0.34759950637817383,1.177899956703186,53.24800137329102,0.3693509101867676
observed_test,v2_2018_477_48h,,47,PCC,C,2.724963398896435,0.0,0.0,0.34759950637817383,1.177899956703186,53.24800137329102,0.3693509101867676
observed_test,v2_2018_413_48h,,0,PCC,A,2.589738233557025,0.0,0.0,0.29431068897247314,1.149999976158142,53.24800137329102,0.21771878004074097
observed_test,v2_2018_413_48h,,0,PCC,B,2.589738233557025,0.0,0.0,0.29431068897247314,1.149999976158142,53.24800137329102,0.21771878004074097
observed_test,v2_2018_413_48h,,0,PCC,C,2.589738233557025,0.0,0.0,0.29431068897247314,1.149999976158142,53.24800137329102,0.21771878004074097
observed_test,v2_2018_413_48h,,1,PCC,A,2.6237012928594003,0.0,0.0,0.3179371654987335,1.149999976158142,34.72425106811524,0.2178233563899994
observed_test,v2_2018_413_48h,,1,PCC,B,2.6237012928594003,0.0,0.0,0.3179371654987335,1.149999976158142,34.72425106811524,0.2178233563899994
observed_test,v2_2018_413_48h,,1,PCC,C,2.6237012928594003,0.0,0.0,0.3179371654987335,1.149999976158142,34.72425106811524,0.2178233563899994
observed_test,v2_2018_413_48h,,2,PCC,A,2.4875831211508435,0.0,0.0,0.2232462614774704,1.149999976158142,34.72425106811524,0.21782971918582916
observed_test,v2_2018_413_48h,,2,PCC,B,2.4875831211508435,0.0,0.0,0.2232462614774704,1.149999976158142,34.72425106811524,0.21782971918582916
observed_test,v2_2018_413_48h,,2,PCC,C,2.4875831211508435,0.0,0.0,0.2232462614774704,1.149999976158142,34.72425106811524,0.21782971918582916
observed_test,v2_2018_413_48h,,3,PCC,A,2.5452259178952694,0.0,0.0,0.2633455991744995,1.149999976158142,53.24800137329102,0.21496570110321045
observed_test,v2_2018_413_48h,,3,PCC,B,2.5452259178952694,0.0,0.0,0.2633455991744995,1.149999976158142,53.24800137329102,0.21496570110321045
observed_test,v2_2018_413_48h,,3,PCC,C,2.5452259178952694,0.0,0.0,0.2633455991744995,1.149999976158142,53.24800137329102,0.21496570110321045
observed_test,v2_2018_413_48h,,4,PCC,A,2.6066056994782514,0.0,0.0,0.3060445785522461,1.149999976158142,53.24800137329102,0.2117515504360199
observed_test,v2_2018_413_48h,,4,PCC,B,2.6066056994782514,0.0,0.0,0.3060445785522461,1.149999976158142,53.24800137329102,0.2117515504360199
observed_test,v2_2018_413_48h,,4,PCC,C,2.6066056994782514,0.0,0.0,0.3060445785522461,1.149999976158142,53.24800137329102,0.2117515504360199
observed_test,v2_2018_413_48h,,5,PCC,A,2.5763726205374935,0.0,0.0,0.2850128710269928,1.149999976158142,53.24800137329102,0.20906536281108856
observed_test,v2_2018_413_48h,,5,PCC,B,2.5763726205374935,0.0,0.0,0.2850128710269928,1.149999976158142,53.24800137329102,0.20906536281108856
observed_test,v2_2018_413_48h,,5,PCC,C,2.5763726205374935,0.0,0.0,0.2850128710269928,1.149999976158142,53.24800137329102,0.20906536281108856
observed_test,v2_2018_413_48h,,6,PCC,A,2.7605416539868575,0.0,0.00582083325403241,0.4131304621696472,1.149999976158142,121.88174847412108,0.20757518708705902
observed_test,v2_2018_413_48h,,6,PCC,B,2.7605416539868575,0.0,0.00582083325403241,0.4131304621696472,1.149999976158142,121.88174847412108,0.20757518708705902
observed_test,v2_2018_413_48h,,6,PCC,C,2.7605416539868575,0.0,0.00582083325403241,0.4131304621696472,1.149999976158142,121.88174847412108,0.20757518708705902
observed_test,v2_2018_413_48h,,7,PCC,A,3.0129513006293838,0.0,0.09079583419057037,0.5887197852134705,1.149999976158142,121.88174847412108,0.20708438754081726
observed_test,v2_2018_413_48h,,7,PCC,B,3.0129513006293838,0.0,0.09079583419057037,0.5887197852134705,1.149999976158142,121.88174847412108,0.20708438754081726
observed_test,v2_2018_413_48h,,7,PCC,C,3.0129513006293838,0.0,0.09079583419057037,0.5887197852134705,1.149999976158142,121.88174847412108,0.20708438754081726
observed_test,v2_2018_413_48h,,8,PCC,A,2.7649040079514635,0.0,0.23767499682994986,0.41616514325141907,1.149999976158142,121.88174847412108,0.20617340505123138
observed_test,v2_2018_413_48h,,8,PCC,B,2.7649040079514635,0.0,0.23767499682994986,0.41616514325141907,1.149999976158142,121.88174847412108,0.20617340505123138
observed_test,v2_2018_413_48h,,8,PCC,C,2.7649040079514635,0.0,0.23767499682994986,0.41616514325141907,1.149999976158142,121.88174847412108,0.20617340505123138
observed_test,v2_2018_413_48h,,9,PCC,A,2.9051724072175276,0.0,0.5785791919781611,0.5137431621551514,1.149999976158142,121.88174847412108,0.20462235808372498
observed_test,v2_2018_413_48h,,9,PCC,B,2.9051724072175276,0.0,0.5785791919781611,0.5137431621551514,1.149999976158142,121.88174847412108,0.20462235808372498
observed_test,v2_2018_413_48h,,9,PCC,C,2.9051724072175276,0.0,0.5785791919781611,0.5137431621551514,1.149999976158142,121.88174847412108,0.20462235808372498
observed_test,v2_2018_413_48h,,10,PCC,A,2.6904467608222724,0.0,0.978950009896205,0.3643687963485718,1.149999976158142,53.24800137329102,0.20639781653881073
observed_test,v2_2018_413_48h,,10,PCC,B,2.6904467608222724,0.0,0.978950009896205,0.3643687963485718,1.149999976158142,53.24800137329102,0.20639781653881073
observed_test,v2_2018_413_48h,,10,PCC,C,2.6904467608222724,0.0,0.978950009896205,0.3643687963485718,1.149999976158142,53.24800137329102,0.20639781653881073
observed_test,v2_2018_413_48h,,11,PCC,A,2.686130632121376,0.0,0.9042666508601261,0.36136627197265625,1.149999976158142,53.24800137329102,0.20330826938152313
observed_test,v2_2018_413_48h,,11,PCC,B,2.686130632121376,0.0,0.9042666508601261,0.36136627197265625,1.149999976158142,53.24800137329102,0.20330826938152313
observed_test,v2_2018_413_48h,,11,PCC,C,2.686130632121376,0.0,0.9042666508601261,0.36136627197265625,1.149999976158142,53.24800137329102,0.20330826938152313
observed_test,v2_2018_413_48h,,12,PCC,A,2.940481482794702,0.0,0.8166708052158356,0.5383059978485107,1.149999976158142,34.72425106811524,0.20102594792842865
observed_test,v2_2018_413_48h,,12,PCC,B,2.940481482794702,0.0,0.8166708052158356,0.5383059978485107,1.149999976158142,34.72425106811524,0.20102594792842865
observed_test,v2_2018_413_48h,,12,PCC,C,2.940481482794702,0.0,0.8166708052158356,0.5383059978485107,1.149999976158142,34.72425106811524,0.20102594792842865
observed_test,v2_2018_413_48h,,13,PCC,A,3.033735447282245,0.0,0.6619666631405169,0.6031783223152161,1.149999976158142,34.72425106811524,0.2000219225883484
observed_test,v2_2018_413_48h,,13,PCC,B,3.033735447282245,0.0,0.6619666631405169,0.6031783223152161,1.149999976158142,34.72425106811524,0.2000219225883484
observed_test,v2_2018_413_48h,,13,PCC,C,3.033735447282245,0.0,0.6619666631405169,0.6031783223152161,1.149999976158142,34.72425106811524,0.2000219225883484
observed_test,v2_2018_413_48h,,14,PCC,A,3.1232014249141358,0.0,0.5004416864651899,0.6654155254364014,1.149999976158142,34.72425106811524,0.19797030091285706
observed_test,v2_2018_413_48h,,14,PCC,B,3.1232014249141358,0.0,0.5004416864651899,0.6654155254364014,1.149999976158142,34.72425106811524,0.19797030091285706
observed_test,v2_2018_413_48h,,14,PCC,C,3.1232014249141358,0.0,0.5004416864651899,0.6654155254364014,1.149999976158142,34.72425106811524,0.19797030091285706
observed_test,v2_2018_413_48h,,15,PCC,A,2.915610662966831,0.0,0.43628333279719717,0.5210045576095581,1.149999976158142,34.72425106811524,0.20236140489578247
observed_test,v2_2018_413_48h,,15,PCC,B,2.915610662966831,0.0,0.43628333279719717,0.5210045576095581,1.149999976158142,34.72425106811524,0.20236140489578247
observed_test,v2_2018_413_48h,,15,PCC,C,2.915610662966831,0.0,0.43628333279719717,0.5210045576095581,1.149999976158142,34.72425106811524,0.20236140489578247
observed_test,v2_2018_413_48h,,16,PCC,A,2.9761405680146122,0.0,0.35247917358691877,0.5631123185157776,1.149999976158142,53.24800137329102,0.19844406843185425
observed_test,v2_2018_413_48h,,16,PCC,B,2.9761405680146122,0.0,0.35247917358691877,0.5631123185157776,1.149999976158142,53.24800137329102,0.19844406843185425
observed_test,v2_2018_413_48h,,16,PCC,C,2.9761405680146122,0.0,0.35247917358691877,0.5631123185157776,1.149999976158142,53.24800137329102,0.19844406843185425
observed_test,v2_2018_413_48h,,17,PCC,A,2.912059071852747,0.0,0.24273750873712388,0.5185338854789734,1.149999976158142,53.24800137329102,0.1992831975221634
observed_test,v2_2018_413_48h,,17,PCC,B,2.912059071852747,0.0,0.24273750873712388,0.5185338854789734,1.149999976158142,53.24800137329102,0.1992831975221634
observed_test,v2_2018_413_48h,,17,PCC,C,2.912059071852747,0.0,0.24273750873712388,0.5185338854789734,1.149999976158142,53.24800137329102,0.1992831975221634
observed_test,v2_2018_413_48h,,18,PCC,A,2.888165108802557,0.0,0.021674999823937047,0.501911997795105,1.149999976158142,53.24800137329102,0.20021723210811615
observed_test,v2_2018_413_48h,,18,PCC,B,2.888165108802557,0.0,0.021674999823937047,0.501911997795105,1.149999976158142,53.24800137329102,0.20021723210811615
observed_test,v2_2018_413_48h,,18,PCC,C,2.888165108802557,0.0,0.021674999823937047,0.501911997795105,1.149999976158142,53.24800137329102,0.20021723210811615
observed_test,v2_2018_413_48h,,19,PCC,A,2.9849615821466244,0.0,0.0,0.5692486763000488,1.149999976158142,53.24800137329102,0.20215867459774017
observed_test,v2_2018_413_48h,,19,PCC,B,2.9849615821466244,0.0,0.0,0.5692486763000488,1.149999976158142,53.24800137329102,0.20215867459774017
observed_test,v2_2018_413_48h,,19,PCC,C,2.9849615821466244,0.0,0.0,0.5692486763000488,1.149999976158142,53.24800137329102,0.20215867459774017
observed_test,v2_2018_413_48h,,20,PCC,A,2.825617614510635,0.0,0.0,0.458400696516037,1.149999976158142,53.24800137329102,0.1986563503742218
observed_test,v2_2018_413_48h,,20,PCC,B,2.825617614510635,0.0,0.0,0.458400696516037,1.149999976158142,53.24800137329102,0.1986563503742218
observed_test,v2_2018_413_48h,,20,PCC,C,2.825617614510635,0.0,0.0,0.458400696516037,1.149999976158142,53.24800137329102,0.1986563503742218
observed_test,v2_2018_413_48h,,21,PCC,A,2.740638571998929,0.0,0.0,0.39928483963012695,1.149999976158142,53.24800137329102,0.19589941203594208
observed_test,v2_2018_413_48h,,21,PCC,B,2.740638571998929,0.0,0.0,0.39928483963012695,1.149999976158142,53.24800137329102,0.19589941203594208
observed_test,v2_2018_413_48h,,21,PCC,C,2.740638571998929,0.0,0.0,0.39928483963012695,1.149999976158142,53.24800137329102,0.19589941203594208
observed_test,v2_2018_413_48h,,22,PCC,A,2.689500792288461,0.0,0.0,0.3637107312679291,1.149999976158142,53.24800137329102,0.19263511896133423
observed_test,v2_2018_413_48h,,22,PCC,B,2.689500792288461,0.0,0.0,0.3637107312679291,1.149999976158142,53.24800137329102,0.19263511896133423
observed_test,v2_2018_413_48h,,22,PCC,C,2.689500792288461,0.0,0.0,0.3637107312679291,1.149999976158142,53.24800137329102,0.19263511896133423
observed_test,v2_2018_413_48h,,23,PCC,A,2.666340906989589,0.0,0.0,0.34759950637817383,1.149999976158142,53.24800137329102,0.19058038294315338
observed_test,v2_2018_413_48h,,23,PCC,B,2.666340906989589,0.0,0.0,0.34759950637817383,1.149999976158142,53.24800137329102,0.19058038294315338
observed_test,v2_2018_413_48h,,23,PCC,C,2.666340906989589,0.0,0.0,0.34759950637817383,1.149999976158142,53.24800137329102,0.19058038294315338
observed_test,v2_2018_413_48h,,24,PCC,A,2.589738233557025,0.0,0.0,0.29431068897247314,1.149999976158142,53.24800137329102,0.1894691437482834
observed_test,v2_2018_413_48h,,24,PCC,B,2.589738233557025,0.0,0.0,0.29431068897247314,1.149999976158142,53.24800137329102,0.1894691437482834
observed_test,v2_2018_413_48h,,24,PCC,C,2.589738233557025,0.0,0.0,0.29431068897247314,1.149999976158142,53.24800137329102,0.1894691437482834
observed_test,v2_2018_413_48h,,25,PCC,A,2.6237012928594003,0.0,0.0,0.3179371654987335,1.149999976158142,34.72425106811524,0.1913834661245346
observed_test,v2_2018_413_48h,,25,PCC,B,2.6237012928594003,0.0,0.0,0.3179371654987335,1.149999976158142,34.72425106811524,0.1913834661245346
observed_test,v2_2018_413_48h,,25,PCC,C,2.6237012928594003,0.0,0.0,0.3179371654987335,1.149999976158142,34.72425106811524,0.1913834661245346
observed_test,v2_2018_413_48h,,26,PCC,A,2.4875831211508435,0.0,0.0,0.2232462614774704,1.149999976158142,34.72425106811524,0.1914353370666504
observed_test,v2_2018_413_48h,,26,PCC,B,2.4875831211508435,0.0,0.0,0.2232462614774704,1.149999976158142,34.72425106811524,0.1914353370666504
observed_test,v2_2018_413_48h,,26,PCC,C,2.4875831211508435,0.0,0.0,0.2232462614774704,1.149999976158142,34.72425106811524,0.1914353370666504
observed_test,v2_2018_413_48h,,27,PCC,A,2.5452259178952694,0.0,0.0,0.2633455991744995,1.149999976158142,53.24800137329102,0.20247642695903778
observed_test,v2_2018_413_48h,,27,PCC,B,2.5452259178952694,0.0,0.0,0.2633455991744995,1.149999976158142,53.24800137329102,0.20247642695903778
observed_test,v2_2018_413_48h,,27,PCC,C,2.5452259178952694,0.0,0.0,0.2633455991744995,1.149999976158142,53.24800137329102,0.20247642695903778
observed_test,v2_2018_413_48h,,28,PCC,A,2.6066056994782514,0.0,0.0,0.3060445785522461,1.149999976158142,53.24800137329102,0.2079867273569107
observed_test,v2_2018_413_48h,,28,PCC,B,2.6066056994782514,0.0,0.0,0.3060445785522461,1.149999976158142,53.24800137329102,0.2079867273569107
observed_test,v2_2018_413_48h,,28,PCC,C,2.6066056994782514,0.0,0.0,0.3060445785522461,1.149999976158142,53.24800137329102,0.2079867273569107
observed_test,v2_2018_413_48h,,29,PCC,A,2.5763726205374935,0.0,0.0,0.2850128710269928,1.149999976158142,53.24800137329102,0.20120255649089813
observed_test,v2_2018_413_48h,,29,PCC,B,2.5763726205374935,0.0,0.0,0.2850128710269928,1.149999976158142,53.24800137329102,0.20120255649089813
observed_test,v2_2018_413_48h,,29,PCC,C,2.5763726205374935,0.0,0.0,0.2850128710269928,1.149999976158142,53.24800137329102,0.20120255649089813
observed_test,v2_2018_413_48h,,30,PCC,A,2.7605416539868575,0.0,0.018841665811263595,0.4131304621696472,1.149999976158142,121.88174847412108,0.19737987220287323
observed_test,v2_2018_413_48h,,30,PCC,B,2.7605416539868575,0.0,0.018841665811263595,0.4131304621696472,1.149999976158142,121.88174847412108,0.19737987220287323
observed_test,v2_2018_413_48h,,30,PCC,C,2.7605416539868575,0.0,0.018841665811263595,0.4131304621696472,1.149999976158142,121.88174847412108,0.19737987220287323
observed_test,v2_2018_413_48h,,31,PCC,A,3.0129513006293838,0.0,0.14290833989014992,0.5887197852134705,1.149999976158142,121.88174847412108,0.1964385211467743
observed_test,v2_2018_413_48h,,31,PCC,B,3.0129513006293838,0.0,0.14290833989014992,0.5887197852134705,1.149999976158142,121.88174847412108,0.1964385211467743
observed_test,v2_2018_413_48h,,31,PCC,C,3.0129513006293838,0.0,0.14290833989014992,0.5887197852134705,1.149999976158142,121.88174847412108,0.1964385211467743
observed_test,v2_2018_413_48h,,32,PCC,A,2.7649040079514635,0.0,0.40775417135312003,0.41616514325141907,1.149999976158142,121.88174847412108,0.1956031620502472
observed_test,v2_2018_413_48h,,32,PCC,B,2.7649040079514635,0.0,0.40775417135312003,0.41616514325141907,1.149999976158142,121.88174847412108,0.1956031620502472
observed_test,v2_2018_413_48h,,32,PCC,C,2.7649040079514635,0.0,0.40775417135312003,0.41616514325141907,1.149999976158142,121.88174847412108,0.1956031620502472
observed_test,v2_2018_413_48h,,33,PCC,A,2.9051724072175276,0.0,0.8460624859883233,0.5137431621551514,1.149999976158142,121.88174847412108,0.19774229824543
observed_test,v2_2018_413_48h,,33,PCC,B,2.9051724072175276,0.0,0.8460624859883233,0.5137431621551514,1.149999976158142,121.88174847412108,0.19774229824543
observed_test,v2_2018_413_48h,,33,PCC,C,2.9051724072175276,0.0,0.8460624859883233,0.5137431621551514,1.149999976158142,121.88174847412108,0.19774229824543
observed_test,v2_2018_413_48h,,34,PCC,A,2.6904467608222724,0.0,1.1749207973480222,0.3643687963485718,1.149999976158142,53.24800137329102,0.20031452178955078
observed_test,v2_2018_413_48h,,34,PCC,B,2.6904467608222724,0.0,1.1749207973480222,0.3643687963485718,1.149999976158142,53.24800137329102,0.20031452178955078
observed_test,v2_2018_413_48h,,34,PCC,C,2.6904467608222724,0.0,1.1749207973480222,0.3643687963485718,1.149999976158142,53.24800137329102,0.20031452178955078
observed_test,v2_2018_413_48h,,35,PCC,A,2.686130632121376,0.0,1.301958354619833,0.36136627197265625,1.149999976158142,53.24800137329102,0.208522766828537
observed_test,v2_2018_413_48h,,35,PCC,B,2.686130632121376,0.0,1.301958354619833,0.36136627197265625,1.149999976158142,53.24800137329102,0.208522766828537
observed_test,v2_2018_413_48h,,35,PCC,C,2.686130632121376,0.0,1.301958354619833,0.36136627197265625,1.149999976158142,53.24800137329102,0.208522766828537
observed_test,v2_2018_413_48h,,36,PCC,A,2.940481482794702,0.0,1.334549945134383,0.5383059978485107,1.149999976158142,34.72425106811524,0.20712117850780487
observed_test,v2_2018_413_48h,,36,PCC,B,2.940481482794702,0.0,1.334549945134383,0.5383059978485107,1.149999976158142,34.72425106811524,0.20712117850780487
observed_test,v2_2018_413_48h,,36,PCC,C,2.940481482794702,0.0,1.334549945134383,0.5383059978485107,1.149999976158142,34.72425106811524,0.20712117850780487
observed_test,v2_2018_413_48h,,37,PCC,A,3.033735447282245,0.0,1.2813916573157675,0.6031783223152161,1.149999976158142,34.72425106811524,0.2024107575416565
observed_test,v2_2018_413_48h,,37,PCC,B,3.033735447282245,0.0,1.2813916573157675,0.6031783223152161,1.149999976158142,34.72425106811524,0.2024107575416565
observed_test,v2_2018_413_48h,,37,PCC,C,3.033735447282245,0.0,1.2813916573157675,0.6031783223152161,1.149999976158142,34.72425106811524,0.2024107575416565
observed_test,v2_2018_413_48h,,38,PCC,A,3.1232014249141358,0.0,1.1509291254557095,0.6654155254364014,1.149999976158142,34.72425106811524,0.2047840803861618
observed_test,v2_2018_413_48h,,38,PCC,B,3.1232014249141358,0.0,1.1509291254557095,0.6654155254364014,1.149999976158142,34.72425106811524,0.2047840803861618
observed_test,v2_2018_413_48h,,38,PCC,C,3.1232014249141358,0.0,1.1509291254557095,0.6654155254364014,1.149999976158142,34.72425106811524,0.2047840803861618
observed_test,v2_2018_413_48h,,39,PCC,A,2.915610662966831,0.0,0.9357624902175022,0.5210045576095581,1.149999976158142,34.72425106811524,0.21193580329418182
observed_test,v2_2018_413_48h,,39,PCC,B,2.915610662966831,0.0,0.9357624902175022,0.5210045576095581,1.149999976158142,34.72425106811524,0.21193580329418182
observed_test,v2_2018_413_48h,,39,PCC,C,2.915610662966831,0.0,0.9357624902175022,0.5210045576095581,1.149999976158142,34.72425106811524,0.21193580329418182
observed_test,v2_2018_413_48h,,40,PCC,A,2.9761405680146122,0.0,0.6390833510802342,0.5631123185157776,1.149999976158142,53.24800137329102,0.22226278483867645
observed_test,v2_2018_413_48h,,40,PCC,B,2.9761405680146122,0.0,0.6390833510802342,0.5631123185157776,1.149999976158142,53.24800137329102,0.22226278483867645
observed_test,v2_2018_413_48h,,40,PCC,C,2.9761405680146122,0.0,0.6390833510802342,0.5631123185157776,1.149999976158142,53.24800137329102,0.22226278483867645
observed_test,v2_2018_413_48h,,41,PCC,A,2.912059071852747,0.0,0.2951583323570398,0.5185338854789734,1.149999976158142,53.24800137329102,0.23387384414672852
observed_test,v2_2018_413_48h,,41,PCC,B,2.912059071852747,0.0,0.2951583323570398,0.5185338854789734,1.149999976158142,53.24800137329102,0.23387384414672852
observed_test,v2_2018_413_48h,,41,PCC,C,2.912059071852747,0.0,0.2951583323570398,0.5185338854789734,1.149999976158142,53.24800137329102,0.23387384414672852
observed_test,v2_2018_413_48h,,42,PCC,A,2.888165108802557,0.0,0.03732083222040763,0.501911997795105,1.149999976158142,53.24800137329102,0.24081456661224365
observed_test,v2_2018_413_48h,,42,PCC,B,2.888165108802557,0.0,0.03732083222040763,0.501911997795105,1.149999976158142,53.24800137329102,0.24081456661224365
observed_test,v2_2018_413_48h,,42,PCC,C,2.888165108802557,0.0,0.03732083222040763,0.501911997795105,1.149999976158142,53.24800137329102,0.24081456661224365
observed_test,v2_2018_413_48h,,43,PCC,A,2.9849615821466244,0.0,0.0,0.5692486763000488,1.149999976158142,53.24800137329102,0.24687857925891876
observed_test,v2_2018_413_48h,,43,PCC,B,2.9849615821466244,0.0,0.0,0.5692486763000488,1.149999976158142,53.24800137329102,0.24687857925891876
observed_test,v2_2018_413_48h,,43,PCC,C,2.9849615821466244,0.0,0.0,0.5692486763000488,1.149999976158142,53.24800137329102,0.24687857925891876
observed_test,v2_2018_413_48h,,44,PCC,A,2.825617614510635,0.0,0.0,0.458400696516037,1.149999976158142,53.24800137329102,0.25319209694862366
observed_test,v2_2018_413_48h,,44,PCC,B,2.825617614510635,0.0,0.0,0.458400696516037,1.149999976158142,53.24800137329102,0.25319209694862366
observed_test,v2_2018_413_48h,,44,PCC,C,2.825617614510635,0.0,0.0,0.458400696516037,1.149999976158142,53.24800137329102,0.25319209694862366
observed_test,v2_2018_413_48h,,45,PCC,A,2.740638571998929,0.0,0.0,0.39928483963012695,1.149999976158142,53.24800137329102,0.2537130117416382
observed_test,v2_2018_413_48h,,45,PCC,B,2.740638571998929,0.0,0.0,0.39928483963012695,1.149999976158142,53.24800137329102,0.2537130117416382
observed_test,v2_2018_413_48h,,45,PCC,C,2.740638571998929,0.0,0.0,0.39928483963012695,1.149999976158142,53.24800137329102,0.2537130117416382
observed_test,v2_2018_413_48h,,46,PCC,A,2.689500792288461,0.0,0.0,0.3637107312679291,1.149999976158142,53.24800137329102,0.24822109937667847
observed_test,v2_2018_413_48h,,46,PCC,B,2.689500792288461,0.0,0.0,0.3637107312679291,1.149999976158142,53.24800137329102,0.24822109937667847
observed_test,v2_2018_413_48h,,46,PCC,C,2.689500792288461,0.0,0.0,0.3637107312679291,1.149999976158142,53.24800137329102,0.24822109937667847
observed_test,v2_2018_413_48h,,47,PCC,A,2.666340906989589,0.0,0.0,0.34759950637817383,1.149999976158142,53.24800137329102,0.24219484627246857
observed_test,v2_2018_413_48h,,47,PCC,B,2.666340906989589,0.0,0.0,0.34759950637817383,1.149999976158142,53.24800137329102,0.24219484627246857
observed_test,v2_2018_413_48h,,47,PCC,C,2.666340906989589,0.0,0.0,0.34759950637817383,1.149999976158142,53.24800137329102,0.24219484627246857
observed_test,v2_2018_495_48h,,0,PCC,A,2.630175115631934,0.0,0.0,0.29431068897247314,1.1698750257492065,53.24800137329102,0.25296810269355774
observed_test,v2_2018_495_48h,,0,PCC,B,2.630175115631934,0.0,0.0,0.29431068897247314,1.1698750257492065,53.24800137329102,0.25296810269355774
observed_test,v2_2018_495_48h,,0,PCC,C,2.630175115631934,0.0,0.0,0.29431068897247314,1.1698750257492065,53.24800137329102,0.25296810269355774
observed_test,v2_2018_495_48h,,1,PCC,A,2.660390334454465,0.0,0.0,0.3179371654987335,1.1677749156951904,34.72425106811524,0.25566065311431885
observed_test,v2_2018_495_48h,,1,PCC,B,2.660390334454465,0.0,0.0,0.3179371654987335,1.1677749156951904,34.72425106811524,0.25566065311431885
observed_test,v2_2018_495_48h,,1,PCC,C,2.660390334454465,0.0,0.0,0.3179371654987335,1.1677749156951904,34.72425106811524,0.25566065311431885
observed_test,v2_2018_495_48h,,2,PCC,A,2.51852017140046,0.0,0.0,0.2232462614774704,1.1658999919891357,34.72425106811524,0.2623995244503021
observed_test,v2_2018_495_48h,,2,PCC,B,2.51852017140046,0.0,0.0,0.2232462614774704,1.1658999919891357,34.72425106811524,0.2623995244503021
observed_test,v2_2018_495_48h,,2,PCC,C,2.51852017140046,0.0,0.0,0.2232462614774704,1.1658999919891357,34.72425106811524,0.2623995244503021
observed_test,v2_2018_495_48h,,3,PCC,A,2.572918333358069,0.0,0.0,0.2633455991744995,1.1638749837875366,34.72425106811524,0.2584664523601532
observed_test,v2_2018_495_48h,,3,PCC,B,2.572918333358069,0.0,0.0,0.2633455991744995,1.1638749837875366,34.72425106811524,0.2584664523601532
observed_test,v2_2018_495_48h,,3,PCC,C,2.572918333358069,0.0,0.0,0.2633455991744995,1.1638749837875366,34.72425106811524,0.2584664523601532
observed_test,v2_2018_495_48h,,4,PCC,A,2.631503852356417,0.0,0.0,0.3060445785522461,1.1621500253677368,34.72425106811524,0.23289193212985992
observed_test,v2_2018_495_48h,,4,PCC,B,2.631503852356417,0.0,0.0,0.3060445785522461,1.1621500253677368,34.72425106811524,0.23289193212985992
observed_test,v2_2018_495_48h,,4,PCC,C,2.631503852356417,0.0,0.0,0.3060445785522461,1.1621500253677368,34.72425106811524,0.23289193212985992
observed_test,v2_2018_495_48h,,5,PCC,A,2.6003443725320494,0.0,0.0,0.2850128710269928,1.1618499755859375,34.72425106811524,0.21599575877189636
observed_test,v2_2018_495_48h,,5,PCC,B,2.6003443725320494,0.0,0.0,0.2850128710269928,1.1618499755859375,34.72425106811524,0.21599575877189636
observed_test,v2_2018_495_48h,,5,PCC,C,2.6003443725320494,0.0,0.0,0.2850128710269928,1.1618499755859375,34.72425106811524,0.21599575877189636
observed_test,v2_2018_495_48h,,6,PCC,A,2.7978722663998354,0.0,0.026495833522998367,0.4131304621696472,1.167099952697754,53.24800137329102,0.20850908756256104
observed_test,v2_2018_495_48h,,6,PCC,B,2.7978722663998354,0.0,0.026495833522998367,0.4131304621696472,1.167099952697754,53.24800137329102,0.20850908756256104
observed_test,v2_2018_495_48h,,6,PCC,C,2.7978722663998354,0.0,0.026495833522998367,0.4131304621696472,1.167099952697754,53.24800137329102,0.20850908756256104
observed_test,v2_2018_495_48h,,7,PCC,A,3.0839470327557295,0.0,0.2420166650643715,0.5887197852134705,1.1795499324798584,53.24800137329102,0.2057301104068756
observed_test,v2_2018_495_48h,,7,PCC,B,3.0839470327557295,0.0,0.2420166650643715,0.5887197852134705,1.1795499324798584,53.24800137329102,0.2057301104068756
observed_test,v2_2018_495_48h,,7,PCC,C,3.0839470327557295,0.0,0.2420166650643715,0.5887197852134705,1.1795499324798584,53.24800137329102,0.2057301104068756
observed_test,v2_2018_495_48h,,8,PCC,A,2.8605250640944306,0.0,0.5361750148809873,0.41616514325141907,1.1937249898910522,53.24800137329102,0.2048681378364563
observed_test,v2_2018_495_48h,,8,PCC,B,2.8605250640944306,0.0,0.5361750148809873,0.41616514325141907,1.1937249898910522,53.24800137329102,0.2048681378364563
observed_test,v2_2018_495_48h,,8,PCC,C,2.8605250640944306,0.0,0.5361750148809873,0.41616514325141907,1.1937249898910522,53.24800137329102,0.2048681378364563
observed_test,v2_2018_495_48h,,9,PCC,A,3.0352180416065053,0.0,0.8398249745368956,0.5137431621551514,1.2063249349594116,53.24800137329102,0.20575056970119476
observed_test,v2_2018_495_48h,,9,PCC,B,3.0352180416065053,0.0,0.8398249745368956,0.5137431621551514,1.2063249349594116,53.24800137329102,0.20575056970119476
observed_test,v2_2018_495_48h,,9,PCC,C,3.0352180416065053,0.0,0.8398249745368956,0.5137431621551514,1.2063249349594116,53.24800137329102,0.20575056970119476
observed_test,v2_2018_495_48h,,10,PCC,A,2.8228674917230165,0.0,1.0232625099328847,0.3643687963485718,1.212399959564209,53.24800137329102,0.20847263932228088
observed_test,v2_2018_495_48h,,10,PCC,B,2.8228674917230165,0.0,1.0232625099328847,0.3643687963485718,1.212399959564209,53.24800137329102,0.20847263932228088
observed_test,v2_2018_495_48h,,10,PCC,C,2.8228674917230165,0.0,1.0232625099328847,0.3643687963485718,1.212399959564209,53.24800137329102,0.20847263932228088
observed_test,v2_2018_495_48h,,11,PCC,A,2.82737314164198,0.0,1.1230708314822269,0.36136627197265625,1.2166749238967896,53.24800137329102,0.21990446746349335
observed_test,v2_2018_495_48h,,11,PCC,B,2.82737314164198,0.0,1.1230708314822269,0.36136627197265625,1.2166749238967896,53.24800137329102,0.21990446746349335
observed_test,v2_2018_495_48h,,11,PCC,C,2.82737314164198,0.0,1.1230708314822269,0.36136627197265625,1.2166749238967896,53.24800137329102,0.21990446746349335
observed_test,v2_2018_495_48h,,12,PCC,A,3.1017349629161024,0.0,1.1219958846385663,0.5383059978485107,1.2189249992370605,53.24800137329102,0.22282646596431732
observed_test,v2_2018_495_48h,,12,PCC,B,3.1017349629161024,0.0,1.1219958846385663,0.5383059978485107,1.2189249992370605,53.24800137329102,0.22282646596431732
observed_test,v2_2018_495_48h,,12,PCC,C,3.1017349629161024,0.0,1.1219958846385663,0.5383059978485107,1.2189249992370605,53.24800137329102,0.22282646596431732
observed_test,v2_2018_495_48h,,13,PCC,A,3.2036642638061426,0.0,1.0691333275574904,0.6031783223152161,1.2201999425888062,53.24800137329102,0.20398646593093872
observed_test,v2_2018_495_48h,,13,PCC,B,3.2036642638061426,0.0,1.0691333275574904,0.6031783223152161,1.2201999425888062,53.24800137329102,0.20398646593093872
observed_test,v2_2018_495_48h,,13,PCC,C,3.2036642638061426,0.0,1.0691333275574904,0.6031783223152161,1.2201999425888062,53.24800137329102,0.20398646593093872
observed_test,v2_2018_495_48h,,14,PCC,A,3.296530522818346,0.0,0.9170833115394298,0.6654155254364014,1.2193750143051147,53.24800137329102,0.18939992785453796
observed_test,v2_2018_495_48h,,14,PCC,B,3.296530522818346,0.0,0.9170833115394298,0.6654155254364014,1.2193750143051147,53.24800137329102,0.18939992785453796
observed_test,v2_2018_495_48h,,14,PCC,C,3.296530522818346,0.0,0.9170833115394298,0.6654155254364014,1.2193750143051147,53.24800137329102,0.18939992785453796
observed_test,v2_2018_495_48h,,15,PCC,A,3.072070411462422,0.0,0.7551416754722595,0.5210045576095581,1.2174999713897705,53.24800137329102,0.18040023744106293
observed_test,v2_2018_495_48h,,15,PCC,B,3.072070411462422,0.0,0.7551416754722595,0.5210045576095581,1.2174999713897705,53.24800137329102,0.18040023744106293
observed_test,v2_2018_495_48h,,15,PCC,C,3.072070411462422,0.0,0.7551416754722595,0.5210045576095581,1.2174999713897705,53.24800137329102,0.18040023744106293
observed_test,v2_2018_495_48h,,16,PCC,A,3.1261968623196723,0.0,0.4794083249110441,0.5631123185157776,1.2132999897003174,53.24800137329102,0.17574475705623627
observed_test,v2_2018_495_48h,,16,PCC,B,3.1261968623196723,0.0,0.4794083249110441,0.5631123185157776,1.2132999897003174,53.24800137329102,0.17574475705623627
observed_test,v2_2018_495_48h,,16,PCC,C,3.1261968623196723,0.0,0.4794083249110441,0.5631123185157776,1.2132999897003174,53.24800137329102,0.17574475705623627
observed_test,v2_2018_495_48h,,17,PCC,A,3.0334143077897977,0.0,0.16833333155283559,0.5185338854789734,1.2024250030517578,53.24800137329102,0.17540429532527924
observed_test,v2_2018_495_48h,,17,PCC,B,3.0334143077897977,0.0,0.16833333155283559,0.5185338854789734,1.2024250030517578,53.24800137329102,0.17540429532527924
observed_test,v2_2018_495_48h,,17,PCC,C,3.0334143077897977,0.0,0.16833333155283559,0.5185338854789734,1.2024250030517578,53.24800137329102,0.17540429532527924
observed_test,v2_2018_495_48h,,18,PCC,A,2.9812465209488757,0.0,0.0008708333413009173,0.501911997795105,1.1905750036239624,121.88174847412108,0.1752358376979828
observed_test,v2_2018_495_48h,,18,PCC,B,2.9812465209488757,0.0,0.0008708333413009173,0.501911997795105,1.1905750036239624,121.88174847412108,0.1752358376979828
observed_test,v2_2018_495_48h,,18,PCC,C,2.9812465209488757,0.0,0.0008708333413009173,0.501911997795105,1.1905750036239624,121.88174847412108,0.1752358376979828
observed_test,v2_2018_495_48h,,19,PCC,A,3.0645133101152453,0.0,0.0,0.5692486763000488,1.1834499835968018,121.88174847412108,0.1813947707414627
observed_test,v2_2018_495_48h,,19,PCC,B,3.0645133101152453,0.0,0.0,0.5692486763000488,1.1834499835968018,121.88174847412108,0.1813947707414627
observed_test,v2_2018_495_48h,,19,PCC,C,3.0645133101152453,0.0,0.0,0.5692486763000488,1.1834499835968018,121.88174847412108,0.1813947707414627
observed_test,v2_2018_495_48h,,20,PCC,A,2.893479588308457,0.0,0.0,0.458400696516037,1.180299997329712,121.88174847412108,0.18734949827194214
observed_test,v2_2018_495_48h,,20,PCC,B,2.893479588308457,0.0,0.0,0.458400696516037,1.180299997329712,121.88174847412108,0.18734949827194214
observed_test,v2_2018_495_48h,,20,PCC,C,2.893479588308457,0.0,0.0,0.458400696516037,1.180299997329712,121.88174847412108,0.18734949827194214
observed_test,v2_2018_495_48h,,21,PCC,A,2.8010635886460165,0.0,0.0,0.39928483963012695,1.177899956703186,53.24800137329102,0.19940844178199768
observed_test,v2_2018_495_48h,,21,PCC,B,2.8010635886460165,0.0,0.0,0.39928483963012695,1.177899956703186,53.24800137329102,0.19940844178199768
observed_test,v2_2018_495_48h,,21,PCC,C,2.8010635886460165,0.0,0.0,0.39928483963012695,1.177899956703186,53.24800137329102,0.19940844178199768
observed_test,v2_2018_495_48h,,22,PCC,A,2.7443895025849163,0.0,0.0,0.3637107312679291,1.175874948501587,53.24800137329102,0.2193792313337326
observed_test,v2_2018_495_48h,,22,PCC,B,2.7443895025849163,0.0,0.0,0.3637107312679291,1.175874948501587,53.24800137329102,0.2193792313337326
observed_test,v2_2018_495_48h,,22,PCC,C,2.7443895025849163,0.0,0.0,0.3637107312679291,1.175874948501587,53.24800137329102,0.2193792313337326
observed_test,v2_2018_495_48h,,23,PCC,A,2.716138539961449,0.0,0.0,0.34759950637817383,1.173699975013733,53.24800137329102,0.23097719252109528
observed_test,v2_2018_495_48h,,23,PCC,B,2.716138539961449,0.0,0.0,0.34759950637817383,1.173699975013733,53.24800137329102,0.23097719252109528
observed_test,v2_2018_495_48h,,23,PCC,C,2.716138539961449,0.0,0.0,0.34759950637817383,1.173699975013733,53.24800137329102,0.23097719252109528
observed_test,v2_2018_495_48h,,24,PCC,A,2.6339897510849837,0.0,0.0,0.29431068897247314,1.1717499494552612,53.24800137329102,0.23784883320331573
observed_test,v2_2018_495_48h,,24,PCC,B,2.6339897510849837,0.0,0.0,0.29431068897247314,1.1717499494552612,53.24800137329102,0.23784883320331573
observed_test,v2_2018_495_48h,,24,PCC,C,2.6339897510849837,0.0,0.0,0.29431068897247314,1.1717499494552612,53.24800137329102,0.23784883320331573
observed_test,v2_2018_495_48h,,25,PCC,A,2.6661183297819244,0.0,0.0,0.3179371654987335,1.170549988746643,34.72425106811524,0.2506254017353058
observed_test,v2_2018_495_48h,,25,PCC,B,2.6661183297819244,0.0,0.0,0.3179371654987335,1.170549988746643,34.72425106811524,0.2506254017353058
observed_test,v2_2018_495_48h,,25,PCC,C,2.6661183297819244,0.0,0.0,0.3179371654987335,1.170549988746643,34.72425106811524,0.2506254017353058
observed_test,v2_2018_495_48h,,26,PCC,A,2.5252329910442888,0.0,0.0,0.2232462614774704,1.169350028038025,34.72425106811524,0.265356183052063
observed_test,v2_2018_495_48h,,26,PCC,B,2.5252329910442888,0.0,0.0,0.2232462614774704,1.169350028038025,34.72425106811524,0.265356183052063
observed_test,v2_2018_495_48h,,26,PCC,C,2.5252329910442888,0.0,0.0,0.2232462614774704,1.169350028038025,34.72425106811524,0.265356183052063
observed_test,v2_2018_495_48h,,27,PCC,A,2.5814505152168863,0.0,0.0,0.2633455991744995,1.1681499481201172,34.72425106811524,0.27218887209892273
observed_test,v2_2018_495_48h,,27,PCC,B,2.5814505152168863,0.0,0.0,0.2633455991744995,1.1681499481201172,34.72425106811524,0.27218887209892273
observed_test,v2_2018_495_48h,,27,PCC,C,2.5814505152168863,0.0,0.0,0.2633455991744995,1.1681499481201172,34.72425106811524,0.27218887209892273
observed_test,v2_2018_495_48h,,28,PCC,A,2.6404178610937286,0.0,0.0,0.3060445785522461,1.1664999723434448,34.72425106811524,0.2499292492866516
observed_test,v2_2018_495_48h,,28,PCC,B,2.6404178610937286,0.0,0.0,0.3060445785522461,1.1664999723434448,34.72425106811524,0.2499292492866516
observed_test,v2_2018_495_48h,,28,PCC,C,2.6404178610937286,0.0,0.0,0.3060445785522461,1.1664999723434448,34.72425106811524,0.2499292492866516
observed_test,v2_2018_495_48h,,29,PCC,A,2.6076269331525777,0.0,0.0,0.2850128710269928,1.1654499769210815,34.72425106811524,0.23044362664222717
observed_test,v2_2018_495_48h,,29,PCC,B,2.6076269331525777,0.0,0.0,0.2850128710269928,1.1654499769210815,34.72425106811524,0.23044362664222717
observed_test,v2_2018_495_48h,,29,PCC,C,2.6076269331525777,0.0,0.0,0.2850128710269928,1.1654499769210815,34.72425106811524,0.23044362664222717
observed_test,v2_2018_495_48h,,30,PCC,A,2.805567663304933,0.0,0.021412499392261867,0.4131304621696472,1.1706249713897705,53.24800137329102,0.22190281748771667
observed_test,v2_2018_495_48h,,30,PCC,B,2.805567663304933,0.0,0.021412499392261867,0.4131304621696472,1.1706249713897705,53.24800137329102,0.22190281748771667
observed_test,v2_2018_495_48h,,30,PCC,C,2.805567663304933,0.0,0.021412499392261867,0.4131304621696472,1.1706249713897705,53.24800137329102,0.22190281748771667
observed_test,v2_2018_495_48h,,31,PCC,A,3.0879114955228126,0.0,0.18177499564794394,0.5887197852134705,1.1812000274658203,53.24800137329102,0.22085736691951752
observed_test,v2_2018_495_48h,,31,PCC,B,3.0879114955228126,0.0,0.18177499564794394,0.5887197852134705,1.1812000274658203,53.24800137329102,0.22085736691951752
observed_test,v2_2018_495_48h,,31,PCC,C,3.0879114955228126,0.0,0.18177499564794394,0.5887197852134705,1.1812000274658203,53.24800137329102,0.22085736691951752
observed_test,v2_2018_495_48h,,32,PCC,A,2.8531442506047155,0.0,0.47662498859258795,0.41616514325141907,1.1903499364852905,53.24800137329102,0.22085511684417725
observed_test,v2_2018_495_48h,,32,PCC,B,2.8531442506047155,0.0,0.47662498859258795,0.41616514325141907,1.1903499364852905,53.24800137329102,0.22085511684417725
observed_test,v2_2018_495_48h,,32,PCC,C,2.8531442506047155,0.0,0.47662498859258795,0.41616514325141907,1.1903499364852905,53.24800137329102,0.22085511684417725
observed_test,v2_2018_495_48h,,33,PCC,A,3.0166897149277383,0.0,0.8350999882588019,0.5137431621551514,1.1983000040054321,53.24800137329102,0.23164400458335876
observed_test,v2_2018_495_48h,,33,PCC,B,3.0166897149277383,0.0,0.8350999882588019,0.5137431621551514,1.1983000040054321,53.24800137329102,0.23164400458335876
observed_test,v2_2018_495_48h,,33,PCC,C,3.0166897149277383,0.0,0.8350999882588019,0.5137431621551514,1.1983000040054321,53.24800137329102,0.23164400458335876
observed_test,v2_2018_495_48h,,34,PCC,A,2.8064740547237483,0.0,1.0246791518651521,0.3643687963485718,1.2046749591827393,53.24800137329102,0.2592003047466278
observed_test,v2_2018_495_48h,,34,PCC,B,2.8064740547237483,0.0,1.0246791518651521,0.3643687963485718,1.2046749591827393,53.24800137329102,0.2592003047466278
observed_test,v2_2018_495_48h,,34,PCC,C,2.8064740547237483,0.0,1.0246791518651521,0.3643687963485718,1.2046749591827393,53.24800137329102,0.2592003047466278
observed_test,v2_2018_495_48h,,35,PCC,A,2.811485474258992,0.0,1.1314000074680035,0.36136627197265625,1.2091749906539917,53.24800137329102,0.27311205863952637
observed_test,v2_2018_495_48h,,35,PCC,B,2.811485474258992,0.0,1.1314000074680035,0.36136627197265625,1.2091749906539917,53.24800137329102,0.27311205863952637
observed_test,v2_2018_495_48h,,35,PCC,C,2.811485474258992,0.0,1.1314000074680035,0.36136627197265625,1.2091749906539917,53.24800137329102,0.27311205863952637
observed_test,v2_2018_495_48h,,36,PCC,A,3.0848902026881952,0.0,1.155570837167593,0.5383059978485107,1.2117249965667725,53.24800137329102,0.2986581027507782
observed_test,v2_2018_495_48h,,36,PCC,B,3.0848902026881952,0.0,1.155570837167593,0.5383059978485107,1.2117249965667725,53.24800137329102,0.2986581027507782
observed_test,v2_2018_495_48h,,36,PCC,C,3.0848902026881952,0.0,1.155570837167593,0.5383059978485107,1.2117249965667725,53.24800137329102,0.2986581027507782
observed_test,v2_2018_495_48h,,37,PCC,A,3.185328122676578,0.0,1.1078874652202313,0.6031783223152161,1.2126250267028809,53.24800137329102,0.26770296692848206
observed_test,v2_2018_495_48h,,37,PCC,B,3.185328122676578,0.0,1.1078874652202313,0.6031783223152161,1.2126250267028809,53.24800137329102,0.26770296692848206
observed_test,v2_2018_495_48h,,37,PCC,C,3.185328122676578,0.0,1.1078874652202313,0.6031783223152161,1.2126250267028809,53.24800137329102,0.26770296692848206
observed_test,v2_2018_495_48h,,38,PCC,A,3.2770427638573003,0.0,0.977458289036384,0.6654155254364014,1.2115750312805176,53.24800137329102,0.21209368109703064
observed_test,v2_2018_495_48h,,38,PCC,B,3.2770427638573003,0.0,0.977458289036384,0.6654155254364014,1.2115750312805176,53.24800137329102,0.21209368109703064
observed_test,v2_2018_495_48h,,38,PCC,C,3.2770427638573003,0.0,0.977458289036384,0.6654155254364014,1.2115750312805176,53.24800137329102,0.21209368109703064
observed_test,v2_2018_495_48h,,39,PCC,A,3.0529475563831596,0.0,0.7655375278913058,0.5210045576095581,1.2092499732971191,53.24800137329102,0.2053796797990799
observed_test,v2_2018_495_48h,,39,PCC,B,3.0529475563831596,0.0,0.7655375278913058,0.5210045576095581,1.2092499732971191,53.24800137329102,0.2053796797990799
observed_test,v2_2018_495_48h,,39,PCC,C,3.0529475563831596,0.0,0.7655375278913058,0.5210045576095581,1.2092499732971191,53.24800137329102,0.2053796797990799
observed_test,v2_2018_495_48h,,40,PCC,A,3.10486169952757,0.0,0.474541662977292,0.5631123185157776,1.2042999267578125,53.24800137329102,0.19705501198768616
observed_test,v2_2018_495_48h,,40,PCC,B,3.10486169952757,0.0,0.474541662977292,0.5631123185157776,1.2042999267578125,53.24800137329102,0.19705501198768616
observed_test,v2_2018_495_48h,,40,PCC,C,3.10486169952757,0.0,0.474541662977292,0.5631123185157776,1.2042999267578125,53.24800137329102,0.19705501198768616
observed_test,v2_2018_495_48h,,41,PCC,A,3.015879358822071,0.0,0.16185416338535455,0.5185338854789734,1.194849967956543,53.24800137329102,0.19714973866939545
observed_test,v2_2018_495_48h,,41,PCC,B,3.015879358822071,0.0,0.16185416338535455,0.5185338854789734,1.194849967956543,53.24800137329102,0.19714973866939545
observed_test,v2_2018_495_48h,,41,PCC,C,3.015879358822071,0.0,0.16185416338535455,0.5185338854789734,1.194849967956543,53.24800137329102,0.19714973866939545
observed_test,v2_2018_495_48h,,42,PCC,A,2.970751179332298,0.0,0.0,0.501911997795105,1.1859999895095825,121.88174847412108,0.19549787044525146
observed_test,v2_2018_495_48h,,42,PCC,B,2.970751179332298,0.0,0.0,0.501911997795105,1.1859999895095825,121.88174847412108,0.19549787044525146
observed_test,v2_2018_495_48h,,42,PCC,C,2.970751179332298,0.0,0.0,0.501911997795105,1.1859999895095825,121.88174847412108,0.19549787044525146
observed_test,v2_2018_495_48h,,43,PCC,A,3.0575569034667325,0.0,0.0,0.5692486763000488,1.1805249452590942,121.88174847412108,0.20548434555530548
observed_test,v2_2018_495_48h,,43,PCC,B,3.0575569034667325,0.0,0.0,0.5692486763000488,1.1805249452590942,121.88174847412108,0.20548434555530548
observed_test,v2_2018_495_48h,,43,PCC,C,3.0575569034667325,0.0,0.0,0.5692486763000488,1.1805249452590942,121.88174847412108,0.20548434555530548
observed_test,v2_2018_495_48h,,44,PCC,A,2.8872643472814503,0.0,0.0,0.458400696516037,1.1775249242782593,121.88174847412108,0.22544069588184357
observed_test,v2_2018_495_48h,,44,PCC,B,2.8872643472814503,0.0,0.0,0.458400696516037,1.1775249242782593,121.88174847412108,0.22544069588184357
observed_test,v2_2018_495_48h,,44,PCC,C,2.8872643472814503,0.0,0.0,0.458400696516037,1.1775249242782593,121.88174847412108,0.22544069588184357
observed_test,v2_2018_495_48h,,45,PCC,A,2.793754248244312,0.0,0.0,0.39928483963012695,1.1745250225067139,53.24800137329102,0.2574971914291382
observed_test,v2_2018_495_48h,,45,PCC,B,2.793754248244312,0.0,0.0,0.39928483963012695,1.1745250225067139,53.24800137329102,0.2574971914291382
observed_test,v2_2018_495_48h,,45,PCC,C,2.793754248244312,0.0,0.0,0.39928483963012695,1.1745250225067139,53.24800137329102,0.2574971914291382
observed_test,v2_2018_495_48h,,46,PCC,A,2.735798182211685,0.0,0.0,0.3637107312679291,1.1718249320983887,53.24800137329102,0.29241713881492615
observed_test,v2_2018_495_48h,,46,PCC,B,2.735798182211685,0.0,0.0,0.3637107312679291,1.1718249320983887,53.24800137329102,0.29241713881492615
observed_test,v2_2018_495_48h,,46,PCC,C,2.735798182211685,0.0,0.0,0.3637107312679291,1.1718249320983887,53.24800137329102,0.29241713881492615
observed_test,v2_2018_495_48h,,47,PCC,A,2.706053022675538,0.0,0.0,0.34759950637817383,1.1689000129699707,53.24800137329102,0.31094416975975037
observed_test,v2_2018_495_48h,,47,PCC,B,2.706053022675538,0.0,0.0,0.34759950637817383,1.1689000129699707,53.24800137329102,0.31094416975975037
observed_test,v2_2018_495_48h,,47,PCC,C,2.706053022675538,0.0,0.0,0.34759950637817383,1.1689000129699707,53.24800137329102,0.31094416975975037
observed_test,v2_2018_420_48h,,0,PCC,A,2.589738233557025,0.0,0.0,0.29431068897247314,1.149999976158142,53.24800137329102,0.22826462984085083
observed_test,v2_2018_420_48h,,0,PCC,B,2.589738233557025,0.0,0.0,0.29431068897247314,1.149999976158142,53.24800137329102,0.22826462984085083
observed_test,v2_2018_420_48h,,0,PCC,C,2.589738233557025,0.0,0.0,0.29431068897247314,1.149999976158142,53.24800137329102,0.22826462984085083
observed_test,v2_2018_420_48h,,1,PCC,A,2.6237012928594003,0.0,0.0,0.3179371654987335,1.149999976158142,34.72425106811524,0.2300264835357666
observed_test,v2_2018_420_48h,,1,PCC,B,2.6237012928594003,0.0,0.0,0.3179371654987335,1.149999976158142,34.72425106811524,0.2300264835357666
observed_test,v2_2018_420_48h,,1,PCC,C,2.6237012928594003,0.0,0.0,0.3179371654987335,1.149999976158142,34.72425106811524,0.2300264835357666
observed_test,v2_2018_420_48h,,2,PCC,A,2.4875831211508435,0.0,0.0,0.2232462614774704,1.149999976158142,34.72425106811524,0.23199740052223206
observed_test,v2_2018_420_48h,,2,PCC,B,2.4875831211508435,0.0,0.0,0.2232462614774704,1.149999976158142,34.72425106811524,0.23199740052223206
observed_test,v2_2018_420_48h,,2,PCC,C,2.4875831211508435,0.0,0.0,0.2232462614774704,1.149999976158142,34.72425106811524,0.23199740052223206
observed_test,v2_2018_420_48h,,3,PCC,A,2.5452259178952694,0.0,0.0,0.2633455991744995,1.149999976158142,53.24800137329102,0.2450748085975647
observed_test,v2_2018_420_48h,,3,PCC,B,2.5452259178952694,0.0,0.0,0.2633455991744995,1.149999976158142,53.24800137329102,0.2450748085975647
observed_test,v2_2018_420_48h,,3,PCC,C,2.5452259178952694,0.0,0.0,0.2633455991744995,1.149999976158142,53.24800137329102,0.2450748085975647
observed_test,v2_2018_420_48h,,4,PCC,A,2.6066056994782514,0.0,0.0,0.3060445785522461,1.149999976158142,53.24800137329102,0.24348342418670654
observed_test,v2_2018_420_48h,,4,PCC,B,2.6066056994782514,0.0,0.0,0.3060445785522461,1.149999976158142,53.24800137329102,0.24348342418670654
observed_test,v2_2018_420_48h,,4,PCC,C,2.6066056994782514,0.0,0.0,0.3060445785522461,1.149999976158142,53.24800137329102,0.24348342418670654
observed_test,v2_2018_420_48h,,5,PCC,A,2.5763726205374935,0.0,0.0,0.2850128710269928,1.149999976158142,53.24800137329102,0.23106816411018372
observed_test,v2_2018_420_48h,,5,PCC,B,2.5763726205374935,0.0,0.0,0.2850128710269928,1.149999976158142,53.24800137329102,0.23106816411018372
observed_test,v2_2018_420_48h,,5,PCC,C,2.5763726205374935,0.0,0.0,0.2850128710269928,1.149999976158142,53.24800137329102,0.23106816411018372
observed_test,v2_2018_420_48h,,6,PCC,A,2.7605416539868575,0.0,0.02077500013491282,0.4131304621696472,1.149999976158142,121.88174847412108,0.22681276500225067
observed_test,v2_2018_420_48h,,6,PCC,B,2.7605416539868575,0.0,0.02077500013491282,0.4131304621696472,1.149999976158142,121.88174847412108,0.22681276500225067
observed_test,v2_2018_420_48h,,6,PCC,C,2.7605416539868575,0.0,0.02077500013491282,0.4131304621696472,1.149999976158142,121.88174847412108,0.22681276500225067
observed_test,v2_2018_420_48h,,7,PCC,A,3.0129513006293838,0.0,0.06852083337994722,0.5887197852134705,1.149999976158142,121.88174847412108,0.23101766407489777
observed_test,v2_2018_420_48h,,7,PCC,B,3.0129513006293838,0.0,0.06852083337994722,0.5887197852134705,1.149999976158142,121.88174847412108,0.23101766407489777
observed_test,v2_2018_420_48h,,7,PCC,C,3.0129513006293838,0.0,0.06852083337994722,0.5887197852134705,1.149999976158142,121.88174847412108,0.23101766407489777
observed_test,v2_2018_420_48h,,8,PCC,A,2.7649040079514635,0.0,0.13574583885761407,0.41616514325141907,1.149999976158142,121.88174847412108,0.23152799904346466
observed_test,v2_2018_420_48h,,8,PCC,B,2.7649040079514635,0.0,0.13574583885761407,0.41616514325141907,1.149999976158142,121.88174847412108,0.23152799904346466
observed_test,v2_2018_420_48h,,8,PCC,C,2.7649040079514635,0.0,0.13574583885761407,0.41616514325141907,1.149999976158142,121.88174847412108,0.23152799904346466
observed_test,v2_2018_420_48h,,9,PCC,A,2.9051724072175276,0.0,0.16797917106976876,0.5137431621551514,1.149999976158142,121.88174847412108,0.23072364926338196
observed_test,v2_2018_420_48h,,9,PCC,B,2.9051724072175276,0.0,0.16797917106976876,0.5137431621551514,1.149999976158142,121.88174847412108,0.23072364926338196
observed_test,v2_2018_420_48h,,9,PCC,C,2.9051724072175276,0.0,0.16797917106976876,0.5137431621551514,1.149999976158142,121.88174847412108,0.23072364926338196
observed_test,v2_2018_420_48h,,10,PCC,A,2.6904467608222724,0.0,0.33815832665333373,0.3643687963485718,1.149999976158142,53.24800137329102,0.23165099322795868
observed_test,v2_2018_420_48h,,10,PCC,B,2.6904467608222724,0.0,0.33815832665333373,0.3643687963485718,1.149999976158142,53.24800137329102,0.23165099322795868
observed_test,v2_2018_420_48h,,10,PCC,C,2.6904467608222724,0.0,0.33815832665333373,0.3643687963485718,1.149999976158142,53.24800137329102,0.23165099322795868
observed_test,v2_2018_420_48h,,11,PCC,A,2.686130632121376,0.0,0.10508750207149065,0.36136627197265625,1.149999976158142,53.24800137329102,0.23457318544387817
observed_test,v2_2018_420_48h,,11,PCC,B,2.686130632121376,0.0,0.10508750207149065,0.36136627197265625,1.149999976158142,53.24800137329102,0.23457318544387817
observed_test,v2_2018_420_48h,,11,PCC,C,2.686130632121376,0.0,0.10508750207149065,0.36136627197265625,1.149999976158142,53.24800137329102,0.23457318544387817
observed_test,v2_2018_420_48h,,12,PCC,A,2.940481482794702,0.0,0.2691791607783391,0.5383059978485107,1.149999976158142,34.72425106811524,0.23091533780097961
observed_test,v2_2018_420_48h,,12,PCC,B,2.940481482794702,0.0,0.2691791607783391,0.5383059978485107,1.149999976158142,34.72425106811524,0.23091533780097961
observed_test,v2_2018_420_48h,,12,PCC,C,2.940481482794702,0.0,0.2691791607783391,0.5383059978485107,1.149999976158142,34.72425106811524,0.23091533780097961
observed_test,v2_2018_420_48h,,13,PCC,A,3.033735447282245,0.0,0.22187916418680775,0.6031783223152161,1.149999976158142,34.72425106811524,0.21288548409938812
observed_test,v2_2018_420_48h,,13,PCC,B,3.033735447282245,0.0,0.22187916418680775,0.6031783223152161,1.149999976158142,34.72425106811524,0.21288548409938812
observed_test,v2_2018_420_48h,,13,PCC,C,3.033735447282245,0.0,0.22187916418680775,0.6031783223152161,1.149999976158142,34.72425106811524,0.21288548409938812
observed_test,v2_2018_420_48h,,14,PCC,A,3.1232014249141358,0.0,0.20460416204654253,0.6654155254364014,1.149999976158142,34.72425106811524,0.20542694628238678
observed_test,v2_2018_420_48h,,14,PCC,B,3.1232014249141358,0.0,0.20460416204654253,0.6654155254364014,1.149999976158142,34.72425106811524,0.20542694628238678
observed_test,v2_2018_420_48h,,14,PCC,C,3.1232014249141358,0.0,0.20460416204654253,0.6654155254364014,1.149999976158142,34.72425106811524,0.20542694628238678
observed_test,v2_2018_420_48h,,15,PCC,A,2.915610662966831,0.0,0.2502041653944896,0.5210045576095581,1.149999976158142,34.72425106811524,0.19815398752689362
observed_test,v2_2018_420_48h,,15,PCC,B,2.915610662966831,0.0,0.2502041653944896,0.5210045576095581,1.149999976158142,34.72425106811524,0.19815398752689362
observed_test,v2_2018_420_48h,,15,PCC,C,2.915610662966831,0.0,0.2502041653944896,0.5210045576095581,1.149999976158142,34.72425106811524,0.19815398752689362
observed_test,v2_2018_420_48h,,16,PCC,A,2.9761405680146122,0.0,0.03888749947341589,0.5631123185157776,1.149999976158142,53.24800137329102,0.2050570547580719
observed_test,v2_2018_420_48h,,16,PCC,B,2.9761405680146122,0.0,0.03888749947341589,0.5631123185157776,1.149999976158142,53.24800137329102,0.2050570547580719
observed_test,v2_2018_420_48h,,16,PCC,C,2.9761405680146122,0.0,0.03888749947341589,0.5631123185157776,1.149999976158142,53.24800137329102,0.2050570547580719
observed_test,v2_2018_420_48h,,17,PCC,A,2.912059071852747,0.0,0.06270416510792878,0.5185338854789734,1.149999976158142,53.24800137329102,0.2133883535861969
observed_test,v2_2018_420_48h,,17,PCC,B,2.912059071852747,0.0,0.06270416510792878,0.5185338854789734,1.149999976158142,53.24800137329102,0.2133883535861969
observed_test,v2_2018_420_48h,,17,PCC,C,2.912059071852747,0.0,0.06270416510792878,0.5185338854789734,1.149999976158142,53.24800137329102,0.2133883535861969
observed_test,v2_2018_420_48h,,18,PCC,A,2.888165108802557,0.0,0.02548333364897049,0.501911997795105,1.149999976158142,53.24800137329102,0.21700935065746307
observed_test,v2_2018_420_48h,,18,PCC,B,2.888165108802557,0.0,0.02548333364897049,0.501911997795105,1.149999976158142,53.24800137329102,0.21700935065746307
observed_test,v2_2018_420_48h,,18,PCC,C,2.888165108802557,0.0,0.02548333364897049,0.501911997795105,1.149999976158142,53.24800137329102,0.21700935065746307
observed_test,v2_2018_420_48h,,19,PCC,A,2.9849615821466244,0.0,0.0,0.5692486763000488,1.149999976158142,53.24800137329102,0.2190818190574646
observed_test,v2_2018_420_48h,,19,PCC,B,2.9849615821466244,0.0,0.0,0.5692486763000488,1.149999976158142,53.24800137329102,0.2190818190574646
observed_test,v2_2018_420_48h,,19,PCC,C,2.9849615821466244,0.0,0.0,0.5692486763000488,1.149999976158142,53.24800137329102,0.2190818190574646
observed_test,v2_2018_420_48h,,20,PCC,A,2.825617614510635,0.0,0.0,0.458400696516037,1.149999976158142,53.24800137329102,0.22499531507492065
observed_test,v2_2018_420_48h,,20,PCC,B,2.825617614510635,0.0,0.0,0.458400696516037,1.149999976158142,53.24800137329102,0.22499531507492065
observed_test,v2_2018_420_48h,,20,PCC,C,2.825617614510635,0.0,0.0,0.458400696516037,1.149999976158142,53.24800137329102,0.22499531507492065
observed_test,v2_2018_420_48h,,21,PCC,A,2.740638571998929,0.0,0.0,0.39928483963012695,1.149999976158142,53.24800137329102,0.2404138743877411
observed_test,v2_2018_420_48h,,21,PCC,B,2.740638571998929,0.0,0.0,0.39928483963012695,1.149999976158142,53.24800137329102,0.2404138743877411
observed_test,v2_2018_420_48h,,21,PCC,C,2.740638571998929,0.0,0.0,0.39928483963012695,1.149999976158142,53.24800137329102,0.2404138743877411
observed_test,v2_2018_420_48h,,22,PCC,A,2.689500792288461,0.0,0.0,0.3637107312679291,1.149999976158142,53.24800137329102,0.26650428771972656
observed_test,v2_2018_420_48h,,22,PCC,B,2.689500792288461,0.0,0.0,0.3637107312679291,1.149999976158142,53.24800137329102,0.26650428771972656
observed_test,v2_2018_420_48h,,22,PCC,C,2.689500792288461,0.0,0.0,0.3637107312679291,1.149999976158142,53.24800137329102,0.26650428771972656
observed_test,v2_2018_420_48h,,23,PCC,A,2.666340906989589,0.0,0.0,0.34759950637817383,1.149999976158142,53.24800137329102,0.27035894989967346
observed_test,v2_2018_420_48h,,23,PCC,B,2.666340906989589,0.0,0.0,0.34759950637817383,1.149999976158142,53.24800137329102,0.27035894989967346
observed_test,v2_2018_420_48h,,23,PCC,C,2.666340906989589,0.0,0.0,0.34759950637817383,1.149999976158142,53.24800137329102,0.27035894989967346
observed_test,v2_2018_420_48h,,24,PCC,A,2.589738233557025,0.0,0.0,0.29431068897247314,1.149999976158142,53.24800137329102,0.27021366357803345
observed_test,v2_2018_420_48h,,24,PCC,B,2.589738233557025,0.0,0.0,0.29431068897247314,1.149999976158142,53.24800137329102,0.27021366357803345
observed_test,v2_2018_420_48h,,24,PCC,C,2.589738233557025,0.0,0.0,0.29431068897247314,1.149999976158142,53.24800137329102,0.27021366357803345
observed_test,v2_2018_420_48h,,25,PCC,A,2.6237012928594003,0.0,0.0,0.3179371654987335,1.149999976158142,34.72425106811524,0.2689494490623474
observed_test,v2_2018_420_48h,,25,PCC,B,2.6237012928594003,0.0,0.0,0.3179371654987335,1.149999976158142,34.72425106811524,0.2689494490623474
observed_test,v2_2018_420_48h,,25,PCC,C,2.6237012928594003,0.0,0.0,0.3179371654987335,1.149999976158142,34.72425106811524,0.2689494490623474
observed_test,v2_2018_420_48h,,26,PCC,A,2.4875831211508435,0.0,0.0,0.2232462614774704,1.149999976158142,34.72425106811524,0.28191912174224854
observed_test,v2_2018_420_48h,,26,PCC,B,2.4875831211508435,0.0,0.0,0.2232462614774704,1.149999976158142,34.72425106811524,0.28191912174224854
observed_test,v2_2018_420_48h,,26,PCC,C,2.4875831211508435,0.0,0.0,0.2232462614774704,1.149999976158142,34.72425106811524,0.28191912174224854
observed_test,v2_2018_420_48h,,27,PCC,A,2.5452259178952694,0.0,0.0,0.2633455991744995,1.149999976158142,53.24800137329102,0.28874415159225464
observed_test,v2_2018_420_48h,,27,PCC,B,2.5452259178952694,0.0,0.0,0.2633455991744995,1.149999976158142,53.24800137329102,0.28874415159225464
observed_test,v2_2018_420_48h,,27,PCC,C,2.5452259178952694,0.0,0.0,0.2633455991744995,1.149999976158142,53.24800137329102,0.28874415159225464
observed_test,v2_2018_420_48h,,28,PCC,A,2.6066056994782514,0.0,0.0,0.3060445785522461,1.149999976158142,53.24800137329102,0.2743911147117615
observed_test,v2_2018_420_48h,,28,PCC,B,2.6066056994782514,0.0,0.0,0.3060445785522461,1.149999976158142,53.24800137329102,0.2743911147117615
observed_test,v2_2018_420_48h,,28,PCC,C,2.6066056994782514,0.0,0.0,0.3060445785522461,1.149999976158142,53.24800137329102,0.2743911147117615
observed_test,v2_2018_420_48h,,29,PCC,A,2.5763726205374935,0.0,0.0,0.2850128710269928,1.149999976158142,53.24800137329102,0.2756700813770294
observed_test,v2_2018_420_48h,,29,PCC,B,2.5763726205374935,0.0,0.0,0.2850128710269928,1.149999976158142,53.24800137329102,0.2756700813770294
observed_test,v2_2018_420_48h,,29,PCC,C,2.5763726205374935,0.0,0.0,0.2850128710269928,1.149999976158142,53.24800137329102,0.2756700813770294
observed_test,v2_2018_420_48h,,30,PCC,A,2.7605416539868575,0.0,0.007033333307705246,0.4131304621696472,1.149999976158142,121.88174847412108,0.2627776861190796
observed_test,v2_2018_420_48h,,30,PCC,B,2.7605416539868575,0.0,0.007033333307705246,0.4131304621696472,1.149999976158142,121.88174847412108,0.2627776861190796
observed_test,v2_2018_420_48h,,30,PCC,C,2.7605416539868575,0.0,0.007033333307705246,0.4131304621696472,1.149999976158142,121.88174847412108,0.2627776861190796
observed_test,v2_2018_420_48h,,31,PCC,A,3.0129513006293838,0.0,0.044374998945456275,0.5887197852134705,1.149999976158142,121.88174847412108,0.24996161460876465
observed_test,v2_2018_420_48h,,31,PCC,B,3.0129513006293838,0.0,0.044374998945456275,0.5887197852134705,1.149999976158142,121.88174847412108,0.24996161460876465
observed_test,v2_2018_420_48h,,31,PCC,C,3.0129513006293838,0.0,0.044374998945456275,0.5887197852134705,1.149999976158142,121.88174847412108,0.24996161460876465
observed_test,v2_2018_420_48h,,32,PCC,A,2.7649040079514635,0.0,0.07812083483888552,0.41616514325141907,1.149999976158142,121.88174847412108,0.24707892537117004
observed_test,v2_2018_420_48h,,32,PCC,B,2.7649040079514635,0.0,0.07812083483888552,0.41616514325141907,1.149999976158142,121.88174847412108,0.24707892537117004
observed_test,v2_2018_420_48h,,32,PCC,C,2.7649040079514635,0.0,0.07812083483888552,0.41616514325141907,1.149999976158142,121.88174847412108,0.24707892537117004
observed_test,v2_2018_420_48h,,33,PCC,A,2.9051724072175276,0.0,0.1453249930189206,0.5137431621551514,1.149999976158142,121.88174847412108,0.2489013671875
observed_test,v2_2018_420_48h,,33,PCC,B,2.9051724072175276,0.0,0.1453249930189206,0.5137431621551514,1.149999976158142,121.88174847412108,0.2489013671875
observed_test,v2_2018_420_48h,,33,PCC,C,2.9051724072175276,0.0,0.1453249930189206,0.5137431621551514,1.149999976158142,121.88174847412108,0.2489013671875
observed_test,v2_2018_420_48h,,34,PCC,A,2.6904467608222724,0.0,0.14801250340846867,0.3643687963485718,1.149999976158142,53.24800137329102,0.25076907873153687
observed_test,v2_2018_420_48h,,34,PCC,B,2.6904467608222724,0.0,0.14801250340846867,0.3643687963485718,1.149999976158142,53.24800137329102,0.25076907873153687
observed_test,v2_2018_420_48h,,34,PCC,C,2.6904467608222724,0.0,0.14801250340846867,0.3643687963485718,1.149999976158142,53.24800137329102,0.25076907873153687
observed_test,v2_2018_420_48h,,35,PCC,A,2.686130632121376,0.0,0.1259541712128199,0.36136627197265625,1.149999976158142,53.24800137329102,0.25952115654945374
observed_test,v2_2018_420_48h,,35,PCC,B,2.686130632121376,0.0,0.1259541712128199,0.36136627197265625,1.149999976158142,53.24800137329102,0.25952115654945374
observed_test,v2_2018_420_48h,,35,PCC,C,2.686130632121376,0.0,0.1259541712128199,0.36136627197265625,1.149999976158142,53.24800137329102,0.25952115654945374
observed_test,v2_2018_420_48h,,36,PCC,A,2.940481482794702,0.0,0.10593749869328278,0.5383059978485107,1.149999976158142,34.72425106811524,0.27041664719581604
observed_test,v2_2018_420_48h,,36,PCC,B,2.940481482794702,0.0,0.10593749869328278,0.5383059978485107,1.149999976158142,34.72425106811524,0.27041664719581604
observed_test,v2_2018_420_48h,,36,PCC,C,2.940481482794702,0.0,0.10593749869328278,0.5383059978485107,1.149999976158142,34.72425106811524,0.27041664719581604
observed_test,v2_2018_420_48h,,37,PCC,A,3.033735447282245,0.0,0.11478749891886343,0.6031783223152161,1.149999976158142,34.72425106811524,0.2573597729206085
observed_test,v2_2018_420_48h,,37,PCC,B,3.033735447282245,0.0,0.11478749891886343,0.6031783223152161,1.149999976158142,34.72425106811524,0.2573597729206085
observed_test,v2_2018_420_48h,,37,PCC,C,3.033735447282245,0.0,0.11478749891886343,0.6031783223152161,1.149999976158142,34.72425106811524,0.2573597729206085
observed_test,v2_2018_420_48h,,38,PCC,A,3.1232014249141358,0.0,0.13570417291842973,0.6654155254364014,1.149999976158142,34.72425106811524,0.2475329339504242
observed_test,v2_2018_420_48h,,38,PCC,B,3.1232014249141358,0.0,0.13570417291842973,0.6654155254364014,1.149999976158142,34.72425106811524,0.2475329339504242
observed_test,v2_2018_420_48h,,38,PCC,C,3.1232014249141358,0.0,0.13570417291842973,0.6654155254364014,1.149999976158142,34.72425106811524,0.2475329339504242
observed_test,v2_2018_420_48h,,39,PCC,A,2.915610662966831,0.0,0.09556667019541447,0.5210045576095581,1.149999976158142,34.72425106811524,0.24321039021015167
observed_test,v2_2018_420_48h,,39,PCC,B,2.915610662966831,0.0,0.09556667019541447,0.5210045576095581,1.149999976158142,34.72425106811524,0.24321039021015167
observed_test,v2_2018_420_48h,,39,PCC,C,2.915610662966831,0.0,0.09556667019541447,0.5210045576095581,1.149999976158142,34.72425106811524,0.24321039021015167
observed_test,v2_2018_420_48h,,40,PCC,A,2.9761405680146122,0.0,0.1675708362689385,0.5631123185157776,1.149999976158142,53.24800137329102,0.2491816133260727
observed_test,v2_2018_420_48h,,40,PCC,B,2.9761405680146122,0.0,0.1675708362689385,0.5631123185157776,1.149999976158142,53.24800137329102,0.2491816133260727
observed_test,v2_2018_420_48h,,40,PCC,C,2.9761405680146122,0.0,0.1675708362689385,0.5631123185157776,1.149999976158142,53.24800137329102,0.2491816133260727
observed_test,v2_2018_420_48h,,41,PCC,A,2.912059071852747,0.0,0.08465417016011018,0.5185338854789734,1.149999976158142,53.24800137329102,0.2657085955142975
observed_test,v2_2018_420_48h,,41,PCC,B,2.912059071852747,0.0,0.08465417016011018,0.5185338854789734,1.149999976158142,53.24800137329102,0.2657085955142975
observed_test,v2_2018_420_48h,,41,PCC,C,2.912059071852747,0.0,0.08465417016011018,0.5185338854789734,1.149999976158142,53.24800137329102,0.2657085955142975
observed_test,v2_2018_420_48h,,42,PCC,A,2.888165108802557,0.0,0.004045833170843812,0.501911997795105,1.149999976158142,53.24800137329102,0.28442761301994324
observed_test,v2_2018_420_48h,,42,PCC,B,2.888165108802557,0.0,0.004045833170843812,0.501911997795105,1.149999976158142,53.24800137329102,0.28442761301994324
observed_test,v2_2018_420_48h,,42,PCC,C,2.888165108802557,0.0,0.004045833170843812,0.501911997795105,1.149999976158142,53.24800137329102,0.28442761301994324
observed_test,v2_2018_420_48h,,43,PCC,A,2.9849615821466244,0.0,0.0,0.5692486763000488,1.149999976158142,53.24800137329102,0.30174151062965393
observed_test,v2_2018_420_48h,,43,PCC,B,2.9849615821466244,0.0,0.0,0.5692486763000488,1.149999976158142,53.24800137329102,0.30174151062965393
observed_test,v2_2018_420_48h,,43,PCC,C,2.9849615821466244,0.0,0.0,0.5692486763000488,1.149999976158142,53.24800137329102,0.30174151062965393
observed_test,v2_2018_420_48h,,44,PCC,A,2.825617614510635,0.0,0.0,0.458400696516037,1.149999976158142,53.24800137329102,0.31503793597221375
observed_test,v2_2018_420_48h,,44,PCC,B,2.825617614510635,0.0,0.0,0.458400696516037,1.149999976158142,53.24800137329102,0.31503793597221375
observed_test,v2_2018_420_48h,,44,PCC,C,2.825617614510635,0.0,0.0,0.458400696516037,1.149999976158142,53.24800137329102,0.31503793597221375
observed_test,v2_2018_420_48h,,45,PCC,A,2.740638571998929,0.0,0.0,0.39928483963012695,1.149999976158142,53.24800137329102,0.3256334662437439
observed_test,v2_2018_420_48h,,45,PCC,B,2.740638571998929,0.0,0.0,0.39928483963012695,1.149999976158142,53.24800137329102,0.3256334662437439
observed_test,v2_2018_420_48h,,45,PCC,C,2.740638571998929,0.0,0.0,0.39928483963012695,1.149999976158142,53.24800137329102,0.3256334662437439
observed_test,v2_2018_420_48h,,46,PCC,A,2.689500792288461,0.0,0.0,0.3637107312679291,1.149999976158142,53.24800137329102,0.3141850531101227
observed_test,v2_2018_420_48h,,46,PCC,B,2.689500792288461,0.0,0.0,0.3637107312679291,1.149999976158142,53.24800137329102,0.3141850531101227
observed_test,v2_2018_420_48h,,46,PCC,C,2.689500792288461,0.0,0.0,0.3637107312679291,1.149999976158142,53.24800137329102,0.3141850531101227
observed_test,v2_2018_420_48h,,47,PCC,A,2.666340906989589,0.0,0.0,0.34759950637817383,1.149999976158142,53.24800137329102,0.30580610036849976
observed_test,v2_2018_420_48h,,47,PCC,B,2.666340906989589,0.0,0.0,0.34759950637817383,1.149999976158142,53.24800137329102,0.30580610036849976
observed_test,v2_2018_420_48h,,47,PCC,C,2.666340906989589,0.0,0.0,0.34759950637817383,1.149999976158142,53.24800137329102,0.30580610036849976
observed_test,v2_2018_517_48h,,0,PCC,A,2.589738233557025,0.0,0.0,0.29431068897247314,1.149999976158142,53.24800137329102,0.31878119707107544
observed_test,v2_2018_517_48h,,0,PCC,B,2.589738233557025,0.0,0.0,0.29431068897247314,1.149999976158142,53.24800137329102,0.31878119707107544
observed_test,v2_2018_517_48h,,0,PCC,C,2.589738233557025,0.0,0.0,0.29431068897247314,1.149999976158142,53.24800137329102,0.31878119707107544
observed_test,v2_2018_517_48h,,1,PCC,A,2.6237012928594003,0.0,0.0,0.3179371654987335,1.149999976158142,53.24800137329102,0.32118916511535645
observed_test,v2_2018_517_48h,,1,PCC,B,2.6237012928594003,0.0,0.0,0.3179371654987335,1.149999976158142,53.24800137329102,0.32118916511535645
observed_test,v2_2018_517_48h,,1,PCC,C,2.6237012928594003,0.0,0.0,0.3179371654987335,1.149999976158142,53.24800137329102,0.32118916511535645
observed_test,v2_2018_517_48h,,2,PCC,A,2.4875831211508435,0.0,0.0,0.2232462614774704,1.149999976158142,53.24800137329102,0.33704617619514465
observed_test,v2_2018_517_48h,,2,PCC,B,2.4875831211508435,0.0,0.0,0.2232462614774704,1.149999976158142,53.24800137329102,0.33704617619514465
observed_test,v2_2018_517_48h,,2,PCC,C,2.4875831211508435,0.0,0.0,0.2232462614774704,1.149999976158142,53.24800137329102,0.33704617619514465
observed_test,v2_2018_517_48h,,3,PCC,A,2.5452259178952694,0.0,0.0,0.2633455991744995,1.149999976158142,53.24800137329102,0.3459780812263489
observed_test,v2_2018_517_48h,,3,PCC,B,2.5452259178952694,0.0,0.0,0.2633455991744995,1.149999976158142,53.24800137329102,0.3459780812263489
observed_test,v2_2018_517_48h,,3,PCC,C,2.5452259178952694,0.0,0.0,0.2633455991744995,1.149999976158142,53.24800137329102,0.3459780812263489
observed_test,v2_2018_517_48h,,4,PCC,A,2.6066056994782514,0.0,0.0,0.3060445785522461,1.149999976158142,53.24800137329102,0.317017138004303
observed_test,v2_2018_517_48h,,4,PCC,B,2.6066056994782514,0.0,0.0,0.3060445785522461,1.149999976158142,53.24800137329102,0.317017138004303
observed_test,v2_2018_517_48h,,4,PCC,C,2.6066056994782514,0.0,0.0,0.3060445785522461,1.149999976158142,53.24800137329102,0.317017138004303
observed_test,v2_2018_517_48h,,5,PCC,A,2.5763726205374935,0.0,0.0,0.2850128710269928,1.149999976158142,53.24800137329102,0.2949502170085907
observed_test,v2_2018_517_48h,,5,PCC,B,2.5763726205374935,0.0,0.0,0.2850128710269928,1.149999976158142,53.24800137329102,0.2949502170085907
observed_test,v2_2018_517_48h,,5,PCC,C,2.5763726205374935,0.0,0.0,0.2850128710269928,1.149999976158142,53.24800137329102,0.2949502170085907
observed_test,v2_2018_517_48h,,6,PCC,A,2.7605416539868575,0.0,0.0,0.4131304621696472,1.149999976158142,53.24800137329102,0.2756158411502838
observed_test,v2_2018_517_48h,,6,PCC,B,2.7605416539868575,0.0,0.0,0.4131304621696472,1.149999976158142,53.24800137329102,0.2756158411502838
observed_test,v2_2018_517_48h,,6,PCC,C,2.7605416539868575,0.0,0.0,0.4131304621696472,1.149999976158142,53.24800137329102,0.2756158411502838
observed_test,v2_2018_517_48h,,7,PCC,A,3.0129513006293838,0.0,0.19284582768495265,0.5887197852134705,1.149999976158142,53.24800137329102,0.2672480344772339
observed_test,v2_2018_517_48h,,7,PCC,B,3.0129513006293838,0.0,0.19284582768495265,0.5887197852134705,1.149999976158142,53.24800137329102,0.2672480344772339
observed_test,v2_2018_517_48h,,7,PCC,C,3.0129513006293838,0.0,0.19284582768495265,0.5887197852134705,1.149999976158142,53.24800137329102,0.2672480344772339
observed_test,v2_2018_517_48h,,8,PCC,A,2.7649040079514635,0.0,0.6171041383193089,0.41616514325141907,1.149999976158142,53.24800137329102,0.2666736841201782
observed_test,v2_2018_517_48h,,8,PCC,B,2.7649040079514635,0.0,0.6171041383193089,0.41616514325141907,1.149999976158142,53.24800137329102,0.2666736841201782
observed_test,v2_2018_517_48h,,8,PCC,C,2.7649040079514635,0.0,0.6171041383193089,0.41616514325141907,1.149999976158142,53.24800137329102,0.2666736841201782
observed_test,v2_2018_517_48h,,9,PCC,A,2.9051724072175276,0.0,0.9328333231119008,0.5137431621551514,1.149999976158142,53.24800137329102,0.27404993772506714
observed_test,v2_2018_517_48h,,9,PCC,B,2.9051724072175276,0.0,0.9328333231119008,0.5137431621551514,1.149999976158142,53.24800137329102,0.27404993772506714
observed_test,v2_2018_517_48h,,9,PCC,C,2.9051724072175276,0.0,0.9328333231119008,0.5137431621551514,1.149999976158142,53.24800137329102,0.27404993772506714
observed_test,v2_2018_517_48h,,10,PCC,A,2.6904467608222724,0.0,1.128175052312704,0.3643687963485718,1.149999976158142,53.24800137329102,0.28345242142677307
observed_test,v2_2018_517_48h,,10,PCC,B,2.6904467608222724,0.0,1.128175052312704,0.3643687963485718,1.149999976158142,53.24800137329102,0.28345242142677307
observed_test,v2_2018_517_48h,,10,PCC,C,2.6904467608222724,0.0,1.128175052312704,0.3643687963485718,1.149999976158142,53.24800137329102,0.28345242142677307
observed_test,v2_2018_517_48h,,11,PCC,A,2.686130632121376,0.0,1.2329041957855222,0.36136627197265625,1.149999976158142,53.24800137329102,0.31401392817497253
observed_test,v2_2018_517_48h,,11,PCC,B,2.686130632121376,0.0,1.2329041957855222,0.36136627197265625,1.149999976158142,53.24800137329102,0.31401392817497253
observed_test,v2_2018_517_48h,,11,PCC,C,2.686130632121376,0.0,1.2329041957855222,0.36136627197265625,1.149999976158142,53.24800137329102,0.31401392817497253
observed_test,v2_2018_517_48h,,12,PCC,A,2.940481482794702,0.0,1.240691657249744,0.5383059978485107,1.149999976158142,53.24800137329102,0.33215922117233276
observed_test,v2_2018_517_48h,,12,PCC,B,2.940481482794702,0.0,1.240691657249744,0.5383059978485107,1.149999976158142,53.24800137329102,0.33215922117233276
observed_test,v2_2018_517_48h,,12,PCC,C,2.940481482794702,0.0,1.240691657249744,0.5383059978485107,1.149999976158142,53.24800137329102,0.33215922117233276
observed_test,v2_2018_517_48h,,13,PCC,A,3.033735447282245,0.0,1.1512124767670264,0.6031783223152161,1.149999976158142,53.24800137329102,0.34412243962287903
observed_test,v2_2018_517_48h,,13,PCC,B,3.033735447282245,0.0,1.1512124767670264,0.6031783223152161,1.149999976158142,53.24800137329102,0.34412243962287903
observed_test,v2_2018_517_48h,,13,PCC,C,3.033735447282245,0.0,1.1512124767670264,0.6031783223152161,1.149999976158142,53.24800137329102,0.34412243962287903
observed_test,v2_2018_517_48h,,14,PCC,A,3.1232014249141358,0.0,0.9769875269669752,0.6654155254364014,1.149999976158142,53.24800137329102,0.3076339364051819
observed_test,v2_2018_517_48h,,14,PCC,B,3.1232014249141358,0.0,0.9769875269669752,0.6654155254364014,1.149999976158142,53.24800137329102,0.3076339364051819
observed_test,v2_2018_517_48h,,14,PCC,C,3.1232014249141358,0.0,0.9769875269669752,0.6654155254364014,1.149999976158142,53.24800137329102,0.3076339364051819
observed_test,v2_2018_517_48h,,15,PCC,A,2.915610662966831,0.0,0.712874990243178,0.5210045576095581,1.149999976158142,53.24800137329102,0.2615348994731903
observed_test,v2_2018_517_48h,,15,PCC,B,2.915610662966831,0.0,0.712874990243178,0.5210045576095581,1.149999976158142,53.24800137329102,0.2615348994731903
observed_test,v2_2018_517_48h,,15,PCC,C,2.915610662966831,0.0,0.712874990243178,0.5210045576095581,1.149999976158142,53.24800137329102,0.2615348994731903
observed_test,v2_2018_517_48h,,16,PCC,A,2.9761405680146122,0.0,0.34545416442247534,0.5631123185157776,1.149999976158142,53.24800137329102,0.24569140374660492
observed_test,v2_2018_517_48h,,16,PCC,B,2.9761405680146122,0.0,0.34545416442247534,0.5631123185157776,1.149999976158142,53.24800137329102,0.24569140374660492
observed_test,v2_2018_517_48h,,16,PCC,C,2.9761405680146122,0.0,0.34545416442247534,0.5631123185157776,1.149999976158142,53.24800137329102,0.24569140374660492
observed_test,v2_2018_517_48h,,17,PCC,A,2.912059071852747,0.0,0.012487499938847927,0.5185338854789734,1.149999976158142,53.24800137329102,0.2300431877374649
observed_test,v2_2018_517_48h,,17,PCC,B,2.912059071852747,0.0,0.012487499938847927,0.5185338854789734,1.149999976158142,53.24800137329102,0.2300431877374649
observed_test,v2_2018_517_48h,,17,PCC,C,2.912059071852747,0.0,0.012487499938847927,0.5185338854789734,1.149999976158142,53.24800137329102,0.2300431877374649
observed_test,v2_2018_517_48h,,18,PCC,A,2.888165108802557,0.0,0.0,0.501911997795105,1.149999976158142,53.24800137329102,0.22895246744155884
observed_test,v2_2018_517_48h,,18,PCC,B,2.888165108802557,0.0,0.0,0.501911997795105,1.149999976158142,53.24800137329102,0.22895246744155884
observed_test,v2_2018_517_48h,,18,PCC,C,2.888165108802557,0.0,0.0,0.501911997795105,1.149999976158142,53.24800137329102,0.22895246744155884
observed_test,v2_2018_517_48h,,19,PCC,A,2.9849615821466244,0.0,0.0,0.5692486763000488,1.149999976158142,53.24800137329102,0.24547912180423737
observed_test,v2_2018_517_48h,,19,PCC,B,2.9849615821466244,0.0,0.0,0.5692486763000488,1.149999976158142,53.24800137329102,0.24547912180423737
observed_test,v2_2018_517_48h,,19,PCC,C,2.9849615821466244,0.0,0.0,0.5692486763000488,1.149999976158142,53.24800137329102,0.24547912180423737
observed_test,v2_2018_517_48h,,20,PCC,A,2.825617614510635,0.0,0.0,0.458400696516037,1.149999976158142,53.24800137329102,0.2775125801563263
observed_test,v2_2018_517_48h,,20,PCC,B,2.825617614510635,0.0,0.0,0.458400696516037,1.149999976158142,53.24800137329102,0.2775125801563263
observed_test,v2_2018_517_48h,,20,PCC,C,2.825617614510635,0.0,0.0,0.458400696516037,1.149999976158142,53.24800137329102,0.2775125801563263
observed_test,v2_2018_517_48h,,21,PCC,A,2.740638571998929,0.0,0.0,0.39928483963012695,1.149999976158142,53.24800137329102,0.329254686832428
observed_test,v2_2018_517_48h,,21,PCC,B,2.740638571998929,0.0,0.0,0.39928483963012695,1.149999976158142,53.24800137329102,0.329254686832428
observed_test,v2_2018_517_48h,,21,PCC,C,2.740638571998929,0.0,0.0,0.39928483963012695,1.149999976158142,53.24800137329102,0.329254686832428
observed_test,v2_2018_517_48h,,22,PCC,A,2.689500792288461,0.0,0.0,0.3637107312679291,1.149999976158142,53.24800137329102,0.34110918641090393
observed_test,v2_2018_517_48h,,22,PCC,B,2.689500792288461,0.0,0.0,0.3637107312679291,1.149999976158142,53.24800137329102,0.34110918641090393
observed_test,v2_2018_517_48h,,22,PCC,C,2.689500792288461,0.0,0.0,0.3637107312679291,1.149999976158142,53.24800137329102,0.34110918641090393
observed_test,v2_2018_517_48h,,23,PCC,A,2.666340906989589,0.0,0.0,0.34759950637817383,1.149999976158142,53.24800137329102,0.32101884484291077
observed_test,v2_2018_517_48h,,23,PCC,B,2.666340906989589,0.0,0.0,0.34759950637817383,1.149999976158142,53.24800137329102,0.32101884484291077
observed_test,v2_2018_517_48h,,23,PCC,C,2.666340906989589,0.0,0.0,0.34759950637817383,1.149999976158142,53.24800137329102,0.32101884484291077
observed_test,v2_2018_517_48h,,24,PCC,A,2.589738233557025,0.0,0.0,0.29431068897247314,1.149999976158142,53.24800137329102,0.32471373677253723
observed_test,v2_2018_517_48h,,24,PCC,B,2.589738233557025,0.0,0.0,0.29431068897247314,1.149999976158142,53.24800137329102,0.32471373677253723
observed_test,v2_2018_517_48h,,24,PCC,C,2.589738233557025,0.0,0.0,0.29431068897247314,1.149999976158142,53.24800137329102,0.32471373677253723
observed_test,v2_2018_517_48h,,25,PCC,A,2.6237012928594003,0.0,0.0,0.3179371654987335,1.149999976158142,53.24800137329102,0.31471502780914307
observed_test,v2_2018_517_48h,,25,PCC,B,2.6237012928594003,0.0,0.0,0.3179371654987335,1.149999976158142,53.24800137329102,0.31471502780914307
observed_test,v2_2018_517_48h,,25,PCC,C,2.6237012928594003,0.0,0.0,0.3179371654987335,1.149999976158142,53.24800137329102,0.31471502780914307
observed_test,v2_2018_517_48h,,26,PCC,A,2.4875831211508435,0.0,0.0,0.2232462614774704,1.149999976158142,53.24800137329102,0.3117430806159973
observed_test,v2_2018_517_48h,,26,PCC,B,2.4875831211508435,0.0,0.0,0.2232462614774704,1.149999976158142,53.24800137329102,0.3117430806159973
observed_test,v2_2018_517_48h,,26,PCC,C,2.4875831211508435,0.0,0.0,0.2232462614774704,1.149999976158142,53.24800137329102,0.3117430806159973
observed_test,v2_2018_517_48h,,27,PCC,A,2.5452259178952694,0.0,0.0,0.2633455991744995,1.149999976158142,53.24800137329102,0.32513874769210815
observed_test,v2_2018_517_48h,,27,PCC,B,2.5452259178952694,0.0,0.0,0.2633455991744995,1.149999976158142,53.24800137329102,0.32513874769210815
observed_test,v2_2018_517_48h,,27,PCC,C,2.5452259178952694,0.0,0.0,0.2633455991744995,1.149999976158142,53.24800137329102,0.32513874769210815
observed_test,v2_2018_517_48h,,28,PCC,A,2.6066056994782514,0.0,0.0,0.3060445785522461,1.149999976158142,53.24800137329102,0.3000279366970062
observed_test,v2_2018_517_48h,,28,PCC,B,2.6066056994782514,0.0,0.0,0.3060445785522461,1.149999976158142,53.24800137329102,0.3000279366970062
observed_test,v2_2018_517_48h,,28,PCC,C,2.6066056994782514,0.0,0.0,0.3060445785522461,1.149999976158142,53.24800137329102,0.3000279366970062
observed_test,v2_2018_517_48h,,29,PCC,A,2.5763726205374935,0.0,0.0,0.2850128710269928,1.149999976158142,53.24800137329102,0.268724262714386
observed_test,v2_2018_517_48h,,29,PCC,B,2.5763726205374935,0.0,0.0,0.2850128710269928,1.149999976158142,53.24800137329102,0.268724262714386
observed_test,v2_2018_517_48h,,29,PCC,C,2.5763726205374935,0.0,0.0,0.2850128710269928,1.149999976158142,53.24800137329102,0.268724262714386
observed_test,v2_2018_517_48h,,30,PCC,A,2.7605416539868575,0.0,0.0,0.4131304621696472,1.149999976158142,53.24800137329102,0.2541307210922241
observed_test,v2_2018_517_48h,,30,PCC,B,2.7605416539868575,0.0,0.0,0.4131304621696472,1.149999976158142,53.24800137329102,0.2541307210922241
observed_test,v2_2018_517_48h,,30,PCC,C,2.7605416539868575,0.0,0.0,0.4131304621696472,1.149999976158142,53.24800137329102,0.2541307210922241
observed_test,v2_2018_517_48h,,31,PCC,A,3.0129513006293838,0.0,0.19042916022814235,0.5887197852134705,1.149999976158142,53.24800137329102,0.24084439873695374
observed_test,v2_2018_517_48h,,31,PCC,B,3.0129513006293838,0.0,0.19042916022814235,0.5887197852134705,1.149999976158142,53.24800137329102,0.24084439873695374
observed_test,v2_2018_517_48h,,31,PCC,C,3.0129513006293838,0.0,0.19042916022814235,0.5887197852134705,1.149999976158142,53.24800137329102,0.24084439873695374
observed_test,v2_2018_517_48h,,32,PCC,A,2.7649040079514635,0.0,0.6126333314638871,0.41616514325141907,1.149999976158142,53.24800137329102,0.23771071434020996
observed_test,v2_2018_517_48h,,32,PCC,B,2.7649040079514635,0.0,0.6126333314638871,0.41616514325141907,1.149999976158142,53.24800137329102,0.23771071434020996
observed_test,v2_2018_517_48h,,32,PCC,C,2.7649040079514635,0.0,0.6126333314638871,0.41616514325141907,1.149999976158142,53.24800137329102,0.23771071434020996
observed_test,v2_2018_517_48h,,33,PCC,A,2.9051724072175276,0.0,0.9181874875838939,0.5137431621551514,1.149999976158142,53.24800137329102,0.23814091086387634
observed_test,v2_2018_517_48h,,33,PCC,B,2.9051724072175276,0.0,0.9181874875838939,0.5137431621551514,1.149999976158142,53.24800137329102,0.23814091086387634
observed_test,v2_2018_517_48h,,33,PCC,C,2.9051724072175276,0.0,0.9181874875838939,0.5137431621551514,1.149999976158142,53.24800137329102,0.23814091086387634
observed_test,v2_2018_517_48h,,34,PCC,A,2.6904467608222724,0.0,1.1087750013058002,0.3643687963485718,1.149999976158142,53.24800137329102,0.24649514257907867
observed_test,v2_2018_517_48h,,34,PCC,B,2.6904467608222724,0.0,1.1087750013058002,0.3643687963485718,1.149999976158142,53.24800137329102,0.24649514257907867
observed_test,v2_2018_517_48h,,34,PCC,C,2.6904467608222724,0.0,1.1087750013058002,0.3643687963485718,1.149999976158142,53.24800137329102,0.24649514257907867
observed_test,v2_2018_517_48h,,35,PCC,A,2.686130632121376,0.0,1.199599985892956,0.36136627197265625,1.149999976158142,53.24800137329102,0.28050360083580017
observed_test,v2_2018_517_48h,,35,PCC,B,2.686130632121376,0.0,1.199599985892956,0.36136627197265625,1.149999976158142,53.24800137329102,0.28050360083580017
observed_test,v2_2018_517_48h,,35,PCC,C,2.686130632121376,0.0,1.199599985892956,0.36136627197265625,1.149999976158142,53.24800137329102,0.28050360083580017
observed_test,v2_2018_517_48h,,36,PCC,A,2.940481482794702,0.0,1.124812547977154,0.5383059978485107,1.149999976158142,53.24800137329102,0.29443758726119995
observed_test,v2_2018_517_48h,,36,PCC,B,2.940481482794702,0.0,1.124812547977154,0.5383059978485107,1.149999976158142,53.24800137329102,0.29443758726119995
observed_test,v2_2018_517_48h,,36,PCC,C,2.940481482794702,0.0,1.124812547977154,0.5383059978485107,1.149999976158142,53.24800137329102,0.29443758726119995
observed_test,v2_2018_517_48h,,37,PCC,A,3.033735447282245,0.0,0.8060166468987098,0.6031783223152161,1.149999976158142,53.24800137329102,0.30015167593955994
observed_test,v2_2018_517_48h,,37,PCC,B,3.033735447282245,0.0,0.8060166468987098,0.6031783223152161,1.149999976158142,53.24800137329102,0.30015167593955994
observed_test,v2_2018_517_48h,,37,PCC,C,3.033735447282245,0.0,0.8060166468987098,0.6031783223152161,1.149999976158142,53.24800137329102,0.30015167593955994
observed_test,v2_2018_517_48h,,38,PCC,A,3.1232014249141358,0.0,0.5883000217951261,0.6654155254364014,1.149999976158142,53.24800137329102,0.29042699933052063
observed_test,v2_2018_517_48h,,38,PCC,B,3.1232014249141358,0.0,0.5883000217951261,0.6654155254364014,1.149999976158142,53.24800137329102,0.29042699933052063
observed_test,v2_2018_517_48h,,38,PCC,C,3.1232014249141358,0.0,0.5883000217951261,0.6654155254364014,1.149999976158142,53.24800137329102,0.29042699933052063
observed_test,v2_2018_517_48h,,39,PCC,A,2.915610662966831,0.0,0.3981916663738397,0.5210045576095581,1.149999976158142,53.24800137329102,0.2548181116580963
observed_test,v2_2018_517_48h,,39,PCC,B,2.915610662966831,0.0,0.3981916663738397,0.5210045576095581,1.149999976158142,53.24800137329102,0.2548181116580963
observed_test,v2_2018_517_48h,,39,PCC,C,2.915610662966831,0.0,0.3981916663738397,0.5210045576095581,1.149999976158142,53.24800137329102,0.2548181116580963
observed_test,v2_2018_517_48h,,40,PCC,A,2.9761405680146122,0.0,0.18224999881707704,0.5631123185157776,1.149999976158142,53.24800137329102,0.24578242003917694
observed_test,v2_2018_517_48h,,40,PCC,B,2.9761405680146122,0.0,0.18224999881707704,0.5631123185157776,1.149999976158142,53.24800137329102,0.24578242003917694
observed_test,v2_2018_517_48h,,40,PCC,C,2.9761405680146122,0.0,0.18224999881707704,0.5631123185157776,1.149999976158142,53.24800137329102,0.24578242003917694
observed_test,v2_2018_517_48h,,41,PCC,A,2.912059071852747,0.0,0.0,0.5185338854789734,1.149999976158142,53.24800137329102,0.25222280621528625
observed_test,v2_2018_517_48h,,41,PCC,B,2.912059071852747,0.0,0.0,0.5185338854789734,1.149999976158142,53.24800137329102,0.25222280621528625
observed_test,v2_2018_517_48h,,41,PCC,C,2.912059071852747,0.0,0.0,0.5185338854789734,1.149999976158142,53.24800137329102,0.25222280621528625
observed_test,v2_2018_517_48h,,42,PCC,A,2.888165108802557,0.0,0.0,0.501911997795105,1.149999976158142,53.24800137329102,0.260084331035614
observed_test,v2_2018_517_48h,,42,PCC,B,2.888165108802557,0.0,0.0,0.501911997795105,1.149999976158142,53.24800137329102,0.260084331035614
observed_test,v2_2018_517_48h,,42,PCC,C,2.888165108802557,0.0,0.0,0.501911997795105,1.149999976158142,53.24800137329102,0.260084331035614
observed_test,v2_2018_517_48h,,43,PCC,A,2.9849615821466244,0.0,0.0,0.5692486763000488,1.149999976158142,53.24800137329102,0.2643398344516754
observed_test,v2_2018_517_48h,,43,PCC,B,2.9849615821466244,0.0,0.0,0.5692486763000488,1.149999976158142,53.24800137329102,0.2643398344516754
observed_test,v2_2018_517_48h,,43,PCC,C,2.9849615821466244,0.0,0.0,0.5692486763000488,1.149999976158142,53.24800137329102,0.2643398344516754
observed_test,v2_2018_517_48h,,44,PCC,A,2.825617614510635,0.0,0.0,0.458400696516037,1.149999976158142,53.24800137329102,0.2837200462818146
observed_test,v2_2018_517_48h,,44,PCC,B,2.825617614510635,0.0,0.0,0.458400696516037,1.149999976158142,53.24800137329102,0.2837200462818146
observed_test,v2_2018_517_48h,,44,PCC,C,2.825617614510635,0.0,0.0,0.458400696516037,1.149999976158142,53.24800137329102,0.2837200462818146
observed_test,v2_2018_517_48h,,45,PCC,A,2.740638571998929,0.0,0.0,0.39928483963012695,1.149999976158142,53.24800137329102,0.2888736426830292
observed_test,v2_2018_517_48h,,45,PCC,B,2.740638571998929,0.0,0.0,0.39928483963012695,1.149999976158142,53.24800137329102,0.2888736426830292
observed_test,v2_2018_517_48h,,45,PCC,C,2.740638571998929,0.0,0.0,0.39928483963012695,1.149999976158142,53.24800137329102,0.2888736426830292
observed_test,v2_2018_517_48h,,46,PCC,A,2.689500792288461,0.0,0.0,0.3637107312679291,1.149999976158142,53.24800137329102,0.2947838306427002
observed_test,v2_2018_517_48h,,46,PCC,B,2.689500792288461,0.0,0.0,0.3637107312679291,1.149999976158142,53.24800137329102,0.2947838306427002
observed_test,v2_2018_517_48h,,46,PCC,C,2.689500792288461,0.0,0.0,0.3637107312679291,1.149999976158142,53.24800137329102,0.2947838306427002
observed_test,v2_2018_517_48h,,47,PCC,A,2.666340906989589,0.0,0.0,0.34759950637817383,1.149999976158142,53.24800137329102,0.2996383309364319
observed_test,v2_2018_517_48h,,47,PCC,B,2.666340906989589,0.0,0.0,0.34759950637817383,1.149999976158142,53.24800137329102,0.2996383309364319
observed_test,v2_2018_517_48h,,47,PCC,C,2.666340906989589,0.0,0.0,0.34759950637817383,1.149999976158142,53.24800137329102,0.2996383309364319
observed_test,v2_2018_377_48h,,0,PCC,A,2.589738233557025,0.0,0.0,0.29431068897247314,1.149999976158142,53.24800137329102,0.2552769184112549
observed_test,v2_2018_377_48h,,0,PCC,B,2.589738233557025,0.0,0.0,0.29431068897247314,1.149999976158142,53.24800137329102,0.2552769184112549
observed_test,v2_2018_377_48h,,0,PCC,C,2.589738233557025,0.0,0.0,0.29431068897247314,1.149999976158142,53.24800137329102,0.2552769184112549
observed_test,v2_2018_377_48h,,1,PCC,A,2.6237012928594003,0.0,0.0,0.3179371654987335,1.149999976158142,53.24800137329102,0.24249781668186188
observed_test,v2_2018_377_48h,,1,PCC,B,2.6237012928594003,0.0,0.0,0.3179371654987335,1.149999976158142,53.24800137329102,0.24249781668186188
observed_test,v2_2018_377_48h,,1,PCC,C,2.6237012928594003,0.0,0.0,0.3179371654987335,1.149999976158142,53.24800137329102,0.24249781668186188
observed_test,v2_2018_377_48h,,2,PCC,A,2.4875831211508435,0.0,0.0,0.2232462614774704,1.149999976158142,53.24800137329102,0.23059232532978058
observed_test,v2_2018_377_48h,,2,PCC,B,2.4875831211508435,0.0,0.0,0.2232462614774704,1.149999976158142,53.24800137329102,0.23059232532978058
observed_test,v2_2018_377_48h,,2,PCC,C,2.4875831211508435,0.0,0.0,0.2232462614774704,1.149999976158142,53.24800137329102,0.23059232532978058
observed_test,v2_2018_377_48h,,3,PCC,A,2.5452259178952694,0.0,0.0,0.2633455991744995,1.149999976158142,53.24800137329102,0.2377040535211563
observed_test,v2_2018_377_48h,,3,PCC,B,2.5452259178952694,0.0,0.0,0.2633455991744995,1.149999976158142,53.24800137329102,0.2377040535211563
observed_test,v2_2018_377_48h,,3,PCC,C,2.5452259178952694,0.0,0.0,0.2633455991744995,1.149999976158142,53.24800137329102,0.2377040535211563
observed_test,v2_2018_377_48h,,4,PCC,A,2.6066056994782514,0.0,0.0,0.3060445785522461,1.149999976158142,53.24800137329102,0.2289513200521469
observed_test,v2_2018_377_48h,,4,PCC,B,2.6066056994782514,0.0,0.0,0.3060445785522461,1.149999976158142,53.24800137329102,0.2289513200521469
observed_test,v2_2018_377_48h,,4,PCC,C,2.6066056994782514,0.0,0.0,0.3060445785522461,1.149999976158142,53.24800137329102,0.2289513200521469
observed_test,v2_2018_377_48h,,5,PCC,A,2.5763726205374935,0.0,0.0,0.2850128710269928,1.149999976158142,53.24800137329102,0.21800385415554047
observed_test,v2_2018_377_48h,,5,PCC,B,2.5763726205374935,0.0,0.0,0.2850128710269928,1.149999976158142,53.24800137329102,0.21800385415554047
observed_test,v2_2018_377_48h,,5,PCC,C,2.5763726205374935,0.0,0.0,0.2850128710269928,1.149999976158142,53.24800137329102,0.21800385415554047
observed_test,v2_2018_377_48h,,6,PCC,A,2.7605416539868575,0.0,0.0,0.4131304621696472,1.149999976158142,53.24800137329102,0.21434752643108368
observed_test,v2_2018_377_48h,,6,PCC,B,2.7605416539868575,0.0,0.0,0.4131304621696472,1.149999976158142,53.24800137329102,0.21434752643108368
observed_test,v2_2018_377_48h,,6,PCC,C,2.7605416539868575,0.0,0.0,0.4131304621696472,1.149999976158142,53.24800137329102,0.21434752643108368
observed_test,v2_2018_377_48h,,7,PCC,A,3.0129513006293838,0.0,0.0,0.5887197852134705,1.149999976158142,53.24800137329102,0.2161334902048111
observed_test,v2_2018_377_48h,,7,PCC,B,3.0129513006293838,0.0,0.0,0.5887197852134705,1.149999976158142,53.24800137329102,0.2161334902048111
observed_test,v2_2018_377_48h,,7,PCC,C,3.0129513006293838,0.0,0.0,0.5887197852134705,1.149999976158142,53.24800137329102,0.2161334902048111
observed_test,v2_2018_377_48h,,8,PCC,A,2.7649040079514635,0.0,0.057791667775465884,0.41616514325141907,1.149999976158142,53.24800137329102,0.2175157368183136
observed_test,v2_2018_377_48h,,8,PCC,B,2.7649040079514635,0.0,0.057791667775465884,0.41616514325141907,1.149999976158142,53.24800137329102,0.2175157368183136
observed_test,v2_2018_377_48h,,8,PCC,C,2.7649040079514635,0.0,0.057791667775465884,0.41616514325141907,1.149999976158142,53.24800137329102,0.2175157368183136
observed_test,v2_2018_377_48h,,9,PCC,A,2.9051724072175276,0.0,0.11622083301727587,0.5137431621551514,1.149999976158142,53.24800137329102,0.21590104699134827
observed_test,v2_2018_377_48h,,9,PCC,B,2.9051724072175276,0.0,0.11622083301727587,0.5137431621551514,1.149999976158142,53.24800137329102,0.21590104699134827
observed_test,v2_2018_377_48h,,9,PCC,C,2.9051724072175276,0.0,0.11622083301727587,0.5137431621551514,1.149999976158142,53.24800137329102,0.21590104699134827
observed_test,v2_2018_377_48h,,10,PCC,A,2.6904467608222724,0.0,0.12700000347999427,0.3643687963485718,1.149999976158142,53.24800137329102,0.2196018546819687
observed_test,v2_2018_377_48h,,10,PCC,B,2.6904467608222724,0.0,0.12700000347999427,0.3643687963485718,1.149999976158142,53.24800137329102,0.2196018546819687
observed_test,v2_2018_377_48h,,10,PCC,C,2.6904467608222724,0.0,0.12700000347999427,0.3643687963485718,1.149999976158142,53.24800137329102,0.2196018546819687
observed_test,v2_2018_377_48h,,11,PCC,A,2.686130632121376,0.0,0.1515749985208878,0.36136627197265625,1.149999976158142,53.24800137329102,0.22375181317329407
observed_test,v2_2018_377_48h,,11,PCC,B,2.686130632121376,0.0,0.1515749985208878,0.36136627197265625,1.149999976158142,53.24800137329102,0.22375181317329407
observed_test,v2_2018_377_48h,,11,PCC,C,2.686130632121376,0.0,0.1515749985208878,0.36136627197265625,1.149999976158142,53.24800137329102,0.22375181317329407
observed_test,v2_2018_377_48h,,12,PCC,A,2.940481482794702,0.0,0.19761666368979672,0.5383059978485107,1.149999976158142,53.24800137329102,0.2448161393404007
observed_test,v2_2018_377_48h,,12,PCC,B,2.940481482794702,0.0,0.19761666368979672,0.5383059978485107,1.149999976158142,53.24800137329102,0.2448161393404007
observed_test,v2_2018_377_48h,,12,PCC,C,2.940481482794702,0.0,0.19761666368979672,0.5383059978485107,1.149999976158142,53.24800137329102,0.2448161393404007
observed_test,v2_2018_377_48h,,13,PCC,A,3.033735447282245,0.0,0.14528749653926262,0.6031783223152161,1.149999976158142,53.24800137329102,0.25808030366897583
observed_test,v2_2018_377_48h,,13,PCC,B,3.033735447282245,0.0,0.14528749653926262,0.6031783223152161,1.149999976158142,53.24800137329102,0.25808030366897583
observed_test,v2_2018_377_48h,,13,PCC,C,3.033735447282245,0.0,0.14528749653926262,0.6031783223152161,1.149999976158142,53.24800137329102,0.25808030366897583
observed_test,v2_2018_377_48h,,14,PCC,A,3.1232014249141358,0.0,0.22809167320911697,0.6654155254364014,1.149999976158142,53.24800137329102,0.2755242884159088
observed_test,v2_2018_377_48h,,14,PCC,B,3.1232014249141358,0.0,0.22809167320911697,0.6654155254364014,1.149999976158142,53.24800137329102,0.2755242884159088
observed_test,v2_2018_377_48h,,14,PCC,C,3.1232014249141358,0.0,0.22809167320911697,0.6654155254364014,1.149999976158142,53.24800137329102,0.2755242884159088
observed_test,v2_2018_377_48h,,15,PCC,A,2.915610662966831,0.0,0.17960833815427923,0.5210045576095581,1.149999976158142,53.24800137329102,0.2840999364852905
observed_test,v2_2018_377_48h,,15,PCC,B,2.915610662966831,0.0,0.17960833815427923,0.5210045576095581,1.149999976158142,53.24800137329102,0.2840999364852905
observed_test,v2_2018_377_48h,,15,PCC,C,2.915610662966831,0.0,0.17960833815427923,0.5210045576095581,1.149999976158142,53.24800137329102,0.2840999364852905
observed_test,v2_2018_377_48h,,16,PCC,A,2.9761405680146122,0.0,0.06930833109296285,0.5631123185157776,1.149999976158142,53.24800137329102,0.28019776940345764
observed_test,v2_2018_377_48h,,16,PCC,B,2.9761405680146122,0.0,0.06930833109296285,0.5631123185157776,1.149999976158142,53.24800137329102,0.28019776940345764
observed_test,v2_2018_377_48h,,16,PCC,C,2.9761405680146122,0.0,0.06930833109296285,0.5631123185157776,1.149999976158142,53.24800137329102,0.28019776940345764
observed_test,v2_2018_377_48h,,17,PCC,A,2.912059071852747,0.0,0.006775000096800235,0.5185338854789734,1.149999976158142,53.24800137329102,0.2729951739311218
observed_test,v2_2018_377_48h,,17,PCC,B,2.912059071852747,0.0,0.006775000096800235,0.5185338854789734,1.149999976158142,53.24800137329102,0.2729951739311218
observed_test,v2_2018_377_48h,,17,PCC,C,2.912059071852747,0.0,0.006775000096800235,0.5185338854789734,1.149999976158142,53.24800137329102,0.2729951739311218
observed_test,v2_2018_377_48h,,18,PCC,A,2.888165108802557,0.0,0.0,0.501911997795105,1.149999976158142,53.24800137329102,0.26944294571876526
observed_test,v2_2018_377_48h,,18,PCC,B,2.888165108802557,0.0,0.0,0.501911997795105,1.149999976158142,53.24800137329102,0.26944294571876526
observed_test,v2_2018_377_48h,,18,PCC,C,2.888165108802557,0.0,0.0,0.501911997795105,1.149999976158142,53.24800137329102,0.26944294571876526
observed_test,v2_2018_377_48h,,19,PCC,A,2.9849615821466244,0.0,0.0,0.5692486763000488,1.149999976158142,53.24800137329102,0.26727524399757385
observed_test,v2_2018_377_48h,,19,PCC,B,2.9849615821466244,0.0,0.0,0.5692486763000488,1.149999976158142,53.24800137329102,0.26727524399757385
observed_test,v2_2018_377_48h,,19,PCC,C,2.9849615821466244,0.0,0.0,0.5692486763000488,1.149999976158142,53.24800137329102,0.26727524399757385
observed_test,v2_2018_377_48h,,20,PCC,A,2.825617614510635,0.0,0.0,0.458400696516037,1.149999976158142,53.24800137329102,0.26700782775878906
observed_test,v2_2018_377_48h,,20,PCC,B,2.825617614510635,0.0,0.0,0.458400696516037,1.149999976158142,53.24800137329102,0.26700782775878906
observed_test,v2_2018_377_48h,,20,PCC,C,2.825617614510635,0.0,0.0,0.458400696516037,1.149999976158142,53.24800137329102,0.26700782775878906
observed_test,v2_2018_377_48h,,21,PCC,A,2.740638571998929,0.0,0.0,0.39928483963012695,1.149999976158142,53.24800137329102,0.2686445116996765
observed_test,v2_2018_377_48h,,21,PCC,B,2.740638571998929,0.0,0.0,0.39928483963012695,1.149999976158142,53.24800137329102,0.2686445116996765
observed_test,v2_2018_377_48h,,21,PCC,C,2.740638571998929,0.0,0.0,0.39928483963012695,1.149999976158142,53.24800137329102,0.2686445116996765
observed_test,v2_2018_377_48h,,22,PCC,A,2.689500792288461,0.0,0.0,0.3637107312679291,1.149999976158142,53.24800137329102,0.25695377588272095
observed_test,v2_2018_377_48h,,22,PCC,B,2.689500792288461,0.0,0.0,0.3637107312679291,1.149999976158142,53.24800137329102,0.25695377588272095
observed_test,v2_2018_377_48h,,22,PCC,C,2.689500792288461,0.0,0.0,0.3637107312679291,1.149999976158142,53.24800137329102,0.25695377588272095
observed_test,v2_2018_377_48h,,23,PCC,A,2.666340906989589,0.0,0.0,0.34759950637817383,1.149999976158142,53.24800137329102,0.23747630417346954
observed_test,v2_2018_377_48h,,23,PCC,B,2.666340906989589,0.0,0.0,0.34759950637817383,1.149999976158142,53.24800137329102,0.23747630417346954
observed_test,v2_2018_377_48h,,23,PCC,C,2.666340906989589,0.0,0.0,0.34759950637817383,1.149999976158142,53.24800137329102,0.23747630417346954
observed_test,v2_2018_377_48h,,24,PCC,A,2.589738233557025,0.0,0.0,0.29431068897247314,1.149999976158142,53.24800137329102,0.22955088317394257
observed_test,v2_2018_377_48h,,24,PCC,B,2.589738233557025,0.0,0.0,0.29431068897247314,1.149999976158142,53.24800137329102,0.22955088317394257
observed_test,v2_2018_377_48h,,24,PCC,C,2.589738233557025,0.0,0.0,0.29431068897247314,1.149999976158142,53.24800137329102,0.22955088317394257
observed_test,v2_2018_377_48h,,25,PCC,A,2.6237012928594003,0.0,0.0,0.3179371654987335,1.149999976158142,53.24800137329102,0.2339755892753601
observed_test,v2_2018_377_48h,,25,PCC,B,2.6237012928594003,0.0,0.0,0.3179371654987335,1.149999976158142,53.24800137329102,0.2339755892753601
observed_test,v2_2018_377_48h,,25,PCC,C,2.6237012928594003,0.0,0.0,0.3179371654987335,1.149999976158142,53.24800137329102,0.2339755892753601
observed_test,v2_2018_377_48h,,26,PCC,A,2.4875831211508435,0.0,0.0,0.2232462614774704,1.149999976158142,53.24800137329102,0.23944191634655
observed_test,v2_2018_377_48h,,26,PCC,B,2.4875831211508435,0.0,0.0,0.2232462614774704,1.149999976158142,53.24800137329102,0.23944191634655
observed_test,v2_2018_377_48h,,26,PCC,C,2.4875831211508435,0.0,0.0,0.2232462614774704,1.149999976158142,53.24800137329102,0.23944191634655
observed_test,v2_2018_377_48h,,27,PCC,A,2.5452259178952694,0.0,0.0,0.2633455991744995,1.149999976158142,53.24800137329102,0.23343531787395477
observed_test,v2_2018_377_48h,,27,PCC,B,2.5452259178952694,0.0,0.0,0.2633455991744995,1.149999976158142,53.24800137329102,0.23343531787395477
observed_test,v2_2018_377_48h,,27,PCC,C,2.5452259178952694,0.0,0.0,0.2633455991744995,1.149999976158142,53.24800137329102,0.23343531787395477
observed_test,v2_2018_377_48h,,28,PCC,A,2.6066056994782514,0.0,0.0,0.3060445785522461,1.149999976158142,53.24800137329102,0.21678166091442108
observed_test,v2_2018_377_48h,,28,PCC,B,2.6066056994782514,0.0,0.0,0.3060445785522461,1.149999976158142,53.24800137329102,0.21678166091442108
observed_test,v2_2018_377_48h,,28,PCC,C,2.6066056994782514,0.0,0.0,0.3060445785522461,1.149999976158142,53.24800137329102,0.21678166091442108
observed_test,v2_2018_377_48h,,29,PCC,A,2.5763726205374935,0.0,0.0,0.2850128710269928,1.149999976158142,53.24800137329102,0.21677541732788086
observed_test,v2_2018_377_48h,,29,PCC,B,2.5763726205374935,0.0,0.0,0.2850128710269928,1.149999976158142,53.24800137329102,0.21677541732788086
observed_test,v2_2018_377_48h,,29,PCC,C,2.5763726205374935,0.0,0.0,0.2850128710269928,1.149999976158142,53.24800137329102,0.21677541732788086
observed_test,v2_2018_377_48h,,30,PCC,A,2.7605416539868575,0.0,0.0,0.4131304621696472,1.149999976158142,53.24800137329102,0.2152755856513977
observed_test,v2_2018_377_48h,,30,PCC,B,2.7605416539868575,0.0,0.0,0.4131304621696472,1.149999976158142,53.24800137329102,0.2152755856513977
observed_test,v2_2018_377_48h,,30,PCC,C,2.7605416539868575,0.0,0.0,0.4131304621696472,1.149999976158142,53.24800137329102,0.2152755856513977
observed_test,v2_2018_377_48h,,31,PCC,A,3.0129513006293838,0.0,0.0,0.5887197852134705,1.149999976158142,53.24800137329102,0.21092736721038818
observed_test,v2_2018_377_48h,,31,PCC,B,3.0129513006293838,0.0,0.0,0.5887197852134705,1.149999976158142,53.24800137329102,0.21092736721038818
observed_test,v2_2018_377_48h,,31,PCC,C,3.0129513006293838,0.0,0.0,0.5887197852134705,1.149999976158142,53.24800137329102,0.21092736721038818
observed_test,v2_2018_377_48h,,32,PCC,A,2.7649040079514635,0.0,0.02120000023681384,0.41616514325141907,1.149999976158142,53.24800137329102,0.2057240903377533
observed_test,v2_2018_377_48h,,32,PCC,B,2.7649040079514635,0.0,0.02120000023681384,0.41616514325141907,1.149999976158142,53.24800137329102,0.2057240903377533
observed_test,v2_2018_377_48h,,32,PCC,C,2.7649040079514635,0.0,0.02120000023681384,0.41616514325141907,1.149999976158142,53.24800137329102,0.2057240903377533
observed_test,v2_2018_377_48h,,33,PCC,A,2.9051724072175276,0.0,0.036733332448280774,0.5137431621551514,1.149999976158142,53.24800137329102,0.20436187088489532
observed_test,v2_2018_377_48h,,33,PCC,B,2.9051724072175276,0.0,0.036733332448280774,0.5137431621551514,1.149999976158142,53.24800137329102,0.20436187088489532
observed_test,v2_2018_377_48h,,33,PCC,C,2.9051724072175276,0.0,0.036733332448280774,0.5137431621551514,1.149999976158142,53.24800137329102,0.20436187088489532
observed_test,v2_2018_377_48h,,34,PCC,A,2.6904467608222724,0.0,0.06884999859791535,0.3643687963485718,1.149999976158142,53.24800137329102,0.21104468405246735
observed_test,v2_2018_377_48h,,34,PCC,B,2.6904467608222724,0.0,0.06884999859791535,0.3643687963485718,1.149999976158142,53.24800137329102,0.21104468405246735
observed_test,v2_2018_377_48h,,34,PCC,C,2.6904467608222724,0.0,0.06884999859791535,0.3643687963485718,1.149999976158142,53.24800137329102,0.21104468405246735
observed_test,v2_2018_377_48h,,35,PCC,A,2.686130632121376,0.0,0.0926624983549118,0.36136627197265625,1.149999976158142,53.24800137329102,0.21468019485473633
observed_test,v2_2018_377_48h,,35,PCC,B,2.686130632121376,0.0,0.0926624983549118,0.36136627197265625,1.149999976158142,53.24800137329102,0.21468019485473633
observed_test,v2_2018_377_48h,,35,PCC,C,2.686130632121376,0.0,0.0926624983549118,0.36136627197265625,1.149999976158142,53.24800137329102,0.21468019485473633
observed_test,v2_2018_377_48h,,36,PCC,A,2.940481482794702,0.0,0.12571666962825334,0.5383059978485107,1.149999976158142,53.24800137329102,0.22577159106731415
observed_test,v2_2018_377_48h,,36,PCC,B,2.940481482794702,0.0,0.12571666962825334,0.5383059978485107,1.149999976158142,53.24800137329102,0.22577159106731415
observed_test,v2_2018_377_48h,,36,PCC,C,2.940481482794702,0.0,0.12571666962825334,0.5383059978485107,1.149999976158142,53.24800137329102,0.22577159106731415
observed_test,v2_2018_377_48h,,37,PCC,A,3.033735447282245,0.0,0.10300416929217483,0.6031783223152161,1.149999976158142,53.24800137329102,0.2336217612028122
observed_test,v2_2018_377_48h,,37,PCC,B,3.033735447282245,0.0,0.10300416929217483,0.6031783223152161,1.149999976158142,53.24800137329102,0.2336217612028122
observed_test,v2_2018_377_48h,,37,PCC,C,3.033735447282245,0.0,0.10300416929217483,0.6031783223152161,1.149999976158142,53.24800137329102,0.2336217612028122
observed_test,v2_2018_377_48h,,38,PCC,A,3.1232014249141358,0.0,0.06348750052543786,0.6654155254364014,1.149999976158142,53.24800137329102,0.2335003912448883
observed_test,v2_2018_377_48h,,38,PCC,B,3.1232014249141358,0.0,0.06348750052543786,0.6654155254364014,1.149999976158142,53.24800137329102,0.2335003912448883
observed_test,v2_2018_377_48h,,38,PCC,C,3.1232014249141358,0.0,0.06348750052543786,0.6654155254364014,1.149999976158142,53.24800137329102,0.2335003912448883
observed_test,v2_2018_377_48h,,39,PCC,A,2.915610662966831,0.0,0.0275708340968077,0.5210045576095581,1.149999976158142,53.24800137329102,0.23316755890846252
observed_test,v2_2018_377_48h,,39,PCC,B,2.915610662966831,0.0,0.0275708340968077,0.5210045576095581,1.149999976158142,53.24800137329102,0.23316755890846252
observed_test,v2_2018_377_48h,,39,PCC,C,2.915610662966831,0.0,0.0275708340968077,0.5210045576095581,1.149999976158142,53.24800137329102,0.23316755890846252
observed_test,v2_2018_377_48h,,40,PCC,A,2.9761405680146122,0.0,0.011774999662660634,0.5631123185157776,1.149999976158142,53.24800137329102,0.23377668857574463
observed_test,v2_2018_377_48h,,40,PCC,B,2.9761405680146122,0.0,0.011774999662660634,0.5631123185157776,1.149999976158142,53.24800137329102,0.23377668857574463
observed_test,v2_2018_377_48h,,40,PCC,C,2.9761405680146122,0.0,0.011774999662660634,0.5631123185157776,1.149999976158142,53.24800137329102,0.23377668857574463
observed_test,v2_2018_377_48h,,41,PCC,A,2.912059071852747,0.0,0.00023749998945277182,0.5185338854789734,1.149999976158142,53.24800137329102,0.22158177196979523
observed_test,v2_2018_377_48h,,41,PCC,B,2.912059071852747,0.0,0.00023749998945277182,0.5185338854789734,1.149999976158142,53.24800137329102,0.22158177196979523
observed_test,v2_2018_377_48h,,41,PCC,C,2.912059071852747,0.0,0.00023749998945277182,0.5185338854789734,1.149999976158142,53.24800137329102,0.22158177196979523
observed_test,v2_2018_377_48h,,42,PCC,A,2.888165108802557,0.0,0.0,0.501911997795105,1.149999976158142,53.24800137329102,0.21111010015010834
observed_test,v2_2018_377_48h,,42,PCC,B,2.888165108802557,0.0,0.0,0.501911997795105,1.149999976158142,53.24800137329102,0.21111010015010834
observed_test,v2_2018_377_48h,,42,PCC,C,2.888165108802557,0.0,0.0,0.501911997795105,1.149999976158142,53.24800137329102,0.21111010015010834
observed_test,v2_2018_377_48h,,43,PCC,A,2.9849615821466244,0.0,0.0,0.5692486763000488,1.149999976158142,53.24800137329102,0.21590648591518402
observed_test,v2_2018_377_48h,,43,PCC,B,2.9849615821466244,0.0,0.0,0.5692486763000488,1.149999976158142,53.24800137329102,0.21590648591518402
observed_test,v2_2018_377_48h,,43,PCC,C,2.9849615821466244,0.0,0.0,0.5692486763000488,1.149999976158142,53.24800137329102,0.21590648591518402
observed_test,v2_2018_377_48h,,44,PCC,A,2.825617614510635,0.0,0.0,0.458400696516037,1.149999976158142,53.24800137329102,0.21534132957458496
observed_test,v2_2018_377_48h,,44,PCC,B,2.825617614510635,0.0,0.0,0.458400696516037,1.149999976158142,53.24800137329102,0.21534132957458496
observed_test,v2_2018_377_48h,,44,PCC,C,2.825617614510635,0.0,0.0,0.458400696516037,1.149999976158142,53.24800137329102,0.21534132957458496
observed_test,v2_2018_377_48h,,45,PCC,A,2.740638571998929,0.0,0.0,0.39928483963012695,1.149999976158142,53.24800137329102,0.21627335250377655
observed_test,v2_2018_377_48h,,45,PCC,B,2.740638571998929,0.0,0.0,0.39928483963012695,1.149999976158142,53.24800137329102,0.21627335250377655
observed_test,v2_2018_377_48h,,45,PCC,C,2.740638571998929,0.0,0.0,0.39928483963012695,1.149999976158142,53.24800137329102,0.21627335250377655
observed_test,v2_2018_377_48h,,46,PCC,A,2.689500792288461,0.0,0.0,0.3637107312679291,1.149999976158142,53.24800137329102,0.226584330201149
observed_test,v2_2018_377_48h,,46,PCC,B,2.689500792288461,0.0,0.0,0.3637107312679291,1.149999976158142,53.24800137329102,0.226584330201149
observed_test,v2_2018_377_48h,,46,PCC,C,2.689500792288461,0.0,0.0,0.3637107312679291,1.149999976158142,53.24800137329102,0.226584330201149
observed_test,v2_2018_377_48h,,47,PCC,A,2.666340906989589,0.0,0.0,0.34759950637817383,1.149999976158142,53.24800137329102,0.24691610038280487
observed_test,v2_2018_377_48h,,47,PCC,B,2.666340906989589,0.0,0.0,0.34759950637817383,1.149999976158142,53.24800137329102,0.24691610038280487
observed_test,v2_2018_377_48h,,47,PCC,C,2.666340906989589,0.0,0.0,0.34759950637817383,1.149999976158142,53.24800137329102,0.24691610038280487
observed_test,v2_2018_376_48h,,0,PCC,A,2.589738233557025,0.0,0.0,0.29431068897247314,1.149999976158142,53.24800137329102,0.2597626745700836
observed_test,v2_2018_376_48h,,0,PCC,B,2.589738233557025,0.0,0.0,0.29431068897247314,1.149999976158142,53.24800137329102,0.2597626745700836
observed_test,v2_2018_376_48h,,0,PCC,C,2.589738233557025,0.0,0.0,0.29431068897247314,1.149999976158142,53.24800137329102,0.2597626745700836
observed_test,v2_2018_376_48h,,1,PCC,A,2.6237012928594003,0.0,0.0,0.3179371654987335,1.149999976158142,34.72425106811524,0.24439549446105957
observed_test,v2_2018_376_48h,,1,PCC,B,2.6237012928594003,0.0,0.0,0.3179371654987335,1.149999976158142,34.72425106811524,0.24439549446105957
observed_test,v2_2018_376_48h,,1,PCC,C,2.6237012928594003,0.0,0.0,0.3179371654987335,1.149999976158142,34.72425106811524,0.24439549446105957
observed_test,v2_2018_376_48h,,2,PCC,A,2.4875831211508435,0.0,0.0,0.2232462614774704,1.149999976158142,34.72425106811524,0.2325073480606079
observed_test,v2_2018_376_48h,,2,PCC,B,2.4875831211508435,0.0,0.0,0.2232462614774704,1.149999976158142,34.72425106811524,0.2325073480606079
observed_test,v2_2018_376_48h,,2,PCC,C,2.4875831211508435,0.0,0.0,0.2232462614774704,1.149999976158142,34.72425106811524,0.2325073480606079
observed_test,v2_2018_376_48h,,3,PCC,A,2.5452259178952694,0.0,0.0,0.2633455991744995,1.149999976158142,53.24800137329102,0.23248519003391266
observed_test,v2_2018_376_48h,,3,PCC,B,2.5452259178952694,0.0,0.0,0.2633455991744995,1.149999976158142,53.24800137329102,0.23248519003391266
observed_test,v2_2018_376_48h,,3,PCC,C,2.5452259178952694,0.0,0.0,0.2633455991744995,1.149999976158142,53.24800137329102,0.23248519003391266
observed_test,v2_2018_376_48h,,4,PCC,A,2.6066056994782514,0.0,0.0,0.3060445785522461,1.149999976158142,53.24800137329102,0.23208357393741608
observed_test,v2_2018_376_48h,,4,PCC,B,2.6066056994782514,0.0,0.0,0.3060445785522461,1.149999976158142,53.24800137329102,0.23208357393741608
observed_test,v2_2018_376_48h,,4,PCC,C,2.6066056994782514,0.0,0.0,0.3060445785522461,1.149999976158142,53.24800137329102,0.23208357393741608
observed_test,v2_2018_376_48h,,5,PCC,A,2.5763726205374935,0.0,0.0,0.2850128710269928,1.149999976158142,53.24800137329102,0.22259627282619476
observed_test,v2_2018_376_48h,,5,PCC,B,2.5763726205374935,0.0,0.0,0.2850128710269928,1.149999976158142,53.24800137329102,0.22259627282619476
observed_test,v2_2018_376_48h,,5,PCC,C,2.5763726205374935,0.0,0.0,0.2850128710269928,1.149999976158142,53.24800137329102,0.22259627282619476
observed_test,v2_2018_376_48h,,6,PCC,A,2.7605416539868575,0.0,0.0,0.4131304621696472,1.149999976158142,121.88174847412108,0.21117563545703888
observed_test,v2_2018_376_48h,,6,PCC,B,2.7605416539868575,0.0,0.0,0.4131304621696472,1.149999976158142,121.88174847412108,0.21117563545703888
observed_test,v2_2018_376_48h,,6,PCC,C,2.7605416539868575,0.0,0.0,0.4131304621696472,1.149999976158142,121.88174847412108,0.21117563545703888
observed_test,v2_2018_376_48h,,7,PCC,A,3.0129513006293838,0.0,0.0,0.5887197852134705,1.149999976158142,121.88174847412108,0.21133123338222504
observed_test,v2_2018_376_48h,,7,PCC,B,3.0129513006293838,0.0,0.0,0.5887197852134705,1.149999976158142,121.88174847412108,0.21133123338222504
observed_test,v2_2018_376_48h,,7,PCC,C,3.0129513006293838,0.0,0.0,0.5887197852134705,1.149999976158142,121.88174847412108,0.21133123338222504
observed_test,v2_2018_376_48h,,8,PCC,A,2.7649040079514635,0.0,0.3758500115229533,0.41616514325141907,1.149999976158142,121.88174847412108,0.21705465018749237
observed_test,v2_2018_376_48h,,8,PCC,B,2.7649040079514635,0.0,0.3758500115229533,0.41616514325141907,1.149999976158142,121.88174847412108,0.21705465018749237
observed_test,v2_2018_376_48h,,8,PCC,C,2.7649040079514635,0.0,0.3758500115229533,0.41616514325141907,1.149999976158142,121.88174847412108,0.21705465018749237
observed_test,v2_2018_376_48h,,9,PCC,A,2.9051724072175276,0.0,0.7684750052598806,0.5137431621551514,1.149999976158142,121.88174847412108,0.22935323417186737
observed_test,v2_2018_376_48h,,9,PCC,B,2.9051724072175276,0.0,0.7684750052598806,0.5137431621551514,1.149999976158142,121.88174847412108,0.22935323417186737
observed_test,v2_2018_376_48h,,9,PCC,C,2.9051724072175276,0.0,0.7684750052598806,0.5137431621551514,1.149999976158142,121.88174847412108,0.22935323417186737
observed_test,v2_2018_376_48h,,10,PCC,A,2.6904467608222724,0.0,1.0292582787000215,0.3643687963485718,1.149999976158142,53.24800137329102,0.24294805526733398
observed_test,v2_2018_376_48h,,10,PCC,B,2.6904467608222724,0.0,1.0292582787000215,0.3643687963485718,1.149999976158142,53.24800137329102,0.24294805526733398
observed_test,v2_2018_376_48h,,10,PCC,C,2.6904467608222724,0.0,1.0292582787000215,0.3643687963485718,1.149999976158142,53.24800137329102,0.24294805526733398
observed_test,v2_2018_376_48h,,11,PCC,A,2.686130632121376,0.0,1.1780791557752168,0.36136627197265625,1.149999976158142,53.24800137329102,0.25131502747535706
observed_test,v2_2018_376_48h,,11,PCC,B,2.686130632121376,0.0,1.1780791557752168,0.36136627197265625,1.149999976158142,53.24800137329102,0.25131502747535706
observed_test,v2_2018_376_48h,,11,PCC,C,2.686130632121376,0.0,1.1780791557752168,0.36136627197265625,1.149999976158142,53.24800137329102,0.25131502747535706
observed_test,v2_2018_376_48h,,12,PCC,A,2.940481482794702,0.0,1.2306125118182254,0.5383059978485107,1.149999976158142,34.72425106811524,0.2648908197879791
observed_test,v2_2018_376_48h,,12,PCC,B,2.940481482794702,0.0,1.2306125118182254,0.5383059978485107,1.149999976158142,34.72425106811524,0.2648908197879791
observed_test,v2_2018_376_48h,,12,PCC,C,2.940481482794702,0.0,1.2306125118182254,0.5383059978485107,1.149999976158142,34.72425106811524,0.2648908197879791
observed_test,v2_2018_376_48h,,13,PCC,A,3.033735447282245,0.0,1.19011253118515,0.6031783223152161,1.149999976158142,34.72425106811524,0.26591014862060547
observed_test,v2_2018_376_48h,,13,PCC,B,3.033735447282245,0.0,1.19011253118515,0.6031783223152161,1.149999976158142,34.72425106811524,0.26591014862060547
observed_test,v2_2018_376_48h,,13,PCC,C,3.033735447282245,0.0,1.19011253118515,0.6031783223152161,1.149999976158142,34.72425106811524,0.26591014862060547
observed_test,v2_2018_376_48h,,14,PCC,A,3.1232014249141358,0.0,1.059383383164039,0.6654155254364014,1.149999976158142,34.72425106811524,0.2263147383928299
observed_test,v2_2018_376_48h,,14,PCC,B,3.1232014249141358,0.0,1.059383383164039,0.6654155254364014,1.149999976158142,34.72425106811524,0.2263147383928299
observed_test,v2_2018_376_48h,,14,PCC,C,3.1232014249141358,0.0,1.059383383164039,0.6654155254364014,1.149999976158142,34.72425106811524,0.2263147383928299
observed_test,v2_2018_376_48h,,15,PCC,A,2.915610662966831,0.0,0.8320874892748318,0.5210045576095581,1.149999976158142,34.72425106811524,0.2273654192686081
observed_test,v2_2018_376_48h,,15,PCC,B,2.915610662966831,0.0,0.8320874892748318,0.5210045576095581,1.149999976158142,34.72425106811524,0.2273654192686081
observed_test,v2_2018_376_48h,,15,PCC,C,2.915610662966831,0.0,0.8320874892748318,0.5210045576095581,1.149999976158142,34.72425106811524,0.2273654192686081
observed_test,v2_2018_376_48h,,16,PCC,A,2.9761405680146122,0.0,0.4978249852473919,0.5631123185157776,1.149999976158142,53.24800137329102,0.23022745549678802
observed_test,v2_2018_376_48h,,16,PCC,B,2.9761405680146122,0.0,0.4978249852473919,0.5631123185157776,1.149999976158142,53.24800137329102,0.23022745549678802
observed_test,v2_2018_376_48h,,16,PCC,C,2.9761405680146122,0.0,0.4978249852473919,0.5631123185157776,1.149999976158142,53.24800137329102,0.23022745549678802
observed_test,v2_2018_376_48h,,17,PCC,A,2.912059071852747,0.0,0.08339166927796143,0.5185338854789734,1.149999976158142,53.24800137329102,0.23224830627441406
observed_test,v2_2018_376_48h,,17,PCC,B,2.912059071852747,0.0,0.08339166927796143,0.5185338854789734,1.149999976158142,53.24800137329102,0.23224830627441406
observed_test,v2_2018_376_48h,,17,PCC,C,2.912059071852747,0.0,0.08339166927796143,0.5185338854789734,1.149999976158142,53.24800137329102,0.23224830627441406
observed_test,v2_2018_376_48h,,18,PCC,A,2.888165108802557,0.0,0.0,0.501911997795105,1.149999976158142,53.24800137329102,0.23508720099925995
observed_test,v2_2018_376_48h,,18,PCC,B,2.888165108802557,0.0,0.0,0.501911997795105,1.149999976158142,53.24800137329102,0.23508720099925995
observed_test,v2_2018_376_48h,,18,PCC,C,2.888165108802557,0.0,0.0,0.501911997795105,1.149999976158142,53.24800137329102,0.23508720099925995
observed_test,v2_2018_376_48h,,19,PCC,A,2.9849615821466244,0.0,0.0,0.5692486763000488,1.149999976158142,53.24800137329102,0.2324305921792984
observed_test,v2_2018_376_48h,,19,PCC,B,2.9849615821466244,0.0,0.0,0.5692486763000488,1.149999976158142,53.24800137329102,0.2324305921792984
observed_test,v2_2018_376_48h,,19,PCC,C,2.9849615821466244,0.0,0.0,0.5692486763000488,1.149999976158142,53.24800137329102,0.2324305921792984
observed_test,v2_2018_376_48h,,20,PCC,A,2.825617614510635,0.0,0.0,0.458400696516037,1.149999976158142,53.24800137329102,0.23353058099746704
observed_test,v2_2018_376_48h,,20,PCC,B,2.825617614510635,0.0,0.0,0.458400696516037,1.149999976158142,53.24800137329102,0.23353058099746704
observed_test,v2_2018_376_48h,,20,PCC,C,2.825617614510635,0.0,0.0,0.458400696516037,1.149999976158142,53.24800137329102,0.23353058099746704
observed_test,v2_2018_376_48h,,21,PCC,A,2.740638571998929,0.0,0.0,0.39928483963012695,1.149999976158142,53.24800137329102,0.24686963856220245
observed_test,v2_2018_376_48h,,21,PCC,B,2.740638571998929,0.0,0.0,0.39928483963012695,1.149999976158142,53.24800137329102,0.24686963856220245
observed_test,v2_2018_376_48h,,21,PCC,C,2.740638571998929,0.0,0.0,0.39928483963012695,1.149999976158142,53.24800137329102,0.24686963856220245
observed_test,v2_2018_376_48h,,22,PCC,A,2.689500792288461,0.0,0.0,0.3637107312679291,1.149999976158142,53.24800137329102,0.26785197854042053
observed_test,v2_2018_376_48h,,22,PCC,B,2.689500792288461,0.0,0.0,0.3637107312679291,1.149999976158142,53.24800137329102,0.26785197854042053
observed_test,v2_2018_376_48h,,22,PCC,C,2.689500792288461,0.0,0.0,0.3637107312679291,1.149999976158142,53.24800137329102,0.26785197854042053
observed_test,v2_2018_376_48h,,23,PCC,A,2.666340906989589,0.0,0.0,0.34759950637817383,1.149999976158142,53.24800137329102,0.2769745886325836
observed_test,v2_2018_376_48h,,23,PCC,B,2.666340906989589,0.0,0.0,0.34759950637817383,1.149999976158142,53.24800137329102,0.2769745886325836
observed_test,v2_2018_376_48h,,23,PCC,C,2.666340906989589,0.0,0.0,0.34759950637817383,1.149999976158142,53.24800137329102,0.2769745886325836
observed_test,v2_2018_376_48h,,24,PCC,A,2.589738233557025,0.0,0.0,0.29431068897247314,1.149999976158142,53.24800137329102,0.2671167552471161
observed_test,v2_2018_376_48h,,24,PCC,B,2.589738233557025,0.0,0.0,0.29431068897247314,1.149999976158142,53.24800137329102,0.2671167552471161
observed_test,v2_2018_376_48h,,24,PCC,C,2.589738233557025,0.0,0.0,0.29431068897247314,1.149999976158142,53.24800137329102,0.2671167552471161
observed_test,v2_2018_376_48h,,25,PCC,A,2.6237012928594003,0.0,0.0,0.3179371654987335,1.149999976158142,34.72425106811524,0.253480464220047
observed_test,v2_2018_376_48h,,25,PCC,B,2.6237012928594003,0.0,0.0,0.3179371654987335,1.149999976158142,34.72425106811524,0.253480464220047
observed_test,v2_2018_376_48h,,25,PCC,C,2.6237012928594003,0.0,0.0,0.3179371654987335,1.149999976158142,34.72425106811524,0.253480464220047
observed_test,v2_2018_376_48h,,26,PCC,A,2.4875831211508435,0.0,0.0,0.2232462614774704,1.149999976158142,34.72425106811524,0.24217432737350464
observed_test,v2_2018_376_48h,,26,PCC,B,2.4875831211508435,0.0,0.0,0.2232462614774704,1.149999976158142,34.72425106811524,0.24217432737350464
observed_test,v2_2018_376_48h,,26,PCC,C,2.4875831211508435,0.0,0.0,0.2232462614774704,1.149999976158142,34.72425106811524,0.24217432737350464
observed_test,v2_2018_376_48h,,27,PCC,A,2.5452259178952694,0.0,0.0,0.2633455991744995,1.149999976158142,53.24800137329102,0.24943625926971436
observed_test,v2_2018_376_48h,,27,PCC,B,2.5452259178952694,0.0,0.0,0.2633455991744995,1.149999976158142,53.24800137329102,0.24943625926971436
observed_test,v2_2018_376_48h,,27,PCC,C,2.5452259178952694,0.0,0.0,0.2633455991744995,1.149999976158142,53.24800137329102,0.24943625926971436
observed_test,v2_2018_376_48h,,28,PCC,A,2.6066056994782514,0.0,0.0,0.3060445785522461,1.149999976158142,53.24800137329102,0.24825505912303925
observed_test,v2_2018_376_48h,,28,PCC,B,2.6066056994782514,0.0,0.0,0.3060445785522461,1.149999976158142,53.24800137329102,0.24825505912303925
observed_test,v2_2018_376_48h,,28,PCC,C,2.6066056994782514,0.0,0.0,0.3060445785522461,1.149999976158142,53.24800137329102,0.24825505912303925
observed_test,v2_2018_376_48h,,29,PCC,A,2.5763726205374935,0.0,0.0,0.2850128710269928,1.149999976158142,53.24800137329102,0.23179291188716888
observed_test,v2_2018_376_48h,,29,PCC,B,2.5763726205374935,0.0,0.0,0.2850128710269928,1.149999976158142,53.24800137329102,0.23179291188716888
observed_test,v2_2018_376_48h,,29,PCC,C,2.5763726205374935,0.0,0.0,0.2850128710269928,1.149999976158142,53.24800137329102,0.23179291188716888
observed_test,v2_2018_376_48h,,30,PCC,A,2.7605416539868575,0.0,0.0,0.4131304621696472,1.149999976158142,121.88174847412108,0.22160188853740692
observed_test,v2_2018_376_48h,,30,PCC,B,2.7605416539868575,0.0,0.0,0.4131304621696472,1.149999976158142,121.88174847412108,0.22160188853740692
observed_test,v2_2018_376_48h,,30,PCC,C,2.7605416539868575,0.0,0.0,0.4131304621696472,1.149999976158142,121.88174847412108,0.22160188853740692
observed_test,v2_2018_376_48h,,31,PCC,A,3.0129513006293838,0.0,0.0,0.5887197852134705,1.149999976158142,121.88174847412108,0.21815140545368195
observed_test,v2_2018_376_48h,,31,PCC,B,3.0129513006293838,0.0,0.0,0.5887197852134705,1.149999976158142,121.88174847412108,0.21815140545368195
observed_test,v2_2018_376_48h,,31,PCC,C,3.0129513006293838,0.0,0.0,0.5887197852134705,1.149999976158142,121.88174847412108,0.21815140545368195
observed_test,v2_2018_376_48h,,32,PCC,A,2.7649040079514635,0.0,0.26142915280965656,0.41616514325141907,1.149999976158142,121.88174847412108,0.2183690369129181
observed_test,v2_2018_376_48h,,32,PCC,B,2.7649040079514635,0.0,0.26142915280965656,0.41616514325141907,1.149999976158142,121.88174847412108,0.2183690369129181
observed_test,v2_2018_376_48h,,32,PCC,C,2.7649040079514635,0.0,0.26142915280965656,0.41616514325141907,1.149999976158142,121.88174847412108,0.2183690369129181
observed_test,v2_2018_376_48h,,33,PCC,A,2.9051724072175276,0.0,0.5662750166196089,0.5137431621551514,1.149999976158142,121.88174847412108,0.22328698635101318
observed_test,v2_2018_376_48h,,33,PCC,B,2.9051724072175276,0.0,0.5662750166196089,0.5137431621551514,1.149999976158142,121.88174847412108,0.22328698635101318
observed_test,v2_2018_376_48h,,33,PCC,C,2.9051724072175276,0.0,0.5662750166196089,0.5137431621551514,1.149999976158142,121.88174847412108,0.22328698635101318
observed_test,v2_2018_376_48h,,34,PCC,A,2.6904467608222724,0.0,0.7705374979055843,0.3643687963485718,1.149999976158142,53.24800137329102,0.23920482397079468
observed_test,v2_2018_376_48h,,34,PCC,B,2.6904467608222724,0.0,0.7705374979055843,0.3643687963485718,1.149999976158142,53.24800137329102,0.23920482397079468
observed_test,v2_2018_376_48h,,34,PCC,C,2.6904467608222724,0.0,0.7705374979055843,0.3643687963485718,1.149999976158142,53.24800137329102,0.23920482397079468
observed_test,v2_2018_376_48h,,35,PCC,A,2.686130632121376,0.0,0.8230749804240006,0.36136627197265625,1.149999976158142,53.24800137329102,0.2592657804489136
observed_test,v2_2018_376_48h,,35,PCC,B,2.686130632121376,0.0,0.8230749804240006,0.36136627197265625,1.149999976158142,53.24800137329102,0.2592657804489136
observed_test,v2_2018_376_48h,,35,PCC,C,2.686130632121376,0.0,0.8230749804240006,0.36136627197265625,1.149999976158142,53.24800137329102,0.2592657804489136
observed_test,v2_2018_376_48h,,36,PCC,A,2.940481482794702,0.0,0.841529151568046,0.5383059978485107,1.149999976158142,34.72425106811524,0.2654508352279663
observed_test,v2_2018_376_48h,,36,PCC,B,2.940481482794702,0.0,0.841529151568046,0.5383059978485107,1.149999976158142,34.72425106811524,0.2654508352279663
observed_test,v2_2018_376_48h,,36,PCC,C,2.940481482794702,0.0,0.841529151568046,0.5383059978485107,1.149999976158142,34.72425106811524,0.2654508352279663
observed_test,v2_2018_376_48h,,37,PCC,A,3.033735447282245,0.0,0.8327999940285316,0.6031783223152161,1.149999976158142,34.72425106811524,0.26428574323654175
observed_test,v2_2018_376_48h,,37,PCC,B,3.033735447282245,0.0,0.8327999940285316,0.6031783223152161,1.149999976158142,34.72425106811524,0.26428574323654175
observed_test,v2_2018_376_48h,,37,PCC,C,3.033735447282245,0.0,0.8327999940285316,0.6031783223152161,1.149999976158142,34.72425106811524,0.26428574323654175
observed_test,v2_2018_376_48h,,38,PCC,A,3.1232014249141358,0.0,0.6688708296188941,0.6654155254364014,1.149999976158142,34.72425106811524,0.2717510163784027
observed_test,v2_2018_376_48h,,38,PCC,B,3.1232014249141358,0.0,0.6688708296188941,0.6654155254364014,1.149999976158142,34.72425106811524,0.2717510163784027
observed_test,v2_2018_376_48h,,38,PCC,C,3.1232014249141358,0.0,0.6688708296188941,0.6654155254364014,1.149999976158142,34.72425106811524,0.2717510163784027
observed_test,v2_2018_376_48h,,39,PCC,A,2.915610662966831,0.0,0.41844999560943014,0.5210045576095581,1.149999976158142,34.72425106811524,0.2733449637889862
observed_test,v2_2018_376_48h,,39,PCC,B,2.915610662966831,0.0,0.41844999560943014,0.5210045576095581,1.149999976158142,34.72425106811524,0.2733449637889862
observed_test,v2_2018_376_48h,,39,PCC,C,2.915610662966831,0.0,0.41844999560943014,0.5210045576095581,1.149999976158142,34.72425106811524,0.2733449637889862
observed_test,v2_2018_376_48h,,40,PCC,A,2.9761405680146122,0.0,0.17934583414059416,0.5631123185157776,1.149999976158142,53.24800137329102,0.2715685963630676
observed_test,v2_2018_376_48h,,40,PCC,B,2.9761405680146122,0.0,0.17934583414059416,0.5631123185157776,1.149999976158142,53.24800137329102,0.2715685963630676
observed_test,v2_2018_376_48h,,40,PCC,C,2.9761405680146122,0.0,0.17934583414059416,0.5631123185157776,1.149999976158142,53.24800137329102,0.2715685963630676
observed_test,v2_2018_376_48h,,41,PCC,A,2.912059071852747,0.0,0.03674583366284003,0.5185338854789734,1.149999976158142,53.24800137329102,0.2635834217071533
observed_test,v2_2018_376_48h,,41,PCC,B,2.912059071852747,0.0,0.03674583366284003,0.5185338854789734,1.149999976158142,53.24800137329102,0.2635834217071533
observed_test,v2_2018_376_48h,,41,PCC,C,2.912059071852747,0.0,0.03674583366284003,0.5185338854789734,1.149999976158142,53.24800137329102,0.2635834217071533
observed_test,v2_2018_376_48h,,42,PCC,A,2.888165108802557,0.0,0.0,0.501911997795105,1.149999976158142,53.24800137329102,0.2650112509727478
observed_test,v2_2018_376_48h,,42,PCC,B,2.888165108802557,0.0,0.0,0.501911997795105,1.149999976158142,53.24800137329102,0.2650112509727478
observed_test,v2_2018_376_48h,,42,PCC,C,2.888165108802557,0.0,0.0,0.501911997795105,1.149999976158142,53.24800137329102,0.2650112509727478
observed_test,v2_2018_376_48h,,43,PCC,A,2.9849615821466244,0.0,0.0,0.5692486763000488,1.149999976158142,53.24800137329102,0.2647228240966797
observed_test,v2_2018_376_48h,,43,PCC,B,2.9849615821466244,0.0,0.0,0.5692486763000488,1.149999976158142,53.24800137329102,0.2647228240966797
observed_test,v2_2018_376_48h,,43,PCC,C,2.9849615821466244,0.0,0.0,0.5692486763000488,1.149999976158142,53.24800137329102,0.2647228240966797
observed_test,v2_2018_376_48h,,44,PCC,A,2.825617614510635,0.0,0.0,0.458400696516037,1.149999976158142,53.24800137329102,0.2669733464717865
observed_test,v2_2018_376_48h,,44,PCC,B,2.825617614510635,0.0,0.0,0.458400696516037,1.149999976158142,53.24800137329102,0.2669733464717865
observed_test,v2_2018_376_48h,,44,PCC,C,2.825617614510635,0.0,0.0,0.458400696516037,1.149999976158142,53.24800137329102,0.2669733464717865
observed_test,v2_2018_376_48h,,45,PCC,A,2.740638571998929,0.0,0.0,0.39928483963012695,1.149999976158142,53.24800137329102,0.26793980598449707
observed_test,v2_2018_376_48h,,45,PCC,B,2.740638571998929,0.0,0.0,0.39928483963012695,1.149999976158142,53.24800137329102,0.26793980598449707
observed_test,v2_2018_376_48h,,45,PCC,C,2.740638571998929,0.0,0.0,0.39928483963012695,1.149999976158142,53.24800137329102,0.26793980598449707
observed_test,v2_2018_376_48h,,46,PCC,A,2.689500792288461,0.0,0.0,0.3637107312679291,1.149999976158142,53.24800137329102,0.2686484754085541
observed_test,v2_2018_376_48h,,46,PCC,B,2.689500792288461,0.0,0.0,0.3637107312679291,1.149999976158142,53.24800137329102,0.2686484754085541
observed_test,v2_2018_376_48h,,46,PCC,C,2.689500792288461,0.0,0.0,0.3637107312679291,1.149999976158142,53.24800137329102,0.2686484754085541
observed_test,v2_2018_376_48h,,47,PCC,A,2.666340906989589,0.0,0.0,0.34759950637817383,1.149999976158142,53.24800137329102,0.26784855127334595
observed_test,v2_2018_376_48h,,47,PCC,B,2.666340906989589,0.0,0.0,0.34759950637817383,1.149999976158142,53.24800137329102,0.26784855127334595
observed_test,v2_2018_376_48h,,47,PCC,C,2.666340906989589,0.0,0.0,0.34759950637817383,1.149999976158142,53.24800137329102,0.26784855127334595
observed_test,v2_2018_542_48h,,0,PCC,A,2.589738233557025,0.0,0.0,0.29431068897247314,1.149999976158142,53.24800137329102,0.3395504057407379
observed_test,v2_2018_542_48h,,0,PCC,B,2.589738233557025,0.0,0.0,0.29431068897247314,1.149999976158142,53.24800137329102,0.3395504057407379
observed_test,v2_2018_542_48h,,0,PCC,C,2.589738233557025,0.0,0.0,0.29431068897247314,1.149999976158142,53.24800137329102,0.3395504057407379
observed_test,v2_2018_542_48h,,1,PCC,A,2.6237012928594003,0.0,0.0,0.3179371654987335,1.149999976158142,53.24800137329102,0.3584844470024109
observed_test,v2_2018_542_48h,,1,PCC,B,2.6237012928594003,0.0,0.0,0.3179371654987335,1.149999976158142,53.24800137329102,0.3584844470024109
observed_test,v2_2018_542_48h,,1,PCC,C,2.6237012928594003,0.0,0.0,0.3179371654987335,1.149999976158142,53.24800137329102,0.3584844470024109
observed_test,v2_2018_542_48h,,2,PCC,A,2.4875831211508435,0.0,0.0,0.2232462614774704,1.149999976158142,53.24800137329102,0.3493867814540863
observed_test,v2_2018_542_48h,,2,PCC,B,2.4875831211508435,0.0,0.0,0.2232462614774704,1.149999976158142,53.24800137329102,0.3493867814540863
observed_test,v2_2018_542_48h,,2,PCC,C,2.4875831211508435,0.0,0.0,0.2232462614774704,1.149999976158142,53.24800137329102,0.3493867814540863
observed_test,v2_2018_542_48h,,3,PCC,A,2.5452259178952694,0.0,0.0,0.2633455991744995,1.149999976158142,53.24800137329102,0.34039369225502014
observed_test,v2_2018_542_48h,,3,PCC,B,2.5452259178952694,0.0,0.0,0.2633455991744995,1.149999976158142,53.24800137329102,0.34039369225502014
observed_test,v2_2018_542_48h,,3,PCC,C,2.5452259178952694,0.0,0.0,0.2633455991744995,1.149999976158142,53.24800137329102,0.34039369225502014
observed_test,v2_2018_542_48h,,4,PCC,A,2.6066056994782514,0.0,0.0,0.3060445785522461,1.149999976158142,53.24800137329102,0.3419335186481476
observed_test,v2_2018_542_48h,,4,PCC,B,2.6066056994782514,0.0,0.0,0.3060445785522461,1.149999976158142,53.24800137329102,0.3419335186481476
observed_test,v2_2018_542_48h,,4,PCC,C,2.6066056994782514,0.0,0.0,0.3060445785522461,1.149999976158142,53.24800137329102,0.3419335186481476
observed_test,v2_2018_542_48h,,5,PCC,A,2.5763726205374935,0.0,0.0,0.2850128710269928,1.149999976158142,53.24800137329102,0.34306105971336365
observed_test,v2_2018_542_48h,,5,PCC,B,2.5763726205374935,0.0,0.0,0.2850128710269928,1.149999976158142,53.24800137329102,0.34306105971336365
observed_test,v2_2018_542_48h,,5,PCC,C,2.5763726205374935,0.0,0.0,0.2850128710269928,1.149999976158142,53.24800137329102,0.34306105971336365
observed_test,v2_2018_542_48h,,6,PCC,A,2.7605416539868575,0.0,0.0,0.4131304621696472,1.149999976158142,53.24800137329102,0.3405168056488037
observed_test,v2_2018_542_48h,,6,PCC,B,2.7605416539868575,0.0,0.0,0.4131304621696472,1.149999976158142,53.24800137329102,0.3405168056488037
observed_test,v2_2018_542_48h,,6,PCC,C,2.7605416539868575,0.0,0.0,0.4131304621696472,1.149999976158142,53.24800137329102,0.3405168056488037
observed_test,v2_2018_542_48h,,7,PCC,A,3.0129513006293838,0.0,0.0,0.5887197852134705,1.149999976158142,53.24800137329102,0.3422624468803406
observed_test,v2_2018_542_48h,,7,PCC,B,3.0129513006293838,0.0,0.0,0.5887197852134705,1.149999976158142,53.24800137329102,0.3422624468803406
observed_test,v2_2018_542_48h,,7,PCC,C,3.0129513006293838,0.0,0.0,0.5887197852134705,1.149999976158142,53.24800137329102,0.3422624468803406
observed_test,v2_2018_542_48h,,8,PCC,A,2.7649040079514635,0.0,0.3588416541998203,0.41616514325141907,1.149999976158142,53.24800137329102,0.3416255712509155
observed_test,v2_2018_542_48h,,8,PCC,B,2.7649040079514635,0.0,0.3588416541998203,0.41616514325141907,1.149999976158142,53.24800137329102,0.3416255712509155
observed_test,v2_2018_542_48h,,8,PCC,C,2.7649040079514635,0.0,0.3588416541998203,0.41616514325141907,1.149999976158142,53.24800137329102,0.3416255712509155
observed_test,v2_2018_542_48h,,9,PCC,A,2.9051724072175276,0.0,0.72754999765983,0.5137431621551514,1.149999976158142,53.24800137329102,0.34979093074798584
observed_test,v2_2018_542_48h,,9,PCC,B,2.9051724072175276,0.0,0.72754999765983,0.5137431621551514,1.149999976158142,53.24800137329102,0.34979093074798584
observed_test,v2_2018_542_48h,,9,PCC,C,2.9051724072175276,0.0,0.72754999765983,0.5137431621551514,1.149999976158142,53.24800137329102,0.34979093074798584
observed_test,v2_2018_542_48h,,10,PCC,A,2.6904467608222724,0.0,0.953833357645915,0.3643687963485718,1.149999976158142,53.24800137329102,0.3513350784778595
observed_test,v2_2018_542_48h,,10,PCC,B,2.6904467608222724,0.0,0.953833357645915,0.3643687963485718,1.149999976158142,53.24800137329102,0.3513350784778595
observed_test,v2_2018_542_48h,,10,PCC,C,2.6904467608222724,0.0,0.953833357645915,0.3643687963485718,1.149999976158142,53.24800137329102,0.3513350784778595
observed_test,v2_2018_542_48h,,11,PCC,A,2.686130632121376,0.0,1.0817833817922151,0.36136627197265625,1.149999976158142,53.24800137329102,0.352043479681015
observed_test,v2_2018_542_48h,,11,PCC,B,2.686130632121376,0.0,1.0817833817922151,0.36136627197265625,1.149999976158142,53.24800137329102,0.352043479681015
observed_test,v2_2018_542_48h,,11,PCC,C,2.686130632121376,0.0,1.0817833817922151,0.36136627197265625,1.149999976158142,53.24800137329102,0.352043479681015
observed_test,v2_2018_542_48h,,12,PCC,A,2.940481482794702,0.0,1.118341661416567,0.5383059978485107,1.149999976158142,53.24800137329102,0.35197725892066956
observed_test,v2_2018_542_48h,,12,PCC,B,2.940481482794702,0.0,1.118341661416567,0.5383059978485107,1.149999976158142,53.24800137329102,0.35197725892066956
observed_test,v2_2018_542_48h,,12,PCC,C,2.940481482794702,0.0,1.118341661416567,0.5383059978485107,1.149999976158142,53.24800137329102,0.35197725892066956
observed_test,v2_2018_542_48h,,13,PCC,A,3.033735447282245,0.0,1.041087508201599,0.6031783223152161,1.149999976158142,53.24800137329102,0.3435025215148926
observed_test,v2_2018_542_48h,,13,PCC,B,3.033735447282245,0.0,1.041087508201599,0.6031783223152161,1.149999976158142,53.24800137329102,0.3435025215148926
observed_test,v2_2018_542_48h,,13,PCC,C,3.033735447282245,0.0,1.041087508201599,0.6031783223152161,1.149999976158142,53.24800137329102,0.3435025215148926
observed_test,v2_2018_542_48h,,14,PCC,A,3.1232014249141358,0.0,0.5646666655173668,0.6654155254364014,1.149999976158142,53.24800137329102,0.33751198649406433
observed_test,v2_2018_542_48h,,14,PCC,B,3.1232014249141358,0.0,0.5646666655173668,0.6654155254364014,1.149999976158142,53.24800137329102,0.33751198649406433
observed_test,v2_2018_542_48h,,14,PCC,C,3.1232014249141358,0.0,0.5646666655173668,0.6654155254364014,1.149999976158142,53.24800137329102,0.33751198649406433
observed_test,v2_2018_542_48h,,15,PCC,A,2.915610662966831,0.0,0.1549166698868458,0.5210045576095581,1.149999976158142,53.24800137329102,0.3310859501361847
observed_test,v2_2018_542_48h,,15,PCC,B,2.915610662966831,0.0,0.1549166698868458,0.5210045576095581,1.149999976158142,53.24800137329102,0.3310859501361847
observed_test,v2_2018_542_48h,,15,PCC,C,2.915610662966831,0.0,0.1549166698868458,0.5210045576095581,1.149999976158142,53.24800137329102,0.3310859501361847
observed_test,v2_2018_542_48h,,16,PCC,A,2.9761405680146122,0.0,0.05527916722572767,0.5631123185157776,1.149999976158142,53.24800137329102,0.32164841890335083
observed_test,v2_2018_542_48h,,16,PCC,B,2.9761405680146122,0.0,0.05527916722572767,0.5631123185157776,1.149999976158142,53.24800137329102,0.32164841890335083
observed_test,v2_2018_542_48h,,16,PCC,C,2.9761405680146122,0.0,0.05527916722572767,0.5631123185157776,1.149999976158142,53.24800137329102,0.32164841890335083
observed_test,v2_2018_542_48h,,17,PCC,A,2.912059071852747,0.0,0.0,0.5185338854789734,1.149999976158142,53.24800137329102,0.2997533977031708
observed_test,v2_2018_542_48h,,17,PCC,B,2.912059071852747,0.0,0.0,0.5185338854789734,1.149999976158142,53.24800137329102,0.2997533977031708
observed_test,v2_2018_542_48h,,17,PCC,C,2.912059071852747,0.0,0.0,0.5185338854789734,1.149999976158142,53.24800137329102,0.2997533977031708
observed_test,v2_2018_542_48h,,18,PCC,A,2.888165108802557,0.0,0.0,0.501911997795105,1.149999976158142,53.24800137329102,0.2852819263935089
observed_test,v2_2018_542_48h,,18,PCC,B,2.888165108802557,0.0,0.0,0.501911997795105,1.149999976158142,53.24800137329102,0.2852819263935089
observed_test,v2_2018_542_48h,,18,PCC,C,2.888165108802557,0.0,0.0,0.501911997795105,1.149999976158142,53.24800137329102,0.2852819263935089
observed_test,v2_2018_542_48h,,19,PCC,A,2.9849615821466244,0.0,0.0,0.5692486763000488,1.149999976158142,53.24800137329102,0.2762019634246826
observed_test,v2_2018_542_48h,,19,PCC,B,2.9849615821466244,0.0,0.0,0.5692486763000488,1.149999976158142,53.24800137329102,0.2762019634246826
observed_test,v2_2018_542_48h,,19,PCC,C,2.9849615821466244,0.0,0.0,0.5692486763000488,1.149999976158142,53.24800137329102,0.2762019634246826
observed_test,v2_2018_542_48h,,20,PCC,A,2.825617614510635,0.0,0.0,0.458400696516037,1.149999976158142,53.24800137329102,0.2631073296070099
observed_test,v2_2018_542_48h,,20,PCC,B,2.825617614510635,0.0,0.0,0.458400696516037,1.149999976158142,53.24800137329102,0.2631073296070099
observed_test,v2_2018_542_48h,,20,PCC,C,2.825617614510635,0.0,0.0,0.458400696516037,1.149999976158142,53.24800137329102,0.2631073296070099
observed_test,v2_2018_542_48h,,21,PCC,A,2.740638571998929,0.0,0.0,0.39928483963012695,1.149999976158142,53.24800137329102,0.2648462951183319
observed_test,v2_2018_542_48h,,21,PCC,B,2.740638571998929,0.0,0.0,0.39928483963012695,1.149999976158142,53.24800137329102,0.2648462951183319
observed_test,v2_2018_542_48h,,21,PCC,C,2.740638571998929,0.0,0.0,0.39928483963012695,1.149999976158142,53.24800137329102,0.2648462951183319
observed_test,v2_2018_542_48h,,22,PCC,A,2.689500792288461,0.0,0.0,0.3637107312679291,1.149999976158142,53.24800137329102,0.27600327134132385
observed_test,v2_2018_542_48h,,22,PCC,B,2.689500792288461,0.0,0.0,0.3637107312679291,1.149999976158142,53.24800137329102,0.27600327134132385
observed_test,v2_2018_542_48h,,22,PCC,C,2.689500792288461,0.0,0.0,0.3637107312679291,1.149999976158142,53.24800137329102,0.27600327134132385
observed_test,v2_2018_542_48h,,23,PCC,A,2.666340906989589,0.0,0.0,0.34759950637817383,1.149999976158142,53.24800137329102,0.279354065656662
observed_test,v2_2018_542_48h,,23,PCC,B,2.666340906989589,0.0,0.0,0.34759950637817383,1.149999976158142,53.24800137329102,0.279354065656662
observed_test,v2_2018_542_48h,,23,PCC,C,2.666340906989589,0.0,0.0,0.34759950637817383,1.149999976158142,53.24800137329102,0.279354065656662
observed_test,v2_2018_542_48h,,24,PCC,A,2.589738233557025,0.0,0.0,0.29431068897247314,1.149999976158142,53.24800137329102,0.2890777885913849
observed_test,v2_2018_542_48h,,24,PCC,B,2.589738233557025,0.0,0.0,0.29431068897247314,1.149999976158142,53.24800137329102,0.2890777885913849
observed_test,v2_2018_542_48h,,24,PCC,C,2.589738233557025,0.0,0.0,0.29431068897247314,1.149999976158142,53.24800137329102,0.2890777885913849
observed_test,v2_2018_542_48h,,25,PCC,A,2.6237012928594003,0.0,0.0,0.3179371654987335,1.149999976158142,34.72425106811524,0.3088434636592865
observed_test,v2_2018_542_48h,,25,PCC,B,2.6237012928594003,0.0,0.0,0.3179371654987335,1.149999976158142,34.72425106811524,0.3088434636592865
observed_test,v2_2018_542_48h,,25,PCC,C,2.6237012928594003,0.0,0.0,0.3179371654987335,1.149999976158142,34.72425106811524,0.3088434636592865
observed_test,v2_2018_542_48h,,26,PCC,A,2.4875831211508435,0.0,0.0,0.2232462614774704,1.149999976158142,34.72425106811524,0.3097779154777527
observed_test,v2_2018_542_48h,,26,PCC,B,2.4875831211508435,0.0,0.0,0.2232462614774704,1.149999976158142,34.72425106811524,0.3097779154777527
observed_test,v2_2018_542_48h,,26,PCC,C,2.4875831211508435,0.0,0.0,0.2232462614774704,1.149999976158142,34.72425106811524,0.3097779154777527
observed_test,v2_2018_542_48h,,27,PCC,A,2.5452259178952694,0.0,0.0,0.2633455991744995,1.149999976158142,53.24800137329102,0.31163012981414795
observed_test,v2_2018_542_48h,,27,PCC,B,2.5452259178952694,0.0,0.0,0.2633455991744995,1.149999976158142,53.24800137329102,0.31163012981414795
observed_test,v2_2018_542_48h,,27,PCC,C,2.5452259178952694,0.0,0.0,0.2633455991744995,1.149999976158142,53.24800137329102,0.31163012981414795
observed_test,v2_2018_542_48h,,28,PCC,A,2.6066056994782514,0.0,0.0,0.3060445785522461,1.149999976158142,53.24800137329102,0.32150399684906006
observed_test,v2_2018_542_48h,,28,PCC,B,2.6066056994782514,0.0,0.0,0.3060445785522461,1.149999976158142,53.24800137329102,0.32150399684906006
observed_test,v2_2018_542_48h,,28,PCC,C,2.6066056994782514,0.0,0.0,0.3060445785522461,1.149999976158142,53.24800137329102,0.32150399684906006
observed_test,v2_2018_542_48h,,29,PCC,A,2.5763726205374935,0.0,0.0,0.2850128710269928,1.149999976158142,53.24800137329102,0.3338591456413269
observed_test,v2_2018_542_48h,,29,PCC,B,2.5763726205374935,0.0,0.0,0.2850128710269928,1.149999976158142,53.24800137329102,0.3338591456413269
observed_test,v2_2018_542_48h,,29,PCC,C,2.5763726205374935,0.0,0.0,0.2850128710269928,1.149999976158142,53.24800137329102,0.3338591456413269
observed_test,v2_2018_542_48h,,30,PCC,A,2.7605416539868575,0.0,0.0,0.4131304621696472,1.149999976158142,121.88174847412108,0.3498738408088684
observed_test,v2_2018_542_48h,,30,PCC,B,2.7605416539868575,0.0,0.0,0.4131304621696472,1.149999976158142,121.88174847412108,0.3498738408088684
observed_test,v2_2018_542_48h,,30,PCC,C,2.7605416539868575,0.0,0.0,0.4131304621696472,1.149999976158142,121.88174847412108,0.3498738408088684
observed_test,v2_2018_542_48h,,31,PCC,A,3.0129513006293838,0.0,0.0,0.5887197852134705,1.149999976158142,121.88174847412108,0.3462944030761719
observed_test,v2_2018_542_48h,,31,PCC,B,3.0129513006293838,0.0,0.0,0.5887197852134705,1.149999976158142,121.88174847412108,0.3462944030761719
observed_test,v2_2018_542_48h,,31,PCC,C,3.0129513006293838,0.0,0.0,0.5887197852134705,1.149999976158142,121.88174847412108,0.3462944030761719
observed_test,v2_2018_542_48h,,32,PCC,A,2.7649040079514635,0.0,0.3556791692972183,0.41616514325141907,1.149999976158142,121.88174847412108,0.3434279263019562
observed_test,v2_2018_542_48h,,32,PCC,B,2.7649040079514635,0.0,0.3556791692972183,0.41616514325141907,1.149999976158142,121.88174847412108,0.3434279263019562
observed_test,v2_2018_542_48h,,32,PCC,C,2.7649040079514635,0.0,0.3556791692972183,0.41616514325141907,1.149999976158142,121.88174847412108,0.3434279263019562
observed_test,v2_2018_542_48h,,33,PCC,A,2.9051724072175276,0.0,0.698012514756276,0.5137431621551514,1.149999976158142,121.88174847412108,0.34227651357650757
observed_test,v2_2018_542_48h,,33,PCC,B,2.9051724072175276,0.0,0.698012514756276,0.5137431621551514,1.149999976158142,121.88174847412108,0.34227651357650757
observed_test,v2_2018_542_48h,,33,PCC,C,2.9051724072175276,0.0,0.698012514756276,0.5137431621551514,1.149999976158142,121.88174847412108,0.34227651357650757
observed_test,v2_2018_542_48h,,34,PCC,A,2.6904467608222724,0.0,1.0104208038403437,0.3643687963485718,1.149999976158142,53.24800137329102,0.34157341718673706
observed_test,v2_2018_542_48h,,34,PCC,B,2.6904467608222724,0.0,1.0104208038403437,0.3643687963485718,1.149999976158142,53.24800137329102,0.34157341718673706
observed_test,v2_2018_542_48h,,34,PCC,C,2.6904467608222724,0.0,1.0104208038403437,0.3643687963485718,1.149999976158142,53.24800137329102,0.34157341718673706
observed_test,v2_2018_542_48h,,35,PCC,A,2.686130632121376,0.0,1.1441833697832546,0.36136627197265625,1.149999976158142,53.24800137329102,0.33814752101898193
observed_test,v2_2018_542_48h,,35,PCC,B,2.686130632121376,0.0,1.1441833697832546,0.36136627197265625,1.149999976158142,53.24800137329102,0.33814752101898193
observed_test,v2_2018_542_48h,,35,PCC,C,2.686130632121376,0.0,1.1441833697832546,0.36136627197265625,1.149999976158142,53.24800137329102,0.33814752101898193
observed_test,v2_2018_542_48h,,36,PCC,A,2.940481482794702,0.0,1.17980413711988,0.5383059978485107,1.149999976158142,34.72425106811524,0.33659231662750244
observed_test,v2_2018_542_48h,,36,PCC,B,2.940481482794702,0.0,1.17980413711988,0.5383059978485107,1.149999976158142,34.72425106811524,0.33659231662750244
observed_test,v2_2018_542_48h,,36,PCC,C,2.940481482794702,0.0,1.17980413711988,0.5383059978485107,1.149999976158142,34.72425106811524,0.33659231662750244
observed_test,v2_2018_542_48h,,37,PCC,A,3.033735447282245,0.0,1.1227749861203706,0.6031783223152161,1.149999976158142,34.72425106811524,0.3255828320980072
observed_test,v2_2018_542_48h,,37,PCC,B,3.033735447282245,0.0,1.1227749861203706,0.6031783223152161,1.149999976158142,34.72425106811524,0.3255828320980072
observed_test,v2_2018_542_48h,,37,PCC,C,3.033735447282245,0.0,1.1227749861203706,0.6031783223152161,1.149999976158142,34.72425106811524,0.3255828320980072
observed_test,v2_2018_542_48h,,38,PCC,A,3.1232014249141358,0.0,0.9750958818655747,0.6654155254364014,1.149999976158142,34.72425106811524,0.31709447503089905
observed_test,v2_2018_542_48h,,38,PCC,B,3.1232014249141358,0.0,0.9750958818655747,0.6654155254364014,1.149999976158142,34.72425106811524,0.31709447503089905
observed_test,v2_2018_542_48h,,38,PCC,C,3.1232014249141358,0.0,0.9750958818655747,0.6654155254364014,1.149999976158142,34.72425106811524,0.31709447503089905
observed_test,v2_2018_542_48h,,39,PCC,A,2.915610662966831,0.0,0.7193541870667383,0.5210045576095581,1.149999976158142,34.72425106811524,0.3180161416530609
observed_test,v2_2018_542_48h,,39,PCC,B,2.915610662966831,0.0,0.7193541870667383,0.5210045576095581,1.149999976158142,34.72425106811524,0.3180161416530609
observed_test,v2_2018_542_48h,,39,PCC,C,2.915610662966831,0.0,0.7193541870667383,0.5210045576095581,1.149999976158142,34.72425106811524,0.3180161416530609
observed_test,v2_2018_542_48h,,40,PCC,A,2.9761405680146122,0.0,0.3309583434691796,0.5631123185157776,1.149999976158142,53.24800137329102,0.31527936458587646
observed_test,v2_2018_542_48h,,40,PCC,B,2.9761405680146122,0.0,0.3309583434691796,0.5631123185157776,1.149999976158142,53.24800137329102,0.31527936458587646
observed_test,v2_2018_542_48h,,40,PCC,C,2.9761405680146122,0.0,0.3309583434691796,0.5631123185157776,1.149999976158142,53.24800137329102,0.31527936458587646
observed_test,v2_2018_542_48h,,41,PCC,A,2.912059071852747,0.0,0.0,0.5185338854789734,1.149999976158142,53.24800137329102,0.2851102352142334
observed_test,v2_2018_542_48h,,41,PCC,B,2.912059071852747,0.0,0.0,0.5185338854789734,1.149999976158142,53.24800137329102,0.2851102352142334
observed_test,v2_2018_542_48h,,41,PCC,C,2.912059071852747,0.0,0.0,0.5185338854789734,1.149999976158142,53.24800137329102,0.2851102352142334
observed_test,v2_2018_542_48h,,42,PCC,A,2.888165108802557,0.0,0.0,0.501911997795105,1.149999976158142,53.24800137329102,0.2613919973373413
observed_test,v2_2018_542_48h,,42,PCC,B,2.888165108802557,0.0,0.0,0.501911997795105,1.149999976158142,53.24800137329102,0.2613919973373413
observed_test,v2_2018_542_48h,,42,PCC,C,2.888165108802557,0.0,0.0,0.501911997795105,1.149999976158142,53.24800137329102,0.2613919973373413
observed_test,v2_2018_542_48h,,43,PCC,A,2.9849615821466244,0.0,0.0,0.5692486763000488,1.149999976158142,53.24800137329102,0.24509786069393158
observed_test,v2_2018_542_48h,,43,PCC,B,2.9849615821466244,0.0,0.0,0.5692486763000488,1.149999976158142,53.24800137329102,0.24509786069393158
observed_test,v2_2018_542_48h,,43,PCC,C,2.9849615821466244,0.0,0.0,0.5692486763000488,1.149999976158142,53.24800137329102,0.24509786069393158
observed_test,v2_2018_542_48h,,44,PCC,A,2.825617614510635,0.0,0.0,0.458400696516037,1.149999976158142,53.24800137329102,0.24263539910316467
observed_test,v2_2018_542_48h,,44,PCC,B,2.825617614510635,0.0,0.0,0.458400696516037,1.149999976158142,53.24800137329102,0.24263539910316467
observed_test,v2_2018_542_48h,,44,PCC,C,2.825617614510635,0.0,0.0,0.458400696516037,1.149999976158142,53.24800137329102,0.24263539910316467
observed_test,v2_2018_542_48h,,45,PCC,A,2.740638571998929,0.0,0.0,0.39928483963012695,1.149999976158142,53.24800137329102,0.24301493167877197
observed_test,v2_2018_542_48h,,45,PCC,B,2.740638571998929,0.0,0.0,0.39928483963012695,1.149999976158142,53.24800137329102,0.24301493167877197
observed_test,v2_2018_542_48h,,45,PCC,C,2.740638571998929,0.0,0.0,0.39928483963012695,1.149999976158142,53.24800137329102,0.24301493167877197
observed_test,v2_2018_542_48h,,46,PCC,A,2.689500792288461,0.0,0.0,0.3637107312679291,1.149999976158142,53.24800137329102,0.24866795539855957
observed_test,v2_2018_542_48h,,46,PCC,B,2.689500792288461,0.0,0.0,0.3637107312679291,1.149999976158142,53.24800137329102,0.24866795539855957
observed_test,v2_2018_542_48h,,46,PCC,C,2.689500792288461,0.0,0.0,0.3637107312679291,1.149999976158142,53.24800137329102,0.24866795539855957
observed_test,v2_2018_542_48h,,47,PCC,A,2.666340906989589,0.0,0.0,0.34759950637817383,1.149999976158142,53.24800137329102,0.26080694794654846
observed_test,v2_2018_542_48h,,47,PCC,B,2.666340906989589,0.0,0.0,0.34759950637817383,1.149999976158142,53.24800137329102,0.26080694794654846
observed_test,v2_2018_542_48h,,47,PCC,C,2.666340906989589,0.0,0.0,0.34759950637817383,1.149999976158142,53.24800137329102,0.26080694794654846
observed_test,v2_2018_429_48h,,0,PCC,A,2.589738233557025,0.0,0.0,0.29431068897247314,1.149999976158142,53.24800137329102,0.29204216599464417
observed_test,v2_2018_429_48h,,0,PCC,B,2.589738233557025,0.0,0.0,0.29431068897247314,1.149999976158142,53.24800137329102,0.29204216599464417
observed_test,v2_2018_429_48h,,0,PCC,C,2.589738233557025,0.0,0.0,0.29431068897247314,1.149999976158142,53.24800137329102,0.29204216599464417
observed_test,v2_2018_429_48h,,1,PCC,A,2.6237012928594003,0.0,0.0,0.3179371654987335,1.149999976158142,34.72425106811524,0.28155291080474854
observed_test,v2_2018_429_48h,,1,PCC,B,2.6237012928594003,0.0,0.0,0.3179371654987335,1.149999976158142,34.72425106811524,0.28155291080474854
observed_test,v2_2018_429_48h,,1,PCC,C,2.6237012928594003,0.0,0.0,0.3179371654987335,1.149999976158142,34.72425106811524,0.28155291080474854
observed_test,v2_2018_429_48h,,2,PCC,A,2.4875831211508435,0.0,0.0,0.2232462614774704,1.149999976158142,34.72425106811524,0.30299630761146545
observed_test,v2_2018_429_48h,,2,PCC,B,2.4875831211508435,0.0,0.0,0.2232462614774704,1.149999976158142,34.72425106811524,0.30299630761146545
observed_test,v2_2018_429_48h,,2,PCC,C,2.4875831211508435,0.0,0.0,0.2232462614774704,1.149999976158142,34.72425106811524,0.30299630761146545
observed_test,v2_2018_429_48h,,3,PCC,A,2.5452259178952694,0.0,0.0,0.2633455991744995,1.149999976158142,34.72425106811524,0.29573163390159607
observed_test,v2_2018_429_48h,,3,PCC,B,2.5452259178952694,0.0,0.0,0.2633455991744995,1.149999976158142,34.72425106811524,0.29573163390159607
observed_test,v2_2018_429_48h,,3,PCC,C,2.5452259178952694,0.0,0.0,0.2633455991744995,1.149999976158142,34.72425106811524,0.29573163390159607
observed_test,v2_2018_429_48h,,4,PCC,A,2.6066056994782514,0.0,0.0,0.3060445785522461,1.149999976158142,34.72425106811524,0.2604200541973114
observed_test,v2_2018_429_48h,,4,PCC,B,2.6066056994782514,0.0,0.0,0.3060445785522461,1.149999976158142,34.72425106811524,0.2604200541973114
observed_test,v2_2018_429_48h,,4,PCC,C,2.6066056994782514,0.0,0.0,0.3060445785522461,1.149999976158142,34.72425106811524,0.2604200541973114
observed_test,v2_2018_429_48h,,5,PCC,A,2.5763726205374935,0.0,0.004345833216435634,0.2850128710269928,1.149999976158142,34.72425106811524,0.24564382433891296
observed_test,v2_2018_429_48h,,5,PCC,B,2.5763726205374935,0.0,0.004345833216435634,0.2850128710269928,1.149999976158142,34.72425106811524,0.24564382433891296
observed_test,v2_2018_429_48h,,5,PCC,C,2.5763726205374935,0.0,0.004345833216435634,0.2850128710269928,1.149999976158142,34.72425106811524,0.24564382433891296
observed_test,v2_2018_429_48h,,6,PCC,A,2.7605416539868575,0.0,0.09664583664674024,0.4131304621696472,1.149999976158142,53.24800137329102,0.23213675618171692
observed_test,v2_2018_429_48h,,6,PCC,B,2.7605416539868575,0.0,0.09664583664674024,0.4131304621696472,1.149999976158142,53.24800137329102,0.23213675618171692
observed_test,v2_2018_429_48h,,6,PCC,C,2.7605416539868575,0.0,0.09664583664674024,0.4131304621696472,1.149999976158142,53.24800137329102,0.23213675618171692
observed_test,v2_2018_429_48h,,7,PCC,A,3.0315111269718575,0.0,0.36419584200932426,0.5887197852134705,1.1577249765396118,53.24800137329102,0.22217637300491333
observed_test,v2_2018_429_48h,,7,PCC,B,3.0315111269718575,0.0,0.36419584200932426,0.5887197852134705,1.1577249765396118,53.24800137329102,0.22217637300491333
observed_test,v2_2018_429_48h,,7,PCC,C,3.0315111269718575,0.0,0.36419584200932426,0.5887197852134705,1.1577249765396118,53.24800137329102,0.22217637300491333
observed_test,v2_2018_429_48h,,8,PCC,A,2.824933598931836,0.0,0.6265041919854971,0.41616514325141907,1.1774499416351318,53.24800137329102,0.2238142341375351
observed_test,v2_2018_429_48h,,8,PCC,B,2.824933598931836,0.0,0.6265041919854971,0.41616514325141907,1.1774499416351318,53.24800137329102,0.2238142341375351
observed_test,v2_2018_429_48h,,8,PCC,C,2.824933598931836,0.0,0.6265041919854971,0.41616514325141907,1.1774499416351318,53.24800137329102,0.2238142341375351
observed_test,v2_2018_429_48h,,9,PCC,A,3.013399545625056,0.0,0.9129583262480221,0.5137431621551514,1.196874976158142,53.24800137329102,0.2249642014503479
observed_test,v2_2018_429_48h,,9,PCC,B,3.013399545625056,0.0,0.9129583262480221,0.5137431621551514,1.196874976158142,53.24800137329102,0.2249642014503479
observed_test,v2_2018_429_48h,,9,PCC,C,3.013399545625056,0.0,0.9129583262480221,0.5137431621551514,1.196874976158142,53.24800137329102,0.2249642014503479
observed_test,v2_2018_429_48h,,10,PCC,A,2.8083840335723096,0.0,1.0779166450867286,0.3643687963485718,1.2055749893188477,53.24800137329102,0.22651337087154388
observed_test,v2_2018_429_48h,,10,PCC,B,2.8083840335723096,0.0,1.0779166450867286,0.3643687963485718,1.2055749893188477,53.24800137329102,0.22651337087154388
observed_test,v2_2018_429_48h,,10,PCC,C,2.8083840335723096,0.0,1.0779166450867286,0.3643687963485718,1.2055749893188477,53.24800137329102,0.22651337087154388
observed_test,v2_2018_429_48h,,11,PCC,A,2.8133920751545247,0.0,1.1748875562961285,0.36136627197265625,1.2100750207901,53.24800137329102,0.23188455402851105
observed_test,v2_2018_429_48h,,11,PCC,B,2.8133920751545247,0.0,1.1748875562961285,0.36136627197265625,1.2100750207901,53.24800137329102,0.23188455402851105
observed_test,v2_2018_429_48h,,11,PCC,C,2.8133920751545247,0.0,1.1748875562961285,0.36136627197265625,1.2100750207901,53.24800137329102,0.23188455402851105
observed_test,v2_2018_429_48h,,12,PCC,A,3.0861184606444803,0.0,1.1984041103949912,0.5383059978485107,1.212249994277954,53.24800137329102,0.24851679801940918
observed_test,v2_2018_429_48h,,12,PCC,B,3.0861184606444803,0.0,1.1984041103949912,0.5383059978485107,1.212249994277954,53.24800137329102,0.24851679801940918
observed_test,v2_2018_429_48h,,12,PCC,C,3.0861184606444803,0.0,1.1984041103949912,0.5383059978485107,1.212249994277954,53.24800137329102,0.24851679801940918
observed_test,v2_2018_429_48h,,13,PCC,A,3.1862356524415003,0.0,1.1479457983603842,0.6031783223152161,1.212999939918518,53.24800137329102,0.2552449107170105
observed_test,v2_2018_429_48h,,13,PCC,B,3.1862356524415003,0.0,1.1479457983603842,0.6031783223152161,1.212999939918518,53.24800137329102,0.2552449107170105
observed_test,v2_2018_429_48h,,13,PCC,C,3.1862356524415003,0.0,1.1479457983603842,0.6031783223152161,1.212999939918518,53.24800137329102,0.2552449107170105
observed_test,v2_2018_429_48h,,14,PCC,A,3.279291133779767,0.0,1.0272750487694373,0.6654155254364014,1.2124749422073364,53.24800137329102,0.2668544054031372
observed_test,v2_2018_429_48h,,14,PCC,B,3.279291133779767,0.0,1.0272750487694373,0.6654155254364014,1.2124749422073364,53.24800137329102,0.2668544054031372
observed_test,v2_2018_429_48h,,14,PCC,C,3.279291133779767,0.0,1.0272750487694373,0.6654155254364014,1.2124749422073364,53.24800137329102,0.2668544054031372
observed_test,v2_2018_429_48h,,15,PCC,A,3.0545120682095734,0.0,0.5650750146462367,0.5210045576095581,1.2099249362945557,53.24800137329102,0.2685477137565613
observed_test,v2_2018_429_48h,,15,PCC,B,3.0545120682095734,0.0,0.5650750146462367,0.5210045576095581,1.2099249362945557,53.24800137329102,0.2685477137565613
observed_test,v2_2018_429_48h,,15,PCC,C,3.0545120682095734,0.0,0.5650750146462367,0.5210045576095581,1.2099249362945557,53.24800137329102,0.2685477137565613
observed_test,v2_2018_429_48h,,16,PCC,A,3.108773343854152,0.0,0.24580416771081773,0.5631123185157776,1.2059500217437744,53.24800137329102,0.2619698643684387
observed_test,v2_2018_429_48h,,16,PCC,B,3.108773343854152,0.0,0.24580416771081773,0.5631123185157776,1.2059500217437744,53.24800137329102,0.2619698643684387
observed_test,v2_2018_429_48h,,16,PCC,C,3.108773343854152,0.0,0.24580416771081773,0.5631123185157776,1.2059500217437744,53.24800137329102,0.2619698643684387
observed_test,v2_2018_429_48h,,17,PCC,A,3.0214350545221724,0.0,0.07404583291365549,0.5185338854789734,1.1972500085830688,53.24800137329102,0.2320890873670578
observed_test,v2_2018_429_48h,,17,PCC,B,3.0214350545221724,0.0,0.07404583291365549,0.5185338854789734,1.1972500085830688,53.24800137329102,0.2320890873670578
observed_test,v2_2018_429_48h,,17,PCC,C,3.0214350545221724,0.0,0.07404583291365549,0.5185338854789734,1.1972500085830688,53.24800137329102,0.2320890873670578
observed_test,v2_2018_429_48h,,18,PCC,A,2.9741922883937755,0.0,0.0005333333459790222,0.501911997795105,1.1875,121.88174847412108,0.21596577763557434
observed_test,v2_2018_429_48h,,18,PCC,B,2.9741922883937755,0.0,0.0005333333459790222,0.501911997795105,1.1875,121.88174847412108,0.21596577763557434
observed_test,v2_2018_429_48h,,18,PCC,C,2.9741922883937755,0.0,0.0005333333459790222,0.501911997795105,1.1875,121.88174847412108,0.21596577763557434
observed_test,v2_2018_429_48h,,19,PCC,A,3.0457848501078786,0.0,0.0,0.5692486763000488,1.1755750179290771,121.88174847412108,0.20615766942501068
observed_test,v2_2018_429_48h,,19,PCC,B,3.0457848501078786,0.0,0.0,0.5692486763000488,1.1755750179290771,121.88174847412108,0.20615766942501068
observed_test,v2_2018_429_48h,,19,PCC,C,3.0457848501078786,0.0,0.0,0.5692486763000488,1.1755750179290771,121.88174847412108,0.20615766942501068
observed_test,v2_2018_429_48h,,20,PCC,A,2.873490642683217,0.0,0.0,0.458400696516037,1.171375036239624,121.88174847412108,0.2008131742477417
observed_test,v2_2018_429_48h,,20,PCC,B,2.873490642683217,0.0,0.0,0.458400696516037,1.171375036239624,121.88174847412108,0.2008131742477417
observed_test,v2_2018_429_48h,,20,PCC,C,2.873490642683217,0.0,0.0,0.458400696516037,1.171375036239624,121.88174847412108,0.2008131742477417
observed_test,v2_2018_429_48h,,21,PCC,A,2.7778356299988283,0.0,0.0,0.39928483963012695,1.1671749353408813,53.24800137329102,0.1999589502811432
observed_test,v2_2018_429_48h,,21,PCC,B,2.7778356299988283,0.0,0.0,0.39928483963012695,1.1671749353408813,53.24800137329102,0.1999589502811432
observed_test,v2_2018_429_48h,,21,PCC,C,2.7778356299988283,0.0,0.0,0.39928483963012695,1.1671749353408813,53.24800137329102,0.1999589502811432
observed_test,v2_2018_429_48h,,22,PCC,A,2.71718373902944,0.0,0.0,0.3637107312679291,1.1630499362945557,53.24800137329102,0.20652389526367188
observed_test,v2_2018_429_48h,,22,PCC,B,2.71718373902944,0.0,0.0,0.3637107312679291,1.1630499362945557,53.24800137329102,0.20652389526367188
observed_test,v2_2018_429_48h,,22,PCC,C,2.71718373902944,0.0,0.0,0.3637107312679291,1.1630499362945557,53.24800137329102,0.20652389526367188
observed_test,v2_2018_429_48h,,23,PCC,A,2.6861968395933076,0.0,0.0,0.34759950637817383,1.1594499349594116,53.24800137329102,0.24197621643543243
observed_test,v2_2018_429_48h,,23,PCC,B,2.6861968395933076,0.0,0.0,0.34759950637817383,1.1594499349594116,53.24800137329102,0.24197621643543243
observed_test,v2_2018_429_48h,,23,PCC,C,2.6861968395933076,0.0,0.0,0.34759950637817383,1.1594499349594116,53.24800137329102,0.24197621643543243
observed_test,v2_2018_429_48h,,24,PCC,A,2.6025558743519603,0.0,0.0,0.29431068897247314,1.1562999486923218,53.24800137329102,0.2597443163394928
observed_test,v2_2018_429_48h,,24,PCC,B,2.6025558743519603,0.0,0.0,0.29431068897247314,1.1562999486923218,53.24800137329102,0.2597443163394928
observed_test,v2_2018_429_48h,,24,PCC,C,2.6025558743519603,0.0,0.0,0.29431068897247314,1.1562999486923218,53.24800137329102,0.2597443163394928
observed_test,v2_2018_429_48h,,25,PCC,A,2.6315963252094527,0.0,0.0,0.3179371654987335,1.1538249254226685,53.24800137329102,0.2683746814727783
observed_test,v2_2018_429_48h,,25,PCC,B,2.6315963252094527,0.0,0.0,0.3179371654987335,1.1538249254226685,53.24800137329102,0.2683746814727783
observed_test,v2_2018_429_48h,,25,PCC,C,2.6315963252094527,0.0,0.0,0.3179371654987335,1.1538249254226685,53.24800137329102,0.2683746814727783
observed_test,v2_2018_429_48h,,26,PCC,A,2.4893343318315697,0.0,0.0,0.2232462614774704,1.1509000062942505,53.24800137329102,0.28207725286483765
observed_test,v2_2018_429_48h,,26,PCC,B,2.4893343318315697,0.0,0.0,0.2232462614774704,1.1509000062942505,53.24800137329102,0.28207725286483765
observed_test,v2_2018_429_48h,,26,PCC,C,2.4893343318315697,0.0,0.0,0.2232462614774704,1.1509000062942505,53.24800137329102,0.28207725286483765
observed_test,v2_2018_429_48h,,27,PCC,A,2.5452259178952694,0.0,0.0,0.2633455991744995,1.149999976158142,53.24800137329102,0.29512742161750793
observed_test,v2_2018_429_48h,,27,PCC,B,2.5452259178952694,0.0,0.0,0.2633455991744995,1.149999976158142,53.24800137329102,0.29512742161750793
observed_test,v2_2018_429_48h,,27,PCC,C,2.5452259178952694,0.0,0.0,0.2633455991744995,1.149999976158142,53.24800137329102,0.29512742161750793
observed_test,v2_2018_429_48h,,28,PCC,A,2.6066056994782514,0.0,0.0,0.3060445785522461,1.149999976158142,53.24800137329102,0.2957279682159424
observed_test,v2_2018_429_48h,,28,PCC,B,2.6066056994782514,0.0,0.0,0.3060445785522461,1.149999976158142,53.24800137329102,0.2957279682159424
observed_test,v2_2018_429_48h,,28,PCC,C,2.6066056994782514,0.0,0.0,0.3060445785522461,1.149999976158142,53.24800137329102,0.2957279682159424
observed_test,v2_2018_429_48h,,29,PCC,A,2.5786483755153378,0.0,0.005070833363928474,0.2850128710269928,1.1511249542236328,53.24800137329102,0.2854676842689514
observed_test,v2_2018_429_48h,,29,PCC,B,2.5786483755153378,0.0,0.005070833363928474,0.2850128710269928,1.1511249542236328,53.24800137329102,0.2854676842689514
observed_test,v2_2018_429_48h,,29,PCC,C,2.5786483755153378,0.0,0.005070833363928474,0.2850128710269928,1.1511249542236328,53.24800137329102,0.2854676842689514
observed_test,v2_2018_429_48h,,30,PCC,A,2.7895220971371715,0.0,0.09911666409327434,0.4131304621696472,1.1632750034332275,53.24800137329102,0.27972814440727234
observed_test,v2_2018_429_48h,,30,PCC,B,2.7895220971371715,0.0,0.09911666409327434,0.4131304621696472,1.1632750034332275,53.24800137329102,0.27972814440727234
observed_test,v2_2018_429_48h,,30,PCC,C,2.7895220971371715,0.0,0.09911666409327434,0.4131304621696472,1.1632750034332275,53.24800137329102,0.27972814440727234
observed_test,v2_2018_429_48h,,31,PCC,A,3.0745771873991967,0.0,0.3630333221875704,0.5887197852134705,1.1756500005722046,53.24800137329102,0.27816811203956604
observed_test,v2_2018_429_48h,,31,PCC,B,3.0745771873991967,0.0,0.3630333221875704,0.5887197852134705,1.1756500005722046,53.24800137329102,0.27816811203956604
observed_test,v2_2018_429_48h,,31,PCC,C,3.0745771873991967,0.0,0.3630333221875704,0.5887197852134705,1.1756500005722046,53.24800137329102,0.27816811203956604
observed_test,v2_2018_429_48h,,32,PCC,A,2.855932650614817,0.0,0.6620000188167278,0.41616514325141907,1.1916249990463257,53.24800137329102,0.28536751866340637
observed_test,v2_2018_429_48h,,32,PCC,B,2.855932650614817,0.0,0.6620000188167278,0.41616514325141907,1.1916249990463257,53.24800137329102,0.28536751866340637
observed_test,v2_2018_429_48h,,32,PCC,C,2.855932650614817,0.0,0.6620000188167278,0.41616514325141907,1.1916249990463257,53.24800137329102,0.28536751866340637
observed_test,v2_2018_429_48h,,33,PCC,A,3.0324475175810073,0.0,0.905074981542734,0.5137431621551514,1.2051249742507935,53.24800137329102,0.29526129364967346
observed_test,v2_2018_429_48h,,33,PCC,B,3.0324475175810073,0.0,0.905074981542734,0.5137431621551514,1.2051249742507935,53.24800137329102,0.29526129364967346
observed_test,v2_2018_429_48h,,33,PCC,C,3.0324475175810073,0.0,0.905074981542734,0.5137431621551514,1.2051249742507935,53.24800137329102,0.29526129364967346
observed_test,v2_2018_429_48h,,34,PCC,A,2.8246183478304197,0.0,1.067508298617143,0.3643687963485718,1.21322500705719,53.24800137329102,0.30343109369277954
observed_test,v2_2018_429_48h,,34,PCC,B,2.8246183478304197,0.0,1.067508298617143,0.3643687963485718,1.21322500705719,53.24800137329102,0.30343109369277954
observed_test,v2_2018_429_48h,,34,PCC,C,2.8246183478304197,0.0,1.067508298617143,0.3643687963485718,1.21322500705719,53.24800137329102,0.30343109369277954
observed_test,v2_2018_429_48h,,35,PCC,A,2.831345184752687,0.0,1.1598833478414095,0.36136627197265625,1.2185499668121338,53.24800137329102,0.2977258265018463
observed_test,v2_2018_429_48h,,35,PCC,B,2.831345184752687,0.0,1.1598833478414095,0.36136627197265625,1.2185499668121338,53.24800137329102,0.2977258265018463
observed_test,v2_2018_429_48h,,35,PCC,C,2.831345184752687,0.0,1.1598833478414095,0.36136627197265625,1.2185499668121338,53.24800137329102,0.2977258265018463
observed_test,v2_2018_429_48h,,36,PCC,A,3.1082271038576104,0.0,1.1864416874372041,0.5383059978485107,1.2216999530792236,53.24800137329102,0.28627684712409973
observed_test,v2_2018_429_48h,,36,PCC,B,3.1082271038576104,0.0,1.1864416874372041,0.5383059978485107,1.2216999530792236,53.24800137329102,0.28627684712409973
observed_test,v2_2018_429_48h,,36,PCC,C,3.1082271038576104,0.0,1.1864416874372041,0.5383059978485107,1.2216999530792236,53.24800137329102,0.28627684712409973
observed_test,v2_2018_429_48h,,37,PCC,A,3.211107739254848,0.0,1.1450083209918094,0.6031783223152161,1.2232749462127686,53.24800137329102,0.2841779291629791
observed_test,v2_2018_429_48h,,37,PCC,B,3.211107739254848,0.0,1.1450083209918094,0.6031783223152161,1.2232749462127686,53.24800137329102,0.2841779291629791
observed_test,v2_2018_429_48h,,37,PCC,C,3.211107739254848,0.0,1.1450083209918094,0.6031783223152161,1.2232749462127686,53.24800137329102,0.2841779291629791
observed_test,v2_2018_429_48h,,38,PCC,A,3.306461592720948,0.0,1.0337916704324575,0.6654155254364014,1.223349928855896,53.24800137329102,0.283867210149765
observed_test,v2_2018_429_48h,,38,PCC,B,3.306461592720948,0.0,1.0337916704324575,0.6654155254364014,1.223349928855896,53.24800137329102,0.283867210149765
observed_test,v2_2018_429_48h,,38,PCC,C,3.306461592720948,0.0,1.0337916704324575,0.6654155254364014,1.223349928855896,53.24800137329102,0.283867210149765
observed_test,v2_2018_429_48h,,39,PCC,A,3.081805642947446,0.0,0.8514874829695774,0.5210045576095581,1.2216999530792236,53.24800137329102,0.26969581842422485
observed_test,v2_2018_429_48h,,39,PCC,B,3.081805642947446,0.0,0.8514874829695774,0.5210045576095581,1.2216999530792236,53.24800137329102,0.26969581842422485
observed_test,v2_2018_429_48h,,39,PCC,C,3.081805642947446,0.0,0.8514874829695774,0.5210045576095581,1.2216999530792236,53.24800137329102,0.26969581842422485
observed_test,v2_2018_429_48h,,40,PCC,A,3.1393535177822263,0.0,0.5943333300260397,0.5631123185157776,1.218850016593933,53.24800137329102,0.24999181926250458
observed_test,v2_2018_429_48h,,40,PCC,B,3.1393535177822263,0.0,0.5943333300260397,0.5631123185157776,1.218850016593933,53.24800137329102,0.24999181926250458
observed_test,v2_2018_429_48h,,40,PCC,C,3.1393535177822263,0.0,0.5943333300260397,0.5631123185157776,1.218850016593933,53.24800137329102,0.24999181926250458
observed_test,v2_2018_429_48h,,41,PCC,A,3.0526852564420888,0.0,0.29412917792797083,0.5185338854789734,1.2107499837875366,53.24800137329102,0.2426277995109558
observed_test,v2_2018_429_48h,,41,PCC,B,3.0526852564420888,0.0,0.29412917792797083,0.5185338854789734,1.2107499837875366,53.24800137329102,0.2426277995109558
observed_test,v2_2018_429_48h,,41,PCC,C,3.0526852564420888,0.0,0.29412917792797083,0.5185338854789734,1.2107499837875366,53.24800137329102,0.2426277995109558
observed_test,v2_2018_429_48h,,42,PCC,A,3.000344498482716,0.0,0.06545833670175992,0.501911997795105,1.1988999843597412,53.24800137329102,0.22674660384655
observed_test,v2_2018_429_48h,,42,PCC,B,3.000344498482716,0.0,0.06545833670175992,0.501911997795105,1.1988999843597412,53.24800137329102,0.22674660384655
observed_test,v2_2018_429_48h,,42,PCC,C,3.000344498482716,0.0,0.06545833670175992,0.501911997795105,1.1988999843597412,53.24800137329102,0.22674660384655
observed_test,v2_2018_429_48h,,43,PCC,A,3.061837856329452,0.0,0.0,0.5692486763000488,1.182325005531311,53.24800137329102,0.20943984389305115
observed_test,v2_2018_429_48h,,43,PCC,B,3.061837856329452,0.0,0.0,0.5692486763000488,1.182325005531311,53.24800137329102,0.20943984389305115
observed_test,v2_2018_429_48h,,43,PCC,C,3.061837856329452,0.0,0.0,0.5692486763000488,1.182325005531311,53.24800137329102,0.20943984389305115
observed_test,v2_2018_429_48h,,44,PCC,A,2.8862567301314037,0.0,0.0,0.458400696516037,1.1770750284194946,53.24800137329102,0.20312906801700592
observed_test,v2_2018_429_48h,,44,PCC,B,2.8862567301314037,0.0,0.0,0.458400696516037,1.1770750284194946,53.24800137329102,0.20312906801700592
observed_test,v2_2018_429_48h,,44,PCC,C,2.8862567301314037,0.0,0.0,0.458400696516037,1.1770750284194946,53.24800137329102,0.20312906801700592
observed_test,v2_2018_429_48h,,45,PCC,A,2.7892061453685244,0.0,0.0,0.39928483963012695,1.1724250316619873,53.24800137329102,0.1994336098432541
observed_test,v2_2018_429_48h,,45,PCC,B,2.7892061453685244,0.0,0.0,0.39928483963012695,1.1724250316619873,53.24800137329102,0.1994336098432541
observed_test,v2_2018_429_48h,,45,PCC,C,2.7892061453685244,0.0,0.0,0.39928483963012695,1.1724250316619873,53.24800137329102,0.1994336098432541
observed_test,v2_2018_429_48h,,46,PCC,A,2.7273661757795593,0.0,0.0,0.3637107312679291,1.1678500175476074,53.24800137329102,0.21388521790504456
observed_test,v2_2018_429_48h,,46,PCC,B,2.7273661757795593,0.0,0.0,0.3637107312679291,1.1678500175476074,53.24800137329102,0.21388521790504456
observed_test,v2_2018_429_48h,,46,PCC,C,2.7273661757795593,0.0,0.0,0.3637107312679291,1.1678500175476074,53.24800137329102,0.21388521790504456
observed_test,v2_2018_429_48h,,47,PCC,A,2.6962826073577304,0.0,0.0,0.34759950637817383,1.1642500162124634,53.24800137329102,0.251971572637558
observed_test,v2_2018_429_48h,,47,PCC,B,2.6962826073577304,0.0,0.0,0.34759950637817383,1.1642500162124634,53.24800137329102,0.251971572637558
observed_test,v2_2018_429_48h,,47,PCC,C,2.6962826073577304,0.0,0.0,0.34759950637817383,1.1642500162124634,53.24800137329102,0.251971572637558
observed_test,v2_2018_482_48h,,0,PCC,A,2.589738233557025,0.0,0.0,0.29431068897247314,1.149999976158142,53.24800137329102,0.3548120856285095
observed_test,v2_2018_482_48h,,0,PCC,B,2.589738233557025,0.0,0.0,0.29431068897247314,1.149999976158142,53.24800137329102,0.3548120856285095
observed_test,v2_2018_482_48h,,0,PCC,C,2.589738233557025,0.0,0.0,0.29431068897247314,1.149999976158142,53.24800137329102,0.3548120856285095
observed_test,v2_2018_482_48h,,1,PCC,A,2.6237012928594003,0.0,0.0,0.3179371654987335,1.149999976158142,53.24800137329102,0.3646826446056366
observed_test,v2_2018_482_48h,,1,PCC,B,2.6237012928594003,0.0,0.0,0.3179371654987335,1.149999976158142,53.24800137329102,0.3646826446056366
observed_test,v2_2018_482_48h,,1,PCC,C,2.6237012928594003,0.0,0.0,0.3179371654987335,1.149999976158142,53.24800137329102,0.3646826446056366
observed_test,v2_2018_482_48h,,2,PCC,A,2.4875831211508435,0.0,0.0,0.2232462614774704,1.149999976158142,53.24800137329102,0.3680115044116974
observed_test,v2_2018_482_48h,,2,PCC,B,2.4875831211508435,0.0,0.0,0.2232462614774704,1.149999976158142,53.24800137329102,0.3680115044116974
observed_test,v2_2018_482_48h,,2,PCC,C,2.4875831211508435,0.0,0.0,0.2232462614774704,1.149999976158142,53.24800137329102,0.3680115044116974
observed_test,v2_2018_482_48h,,3,PCC,A,2.5452259178952694,0.0,0.0,0.2633455991744995,1.149999976158142,53.24800137329102,0.3710765242576599
observed_test,v2_2018_482_48h,,3,PCC,B,2.5452259178952694,0.0,0.0,0.2633455991744995,1.149999976158142,53.24800137329102,0.3710765242576599
observed_test,v2_2018_482_48h,,3,PCC,C,2.5452259178952694,0.0,0.0,0.2633455991744995,1.149999976158142,53.24800137329102,0.3710765242576599
observed_test,v2_2018_482_48h,,4,PCC,A,2.6066056994782514,0.0,0.0,0.3060445785522461,1.149999976158142,53.24800137329102,0.3493121564388275
observed_test,v2_2018_482_48h,,4,PCC,B,2.6066056994782514,0.0,0.0,0.3060445785522461,1.149999976158142,53.24800137329102,0.3493121564388275
observed_test,v2_2018_482_48h,,4,PCC,C,2.6066056994782514,0.0,0.0,0.3060445785522461,1.149999976158142,53.24800137329102,0.3493121564388275
observed_test,v2_2018_482_48h,,5,PCC,A,2.5763726205374935,0.0,0.0,0.2850128710269928,1.149999976158142,53.24800137329102,0.32308244705200195
observed_test,v2_2018_482_48h,,5,PCC,B,2.5763726205374935,0.0,0.0,0.2850128710269928,1.149999976158142,53.24800137329102,0.32308244705200195
observed_test,v2_2018_482_48h,,5,PCC,C,2.5763726205374935,0.0,0.0,0.2850128710269928,1.149999976158142,53.24800137329102,0.32308244705200195
observed_test,v2_2018_482_48h,,6,PCC,A,2.7605416539868575,0.0,0.04955000029160426,0.4131304621696472,1.149999976158142,53.24800137329102,0.2904535233974457
observed_test,v2_2018_482_48h,,6,PCC,B,2.7605416539868575,0.0,0.04955000029160426,0.4131304621696472,1.149999976158142,53.24800137329102,0.2904535233974457
observed_test,v2_2018_482_48h,,6,PCC,C,2.7605416539868575,0.0,0.04955000029160426,0.4131304621696472,1.149999976158142,53.24800137329102,0.2904535233974457
observed_test,v2_2018_482_48h,,7,PCC,A,3.042142600596632,0.0,0.2414708240674092,0.5887197852134705,1.1621500253677368,53.24800137329102,0.2714405357837677
observed_test,v2_2018_482_48h,,7,PCC,B,3.042142600596632,0.0,0.2414708240674092,0.5887197852134705,1.1621500253677368,53.24800137329102,0.2714405357837677
observed_test,v2_2018_482_48h,,7,PCC,C,3.042142600596632,0.0,0.2414708240674092,0.5887197852134705,1.1621500253677368,53.24800137329102,0.2714405357837677
observed_test,v2_2018_482_48h,,8,PCC,A,2.832642367471356,0.0,0.5334250055826627,0.41616514325141907,1.1809749603271484,53.24800137329102,0.2632492184638977
observed_test,v2_2018_482_48h,,8,PCC,B,2.832642367471356,0.0,0.5334250055826627,0.41616514325141907,1.1809749603271484,53.24800137329102,0.2632492184638977
observed_test,v2_2018_482_48h,,8,PCC,C,2.832642367471356,0.0,0.5334250055826627,0.41616514325141907,1.1809749603271484,53.24800137329102,0.2632492184638977
observed_test,v2_2018_482_48h,,9,PCC,A,3.001451282315808,0.0,0.806220850119224,0.5137431621551514,1.1916999816894531,53.24800137329102,0.25602078437805176
observed_test,v2_2018_482_48h,,9,PCC,B,3.001451282315808,0.0,0.806220850119224,0.5137431621551514,1.1916999816894531,53.24800137329102,0.25602078437805176
observed_test,v2_2018_482_48h,,9,PCC,C,3.001451282315808,0.0,0.806220850119224,0.5137431621551514,1.1916999816894531,53.24800137329102,0.25602078437805176
observed_test,v2_2018_482_48h,,10,PCC,A,2.7932638314796385,0.0,0.8420291428382579,0.3643687963485718,1.198449969291687,53.24800137329102,0.27195778489112854
observed_test,v2_2018_482_48h,,10,PCC,B,2.7932638314796385,0.0,0.8420291428382579,0.3643687963485718,1.198449969291687,53.24800137329102,0.27195778489112854
observed_test,v2_2018_482_48h,,10,PCC,C,2.7932638314796385,0.0,0.8420291428382579,0.3643687963485718,1.198449969291687,53.24800137329102,0.27195778489112854
observed_test,v2_2018_482_48h,,11,PCC,A,2.800364056584916,0.0,1.0265541764406056,0.36136627197265625,1.2039250135421753,53.24800137329102,0.2934848368167877
observed_test,v2_2018_482_48h,,11,PCC,B,2.800364056584916,0.0,1.0265541764406056,0.36136627197265625,1.2039250135421753,53.24800137329102,0.2934848368167877
observed_test,v2_2018_482_48h,,11,PCC,C,2.800364056584916,0.0,1.0265541764406056,0.36136627197265625,1.2039250135421753,53.24800137329102,0.2934848368167877
observed_test,v2_2018_482_48h,,12,PCC,A,3.07559041577804,0.0,0.9688166471628041,0.5383059978485107,1.2077499628067017,53.24800137329102,0.3061053156852722
observed_test,v2_2018_482_48h,,12,PCC,B,3.07559041577804,0.0,0.9688166471628041,0.5383059978485107,1.2077499628067017,53.24800137329102,0.3061053156852722
observed_test,v2_2018_482_48h,,12,PCC,C,3.07559041577804,0.0,0.9688166471628041,0.5383059978485107,1.2077499628067017,53.24800137329102,0.3061053156852722
observed_test,v2_2018_482_48h,,13,PCC,A,3.179155477461487,0.0,0.709016678424982,0.6031783223152161,1.2100750207901,53.24800137329102,0.3092762529850006
observed_test,v2_2018_482_48h,,13,PCC,B,3.179155477461487,0.0,0.709016678424982,0.6031783223152161,1.2100750207901,53.24800137329102,0.3092762529850006
observed_test,v2_2018_482_48h,,13,PCC,C,3.179155477461487,0.0,0.709016678424982,0.6031783223152161,1.2100750207901,53.24800137329102,0.3092762529850006
observed_test,v2_2018_482_48h,,14,PCC,A,3.2734824228779424,0.0,0.7882125102556667,0.6654155254364014,1.2101500034332275,53.24800137329102,0.3121802508831024
observed_test,v2_2018_482_48h,,14,PCC,B,3.2734824228779424,0.0,0.7882125102556667,0.6654155254364014,1.2101500034332275,53.24800137329102,0.3121802508831024
observed_test,v2_2018_482_48h,,14,PCC,C,3.2734824228779424,0.0,0.7882125102556667,0.6654155254364014,1.2101500034332275,53.24800137329102,0.3121802508831024
observed_test,v2_2018_482_48h,,15,PCC,A,3.050339944566511,0.0,0.8032541435498457,0.5210045576095581,1.2081249952316284,53.24800137329102,0.331370085477829
observed_test,v2_2018_482_48h,,15,PCC,B,3.050339944566511,0.0,0.8032541435498457,0.5210045576095581,1.2081249952316284,53.24800137329102,0.331370085477829
observed_test,v2_2018_482_48h,,15,PCC,C,3.050339944566511,0.0,0.8032541435498457,0.5210045576095581,1.2081249952316284,53.24800137329102,0.331370085477829
observed_test,v2_2018_482_48h,,16,PCC,A,3.106817521690861,0.0,0.5977541781388795,0.5631123185157776,1.2051249742507935,53.24800137329102,0.3452150523662567
observed_test,v2_2018_482_48h,,16,PCC,B,3.106817521690861,0.0,0.5977541781388795,0.5631123185157776,1.2051249742507935,53.24800137329102,0.3452150523662567
observed_test,v2_2018_482_48h,,16,PCC,C,3.106817521690861,0.0,0.5977541781388795,0.5631123185157776,1.2051249742507935,53.24800137329102,0.3452150523662567
observed_test,v2_2018_482_48h,,17,PCC,A,3.023171054206737,0.0,0.2843208324450713,0.5185338854789734,1.1979999542236328,53.24800137329102,0.34414005279541016
observed_test,v2_2018_482_48h,,17,PCC,B,3.023171054206737,0.0,0.2843208324450713,0.5185338854789734,1.1979999542236328,53.24800137329102,0.34414005279541016
observed_test,v2_2018_482_48h,,17,PCC,C,3.023171054206737,0.0,0.2843208324450713,0.5185338854789734,1.1979999542236328,53.24800137329102,0.34414005279541016
observed_test,v2_2018_482_48h,,18,PCC,A,2.97333194276019,0.0,0.04158750033149352,0.501911997795105,1.1871249675750732,53.24800137329102,0.3426823019981384
observed_test,v2_2018_482_48h,,18,PCC,B,2.97333194276019,0.0,0.04158750033149352,0.501911997795105,1.1871249675750732,53.24800137329102,0.3426823019981384
observed_test,v2_2018_482_48h,,18,PCC,C,2.97333194276019,0.0,0.04158750033149352,0.501911997795105,1.1871249675750732,53.24800137329102,0.3426823019981384
observed_test,v2_2018_482_48h,,19,PCC,A,3.0345477741034586,0.0,0.0,0.5692486763000488,1.1708500385284424,53.24800137329102,0.3418526351451874
observed_test,v2_2018_482_48h,,19,PCC,B,3.0345477741034586,0.0,0.0,0.5692486763000488,1.1708500385284424,53.24800137329102,0.3418526351451874
observed_test,v2_2018_482_48h,,19,PCC,C,3.0345477741034586,0.0,0.0,0.5692486763000488,1.1708500385284424,53.24800137329102,0.3418526351451874
observed_test,v2_2018_482_48h,,20,PCC,A,2.856693018678142,0.0,0.0,0.458400696516037,1.1638749837875366,53.24800137329102,0.33651256561279297
observed_test,v2_2018_482_48h,,20,PCC,B,2.856693018678142,0.0,0.0,0.458400696516037,1.1638749837875366,53.24800137329102,0.33651256561279297
observed_test,v2_2018_482_48h,,20,PCC,C,2.856693018678142,0.0,0.0,0.458400696516037,1.1638749837875366,53.24800137329102,0.33651256561279297
observed_test,v2_2018_482_48h,,21,PCC,A,2.7625671095644955,0.0,0.0,0.39928483963012695,1.1601250171661377,53.24800137329102,0.3371344804763794
observed_test,v2_2018_482_48h,,21,PCC,B,2.7625671095644955,0.0,0.0,0.39928483963012695,1.1601250171661377,53.24800137329102,0.3371344804763794
observed_test,v2_2018_482_48h,,21,PCC,C,2.7625671095644955,0.0,0.0,0.39928483963012695,1.1601250171661377,53.24800137329102,0.3371344804763794
observed_test,v2_2018_482_48h,,22,PCC,A,2.704615133472533,0.0,0.0,0.3637107312679291,1.1571249961853027,53.24800137329102,0.33799830079078674
observed_test,v2_2018_482_48h,,22,PCC,B,2.704615133472533,0.0,0.0,0.3637107312679291,1.1571249961853027,53.24800137329102,0.33799830079078674
observed_test,v2_2018_482_48h,,22,PCC,C,2.704615133472533,0.0,0.0,0.3637107312679291,1.1571249961853027,53.24800137329102,0.33799830079078674
observed_test,v2_2018_482_48h,,23,PCC,A,2.6757962203392935,0.0,0.0,0.34759950637817383,1.1545000076293945,53.24800137329102,0.3385236859321594
observed_test,v2_2018_482_48h,,23,PCC,B,2.6757962203392935,0.0,0.0,0.34759950637817383,1.1545000076293945,53.24800137329102,0.3385236859321594
observed_test,v2_2018_482_48h,,23,PCC,C,2.6757962203392935,0.0,0.0,0.34759950637817383,1.1545000076293945,53.24800137329102,0.3385236859321594
observed_test,v2_2018_482_48h,,24,PCC,A,2.5949263609080027,0.0,0.0,0.29431068897247314,1.1525499820709229,53.24800137329102,0.3395809233188629
observed_test,v2_2018_482_48h,,24,PCC,B,2.5949263609080027,0.0,0.0,0.29431068897247314,1.1525499820709229,53.24800137329102,0.3395809233188629
observed_test,v2_2018_482_48h,,24,PCC,C,2.5949263609080027,0.0,0.0,0.29431068897247314,1.1525499820709229,53.24800137329102,0.3395809233188629
observed_test,v2_2018_482_48h,,25,PCC,A,2.628190629804694,0.0,0.0,0.3179371654987335,1.152174949645996,53.24800137329102,0.3408880829811096
observed_test,v2_2018_482_48h,,25,PCC,B,2.628190629804694,0.0,0.0,0.3179371654987335,1.152174949645996,53.24800137329102,0.3408880829811096
observed_test,v2_2018_482_48h,,25,PCC,C,2.628190629804694,0.0,0.0,0.3179371654987335,1.152174949645996,53.24800137329102,0.3408880829811096
observed_test,v2_2018_482_48h,,26,PCC,A,2.491377333642939,0.0,0.0,0.2232462614774704,1.1519500017166138,53.24800137329102,0.3375415503978729
observed_test,v2_2018_482_48h,,26,PCC,B,2.491377333642939,0.0,0.0,0.2232462614774704,1.1519500017166138,53.24800137329102,0.3375415503978729
observed_test,v2_2018_482_48h,,26,PCC,C,2.491377333642939,0.0,0.0,0.2232462614774704,1.1519500017166138,53.24800137329102,0.3375415503978729
observed_test,v2_2018_482_48h,,27,PCC,A,2.546573041893056,0.0,0.0,0.2633455991744995,1.1506749391555786,53.24800137329102,0.3414383828639984
observed_test,v2_2018_482_48h,,27,PCC,B,2.546573041893056,0.0,0.0,0.2633455991744995,1.1506749391555786,53.24800137329102,0.3414383828639984
observed_test,v2_2018_482_48h,,27,PCC,C,2.546573041893056,0.0,0.0,0.2633455991744995,1.1506749391555786,53.24800137329102,0.3414383828639984
observed_test,v2_2018_482_48h,,28,PCC,A,2.6066056994782514,0.0,0.0,0.3060445785522461,1.149999976158142,53.24800137329102,0.3527320623397827
observed_test,v2_2018_482_48h,,28,PCC,B,2.6066056994782514,0.0,0.0,0.3060445785522461,1.149999976158142,53.24800137329102,0.3527320623397827
observed_test,v2_2018_482_48h,,28,PCC,C,2.6066056994782514,0.0,0.0,0.3060445785522461,1.149999976158142,53.24800137329102,0.3527320623397827
observed_test,v2_2018_482_48h,,29,PCC,A,2.5772829707591067,0.0,0.0,0.2850128710269928,1.1504499912261963,53.24800137329102,0.3338092565536499
observed_test,v2_2018_482_48h,,29,PCC,B,2.5772829707591067,0.0,0.0,0.2850128710269928,1.1504499912261963,53.24800137329102,0.3338092565536499
observed_test,v2_2018_482_48h,,29,PCC,C,2.5772829707591067,0.0,0.0,0.2850128710269928,1.1504499912261963,53.24800137329102,0.3338092565536499
observed_test,v2_2018_482_48h,,30,PCC,A,2.779534476493822,0.0,0.046854165311043076,0.4131304621696472,1.1586999893188477,53.24800137329102,0.30465564131736755
observed_test,v2_2018_482_48h,,30,PCC,B,2.779534476493822,0.0,0.046854165311043076,0.4131304621696472,1.1586999893188477,53.24800137329102,0.30465564131736755
observed_test,v2_2018_482_48h,,30,PCC,C,2.779534476493822,0.0,0.046854165311043076,0.4131304621696472,1.1586999893188477,53.24800137329102,0.30465564131736755
observed_test,v2_2018_482_48h,,31,PCC,A,3.0689910812144556,0.0,0.2927708224608348,0.5887197852134705,1.1733249425888062,53.24800137329102,0.28409716486930847
observed_test,v2_2018_482_48h,,31,PCC,B,3.0689910812144556,0.0,0.2927708224608348,0.5887197852134705,1.1733249425888062,53.24800137329102,0.28409716486930847
observed_test,v2_2018_482_48h,,31,PCC,C,3.0689910812144556,0.0,0.2927708224608348,0.5887197852134705,1.1733249425888062,53.24800137329102,0.28409716486930847
observed_test,v2_2018_482_48h,,32,PCC,A,2.85183216970991,0.0,0.6052708396544823,0.41616514325141907,1.1897499561309814,53.24800137329102,0.27186769247055054
observed_test,v2_2018_482_48h,,32,PCC,B,2.85183216970991,0.0,0.6052708396544823,0.41616514325141907,1.1897499561309814,53.24800137329102,0.27186769247055054
observed_test,v2_2018_482_48h,,32,PCC,C,2.85183216970991,0.0,0.6052708396544823,0.41616514325141907,1.1897499561309814,53.24800137329102,0.27186769247055054
observed_test,v2_2018_482_48h,,33,PCC,A,3.0244819169628934,0.0,0.8580833100355587,0.5137431621551514,1.2016749382019043,53.24800137329102,0.2652413845062256
observed_test,v2_2018_482_48h,,33,PCC,B,3.0244819169628934,0.0,0.8580833100355587,0.5137431621551514,1.2016749382019043,53.24800137329102,0.2652413845062256
observed_test,v2_2018_482_48h,,33,PCC,C,3.0244819169628934,0.0,0.8580833100355587,0.5137431621551514,1.2016749382019043,53.24800137329102,0.2652413845062256
observed_test,v2_2018_482_48h,,34,PCC,A,2.8198434007090163,0.0,1.036295867883242,0.3643687963485718,1.210974931716919,53.24800137329102,0.27402129769325256
observed_test,v2_2018_482_48h,,34,PCC,B,2.8198434007090163,0.0,1.036295867883242,0.3643687963485718,1.210974931716919,53.24800137329102,0.27402129769325256
observed_test,v2_2018_482_48h,,34,PCC,C,2.8198434007090163,0.0,1.036295867883242,0.3643687963485718,1.210974931716919,53.24800137329102,0.27402129769325256
observed_test,v2_2018_482_48h,,35,PCC,A,2.830709819474123,0.0,1.1309541188753567,0.36136627197265625,1.218250036239624,53.24800137329102,0.291171669960022
observed_test,v2_2018_482_48h,,35,PCC,B,2.830709819474123,0.0,1.1309541188753567,0.36136627197265625,1.218250036239624,53.24800137329102,0.291171669960022
observed_test,v2_2018_482_48h,,35,PCC,C,2.830709819474123,0.0,1.1309541188753567,0.36136627197265625,1.218250036239624,53.24800137329102,0.291171669960022
observed_test,v2_2018_482_48h,,36,PCC,A,3.1120873033065073,0.0,1.1581166432454035,0.5383059978485107,1.223349928855896,53.24800137329102,0.3156188428401947
observed_test,v2_2018_482_48h,,36,PCC,B,3.1120873033065073,0.0,1.1581166432454035,0.5383059978485107,1.223349928855896,53.24800137329102,0.3156188428401947
observed_test,v2_2018_482_48h,,36,PCC,C,3.1120873033065073,0.0,1.1581166432454035,0.5383059978485107,1.223349928855896,53.24800137329102,0.3156188428401947
observed_test,v2_2018_482_48h,,37,PCC,A,3.2178251908916162,0.0,1.1164207871143634,0.6031783223152161,1.2260500192642212,53.24800137329102,0.32237645983695984
observed_test,v2_2018_482_48h,,37,PCC,B,3.2178251908916162,0.0,1.1164207871143634,0.6031783223152161,1.2260500192642212,53.24800137329102,0.32237645983695984
observed_test,v2_2018_482_48h,,37,PCC,C,3.2178251908916162,0.0,1.1164207871143634,0.6031783223152161,1.2260500192642212,53.24800137329102,0.32237645983695984
observed_test,v2_2018_482_48h,,38,PCC,A,3.314893947899764,0.0,0.9880541608883783,0.6654155254364014,1.2267249822616577,53.24800137329102,0.3223702907562256
observed_test,v2_2018_482_48h,,38,PCC,B,3.314893947899764,0.0,0.9880541608883783,0.6654155254364014,1.2267249822616577,53.24800137329102,0.3223702907562256
observed_test,v2_2018_482_48h,,38,PCC,C,3.314893947899764,0.0,0.9880541608883783,0.6654155254364014,1.2267249822616577,53.24800137329102,0.3223702907562256
observed_test,v2_2018_482_48h,,39,PCC,A,3.089976362606057,0.0,0.7958166874372042,0.5210045576095581,1.2252249717712402,53.24800137329102,0.34285256266593933
observed_test,v2_2018_482_48h,,39,PCC,B,3.089976362606057,0.0,0.7958166874372042,0.5210045576095581,1.2252249717712402,53.24800137329102,0.34285256266593933
observed_test,v2_2018_482_48h,,39,PCC,C,3.089976362606057,0.0,0.7958166874372042,0.5210045576095581,1.2252249717712402,53.24800137329102,0.34285256266593933
observed_test,v2_2018_482_48h,,40,PCC,A,3.1453984523140797,0.0,0.48868747857900763,0.5631123185157776,1.2214000225067139,53.24800137329102,0.34777942299842834
observed_test,v2_2018_482_48h,,40,PCC,B,3.1453984523140797,0.0,0.48868747857900763,0.5631123185157776,1.2214000225067139,53.24800137329102,0.34777942299842834
observed_test,v2_2018_482_48h,,40,PCC,C,3.1453984523140797,0.0,0.48868747857900763,0.5631123185157776,1.2214000225067139,53.24800137329102,0.34777942299842834
observed_test,v2_2018_482_48h,,41,PCC,A,3.055810387013968,0.0,0.26478750201372,0.5185338854789734,1.2121000289916992,53.24800137329102,0.3465540111064911
observed_test,v2_2018_482_48h,,41,PCC,B,3.055810387013968,0.0,0.26478750201372,0.5185338854789734,1.2121000289916992,53.24800137329102,0.3465540111064911
observed_test,v2_2018_482_48h,,41,PCC,C,3.055810387013968,0.0,0.26478750201372,0.5185338854789734,1.2121000289916992,53.24800137329102,0.3465540111064911
observed_test,v2_2018_482_48h,,42,PCC,A,3.0032692907748966,0.0,0.04223333313488043,0.501911997795105,1.2001749277114868,53.24800137329102,0.3442908227443695
observed_test,v2_2018_482_48h,,42,PCC,B,3.0032692907748966,0.0,0.04223333313488043,0.501911997795105,1.2001749277114868,53.24800137329102,0.3442908227443695
observed_test,v2_2018_482_48h,,42,PCC,C,3.0032692907748966,0.0,0.04223333313488043,0.501911997795105,1.2001749277114868,53.24800137329102,0.3442908227443695
observed_test,v2_2018_482_48h,,43,PCC,A,3.0753937345500426,0.0,0.0,0.5692486763000488,1.1880249977111816,53.24800137329102,0.34267792105674744
observed_test,v2_2018_482_48h,,43,PCC,B,3.0753937345500426,0.0,0.0,0.5692486763000488,1.1880249977111816,53.24800137329102,0.34267792105674744
observed_test,v2_2018_482_48h,,43,PCC,C,3.0753937345500426,0.0,0.0,0.5692486763000488,1.1880249977111816,53.24800137329102,0.34267792105674744
observed_test,v2_2018_482_48h,,44,PCC,A,2.899526626154614,0.0,0.0,0.458400696516037,1.1829999685287476,53.24800137329102,0.3412202000617981
observed_test,v2_2018_482_48h,,44,PCC,B,2.899526626154614,0.0,0.0,0.458400696516037,1.1829999685287476,53.24800137329102,0.3412202000617981
observed_test,v2_2018_482_48h,,44,PCC,C,2.899526626154614,0.0,0.0,0.458400696516037,1.1829999685287476,53.24800137329102,0.3412202000617981
observed_test,v2_2018_482_48h,,45,PCC,A,2.8026880586332132,0.0,0.0,0.39928483963012695,1.1786500215530396,53.24800137329102,0.33866459131240845
observed_test,v2_2018_482_48h,,45,PCC,B,2.8026880586332132,0.0,0.0,0.39928483963012695,1.1786500215530396,53.24800137329102,0.33866459131240845
observed_test,v2_2018_482_48h,,45,PCC,C,2.8026880586332132,0.0,0.0,0.39928483963012695,1.1786500215530396,53.24800137329102,0.33866459131240845
observed_test,v2_2018_482_48h,,46,PCC,A,2.7435939443964728,0.0,0.0,0.3637107312679291,1.1754999160766602,53.24800137329102,0.3380708396434784
observed_test,v2_2018_482_48h,,46,PCC,B,2.7435939443964728,0.0,0.0,0.3637107312679291,1.1754999160766602,53.24800137329102,0.3380708396434784
observed_test,v2_2018_482_48h,,46,PCC,C,2.7435939443964728,0.0,0.0,0.3637107312679291,1.1754999160766602,53.24800137329102,0.3380708396434784
observed_test,v2_2018_482_48h,,47,PCC,A,2.714877881610524,0.0,0.0,0.34759950637817383,1.1730999946594238,53.24800137329102,0.33799898624420166
observed_test,v2_2018_482_48h,,47,PCC,B,2.714877881610524,0.0,0.0,0.34759950637817383,1.1730999946594238,53.24800137329102,0.33799898624420166
observed_test,v2_2018_482_48h,,47,PCC,C,2.714877881610524,0.0,0.0,0.34759950637817383,1.1730999946594238,53.24800137329102,0.33799898624420166
observed_test,v2_2018_509_48h,,0,PCC,A,2.589738233557025,0.0,0.0,0.29431068897247314,1.149999976158142,53.24800137329102,0.3283029794692993
observed_test,v2_2018_509_48h,,0,PCC,B,2.589738233557025,0.0,0.0,0.29431068897247314,1.149999976158142,53.24800137329102,0.3283029794692993
observed_test,v2_2018_509_48h,,0,PCC,C,2.589738233557025,0.0,0.0,0.29431068897247314,1.149999976158142,53.24800137329102,0.3283029794692993
observed_test,v2_2018_509_48h,,1,PCC,A,2.6237012928594003,0.0,0.0,0.3179371654987335,1.149999976158142,34.72425106811524,0.32183223962783813
observed_test,v2_2018_509_48h,,1,PCC,B,2.6237012928594003,0.0,0.0,0.3179371654987335,1.149999976158142,34.72425106811524,0.32183223962783813
observed_test,v2_2018_509_48h,,1,PCC,C,2.6237012928594003,0.0,0.0,0.3179371654987335,1.149999976158142,34.72425106811524,0.32183223962783813
observed_test,v2_2018_509_48h,,2,PCC,A,2.4875831211508435,0.0,0.0,0.2232462614774704,1.149999976158142,34.72425106811524,0.30385276675224304
observed_test,v2_2018_509_48h,,2,PCC,B,2.4875831211508435,0.0,0.0,0.2232462614774704,1.149999976158142,34.72425106811524,0.30385276675224304
observed_test,v2_2018_509_48h,,2,PCC,C,2.4875831211508435,0.0,0.0,0.2232462614774704,1.149999976158142,34.72425106811524,0.30385276675224304
observed_test,v2_2018_509_48h,,3,PCC,A,2.5452259178952694,0.0,0.0,0.2633455991744995,1.149999976158142,53.24800137329102,0.27850639820098877
observed_test,v2_2018_509_48h,,3,PCC,B,2.5452259178952694,0.0,0.0,0.2633455991744995,1.149999976158142,53.24800137329102,0.27850639820098877
observed_test,v2_2018_509_48h,,3,PCC,C,2.5452259178952694,0.0,0.0,0.2633455991744995,1.149999976158142,53.24800137329102,0.27850639820098877
observed_test,v2_2018_509_48h,,4,PCC,A,2.6066056994782514,0.0,0.0,0.3060445785522461,1.149999976158142,53.24800137329102,0.2660975158214569
observed_test,v2_2018_509_48h,,4,PCC,B,2.6066056994782514,0.0,0.0,0.3060445785522461,1.149999976158142,53.24800137329102,0.2660975158214569
observed_test,v2_2018_509_48h,,4,PCC,C,2.6066056994782514,0.0,0.0,0.3060445785522461,1.149999976158142,53.24800137329102,0.2660975158214569
observed_test,v2_2018_509_48h,,5,PCC,A,2.5763726205374935,0.0,0.0,0.2850128710269928,1.149999976158142,53.24800137329102,0.2621997594833374
observed_test,v2_2018_509_48h,,5,PCC,B,2.5763726205374935,0.0,0.0,0.2850128710269928,1.149999976158142,53.24800137329102,0.2621997594833374
observed_test,v2_2018_509_48h,,5,PCC,C,2.5763726205374935,0.0,0.0,0.2850128710269928,1.149999976158142,53.24800137329102,0.2621997594833374
observed_test,v2_2018_509_48h,,6,PCC,A,2.7605416539868575,0.0,0.0,0.4131304621696472,1.149999976158142,121.88174847412108,0.25578537583351135
observed_test,v2_2018_509_48h,,6,PCC,B,2.7605416539868575,0.0,0.0,0.4131304621696472,1.149999976158142,121.88174847412108,0.25578537583351135
observed_test,v2_2018_509_48h,,6,PCC,C,2.7605416539868575,0.0,0.0,0.4131304621696472,1.149999976158142,121.88174847412108,0.25578537583351135
observed_test,v2_2018_509_48h,,7,PCC,A,3.0129513006293838,0.0,0.2612916609415641,0.5887197852134705,1.149999976158142,121.88174847412108,0.2414793074131012
observed_test,v2_2018_509_48h,,7,PCC,B,3.0129513006293838,0.0,0.2612916609415641,0.5887197852134705,1.149999976158142,121.88174847412108,0.2414793074131012
observed_test,v2_2018_509_48h,,7,PCC,C,3.0129513006293838,0.0,0.2612916609415641,0.5887197852134705,1.149999976158142,121.88174847412108,0.2414793074131012
observed_test,v2_2018_509_48h,,8,PCC,A,2.7649040079514635,0.0,0.6569750033892118,0.41616514325141907,1.149999976158142,121.88174847412108,0.23656603693962097
observed_test,v2_2018_509_48h,,8,PCC,B,2.7649040079514635,0.0,0.6569750033892118,0.41616514325141907,1.149999976158142,121.88174847412108,0.23656603693962097
observed_test,v2_2018_509_48h,,8,PCC,C,2.7649040079514635,0.0,0.6569750033892118,0.41616514325141907,1.149999976158142,121.88174847412108,0.23656603693962097
observed_test,v2_2018_509_48h,,9,PCC,A,2.9051724072175276,0.0,0.9361499777207007,0.5137431621551514,1.149999976158142,121.88174847412108,0.23691198229789734
observed_test,v2_2018_509_48h,,9,PCC,B,2.9051724072175276,0.0,0.9361499777207007,0.5137431621551514,1.149999976158142,121.88174847412108,0.23691198229789734
observed_test,v2_2018_509_48h,,9,PCC,C,2.9051724072175276,0.0,0.9361499777207007,0.5137431621551514,1.149999976158142,121.88174847412108,0.23691198229789734
observed_test,v2_2018_509_48h,,10,PCC,A,2.6904467608222724,0.0,1.1640708033855145,0.3643687963485718,1.149999976158142,53.24800137329102,0.24951933324337006
observed_test,v2_2018_509_48h,,10,PCC,B,2.6904467608222724,0.0,1.1640708033855145,0.3643687963485718,1.149999976158142,53.24800137329102,0.24951933324337006
observed_test,v2_2018_509_48h,,10,PCC,C,2.6904467608222724,0.0,1.1640708033855145,0.3643687963485718,1.149999976158142,53.24800137329102,0.24951933324337006
observed_test,v2_2018_509_48h,,11,PCC,A,2.686130632121376,0.0,1.2692041121996365,0.36136627197265625,1.149999976158142,53.24800137329102,0.2664293944835663
observed_test,v2_2018_509_48h,,11,PCC,B,2.686130632121376,0.0,1.2692041121996365,0.36136627197265625,1.149999976158142,53.24800137329102,0.2664293944835663
observed_test,v2_2018_509_48h,,11,PCC,C,2.686130632121376,0.0,1.2692041121996365,0.36136627197265625,1.149999976158142,53.24800137329102,0.2664293944835663
observed_test,v2_2018_509_48h,,12,PCC,A,2.940481482794702,0.0,1.2726875451894906,0.5383059978485107,1.149999976158142,34.72425106811524,0.2777911424636841
observed_test,v2_2018_509_48h,,12,PCC,B,2.940481482794702,0.0,1.2726875451894906,0.5383059978485107,1.149999976158142,34.72425106811524,0.2777911424636841
observed_test,v2_2018_509_48h,,12,PCC,C,2.940481482794702,0.0,1.2726875451894906,0.5383059978485107,1.149999976158142,34.72425106811524,0.2777911424636841
observed_test,v2_2018_509_48h,,13,PCC,A,3.033735447282245,0.0,1.1883167120126576,0.6031783223152161,1.149999976158142,34.72425106811524,0.27098700404167175
observed_test,v2_2018_509_48h,,13,PCC,B,3.033735447282245,0.0,1.1883167120126576,0.6031783223152161,1.149999976158142,34.72425106811524,0.27098700404167175
observed_test,v2_2018_509_48h,,13,PCC,C,3.033735447282245,0.0,1.1883167120126576,0.6031783223152161,1.149999976158142,34.72425106811524,0.27098700404167175
observed_test,v2_2018_509_48h,,14,PCC,A,3.1232014249141358,0.0,1.02835836318823,0.6654155254364014,1.149999976158142,34.72425106811524,0.25144168734550476
observed_test,v2_2018_509_48h,,14,PCC,B,3.1232014249141358,0.0,1.02835836318823,0.6654155254364014,1.149999976158142,34.72425106811524,0.25144168734550476
observed_test,v2_2018_509_48h,,14,PCC,C,3.1232014249141358,0.0,1.02835836318823,0.6654155254364014,1.149999976158142,34.72425106811524,0.25144168734550476
observed_test,v2_2018_509_48h,,15,PCC,A,2.915610662966831,0.0,0.7799250002090746,0.5210045576095581,1.149999976158142,34.72425106811524,0.2531518042087555
observed_test,v2_2018_509_48h,,15,PCC,B,2.915610662966831,0.0,0.7799250002090746,0.5210045576095581,1.149999976158142,34.72425106811524,0.2531518042087555
observed_test,v2_2018_509_48h,,15,PCC,C,2.915610662966831,0.0,0.7799250002090746,0.5210045576095581,1.149999976158142,34.72425106811524,0.2531518042087555
observed_test,v2_2018_509_48h,,16,PCC,A,2.9761405680146122,0.0,0.4337458369823602,0.5631123185157776,1.149999976158142,53.24800137329102,0.2589070200920105
observed_test,v2_2018_509_48h,,16,PCC,B,2.9761405680146122,0.0,0.4337458369823602,0.5631123185157776,1.149999976158142,53.24800137329102,0.2589070200920105
observed_test,v2_2018_509_48h,,16,PCC,C,2.9761405680146122,0.0,0.4337458369823602,0.5631123185157776,1.149999976158142,53.24800137329102,0.2589070200920105
observed_test,v2_2018_509_48h,,17,PCC,A,2.912059071852747,0.0,0.06636666993682201,0.5185338854789734,1.149999976158142,53.24800137329102,0.2724916338920593
observed_test,v2_2018_509_48h,,17,PCC,B,2.912059071852747,0.0,0.06636666993682201,0.5185338854789734,1.149999976158142,53.24800137329102,0.2724916338920593
observed_test,v2_2018_509_48h,,17,PCC,C,2.912059071852747,0.0,0.06636666993682201,0.5185338854789734,1.149999976158142,53.24800137329102,0.2724916338920593
observed_test,v2_2018_509_48h,,18,PCC,A,2.888165108802557,0.0,0.0,0.501911997795105,1.149999976158142,53.24800137329102,0.2840218245983124
observed_test,v2_2018_509_48h,,18,PCC,B,2.888165108802557,0.0,0.0,0.501911997795105,1.149999976158142,53.24800137329102,0.2840218245983124
observed_test,v2_2018_509_48h,,18,PCC,C,2.888165108802557,0.0,0.0,0.501911997795105,1.149999976158142,53.24800137329102,0.2840218245983124
observed_test,v2_2018_509_48h,,19,PCC,A,2.9849615821466244,0.0,0.0,0.5692486763000488,1.149999976158142,53.24800137329102,0.28442564606666565
observed_test,v2_2018_509_48h,,19,PCC,B,2.9849615821466244,0.0,0.0,0.5692486763000488,1.149999976158142,53.24800137329102,0.28442564606666565
observed_test,v2_2018_509_48h,,19,PCC,C,2.9849615821466244,0.0,0.0,0.5692486763000488,1.149999976158142,53.24800137329102,0.28442564606666565
observed_test,v2_2018_509_48h,,20,PCC,A,2.825617614510635,0.0,0.0,0.458400696516037,1.149999976158142,53.24800137329102,0.2950979769229889
observed_test,v2_2018_509_48h,,20,PCC,B,2.825617614510635,0.0,0.0,0.458400696516037,1.149999976158142,53.24800137329102,0.2950979769229889
observed_test,v2_2018_509_48h,,20,PCC,C,2.825617614510635,0.0,0.0,0.458400696516037,1.149999976158142,53.24800137329102,0.2950979769229889
observed_test,v2_2018_509_48h,,21,PCC,A,2.740638571998929,0.0,0.0,0.39928483963012695,1.149999976158142,53.24800137329102,0.29421675205230713
observed_test,v2_2018_509_48h,,21,PCC,B,2.740638571998929,0.0,0.0,0.39928483963012695,1.149999976158142,53.24800137329102,0.29421675205230713
observed_test,v2_2018_509_48h,,21,PCC,C,2.740638571998929,0.0,0.0,0.39928483963012695,1.149999976158142,53.24800137329102,0.29421675205230713
observed_test,v2_2018_509_48h,,22,PCC,A,2.689500792288461,0.0,0.0,0.3637107312679291,1.149999976158142,53.24800137329102,0.297757089138031
observed_test,v2_2018_509_48h,,22,PCC,B,2.689500792288461,0.0,0.0,0.3637107312679291,1.149999976158142,53.24800137329102,0.297757089138031
observed_test,v2_2018_509_48h,,22,PCC,C,2.689500792288461,0.0,0.0,0.3637107312679291,1.149999976158142,53.24800137329102,0.297757089138031
observed_test,v2_2018_509_48h,,23,PCC,A,2.666340906989589,0.0,0.0,0.34759950637817383,1.149999976158142,53.24800137329102,0.3050990402698517
observed_test,v2_2018_509_48h,,23,PCC,B,2.666340906989589,0.0,0.0,0.34759950637817383,1.149999976158142,53.24800137329102,0.3050990402698517
observed_test,v2_2018_509_48h,,23,PCC,C,2.666340906989589,0.0,0.0,0.34759950637817383,1.149999976158142,53.24800137329102,0.3050990402698517
observed_test,v2_2018_509_48h,,24,PCC,A,2.589738233557025,0.0,0.0,0.29431068897247314,1.149999976158142,53.24800137329102,0.30887773633003235
observed_test,v2_2018_509_48h,,24,PCC,B,2.589738233557025,0.0,0.0,0.29431068897247314,1.149999976158142,53.24800137329102,0.30887773633003235
observed_test,v2_2018_509_48h,,24,PCC,C,2.589738233557025,0.0,0.0,0.29431068897247314,1.149999976158142,53.24800137329102,0.30887773633003235
observed_test,v2_2018_509_48h,,25,PCC,A,2.6237012928594003,0.0,0.0,0.3179371654987335,1.149999976158142,34.72425106811524,0.30848458409309387
observed_test,v2_2018_509_48h,,25,PCC,B,2.6237012928594003,0.0,0.0,0.3179371654987335,1.149999976158142,34.72425106811524,0.30848458409309387
observed_test,v2_2018_509_48h,,25,PCC,C,2.6237012928594003,0.0,0.0,0.3179371654987335,1.149999976158142,34.72425106811524,0.30848458409309387
observed_test,v2_2018_509_48h,,26,PCC,A,2.4875831211508435,0.0,0.0,0.2232462614774704,1.149999976158142,34.72425106811524,0.29789969325065613
observed_test,v2_2018_509_48h,,26,PCC,B,2.4875831211508435,0.0,0.0,0.2232462614774704,1.149999976158142,34.72425106811524,0.29789969325065613
observed_test,v2_2018_509_48h,,26,PCC,C,2.4875831211508435,0.0,0.0,0.2232462614774704,1.149999976158142,34.72425106811524,0.29789969325065613
observed_test,v2_2018_509_48h,,27,PCC,A,2.5452259178952694,0.0,0.0,0.2633455991744995,1.149999976158142,53.24800137329102,0.2821500599384308
observed_test,v2_2018_509_48h,,27,PCC,B,2.5452259178952694,0.0,0.0,0.2633455991744995,1.149999976158142,53.24800137329102,0.2821500599384308
observed_test,v2_2018_509_48h,,27,PCC,C,2.5452259178952694,0.0,0.0,0.2633455991744995,1.149999976158142,53.24800137329102,0.2821500599384308
observed_test,v2_2018_509_48h,,28,PCC,A,2.6066056994782514,0.0,0.0,0.3060445785522461,1.149999976158142,53.24800137329102,0.2802436947822571
observed_test,v2_2018_509_48h,,28,PCC,B,2.6066056994782514,0.0,0.0,0.3060445785522461,1.149999976158142,53.24800137329102,0.2802436947822571
observed_test,v2_2018_509_48h,,28,PCC,C,2.6066056994782514,0.0,0.0,0.3060445785522461,1.149999976158142,53.24800137329102,0.2802436947822571
observed_test,v2_2018_509_48h,,29,PCC,A,2.5763726205374935,0.0,0.0,0.2850128710269928,1.149999976158142,53.24800137329102,0.2548019289970398
observed_test,v2_2018_509_48h,,29,PCC,B,2.5763726205374935,0.0,0.0,0.2850128710269928,1.149999976158142,53.24800137329102,0.2548019289970398
observed_test,v2_2018_509_48h,,29,PCC,C,2.5763726205374935,0.0,0.0,0.2850128710269928,1.149999976158142,53.24800137329102,0.2548019289970398
observed_test,v2_2018_509_48h,,30,PCC,A,2.7605416539868575,0.0,0.0,0.4131304621696472,1.149999976158142,121.88174847412108,0.23749005794525146
observed_test,v2_2018_509_48h,,30,PCC,B,2.7605416539868575,0.0,0.0,0.4131304621696472,1.149999976158142,121.88174847412108,0.23749005794525146
observed_test,v2_2018_509_48h,,30,PCC,C,2.7605416539868575,0.0,0.0,0.4131304621696472,1.149999976158142,121.88174847412108,0.23749005794525146
observed_test,v2_2018_509_48h,,31,PCC,A,3.0129513006293838,0.0,0.26870000247771925,0.5887197852134705,1.149999976158142,121.88174847412108,0.21759577095508575
observed_test,v2_2018_509_48h,,31,PCC,B,3.0129513006293838,0.0,0.26870000247771925,0.5887197852134705,1.149999976158142,121.88174847412108,0.21759577095508575
observed_test,v2_2018_509_48h,,31,PCC,C,3.0129513006293838,0.0,0.26870000247771925,0.5887197852134705,1.149999976158142,121.88174847412108,0.21759577095508575
observed_test,v2_2018_509_48h,,32,PCC,A,2.7649040079514635,0.0,0.6493166662179506,0.41616514325141907,1.149999976158142,121.88174847412108,0.20714296400547028
observed_test,v2_2018_509_48h,,32,PCC,B,2.7649040079514635,0.0,0.6493166662179506,0.41616514325141907,1.149999976158142,121.88174847412108,0.20714296400547028
observed_test,v2_2018_509_48h,,32,PCC,C,2.7649040079514635,0.0,0.6493166662179506,0.41616514325141907,1.149999976158142,121.88174847412108,0.20714296400547028
observed_test,v2_2018_509_48h,,33,PCC,A,2.9051724072175276,0.0,0.9366583365660447,0.5137431621551514,1.149999976158142,121.88174847412108,0.21006016433238983
observed_test,v2_2018_509_48h,,33,PCC,B,2.9051724072175276,0.0,0.9366583365660447,0.5137431621551514,1.149999976158142,121.88174847412108,0.21006016433238983
observed_test,v2_2018_509_48h,,33,PCC,C,2.9051724072175276,0.0,0.9366583365660447,0.5137431621551514,1.149999976158142,121.88174847412108,0.21006016433238983
observed_test,v2_2018_509_48h,,34,PCC,A,2.6904467608222724,0.0,1.1230916931078982,0.3643687963485718,1.149999976158142,53.24800137329102,0.23078852891921997
observed_test,v2_2018_509_48h,,34,PCC,B,2.6904467608222724,0.0,1.1230916931078982,0.3643687963485718,1.149999976158142,53.24800137329102,0.23078852891921997
observed_test,v2_2018_509_48h,,34,PCC,C,2.6904467608222724,0.0,1.1230916931078982,0.3643687963485718,1.149999976158142,53.24800137329102,0.23078852891921997
observed_test,v2_2018_509_48h,,35,PCC,A,2.686130632121376,0.0,1.2181499829659093,0.36136627197265625,1.149999976158142,53.24800137329102,0.2465364784002304
observed_test,v2_2018_509_48h,,35,PCC,B,2.686130632121376,0.0,1.2181499829659093,0.36136627197265625,1.149999976158142,53.24800137329102,0.2465364784002304
observed_test,v2_2018_509_48h,,35,PCC,C,2.686130632121376,0.0,1.2181499829659093,0.36136627197265625,1.149999976158142,53.24800137329102,0.2465364784002304
observed_test,v2_2018_509_48h,,36,PCC,A,2.940481482794702,0.0,1.2306333734438968,0.5383059978485107,1.149999976158142,34.72425106811524,0.2510838210582733
observed_test,v2_2018_509_48h,,36,PCC,B,2.940481482794702,0.0,1.2306333734438968,0.5383059978485107,1.149999976158142,34.72425106811524,0.2510838210582733
observed_test,v2_2018_509_48h,,36,PCC,C,2.940481482794702,0.0,1.2306333734438968,0.5383059978485107,1.149999976158142,34.72425106811524,0.2510838210582733
observed_test,v2_2018_509_48h,,37,PCC,A,3.033735447282245,0.0,1.1592333133404071,0.6031783223152161,1.149999976158142,34.72425106811524,0.2372344434261322
observed_test,v2_2018_509_48h,,37,PCC,B,3.033735447282245,0.0,1.1592333133404071,0.6031783223152161,1.149999976158142,34.72425106811524,0.2372344434261322
observed_test,v2_2018_509_48h,,37,PCC,C,3.033735447282245,0.0,1.1592333133404071,0.6031783223152161,1.149999976158142,34.72425106811524,0.2372344434261322
observed_test,v2_2018_509_48h,,38,PCC,A,3.123763442935555,0.0,1.0012208269192622,0.6654155254364014,1.1502249240875244,34.72425106811524,0.22046156227588654
observed_test,v2_2018_509_48h,,38,PCC,B,3.123763442935555,0.0,1.0012208269192622,0.6654155254364014,1.1502249240875244,34.72425106811524,0.22046156227588654
observed_test,v2_2018_509_48h,,38,PCC,C,3.123763442935555,0.0,1.0012208269192622,0.6654155254364014,1.1502249240875244,34.72425106811524,0.22046156227588654
observed_test,v2_2018_509_48h,,39,PCC,A,2.915610662966831,0.0,0.7547541879690609,0.5210045576095581,1.149999976158142,34.72425106811524,0.21257410943508148
observed_test,v2_2018_509_48h,,39,PCC,B,2.915610662966831,0.0,0.7547541879690609,0.5210045576095581,1.149999976158142,34.72425106811524,0.21257410943508148
observed_test,v2_2018_509_48h,,39,PCC,C,2.915610662966831,0.0,0.7547541879690609,0.5210045576095581,1.149999976158142,34.72425106811524,0.21257410943508148
observed_test,v2_2018_509_48h,,40,PCC,A,2.9761405680146122,0.0,0.40694165688294626,0.5631123185157776,1.149999976158142,53.24800137329102,0.21133701503276825
observed_test,v2_2018_509_48h,,40,PCC,B,2.9761405680146122,0.0,0.40694165688294626,0.5631123185157776,1.149999976158142,53.24800137329102,0.21133701503276825
observed_test,v2_2018_509_48h,,40,PCC,C,2.9761405680146122,0.0,0.40694165688294626,0.5631123185157776,1.149999976158142,53.24800137329102,0.21133701503276825
observed_test,v2_2018_509_48h,,41,PCC,A,2.912059071852747,0.0,0.05749583315963928,0.5185338854789734,1.149999976158142,53.24800137329102,0.21489055454730988
observed_test,v2_2018_509_48h,,41,PCC,B,2.912059071852747,0.0,0.05749583315963928,0.5185338854789734,1.149999976158142,53.24800137329102,0.21489055454730988
observed_test,v2_2018_509_48h,,41,PCC,C,2.912059071852747,0.0,0.05749583315963928,0.5185338854789734,1.149999976158142,53.24800137329102,0.21489055454730988
observed_test,v2_2018_509_48h,,42,PCC,A,2.888165108802557,0.0,0.0,0.501911997795105,1.149999976158142,53.24800137329102,0.21920259296894073
observed_test,v2_2018_509_48h,,42,PCC,B,2.888165108802557,0.0,0.0,0.501911997795105,1.149999976158142,53.24800137329102,0.21920259296894073
observed_test,v2_2018_509_48h,,42,PCC,C,2.888165108802557,0.0,0.0,0.501911997795105,1.149999976158142,53.24800137329102,0.21920259296894073
observed_test,v2_2018_509_48h,,43,PCC,A,2.9849615821466244,0.0,0.0,0.5692486763000488,1.149999976158142,53.24800137329102,0.23164419829845428
observed_test,v2_2018_509_48h,,43,PCC,B,2.9849615821466244,0.0,0.0,0.5692486763000488,1.149999976158142,53.24800137329102,0.23164419829845428
observed_test,v2_2018_509_48h,,43,PCC,C,2.9849615821466244,0.0,0.0,0.5692486763000488,1.149999976158142,53.24800137329102,0.23164419829845428
observed_test,v2_2018_509_48h,,44,PCC,A,2.825617614510635,0.0,0.0,0.458400696516037,1.149999976158142,53.24800137329102,0.24770797789096832
observed_test,v2_2018_509_48h,,44,PCC,B,2.825617614510635,0.0,0.0,0.458400696516037,1.149999976158142,53.24800137329102,0.24770797789096832
observed_test,v2_2018_509_48h,,44,PCC,C,2.825617614510635,0.0,0.0,0.458400696516037,1.149999976158142,53.24800137329102,0.24770797789096832
observed_test,v2_2018_509_48h,,45,PCC,A,2.740638571998929,0.0,0.0,0.39928483963012695,1.149999976158142,53.24800137329102,0.2684735953807831
observed_test,v2_2018_509_48h,,45,PCC,B,2.740638571998929,0.0,0.0,0.39928483963012695,1.149999976158142,53.24800137329102,0.2684735953807831
observed_test,v2_2018_509_48h,,45,PCC,C,2.740638571998929,0.0,0.0,0.39928483963012695,1.149999976158142,53.24800137329102,0.2684735953807831
observed_test,v2_2018_509_48h,,46,PCC,A,2.689500792288461,0.0,0.0,0.3637107312679291,1.149999976158142,53.24800137329102,0.2757553458213806
observed_test,v2_2018_509_48h,,46,PCC,B,2.689500792288461,0.0,0.0,0.3637107312679291,1.149999976158142,53.24800137329102,0.2757553458213806
observed_test,v2_2018_509_48h,,46,PCC,C,2.689500792288461,0.0,0.0,0.3637107312679291,1.149999976158142,53.24800137329102,0.2757553458213806
observed_test,v2_2018_509_48h,,47,PCC,A,2.666340906989589,0.0,0.0,0.34759950637817383,1.149999976158142,53.24800137329102,0.2743472754955292
observed_test,v2_2018_509_48h,,47,PCC,B,2.666340906989589,0.0,0.0,0.34759950637817383,1.149999976158142,53.24800137329102,0.2743472754955292
observed_test,v2_2018_509_48h,,47,PCC,C,2.666340906989589,0.0,0.0,0.34759950637817383,1.149999976158142,53.24800137329102,0.2743472754955292
observed_test,v2_2018_417_48h,,0,PCC,A,2.589738233557025,0.0,0.0,0.29431068897247314,1.149999976158142,53.24800137329102,0.3240935206413269
observed_test,v2_2018_417_48h,,0,PCC,B,2.589738233557025,0.0,0.0,0.29431068897247314,1.149999976158142,53.24800137329102,0.3240935206413269
observed_test,v2_2018_417_48h,,0,PCC,C,2.589738233557025,0.0,0.0,0.29431068897247314,1.149999976158142,53.24800137329102,0.3240935206413269
observed_test,v2_2018_417_48h,,1,PCC,A,2.6237012928594003,0.0,0.0,0.3179371654987335,1.149999976158142,34.72425106811524,0.3257555365562439
observed_test,v2_2018_417_48h,,1,PCC,B,2.6237012928594003,0.0,0.0,0.3179371654987335,1.149999976158142,34.72425106811524,0.3257555365562439
observed_test,v2_2018_417_48h,,1,PCC,C,2.6237012928594003,0.0,0.0,0.3179371654987335,1.149999976158142,34.72425106811524,0.3257555365562439
observed_test,v2_2018_417_48h,,2,PCC,A,2.4875831211508435,0.0,0.0,0.2232462614774704,1.149999976158142,34.72425106811524,0.331983745098114
observed_test,v2_2018_417_48h,,2,PCC,B,2.4875831211508435,0.0,0.0,0.2232462614774704,1.149999976158142,34.72425106811524,0.331983745098114
observed_test,v2_2018_417_48h,,2,PCC,C,2.4875831211508435,0.0,0.0,0.2232462614774704,1.149999976158142,34.72425106811524,0.331983745098114
observed_test,v2_2018_417_48h,,3,PCC,A,2.5452259178952694,0.0,0.0,0.2633455991744995,1.149999976158142,53.24800137329102,0.33688339591026306
observed_test,v2_2018_417_48h,,3,PCC,B,2.5452259178952694,0.0,0.0,0.2633455991744995,1.149999976158142,53.24800137329102,0.33688339591026306
observed_test,v2_2018_417_48h,,3,PCC,C,2.5452259178952694,0.0,0.0,0.2633455991744995,1.149999976158142,53.24800137329102,0.33688339591026306
observed_test,v2_2018_417_48h,,4,PCC,A,2.6066056994782514,0.0,0.0,0.3060445785522461,1.149999976158142,53.24800137329102,0.31151601672172546
observed_test,v2_2018_417_48h,,4,PCC,B,2.6066056994782514,0.0,0.0,0.3060445785522461,1.149999976158142,53.24800137329102,0.31151601672172546
observed_test,v2_2018_417_48h,,4,PCC,C,2.6066056994782514,0.0,0.0,0.3060445785522461,1.149999976158142,53.24800137329102,0.31151601672172546
observed_test,v2_2018_417_48h,,5,PCC,A,2.5763726205374935,0.0,0.0,0.2850128710269928,1.149999976158142,53.24800137329102,0.29745304584503174
observed_test,v2_2018_417_48h,,5,PCC,B,2.5763726205374935,0.0,0.0,0.2850128710269928,1.149999976158142,53.24800137329102,0.29745304584503174
observed_test,v2_2018_417_48h,,5,PCC,C,2.5763726205374935,0.0,0.0,0.2850128710269928,1.149999976158142,53.24800137329102,0.29745304584503174
observed_test,v2_2018_417_48h,,6,PCC,A,2.7605416539868575,0.0,0.02869583415583922,0.4131304621696472,1.149999976158142,121.88174847412108,0.28338560461997986
observed_test,v2_2018_417_48h,,6,PCC,B,2.7605416539868575,0.0,0.02869583415583922,0.4131304621696472,1.149999976158142,121.88174847412108,0.28338560461997986
observed_test,v2_2018_417_48h,,6,PCC,C,2.7605416539868575,0.0,0.02869583415583922,0.4131304621696472,1.149999976158142,121.88174847412108,0.28338560461997986
observed_test,v2_2018_417_48h,,7,PCC,A,3.0129513006293838,0.0,0.2581916749477386,0.5887197852134705,1.149999976158142,121.88174847412108,0.28136149048805237
observed_test,v2_2018_417_48h,,7,PCC,B,3.0129513006293838,0.0,0.2581916749477386,0.5887197852134705,1.149999976158142,121.88174847412108,0.28136149048805237
observed_test,v2_2018_417_48h,,7,PCC,C,3.0129513006293838,0.0,0.2581916749477386,0.5887197852134705,1.149999976158142,121.88174847412108,0.28136149048805237
observed_test,v2_2018_417_48h,,8,PCC,A,2.7649040079514635,0.0,0.705941651876156,0.41616514325141907,1.149999976158142,121.88174847412108,0.28054937720298767
observed_test,v2_2018_417_48h,,8,PCC,B,2.7649040079514635,0.0,0.705941651876156,0.41616514325141907,1.149999976158142,121.88174847412108,0.28054937720298767
observed_test,v2_2018_417_48h,,8,PCC,C,2.7649040079514635,0.0,0.705941651876156,0.41616514325141907,1.149999976158142,121.88174847412108,0.28054937720298767
observed_test,v2_2018_417_48h,,9,PCC,A,2.9051724072175276,0.0,0.9025958295051867,0.5137431621551514,1.149999976158142,121.88174847412108,0.2806977927684784
observed_test,v2_2018_417_48h,,9,PCC,B,2.9051724072175276,0.0,0.9025958295051867,0.5137431621551514,1.149999976158142,121.88174847412108,0.2806977927684784
observed_test,v2_2018_417_48h,,9,PCC,C,2.9051724072175276,0.0,0.9025958295051867,0.5137431621551514,1.149999976158142,121.88174847412108,0.2806977927684784
observed_test,v2_2018_417_48h,,10,PCC,A,2.6904467608222724,0.0,1.2545374723581166,0.3643687963485718,1.149999976158142,53.24800137329102,0.2847466468811035
observed_test,v2_2018_417_48h,,10,PCC,B,2.6904467608222724,0.0,1.2545374723581166,0.3643687963485718,1.149999976158142,53.24800137329102,0.2847466468811035
observed_test,v2_2018_417_48h,,10,PCC,C,2.6904467608222724,0.0,1.2545374723581166,0.3643687963485718,1.149999976158142,53.24800137329102,0.2847466468811035
observed_test,v2_2018_417_48h,,11,PCC,A,2.686130632121376,0.0,1.3785083706562336,0.36136627197265625,1.149999976158142,53.24800137329102,0.30140700936317444
observed_test,v2_2018_417_48h,,11,PCC,B,2.686130632121376,0.0,1.3785083706562336,0.36136627197265625,1.149999976158142,53.24800137329102,0.30140700936317444
observed_test,v2_2018_417_48h,,11,PCC,C,2.686130632121376,0.0,1.3785083706562336,0.36136627197265625,1.149999976158142,53.24800137329102,0.30140700936317444
observed_test,v2_2018_417_48h,,12,PCC,A,2.940481482794702,0.0,1.416700046796065,0.5383059978485107,1.149999976158142,34.72425106811524,0.30838295817375183
observed_test,v2_2018_417_48h,,12,PCC,B,2.940481482794702,0.0,1.416700046796065,0.5383059978485107,1.149999976158142,34.72425106811524,0.30838295817375183
observed_test,v2_2018_417_48h,,12,PCC,C,2.940481482794702,0.0,1.416700046796065,0.5383059978485107,1.149999976158142,34.72425106811524,0.30838295817375183
observed_test,v2_2018_417_48h,,13,PCC,A,3.033735447282245,0.0,1.3586416840553284,0.6031783223152161,1.149999976158142,34.72425106811524,0.28811511397361755
observed_test,v2_2018_417_48h,,13,PCC,B,3.033735447282245,0.0,1.3586416840553284,0.6031783223152161,1.149999976158142,34.72425106811524,0.28811511397361755
observed_test,v2_2018_417_48h,,13,PCC,C,3.033735447282245,0.0,1.3586416840553284,0.6031783223152161,1.149999976158142,34.72425106811524,0.28811511397361755
observed_test,v2_2018_417_48h,,14,PCC,A,3.1232014249141358,0.0,1.2130999794373145,0.6654155254364014,1.149999976158142,34.72425106811524,0.27196237444877625
observed_test,v2_2018_417_48h,,14,PCC,B,3.1232014249141358,0.0,1.2130999794373145,0.6654155254364014,1.149999976158142,34.72425106811524,0.27196237444877625
observed_test,v2_2018_417_48h,,14,PCC,C,3.1232014249141358,0.0,1.2130999794373145,0.6654155254364014,1.149999976158142,34.72425106811524,0.27196237444877625
observed_test,v2_2018_417_48h,,15,PCC,A,2.915610662966831,0.0,0.9863832822212806,0.5210045576095581,1.149999976158142,34.72425106811524,0.2654355466365814
observed_test,v2_2018_417_48h,,15,PCC,B,2.915610662966831,0.0,0.9863832822212806,0.5210045576095581,1.149999976158142,34.72425106811524,0.2654355466365814
observed_test,v2_2018_417_48h,,15,PCC,C,2.915610662966831,0.0,0.9863832822212806,0.5210045576095581,1.149999976158142,34.72425106811524,0.2654355466365814
observed_test,v2_2018_417_48h,,16,PCC,A,2.9761405680146122,0.0,0.6686708101859459,0.5631123185157776,1.149999976158142,53.24800137329102,0.2577410638332367
observed_test,v2_2018_417_48h,,16,PCC,B,2.9761405680146122,0.0,0.6686708101859459,0.5631123185157776,1.149999976158142,53.24800137329102,0.2577410638332367
observed_test,v2_2018_417_48h,,16,PCC,C,2.9761405680146122,0.0,0.6686708101859459,0.5631123185157776,1.149999976158142,53.24800137329102,0.2577410638332367
observed_test,v2_2018_417_48h,,17,PCC,A,2.912059071852747,0.0,0.3063916586912595,0.5185338854789734,1.149999976158142,53.24800137329102,0.25563478469848633
observed_test,v2_2018_417_48h,,17,PCC,B,2.912059071852747,0.0,0.3063916586912595,0.5185338854789734,1.149999976158142,53.24800137329102,0.25563478469848633
observed_test,v2_2018_417_48h,,17,PCC,C,2.912059071852747,0.0,0.3063916586912595,0.5185338854789734,1.149999976158142,53.24800137329102,0.25563478469848633
observed_test,v2_2018_417_48h,,18,PCC,A,2.888165108802557,0.0,0.043995832451261006,0.501911997795105,1.149999976158142,53.24800137329102,0.2592598795890808
observed_test,v2_2018_417_48h,,18,PCC,B,2.888165108802557,0.0,0.043995832451261006,0.501911997795105,1.149999976158142,53.24800137329102,0.2592598795890808
observed_test,v2_2018_417_48h,,18,PCC,C,2.888165108802557,0.0,0.043995832451261006,0.501911997795105,1.149999976158142,53.24800137329102,0.2592598795890808
observed_test,v2_2018_417_48h,,19,PCC,A,2.9849615821466244,0.0,0.0,0.5692486763000488,1.149999976158142,53.24800137329102,0.2766875922679901
observed_test,v2_2018_417_48h,,19,PCC,B,2.9849615821466244,0.0,0.0,0.5692486763000488,1.149999976158142,53.24800137329102,0.2766875922679901
observed_test,v2_2018_417_48h,,19,PCC,C,2.9849615821466244,0.0,0.0,0.5692486763000488,1.149999976158142,53.24800137329102,0.2766875922679901
observed_test,v2_2018_417_48h,,20,PCC,A,2.825617614510635,0.0,0.0,0.458400696516037,1.149999976158142,53.24800137329102,0.29759371280670166
observed_test,v2_2018_417_48h,,20,PCC,B,2.825617614510635,0.0,0.0,0.458400696516037,1.149999976158142,53.24800137329102,0.29759371280670166
observed_test,v2_2018_417_48h,,20,PCC,C,2.825617614510635,0.0,0.0,0.458400696516037,1.149999976158142,53.24800137329102,0.29759371280670166
observed_test,v2_2018_417_48h,,21,PCC,A,2.740638571998929,0.0,0.0,0.39928483963012695,1.149999976158142,53.24800137329102,0.29918307065963745
observed_test,v2_2018_417_48h,,21,PCC,B,2.740638571998929,0.0,0.0,0.39928483963012695,1.149999976158142,53.24800137329102,0.29918307065963745
observed_test,v2_2018_417_48h,,21,PCC,C,2.740638571998929,0.0,0.0,0.39928483963012695,1.149999976158142,53.24800137329102,0.29918307065963745
observed_test,v2_2018_417_48h,,22,PCC,A,2.689500792288461,0.0,0.0,0.3637107312679291,1.149999976158142,53.24800137329102,0.2935025990009308
observed_test,v2_2018_417_48h,,22,PCC,B,2.689500792288461,0.0,0.0,0.3637107312679291,1.149999976158142,53.24800137329102,0.2935025990009308
observed_test,v2_2018_417_48h,,22,PCC,C,2.689500792288461,0.0,0.0,0.3637107312679291,1.149999976158142,53.24800137329102,0.2935025990009308
observed_test,v2_2018_417_48h,,23,PCC,A,2.666340906989589,0.0,0.0,0.34759950637817383,1.149999976158142,53.24800137329102,0.28960120677948
observed_test,v2_2018_417_48h,,23,PCC,B,2.666340906989589,0.0,0.0,0.34759950637817383,1.149999976158142,53.24800137329102,0.28960120677948
observed_test,v2_2018_417_48h,,23,PCC,C,2.666340906989589,0.0,0.0,0.34759950637817383,1.149999976158142,53.24800137329102,0.28960120677948
observed_test,v2_2018_417_48h,,24,PCC,A,2.589738233557025,0.0,0.0,0.29431068897247314,1.149999976158142,53.24800137329102,0.2904060482978821
observed_test,v2_2018_417_48h,,24,PCC,B,2.589738233557025,0.0,0.0,0.29431068897247314,1.149999976158142,53.24800137329102,0.2904060482978821
observed_test,v2_2018_417_48h,,24,PCC,C,2.589738233557025,0.0,0.0,0.29431068897247314,1.149999976158142,53.24800137329102,0.2904060482978821
observed_test,v2_2018_417_48h,,25,PCC,A,2.6237012928594003,0.0,0.0,0.3179371654987335,1.149999976158142,34.72425106811524,0.296613872051239
observed_test,v2_2018_417_48h,,25,PCC,B,2.6237012928594003,0.0,0.0,0.3179371654987335,1.149999976158142,34.72425106811524,0.296613872051239
observed_test,v2_2018_417_48h,,25,PCC,C,2.6237012928594003,0.0,0.0,0.3179371654987335,1.149999976158142,34.72425106811524,0.296613872051239
observed_test,v2_2018_417_48h,,26,PCC,A,2.4875831211508435,0.0,0.0,0.2232462614774704,1.149999976158142,34.72425106811524,0.3104727864265442
observed_test,v2_2018_417_48h,,26,PCC,B,2.4875831211508435,0.0,0.0,0.2232462614774704,1.149999976158142,34.72425106811524,0.3104727864265442
observed_test,v2_2018_417_48h,,26,PCC,C,2.4875831211508435,0.0,0.0,0.2232462614774704,1.149999976158142,34.72425106811524,0.3104727864265442
observed_test,v2_2018_417_48h,,27,PCC,A,2.5452259178952694,0.0,0.0,0.2633455991744995,1.149999976158142,53.24800137329102,0.33049213886260986
observed_test,v2_2018_417_48h,,27,PCC,B,2.5452259178952694,0.0,0.0,0.2633455991744995,1.149999976158142,53.24800137329102,0.33049213886260986
observed_test,v2_2018_417_48h,,27,PCC,C,2.5452259178952694,0.0,0.0,0.2633455991744995,1.149999976158142,53.24800137329102,0.33049213886260986
observed_test,v2_2018_417_48h,,28,PCC,A,2.6066056994782514,0.0,0.0,0.3060445785522461,1.149999976158142,53.24800137329102,0.3265937566757202
observed_test,v2_2018_417_48h,,28,PCC,B,2.6066056994782514,0.0,0.0,0.3060445785522461,1.149999976158142,53.24800137329102,0.3265937566757202
observed_test,v2_2018_417_48h,,28,PCC,C,2.6066056994782514,0.0,0.0,0.3060445785522461,1.149999976158142,53.24800137329102,0.3265937566757202
observed_test,v2_2018_417_48h,,29,PCC,A,2.5763726205374935,0.0,0.0,0.2850128710269928,1.149999976158142,53.24800137329102,0.32408881187438965
observed_test,v2_2018_417_48h,,29,PCC,B,2.5763726205374935,0.0,0.0,0.2850128710269928,1.149999976158142,53.24800137329102,0.32408881187438965
observed_test,v2_2018_417_48h,,29,PCC,C,2.5763726205374935,0.0,0.0,0.2850128710269928,1.149999976158142,53.24800137329102,0.32408881187438965
observed_test,v2_2018_417_48h,,30,PCC,A,2.7605416539868575,0.0,0.05896250144220316,0.4131304621696472,1.149999976158142,121.88174847412108,0.30246126651763916
observed_test,v2_2018_417_48h,,30,PCC,B,2.7605416539868575,0.0,0.05896250144220316,0.4131304621696472,1.149999976158142,121.88174847412108,0.30246126651763916
observed_test,v2_2018_417_48h,,30,PCC,C,2.7605416539868575,0.0,0.05896250144220316,0.4131304621696472,1.149999976158142,121.88174847412108,0.30246126651763916
observed_test,v2_2018_417_48h,,31,PCC,A,3.0129513006293838,0.0,0.2768458368686529,0.5887197852134705,1.149999976158142,121.88174847412108,0.2702350914478302
observed_test,v2_2018_417_48h,,31,PCC,B,3.0129513006293838,0.0,0.2768458368686529,0.5887197852134705,1.149999976158142,121.88174847412108,0.2702350914478302
observed_test,v2_2018_417_48h,,31,PCC,C,3.0129513006293838,0.0,0.2768458368686529,0.5887197852134705,1.149999976158142,121.88174847412108,0.2702350914478302
observed_test,v2_2018_417_48h,,32,PCC,A,2.7649040079514635,0.0,0.5969249858306004,0.41616514325141907,1.149999976158142,121.88174847412108,0.26409101486206055
observed_test,v2_2018_417_48h,,32,PCC,B,2.7649040079514635,0.0,0.5969249858306004,0.41616514325141907,1.149999976158142,121.88174847412108,0.26409101486206055
observed_test,v2_2018_417_48h,,32,PCC,C,2.7649040079514635,0.0,0.5969249858306004,0.41616514325141907,1.149999976158142,121.88174847412108,0.26409101486206055
observed_test,v2_2018_417_48h,,33,PCC,A,2.907250437854574,0.0,0.9364458230825571,0.5137431621551514,1.1509000062942505,121.88174847412108,0.2646627426147461
observed_test,v2_2018_417_48h,,33,PCC,B,2.907250437854574,0.0,0.9364458230825571,0.5137431621551514,1.1509000062942505,121.88174847412108,0.2646627426147461
observed_test,v2_2018_417_48h,,33,PCC,C,2.907250437854574,0.0,0.9364458230825571,0.5137431621551514,1.1509000062942505,121.88174847412108,0.2646627426147461
observed_test,v2_2018_417_48h,,34,PCC,A,2.7260986030936514,0.0,1.1315124539228585,0.3643687963485718,1.1668000221252441,53.24800137329102,0.2743819057941437
observed_test,v2_2018_417_48h,,34,PCC,B,2.7260986030936514,0.0,1.1315124539228585,0.3643687963485718,1.1668000221252441,53.24800137329102,0.2743819057941437
observed_test,v2_2018_417_48h,,34,PCC,C,2.7260986030936514,0.0,1.1315124539228585,0.3643687963485718,1.1668000221252441,53.24800137329102,0.2743819057941437
observed_test,v2_2018_417_48h,,35,PCC,A,2.7484108236261213,0.0,1.239004158056699,0.36136627197265625,1.1793999671936035,53.24800137329102,0.2967167794704437
observed_test,v2_2018_417_48h,,35,PCC,B,2.7484108236261213,0.0,1.239004158056699,0.36136627197265625,1.1793999671936035,53.24800137329102,0.2967167794704437
observed_test,v2_2018_417_48h,,35,PCC,C,2.7484108236261213,0.0,1.239004158056699,0.36136627197265625,1.1793999671936035,53.24800137329102,0.2967167794704437
observed_test,v2_2018_417_48h,,36,PCC,A,3.028565483383133,0.0,1.2732041569856496,0.5383059978485107,1.1876499652862549,34.72425106811524,0.30099955201148987
observed_test,v2_2018_417_48h,,36,PCC,B,3.028565483383133,0.0,1.2732041569856496,0.5383059978485107,1.1876499652862549,34.72425106811524,0.30099955201148987
observed_test,v2_2018_417_48h,,36,PCC,C,3.028565483383133,0.0,1.2732041569856496,0.5383059978485107,1.1876499652862549,34.72425106811524,0.30099955201148987
observed_test,v2_2018_417_48h,,37,PCC,A,3.1352206485811895,0.0,1.2219874904705927,0.6031783223152161,1.1919249296188354,34.72425106811524,0.27176740765571594
observed_test,v2_2018_417_48h,,37,PCC,B,3.1352206485811895,0.0,1.2219874904705927,0.6031783223152161,1.1919249296188354,34.72425106811524,0.27176740765571594
observed_test,v2_2018_417_48h,,37,PCC,C,3.1352206485811895,0.0,1.2219874904705927,0.6031783223152161,1.1919249296188354,34.72425106811524,0.27176740765571594
observed_test,v2_2018_417_48h,,38,PCC,A,3.22888523555771,0.0,1.1135416535230782,0.6654155254364014,1.1922999620437622,34.72425106811524,0.250858336687088
observed_test,v2_2018_417_48h,,38,PCC,B,3.22888523555771,0.0,1.1135416535230782,0.6654155254364014,1.1922999620437622,34.72425106811524,0.250858336687088
observed_test,v2_2018_417_48h,,38,PCC,C,3.22888523555771,0.0,1.1135416535230782,0.6654155254364014,1.1922999620437622,34.72425106811524,0.250858336687088
observed_test,v2_2018_417_48h,,39,PCC,A,3.005835910784453,0.0,0.9123041652716122,0.5210045576095581,1.18892502784729,34.72425106811524,0.24566330015659332
observed_test,v2_2018_417_48h,,39,PCC,B,3.005835910784453,0.0,0.9123041652716122,0.5210045576095581,1.18892502784729,34.72425106811524,0.24566330015659332
observed_test,v2_2018_417_48h,,39,PCC,C,3.005835910784453,0.0,0.9123041652716122,0.5210045576095581,1.18892502784729,34.72425106811524,0.24566330015659332
observed_test,v2_2018_417_48h,,40,PCC,A,3.0504575713333146,0.0,0.6269833216300377,0.5631123185157776,1.1813499927520752,53.24800137329102,0.2558567225933075
observed_test,v2_2018_417_48h,,40,PCC,B,3.0504575713333146,0.0,0.6269833216300377,0.5631123185157776,1.1813499927520752,53.24800137329102,0.2558567225933075
observed_test,v2_2018_417_48h,,40,PCC,C,3.0504575713333146,0.0,0.6269833216300377,0.5631123185157776,1.1813499927520752,53.24800137329102,0.2558567225933075
observed_test,v2_2018_417_48h,,41,PCC,A,2.957545519795026,0.0,0.2915166604977387,0.5185338854789734,1.1696499586105347,53.24800137329102,0.26320913434028625
observed_test,v2_2018_417_48h,,41,PCC,B,2.957545519795026,0.0,0.2915166604977387,0.5185338854789734,1.1696499586105347,53.24800137329102,0.26320913434028625
observed_test,v2_2018_417_48h,,41,PCC,C,2.957545519795026,0.0,0.2915166604977387,0.5185338854789734,1.1696499586105347,53.24800137329102,0.26320913434028625
observed_test,v2_2018_417_48h,,42,PCC,A,2.9120805843278936,0.0,0.04336250086243335,0.501911997795105,1.1604249477386475,53.24800137329102,0.2816186845302582
observed_test,v2_2018_417_48h,,42,PCC,B,2.9120805843278936,0.0,0.04336250086243335,0.501911997795105,1.1604249477386475,53.24800137329102,0.2816186845302582
observed_test,v2_2018_417_48h,,42,PCC,C,2.9120805843278936,0.0,0.04336250086243335,0.501911997795105,1.1604249477386475,53.24800137329102,0.2816186845302582
observed_test,v2_2018_417_48h,,43,PCC,A,2.9901341639334,0.0,0.0,0.5692486763000488,1.152174949645996,53.24800137329102,0.29727253317832947
observed_test,v2_2018_417_48h,,43,PCC,B,2.9901341639334,0.0,0.0,0.5692486763000488,1.152174949645996,53.24800137329102,0.29727253317832947
observed_test,v2_2018_417_48h,,43,PCC,C,2.9901341639334,0.0,0.0,0.5692486763000488,1.152174949645996,53.24800137329102,0.29727253317832947
observed_test,v2_2018_417_48h,,44,PCC,A,2.825617614510635,0.0,0.0,0.458400696516037,1.149999976158142,53.24800137329102,0.30820977687835693
observed_test,v2_2018_417_48h,,44,PCC,B,2.825617614510635,0.0,0.0,0.458400696516037,1.149999976158142,53.24800137329102,0.30820977687835693
observed_test,v2_2018_417_48h,,44,PCC,C,2.825617614510635,0.0,0.0,0.458400696516037,1.149999976158142,53.24800137329102,0.30820977687835693
observed_test,v2_2018_417_48h,,45,PCC,A,2.740638571998929,0.0,0.0,0.39928483963012695,1.149999976158142,53.24800137329102,0.31189200282096863
observed_test,v2_2018_417_48h,,45,PCC,B,2.740638571998929,0.0,0.0,0.39928483963012695,1.149999976158142,53.24800137329102,0.31189200282096863
observed_test,v2_2018_417_48h,,45,PCC,C,2.740638571998929,0.0,0.0,0.39928483963012695,1.149999976158142,53.24800137329102,0.31189200282096863
observed_test,v2_2018_417_48h,,46,PCC,A,2.689500792288461,0.0,0.0,0.3637107312679291,1.149999976158142,53.24800137329102,0.30508312582969666
observed_test,v2_2018_417_48h,,46,PCC,B,2.689500792288461,0.0,0.0,0.3637107312679291,1.149999976158142,53.24800137329102,0.30508312582969666
observed_test,v2_2018_417_48h,,46,PCC,C,2.689500792288461,0.0,0.0,0.3637107312679291,1.149999976158142,53.24800137329102,0.30508312582969666
observed_test,v2_2018_417_48h,,47,PCC,A,2.666340906989589,0.0,0.0,0.34759950637817383,1.149999976158142,53.24800137329102,0.3041776418685913
observed_test,v2_2018_417_48h,,47,PCC,B,2.666340906989589,0.0,0.0,0.34759950637817383,1.149999976158142,53.24800137329102,0.3041776418685913
observed_test,v2_2018_417_48h,,47,PCC,C,2.666340906989589,0.0,0.0,0.34759950637817383,1.149999976158142,53.24800137329102,0.3041776418685913
observed_test,v2_2018_493_48h,,0,PCC,A,2.6239188515480456,0.0,0.0,0.29431068897247314,1.1668000221252441,53.24800137329102,0.31429949402809143
observed_test,v2_2018_493_48h,,0,PCC,B,2.6239188515480456,0.0,0.0,0.29431068897247314,1.1668000221252441,53.24800137329102,0.31429949402809143
observed_test,v2_2018_493_48h,,0,PCC,C,2.6239188515480456,0.0,0.0,0.29431068897247314,1.1668000221252441,53.24800137329102,0.31429949402809143
observed_test,v2_2018_493_48h,,1,PCC,A,2.6593066929139293,0.0,0.0,0.3179371654987335,1.1672499179840088,53.24800137329102,0.3190944790840149
observed_test,v2_2018_493_48h,,1,PCC,B,2.6593066929139293,0.0,0.0,0.3179371654987335,1.1672499179840088,53.24800137329102,0.3190944790840149
observed_test,v2_2018_493_48h,,1,PCC,C,2.6593066929139293,0.0,0.0,0.3179371654987335,1.1672499179840088,53.24800137329102,0.3190944790840149
observed_test,v2_2018_493_48h,,2,PCC,A,2.5226061750231987,0.0,0.0,0.2232462614774704,1.1679999828338623,53.24800137329102,0.3179285526275635
observed_test,v2_2018_493_48h,,2,PCC,B,2.5226061750231987,0.0,0.0,0.2232462614774704,1.1679999828338623,53.24800137329102,0.3179285526275635
observed_test,v2_2018_493_48h,,2,PCC,C,2.5226061750231987,0.0,0.0,0.2232462614774704,1.1679999828338623,53.24800137329102,0.3179285526275635
observed_test,v2_2018_493_48h,,3,PCC,A,2.581151207200423,0.0,0.0,0.2633455991744995,1.1679999828338623,53.24800137329102,0.3199610114097595
observed_test,v2_2018_493_48h,,3,PCC,B,2.581151207200423,0.0,0.0,0.2633455991744995,1.1679999828338623,53.24800137329102,0.3199610114097595
observed_test,v2_2018_493_48h,,3,PCC,C,2.581151207200423,0.0,0.0,0.2633455991744995,1.1679999828338623,53.24800137329102,0.3199610114097595
observed_test,v2_2018_493_48h,,4,PCC,A,2.64272319133363,0.0,0.0,0.3060445785522461,1.1676249504089355,53.24800137329102,0.30600374937057495
observed_test,v2_2018_493_48h,,4,PCC,B,2.64272319133363,0.0,0.0,0.3060445785522461,1.1676249504089355,53.24800137329102,0.30600374937057495
observed_test,v2_2018_493_48h,,4,PCC,C,2.64272319133363,0.0,0.0,0.3060445785522461,1.1676249504089355,53.24800137329102,0.30600374937057495
observed_test,v2_2018_493_48h,,5,PCC,A,2.6115717037287753,0.0,0.0,0.2850128710269928,1.1674000024795532,53.24800137329102,0.2811015546321869
observed_test,v2_2018_493_48h,,5,PCC,B,2.6115717037287753,0.0,0.0,0.2850128710269928,1.1674000024795532,53.24800137329102,0.2811015546321869
observed_test,v2_2018_493_48h,,5,PCC,C,2.6115717037287753,0.0,0.0,0.2850128710269928,1.1674000024795532,53.24800137329102,0.2811015546321869
observed_test,v2_2018_493_48h,,6,PCC,A,2.8003281832274785,0.0,0.003587500004169459,0.4131304621696472,1.1682249307632446,53.24800137329102,0.2562400698661804
observed_test,v2_2018_493_48h,,6,PCC,B,2.8003281832274785,0.0,0.003587500004169459,0.4131304621696472,1.1682249307632446,53.24800137329102,0.2562400698661804
observed_test,v2_2018_493_48h,,6,PCC,C,2.8003281832274785,0.0,0.003587500004169459,0.4131304621696472,1.1682249307632446,53.24800137329102,0.2562400698661804
observed_test,v2_2018_493_48h,,7,PCC,A,3.061423030054406,0.0,0.03185833159547585,0.5887197852134705,1.1701749563217163,53.24800137329102,0.24238398671150208
observed_test,v2_2018_493_48h,,7,PCC,B,3.061423030054406,0.0,0.03185833159547585,0.5887197852134705,1.1701749563217163,53.24800137329102,0.24238398671150208
observed_test,v2_2018_493_48h,,7,PCC,C,3.061423030054406,0.0,0.03185833159547585,0.5887197852134705,1.1701749563217163,53.24800137329102,0.24238398671150208
observed_test,v2_2018_493_48h,,8,PCC,A,2.816404942767805,0.0,0.04922083507363612,0.41616514325141907,1.173550009727478,53.24800137329102,0.23888331651687622
observed_test,v2_2018_493_48h,,8,PCC,B,2.816404942767805,0.0,0.04922083507363612,0.41616514325141907,1.173550009727478,53.24800137329102,0.23888331651687622
observed_test,v2_2018_493_48h,,8,PCC,C,2.816404942767805,0.0,0.04922083507363612,0.41616514325141907,1.173550009727478,53.24800137329102,0.23888331651687622
observed_test,v2_2018_493_48h,,9,PCC,A,2.9687232631077882,0.0,0.08463749948602456,0.5137431621551514,1.1775249242782593,53.24800137329102,0.25215375423431396
observed_test,v2_2018_493_48h,,9,PCC,B,2.9687232631077882,0.0,0.08463749948602456,0.5137431621551514,1.1775249242782593,53.24800137329102,0.25215375423431396
observed_test,v2_2018_493_48h,,9,PCC,C,2.9687232631077882,0.0,0.08463749948602456,0.5137431621551514,1.1775249242782593,53.24800137329102,0.25215375423431396
observed_test,v2_2018_493_48h,,10,PCC,A,2.7568163755024684,0.0,0.25911250939735997,0.3643687963485718,1.1812750101089478,53.24800137329102,0.2698062062263489
observed_test,v2_2018_493_48h,,10,PCC,B,2.7568163755024684,0.0,0.25911250939735997,0.3643687963485718,1.1812750101089478,53.24800137329102,0.2698062062263489
observed_test,v2_2018_493_48h,,10,PCC,C,2.7568163755024684,0.0,0.25911250939735997,0.3643687963485718,1.1812750101089478,53.24800137329102,0.2698062062263489
observed_test,v2_2018_493_48h,,11,PCC,A,2.7587380347019916,0.0,0.20632917204728493,0.36136627197265625,1.1842750310897827,53.24800137329102,0.28875672817230225
observed_test,v2_2018_493_48h,,11,PCC,B,2.7587380347019916,0.0,0.20632917204728493,0.36136627197265625,1.1842750310897827,53.24800137329102,0.28875672817230225
observed_test,v2_2018_493_48h,,11,PCC,C,2.7587380347019916,0.0,0.20632917204728493,0.36136627197265625,1.1842750310897827,53.24800137329102,0.28875672817230225
observed_test,v2_2018_493_48h,,12,PCC,A,3.0247052839342365,0.0,0.12401666205662946,0.5383059978485107,1.1859999895095825,53.24800137329102,0.3051593005657196
observed_test,v2_2018_493_48h,,12,PCC,B,3.0247052839342365,0.0,0.12401666205662946,0.5383059978485107,1.1859999895095825,53.24800137329102,0.3051593005657196
observed_test,v2_2018_493_48h,,12,PCC,C,3.0247052839342365,0.0,0.12401666205662946,0.5383059978485107,1.1859999895095825,53.24800137329102,0.3051593005657196
observed_test,v2_2018_493_48h,,13,PCC,A,3.11960767387184,0.0,0.09828333098154801,0.6031783223152161,1.1854749917984009,53.24800137329102,0.32414522767066956
observed_test,v2_2018_493_48h,,13,PCC,B,3.11960767387184,0.0,0.09828333098154801,0.6031783223152161,1.1854749917984009,53.24800137329102,0.32414522767066956
observed_test,v2_2018_493_48h,,13,PCC,C,3.11960767387184,0.0,0.09828333098154801,0.6031783223152161,1.1854749917984009,53.24800137329102,0.32414522767066956
observed_test,v2_2018_493_48h,,14,PCC,A,3.2063994514755145,0.0,0.0665375031530857,0.6654155254364014,1.1833000183105469,53.24800137329102,0.33393537998199463
observed_test,v2_2018_493_48h,,14,PCC,B,3.2063994514755145,0.0,0.0665375031530857,0.6654155254364014,1.1833000183105469,53.24800137329102,0.33393537998199463
observed_test,v2_2018_493_48h,,14,PCC,C,3.2063994514755145,0.0,0.0665375031530857,0.6654155254364014,1.1833000183105469,53.24800137329102,0.33393537998199463
observed_test,v2_2018_493_48h,,15,PCC,A,2.9872344675413687,0.0,0.06649166775437501,0.5210045576095581,1.180899977684021,53.24800137329102,0.33610498905181885
observed_test,v2_2018_493_48h,,15,PCC,B,2.9872344675413687,0.0,0.06649166775437501,0.5210045576095581,1.180899977684021,53.24800137329102,0.33610498905181885
observed_test,v2_2018_493_48h,,15,PCC,C,2.9872344675413687,0.0,0.06649166775437501,0.5210045576095581,1.180899977684021,53.24800137329102,0.33610498905181885
observed_test,v2_2018_493_48h,,16,PCC,A,3.0437013516714218,0.0,0.04955416616912071,0.5631123185157776,1.1784999370574951,53.24800137329102,0.3331435024738312
observed_test,v2_2018_493_48h,,16,PCC,B,3.0437013516714218,0.0,0.04955416616912071,0.5631123185157776,1.1784999370574951,53.24800137329102,0.3331435024738312
observed_test,v2_2018_493_48h,,16,PCC,C,3.0437013516714218,0.0,0.04955416616912071,0.5631123185157776,1.1784999370574951,53.24800137329102,0.3331435024738312
observed_test,v2_2018_493_48h,,17,PCC,A,2.9724763312610456,0.0,0.07918333061612569,0.5185338854789734,1.1761000156402588,53.24800137329102,0.33335667848587036
observed_test,v2_2018_493_48h,,17,PCC,B,2.9724763312610456,0.0,0.07918333061612569,0.5185338854789734,1.1761000156402588,53.24800137329102,0.33335667848587036
observed_test,v2_2018_493_48h,,17,PCC,C,2.9724763312610456,0.0,0.07918333061612569,0.5185338854789734,1.1761000156402588,53.24800137329102,0.33335667848587036
observed_test,v2_2018_493_48h,,18,PCC,A,2.944426954811213,0.0,0.003691666643135249,0.501911997795105,1.1745250225067139,53.24800137329102,0.33116862177848816
observed_test,v2_2018_493_48h,,18,PCC,B,2.944426954811213,0.0,0.003691666643135249,0.501911997795105,1.1745250225067139,53.24800137329102,0.33116862177848816
observed_test,v2_2018_493_48h,,18,PCC,C,2.944426954811213,0.0,0.003691666643135249,0.501911997795105,1.1745250225067139,53.24800137329102,0.33116862177848816
observed_test,v2_2018_493_48h,,19,PCC,A,3.0420391581064052,0.0,0.0,0.5692486763000488,1.1740000247955322,53.24800137329102,0.3232167661190033
observed_test,v2_2018_493_48h,,19,PCC,B,3.0420391581064052,0.0,0.0,0.5692486763000488,1.1740000247955322,53.24800137329102,0.3232167661190033
observed_test,v2_2018_493_48h,,19,PCC,C,3.0420391581064052,0.0,0.0,0.5692486763000488,1.1740000247955322,53.24800137329102,0.3232167661190033
observed_test,v2_2018_493_48h,,20,PCC,A,2.879537680529374,0.0,0.0,0.458400696516037,1.1740750074386597,53.24800137329102,0.3166375756263733
observed_test,v2_2018_493_48h,,20,PCC,B,2.879537680529374,0.0,0.0,0.458400696516037,1.1740750074386597,53.24800137329102,0.3166375756263733
observed_test,v2_2018_493_48h,,20,PCC,C,2.879537680529374,0.0,0.0,0.458400696516037,1.1740750074386597,53.24800137329102,0.3166375756263733
observed_test,v2_2018_493_48h,,21,PCC,A,2.794891273963259,0.0,0.0,0.39928483963012695,1.1750500202178955,53.24800137329102,0.31091925501823425
observed_test,v2_2018_493_48h,,21,PCC,B,2.794891273963259,0.0,0.0,0.39928483963012695,1.1750500202178955,53.24800137329102,0.31091925501823425
observed_test,v2_2018_493_48h,,21,PCC,C,2.794891273963259,0.0,0.0,0.39928483963012695,1.1750500202178955,53.24800137329102,0.31091925501823425
observed_test,v2_2018_493_48h,,22,PCC,A,2.7451850607733603,0.0,0.0,0.3637107312679291,1.1762499809265137,53.24800137329102,0.3104761242866516
observed_test,v2_2018_493_48h,,22,PCC,B,2.7451850607733603,0.0,0.0,0.3637107312679291,1.1762499809265137,53.24800137329102,0.3104761242866516
observed_test,v2_2018_493_48h,,22,PCC,C,2.7451850607733603,0.0,0.0,0.3637107312679291,1.1762499809265137,53.24800137329102,0.3104761242866516
observed_test,v2_2018_493_48h,,23,PCC,A,2.7257514042952047,0.0,0.0,0.34759950637817383,1.1782749891281128,53.24800137329102,0.3111721873283386
observed_test,v2_2018_493_48h,,23,PCC,B,2.7257514042952047,0.0,0.0,0.34759950637817383,1.1782749891281128,53.24800137329102,0.3111721873283386
observed_test,v2_2018_493_48h,,23,PCC,C,2.7257514042952047,0.0,0.0,0.34759950637817383,1.1782749891281128,53.24800137329102,0.3111721873283386
observed_test,v2_2018_493_48h,,24,PCC,A,2.652605987023071,0.0,0.0,0.29431068897247314,1.180899977684021,53.24800137329102,0.30889201164245605
observed_test,v2_2018_493_48h,,24,PCC,B,2.652605987023071,0.0,0.0,0.29431068897247314,1.180899977684021,53.24800137329102,0.30889201164245605
observed_test,v2_2018_493_48h,,24,PCC,C,2.652605987023071,0.0,0.0,0.29431068897247314,1.180899977684021,53.24800137329102,0.30889201164245605
observed_test,v2_2018_493_48h,,25,PCC,A,2.6915066436221786,0.0,0.0,0.3179371654987335,1.1828500032424927,34.72425106811524,0.3114953935146332
observed_test,v2_2018_493_48h,,25,PCC,B,2.6915066436221786,0.0,0.0,0.3179371654987335,1.1828500032424927,34.72425106811524,0.3114953935146332
observed_test,v2_2018_493_48h,,25,PCC,C,2.6915066436221786,0.0,0.0,0.3179371654987335,1.1828500032424927,34.72425106811524,0.3114953935146332
observed_test,v2_2018_493_48h,,26,PCC,A,2.553689120838137,0.0,0.0,0.2232462614774704,1.1839749813079834,34.72425106811524,0.30886760354042053
observed_test,v2_2018_493_48h,,26,PCC,B,2.553689120838137,0.0,0.0,0.2232462614774704,1.1839749813079834,34.72425106811524,0.30886760354042053
observed_test,v2_2018_493_48h,,26,PCC,C,2.553689120838137,0.0,0.0,0.2232462614774704,1.1839749813079834,34.72425106811524,0.30886760354042053
observed_test,v2_2018_493_48h,,27,PCC,A,2.6134838486132104,0.0,0.0,0.2633455991744995,1.1841999292373657,34.72425106811524,0.31217098236083984
observed_test,v2_2018_493_48h,,27,PCC,B,2.6134838486132104,0.0,0.0,0.2633455991744995,1.1841999292373657,34.72425106811524,0.31217098236083984
observed_test,v2_2018_493_48h,,27,PCC,C,2.6134838486132104,0.0,0.0,0.2633455991744995,1.1841999292373657,34.72425106811524,0.31217098236083984
observed_test,v2_2018_493_48h,,28,PCC,A,2.676535352949107,0.0,0.0,0.3060445785522461,1.1841249465942383,34.72425106811524,0.2956193685531616
observed_test,v2_2018_493_48h,,28,PCC,B,2.676535352949107,0.0,0.0,0.3060445785522461,1.1841249465942383,34.72425106811524,0.2956193685531616
observed_test,v2_2018_493_48h,,28,PCC,C,2.676535352949107,0.0,0.0,0.3060445785522461,1.1841249465942383,34.72425106811524,0.2956193685531616
observed_test,v2_2018_493_48h,,29,PCC,A,2.6443431059449636,0.0,0.0,0.2850128710269928,1.1835999488830566,34.72425106811524,0.25929492712020874
observed_test,v2_2018_493_48h,,29,PCC,B,2.6443431059449636,0.0,0.0,0.2850128710269928,1.1835999488830566,34.72425106811524,0.25929492712020874
observed_test,v2_2018_493_48h,,29,PCC,C,2.6443431059449636,0.0,0.0,0.2850128710269928,1.1835999488830566,34.72425106811524,0.25929492712020874
observed_test,v2_2018_493_48h,,30,PCC,A,2.8368403301934992,0.0,0.013058333514401546,0.4131304621696472,1.1849499940872192,53.24800137329102,0.23812608420848846
observed_test,v2_2018_493_48h,,30,PCC,B,2.8368403301934992,0.0,0.013058333514401546,0.4131304621696472,1.1849499940872192,53.24800137329102,0.23812608420848846
observed_test,v2_2018_493_48h,,30,PCC,C,2.8368403301934992,0.0,0.013058333514401546,0.4131304621696472,1.1849499940872192,53.24800137329102,0.23812608420848846
observed_test,v2_2018_493_48h,,31,PCC,A,3.1066514726441117,0.0,0.14935833616898608,0.5887197852134705,1.1890000104904175,53.24800137329102,0.2374788075685501
observed_test,v2_2018_493_48h,,31,PCC,B,3.1066514726441117,0.0,0.14935833616898608,0.5887197852134705,1.1890000104904175,53.24800137329102,0.2374788075685501
observed_test,v2_2018_493_48h,,31,PCC,C,3.1066514726441117,0.0,0.14935833616898608,0.5887197852134705,1.1890000104904175,53.24800137329102,0.2374788075685501
observed_test,v2_2018_493_48h,,32,PCC,A,2.861673167464334,0.0,0.13339583976910663,0.41616514325141907,1.1942499876022339,53.24800137329102,0.2384095937013626
observed_test,v2_2018_493_48h,,32,PCC,B,2.861673167464334,0.0,0.13339583976910663,0.41616514325141907,1.1942499876022339,53.24800137329102,0.2384095937013626
observed_test,v2_2018_493_48h,,32,PCC,C,2.861673167464334,0.0,0.13339583976910663,0.41616514325141907,1.1942499876022339,53.24800137329102,0.2384095937013626
observed_test,v2_2018_493_48h,,33,PCC,A,3.0222307629787344,0.0,0.2715833198565703,0.5137431621551514,1.2006999254226685,53.24800137329102,0.24782107770442963
observed_test,v2_2018_493_48h,,33,PCC,B,3.0222307629787344,0.0,0.2715833198565703,0.5137431621551514,1.2006999254226685,53.24800137329102,0.24782107770442963
observed_test,v2_2018_493_48h,,33,PCC,C,3.0222307629787344,0.0,0.2715833198565703,0.5137431621551514,1.2006999254226685,53.24800137329102,0.24782107770442963
observed_test,v2_2018_493_48h,,34,PCC,A,2.8123631140105907,0.0,0.8582750192055335,0.3643687963485718,1.207450032234192,53.24800137329102,0.27238571643829346
observed_test,v2_2018_493_48h,,34,PCC,B,2.8123631140105907,0.0,0.8582750192055335,0.3643687963485718,1.207450032234192,53.24800137329102,0.27238571643829346
observed_test,v2_2018_493_48h,,34,PCC,C,2.8123631140105907,0.0,0.8582750192055335,0.3643687963485718,1.207450032234192,53.24800137329102,0.27238571643829346
observed_test,v2_2018_493_48h,,35,PCC,A,2.8186348488223607,0.0,0.7286374958661885,0.36136627197265625,1.2125499248504639,53.24800137329102,0.2993454933166504
observed_test,v2_2018_493_48h,,35,PCC,B,2.8186348488223607,0.0,0.7286374958661885,0.36136627197265625,1.2125499248504639,53.24800137329102,0.2993454933166504
observed_test,v2_2018_493_48h,,35,PCC,C,2.8186348488223607,0.0,0.7286374958661885,0.36136627197265625,1.2125499248504639,53.24800137329102,0.2993454933166504
observed_test,v2_2018_493_48h,,36,PCC,A,3.0931371572221074,0.0,0.8265666663646698,0.5383059978485107,1.215250015258789,53.24800137329102,0.3172948658466339
observed_test,v2_2018_493_48h,,36,PCC,B,3.0931371572221074,0.0,0.8265666663646698,0.5383059978485107,1.215250015258789,53.24800137329102,0.3172948658466339
observed_test,v2_2018_493_48h,,36,PCC,C,3.0931371572221074,0.0,0.8265666663646698,0.5383059978485107,1.215250015258789,53.24800137329102,0.3172948658466339
observed_test,v2_2018_493_48h,,37,PCC,A,3.1936791278902064,0.0,1.0726999778013961,0.6031783223152161,1.2160749435424805,53.24800137329102,0.3176347613334656
observed_test,v2_2018_493_48h,,37,PCC,B,3.1936791278902064,0.0,1.0726999778013961,0.6031783223152161,1.2160749435424805,53.24800137329102,0.3176347613334656
observed_test,v2_2018_493_48h,,37,PCC,C,3.1936791278902064,0.0,1.0726999778013961,0.6031783223152161,1.2160749435424805,53.24800137329102,0.3176347613334656
observed_test,v2_2018_493_48h,,38,PCC,A,3.287348810277637,0.0,0.8142000207534202,0.6654155254364014,1.2157000303268433,53.24800137329102,0.30647626519203186
observed_test,v2_2018_493_48h,,38,PCC,B,3.287348810277637,0.0,0.8142000207534202,0.6654155254364014,1.2157000303268433,53.24800137329102,0.30647626519203186
observed_test,v2_2018_493_48h,,38,PCC,C,3.287348810277637,0.0,0.8142000207534202,0.6654155254364014,1.2157000303268433,53.24800137329102,0.30647626519203186
observed_test,v2_2018_493_48h,,39,PCC,A,3.061292079987163,0.0,0.751354144169734,0.5210045576095581,1.2128499746322632,53.24800137329102,0.28549402952194214
observed_test,v2_2018_493_48h,,39,PCC,B,3.061292079987163,0.0,0.751354144169734,0.5210045576095581,1.2128499746322632,53.24800137329102,0.28549402952194214
observed_test,v2_2018_493_48h,,39,PCC,C,3.061292079987163,0.0,0.751354144169734,0.5210045576095581,1.2128499746322632,53.24800137329102,0.28549402952194214
observed_test,v2_2018_493_48h,,40,PCC,A,3.114462494524774,0.0,0.47527915583207053,0.5631123185157776,1.2083499431610107,53.24800137329102,0.2766748368740082
observed_test,v2_2018_493_48h,,40,PCC,B,3.114462494524774,0.0,0.47527915583207053,0.5631123185157776,1.2083499431610107,53.24800137329102,0.2766748368740082
observed_test,v2_2018_493_48h,,40,PCC,C,3.114462494524774,0.0,0.47527915583207053,0.5631123185157776,1.2083499431610107,53.24800137329102,0.2766748368740082
observed_test,v2_2018_493_48h,,41,PCC,A,3.0302891772179184,0.0,0.18225833773612976,0.5185338854789734,1.2010749578475952,53.24800137329102,0.2770940661430359
observed_test,v2_2018_493_48h,,41,PCC,B,3.0302891772179184,0.0,0.18225833773612976,0.5185338854789734,1.2010749578475952,53.24800137329102,0.2770940661430359
observed_test,v2_2018_493_48h,,41,PCC,C,3.0302891772179184,0.0,0.18225833773612976,0.5185338854789734,1.2010749578475952,53.24800137329102,0.2770940661430359
observed_test,v2_2018_493_48h,,42,PCC,A,2.9917418625654535,0.0,0.006070833366650801,0.501911997795105,1.1951500177383423,121.88174847412108,0.2801923453807831
observed_test,v2_2018_493_48h,,42,PCC,B,2.9917418625654535,0.0,0.006070833366650801,0.501911997795105,1.1951500177383423,121.88174847412108,0.2801923453807831
observed_test,v2_2018_493_48h,,42,PCC,C,2.9917418625654535,0.0,0.006070833366650801,0.501911997795105,1.1951500177383423,121.88174847412108,0.2801923453807831
observed_test,v2_2018_493_48h,,43,PCC,A,3.0828851185529893,0.0,0.0,0.5692486763000488,1.1911749839782715,121.88174847412108,0.286238431930542
observed_test,v2_2018_493_48h,,43,PCC,B,3.0828851185529893,0.0,0.0,0.5692486763000488,1.1911749839782715,121.88174847412108,0.286238431930542
observed_test,v2_2018_493_48h,,43,PCC,C,3.0828851185529893,0.0,0.0,0.5692486763000488,1.1911749839782715,121.88174847412108,0.286238431930542
observed_test,v2_2018_493_48h,,44,PCC,A,2.913636470125372,0.0,0.0,0.458400696516037,1.1892999410629272,121.88174847412108,0.28883904218673706
observed_test,v2_2018_493_48h,,44,PCC,B,2.913636470125372,0.0,0.0,0.458400696516037,1.1892999410629272,121.88174847412108,0.28883904218673706
observed_test,v2_2018_493_48h,,44,PCC,C,2.913636470125372,0.0,0.0,0.458400696516037,1.1892999410629272,121.88174847412108,0.28883904218673706
observed_test,v2_2018_493_48h,,45,PCC,A,2.820555679411015,0.0,0.0,0.39928483963012695,1.186900019645691,53.24800137329102,0.2975204885005951
observed_test,v2_2018_493_48h,,45,PCC,B,2.820555679411015,0.0,0.0,0.39928483963012695,1.186900019645691,53.24800137329102,0.2975204885005951
observed_test,v2_2018_493_48h,,45,PCC,C,2.820555679411015,0.0,0.0,0.39928483963012695,1.186900019645691,53.24800137329102,0.2975204885005951
observed_test,v2_2018_493_48h,,46,PCC,A,2.7625267625816576,0.0,0.0,0.3637107312679291,1.1844249963760376,53.24800137329102,0.3060232102870941
observed_test,v2_2018_493_48h,,46,PCC,B,2.7625267625816576,0.0,0.0,0.3637107312679291,1.1844249963760376,53.24800137329102,0.3060232102870941
observed_test,v2_2018_493_48h,,46,PCC,C,2.7625267625816576,0.0,0.0,0.3637107312679291,1.1844249963760376,53.24800137329102,0.3060232102870941
observed_test,v2_2018_493_48h,,47,PCC,A,2.7317395940817257,0.0,0.0,0.34759950637817383,1.1811249256134033,53.24800137329102,0.30275729298591614
observed_test,v2_2018_493_48h,,47,PCC,B,2.7317395940817257,0.0,0.0,0.34759950637817383,1.1811249256134033,53.24800137329102,0.30275729298591614
observed_test,v2_2018_493_48h,,47,PCC,C,2.7317395940817257,0.0,0.0,0.34759950637817383,1.1811249256134033,53.24800137329102,0.30275729298591614
observed_test,v2_2018_455_48h,,0,PCC,A,2.668322925389583,0.0,0.0,0.29431068897247314,1.1886249780654907,53.24800137329102,0.34276068210601807
observed_test,v2_2018_455_48h,,0,PCC,B,2.668322925389583,0.0,0.0,0.29431068897247314,1.1886249780654907,53.24800137329102,0.34276068210601807
observed_test,v2_2018_455_48h,,0,PCC,C,2.668322925389583,0.0,0.0,0.29431068897247314,1.1886249780654907,53.24800137329102,0.34276068210601807
observed_test,v2_2018_455_48h,,1,PCC,A,2.6973891636743104,0.0,0.0,0.3179371654987335,1.1856999397277832,34.72425106811524,0.33996203541755676
observed_test,v2_2018_455_48h,,1,PCC,B,2.6973891636743104,0.0,0.0,0.3179371654987335,1.1856999397277832,34.72425106811524,0.33996203541755676
observed_test,v2_2018_455_48h,,1,PCC,C,2.6973891636743104,0.0,0.0,0.3179371654987335,1.1856999397277832,34.72425106811524,0.33996203541755676
observed_test,v2_2018_455_48h,,2,PCC,A,2.553105306628417,0.0,0.0,0.2232462614774704,1.183674931526184,34.72425106811524,0.3366945683956146
observed_test,v2_2018_455_48h,,2,PCC,B,2.553105306628417,0.0,0.0,0.2232462614774704,1.183674931526184,34.72425106811524,0.3366945683956146
observed_test,v2_2018_455_48h,,2,PCC,C,2.553105306628417,0.0,0.0,0.2232462614774704,1.183674931526184,34.72425106811524,0.3366945683956146
observed_test,v2_2018_455_48h,,3,PCC,A,2.6082447687065944,0.0,0.0,0.2633455991744995,1.1815749406814575,34.72425106811524,0.34762367606163025
observed_test,v2_2018_455_48h,,3,PCC,B,2.6082447687065944,0.0,0.0,0.2633455991744995,1.1815749406814575,34.72425106811524,0.34762367606163025
observed_test,v2_2018_455_48h,,3,PCC,C,2.6082447687065944,0.0,0.0,0.2633455991744995,1.1815749406814575,34.72425106811524,0.34762367606163025
observed_test,v2_2018_455_48h,,4,PCC,A,2.670233986673992,0.0,0.0,0.3060445785522461,1.1810499429702759,34.72425106811524,0.3358742594718933
observed_test,v2_2018_455_48h,,4,PCC,B,2.670233986673992,0.0,0.0,0.3060445785522461,1.1810499429702759,34.72425106811524,0.3358742594718933
observed_test,v2_2018_455_48h,,4,PCC,C,2.670233986673992,0.0,0.0,0.3060445785522461,1.1810499429702759,34.72425106811524,0.3358742594718933
observed_test,v2_2018_455_48h,,5,PCC,A,2.6454051410114494,0.0,0.000945833296729968,0.2850128710269928,1.1841249465942383,34.72425106811524,0.30183544754981995
observed_test,v2_2018_455_48h,,5,PCC,B,2.6454051410114494,0.0,0.000945833296729968,0.2850128710269928,1.1841249465942383,34.72425106811524,0.30183544754981995
observed_test,v2_2018_455_48h,,5,PCC,C,2.6454051410114494,0.0,0.000945833296729968,0.2850128710269928,1.1841249465942383,34.72425106811524,0.30183544754981995
observed_test,v2_2018_455_48h,,6,PCC,A,2.8512487052239606,0.0,0.03732500167993399,0.4131304621696472,1.1915500164031982,53.24800137329102,0.2928365170955658
observed_test,v2_2018_455_48h,,6,PCC,B,2.8512487052239606,0.0,0.03732500167993399,0.4131304621696472,1.1915500164031982,53.24800137329102,0.2928365170955658
observed_test,v2_2018_455_48h,,6,PCC,C,2.8512487052239606,0.0,0.03732500167993399,0.4131304621696472,1.1915500164031982,53.24800137329102,0.2928365170955658
observed_test,v2_2018_455_48h,,7,PCC,A,3.1340406920066433,0.0,0.1915499997826723,0.5887197852134705,1.2003999948501587,53.24800137329102,0.2831554710865021
observed_test,v2_2018_455_48h,,7,PCC,B,3.1340406920066433,0.0,0.1915499997826723,0.5887197852134705,1.2003999948501587,53.24800137329102,0.2831554710865021
observed_test,v2_2018_455_48h,,7,PCC,C,3.1340406920066433,0.0,0.1915499997826723,0.5887197852134705,1.2003999948501587,53.24800137329102,0.2831554710865021
observed_test,v2_2018_455_48h,,8,PCC,A,2.8943122550919256,0.0,0.4467083284488091,0.41616514325141907,1.2091749906539917,53.24800137329102,0.27899616956710815
observed_test,v2_2018_455_48h,,8,PCC,B,2.8943122550919256,0.0,0.4467083284488091,0.41616514325141907,1.2091749906539917,53.24800137329102,0.27899616956710815
observed_test,v2_2018_455_48h,,8,PCC,C,2.8943122550919256,0.0,0.4467083284488091,0.41616514325141907,1.2091749906539917,53.24800137329102,0.27899616956710815
observed_test,v2_2018_455_48h,,9,PCC,A,3.0587683215307755,0.0,0.6951500016909379,0.5137431621551514,1.2165249586105347,53.24800137329102,0.28237292170524597
observed_test,v2_2018_455_48h,,9,PCC,B,3.0587683215307755,0.0,0.6951500016909379,0.5137431621551514,1.2165249586105347,53.24800137329102,0.28237292170524597
observed_test,v2_2018_455_48h,,9,PCC,C,3.0587683215307755,0.0,0.6951500016909379,0.5137431621551514,1.2165249586105347,53.24800137329102,0.28237292170524597
observed_test,v2_2018_455_48h,,10,PCC,A,2.8433991319017244,0.0,0.8370625285001901,0.3643687963485718,1.2220749855041504,53.24800137329102,0.29163238406181335
observed_test,v2_2018_455_48h,,10,PCC,B,2.8433991319017244,0.0,0.8370625285001901,0.3643687963485718,1.2220749855041504,53.24800137329102,0.29163238406181335
observed_test,v2_2018_455_48h,,10,PCC,C,2.8433991319017244,0.0,0.8370625285001901,0.3643687963485718,1.2220749855041504,53.24800137329102,0.29163238406181335
observed_test,v2_2018_455_48h,,11,PCC,A,2.8434199028745297,0.0,0.8834583254960866,0.36136627197265625,1.2242499589920044,53.24800137329102,0.3122522830963135
observed_test,v2_2018_455_48h,,11,PCC,B,2.8434199028745297,0.0,0.8834583254960866,0.36136627197265625,1.2242499589920044,53.24800137329102,0.3122522830963135
observed_test,v2_2018_455_48h,,11,PCC,C,2.8434199028745297,0.0,0.8834583254960866,0.36136627197265625,1.2242499589920044,53.24800137329102,0.3122522830963135
observed_test,v2_2018_455_48h,,12,PCC,A,3.1170006140276407,0.0,0.9930333265891441,0.5383059978485107,1.225450038909912,53.24800137329102,0.3309154510498047
observed_test,v2_2018_455_48h,,12,PCC,B,3.1170006140276407,0.0,0.9930333265891441,0.5383059978485107,1.225450038909912,53.24800137329102,0.3309154510498047
observed_test,v2_2018_455_48h,,12,PCC,C,3.1170006140276407,0.0,0.9930333265891441,0.5383059978485107,1.225450038909912,53.24800137329102,0.3309154510498047
observed_test,v2_2018_455_48h,,13,PCC,A,3.21836970875057,0.0,0.9853875407805809,0.6031783223152161,1.2262749671936035,53.24800137329102,0.3257731795310974
observed_test,v2_2018_455_48h,,13,PCC,B,3.21836970875057,0.0,0.9853875407805809,0.6031783223152161,1.2262749671936035,53.24800137329102,0.3257731795310974
observed_test,v2_2018_455_48h,,13,PCC,C,3.21836970875057,0.0,0.9853875407805809,0.6031783223152161,1.2262749671936035,53.24800137329102,0.3257731795310974
observed_test,v2_2018_455_48h,,14,PCC,A,3.3139569533606092,0.0,0.8003333440193763,0.6654155254364014,1.226349949836731,53.24800137329102,0.31888633966445923
observed_test,v2_2018_455_48h,,14,PCC,B,3.3139569533606092,0.0,0.8003333440193763,0.6654155254364014,1.226349949836731,53.24800137329102,0.31888633966445923
observed_test,v2_2018_455_48h,,14,PCC,C,3.3139569533606092,0.0,0.8003333440193763,0.6654155254364014,1.226349949836731,53.24800137329102,0.31888633966445923
observed_test,v2_2018_455_48h,,15,PCC,A,3.0898025586606637,0.0,0.7359416438983036,0.5210045576095581,1.2251499891281128,53.24800137329102,0.3320882022380829
observed_test,v2_2018_455_48h,,15,PCC,B,3.0898025586606637,0.0,0.7359416438983036,0.5210045576095581,1.2251499891281128,53.24800137329102,0.3320882022380829
observed_test,v2_2018_455_48h,,15,PCC,C,3.0898025586606637,0.0,0.7359416438983036,0.5210045576095581,1.2251499891281128,53.24800137329102,0.3320882022380829
observed_test,v2_2018_455_48h,,16,PCC,A,3.1512653536191055,0.0,0.5880374747973222,0.5631123185157776,1.2238749265670776,53.24800137329102,0.3351948857307434
observed_test,v2_2018_455_48h,,16,PCC,B,3.1512653536191055,0.0,0.5880374747973222,0.5631123185157776,1.2238749265670776,53.24800137329102,0.3351948857307434
observed_test,v2_2018_455_48h,,16,PCC,C,3.1512653536191055,0.0,0.5880374747973222,0.5631123185157776,1.2238749265670776,53.24800137329102,0.3351948857307434
observed_test,v2_2018_455_48h,,17,PCC,A,3.0749077632927744,0.0,0.33685415983200073,0.5185338854789734,1.2203500270843506,53.24800137329102,0.339530885219574
observed_test,v2_2018_455_48h,,17,PCC,B,3.0749077632927744,0.0,0.33685415983200073,0.5185338854789734,1.2203500270843506,53.24800137329102,0.339530885219574
observed_test,v2_2018_455_48h,,17,PCC,C,3.0749077632927744,0.0,0.33685415983200073,0.5185338854789734,1.2203500270843506,53.24800137329102,0.339530885219574
observed_test,v2_2018_455_48h,,18,PCC,A,3.0383684391182526,0.0,0.10193333459588196,0.501911997795105,1.2154749631881714,121.88174847412108,0.3364403545856476
observed_test,v2_2018_455_48h,,18,PCC,B,3.0383684391182526,0.0,0.10193333459588196,0.501911997795105,1.2154749631881714,121.88174847412108,0.3364403545856476
observed_test,v2_2018_455_48h,,18,PCC,C,3.0383684391182526,0.0,0.10193333459588196,0.501911997795105,1.2154749631881714,121.88174847412108,0.3364403545856476
observed_test,v2_2018_455_48h,,19,PCC,A,3.1176665847819294,0.0,0.011920833136313235,0.5692486763000488,1.20579993724823,121.88174847412108,0.34987059235572815
observed_test,v2_2018_455_48h,,19,PCC,B,3.1176665847819294,0.0,0.011920833136313235,0.5692486763000488,1.20579993724823,121.88174847412108,0.34987059235572815
observed_test,v2_2018_455_48h,,19,PCC,C,3.1176665847819294,0.0,0.011920833136313235,0.5692486763000488,1.20579993724823,121.88174847412108,0.34987059235572815
observed_test,v2_2018_455_48h,,20,PCC,A,2.9408485409168406,0.0,0.0,0.458400696516037,1.201449990272522,121.88174847412108,0.36810052394866943
observed_test,v2_2018_455_48h,,20,PCC,B,2.9408485409168406,0.0,0.0,0.458400696516037,1.201449990272522,121.88174847412108,0.36810052394866943
observed_test,v2_2018_455_48h,,20,PCC,C,2.9408485409168406,0.0,0.0,0.458400696516037,1.201449990272522,121.88174847412108,0.36810052394866943
observed_test,v2_2018_455_48h,,21,PCC,A,2.8444332195089004,0.0,0.0,0.39928483963012695,1.1979249715805054,53.24800137329102,0.3760484457015991
observed_test,v2_2018_455_48h,,21,PCC,B,2.8444332195089004,0.0,0.0,0.39928483963012695,1.1979249715805054,53.24800137329102,0.3760484457015991
observed_test,v2_2018_455_48h,,21,PCC,C,2.8444332195089004,0.0,0.0,0.39928483963012695,1.1979249715805054,53.24800137329102,0.3760484457015991
observed_test,v2_2018_455_48h,,22,PCC,A,2.785754988074187,0.0,0.0,0.3637107312679291,1.1953749656677246,53.24800137329102,0.37326011061668396
observed_test,v2_2018_455_48h,,22,PCC,B,2.785754988074187,0.0,0.0,0.3637107312679291,1.1953749656677246,53.24800137329102,0.37326011061668396
observed_test,v2_2018_455_48h,,22,PCC,C,2.785754988074187,0.0,0.0,0.3637107312679291,1.1953749656677246,53.24800137329102,0.37326011061668396
observed_test,v2_2018_455_48h,,23,PCC,A,2.756796212030219,0.0,0.0,0.34759950637817383,1.1930500268936157,53.24800137329102,0.36769899725914
observed_test,v2_2018_455_48h,,23,PCC,B,2.756796212030219,0.0,0.0,0.34759950637817383,1.1930500268936157,53.24800137329102,0.36769899725914
observed_test,v2_2018_455_48h,,23,PCC,C,2.756796212030219,0.0,0.0,0.34759950637817383,1.1930500268936157,53.24800137329102,0.36769899725914
observed_test,v2_2018_455_48h,,24,PCC,A,2.669238505808915,0.0,0.0,0.29431068897247314,1.189074993133545,53.24800137329102,0.37295687198638916
observed_test,v2_2018_455_48h,,24,PCC,B,2.669238505808915,0.0,0.0,0.29431068897247314,1.189074993133545,53.24800137329102,0.37295687198638916
observed_test,v2_2018_455_48h,,24,PCC,C,2.669238505808915,0.0,0.0,0.29431068897247314,1.189074993133545,53.24800137329102,0.37295687198638916
observed_test,v2_2018_455_48h,,25,PCC,A,2.696460292916926,0.0,0.0,0.3179371654987335,1.185249924659729,34.72425106811524,0.36424681544303894
observed_test,v2_2018_455_48h,,25,PCC,B,2.696460292916926,0.0,0.0,0.3179371654987335,1.185249924659729,34.72425106811524,0.36424681544303894
observed_test,v2_2018_455_48h,,25,PCC,C,2.696460292916926,0.0,0.0,0.3179371654987335,1.185249924659729,34.72425106811524,0.36424681544303894
observed_test,v2_2018_455_48h,,26,PCC,A,2.550040803911363,0.0,0.0,0.2232462614774704,1.1820999383926392,34.72425106811524,0.36309880018234253
observed_test,v2_2018_455_48h,,26,PCC,B,2.550040803911363,0.0,0.0,0.2232462614774704,1.1820999383926392,34.72425106811524,0.36309880018234253
observed_test,v2_2018_455_48h,,26,PCC,C,2.550040803911363,0.0,0.0,0.2232462614774704,1.1820999383926392,34.72425106811524,0.36309880018234253
observed_test,v2_2018_455_48h,,27,PCC,A,2.6046523587379298,0.0,0.0,0.2633455991744995,1.1797749996185303,34.72425106811524,0.36774942278862
observed_test,v2_2018_455_48h,,27,PCC,B,2.6046523587379298,0.0,0.0,0.2633455991744995,1.1797749996185303,34.72425106811524,0.36774942278862
observed_test,v2_2018_455_48h,,27,PCC,C,2.6046523587379298,0.0,0.0,0.2633455991744995,1.1797749996185303,34.72425106811524,0.36774942278862
observed_test,v2_2018_455_48h,,28,PCC,A,2.6674676881006483,0.0,0.0,0.3060445785522461,1.1797000169754028,34.72425106811524,0.36273154616355896
observed_test,v2_2018_455_48h,,28,PCC,B,2.6674676881006483,0.0,0.0,0.3060445785522461,1.1797000169754028,34.72425106811524,0.36273154616355896
observed_test,v2_2018_455_48h,,28,PCC,C,2.6674676881006483,0.0,0.0,0.3060445785522461,1.1797000169754028,34.72425106811524,0.36273154616355896
observed_test,v2_2018_455_48h,,29,PCC,A,2.648439561366034,0.0,0.007087500013697606,0.2850128710269928,1.1856249570846558,34.72425106811524,0.3521607518196106
observed_test,v2_2018_455_48h,,29,PCC,B,2.648439561366034,0.0,0.007087500013697606,0.2850128710269928,1.1856249570846558,34.72425106811524,0.3521607518196106
observed_test,v2_2018_455_48h,,29,PCC,C,2.648439561366034,0.0,0.007087500013697606,0.2850128710269928,1.1856249570846558,34.72425106811524,0.3521607518196106
observed_test,v2_2018_455_48h,,30,PCC,A,2.8682766901714563,0.0,0.09211250222646272,0.4131304621696472,1.1993499994277954,53.24800137329102,0.32330453395843506
observed_test,v2_2018_455_48h,,30,PCC,B,2.8682766901714563,0.0,0.09211250222646272,0.4131304621696472,1.1993499994277954,53.24800137329102,0.32330453395843506
observed_test,v2_2018_455_48h,,30,PCC,C,2.8682766901714563,0.0,0.09211250222646272,0.4131304621696472,1.1993499994277954,53.24800137329102,0.32330453395843506
observed_test,v2_2018_455_48h,,31,PCC,A,3.174944370271616,0.0,0.3229791728349832,0.5887197852134705,1.217424988746643,53.24800137329102,0.3190268874168396
observed_test,v2_2018_455_48h,,31,PCC,B,3.174944370271616,0.0,0.3229791728349832,0.5887197852134705,1.217424988746643,53.24800137329102,0.3190268874168396
observed_test,v2_2018_455_48h,,31,PCC,C,3.174944370271616,0.0,0.3229791728349832,0.5887197852134705,1.217424988746643,53.24800137329102,0.3190268874168396
observed_test,v2_2018_455_48h,,32,PCC,A,2.9451570191130703,0.0,0.6059333108938657,0.41616514325141907,1.2324249744415283,53.24800137329102,0.31302687525749207
observed_test,v2_2018_455_48h,,32,PCC,B,2.9451570191130703,0.0,0.6059333108938657,0.41616514325141907,1.2324249744415283,53.24800137329102,0.31302687525749207
observed_test,v2_2018_455_48h,,32,PCC,C,2.9451570191130703,0.0,0.6059333108938657,0.41616514325141907,1.2324249744415283,53.24800137329102,0.31302687525749207
observed_test,v2_2018_455_48h,,33,PCC,A,3.1150466206630654,0.0,0.8317708395994625,0.5137431621551514,1.2409000396728516,53.24800137329102,0.3080359697341919
observed_test,v2_2018_455_48h,,33,PCC,B,3.1150466206630654,0.0,0.8317708395994625,0.5137431621551514,1.2409000396728516,53.24800137329102,0.3080359697341919
observed_test,v2_2018_455_48h,,33,PCC,C,3.1150466206630654,0.0,0.8317708395994625,0.5137431621551514,1.2409000396728516,53.24800137329102,0.3080359697341919
observed_test,v2_2018_455_48h,,34,PCC,A,2.898468249209041,0.0,0.93189999461174,0.3643687963485718,1.2480249404907227,53.24800137329102,0.31461378931999207
observed_test,v2_2018_455_48h,,34,PCC,B,2.898468249209041,0.0,0.93189999461174,0.3643687963485718,1.2480249404907227,53.24800137329102,0.31461378931999207
observed_test,v2_2018_455_48h,,34,PCC,C,2.898468249209041,0.0,0.93189999461174,0.3643687963485718,1.2480249404907227,53.24800137329102,0.31461378931999207
observed_test,v2_2018_455_48h,,35,PCC,A,2.906017777018557,0.0,1.0434457888970008,0.36136627197265625,1.2537999153137207,53.24800137329102,0.3251783847808838
observed_test,v2_2018_455_48h,,35,PCC,B,2.906017777018557,0.0,1.0434457888970008,0.36136627197265625,1.2537999153137207,53.24800137329102,0.3251783847808838
observed_test,v2_2018_455_48h,,35,PCC,C,2.906017777018557,0.0,1.0434457888970008,0.36136627197265625,1.2537999153137207,53.24800137329102,0.3251783847808838
observed_test,v2_2018_455_48h,,36,PCC,A,3.1926263305771863,0.0,1.0718416709166305,0.5383059978485107,1.2577749490737915,53.24800137329102,0.32520467042922974
observed_test,v2_2018_455_48h,,36,PCC,B,3.1926263305771863,0.0,1.0718416709166305,0.5383059978485107,1.2577749490737915,53.24800137329102,0.32520467042922974
observed_test,v2_2018_455_48h,,36,PCC,C,3.1926263305771863,0.0,1.0718416709166305,0.5383059978485107,1.2577749490737915,53.24800137329102,0.32520467042922974
observed_test,v2_2018_455_48h,,37,PCC,A,3.300429444639319,0.0,1.0088583597770102,0.6031783223152161,1.2601749897003174,53.24800137329102,0.31682246923446655
observed_test,v2_2018_455_48h,,37,PCC,B,3.300429444639319,0.0,1.0088583597770102,0.6031783223152161,1.2601749897003174,53.24800137329102,0.31682246923446655
observed_test,v2_2018_455_48h,,37,PCC,C,3.300429444639319,0.0,1.0088583597770102,0.6031783223152161,1.2601749897003174,53.24800137329102,0.31682246923446655
observed_test,v2_2018_455_48h,,38,PCC,A,3.397904337283881,0.0,0.9389291589076701,0.6654155254364014,1.2599499225616455,53.24800137329102,0.30711761116981506
observed_test,v2_2018_455_48h,,38,PCC,B,3.397904337283881,0.0,0.9389291589076701,0.6654155254364014,1.2599499225616455,53.24800137329102,0.30711761116981506
observed_test,v2_2018_455_48h,,38,PCC,C,3.397904337283881,0.0,0.9389291589076701,0.6654155254364014,1.2599499225616455,53.24800137329102,0.30711761116981506
observed_test,v2_2018_455_48h,,39,PCC,A,3.1645556632059075,0.0,0.8456291487583747,0.5210045576095581,1.2574000358581543,53.24800137329102,0.30297839641571045
observed_test,v2_2018_455_48h,,39,PCC,B,3.1645556632059075,0.0,0.8456291487583747,0.5210045576095581,1.2574000358581543,53.24800137329102,0.30297839641571045
observed_test,v2_2018_455_48h,,39,PCC,C,3.1645556632059075,0.0,0.8456291487583747,0.5210045576095581,1.2574000358581543,53.24800137329102,0.30297839641571045
observed_test,v2_2018_455_48h,,40,PCC,A,3.2170483483394516,0.0,0.615929181759174,0.5631123185157776,1.2516249418258667,53.24800137329102,0.31344354152679443
observed_test,v2_2018_455_48h,,40,PCC,B,3.2170483483394516,0.0,0.615929181759174,0.5631123185157776,1.2516249418258667,53.24800137329102,0.31344354152679443
observed_test,v2_2018_455_48h,,40,PCC,C,3.2170483483394516,0.0,0.615929181759174,0.5631123185157776,1.2516249418258667,53.24800137329102,0.31344354152679443
observed_test,v2_2018_455_48h,,41,PCC,A,3.125255341491497,0.0,0.3414083272218704,0.5185338854789734,1.2421000003814697,53.24800137329102,0.32317930459976196
observed_test,v2_2018_455_48h,,41,PCC,B,3.125255341491497,0.0,0.3414083272218704,0.5185338854789734,1.2421000003814697,53.24800137329102,0.32317930459976196
observed_test,v2_2018_455_48h,,41,PCC,C,3.125255341491497,0.0,0.3414083272218704,0.5185338854789734,1.2421000003814697,53.24800137329102,0.32317930459976196
observed_test,v2_2018_455_48h,,42,PCC,A,3.076392379753789,0.0,0.1019666687800334,0.501911997795105,1.2320499420166016,121.88174847412108,0.33190372586250305
observed_test,v2_2018_455_48h,,42,PCC,B,3.076392379753789,0.0,0.1019666687800334,0.501911997795105,1.2320499420166016,121.88174847412108,0.33190372586250305
observed_test,v2_2018_455_48h,,42,PCC,C,3.076392379753789,0.0,0.1019666687800334,0.501911997795105,1.2320499420166016,121.88174847412108,0.33190372586250305
observed_test,v2_2018_455_48h,,43,PCC,A,3.1301525082936528,0.0,0.01122083317918273,0.5692486763000488,1.211050033569336,121.88174847412108,0.35107919573783875
observed_test,v2_2018_455_48h,,43,PCC,B,3.1301525082936528,0.0,0.01122083317918273,0.5692486763000488,1.211050033569336,121.88174847412108,0.35107919573783875
observed_test,v2_2018_455_48h,,43,PCC,C,3.1301525082936528,0.0,0.01122083317918273,0.5692486763000488,1.211050033569336,121.88174847412108,0.35107919573783875
observed_test,v2_2018_455_48h,,44,PCC,A,2.9463917701879745,0.0,0.0,0.458400696516037,1.2039250135421753,121.88174847412108,0.3593016564846039
observed_test,v2_2018_455_48h,,44,PCC,B,2.9463917701879745,0.0,0.0,0.458400696516037,1.2039250135421753,121.88174847412108,0.3593016564846039
observed_test,v2_2018_455_48h,,44,PCC,C,2.9463917701879745,0.0,0.0,0.458400696516037,1.2039250135421753,121.88174847412108,0.3593016564846039
observed_test,v2_2018_455_48h,,45,PCC,A,2.8449204055969233,0.0,0.0,0.39928483963012695,1.1981499195098877,53.24800137329102,0.36071404814720154
observed_test,v2_2018_455_48h,,45,PCC,B,2.8449204055969233,0.0,0.0,0.39928483963012695,1.1981499195098877,53.24800137329102,0.36071404814720154
observed_test,v2_2018_455_48h,,45,PCC,C,2.8449204055969233,0.0,0.0,0.39928483963012695,1.1981499195098877,53.24800137329102,0.36071404814720154
observed_test,v2_2018_455_48h,,46,PCC,A,2.779709403328121,0.0,0.0,0.3637107312679291,1.192525029182434,53.24800137329102,0.3595772385597229
observed_test,v2_2018_455_48h,,46,PCC,B,2.779709403328121,0.0,0.0,0.3637107312679291,1.192525029182434,53.24800137329102,0.3595772385597229
observed_test,v2_2018_455_48h,,46,PCC,C,2.779709403328121,0.0,0.0,0.3637107312679291,1.192525029182434,53.24800137329102,0.3595772385597229
observed_test,v2_2018_455_48h,,47,PCC,A,2.74529223493082,0.0,0.0,0.34759950637817383,1.1875749826431274,53.24800137329102,0.3599590063095093
observed_test,v2_2018_455_48h,,47,PCC,B,2.74529223493082,0.0,0.0,0.34759950637817383,1.1875749826431274,53.24800137329102,0.3599590063095093
observed_test,v2_2018_455_48h,,47,PCC,C,2.74529223493082,0.0,0.0,0.34759950637817383,1.1875749826431274,53.24800137329102,0.3599590063095093
dfl_generated,dfl_evaluation_00,0.19858039915561676,0,PCC,A,2.6059839725494385,0.0,1.3379091114984476e-06,0.29431068897247314,1.158077359199524,53.24800109863281,0.3174130916595459
dfl_generated,dfl_evaluation_00,0.19858039915561676,0,PCC,B,2.6058151721954346,0.0,0.0,0.29431068897247314,1.158077359199524,53.24800109863281,0.3174130916595459
dfl_generated,dfl_evaluation_00,0.19858039915561676,0,PCC,C,2.606780767440796,0.0,0.0,0.29431068897247314,1.158077359199524,53.24800109863281,0.3174130916595459
dfl_generated,dfl_evaluation_00,0.19858039915561676,1,PCC,A,2.6376075744628906,0.0,6.050964884707355e-07,0.3179371654987335,1.1565989255905151,53.24800109863281,0.32043465971946716
dfl_generated,dfl_evaluation_00,0.19858039915561676,1,PCC,B,2.637789249420166,0.0,3.118615552466508e-07,0.3179371654987335,1.1565989255905151,53.24800109863281,0.32043465971946716
dfl_generated,dfl_evaluation_00,0.19858039915561676,1,PCC,C,2.6384668350219727,0.0,0.0,0.3179371654987335,1.1565989255905151,53.24800109863281,0.32043465971946716
dfl_generated,dfl_evaluation_00,0.19858039915561676,2,PCC,A,2.4989519119262695,0.0,0.0,0.2232462614774704,1.156059980392456,53.24800109863281,0.3371230363845825
dfl_generated,dfl_evaluation_00,0.19858039915561676,2,PCC,B,2.4988136291503906,0.0,5.374923830459011e-07,0.2232462614774704,1.156059980392456,53.24800109863281,0.3371230363845825
dfl_generated,dfl_evaluation_00,0.19858039915561676,2,PCC,C,2.4989500045776367,0.0,0.0,0.2232462614774704,1.156059980392456,53.24800109863281,0.3371230363845825
dfl_generated,dfl_evaluation_00,0.19858039915561676,3,PCC,A,2.55674409866333,0.0,0.0,0.2633455991744995,1.155871868133545,53.24800109863281,0.31456130743026733
dfl_generated,dfl_evaluation_00,0.19858039915561676,3,PCC,B,2.556725263595581,0.0,0.0,0.2633455991744995,1.155871868133545,53.24800109863281,0.31456130743026733
dfl_generated,dfl_evaluation_00,0.19858039915561676,3,PCC,C,2.556849241256714,0.0,0.0,0.2633455991744995,1.155871868133545,53.24800109863281,0.31456130743026733
dfl_generated,dfl_evaluation_00,0.19858039915561676,4,PCC,A,2.6177868843078613,0.0,3.1268186262423114e-07,0.3060445785522461,1.1552174091339111,53.24800109863281,0.304537296295166
dfl_generated,dfl_evaluation_00,0.19858039915561676,4,PCC,B,2.617341995239258,0.0,6.945196560081968e-07,0.3060445785522461,1.1552174091339111,53.24800109863281,0.304537296295166
dfl_generated,dfl_evaluation_00,0.19858039915561676,4,PCC,C,2.617394208908081,0.0,0.0,0.3060445785522461,1.1552174091339111,53.24800109863281,0.304537296295166
dfl_generated,dfl_evaluation_00,0.19858039915561676,5,PCC,A,2.5883688926696777,0.0,9.508198127150536e-05,0.2850128710269928,1.155722737312317,53.24800109863281,0.297071635723114
dfl_generated,dfl_evaluation_00,0.19858039915561676,5,PCC,B,2.5881760120391846,0.0,7.440103217959404e-07,0.2850128710269928,1.155722737312317,53.24800109863281,0.297071635723114
dfl_generated,dfl_evaluation_00,0.19858039915561676,5,PCC,C,2.5874807834625244,0.0,4.8540765419602394e-05,0.2850128710269928,1.155722737312317,53.24800109863281,0.297071635723114
dfl_generated,dfl_evaluation_00,0.19858039915561676,6,PCC,A,2.779536724090576,0.0,0.01952461525797844,0.4131304621696472,1.1586382389068604,53.24800109863281,0.2899630665779114
dfl_generated,dfl_evaluation_00,0.19858039915561676,6,PCC,B,2.7805752754211426,0.0,0.022341158241033554,0.4131304621696472,1.1586382389068604,53.24800109863281,0.2899630665779114
dfl_generated,dfl_evaluation_00,0.19858039915561676,6,PCC,C,2.7794079780578613,0.0,0.022170979529619217,0.4131304621696472,1.1586382389068604,53.24800109863281,0.2899630665779114
dfl_generated,dfl_evaluation_00,0.19858039915561676,7,PCC,A,3.045078992843628,0.0,0.20265202224254608,0.5887197852134705,1.1631344556808472,53.24800109863281,0.2855783700942993
dfl_generated,dfl_evaluation_00,0.19858039915561676,7,PCC,B,3.0440759658813477,0.0,0.20193473994731903,0.5887197852134705,1.1631344556808472,53.24800109863281,0.2855783700942993
dfl_generated,dfl_evaluation_00,0.19858039915561676,7,PCC,C,3.0449774265289307,0.0,0.20035290718078613,0.5887197852134705,1.1631344556808472,53.24800109863281,0.2855783700942993
dfl_generated,dfl_evaluation_00,0.19858039915561676,8,PCC,A,2.806344985961914,0.0,0.36324021220207214,0.41616514325141907,1.1679048538208008,53.24800109863281,0.27863845229148865
dfl_generated,dfl_evaluation_00,0.19858039915561676,8,PCC,B,2.803560733795166,0.0,0.37222030758857727,0.41616514325141907,1.1679048538208008,53.24800109863281,0.27863845229148865
dfl_generated,dfl_evaluation_00,0.19858039915561676,8,PCC,C,2.8040881156921387,0.0,0.37589365243911743,0.41616514325141907,1.1679048538208008,53.24800109863281,0.27863845229148865
dfl_generated,dfl_evaluation_00,0.19858039915561676,9,PCC,A,2.9729509353637695,0.0,0.606752336025238,0.5137431621551514,1.1772527694702148,53.24800109863281,0.22556792199611664
dfl_generated,dfl_evaluation_00,0.19858039915561676,9,PCC,B,2.969646453857422,0.0,0.6286424994468689,0.5137431621551514,1.1772527694702148,53.24800109863281,0.22556792199611664
dfl_generated,dfl_evaluation_00,0.19858039915561676,9,PCC,C,2.968592643737793,0.0,0.6201115250587463,0.5137431621551514,1.1772527694702148,53.24800109863281,0.22556792199611664
dfl_generated,dfl_evaluation_00,0.19858039915561676,10,PCC,A,2.7595577239990234,0.0,0.754795491695404,0.3643687963485718,1.1841366291046143,53.24800109863281,0.2835322618484497
dfl_generated,dfl_evaluation_00,0.19858039915561676,10,PCC,B,2.7617969512939453,0.0,0.762795627117157,0.3643687963485718,1.1841366291046143,53.24800109863281,0.2835322618484497
dfl_generated,dfl_evaluation_00,0.19858039915561676,10,PCC,C,2.7610371112823486,0.0,0.75542151927948,0.3643687963485718,1.1841366291046143,53.24800109863281,0.2835322618484497
dfl_generated,dfl_evaluation_00,0.19858039915561676,11,PCC,A,2.769514799118042,0.0,0.6678079962730408,0.36136627197265625,1.189104437828064,53.24800109863281,0.30256181955337524
dfl_generated,dfl_evaluation_00,0.19858039915561676,11,PCC,B,2.7697575092315674,0.0,0.6777361035346985,0.36136627197265625,1.189104437828064,53.24800109863281,0.30256181955337524
dfl_generated,dfl_evaluation_00,0.19858039915561676,11,PCC,C,2.7694387435913086,0.0,0.6783033609390259,0.36136627197265625,1.189104437828064,53.24800109863281,0.30256181955337524
dfl_generated,dfl_evaluation_00,0.19858039915561676,12,PCC,A,3.0415751934051514,0.0,0.6185234785079956,0.5383059978485107,1.1956164836883545,53.24800109863281,0.2993054986000061
dfl_generated,dfl_evaluation_00,0.19858039915561676,12,PCC,B,3.0452048778533936,0.0,0.6207454800605774,0.5383059978485107,1.1956164836883545,53.24800109863281,0.2993054986000061
dfl_generated,dfl_evaluation_00,0.19858039915561676,12,PCC,C,3.0466949939727783,0.0,0.5951927304267883,0.5383059978485107,1.1956164836883545,53.24800109863281,0.2993054986000061
dfl_generated,dfl_evaluation_00,0.19858039915561676,13,PCC,A,3.1502084732055664,0.0,0.6546745896339417,0.6031783223152161,1.198286771774292,53.24800109863281,0.2988581657409668
dfl_generated,dfl_evaluation_00,0.19858039915561676,13,PCC,B,3.151029109954834,0.0,0.6569052934646606,0.6031783223152161,1.198286771774292,53.24800109863281,0.2988581657409668
dfl_generated,dfl_evaluation_00,0.19858039915561676,13,PCC,C,3.1530988216400146,0.0,0.6402075886726379,0.6031783223152161,1.198286771774292,53.24800109863281,0.2988581657409668
dfl_generated,dfl_evaluation_00,0.19858039915561676,14,PCC,A,3.2404346466064453,0.0,0.7244062423706055,0.6654155254364014,1.1976386308670044,53.24800109863281,0.29102200269699097
dfl_generated,dfl_evaluation_00,0.19858039915561676,14,PCC,B,3.2398922443389893,0.0,0.7206926345825195,0.6654155254364014,1.1976386308670044,53.24800109863281,0.29102200269699097
dfl_generated,dfl_evaluation_00,0.19858039915561676,14,PCC,C,3.242914915084839,0.0,0.7188014388084412,0.6654155254364014,1.1976386308670044,53.24800109863281,0.29102200269699097
dfl_generated,dfl_evaluation_00,0.19858039915561676,15,PCC,A,3.010809898376465,0.0,0.6126136779785156,0.5210045576095581,1.1924819946289062,53.24800109863281,0.2810106873512268
dfl_generated,dfl_evaluation_00,0.19858039915561676,15,PCC,B,3.0104668140411377,0.0,0.5979419946670532,0.5210045576095581,1.1924819946289062,53.24800109863281,0.2810106873512268
dfl_generated,dfl_evaluation_00,0.19858039915561676,15,PCC,C,3.0071823596954346,0.0,0.6000323295593262,0.5210045576095581,1.1924819946289062,53.24800109863281,0.2810106873512268
dfl_generated,dfl_evaluation_00,0.19858039915561676,16,PCC,A,3.0549747943878174,0.0,0.3733653128147125,0.5631123185157776,1.1844838857650757,53.24800109863281,0.28255942463874817
dfl_generated,dfl_evaluation_00,0.19858039915561676,16,PCC,B,3.054452419281006,0.0,0.36568787693977356,0.5631123185157776,1.1844838857650757,53.24800109863281,0.28255942463874817
dfl_generated,dfl_evaluation_00,0.19858039915561676,16,PCC,C,3.056216239929199,0.0,0.3704766035079956,0.5631123185157776,1.1844838857650757,53.24800109863281,0.28255942463874817
dfl_generated,dfl_evaluation_00,0.19858039915561676,17,PCC,A,2.9721012115478516,0.0,0.13102038204669952,0.5185338854789734,1.1759108304977417,53.24800109863281,0.2735026180744171
dfl_generated,dfl_evaluation_00,0.19858039915561676,17,PCC,B,2.9694974422454834,0.0,0.13056233525276184,0.5185338854789734,1.1759108304977417,53.24800109863281,0.2735026180744171
dfl_generated,dfl_evaluation_00,0.19858039915561676,17,PCC,C,2.9697389602661133,0.0,0.12885567545890808,0.5185338854789734,1.1759108304977417,53.24800109863281,0.2735026180744171
dfl_generated,dfl_evaluation_00,0.19858039915561676,18,PCC,A,2.9331777095794678,0.0,0.020243177190423012,0.501911997795105,1.169216275215149,53.24800109863281,0.2737896144390106
dfl_generated,dfl_evaluation_00,0.19858039915561676,18,PCC,B,2.932246685028076,0.0,0.021271852776408195,0.501911997795105,1.169216275215149,53.24800109863281,0.2737896144390106
dfl_generated,dfl_evaluation_00,0.19858039915561676,18,PCC,C,2.9315803050994873,0.0,0.020901188254356384,0.501911997795105,1.169216275215149,53.24800109863281,0.2737896144390106
dfl_generated,dfl_evaluation_00,0.19858039915561676,19,PCC,A,3.0206611156463623,0.0,0.000166027108207345,0.5692486763000488,1.165126085281372,53.24800109863281,0.2720416784286499
dfl_generated,dfl_evaluation_00,0.19858039915561676,19,PCC,B,3.0206589698791504,0.0,0.00017535605002194643,0.5692486763000488,1.165126085281372,53.24800109863281,0.2720416784286499
dfl_generated,dfl_evaluation_00,0.19858039915561676,19,PCC,C,3.018333911895752,0.0,0.00011707341764122248,0.5692486763000488,1.165126085281372,53.24800109863281,0.2720416784286499
dfl_generated,dfl_evaluation_00,0.19858039915561676,20,PCC,A,2.8548789024353027,0.0,1.9618223632278387e-06,0.458400696516037,1.1623972654342651,53.24800109863281,0.27732962369918823
dfl_generated,dfl_evaluation_00,0.19858039915561676,20,PCC,B,2.852987766265869,0.0,1.7878375047075679e-06,0.458400696516037,1.1623972654342651,53.24800109863281,0.27732962369918823
dfl_generated,dfl_evaluation_00,0.19858039915561676,20,PCC,C,2.8539626598358154,0.0,1.8383840938440699e-07,0.458400696516037,1.1623972654342651,53.24800109863281,0.27732962369918823
dfl_generated,dfl_evaluation_00,0.19858039915561676,21,PCC,A,2.7640879154205322,0.0,0.0,0.39928483963012695,1.160581350326538,53.24800109863281,0.2810366749763489
dfl_generated,dfl_evaluation_00,0.19858039915561676,21,PCC,B,2.7637760639190674,0.0,6.464538273576181e-07,0.39928483963012695,1.160581350326538,53.24800109863281,0.2810366749763489
dfl_generated,dfl_evaluation_00,0.19858039915561676,21,PCC,C,2.7645788192749023,0.0,0.0,0.39928483963012695,1.160581350326538,53.24800109863281,0.2810366749763489
dfl_generated,dfl_evaluation_00,0.19858039915561676,22,PCC,A,2.7101447582244873,0.0,5.262754712020978e-07,0.3637107312679291,1.1599851846694946,53.24800109863281,0.2922160029411316
dfl_generated,dfl_evaluation_00,0.19858039915561676,22,PCC,B,2.7104055881500244,0.0,0.0,0.3637107312679291,1.1599851846694946,53.24800109863281,0.2922160029411316
dfl_generated,dfl_evaluation_00,0.19858039915561676,22,PCC,C,2.70990252494812,0.0,0.0,0.3637107312679291,1.1599851846694946,53.24800109863281,0.2922160029411316
dfl_generated,dfl_evaluation_00,0.19858039915561676,23,PCC,A,2.6827962398529053,0.0,4.181701456218434e-07,0.34759950637817383,1.158117651939392,53.24800109863281,0.2912944555282593
dfl_generated,dfl_evaluation_00,0.19858039915561676,23,PCC,B,2.68420147895813,0.0,0.0,0.34759950637817383,1.158117651939392,53.24800109863281,0.2912944555282593
dfl_generated,dfl_evaluation_00,0.19858039915561676,23,PCC,C,2.6832656860351562,0.0,0.0,0.34759950637817383,1.158117651939392,53.24800109863281,0.2912944555282593
dfl_generated,dfl_evaluation_00,0.19858039915561676,24,PCC,A,2.60424542427063,0.0,0.0,0.29431068897247314,1.1573385000228882,53.24800109863281,0.29867294430732727
dfl_generated,dfl_evaluation_00,0.19858039915561676,24,PCC,B,2.6038076877593994,0.0,0.0,0.29431068897247314,1.1573385000228882,53.24800109863281,0.29867294430732727
dfl_generated,dfl_evaluation_00,0.19858039915561676,24,PCC,C,2.604388952255249,0.0,5.614814426735393e-07,0.29431068897247314,1.1573385000228882,53.24800109863281,0.29867294430732727
dfl_generated,dfl_evaluation_00,0.19858039915561676,25,PCC,A,2.636828899383545,0.0,3.4696412853918446e-07,0.3179371654987335,1.1560574769973755,53.24800109863281,0.2964928448200226
dfl_generated,dfl_evaluation_00,0.19858039915561676,25,PCC,B,2.6369640827178955,0.0,1.0558478606981225e-06,0.3179371654987335,1.1560574769973755,53.24800109863281,0.2964928448200226
dfl_generated,dfl_evaluation_00,0.19858039915561676,25,PCC,C,2.636159658432007,0.0,1.149919967247115e-06,0.3179371654987335,1.1560574769973755,53.24800109863281,0.2964928448200226
dfl_generated,dfl_evaluation_00,0.19858039915561676,26,PCC,A,2.49737286567688,0.0,0.0,0.2232462614774704,1.1553809642791748,53.24800109863281,0.30717891454696655
dfl_generated,dfl_evaluation_00,0.19858039915561676,26,PCC,B,2.498142957687378,0.0,5.8922819334839e-07,0.2232462614774704,1.1553809642791748,53.24800109863281,0.30717891454696655
dfl_generated,dfl_evaluation_00,0.19858039915561676,26,PCC,C,2.4971165657043457,0.0,1.4394265690498287e-06,0.2232462614774704,1.1553809642791748,53.24800109863281,0.30717891454696655
dfl_generated,dfl_evaluation_00,0.19858039915561676,27,PCC,A,2.556117534637451,0.0,0.0,0.2633455991744995,1.1550573110580444,53.24800109863281,0.2961772680282593
dfl_generated,dfl_evaluation_00,0.19858039915561676,27,PCC,B,2.5555996894836426,0.0,0.0,0.2633455991744995,1.1550573110580444,53.24800109863281,0.2961772680282593
dfl_generated,dfl_evaluation_00,0.19858039915561676,27,PCC,C,2.555898427963257,0.0,4.2599569383128255e-07,0.2633455991744995,1.1550573110580444,53.24800109863281,0.2961772680282593
dfl_generated,dfl_evaluation_00,0.19858039915561676,28,PCC,A,2.615964651107788,0.0,0.0,0.3060445785522461,1.154257893562317,53.24800109863281,0.2905987501144409
dfl_generated,dfl_evaluation_00,0.19858039915561676,28,PCC,B,2.615562915802002,0.0,0.0,0.3060445785522461,1.154257893562317,53.24800109863281,0.2905987501144409
dfl_generated,dfl_evaluation_00,0.19858039915561676,28,PCC,C,2.6152868270874023,0.0,0.0,0.3060445785522461,1.154257893562317,53.24800109863281,0.2905987501144409
dfl_generated,dfl_evaluation_00,0.19858039915561676,29,PCC,A,2.5871622562408447,0.0,0.0003758769016712904,0.2850128710269928,1.1555733680725098,53.24800109863281,0.27591124176979065
dfl_generated,dfl_evaluation_00,0.19858039915561676,29,PCC,B,2.587630033493042,0.0,0.00029318465385586023,0.2850128710269928,1.1555733680725098,53.24800109863281,0.27591124176979065
dfl_generated,dfl_evaluation_00,0.19858039915561676,29,PCC,C,2.5876216888427734,0.0,0.00021639885380864143,0.2850128710269928,1.1555733680725098,53.24800109863281,0.27591124176979065
dfl_generated,dfl_evaluation_00,0.19858039915561676,30,PCC,A,2.7808291912078857,0.0,0.023397177457809448,0.4131304621696472,1.1594135761260986,53.24800109863281,0.2667847275733948
dfl_generated,dfl_evaluation_00,0.19858039915561676,30,PCC,B,2.78143310546875,0.0,0.024477235972881317,0.4131304621696472,1.1594135761260986,53.24800109863281,0.2667847275733948
dfl_generated,dfl_evaluation_00,0.19858039915561676,30,PCC,C,2.7808144092559814,0.0,0.024886397644877434,0.4131304621696472,1.1594135761260986,53.24800109863281,0.2667847275733948
dfl_generated,dfl_evaluation_00,0.19858039915561676,31,PCC,A,3.0505521297454834,0.0,0.26118236780166626,0.5887197852134705,1.165825366973877,53.24800109863281,0.2567138671875
dfl_generated,dfl_evaluation_00,0.19858039915561676,31,PCC,B,3.051239013671875,0.0,0.2560668885707855,0.5887197852134705,1.165825366973877,53.24800109863281,0.2567138671875
dfl_generated,dfl_evaluation_00,0.19858039915561676,31,PCC,C,3.049739122390747,0.0,0.25293904542922974,0.5887197852134705,1.165825366973877,53.24800109863281,0.2567138671875
dfl_generated,dfl_evaluation_00,0.19858039915561676,32,PCC,A,2.817392110824585,0.0,0.5598548650741577,0.41616514325141907,1.1743544340133667,53.24800109863281,0.25640514492988586
dfl_generated,dfl_evaluation_00,0.19858039915561676,32,PCC,B,2.817837953567505,0.0,0.5596018433570862,0.41616514325141907,1.1743544340133667,53.24800109863281,0.25640514492988586
dfl_generated,dfl_evaluation_00,0.19858039915561676,32,PCC,C,2.818505048751831,0.0,0.5664305090904236,0.41616514325141907,1.1743544340133667,53.24800109863281,0.25640514492988586
dfl_generated,dfl_evaluation_00,0.19858039915561676,33,PCC,A,2.98248028755188,0.0,0.8186482191085815,0.5137431621551514,1.1814414262771606,53.24800109863281,0.25620222091674805
dfl_generated,dfl_evaluation_00,0.19858039915561676,33,PCC,B,2.9812352657318115,0.0,0.8167771100997925,0.5137431621551514,1.1814414262771606,53.24800109863281,0.25620222091674805
dfl_generated,dfl_evaluation_00,0.19858039915561676,33,PCC,C,2.9792063236236572,0.0,0.8045182228088379,0.5137431621551514,1.1814414262771606,53.24800109863281,0.25620222091674805
dfl_generated,dfl_evaluation_00,0.19858039915561676,34,PCC,A,2.78009295463562,0.0,0.8884995579719543,0.3643687963485718,1.1910277605056763,53.24800109863281,0.2576878070831299
dfl_generated,dfl_evaluation_00,0.19858039915561676,34,PCC,B,2.779310703277588,0.0,0.8827052116394043,0.3643687963485718,1.1910277605056763,53.24800109863281,0.2576878070831299
dfl_generated,dfl_evaluation_00,0.19858039915561676,34,PCC,C,2.7803783416748047,0.0,0.8843522667884827,0.3643687963485718,1.1910277605056763,53.24800109863281,0.2576878070831299
dfl_generated,dfl_evaluation_00,0.19858039915561676,35,PCC,A,2.7908103466033936,0.0,1.0703346729278564,0.36136627197265625,1.199272632598877,53.24800109863281,0.26147720217704773
dfl_generated,dfl_evaluation_00,0.19858039915561676,35,PCC,B,2.79020357131958,0.0,1.097114086151123,0.36136627197265625,1.199272632598877,53.24800109863281,0.26147720217704773
dfl_generated,dfl_evaluation_00,0.19858039915561676,35,PCC,C,2.7909836769104004,0.0,1.093062162399292,0.36136627197265625,1.199272632598877,53.24800109863281,0.26147720217704773
dfl_generated,dfl_evaluation_00,0.19858039915561676,36,PCC,A,3.064458131790161,0.0,1.1713018417358398,0.5383059978485107,1.203287124633789,53.24800109863281,0.26772719621658325
dfl_generated,dfl_evaluation_00,0.19858039915561676,36,PCC,B,3.0650291442871094,0.0,1.169850468635559,0.5383059978485107,1.203287124633789,53.24800109863281,0.26772719621658325
dfl_generated,dfl_evaluation_00,0.19858039915561676,36,PCC,C,3.063352346420288,0.0,1.1856391429901123,0.5383059978485107,1.203287124633789,53.24800109863281,0.26772719621658325
dfl_generated,dfl_evaluation_00,0.19858039915561676,37,PCC,A,3.1727547645568848,0.0,0.9922949075698853,0.6031783223152161,1.2049565315246582,53.24800109863281,0.2714401185512543
dfl_generated,dfl_evaluation_00,0.19858039915561676,37,PCC,B,3.1688385009765625,0.0,1.004915714263916,0.6031783223152161,1.2049565315246582,53.24800109863281,0.2714401185512543
dfl_generated,dfl_evaluation_00,0.19858039915561676,37,PCC,C,3.1723697185516357,0.0,1.0007110834121704,0.6031783223152161,1.2049565315246582,53.24800109863281,0.2714401185512543
dfl_generated,dfl_evaluation_00,0.19858039915561676,38,PCC,A,3.2645092010498047,0.0,0.8512675166130066,0.6654155254364014,1.2055308818817139,53.24800109863281,0.26995792984962463
dfl_generated,dfl_evaluation_00,0.19858039915561676,38,PCC,B,3.2624192237854004,0.0,0.8603171706199646,0.6654155254364014,1.2055308818817139,53.24800109863281,0.26995792984962463
dfl_generated,dfl_evaluation_00,0.19858039915561676,38,PCC,C,3.2642199993133545,0.0,0.8492995500564575,0.6654155254364014,1.2055308818817139,53.24800109863281,0.26995792984962463
dfl_generated,dfl_evaluation_00,0.19858039915561676,39,PCC,A,3.0356054306030273,0.0,0.7316238284111023,0.5210045576095581,1.2031759023666382,53.24800109863281,0.2578597664833069
dfl_generated,dfl_evaluation_00,0.19858039915561676,39,PCC,B,3.0374438762664795,0.0,0.7306789755821228,0.5210045576095581,1.2031759023666382,53.24800109863281,0.2578597664833069
dfl_generated,dfl_evaluation_00,0.19858039915561676,39,PCC,C,3.039184331893921,0.0,0.7375684976577759,0.5210045576095581,1.2031759023666382,53.24800109863281,0.2578597664833069
dfl_generated,dfl_evaluation_00,0.19858039915561676,40,PCC,A,3.081705331802368,0.0,0.5044338703155518,0.5631123185157776,1.195712924003601,53.24800109863281,0.2517494559288025
dfl_generated,dfl_evaluation_00,0.19858039915561676,40,PCC,B,3.083966016769409,0.0,0.4968123435974121,0.5631123185157776,1.195712924003601,53.24800109863281,0.2517494559288025
dfl_generated,dfl_evaluation_00,0.19858039915561676,40,PCC,C,3.084228277206421,0.0,0.5123035907745361,0.5631123185157776,1.195712924003601,53.24800109863281,0.2517494559288025
dfl_generated,dfl_evaluation_00,0.19858039915561676,41,PCC,A,2.9926235675811768,0.0,0.1479078233242035,0.5185338854789734,1.1840006113052368,53.24800109863281,0.2552614212036133
dfl_generated,dfl_evaluation_00,0.19858039915561676,41,PCC,B,2.990854263305664,0.0,0.15221217274665833,0.5185338854789734,1.1840006113052368,53.24800109863281,0.2552614212036133
dfl_generated,dfl_evaluation_00,0.19858039915561676,41,PCC,C,2.990391969680786,0.0,0.1457541137933731,0.5185338854789734,1.1840006113052368,53.24800109863281,0.2552614212036133
dfl_generated,dfl_evaluation_00,0.19858039915561676,42,PCC,A,2.9463250637054443,0.0,0.023134002462029457,0.501911997795105,1.1744953393936157,53.24800109863281,0.256287157535553
dfl_generated,dfl_evaluation_00,0.19858039915561676,42,PCC,B,2.9454262256622314,0.0,0.020703040063381195,0.501911997795105,1.1744953393936157,53.24800109863281,0.256287157535553
dfl_generated,dfl_evaluation_00,0.19858039915561676,42,PCC,C,2.944425106048584,0.0,0.022386638447642326,0.501911997795105,1.1744953393936157,53.24800109863281,0.256287157535553
dfl_generated,dfl_evaluation_00,0.19858039915561676,43,PCC,A,3.03537917137146,0.0,0.0001353361876681447,0.5692486763000488,1.1701194047927856,53.24800109863281,0.2530931830406189
dfl_generated,dfl_evaluation_00,0.19858039915561676,43,PCC,B,3.0342154502868652,0.0,0.00017106288578361273,0.5692486763000488,1.1701194047927856,53.24800109863281,0.2530931830406189
dfl_generated,dfl_evaluation_00,0.19858039915561676,43,PCC,C,3.0370609760284424,0.0,0.00019311672076582909,0.5692486763000488,1.1701194047927856,53.24800109863281,0.2530931830406189
dfl_generated,dfl_evaluation_00,0.19858039915561676,44,PCC,A,2.8652093410491943,0.0,2.8014574127155356e-07,0.458400696516037,1.1675193309783936,53.24800109863281,0.2559507191181183
dfl_generated,dfl_evaluation_00,0.19858039915561676,44,PCC,B,2.8669180870056152,0.0,2.4431071778963087e-06,0.458400696516037,1.1675193309783936,53.24800109863281,0.2559507191181183
dfl_generated,dfl_evaluation_00,0.19858039915561676,44,PCC,C,2.865046262741089,0.0,0.0,0.458400696516037,1.1675193309783936,53.24800109863281,0.2559507191181183
dfl_generated,dfl_evaluation_00,0.19858039915561676,45,PCC,A,2.772754430770874,0.0,0.0,0.39928483963012695,1.1648836135864258,53.24800109863281,0.26838240027427673
dfl_generated,dfl_evaluation_00,0.19858039915561676,45,PCC,B,2.7736668586730957,0.0,0.0,0.39928483963012695,1.1648836135864258,53.24800109863281,0.26838240027427673
dfl_generated,dfl_evaluation_00,0.19858039915561676,45,PCC,C,2.7735867500305176,0.0,8.606701840108144e-07,0.39928483963012695,1.1648836135864258,53.24800109863281,0.26838240027427673
dfl_generated,dfl_evaluation_00,0.19858039915561676,46,PCC,A,2.7164411544799805,0.0,1.7354450676521083e-07,0.3637107312679291,1.1631718873977661,53.24800109863281,0.26821574568748474
dfl_generated,dfl_evaluation_00,0.19858039915561676,46,PCC,B,2.7169644832611084,0.0,5.365096740206354e-07,0.3637107312679291,1.1631718873977661,53.24800109863281,0.26821574568748474
dfl_generated,dfl_evaluation_00,0.19858039915561676,46,PCC,C,2.716843605041504,0.0,0.0,0.3637107312679291,1.1631718873977661,53.24800109863281,0.26821574568748474
dfl_generated,dfl_evaluation_00,0.19858039915561676,47,PCC,A,2.6915600299835205,0.0,4.3659943571583426e-07,0.34759950637817383,1.1623039245605469,53.24800109863281,0.27439263463020325
dfl_generated,dfl_evaluation_00,0.19858039915561676,47,PCC,B,2.691011905670166,0.0,0.0,0.34759950637817383,1.1623039245605469,53.24800109863281,0.27439263463020325
dfl_generated,dfl_evaluation_00,0.19858039915561676,47,PCC,C,2.6911773681640625,0.0,0.0,0.34759950637817383,1.1623039245605469,53.24800109863281,0.27439263463020325
dfl_generated,dfl_evaluation_01,0.0023659924045205116,0,PCC,A,2.575855255126953,0.0,8.963425557340088e-07,0.29431068897247314,1.143688440322876,53.24800109863281,0.3159700334072113
dfl_generated,dfl_evaluation_01,0.0023659924045205116,0,PCC,B,2.5744240283966064,0.0,0.0,0.29431068897247314,1.143688440322876,53.24800109863281,0.3159700334072113
dfl_generated,dfl_evaluation_01,0.0023659924045205116,0,PCC,C,2.5743463039398193,0.0,8.487984359817347e-07,0.29431068897247314,1.143688440322876,53.24800109863281,0.3159700334072113
dfl_generated,dfl_evaluation_01,0.0023659924045205116,1,PCC,A,2.61214280128479,0.0,0.0,0.3179371654987335,1.1442596912384033,34.72425079345703,0.3168502748012543
dfl_generated,dfl_evaluation_01,0.0023659924045205116,1,PCC,B,2.6118011474609375,0.0,0.0,0.3179371654987335,1.1442596912384033,34.72425079345703,0.3168502748012543
dfl_generated,dfl_evaluation_01,0.0023659924045205116,1,PCC,C,2.611431360244751,0.0,0.0,0.3179371654987335,1.1442596912384033,34.72425079345703,0.3168502748012543
dfl_generated,dfl_evaluation_01,0.0023659924045205116,2,PCC,A,2.4798166751861572,0.0,1.2948736305418151e-08,0.2232462614774704,1.145655870437622,34.72425079345703,0.30902040004730225
dfl_generated,dfl_evaluation_01,0.0023659924045205116,2,PCC,B,2.479915142059326,0.0,0.0,0.2232462614774704,1.145655870437622,34.72425079345703,0.30902040004730225
dfl_generated,dfl_evaluation_01,0.0023659924045205116,2,PCC,C,2.479015350341797,0.0,0.0,0.2232462614774704,1.145655870437622,34.72425079345703,0.30902040004730225
dfl_generated,dfl_evaluation_01,0.0023659924045205116,3,PCC,A,2.5395736694335938,0.0,0.0,0.2633455991744995,1.1470762491226196,53.24800109863281,0.30897578597068787
dfl_generated,dfl_evaluation_01,0.0023659924045205116,3,PCC,B,2.5393028259277344,0.0,1.876186495053389e-08,0.2633455991744995,1.1470762491226196,53.24800109863281,0.30897578597068787
dfl_generated,dfl_evaluation_01,0.0023659924045205116,3,PCC,C,2.539635181427002,0.0,1.0929297786788084e-06,0.2633455991744995,1.1470762491226196,53.24800109863281,0.30897578597068787
dfl_generated,dfl_evaluation_01,0.0023659924045205116,4,PCC,A,2.6011321544647217,0.0,3.607866801758064e-06,0.3060445785522461,1.1469109058380127,53.24800109863281,0.2997635304927826
dfl_generated,dfl_evaluation_01,0.0023659924045205116,4,PCC,B,2.6008284091949463,0.0,0.0,0.3060445785522461,1.1469109058380127,53.24800109863281,0.2997635304927826
dfl_generated,dfl_evaluation_01,0.0023659924045205116,4,PCC,C,2.6005992889404297,0.0,1.8688053842197405e-06,0.3060445785522461,1.1469109058380127,53.24800109863281,0.2997635304927826
dfl_generated,dfl_evaluation_01,0.0023659924045205116,5,PCC,A,2.569545269012451,0.0,0.004698730073869228,0.2850128710269928,1.1467063426971436,53.24800109863281,0.28480586409568787
dfl_generated,dfl_evaluation_01,0.0023659924045205116,5,PCC,B,2.5697731971740723,0.0,0.004708271473646164,0.2850128710269928,1.1467063426971436,53.24800109863281,0.28480586409568787
dfl_generated,dfl_evaluation_01,0.0023659924045205116,5,PCC,C,2.5696442127227783,0.0,0.004740242846310139,0.2850128710269928,1.1467063426971436,53.24800109863281,0.28480586409568787
dfl_generated,dfl_evaluation_01,0.0023659924045205116,6,PCC,A,2.748800039291382,0.0,0.050139911472797394,0.4131304621696472,1.144460916519165,121.88175201416016,0.2664607763290405
dfl_generated,dfl_evaluation_01,0.0023659924045205116,6,PCC,B,2.748666763305664,0.0,0.053032148629426956,0.4131304621696472,1.144460916519165,121.88175201416016,0.2664607763290405
dfl_generated,dfl_evaluation_01,0.0023659924045205116,6,PCC,C,2.748239278793335,0.0,0.05067434534430504,0.4131304621696472,1.144460916519165,121.88175201416016,0.2664607763290405
dfl_generated,dfl_evaluation_01,0.0023659924045205116,7,PCC,A,2.992044448852539,0.0,0.18880772590637207,0.5887197852134705,1.1417897939682007,121.88175201416016,0.25702619552612305
dfl_generated,dfl_evaluation_01,0.0023659924045205116,7,PCC,B,2.99416446685791,0.0,0.19157709181308746,0.5887197852134705,1.1417897939682007,121.88175201416016,0.25702619552612305
dfl_generated,dfl_evaluation_01,0.0023659924045205116,7,PCC,C,2.9948651790618896,0.0,0.18486739695072174,0.5887197852134705,1.1417897939682007,121.88175201416016,0.25702619552612305
dfl_generated,dfl_evaluation_01,0.0023659924045205116,8,PCC,A,2.7488579750061035,0.0,0.5515679121017456,0.41616514325141907,1.143563985824585,121.88175201416016,0.24650998413562775
dfl_generated,dfl_evaluation_01,0.0023659924045205116,8,PCC,B,2.751600503921509,0.0,0.5572980642318726,0.41616514325141907,1.143563985824585,121.88175201416016,0.24650998413562775
dfl_generated,dfl_evaluation_01,0.0023659924045205116,8,PCC,C,2.749589443206787,0.0,0.5433204770088196,0.41616514325141907,1.143563985824585,121.88175201416016,0.24650998413562775
dfl_generated,dfl_evaluation_01,0.0023659924045205116,9,PCC,A,2.8964405059814453,0.0,0.8963296413421631,0.5137431621551514,1.1466984748840332,121.88175201416016,0.21591925621032715
dfl_generated,dfl_evaluation_01,0.0023659924045205116,9,PCC,B,2.8972113132476807,0.0,0.8844366669654846,0.5137431621551514,1.1466984748840332,121.88175201416016,0.21591925621032715
dfl_generated,dfl_evaluation_01,0.0023659924045205116,9,PCC,C,2.898522138595581,0.0,0.8806034326553345,0.5137431621551514,1.1466984748840332,121.88175201416016,0.21591925621032715
dfl_generated,dfl_evaluation_01,0.0023659924045205116,10,PCC,A,2.697868585586548,0.0,0.9554370045661926,0.3643687963485718,1.1522489786148071,53.24800109863281,0.2567422389984131
dfl_generated,dfl_evaluation_01,0.0023659924045205116,10,PCC,B,2.6969387531280518,0.0,0.9411159157752991,0.3643687963485718,1.1522489786148071,53.24800109863281,0.2567422389984131
dfl_generated,dfl_evaluation_01,0.0023659924045205116,10,PCC,C,2.6942965984344482,0.0,0.9566484093666077,0.3643687963485718,1.1522489786148071,53.24800109863281,0.2567422389984131
dfl_generated,dfl_evaluation_01,0.0023659924045205116,11,PCC,A,2.6998443603515625,0.0,1.0798933506011963,0.36136627197265625,1.1569536924362183,53.24800109863281,0.27440550923347473
dfl_generated,dfl_evaluation_01,0.0023659924045205116,11,PCC,B,2.6981139183044434,0.0,1.0874167680740356,0.36136627197265625,1.1569536924362183,53.24800109863281,0.27440550923347473
dfl_generated,dfl_evaluation_01,0.0023659924045205116,11,PCC,C,2.698800563812256,0.0,1.07705557346344,0.36136627197265625,1.1569536924362183,53.24800109863281,0.27440550923347473
dfl_generated,dfl_evaluation_01,0.0023659924045205116,12,PCC,A,2.964560031890869,0.0,1.1285901069641113,0.5383059978485107,1.1588389873504639,34.72425079345703,0.2777734100818634
dfl_generated,dfl_evaluation_01,0.0023659924045205116,12,PCC,B,2.9657697677612305,0.0,1.1199167966842651,0.5383059978485107,1.1588389873504639,34.72425079345703,0.2777734100818634
dfl_generated,dfl_evaluation_01,0.0023659924045205116,12,PCC,C,2.9651689529418945,0.0,1.1165003776550293,0.5383059978485107,1.1588389873504639,34.72425079345703,0.2777734100818634
dfl_generated,dfl_evaluation_01,0.0023659924045205116,13,PCC,A,3.0669374465942383,0.0,1.0248665809631348,0.6031783223152161,1.1604368686676025,34.72425079345703,0.27505114674568176
dfl_generated,dfl_evaluation_01,0.0023659924045205116,13,PCC,B,3.0647575855255127,0.0,1.0186554193496704,0.6031783223152161,1.1604368686676025,34.72425079345703,0.27505114674568176
dfl_generated,dfl_evaluation_01,0.0023659924045205116,13,PCC,C,3.0645999908447266,0.0,1.0329310894012451,0.6031783223152161,1.1604368686676025,34.72425079345703,0.27505114674568176
dfl_generated,dfl_evaluation_01,0.0023659924045205116,14,PCC,A,3.154442310333252,0.0,0.9546919465065002,0.6654155254364014,1.162346601486206,34.72425079345703,0.2679225504398346
dfl_generated,dfl_evaluation_01,0.0023659924045205116,14,PCC,B,3.1604526042938232,0.0,0.9562369585037231,0.6654155254364014,1.162346601486206,34.72425079345703,0.2679225504398346
dfl_generated,dfl_evaluation_01,0.0023659924045205116,14,PCC,C,3.1571030616760254,0.0,0.9762324094772339,0.6654155254364014,1.162346601486206,34.72425079345703,0.2679225504398346
dfl_generated,dfl_evaluation_01,0.0023659924045205116,15,PCC,A,2.942613363265991,0.0,0.792574405670166,0.5210045576095581,1.1640794277191162,34.72425079345703,0.2744182348251343
dfl_generated,dfl_evaluation_01,0.0023659924045205116,15,PCC,B,2.9436378479003906,0.0,0.7988499999046326,0.5210045576095581,1.1640794277191162,34.72425079345703,0.2744182348251343
dfl_generated,dfl_evaluation_01,0.0023659924045205116,15,PCC,C,2.9482648372650146,0.0,0.8089041113853455,0.5210045576095581,1.1640794277191162,34.72425079345703,0.2744182348251343
dfl_generated,dfl_evaluation_01,0.0023659924045205116,16,PCC,A,3.000739812850952,0.0,0.5682439804077148,0.5631123185157776,1.16054368019104,53.24800109863281,0.26104381680488586
dfl_generated,dfl_evaluation_01,0.0023659924045205116,16,PCC,B,2.997913122177124,0.0,0.5704183578491211,0.5631123185157776,1.16054368019104,53.24800109863281,0.26104381680488586
dfl_generated,dfl_evaluation_01,0.0023659924045205116,16,PCC,C,2.9953951835632324,0.0,0.5713235139846802,0.5631123185157776,1.16054368019104,53.24800109863281,0.26104381680488586
dfl_generated,dfl_evaluation_01,0.0023659924045205116,17,PCC,A,2.918433427810669,0.0,0.22552922368049622,0.5185338854789734,1.152698278427124,53.24800109863281,0.26397037506103516
dfl_generated,dfl_evaluation_01,0.0023659924045205116,17,PCC,B,2.9185447692871094,0.0,0.2234516143798828,0.5185338854789734,1.152698278427124,53.24800109863281,0.26397037506103516
dfl_generated,dfl_evaluation_01,0.0023659924045205116,17,PCC,C,2.9213595390319824,0.0,0.2257918119430542,0.5185338854789734,1.152698278427124,53.24800109863281,0.26397037506103516
dfl_generated,dfl_evaluation_01,0.0023659924045205116,18,PCC,A,2.8836050033569336,0.0,0.0375257283449173,0.501911997795105,1.1478239297866821,53.24800109863281,0.2631623148918152
dfl_generated,dfl_evaluation_01,0.0023659924045205116,18,PCC,B,2.8840274810791016,0.0,0.036791764199733734,0.501911997795105,1.1478239297866821,53.24800109863281,0.2631623148918152
dfl_generated,dfl_evaluation_01,0.0023659924045205116,18,PCC,C,2.8849809169769287,0.0,0.03779631853103638,0.501911997795105,1.1478239297866821,53.24800109863281,0.2631623148918152
dfl_generated,dfl_evaluation_01,0.0023659924045205116,19,PCC,A,2.971900701522827,0.0,0.0013122064992785454,0.5692486763000488,1.1451138257980347,53.24800109863281,0.26495811343193054
dfl_generated,dfl_evaluation_01,0.0023659924045205116,19,PCC,B,2.9715936183929443,0.0,0.0013544789981096983,0.5692486763000488,1.1451138257980347,53.24800109863281,0.26495811343193054
dfl_generated,dfl_evaluation_01,0.0023659924045205116,19,PCC,C,2.9732840061187744,0.0,0.0014053118648007512,0.5692486763000488,1.1451138257980347,53.24800109863281,0.26495811343193054
dfl_generated,dfl_evaluation_01,0.0023659924045205116,20,PCC,A,2.8139774799346924,0.0,0.0,0.458400696516037,1.145387887954712,53.24800109863281,0.27091339230537415
dfl_generated,dfl_evaluation_01,0.0023659924045205116,20,PCC,B,2.8129236698150635,0.0,1.1370908623575815e-06,0.458400696516037,1.145387887954712,53.24800109863281,0.27091339230537415
dfl_generated,dfl_evaluation_01,0.0023659924045205116,20,PCC,C,2.813382625579834,0.0,0.0,0.458400696516037,1.145387887954712,53.24800109863281,0.27091339230537415
dfl_generated,dfl_evaluation_01,0.0023659924045205116,21,PCC,A,2.7303614616394043,0.0,7.7477346849264e-07,0.39928483963012695,1.1459001302719116,53.24800109863281,0.2732965648174286
dfl_generated,dfl_evaluation_01,0.0023659924045205116,21,PCC,B,2.730461359024048,0.0,1.4484003258985467e-06,0.39928483963012695,1.1459001302719116,53.24800109863281,0.2732965648174286
dfl_generated,dfl_evaluation_01,0.0023659924045205116,21,PCC,C,2.731179714202881,0.0,1.1141008826598409e-06,0.39928483963012695,1.1459001302719116,53.24800109863281,0.2732965648174286
dfl_generated,dfl_evaluation_01,0.0023659924045205116,22,PCC,A,2.6801629066467285,0.0,0.0,0.3637107312679291,1.14597749710083,53.24800109863281,0.2826296091079712
dfl_generated,dfl_evaluation_01,0.0023659924045205116,22,PCC,B,2.6798033714294434,0.0,0.0,0.3637107312679291,1.14597749710083,53.24800109863281,0.2826296091079712
dfl_generated,dfl_evaluation_01,0.0023659924045205116,22,PCC,C,2.680098056793213,0.0,0.0,0.3637107312679291,1.14597749710083,53.24800109863281,0.2826296091079712
dfl_generated,dfl_evaluation_01,0.0023659924045205116,23,PCC,A,2.659987688064575,0.0,0.0,0.34759950637817383,1.1470097303390503,53.24800109863281,0.2876443564891815
dfl_generated,dfl_evaluation_01,0.0023659924045205116,23,PCC,B,2.6585781574249268,0.0,1.8543093460721138e-07,0.34759950637817383,1.1470097303390503,53.24800109863281,0.2876443564891815
dfl_generated,dfl_evaluation_01,0.0023659924045205116,23,PCC,C,2.6586716175079346,0.0,4.697516544638347e-07,0.34759950637817383,1.1470097303390503,53.24800109863281,0.2876443564891815
dfl_generated,dfl_evaluation_01,0.0023659924045205116,24,PCC,A,2.5855112075805664,0.0,0.0,0.29431068897247314,1.1481568813323975,53.24800109863281,0.2895410358905792
dfl_generated,dfl_evaluation_01,0.0023659924045205116,24,PCC,B,2.5856573581695557,0.0,1.99164583136735e-06,0.29431068897247314,1.1481568813323975,53.24800109863281,0.2895410358905792
dfl_generated,dfl_evaluation_01,0.0023659924045205116,24,PCC,C,2.5851266384124756,0.0,0.0,0.29431068897247314,1.1481568813323975,53.24800109863281,0.2895410358905792
dfl_generated,dfl_evaluation_01,0.0023659924045205116,25,PCC,A,2.6192870140075684,0.0,0.0,0.3179371654987335,1.1479229927062988,34.72425079345703,0.297338604927063
dfl_generated,dfl_evaluation_01,0.0023659924045205116,25,PCC,B,2.620311737060547,0.0,3.402504944460816e-07,0.3179371654987335,1.1479229927062988,34.72425079345703,0.297338604927063
dfl_generated,dfl_evaluation_01,0.0023659924045205116,25,PCC,C,2.6206579208374023,0.0,0.0,0.3179371654987335,1.1479229927062988,34.72425079345703,0.297338604927063
dfl_generated,dfl_evaluation_01,0.0023659924045205116,26,PCC,A,2.4847159385681152,0.0,2.7797543680208037e-06,0.2232462614774704,1.1492596864700317,34.72425079345703,0.3285371661186218
dfl_generated,dfl_evaluation_01,0.0023659924045205116,26,PCC,B,2.4845895767211914,0.0,1.7477339042670792e-07,0.2232462614774704,1.1492596864700317,34.72425079345703,0.3285371661186218
dfl_generated,dfl_evaluation_01,0.0023659924045205116,26,PCC,C,2.4854660034179688,0.0,1.7791666095945402e-06,0.2232462614774704,1.1492596864700317,34.72425079345703,0.3285371661186218
dfl_generated,dfl_evaluation_01,0.0023659924045205116,27,PCC,A,2.5443592071533203,0.0,4.0927528743850417e-07,0.2633455991744995,1.1496551036834717,53.24800109863281,0.2937338650226593
dfl_generated,dfl_evaluation_01,0.0023659924045205116,27,PCC,B,2.54428768157959,0.0,0.0,0.2633455991744995,1.1496551036834717,53.24800109863281,0.2937338650226593
dfl_generated,dfl_evaluation_01,0.0023659924045205116,27,PCC,C,2.5440924167633057,0.0,5.814358416955656e-08,0.2633455991744995,1.1496551036834717,53.24800109863281,0.2937338650226593
dfl_generated,dfl_evaluation_01,0.0023659924045205116,28,PCC,A,2.6071267127990723,0.0,0.0,0.3060445785522461,1.1504806280136108,53.24800109863281,0.27000465989112854
dfl_generated,dfl_evaluation_01,0.0023659924045205116,28,PCC,B,2.606470823287964,0.0,0.0,0.3060445785522461,1.1504806280136108,53.24800109863281,0.27000465989112854
dfl_generated,dfl_evaluation_01,0.0023659924045205116,28,PCC,C,2.606260061264038,0.0,8.049153734646097e-07,0.3060445785522461,1.1504806280136108,53.24800109863281,0.27000465989112854
dfl_generated,dfl_evaluation_01,0.0023659924045205116,29,PCC,A,2.574747323989868,0.0,0.004593394696712494,0.2850128710269928,1.1491241455078125,53.24800109863281,0.25128287076950073
dfl_generated,dfl_evaluation_01,0.0023659924045205116,29,PCC,B,2.574854850769043,0.0,0.004602709319442511,0.2850128710269928,1.1491241455078125,53.24800109863281,0.25128287076950073
dfl_generated,dfl_evaluation_01,0.0023659924045205116,29,PCC,C,2.5745038986206055,0.0,0.004730201326310635,0.2850128710269928,1.1491241455078125,53.24800109863281,0.25128287076950073
dfl_generated,dfl_evaluation_01,0.0023659924045205116,30,PCC,A,2.7560179233551025,0.0,0.054921332746744156,0.4131304621696472,1.1480025053024292,121.88175201416016,0.234709233045578
dfl_generated,dfl_evaluation_01,0.0023659924045205116,30,PCC,B,2.7558953762054443,0.0,0.05439385026693344,0.4131304621696472,1.1480025053024292,121.88175201416016,0.234709233045578
dfl_generated,dfl_evaluation_01,0.0023659924045205116,30,PCC,C,2.7570955753326416,0.0,0.05565900728106499,0.4131304621696472,1.1480025053024292,121.88175201416016,0.234709233045578
dfl_generated,dfl_evaluation_01,0.0023659924045205116,31,PCC,A,3.0095293521881104,0.0,0.19232435524463654,0.5887197852134705,1.148746132850647,121.88175201416016,0.22803613543510437
dfl_generated,dfl_evaluation_01,0.0023659924045205116,31,PCC,B,3.0109658241271973,0.0,0.1952970325946808,0.5887197852134705,1.148746132850647,121.88175201416016,0.22803613543510437
dfl_generated,dfl_evaluation_01,0.0023659924045205116,31,PCC,C,3.0094356536865234,0.0,0.19012053310871124,0.5887197852134705,1.148746132850647,121.88175201416016,0.22803613543510437
dfl_generated,dfl_evaluation_01,0.0023659924045205116,32,PCC,A,2.7705447673797607,0.0,0.42474165558815,0.41616514325141907,1.1521574258804321,121.88175201416016,0.23154975473880768
dfl_generated,dfl_evaluation_01,0.0023659924045205116,32,PCC,B,2.7690677642822266,0.0,0.4300818145275116,0.41616514325141907,1.1521574258804321,121.88175201416016,0.23154975473880768
dfl_generated,dfl_evaluation_01,0.0023659924045205116,32,PCC,C,2.7698864936828613,0.0,0.42213496565818787,0.41616514325141907,1.1521574258804321,121.88175201416016,0.23154975473880768
dfl_generated,dfl_evaluation_01,0.0023659924045205116,33,PCC,A,2.9231324195861816,0.0,0.6556175947189331,0.5137431621551514,1.1576588153839111,121.88175201416016,0.22967666387557983
dfl_generated,dfl_evaluation_01,0.0023659924045205116,33,PCC,B,2.925232172012329,0.0,0.6732377409934998,0.5137431621551514,1.1576588153839111,121.88175201416016,0.22967666387557983
dfl_generated,dfl_evaluation_01,0.0023659924045205116,33,PCC,C,2.9234812259674072,0.0,0.6586957573890686,0.5137431621551514,1.1576588153839111,121.88175201416016,0.22967666387557983
dfl_generated,dfl_evaluation_01,0.0023659924045205116,34,PCC,A,2.725982904434204,0.0,0.8105776309967041,0.3643687963485718,1.1656240224838257,53.24800109863281,0.23339587450027466
dfl_generated,dfl_evaluation_01,0.0023659924045205116,34,PCC,B,2.723595380783081,0.0,0.8224243521690369,0.3643687963485718,1.1656240224838257,53.24800109863281,0.23339587450027466
dfl_generated,dfl_evaluation_01,0.0023659924045205116,34,PCC,C,2.726245403289795,0.0,0.7968741059303284,0.3643687963485718,1.1656240224838257,53.24800109863281,0.23339587450027466
dfl_generated,dfl_evaluation_01,0.0023659924045205116,35,PCC,A,2.729222059249878,0.0,0.9186169505119324,0.36136627197265625,1.1689029932022095,53.24800109863281,0.23906055092811584
dfl_generated,dfl_evaluation_01,0.0023659924045205116,35,PCC,B,2.728523015975952,0.0,0.9168781638145447,0.36136627197265625,1.1689029932022095,53.24800109863281,0.23906055092811584
dfl_generated,dfl_evaluation_01,0.0023659924045205116,35,PCC,C,2.7275454998016357,0.0,0.9285323619842529,0.36136627197265625,1.1689029932022095,53.24800109863281,0.23906055092811584
dfl_generated,dfl_evaluation_01,0.0023659924045205116,36,PCC,A,2.9950037002563477,0.0,0.8768032789230347,0.5383059978485107,1.1743450164794922,34.72425079345703,0.24723811447620392
dfl_generated,dfl_evaluation_01,0.0023659924045205116,36,PCC,B,2.9924895763397217,0.0,0.8988600969314575,0.5383059978485107,1.1743450164794922,34.72425079345703,0.24723811447620392
dfl_generated,dfl_evaluation_01,0.0023659924045205116,36,PCC,C,2.9945478439331055,0.0,0.9051624536514282,0.5383059978485107,1.1743450164794922,34.72425079345703,0.24723811447620392
dfl_generated,dfl_evaluation_01,0.0023659924045205116,37,PCC,A,3.092918634414673,0.0,1.0173782110214233,0.6031783223152161,1.175295114517212,34.72425079345703,0.23966598510742188
dfl_generated,dfl_evaluation_01,0.0023659924045205116,37,PCC,B,3.0924766063690186,0.0,0.9845799803733826,0.6031783223152161,1.175295114517212,34.72425079345703,0.23966598510742188
dfl_generated,dfl_evaluation_01,0.0023659924045205116,37,PCC,C,3.095233201980591,0.0,1.0313690900802612,0.6031783223152161,1.175295114517212,34.72425079345703,0.23966598510742188
dfl_generated,dfl_evaluation_01,0.0023659924045205116,38,PCC,A,3.1786694526672363,0.0,0.778910219669342,0.6654155254364014,1.174753189086914,34.72425079345703,0.252298504114151
dfl_generated,dfl_evaluation_01,0.0023659924045205116,38,PCC,B,3.17556095123291,0.0,0.811500608921051,0.6654155254364014,1.174753189086914,34.72425079345703,0.252298504114151
dfl_generated,dfl_evaluation_01,0.0023659924045205116,38,PCC,C,3.1792285442352295,0.0,0.8045669198036194,0.6654155254364014,1.174753189086914,34.72425079345703,0.252298504114151
dfl_generated,dfl_evaluation_01,0.0023659924045205116,39,PCC,A,2.95833158493042,0.0,0.6584526300430298,0.5210045576095581,1.1701076030731201,34.72425079345703,0.25188204646110535
dfl_generated,dfl_evaluation_01,0.0023659924045205116,39,PCC,B,2.9643771648406982,0.0,0.6674723625183105,0.5210045576095581,1.1701076030731201,34.72425079345703,0.25188204646110535
dfl_generated,dfl_evaluation_01,0.0023659924045205116,39,PCC,C,2.9626307487487793,0.0,0.6694916486740112,0.5210045576095581,1.1701076030731201,34.72425079345703,0.25188204646110535
dfl_generated,dfl_evaluation_01,0.0023659924045205116,40,PCC,A,3.012474775314331,0.0,0.4712468385696411,0.5631123185157776,1.1665704250335693,53.24800109863281,0.24994659423828125
dfl_generated,dfl_evaluation_01,0.0023659924045205116,40,PCC,B,3.0123252868652344,0.0,0.4669782221317291,0.5631123185157776,1.1665704250335693,53.24800109863281,0.24994659423828125
dfl_generated,dfl_evaluation_01,0.0023659924045205116,40,PCC,C,3.013031005859375,0.0,0.46456167101860046,0.5631123185157776,1.1665704250335693,53.24800109863281,0.24994659423828125
dfl_generated,dfl_evaluation_01,0.0023659924045205116,41,PCC,A,2.937211036682129,0.0,0.1748722493648529,0.5185338854789734,1.1612616777420044,53.24800109863281,0.2578243315219879
dfl_generated,dfl_evaluation_01,0.0023659924045205116,41,PCC,B,2.938910722732544,0.0,0.16414739191532135,0.5185338854789734,1.1612616777420044,53.24800109863281,0.2578243315219879
dfl_generated,dfl_evaluation_01,0.0023659924045205116,41,PCC,C,2.9395699501037598,0.0,0.17467285692691803,0.5185338854789734,1.1612616777420044,53.24800109863281,0.2578243315219879
dfl_generated,dfl_evaluation_01,0.0023659924045205116,42,PCC,A,2.903202772140503,0.0,0.03648173063993454,0.501911997795105,1.156831979751587,53.24800109863281,0.25660765171051025
dfl_generated,dfl_evaluation_01,0.0023659924045205116,42,PCC,B,2.9058661460876465,0.0,0.03939313814043999,0.501911997795105,1.156831979751587,53.24800109863281,0.25660765171051025
dfl_generated,dfl_evaluation_01,0.0023659924045205116,42,PCC,C,2.9051716327667236,0.0,0.04068154841661453,0.501911997795105,1.156831979751587,53.24800109863281,0.25660765171051025
dfl_generated,dfl_evaluation_01,0.0023659924045205116,43,PCC,A,2.9890875816345215,0.0,0.0014374136226251721,0.5692486763000488,1.1531857252120972,53.24800109863281,0.2613438069820404
dfl_generated,dfl_evaluation_01,0.0023659924045205116,43,PCC,B,2.9897546768188477,0.0,0.0015365398721769452,0.5692486763000488,1.1531857252120972,53.24800109863281,0.2613438069820404
dfl_generated,dfl_evaluation_01,0.0023659924045205116,43,PCC,C,2.9932730197906494,0.0,0.0013776369160041213,0.5692486763000488,1.1531857252120972,53.24800109863281,0.2613438069820404
dfl_generated,dfl_evaluation_01,0.0023659924045205116,44,PCC,A,2.8271119594573975,0.0,2.5061567612283397e-06,0.458400696516037,1.1509093046188354,53.24800109863281,0.2710270881652832
dfl_generated,dfl_evaluation_01,0.0023659924045205116,44,PCC,B,2.8298685550689697,0.0,0.0,0.458400696516037,1.1509093046188354,53.24800109863281,0.2710270881652832
dfl_generated,dfl_evaluation_01,0.0023659924045205116,44,PCC,C,2.8286445140838623,0.0,8.924342296268151e-07,0.458400696516037,1.1509093046188354,53.24800109863281,0.2710270881652832
dfl_generated,dfl_evaluation_01,0.0023659924045205116,45,PCC,A,2.7409121990203857,0.0,4.74838344644013e-07,0.39928483963012695,1.1499736309051514,53.24800109863281,0.2725275456905365
dfl_generated,dfl_evaluation_01,0.0023659924045205116,45,PCC,B,2.7408111095428467,0.0,5.070235715720628e-07,0.39928483963012695,1.1499736309051514,53.24800109863281,0.2725275456905365
dfl_generated,dfl_evaluation_01,0.0023659924045205116,45,PCC,C,2.740381956100464,0.0,0.0,0.39928483963012695,1.1499736309051514,53.24800109863281,0.2725275456905365
dfl_generated,dfl_evaluation_01,0.0023659924045205116,46,PCC,A,2.6895556449890137,0.0,0.0,0.3637107312679291,1.1496317386627197,53.24800109863281,0.2870379388332367
dfl_generated,dfl_evaluation_01,0.0023659924045205116,46,PCC,B,2.68866229057312,0.0,0.0,0.3637107312679291,1.1496317386627197,53.24800109863281,0.2870379388332367
dfl_generated,dfl_evaluation_01,0.0023659924045205116,46,PCC,C,2.689998149871826,0.0,0.0,0.3637107312679291,1.1496317386627197,53.24800109863281,0.2870379388332367
dfl_generated,dfl_evaluation_01,0.0023659924045205116,47,PCC,A,2.6642351150512695,0.0,0.0,0.34759950637817383,1.1490070819854736,53.24800109863281,0.2988857626914978
dfl_generated,dfl_evaluation_01,0.0023659924045205116,47,PCC,B,2.6630594730377197,0.0,1.728242153831161e-07,0.34759950637817383,1.1490070819854736,53.24800109863281,0.2988857626914978
dfl_generated,dfl_evaluation_01,0.0023659924045205116,47,PCC,C,2.6640710830688477,0.0,0.0,0.34759950637817383,1.1490070819854736,53.24800109863281,0.2988857626914978
dfl_generated,dfl_evaluation_02,0.0023659924045205116,0,PCC,A,2.6080281734466553,0.0,0.0,0.29431068897247314,1.1595767736434937,53.24800109863281,0.3483215272426605
dfl_generated,dfl_evaluation_02,0.0023659924045205116,0,PCC,B,2.608715772628784,0.0,0.0,0.29431068897247314,1.1595767736434937,53.24800109863281,0.3483215272426605
dfl_generated,dfl_evaluation_02,0.0023659924045205116,0,PCC,C,2.608761787414551,0.0,0.0,0.29431068897247314,1.1595767736434937,53.24800109863281,0.3483215272426605
dfl_generated,dfl_evaluation_02,0.0023659924045205116,1,PCC,A,2.6376583576202393,0.0,0.0,0.3179371654987335,1.1574039459228516,34.72425079345703,0.35515013337135315
dfl_generated,dfl_evaluation_02,0.0023659924045205116,1,PCC,B,2.6382157802581787,0.0,0.0,0.3179371654987335,1.1574039459228516,34.72425079345703,0.35515013337135315
dfl_generated,dfl_evaluation_02,0.0023659924045205116,1,PCC,C,2.6387503147125244,0.0,0.0,0.3179371654987335,1.1574039459228516,34.72425079345703,0.35515013337135315
dfl_generated,dfl_evaluation_02,0.0023659924045205116,2,PCC,A,2.499964475631714,0.0,0.0,0.2232462614774704,1.155989408493042,34.72425079345703,0.36151596903800964
dfl_generated,dfl_evaluation_02,0.0023659924045205116,2,PCC,B,2.499420642852783,0.0,0.0,0.2232462614774704,1.155989408493042,34.72425079345703,0.36151596903800964
dfl_generated,dfl_evaluation_02,0.0023659924045205116,2,PCC,C,2.499424457550049,0.0,0.0,0.2232462614774704,1.155989408493042,34.72425079345703,0.36151596903800964
dfl_generated,dfl_evaluation_02,0.0023659924045205116,3,PCC,A,2.5539212226867676,0.0,1.0886452628255938e-07,0.2633455991744995,1.1545472145080566,34.72425079345703,0.3544590473175049
dfl_generated,dfl_evaluation_02,0.0023659924045205116,3,PCC,B,2.554056167602539,0.0,0.0,0.2633455991744995,1.1545472145080566,34.72425079345703,0.3544590473175049
dfl_generated,dfl_evaluation_02,0.0023659924045205116,3,PCC,C,2.5542783737182617,0.0,2.7895832772628637e-06,0.2633455991744995,1.1545472145080566,34.72425079345703,0.3544590473175049
dfl_generated,dfl_evaluation_02,0.0023659924045205116,4,PCC,A,2.6134443283081055,0.0,4.2786914491443895e-06,0.3060445785522461,1.1533329486846924,34.72425079345703,0.344710111618042
dfl_generated,dfl_evaluation_02,0.0023659924045205116,4,PCC,B,2.6134417057037354,0.0,4.193007498543011e-06,0.3060445785522461,1.1533329486846924,34.72425079345703,0.344710111618042
dfl_generated,dfl_evaluation_02,0.0023659924045205116,4,PCC,C,2.613311767578125,0.0,2.579918145784177e-06,0.3060445785522461,1.1533329486846924,34.72425079345703,0.344710111618042
dfl_generated,dfl_evaluation_02,0.0023659924045205116,5,PCC,A,2.5850141048431396,0.0,0.0007756479317322373,0.2850128710269928,1.153947114944458,34.72425079345703,0.33453789353370667
dfl_generated,dfl_evaluation_02,0.0023659924045205116,5,PCC,B,2.584606409072876,0.0,0.0008379652281291783,0.2850128710269928,1.153947114944458,34.72425079345703,0.33453789353370667
dfl_generated,dfl_evaluation_02,0.0023659924045205116,5,PCC,C,2.5848004817962646,0.0,0.0008434112532995641,0.2850128710269928,1.153947114944458,34.72425079345703,0.33453789353370667
dfl_generated,dfl_evaluation_02,0.0023659924045205116,6,PCC,A,2.7789864540100098,0.0,0.030714528635144234,0.4131304621696472,1.1577807664871216,53.24800109863281,0.31802573800086975
dfl_generated,dfl_evaluation_02,0.0023659924045205116,6,PCC,B,2.778334140777588,0.0,0.03261668235063553,0.4131304621696472,1.1577807664871216,53.24800109863281,0.31802573800086975
dfl_generated,dfl_evaluation_02,0.0023659924045205116,6,PCC,C,2.7792227268218994,0.0,0.03054448589682579,0.4131304621696472,1.1577807664871216,53.24800109863281,0.31802573800086975
dfl_generated,dfl_evaluation_02,0.0023659924045205116,7,PCC,A,3.055821657180786,0.0,0.2599407732486725,0.5887197852134705,1.1678534746170044,53.24800109863281,0.30136749148368835
dfl_generated,dfl_evaluation_02,0.0023659924045205116,7,PCC,B,3.055729627609253,0.0,0.2625068426132202,0.5887197852134705,1.1678534746170044,53.24800109863281,0.30136749148368835
dfl_generated,dfl_evaluation_02,0.0023659924045205116,7,PCC,C,3.053762197494507,0.0,0.2552535831928253,0.5887197852134705,1.1678534746170044,53.24800109863281,0.30136749148368835
dfl_generated,dfl_evaluation_02,0.0023659924045205116,8,PCC,A,2.8258447647094727,0.0,0.556633472442627,0.41616514325141907,1.178221344947815,53.24800109863281,0.2926793694496155
dfl_generated,dfl_evaluation_02,0.0023659924045205116,8,PCC,B,2.8253674507141113,0.0,0.5676892399787903,0.41616514325141907,1.178221344947815,53.24800109863281,0.2926793694496155
dfl_generated,dfl_evaluation_02,0.0023659924045205116,8,PCC,C,2.8269362449645996,0.0,0.5649614930152893,0.41616514325141907,1.178221344947815,53.24800109863281,0.2926793694496155
dfl_generated,dfl_evaluation_02,0.0023659924045205116,9,PCC,A,2.993532419204712,0.0,0.8087570667266846,0.5137431621551514,1.1882647275924683,53.24800109863281,0.27344322204589844
dfl_generated,dfl_evaluation_02,0.0023659924045205116,9,PCC,B,2.9939935207366943,0.0,0.8219549059867859,0.5137431621551514,1.1882647275924683,53.24800109863281,0.27344322204589844
dfl_generated,dfl_evaluation_02,0.0023659924045205116,9,PCC,C,2.993546485900879,0.0,0.824286162853241,0.5137431621551514,1.1882647275924683,53.24800109863281,0.27344322204589844
dfl_generated,dfl_evaluation_02,0.0023659924045205116,10,PCC,A,2.791161060333252,0.0,0.9328004121780396,0.3643687963485718,1.1986099481582642,53.24800109863281,0.2967601418495178
dfl_generated,dfl_evaluation_02,0.0023659924045205116,10,PCC,B,2.7926650047302246,0.0,0.9407205581665039,0.3643687963485718,1.1986099481582642,53.24800109863281,0.2967601418495178
dfl_generated,dfl_evaluation_02,0.0023659924045205116,10,PCC,C,2.793585777282715,0.0,0.9384034872055054,0.3643687963485718,1.1986099481582642,53.24800109863281,0.2967601418495178
dfl_generated,dfl_evaluation_02,0.0023659924045205116,11,PCC,A,2.8031251430511475,0.0,1.0119881629943848,0.36136627197265625,1.2043821811676025,53.24800109863281,0.30522704124450684
dfl_generated,dfl_evaluation_02,0.0023659924045205116,11,PCC,B,2.802208423614502,0.0,1.023505687713623,0.36136627197265625,1.2043821811676025,53.24800109863281,0.30522704124450684
dfl_generated,dfl_evaluation_02,0.0023659924045205116,11,PCC,C,2.8031558990478516,0.0,1.0095458030700684,0.36136627197265625,1.2043821811676025,53.24800109863281,0.30522704124450684
dfl_generated,dfl_evaluation_02,0.0023659924045205116,12,PCC,A,3.0761756896972656,0.0,1.088673710823059,0.5383059978485107,1.2080546617507935,53.24800109863281,0.30759257078170776
dfl_generated,dfl_evaluation_02,0.0023659924045205116,12,PCC,B,3.0757718086242676,0.0,1.0967251062393188,0.5383059978485107,1.2080546617507935,53.24800109863281,0.30759257078170776
dfl_generated,dfl_evaluation_02,0.0023659924045205116,12,PCC,C,3.076590061187744,0.0,1.0985242128372192,0.5383059978485107,1.2080546617507935,53.24800109863281,0.30759257078170776
dfl_generated,dfl_evaluation_02,0.0023659924045205116,13,PCC,A,3.1784231662750244,0.0,1.06495201587677,0.6031783223152161,1.210073471069336,53.24800109863281,0.31346631050109863
dfl_generated,dfl_evaluation_02,0.0023659924045205116,13,PCC,B,3.1781320571899414,0.0,1.069934368133545,0.6031783223152161,1.210073471069336,53.24800109863281,0.31346631050109863
dfl_generated,dfl_evaluation_02,0.0023659924045205116,13,PCC,C,3.17916202545166,0.0,1.0715583562850952,0.6031783223152161,1.210073471069336,53.24800109863281,0.31346631050109863
dfl_generated,dfl_evaluation_02,0.0023659924045205116,14,PCC,A,3.271441698074341,0.0,0.92853844165802,0.6654155254364014,1.2106741666793823,53.24800109863281,0.3155305087566376
dfl_generated,dfl_evaluation_02,0.0023659924045205116,14,PCC,B,3.267822504043579,0.0,0.945238471031189,0.6654155254364014,1.2106741666793823,53.24800109863281,0.3155305087566376
dfl_generated,dfl_evaluation_02,0.0023659924045205116,14,PCC,C,3.270341157913208,0.0,0.9390199780464172,0.6654155254364014,1.2106741666793823,53.24800109863281,0.3155305087566376
dfl_generated,dfl_evaluation_02,0.0023659924045205116,15,PCC,A,3.0425527095794678,0.0,0.704589307308197,0.5210045576095581,1.2047171592712402,53.24800109863281,0.3198850750923157
dfl_generated,dfl_evaluation_02,0.0023659924045205116,15,PCC,B,3.0444397926330566,0.0,0.7052215337753296,0.5210045576095581,1.2047171592712402,53.24800109863281,0.3198850750923157
dfl_generated,dfl_evaluation_02,0.0023659924045205116,15,PCC,C,3.0455880165100098,0.0,0.7018881440162659,0.5210045576095581,1.2047171592712402,53.24800109863281,0.3198850750923157
dfl_generated,dfl_evaluation_02,0.0023659924045205116,16,PCC,A,3.094726800918579,0.0,0.3989768326282501,0.5631123185157776,1.2001794576644897,53.24800109863281,0.33098649978637695
dfl_generated,dfl_evaluation_02,0.0023659924045205116,16,PCC,B,3.096839427947998,0.0,0.4092005789279938,0.5631123185157776,1.2001794576644897,53.24800109863281,0.33098649978637695
dfl_generated,dfl_evaluation_02,0.0023659924045205116,16,PCC,C,3.0928220748901367,0.0,0.3977160155773163,0.5631123185157776,1.2001794576644897,53.24800109863281,0.33098649978637695
dfl_generated,dfl_evaluation_02,0.0023659924045205116,17,PCC,A,3.010441780090332,0.0,0.14448970556259155,0.5185338854789734,1.19197678565979,53.24800109863281,0.32936978340148926
dfl_generated,dfl_evaluation_02,0.0023659924045205116,17,PCC,B,3.0084638595581055,0.0,0.14729906618595123,0.5185338854789734,1.19197678565979,53.24800109863281,0.32936978340148926
dfl_generated,dfl_evaluation_02,0.0023659924045205116,17,PCC,C,3.009679079055786,0.0,0.1513737291097641,0.5185338854789734,1.19197678565979,53.24800109863281,0.32936978340148926
dfl_generated,dfl_evaluation_02,0.0023659924045205116,18,PCC,A,2.9583053588867188,0.0,0.02574312873184681,0.501911997795105,1.1806601285934448,121.88175201416016,0.33572936058044434
dfl_generated,dfl_evaluation_02,0.0023659924045205116,18,PCC,B,2.9601192474365234,0.0,0.027596333995461464,0.501911997795105,1.1806601285934448,121.88175201416016,0.33572936058044434
dfl_generated,dfl_evaluation_02,0.0023659924045205116,18,PCC,C,2.9574944972991943,0.0,0.026806160807609558,0.501911997795105,1.1806601285934448,121.88175201416016,0.33572936058044434
dfl_generated,dfl_evaluation_02,0.0023659924045205116,19,PCC,A,3.0391619205474854,0.0,0.000761698349379003,0.5692486763000488,1.1727445125579834,121.88175201416016,0.3378306031227112
dfl_generated,dfl_evaluation_02,0.0023659924045205116,19,PCC,B,3.0396230220794678,0.0,0.0008517238311469555,0.5692486763000488,1.1727445125579834,121.88175201416016,0.3378306031227112
dfl_generated,dfl_evaluation_02,0.0023659924045205116,19,PCC,C,3.040071725845337,0.0,0.0007341784657910466,0.5692486763000488,1.1727445125579834,121.88175201416016,0.3378306031227112
dfl_generated,dfl_evaluation_02,0.0023659924045205116,20,PCC,A,2.868858575820923,0.0,0.0,0.458400696516037,1.1685841083526611,121.88175201416016,0.3415549397468567
dfl_generated,dfl_evaluation_02,0.0023659924045205116,20,PCC,B,2.8682427406311035,0.0,0.0,0.458400696516037,1.1685841083526611,121.88175201416016,0.3415549397468567
dfl_generated,dfl_evaluation_02,0.0023659924045205116,20,PCC,C,2.869109869003296,0.0,0.0,0.458400696516037,1.1685841083526611,121.88175201416016,0.3415549397468567
dfl_generated,dfl_evaluation_02,0.0023659924045205116,21,PCC,A,2.7750909328460693,0.0,3.642179819962621e-07,0.39928483963012695,1.1655629873275757,53.24800109863281,0.3409336507320404
dfl_generated,dfl_evaluation_02,0.0023659924045205116,21,PCC,B,2.776088237762451,0.0,0.0,0.39928483963012695,1.1655629873275757,53.24800109863281,0.3409336507320404
dfl_generated,dfl_evaluation_02,0.0023659924045205116,21,PCC,C,2.774205207824707,0.0,0.0,0.39928483963012695,1.1655629873275757,53.24800109863281,0.3409336507320404
dfl_generated,dfl_evaluation_02,0.0023659924045205116,22,PCC,A,2.716604471206665,0.0,0.0,0.3637107312679291,1.163101077079773,53.24800109863281,0.3483560085296631
dfl_generated,dfl_evaluation_02,0.0023659924045205116,22,PCC,B,2.717514753341675,0.0,0.0,0.3637107312679291,1.163101077079773,53.24800109863281,0.3483560085296631
dfl_generated,dfl_evaluation_02,0.0023659924045205116,22,PCC,C,2.7173943519592285,0.0,1.343858230029582e-06,0.3637107312679291,1.163101077079773,53.24800109863281,0.3483560085296631
dfl_generated,dfl_evaluation_02,0.0023659924045205116,23,PCC,A,2.688443899154663,0.0,0.0,0.34759950637817383,1.160699725151062,53.24800109863281,0.3488345742225647
dfl_generated,dfl_evaluation_02,0.0023659924045205116,23,PCC,B,2.6878445148468018,0.0,0.0,0.34759950637817383,1.160699725151062,53.24800109863281,0.3488345742225647
dfl_generated,dfl_evaluation_02,0.0023659924045205116,23,PCC,C,2.688547372817993,0.0,1.0233062539555249e-06,0.34759950637817383,1.160699725151062,53.24800109863281,0.3488345742225647
dfl_generated,dfl_evaluation_02,0.0023659924045205116,24,PCC,A,2.607421398162842,0.0,9.291639457842393e-07,0.29431068897247314,1.158521056175232,53.24800109863281,0.3562692701816559
dfl_generated,dfl_evaluation_02,0.0023659924045205116,24,PCC,B,2.6079750061035156,0.0,0.0,0.29431068897247314,1.158521056175232,53.24800109863281,0.3562692701816559
dfl_generated,dfl_evaluation_02,0.0023659924045205116,24,PCC,C,2.607240915298462,0.0,0.0,0.29431068897247314,1.158521056175232,53.24800109863281,0.3562692701816559
dfl_generated,dfl_evaluation_02,0.0023659924045205116,25,PCC,A,2.6374847888946533,0.0,0.0,0.3179371654987335,1.1569269895553589,34.72425079345703,0.35325169563293457
dfl_generated,dfl_evaluation_02,0.0023659924045205116,25,PCC,B,2.638273000717163,0.0,0.0,0.3179371654987335,1.1569269895553589,34.72425079345703,0.35325169563293457
dfl_generated,dfl_evaluation_02,0.0023659924045205116,25,PCC,C,2.637758731842041,0.0,0.0,0.3179371654987335,1.1569269895553589,34.72425079345703,0.35325169563293457
dfl_generated,dfl_evaluation_02,0.0023659924045205116,26,PCC,A,2.499270439147949,0.0,0.0,0.2232462614774704,1.1560724973678589,34.72425079345703,0.34479567408561707
dfl_generated,dfl_evaluation_02,0.0023659924045205116,26,PCC,B,2.498613119125366,0.0,5.032151761952264e-07,0.2232462614774704,1.1560724973678589,34.72425079345703,0.34479567408561707
dfl_generated,dfl_evaluation_02,0.0023659924045205116,26,PCC,C,2.4984610080718994,0.0,1.531287949774196e-07,0.2232462614774704,1.1560724973678589,34.72425079345703,0.34479567408561707
dfl_generated,dfl_evaluation_02,0.0023659924045205116,27,PCC,A,2.5560028553009033,0.0,0.0,0.2633455991744995,1.1553645133972168,34.72425079345703,0.3705991506576538
dfl_generated,dfl_evaluation_02,0.0023659924045205116,27,PCC,B,2.5559659004211426,0.0,4.2765865515548285e-08,0.2633455991744995,1.1553645133972168,34.72425079345703,0.3705991506576538
dfl_generated,dfl_evaluation_02,0.0023659924045205116,27,PCC,C,2.556267738342285,0.0,1.2760817753587617e-06,0.2633455991744995,1.1553645133972168,34.72425079345703,0.3705991506576538
dfl_generated,dfl_evaluation_02,0.0023659924045205116,28,PCC,A,2.6163878440856934,0.0,0.0,0.3060445785522461,1.1545885801315308,34.72425079345703,0.3463107645511627
dfl_generated,dfl_evaluation_02,0.0023659924045205116,28,PCC,B,2.6165812015533447,0.0,0.0,0.3060445785522461,1.1545885801315308,34.72425079345703,0.3463107645511627
dfl_generated,dfl_evaluation_02,0.0023659924045205116,28,PCC,C,2.616065263748169,0.0,1.6508431599504547e-06,0.3060445785522461,1.1545885801315308,34.72425079345703,0.3463107645511627
dfl_generated,dfl_evaluation_02,0.0023659924045205116,29,PCC,A,2.5874698162078857,0.0,0.0015126928919926286,0.2850128710269928,1.1553183794021606,34.72425079345703,0.3283599019050598
dfl_generated,dfl_evaluation_02,0.0023659924045205116,29,PCC,B,2.5874664783477783,0.0,0.0014407752314582467,0.2850128710269928,1.1553183794021606,34.72425079345703,0.3283599019050598
dfl_generated,dfl_evaluation_02,0.0023659924045205116,29,PCC,C,2.5872223377227783,0.0,0.0014770833076909184,0.2850128710269928,1.1553183794021606,34.72425079345703,0.3283599019050598
dfl_generated,dfl_evaluation_02,0.0023659924045205116,30,PCC,A,2.783418893814087,0.0,0.035160131752491,0.4131304621696472,1.1609693765640259,53.24800109863281,0.3125663995742798
dfl_generated,dfl_evaluation_02,0.0023659924045205116,30,PCC,B,2.7823729515075684,0.0,0.033846594393253326,0.4131304621696472,1.1609693765640259,53.24800109863281,0.3125663995742798
dfl_generated,dfl_evaluation_02,0.0023659924045205116,30,PCC,C,2.7841036319732666,0.0,0.034880466759204865,0.4131304621696472,1.1609693765640259,53.24800109863281,0.3125663995742798
dfl_generated,dfl_evaluation_02,0.0023659924045205116,31,PCC,A,3.060244560241699,0.0,0.237369567155838,0.5887197852134705,1.1696417331695557,53.24800109863281,0.3042251169681549
dfl_generated,dfl_evaluation_02,0.0023659924045205116,31,PCC,B,3.061105966567993,0.0,0.23703411221504211,0.5887197852134705,1.1696417331695557,53.24800109863281,0.3042251169681549
dfl_generated,dfl_evaluation_02,0.0023659924045205116,31,PCC,C,3.06123685836792,0.0,0.24489304423332214,0.5887197852134705,1.1696417331695557,53.24800109863281,0.3042251169681549
dfl_generated,dfl_evaluation_02,0.0023659924045205116,32,PCC,A,2.8335671424865723,0.0,0.5386066436767578,0.41616514325141907,1.1821085214614868,53.24800109863281,0.3082071840763092
dfl_generated,dfl_evaluation_02,0.0023659924045205116,32,PCC,B,2.8353657722473145,0.0,0.5251501798629761,0.41616514325141907,1.1821085214614868,53.24800109863281,0.3082071840763092
dfl_generated,dfl_evaluation_02,0.0023659924045205116,32,PCC,C,2.8353734016418457,0.0,0.5322870016098022,0.41616514325141907,1.1821085214614868,53.24800109863281,0.3082071840763092
dfl_generated,dfl_evaluation_02,0.0023659924045205116,33,PCC,A,3.0072145462036133,0.0,0.7554368376731873,0.5137431621551514,1.194790005683899,53.24800109863281,0.29235607385635376
dfl_generated,dfl_evaluation_02,0.0023659924045205116,33,PCC,B,3.0072638988494873,0.0,0.7404521107673645,0.5137431621551514,1.194790005683899,53.24800109863281,0.29235607385635376
dfl_generated,dfl_evaluation_02,0.0023659924045205116,33,PCC,C,3.0084969997406006,0.0,0.7514963150024414,0.5137431621551514,1.194790005683899,53.24800109863281,0.29235607385635376
dfl_generated,dfl_evaluation_02,0.0023659924045205116,34,PCC,A,2.8060028553009033,0.0,0.8463383913040161,0.3643687963485718,1.2058556079864502,53.24800109863281,0.29643434286117554
dfl_generated,dfl_evaluation_02,0.0023659924045205116,34,PCC,B,2.8088881969451904,0.0,0.846092939376831,0.3643687963485718,1.2058556079864502,53.24800109863281,0.29643434286117554
dfl_generated,dfl_evaluation_02,0.0023659924045205116,34,PCC,C,2.8067498207092285,0.0,0.8604169487953186,0.3643687963485718,1.2058556079864502,53.24800109863281,0.29643434286117554
dfl_generated,dfl_evaluation_02,0.0023659924045205116,35,PCC,A,2.814038038253784,0.0,0.8637239933013916,0.36136627197265625,1.2100447416305542,53.24800109863281,0.3071640133857727
dfl_generated,dfl_evaluation_02,0.0023659924045205116,35,PCC,B,2.809579610824585,0.0,0.8553978800773621,0.36136627197265625,1.2100447416305542,53.24800109863281,0.3071640133857727
dfl_generated,dfl_evaluation_02,0.0023659924045205116,35,PCC,C,2.813274621963501,0.0,0.8593310713768005,0.36136627197265625,1.2100447416305542,53.24800109863281,0.3071640133857727
dfl_generated,dfl_evaluation_02,0.0023659924045205116,36,PCC,A,3.0879664421081543,0.0,0.9280411601066589,0.5383059978485107,1.2135792970657349,53.24800109863281,0.3135046660900116
dfl_generated,dfl_evaluation_02,0.0023659924045205116,36,PCC,B,3.090562582015991,0.0,0.9166330099105835,0.5383059978485107,1.2135792970657349,53.24800109863281,0.3135046660900116
dfl_generated,dfl_evaluation_02,0.0023659924045205116,36,PCC,C,3.0900371074676514,0.0,0.9079699516296387,0.5383059978485107,1.2135792970657349,53.24800109863281,0.3135046660900116
dfl_generated,dfl_evaluation_02,0.0023659924045205116,37,PCC,A,3.1887073516845703,0.0,0.8641692996025085,0.6031783223152161,1.215016484260559,53.24800109863281,0.3117195665836334
dfl_generated,dfl_evaluation_02,0.0023659924045205116,37,PCC,B,3.1887733936309814,0.0,0.8739620447158813,0.6031783223152161,1.215016484260559,53.24800109863281,0.3117195665836334
dfl_generated,dfl_evaluation_02,0.0023659924045205116,37,PCC,C,3.1897900104522705,0.0,0.859752893447876,0.6031783223152161,1.215016484260559,53.24800109863281,0.3117195665836334
dfl_generated,dfl_evaluation_02,0.0023659924045205116,38,PCC,A,3.282498359680176,0.0,0.8246631622314453,0.6654155254364014,1.2148016691207886,53.24800109863281,0.3183439075946808
dfl_generated,dfl_evaluation_02,0.0023659924045205116,38,PCC,B,3.2833914756774902,0.0,0.8251450657844543,0.6654155254364014,1.2148016691207886,53.24800109863281,0.3183439075946808
dfl_generated,dfl_evaluation_02,0.0023659924045205116,38,PCC,C,3.284109115600586,0.0,0.8154366612434387,0.6654155254364014,1.2148016691207886,53.24800109863281,0.3183439075946808
dfl_generated,dfl_evaluation_02,0.0023659924045205116,39,PCC,A,3.0539002418518066,0.0,0.6620246767997742,0.5210045576095581,1.2100722789764404,53.24800109863281,0.32679328322410583
dfl_generated,dfl_evaluation_02,0.0023659924045205116,39,PCC,B,3.0536205768585205,0.0,0.6708704829216003,0.5210045576095581,1.2100722789764404,53.24800109863281,0.32679328322410583
dfl_generated,dfl_evaluation_02,0.0023659924045205116,39,PCC,C,3.0571703910827637,0.0,0.6693093180656433,0.5210045576095581,1.2100722789764404,53.24800109863281,0.32679328322410583
dfl_generated,dfl_evaluation_02,0.0023659924045205116,40,PCC,A,3.1021809577941895,0.0,0.3543432354927063,0.5631123185157776,1.204603672027588,53.24800109863281,0.3380962610244751
dfl_generated,dfl_evaluation_02,0.0023659924045205116,40,PCC,B,3.103930711746216,0.0,0.3495723009109497,0.5631123185157776,1.204603672027588,53.24800109863281,0.3380962610244751
dfl_generated,dfl_evaluation_02,0.0023659924045205116,40,PCC,C,3.10221791267395,0.0,0.3448949456214905,0.5631123185157776,1.204603672027588,53.24800109863281,0.3380962610244751
dfl_generated,dfl_evaluation_02,0.0023659924045205116,41,PCC,A,3.0148205757141113,0.0,0.1367647498846054,0.5185338854789734,1.1941980123519897,53.24800109863281,0.33487704396247864
dfl_generated,dfl_evaluation_02,0.0023659924045205116,41,PCC,B,3.015561819076538,0.0,0.13868488371372223,0.5185338854789734,1.1941980123519897,53.24800109863281,0.33487704396247864
dfl_generated,dfl_evaluation_02,0.0023659924045205116,41,PCC,C,3.016875743865967,0.0,0.13268230855464935,0.5185338854789734,1.1941980123519897,53.24800109863281,0.33487704396247864
dfl_generated,dfl_evaluation_02,0.0023659924045205116,42,PCC,A,2.969519853591919,0.0,0.019668158143758774,0.501911997795105,1.1848031282424927,121.88175201416016,0.3369736671447754
dfl_generated,dfl_evaluation_02,0.0023659924045205116,42,PCC,B,2.9682679176330566,0.0,0.0205547958612442,0.501911997795105,1.1848031282424927,121.88175201416016,0.3369736671447754
dfl_generated,dfl_evaluation_02,0.0023659924045205116,42,PCC,C,2.9679336547851562,0.0,0.020651400089263916,0.501911997795105,1.1848031282424927,121.88175201416016,0.3369736671447754
dfl_generated,dfl_evaluation_02,0.0023659924045205116,43,PCC,A,3.04703950881958,0.0,0.0006187013350427151,0.5692486763000488,1.1763887405395508,121.88175201416016,0.3351161479949951
dfl_generated,dfl_evaluation_02,0.0023659924045205116,43,PCC,B,3.0487172603607178,0.0,0.0005698999739252031,0.5692486763000488,1.1763887405395508,121.88175201416016,0.3351161479949951
dfl_generated,dfl_evaluation_02,0.0023659924045205116,43,PCC,C,3.048011302947998,0.0,0.0007331543602049351,0.5692486763000488,1.1763887405395508,121.88175201416016,0.3351161479949951
dfl_generated,dfl_evaluation_02,0.0023659924045205116,44,PCC,A,2.8722612857818604,0.0,0.0,0.458400696516037,1.1713178157806396,121.88175201416016,0.33883804082870483
dfl_generated,dfl_evaluation_02,0.0023659924045205116,44,PCC,B,2.874972105026245,0.0,0.0,0.458400696516037,1.1713178157806396,121.88175201416016,0.33883804082870483
dfl_generated,dfl_evaluation_02,0.0023659924045205116,44,PCC,C,2.873514413833618,0.0,0.0,0.458400696516037,1.1713178157806396,121.88175201416016,0.33883804082870483
dfl_generated,dfl_evaluation_02,0.0023659924045205116,45,PCC,A,2.779653310775757,0.0,0.0,0.39928483963012695,1.1674299240112305,53.24800109863281,0.34318578243255615
dfl_generated,dfl_evaluation_02,0.0023659924045205116,45,PCC,B,2.7798397541046143,0.0,0.0,0.39928483963012695,1.1674299240112305,53.24800109863281,0.34318578243255615
dfl_generated,dfl_evaluation_02,0.0023659924045205116,45,PCC,C,2.7791030406951904,0.0,0.0,0.39928483963012695,1.1674299240112305,53.24800109863281,0.34318578243255615
dfl_generated,dfl_evaluation_02,0.0023659924045205116,46,PCC,A,2.7233848571777344,0.0,0.0,0.3637107312679291,1.1661912202835083,53.24800109863281,0.34193459153175354
dfl_generated,dfl_evaluation_02,0.0023659924045205116,46,PCC,B,2.7221763134002686,0.0,1.3716146440856392e-08,0.3637107312679291,1.1661912202835083,53.24800109863281,0.34193459153175354
dfl_generated,dfl_evaluation_02,0.0023659924045205116,46,PCC,C,2.723010778427124,0.0,0.0,0.3637107312679291,1.1661912202835083,53.24800109863281,0.34193459153175354
dfl_generated,dfl_evaluation_02,0.0023659924045205116,47,PCC,A,2.691831111907959,0.0,0.0,0.34759950637817383,1.1626081466674805,53.24800109863281,0.35146719217300415
dfl_generated,dfl_evaluation_02,0.0023659924045205116,47,PCC,B,2.69234299659729,0.0,9.417260002919647e-07,0.34759950637817383,1.1626081466674805,53.24800109863281,0.35146719217300415
dfl_generated,dfl_evaluation_02,0.0023659924045205116,47,PCC,C,2.692540407180786,0.0,0.0,0.34759950637817383,1.1626081466674805,53.24800109863281,0.35146719217300415
dfl_generated,dfl_evaluation_03,0.19858039915561676,0,PCC,A,2.5937001705169678,0.0,0.0,0.29431068897247314,1.1521369218826294,53.24800109863281,0.2948813736438751
dfl_generated,dfl_evaluation_03,0.19858039915561676,0,PCC,B,2.594482898712158,0.0,1.715162738946674e-06,0.29431068897247314,1.1521369218826294,53.24800109863281,0.2948813736438751
dfl_generated,dfl_evaluation_03,0.19858039915561676,0,PCC,C,2.5936617851257324,0.0,0.0,0.29431068897247314,1.1521369218826294,53.24800109863281,0.2948813736438751
dfl_generated,dfl_evaluation_03,0.19858039915561676,1,PCC,A,2.6276206970214844,0.0,0.0,0.3179371654987335,1.1520957946777344,53.24800109863281,0.29503101110458374
dfl_generated,dfl_evaluation_03,0.19858039915561676,1,PCC,B,2.627931833267212,0.0,0.0,0.3179371654987335,1.1520957946777344,53.24800109863281,0.29503101110458374
dfl_generated,dfl_evaluation_03,0.19858039915561676,1,PCC,C,2.627093553543091,0.0,8.781831297710596e-07,0.3179371654987335,1.1520957946777344,53.24800109863281,0.29503101110458374
dfl_generated,dfl_evaluation_03,0.19858039915561676,2,PCC,A,2.4898159503936768,0.0,0.0,0.2232462614774704,1.151293158531189,53.24800109863281,0.31140056252479553
dfl_generated,dfl_evaluation_03,0.19858039915561676,2,PCC,B,2.489445209503174,0.0,2.2879670780184824e-07,0.2232462614774704,1.151293158531189,53.24800109863281,0.31140056252479553
dfl_generated,dfl_evaluation_03,0.19858039915561676,2,PCC,C,2.4901790618896484,0.0,1.274544700891056e-07,0.2232462614774704,1.151293158531189,53.24800109863281,0.31140056252479553
dfl_generated,dfl_evaluation_03,0.19858039915561676,3,PCC,A,2.5477194786071777,0.0,4.165887617091357e-07,0.2633455991744995,1.1511166095733643,53.24800109863281,0.29860588908195496
dfl_generated,dfl_evaluation_03,0.19858039915561676,3,PCC,B,2.5479331016540527,0.0,0.0,0.2633455991744995,1.1511166095733643,53.24800109863281,0.29860588908195496
dfl_generated,dfl_evaluation_03,0.19858039915561676,3,PCC,C,2.547342300415039,0.0,0.0,0.2633455991744995,1.1511166095733643,53.24800109863281,0.29860588908195496
dfl_generated,dfl_evaluation_03,0.19858039915561676,4,PCC,A,2.6088929176330566,0.0,3.2344717055821093e-06,0.3060445785522461,1.15084969997406,53.24800109863281,0.29665857553482056
dfl_generated,dfl_evaluation_03,0.19858039915561676,4,PCC,B,2.6094706058502197,0.0,4.861826141677739e-07,0.3060445785522461,1.15084969997406,53.24800109863281,0.29665857553482056
dfl_generated,dfl_evaluation_03,0.19858039915561676,4,PCC,C,2.6088240146636963,0.0,2.391338327356607e-08,0.3060445785522461,1.15084969997406,53.24800109863281,0.29665857553482056
dfl_generated,dfl_evaluation_03,0.19858039915561676,5,PCC,A,2.5771172046661377,0.0,0.0005294827278703451,0.2850128710269928,1.1507526636123657,53.24800109863281,0.2973804175853729
dfl_generated,dfl_evaluation_03,0.19858039915561676,5,PCC,B,2.577169418334961,0.0,0.0004026788519695401,0.2850128710269928,1.1507526636123657,53.24800109863281,0.2973804175853729
dfl_generated,dfl_evaluation_03,0.19858039915561676,5,PCC,C,2.5776500701904297,0.0,0.0005625291960313916,0.2850128710269928,1.1507526636123657,53.24800109863281,0.2973804175853729
dfl_generated,dfl_evaluation_03,0.19858039915561676,6,PCC,A,2.7618422508239746,0.0,0.003357868641614914,0.4131304621696472,1.1503255367279053,53.24800109863281,0.2993842661380768
dfl_generated,dfl_evaluation_03,0.19858039915561676,6,PCC,B,2.760899543762207,0.0,0.00451362319290638,0.4131304621696472,1.1503255367279053,53.24800109863281,0.2993842661380768
dfl_generated,dfl_evaluation_03,0.19858039915561676,6,PCC,C,2.761378765106201,0.0,0.0048412419855594635,0.4131304621696472,1.1503255367279053,53.24800109863281,0.2993842661380768
dfl_generated,dfl_evaluation_03,0.19858039915561676,7,PCC,A,3.015476942062378,0.0,0.0793379470705986,0.5887197852134705,1.1514897346496582,53.24800109863281,0.29278913140296936
dfl_generated,dfl_evaluation_03,0.19858039915561676,7,PCC,B,3.01591420173645,0.0,0.08266688883304596,0.5887197852134705,1.1514897346496582,53.24800109863281,0.29278913140296936
dfl_generated,dfl_evaluation_03,0.19858039915561676,7,PCC,C,3.0152688026428223,0.0,0.07822543382644653,0.5887197852134705,1.1514897346496582,53.24800109863281,0.29278913140296936
dfl_generated,dfl_evaluation_03,0.19858039915561676,8,PCC,A,2.7695353031158447,0.0,0.36177343130111694,0.41616514325141907,1.1519185304641724,53.24800109863281,0.294184148311615
dfl_generated,dfl_evaluation_03,0.19858039915561676,8,PCC,B,2.7690696716308594,0.0,0.35199517011642456,0.41616514325141907,1.1519185304641724,53.24800109863281,0.294184148311615
dfl_generated,dfl_evaluation_03,0.19858039915561676,8,PCC,C,2.7697882652282715,0.0,0.35408467054367065,0.41616514325141907,1.1519185304641724,53.24800109863281,0.294184148311615
dfl_generated,dfl_evaluation_03,0.19858039915561676,9,PCC,A,2.911085605621338,0.0,0.7468174695968628,0.5137431621551514,1.1530870199203491,53.24800109863281,0.2569872736930847
dfl_generated,dfl_evaluation_03,0.19858039915561676,9,PCC,B,2.9108798503875732,0.0,0.7262200713157654,0.5137431621551514,1.1530870199203491,53.24800109863281,0.2569872736930847
dfl_generated,dfl_evaluation_03,0.19858039915561676,9,PCC,C,2.9123427867889404,0.0,0.7321104407310486,0.5137431621551514,1.1530870199203491,53.24800109863281,0.2569872736930847
dfl_generated,dfl_evaluation_03,0.19858039915561676,10,PCC,A,2.7004318237304688,0.0,0.9511501789093018,0.3643687963485718,1.1560958623886108,53.24800109863281,0.2933245301246643
dfl_generated,dfl_evaluation_03,0.19858039915561676,10,PCC,B,2.704448699951172,0.0,0.937397301197052,0.3643687963485718,1.1560958623886108,53.24800109863281,0.2933245301246643
dfl_generated,dfl_evaluation_03,0.19858039915561676,10,PCC,C,2.7005727291107178,0.0,0.948570728302002,0.3643687963485718,1.1560958623886108,53.24800109863281,0.2933245301246643
dfl_generated,dfl_evaluation_03,0.19858039915561676,11,PCC,A,2.7030344009399414,0.0,1.0238088369369507,0.36136627197265625,1.1579999923706055,53.24800109863281,0.31112468242645264
dfl_generated,dfl_evaluation_03,0.19858039915561676,11,PCC,B,2.7033770084381104,0.0,1.0142406225204468,0.36136627197265625,1.1579999923706055,53.24800109863281,0.31112468242645264
dfl_generated,dfl_evaluation_03,0.19858039915561676,11,PCC,C,2.7040207386016846,0.0,1.0193108320236206,0.36136627197265625,1.1579999923706055,53.24800109863281,0.31112468242645264
dfl_generated,dfl_evaluation_03,0.19858039915561676,12,PCC,A,2.966495990753174,0.0,1.1360336542129517,0.5383059978485107,1.162623643875122,53.24800109863281,0.313488245010376
dfl_generated,dfl_evaluation_03,0.19858039915561676,12,PCC,B,2.9666454792022705,0.0,1.1420440673828125,0.5383059978485107,1.162623643875122,53.24800109863281,0.313488245010376
dfl_generated,dfl_evaluation_03,0.19858039915561676,12,PCC,C,2.9653942584991455,0.0,1.1504182815551758,0.5383059978485107,1.162623643875122,53.24800109863281,0.313488245010376
dfl_generated,dfl_evaluation_03,0.19858039915561676,13,PCC,A,3.0639965534210205,0.0,1.2135714292526245,0.6031783223152161,1.1637946367263794,53.24800109863281,0.3184593915939331
dfl_generated,dfl_evaluation_03,0.19858039915561676,13,PCC,B,3.066465377807617,0.0,1.2287678718566895,0.6031783223152161,1.1637946367263794,53.24800109863281,0.3184593915939331
dfl_generated,dfl_evaluation_03,0.19858039915561676,13,PCC,C,3.064706563949585,0.0,1.221081256866455,0.6031783223152161,1.1637946367263794,53.24800109863281,0.3184593915939331
dfl_generated,dfl_evaluation_03,0.19858039915561676,14,PCC,A,3.1601998805999756,0.0,1.0043808221817017,0.6654155254364014,1.165161371231079,53.24800109863281,0.307189404964447
dfl_generated,dfl_evaluation_03,0.19858039915561676,14,PCC,B,3.160273790359497,0.0,1.021451711654663,0.6654155254364014,1.165161371231079,53.24800109863281,0.307189404964447
dfl_generated,dfl_evaluation_03,0.19858039915561676,14,PCC,C,3.1599342823028564,0.0,1.0213706493377686,0.6654155254364014,1.165161371231079,53.24800109863281,0.307189404964447
dfl_generated,dfl_evaluation_03,0.19858039915561676,15,PCC,A,2.941617965698242,0.0,0.8061269521713257,0.5210045576095581,1.1626416444778442,53.24800109863281,0.31045082211494446
dfl_generated,dfl_evaluation_03,0.19858039915561676,15,PCC,B,2.9444918632507324,0.0,0.8080153465270996,0.5210045576095581,1.1626416444778442,53.24800109863281,0.31045082211494446
dfl_generated,dfl_evaluation_03,0.19858039915561676,15,PCC,C,2.9450900554656982,0.0,0.8155460357666016,0.5210045576095581,1.1626416444778442,53.24800109863281,0.31045082211494446
dfl_generated,dfl_evaluation_03,0.19858039915561676,16,PCC,A,2.9967117309570312,0.0,0.4536811411380768,0.5631123185157776,1.156435489654541,53.24800109863281,0.28849363327026367
dfl_generated,dfl_evaluation_03,0.19858039915561676,16,PCC,B,2.992551326751709,0.0,0.4493711590766907,0.5631123185157776,1.156435489654541,53.24800109863281,0.28849363327026367
dfl_generated,dfl_evaluation_03,0.19858039915561676,16,PCC,C,2.9960532188415527,0.0,0.44800904393196106,0.5631123185157776,1.156435489654541,53.24800109863281,0.28849363327026367
dfl_generated,dfl_evaluation_03,0.19858039915561676,17,PCC,A,2.9239933490753174,0.0,0.07619208097457886,0.5185338854789734,1.155754804611206,53.24800109863281,0.2754981219768524
dfl_generated,dfl_evaluation_03,0.19858039915561676,17,PCC,B,2.9239962100982666,0.0,0.06990566104650497,0.5185338854789734,1.155754804611206,53.24800109863281,0.2754981219768524
dfl_generated,dfl_evaluation_03,0.19858039915561676,17,PCC,C,2.9241700172424316,0.0,0.07022356241941452,0.5185338854789734,1.155754804611206,53.24800109863281,0.2754981219768524
dfl_generated,dfl_evaluation_03,0.19858039915561676,18,PCC,A,2.9025189876556396,0.0,0.011441200971603394,0.501911997795105,1.15621018409729,53.24800109863281,0.27145206928253174
dfl_generated,dfl_evaluation_03,0.19858039915561676,18,PCC,B,2.9023778438568115,0.0,0.011122157797217369,0.501911997795105,1.15621018409729,53.24800109863281,0.27145206928253174
dfl_generated,dfl_evaluation_03,0.19858039915561676,18,PCC,C,2.9006848335266113,0.0,0.011249620467424393,0.501911997795105,1.15621018409729,53.24800109863281,0.27145206928253174
dfl_generated,dfl_evaluation_03,0.19858039915561676,19,PCC,A,2.996162176132202,0.0,0.0006699179648421705,0.5692486763000488,1.1548579931259155,53.24800109863281,0.2653450667858124
dfl_generated,dfl_evaluation_03,0.19858039915561676,19,PCC,B,2.9962165355682373,0.0,0.0008121754508465528,0.5692486763000488,1.1548579931259155,53.24800109863281,0.2653450667858124
dfl_generated,dfl_evaluation_03,0.19858039915561676,19,PCC,C,2.9967586994171143,0.0,0.0006919417646713555,0.5692486763000488,1.1548579931259155,53.24800109863281,0.2653450667858124
dfl_generated,dfl_evaluation_03,0.19858039915561676,20,PCC,A,2.8336734771728516,0.0,0.0,0.458400696516037,1.1532104015350342,53.24800109863281,0.2647390067577362
dfl_generated,dfl_evaluation_03,0.19858039915561676,20,PCC,B,2.8341751098632812,0.0,1.751574814079504e-06,0.458400696516037,1.1532104015350342,53.24800109863281,0.2647390067577362
dfl_generated,dfl_evaluation_03,0.19858039915561676,20,PCC,C,2.8343193531036377,0.0,2.0517027223831974e-06,0.458400696516037,1.1532104015350342,53.24800109863281,0.2647390067577362
dfl_generated,dfl_evaluation_03,0.19858039915561676,21,PCC,A,2.7488043308258057,0.0,0.0,0.39928483963012695,1.1537195444107056,53.24800109863281,0.2766595482826233
dfl_generated,dfl_evaluation_03,0.19858039915561676,21,PCC,B,2.7480499744415283,0.0,0.0,0.39928483963012695,1.1537195444107056,53.24800109863281,0.2766595482826233
dfl_generated,dfl_evaluation_03,0.19858039915561676,21,PCC,C,2.7482895851135254,0.0,1.8556442000772222e-06,0.39928483963012695,1.1537195444107056,53.24800109863281,0.2766595482826233
dfl_generated,dfl_evaluation_03,0.19858039915561676,22,PCC,A,2.6952075958251953,0.0,7.608711598550144e-07,0.3637107312679291,1.1523852348327637,53.24800109863281,0.28857409954071045
dfl_generated,dfl_evaluation_03,0.19858039915561676,22,PCC,B,2.6947264671325684,0.0,0.0,0.3637107312679291,1.1523852348327637,53.24800109863281,0.28857409954071045
dfl_generated,dfl_evaluation_03,0.19858039915561676,22,PCC,C,2.695239782333374,0.0,0.0,0.3637107312679291,1.1523852348327637,53.24800109863281,0.28857409954071045
dfl_generated,dfl_evaluation_03,0.19858039915561676,23,PCC,A,2.671269416809082,0.0,0.0,0.34759950637817383,1.152133584022522,53.24800109863281,0.29468703269958496
dfl_generated,dfl_evaluation_03,0.19858039915561676,23,PCC,B,2.6713998317718506,0.0,0.0,0.34759950637817383,1.152133584022522,53.24800109863281,0.29468703269958496
dfl_generated,dfl_evaluation_03,0.19858039915561676,23,PCC,C,2.6714189052581787,0.0,0.0,0.34759950637817383,1.152133584022522,53.24800109863281,0.29468703269958496
dfl_generated,dfl_evaluation_03,0.19858039915561676,24,PCC,A,2.5949559211730957,0.0,0.0,0.29431068897247314,1.1525723934173584,53.24800109863281,0.29652249813079834
dfl_generated,dfl_evaluation_03,0.19858039915561676,24,PCC,B,2.594740867614746,0.0,9.687757085430349e-08,0.29431068897247314,1.1525723934173584,53.24800109863281,0.29652249813079834
dfl_generated,dfl_evaluation_03,0.19858039915561676,24,PCC,C,2.593783378601074,0.0,2.264834932930171e-07,0.29431068897247314,1.1525723934173584,53.24800109863281,0.29652249813079834
dfl_generated,dfl_evaluation_03,0.19858039915561676,25,PCC,A,2.6280081272125244,0.0,0.0,0.3179371654987335,1.151808500289917,53.24800109863281,0.2896343469619751
dfl_generated,dfl_evaluation_03,0.19858039915561676,25,PCC,B,2.6276183128356934,0.0,2.2947720026422758e-06,0.3179371654987335,1.151808500289917,53.24800109863281,0.2896343469619751
dfl_generated,dfl_evaluation_03,0.19858039915561676,25,PCC,C,2.6281633377075195,0.0,2.7841775818160386e-07,0.3179371654987335,1.151808500289917,53.24800109863281,0.2896343469619751
dfl_generated,dfl_evaluation_03,0.19858039915561676,26,PCC,A,2.489645481109619,0.0,0.0,0.2232462614774704,1.1511718034744263,53.24800109863281,0.32399889826774597
dfl_generated,dfl_evaluation_03,0.19858039915561676,26,PCC,B,2.4897994995117188,0.0,1.1618909638855257e-06,0.2232462614774704,1.1511718034744263,53.24800109863281,0.32399889826774597
dfl_generated,dfl_evaluation_03,0.19858039915561676,26,PCC,C,2.48980712890625,0.0,0.0,0.2232462614774704,1.1511718034744263,53.24800109863281,0.32399889826774597
dfl_generated,dfl_evaluation_03,0.19858039915561676,27,PCC,A,2.5479044914245605,0.0,0.0,0.2633455991744995,1.151510238647461,53.24800109863281,0.31473907828330994
dfl_generated,dfl_evaluation_03,0.19858039915561676,27,PCC,B,2.547839641571045,0.0,1.3927099473676208e-07,0.2633455991744995,1.151510238647461,53.24800109863281,0.31473907828330994
dfl_generated,dfl_evaluation_03,0.19858039915561676,27,PCC,C,2.5480802059173584,0.0,0.0,0.2633455991744995,1.151510238647461,53.24800109863281,0.31473907828330994
dfl_generated,dfl_evaluation_03,0.19858039915561676,28,PCC,A,2.6083056926727295,0.0,0.0,0.3060445785522461,1.150821566581726,53.24800109863281,0.30405372381210327
dfl_generated,dfl_evaluation_03,0.19858039915561676,28,PCC,B,2.6085548400878906,0.0,0.0,0.3060445785522461,1.150821566581726,53.24800109863281,0.30405372381210327
dfl_generated,dfl_evaluation_03,0.19858039915561676,28,PCC,C,2.608166456222534,0.0,2.438403271298739e-06,0.3060445785522461,1.150821566581726,53.24800109863281,0.30405372381210327
dfl_generated,dfl_evaluation_03,0.19858039915561676,29,PCC,A,2.5781474113464355,0.0,0.0004367055371403694,0.2850128710269928,1.1505861282348633,53.24800109863281,0.29995468258857727
dfl_generated,dfl_evaluation_03,0.19858039915561676,29,PCC,B,2.5775551795959473,0.0,0.0003787066088989377,0.2850128710269928,1.1505861282348633,53.24800109863281,0.29995468258857727
dfl_generated,dfl_evaluation_03,0.19858039915561676,29,PCC,C,2.5780203342437744,0.0,0.000355861964635551,0.2850128710269928,1.1505861282348633,53.24800109863281,0.29995468258857727
dfl_generated,dfl_evaluation_03,0.19858039915561676,30,PCC,A,2.7655327320098877,0.0,0.0,0.4131304621696472,1.1520774364471436,53.24800109863281,0.29335692524909973
dfl_generated,dfl_evaluation_03,0.19858039915561676,30,PCC,B,2.7644193172454834,0.0,0.00018998421728610992,0.4131304621696472,1.1520774364471436,53.24800109863281,0.29335692524909973
dfl_generated,dfl_evaluation_03,0.19858039915561676,30,PCC,C,2.764026403427124,0.0,0.0,0.4131304621696472,1.1520774364471436,53.24800109863281,0.29335692524909973
dfl_generated,dfl_evaluation_03,0.19858039915561676,31,PCC,A,3.0177838802337646,0.0,0.048893243074417114,0.5887197852134705,1.1530911922454834,53.24800109863281,0.2838778793811798
dfl_generated,dfl_evaluation_03,0.19858039915561676,31,PCC,B,3.016875743865967,0.0,0.04993997514247894,0.5887197852134705,1.1530911922454834,53.24800109863281,0.2838778793811798
dfl_generated,dfl_evaluation_03,0.19858039915561676,31,PCC,C,3.017385482788086,0.0,0.050348587334156036,0.5887197852134705,1.1530911922454834,53.24800109863281,0.2838778793811798
dfl_generated,dfl_evaluation_03,0.19858039915561676,32,PCC,A,2.7706408500671387,0.0,0.2654738128185272,0.41616514325141907,1.1528342962265015,53.24800109863281,0.25603941082954407
dfl_generated,dfl_evaluation_03,0.19858039915561676,32,PCC,B,2.771270990371704,0.0,0.2550298571586609,0.41616514325141907,1.1528342962265015,53.24800109863281,0.25603941082954407
dfl_generated,dfl_evaluation_03,0.19858039915561676,32,PCC,C,2.771956443786621,0.0,0.2627604603767395,0.41616514325141907,1.1528342962265015,53.24800109863281,0.25603941082954407
dfl_generated,dfl_evaluation_03,0.19858039915561676,33,PCC,A,2.910879373550415,0.0,0.37378212809562683,0.5137431621551514,1.1527682542800903,53.24800109863281,0.2823566794395447
dfl_generated,dfl_evaluation_03,0.19858039915561676,33,PCC,B,2.9104373455047607,0.0,0.3746333420276642,0.5137431621551514,1.1527682542800903,53.24800109863281,0.2823566794395447
dfl_generated,dfl_evaluation_03,0.19858039915561676,33,PCC,C,2.9119820594787598,0.0,0.3767199218273163,0.5137431621551514,1.1527682542800903,53.24800109863281,0.2823566794395447
dfl_generated,dfl_evaluation_03,0.19858039915561676,34,PCC,A,2.6996350288391113,0.0,0.2875470519065857,0.3643687963485718,1.1537245512008667,53.24800109863281,0.28748947381973267
dfl_generated,dfl_evaluation_03,0.19858039915561676,34,PCC,B,2.698859453201294,0.0,0.27656614780426025,0.3643687963485718,1.1537245512008667,53.24800109863281,0.28748947381973267
dfl_generated,dfl_evaluation_03,0.19858039915561676,34,PCC,C,2.698010206222534,0.0,0.29149436950683594,0.3643687963485718,1.1537245512008667,53.24800109863281,0.28748947381973267
dfl_generated,dfl_evaluation_03,0.19858039915561676,35,PCC,A,2.6967885494232178,0.0,0.485479474067688,0.36136627197265625,1.154449224472046,53.24800109863281,0.2969581186771393
dfl_generated,dfl_evaluation_03,0.19858039915561676,35,PCC,B,2.6951208114624023,0.0,0.4841156303882599,0.36136627197265625,1.154449224472046,53.24800109863281,0.2969581186771393
dfl_generated,dfl_evaluation_03,0.19858039915561676,35,PCC,C,2.6942660808563232,0.0,0.4795584976673126,0.36136627197265625,1.154449224472046,53.24800109863281,0.2969581186771393
dfl_generated,dfl_evaluation_03,0.19858039915561676,36,PCC,A,2.9506797790527344,0.0,0.5916689038276672,0.5383059978485107,1.15483820438385,53.24800109863281,0.2976885139942169
dfl_generated,dfl_evaluation_03,0.19858039915561676,36,PCC,B,2.950108528137207,0.0,0.5871708989143372,0.5383059978485107,1.15483820438385,53.24800109863281,0.2976885139942169
dfl_generated,dfl_evaluation_03,0.19858039915561676,36,PCC,C,2.9517362117767334,0.0,0.5885183811187744,0.5383059978485107,1.15483820438385,53.24800109863281,0.2976885139942169
dfl_generated,dfl_evaluation_03,0.19858039915561676,37,PCC,A,3.0407915115356445,0.0,0.5787314176559448,0.6031783223152161,1.1527657508850098,53.24800109863281,0.2982819378376007
dfl_generated,dfl_evaluation_03,0.19858039915561676,37,PCC,B,3.0405356884002686,0.0,0.5990217924118042,0.6031783223152161,1.1527657508850098,53.24800109863281,0.2982819378376007
dfl_generated,dfl_evaluation_03,0.19858039915561676,37,PCC,C,3.04146671295166,0.0,0.5836620330810547,0.6031783223152161,1.1527657508850098,53.24800109863281,0.2982819378376007
dfl_generated,dfl_evaluation_03,0.19858039915561676,38,PCC,A,3.1252522468566895,0.0,0.6050028800964355,0.6654155254364014,1.152152419090271,53.24800109863281,0.29626378417015076
dfl_generated,dfl_evaluation_03,0.19858039915561676,38,PCC,B,3.127159595489502,0.0,0.6145588159561157,0.6654155254364014,1.152152419090271,53.24800109863281,0.29626378417015076
dfl_generated,dfl_evaluation_03,0.19858039915561676,38,PCC,C,3.1264290809631348,0.0,0.6248269081115723,0.6654155254364014,1.152152419090271,53.24800109863281,0.29626378417015076
dfl_generated,dfl_evaluation_03,0.19858039915561676,39,PCC,A,2.917106866836548,0.0,0.6660110354423523,0.5210045576095581,1.1513677835464478,53.24800109863281,0.2955147624015808
dfl_generated,dfl_evaluation_03,0.19858039915561676,39,PCC,B,2.91965389251709,0.0,0.661859393119812,0.5210045576095581,1.1513677835464478,53.24800109863281,0.2955147624015808
dfl_generated,dfl_evaluation_03,0.19858039915561676,39,PCC,C,2.9190421104431152,0.0,0.6738290190696716,0.5210045576095581,1.1513677835464478,53.24800109863281,0.2955147624015808
dfl_generated,dfl_evaluation_03,0.19858039915561676,40,PCC,A,2.9764928817749023,0.0,0.30266958475112915,0.5631123185157776,1.148136854171753,53.24800109863281,0.2780514359474182
dfl_generated,dfl_evaluation_03,0.19858039915561676,40,PCC,B,2.976689100265503,0.0,0.29394999146461487,0.5631123185157776,1.148136854171753,53.24800109863281,0.2780514359474182
dfl_generated,dfl_evaluation_03,0.19858039915561676,40,PCC,C,2.975489854812622,0.0,0.2963106632232666,0.5631123185157776,1.148136854171753,53.24800109863281,0.2780514359474182
dfl_generated,dfl_evaluation_03,0.19858039915561676,41,PCC,A,2.911665916442871,0.0,0.0062440186738967896,0.5185338854789734,1.1500225067138672,53.24800109863281,0.2664153575897217
dfl_generated,dfl_evaluation_03,0.19858039915561676,41,PCC,B,2.9123523235321045,0.0,0.004828944802284241,0.5185338854789734,1.1500225067138672,53.24800109863281,0.2664153575897217
dfl_generated,dfl_evaluation_03,0.19858039915561676,41,PCC,C,2.9127893447875977,0.0,0.0051152706146240234,0.5185338854789734,1.1500225067138672,53.24800109863281,0.2664153575897217
dfl_generated,dfl_evaluation_03,0.19858039915561676,42,PCC,A,2.8901519775390625,0.0,0.0019067265093326569,0.501911997795105,1.1510953903198242,53.24800109863281,0.2598034739494324
dfl_generated,dfl_evaluation_03,0.19858039915561676,42,PCC,B,2.8893678188323975,0.0,0.002231486141681671,0.501911997795105,1.1510953903198242,53.24800109863281,0.2598034739494324
dfl_generated,dfl_evaluation_03,0.19858039915561676,42,PCC,C,2.8895792961120605,0.0,0.002010466530919075,0.501911997795105,1.1510953903198242,53.24800109863281,0.2598034739494324
dfl_generated,dfl_evaluation_03,0.19858039915561676,43,PCC,A,2.9856724739074707,0.0,0.0,0.5692486763000488,1.1507419347763062,53.24800109863281,0.2509489357471466
dfl_generated,dfl_evaluation_03,0.19858039915561676,43,PCC,B,2.985457181930542,0.0,0.0,0.5692486763000488,1.1507419347763062,53.24800109863281,0.2509489357471466
dfl_generated,dfl_evaluation_03,0.19858039915561676,43,PCC,C,2.984081745147705,0.0,0.0,0.5692486763000488,1.1507419347763062,53.24800109863281,0.2509489357471466
dfl_generated,dfl_evaluation_03,0.19858039915561676,44,PCC,A,2.82597279548645,0.0,0.0,0.458400696516037,1.1512446403503418,53.24800109863281,0.2434908002614975
dfl_generated,dfl_evaluation_03,0.19858039915561676,44,PCC,B,2.825934648513794,0.0,2.055553977697855e-06,0.458400696516037,1.1512446403503418,53.24800109863281,0.2434908002614975
dfl_generated,dfl_evaluation_03,0.19858039915561676,44,PCC,C,2.8268964290618896,0.0,1.348022124147974e-06,0.458400696516037,1.1512446403503418,53.24800109863281,0.2434908002614975
dfl_generated,dfl_evaluation_03,0.19858039915561676,45,PCC,A,2.742428779602051,0.0,0.0,0.39928483963012695,1.1499695777893066,53.24800109863281,0.2519662082195282
dfl_generated,dfl_evaluation_03,0.19858039915561676,45,PCC,B,2.7405667304992676,0.0,0.0,0.39928483963012695,1.1499695777893066,53.24800109863281,0.2519662082195282
dfl_generated,dfl_evaluation_03,0.19858039915561676,45,PCC,C,2.742173671722412,0.0,0.0,0.39928483963012695,1.1499695777893066,53.24800109863281,0.2519662082195282
dfl_generated,dfl_evaluation_03,0.19858039915561676,46,PCC,A,2.690648078918457,0.0,1.4920532009909948e-07,0.3637107312679291,1.149769902229309,53.24800109863281,0.26847952604293823
dfl_generated,dfl_evaluation_03,0.19858039915561676,46,PCC,B,2.6894824504852295,0.0,1.8289890135747555e-07,0.3637107312679291,1.149769902229309,53.24800109863281,0.26847952604293823
dfl_generated,dfl_evaluation_03,0.19858039915561676,46,PCC,C,2.6893563270568848,0.0,0.0,0.3637107312679291,1.149769902229309,53.24800109863281,0.26847952604293823
dfl_generated,dfl_evaluation_03,0.19858039915561676,47,PCC,A,2.6652464866638184,0.0,0.0,0.34759950637817383,1.1498254537582397,53.24800109863281,0.2750931680202484
dfl_generated,dfl_evaluation_03,0.19858039915561676,47,PCC,B,2.6663665771484375,0.0,0.0,0.34759950637817383,1.1498254537582397,53.24800109863281,0.2750931680202484
dfl_generated,dfl_evaluation_03,0.19858039915561676,47,PCC,C,2.6664481163024902,0.0,8.464375014227699e-07,0.34759950637817383,1.1498254537582397,53.24800109863281,0.2750931680202484
dfl_generated,dfl_evaluation_04,0.19858039915561676,0,PCC,A,2.5867984294891357,0.0,0.0,0.29431068897247314,1.1484503746032715,53.24800109863281,0.2845304310321808
dfl_generated,dfl_evaluation_04,0.19858039915561676,0,PCC,B,2.5872209072113037,0.0,8.632138133179978e-07,0.29431068897247314,1.1484503746032715,53.24800109863281,0.2845304310321808
dfl_generated,dfl_evaluation_04,0.19858039915561676,0,PCC,C,2.5867137908935547,0.0,8.274347464976017e-07,0.29431068897247314,1.1484503746032715,53.24800109863281,0.2845304310321808
dfl_generated,dfl_evaluation_04,0.19858039915561676,1,PCC,A,2.6210315227508545,0.0,4.966744882040075e-07,0.3179371654987335,1.1484787464141846,53.24800109863281,0.28886157274246216
dfl_generated,dfl_evaluation_04,0.19858039915561676,1,PCC,B,2.62140154838562,0.0,4.3697653495655686e-07,0.3179371654987335,1.1484787464141846,53.24800109863281,0.28886157274246216
dfl_generated,dfl_evaluation_04,0.19858039915561676,1,PCC,C,2.620906352996826,0.0,0.0,0.3179371654987335,1.1484787464141846,53.24800109863281,0.28886157274246216
dfl_generated,dfl_evaluation_04,0.19858039915561676,2,PCC,A,2.485490322113037,0.0,0.0,0.2232462614774704,1.1485248804092407,53.24800109863281,0.28998488187789917
dfl_generated,dfl_evaluation_04,0.19858039915561676,2,PCC,B,2.4853105545043945,0.0,4.701827549524751e-07,0.2232462614774704,1.1485248804092407,53.24800109863281,0.28998488187789917
dfl_generated,dfl_evaluation_04,0.19858039915561676,2,PCC,C,2.4851810932159424,0.0,0.0,0.2232462614774704,1.1485248804092407,53.24800109863281,0.28998488187789917
dfl_generated,dfl_evaluation_04,0.19858039915561676,3,PCC,A,2.5430479049682617,0.0,1.6097463628739206e-07,0.2633455991744995,1.1489977836608887,53.24800109863281,0.28090980648994446
dfl_generated,dfl_evaluation_04,0.19858039915561676,3,PCC,B,2.5433242321014404,0.0,8.284365549116046e-07,0.2633455991744995,1.1489977836608887,53.24800109863281,0.28090980648994446
dfl_generated,dfl_evaluation_04,0.19858039915561676,3,PCC,C,2.5435805320739746,0.0,8.12191387922212e-07,0.2633455991744995,1.1489977836608887,53.24800109863281,0.28090980648994446
dfl_generated,dfl_evaluation_04,0.19858039915561676,4,PCC,A,2.6051218509674072,0.0,0.0,0.3060445785522461,1.149222731590271,53.24800109863281,0.2749783992767334
dfl_generated,dfl_evaluation_04,0.19858039915561676,4,PCC,B,2.604557514190674,0.0,1.3697944041268784e-06,0.3060445785522461,1.149222731590271,53.24800109863281,0.2749783992767334
dfl_generated,dfl_evaluation_04,0.19858039915561676,4,PCC,C,2.6047725677490234,0.0,5.530862949854054e-07,0.3060445785522461,1.149222731590271,53.24800109863281,0.2749783992767334
dfl_generated,dfl_evaluation_04,0.19858039915561676,5,PCC,A,2.574951410293579,0.0,0.000364536652341485,0.2850128710269928,1.1493021249771118,53.24800109863281,0.2654702067375183
dfl_generated,dfl_evaluation_04,0.19858039915561676,5,PCC,B,2.5750882625579834,0.0,0.000317981350235641,0.2850128710269928,1.1493021249771118,53.24800109863281,0.2654702067375183
dfl_generated,dfl_evaluation_04,0.19858039915561676,5,PCC,C,2.5749704837799072,0.0,0.0003413597587496042,0.2850128710269928,1.1493021249771118,53.24800109863281,0.2654702067375183
dfl_generated,dfl_evaluation_04,0.19858039915561676,6,PCC,A,2.7586910724639893,0.0,0.0,0.4131304621696472,1.149070382118225,53.24800109863281,0.2618617117404938
dfl_generated,dfl_evaluation_04,0.19858039915561676,6,PCC,B,2.7580246925354004,0.0,0.0,0.4131304621696472,1.149070382118225,53.24800109863281,0.2618617117404938
dfl_generated,dfl_evaluation_04,0.19858039915561676,6,PCC,C,2.7590041160583496,0.0,0.0,0.4131304621696472,1.149070382118225,53.24800109863281,0.2618617117404938
dfl_generated,dfl_evaluation_04,0.19858039915561676,7,PCC,A,3.008754014968872,0.0,0.0,0.5887197852134705,1.148213267326355,53.24800109863281,0.265461802482605
dfl_generated,dfl_evaluation_04,0.19858039915561676,7,PCC,B,3.0080554485321045,0.0,0.0,0.5887197852134705,1.148213267326355,53.24800109863281,0.265461802482605
dfl_generated,dfl_evaluation_04,0.19858039915561676,7,PCC,C,3.007953643798828,0.0,0.0,0.5887197852134705,1.148213267326355,53.24800109863281,0.265461802482605
dfl_generated,dfl_evaluation_04,0.19858039915561676,8,PCC,A,2.760967969894409,0.0,0.1545414924621582,0.41616514325141907,1.1483759880065918,53.24800109863281,0.26269203424453735
dfl_generated,dfl_evaluation_04,0.19858039915561676,8,PCC,B,2.760098457336426,0.0,0.1499960720539093,0.41616514325141907,1.1483759880065918,53.24800109863281,0.26269203424453735
dfl_generated,dfl_evaluation_04,0.19858039915561676,8,PCC,C,2.75993013381958,0.0,0.14907974004745483,0.41616514325141907,1.1483759880065918,53.24800109863281,0.26269203424453735
dfl_generated,dfl_evaluation_04,0.19858039915561676,9,PCC,A,2.901296615600586,0.0,0.33748483657836914,0.5137431621551514,1.1485981941223145,53.24800109863281,0.22333817183971405
dfl_generated,dfl_evaluation_04,0.19858039915561676,9,PCC,B,2.902353286743164,0.0,0.3447643518447876,0.5137431621551514,1.1485981941223145,53.24800109863281,0.22333817183971405
dfl_generated,dfl_evaluation_04,0.19858039915561676,9,PCC,C,2.902010440826416,0.0,0.33387520909309387,0.5137431621551514,1.1485981941223145,53.24800109863281,0.22333817183971405
dfl_generated,dfl_evaluation_04,0.19858039915561676,10,PCC,A,2.6888279914855957,0.0,0.5057922005653381,0.3643687963485718,1.1495407819747925,53.24800109863281,0.2703685462474823
dfl_generated,dfl_evaluation_04,0.19858039915561676,10,PCC,B,2.6892330646514893,0.0,0.5061727166175842,0.3643687963485718,1.1495407819747925,53.24800109863281,0.2703685462474823
dfl_generated,dfl_evaluation_04,0.19858039915561676,10,PCC,C,2.687709093093872,0.0,0.4952037036418915,0.3643687963485718,1.1495407819747925,53.24800109863281,0.2703685462474823
dfl_generated,dfl_evaluation_04,0.19858039915561676,11,PCC,A,2.6879427433013916,0.0,0.4989449679851532,0.36136627197265625,1.1512030363082886,53.24800109863281,0.2759789824485779
dfl_generated,dfl_evaluation_04,0.19858039915561676,11,PCC,B,2.6870338916778564,0.0,0.5055246353149414,0.36136627197265625,1.1512030363082886,53.24800109863281,0.2759789824485779
dfl_generated,dfl_evaluation_04,0.19858039915561676,11,PCC,C,2.688178300857544,0.0,0.49511879682540894,0.36136627197265625,1.1512030363082886,53.24800109863281,0.2759789824485779
dfl_generated,dfl_evaluation_04,0.19858039915561676,12,PCC,A,2.946122169494629,0.0,0.5392769575119019,0.5383059978485107,1.1525951623916626,53.24800109863281,0.2790675163269043
dfl_generated,dfl_evaluation_04,0.19858039915561676,12,PCC,B,2.942500591278076,0.0,0.542249321937561,0.5383059978485107,1.1525951623916626,53.24800109863281,0.2790675163269043
dfl_generated,dfl_evaluation_04,0.19858039915561676,12,PCC,C,2.943857192993164,0.0,0.5388359427452087,0.5383059978485107,1.1525951623916626,53.24800109863281,0.2790675163269043
dfl_generated,dfl_evaluation_04,0.19858039915561676,13,PCC,A,3.0357065200805664,0.0,0.5464144945144653,0.6031783223152161,1.1523256301879883,53.24800109863281,0.2798234522342682
dfl_generated,dfl_evaluation_04,0.19858039915561676,13,PCC,B,3.0347506999969482,0.0,0.5528255701065063,0.6031783223152161,1.1523256301879883,53.24800109863281,0.2798234522342682
dfl_generated,dfl_evaluation_04,0.19858039915561676,13,PCC,C,3.0366616249084473,0.0,0.5443910956382751,0.6031783223152161,1.1523256301879883,53.24800109863281,0.2798234522342682
dfl_generated,dfl_evaluation_04,0.19858039915561676,14,PCC,A,3.128737211227417,0.0,0.3983575403690338,0.6654155254364014,1.152686595916748,53.24800109863281,0.2728670537471771
dfl_generated,dfl_evaluation_04,0.19858039915561676,14,PCC,B,3.1305508613586426,0.0,0.41927680373191833,0.6654155254364014,1.152686595916748,53.24800109863281,0.2728670537471771
dfl_generated,dfl_evaluation_04,0.19858039915561676,14,PCC,C,3.130650281906128,0.0,0.4111975431442261,0.6654155254364014,1.152686595916748,53.24800109863281,0.2728670537471771
dfl_generated,dfl_evaluation_04,0.19858039915561676,15,PCC,A,2.919287919998169,0.0,0.2445429563522339,0.5210045576095581,1.150691270828247,53.24800109863281,0.2784034013748169
dfl_generated,dfl_evaluation_04,0.19858039915561676,15,PCC,B,2.918738603591919,0.0,0.238834410905838,0.5210045576095581,1.150691270828247,53.24800109863281,0.2784034013748169
dfl_generated,dfl_evaluation_04,0.19858039915561676,15,PCC,C,2.9180221557617188,0.0,0.22855830192565918,0.5210045576095581,1.150691270828247,53.24800109863281,0.2784034013748169
dfl_generated,dfl_evaluation_04,0.19858039915561676,16,PCC,A,2.97635555267334,0.0,0.06508365273475647,0.5631123185157776,1.1498234272003174,53.24800109863281,0.27561795711517334
dfl_generated,dfl_evaluation_04,0.19858039915561676,16,PCC,B,2.9776103496551514,0.0,0.059229135513305664,0.5631123185157776,1.1498234272003174,53.24800109863281,0.27561795711517334
dfl_generated,dfl_evaluation_04,0.19858039915561676,16,PCC,C,2.976426362991333,0.0,0.061479806900024414,0.5631123185157776,1.1498234272003174,53.24800109863281,0.27561795711517334
dfl_generated,dfl_evaluation_04,0.19858039915561676,17,PCC,A,2.9074573516845703,0.0,0.0,0.5185338854789734,1.1483993530273438,53.24800109863281,0.2684079110622406
dfl_generated,dfl_evaluation_04,0.19858039915561676,17,PCC,B,2.907266616821289,0.0,0.0,0.5185338854789734,1.1483993530273438,53.24800109863281,0.2684079110622406
dfl_generated,dfl_evaluation_04,0.19858039915561676,17,PCC,C,2.908895969390869,0.0,0.0,0.5185338854789734,1.1483993530273438,53.24800109863281,0.2684079110622406
dfl_generated,dfl_evaluation_04,0.19858039915561676,18,PCC,A,2.883317232131958,0.0,5.895830690860748e-05,0.501911997795105,1.1474316120147705,53.24800109863281,0.2622861862182617
dfl_generated,dfl_evaluation_04,0.19858039915561676,18,PCC,B,2.882242441177368,0.0,0.00011765211820602417,0.501911997795105,1.1474316120147705,53.24800109863281,0.2622861862182617
dfl_generated,dfl_evaluation_04,0.19858039915561676,18,PCC,C,2.8828186988830566,0.0,0.000149482861161232,0.501911997795105,1.1474316120147705,53.24800109863281,0.2622861862182617
dfl_generated,dfl_evaluation_04,0.19858039915561676,19,PCC,A,2.9798831939697266,0.0,0.000430157408118248,0.5692486763000488,1.1474876403808594,53.24800109863281,0.26456543803215027
dfl_generated,dfl_evaluation_04,0.19858039915561676,19,PCC,B,2.9799890518188477,0.0,0.0005761174252256751,0.5692486763000488,1.1474876403808594,53.24800109863281,0.26456543803215027
dfl_generated,dfl_evaluation_04,0.19858039915561676,19,PCC,C,2.9800314903259277,0.0,0.0005536749376915395,0.5692486763000488,1.1474876403808594,53.24800109863281,0.26456543803215027
dfl_generated,dfl_evaluation_04,0.19858039915561676,20,PCC,A,2.8204352855682373,0.0,1.7626452972763218e-06,0.458400696516037,1.1475012302398682,53.24800109863281,0.2634718120098114
dfl_generated,dfl_evaluation_04,0.19858039915561676,20,PCC,B,2.8202128410339355,0.0,1.729352334223222e-06,0.458400696516037,1.1475012302398682,53.24800109863281,0.2634718120098114
dfl_generated,dfl_evaluation_04,0.19858039915561676,20,PCC,C,2.820077419281006,0.0,1.8735091771304724e-06,0.458400696516037,1.1475012302398682,53.24800109863281,0.2634718120098114
dfl_generated,dfl_evaluation_04,0.19858039915561676,21,PCC,A,2.7362060546875,0.0,0.0,0.39928483963012695,1.1472536325454712,53.24800109863281,0.2729867398738861
dfl_generated,dfl_evaluation_04,0.19858039915561676,21,PCC,B,2.734915256500244,0.0,1.0766166269604582e-06,0.39928483963012695,1.1472536325454712,53.24800109863281,0.2729867398738861
dfl_generated,dfl_evaluation_04,0.19858039915561676,21,PCC,C,2.7344889640808105,0.0,7.791667826495541e-07,0.39928483963012695,1.1472536325454712,53.24800109863281,0.2729867398738861
dfl_generated,dfl_evaluation_04,0.19858039915561676,22,PCC,A,2.6852784156799316,0.0,7.278933935594978e-07,0.3637107312679291,1.148207426071167,53.24800109863281,0.2800805866718292
dfl_generated,dfl_evaluation_04,0.19858039915561676,22,PCC,B,2.6850130558013916,0.0,8.526686201548728e-07,0.3637107312679291,1.148207426071167,53.24800109863281,0.2800805866718292
dfl_generated,dfl_evaluation_04,0.19858039915561676,22,PCC,C,2.685929775238037,0.0,1.7179517044496606e-06,0.3637107312679291,1.148207426071167,53.24800109863281,0.2800805866718292
dfl_generated,dfl_evaluation_04,0.19858039915561676,23,PCC,A,2.662059783935547,0.0,9.236453024641378e-07,0.34759950637817383,1.148034691810608,53.24800109863281,0.28628936409950256
dfl_generated,dfl_evaluation_04,0.19858039915561676,23,PCC,B,2.6624486446380615,0.0,1.5818508813936205e-07,0.34759950637817383,1.148034691810608,53.24800109863281,0.28628936409950256
dfl_generated,dfl_evaluation_04,0.19858039915561676,23,PCC,C,2.6625702381134033,0.0,2.1287881679654674e-07,0.34759950637817383,1.148034691810608,53.24800109863281,0.28628936409950256
dfl_generated,dfl_evaluation_04,0.19858039915561676,24,PCC,A,2.5867323875427246,0.0,6.002412646921584e-07,0.29431068897247314,1.1479600667953491,53.24800109863281,0.2837373614311218
dfl_generated,dfl_evaluation_04,0.19858039915561676,24,PCC,B,2.5862231254577637,0.0,0.0,0.29431068897247314,1.1479600667953491,53.24800109863281,0.2837373614311218
dfl_generated,dfl_evaluation_04,0.19858039915561676,24,PCC,C,2.5864100456237793,0.0,1.0126829153023209e-07,0.29431068897247314,1.1479600667953491,53.24800109863281,0.2837373614311218
dfl_generated,dfl_evaluation_04,0.19858039915561676,25,PCC,A,2.6208579540252686,0.0,0.0,0.3179371654987335,1.1488900184631348,34.72425079345703,0.28858035802841187
dfl_generated,dfl_evaluation_04,0.19858039915561676,25,PCC,B,2.620774507522583,0.0,0.0,0.3179371654987335,1.1488900184631348,34.72425079345703,0.28858035802841187
dfl_generated,dfl_evaluation_04,0.19858039915561676,25,PCC,C,2.6209123134613037,0.0,1.1027926802853472e-06,0.3179371654987335,1.1488900184631348,34.72425079345703,0.28858035802841187
dfl_generated,dfl_evaluation_04,0.19858039915561676,26,PCC,A,2.4859726428985596,0.0,1.4690812122353236e-07,0.2232462614774704,1.1489944458007812,34.72425079345703,0.3046659827232361
dfl_generated,dfl_evaluation_04,0.19858039915561676,26,PCC,B,2.484997510910034,0.0,6.599376547455904e-07,0.2232462614774704,1.1489944458007812,34.72425079345703,0.3046659827232361
dfl_generated,dfl_evaluation_04,0.19858039915561676,26,PCC,C,2.4858293533325195,0.0,2.006519480346469e-06,0.2232462614774704,1.1489944458007812,34.72425079345703,0.3046659827232361
dfl_generated,dfl_evaluation_04,0.19858039915561676,27,PCC,A,2.5437285900115967,0.0,1.5535522379650502e-07,0.2633455991744995,1.1490747928619385,53.24800109863281,0.2886549234390259
dfl_generated,dfl_evaluation_04,0.19858039915561676,27,PCC,B,2.542975902557373,0.0,0.0,0.2633455991744995,1.1490747928619385,53.24800109863281,0.2886549234390259
dfl_generated,dfl_evaluation_04,0.19858039915561676,27,PCC,C,2.543255090713501,0.0,5.443125701276585e-07,0.2633455991744995,1.1490747928619385,53.24800109863281,0.2886549234390259
dfl_generated,dfl_evaluation_04,0.19858039915561676,28,PCC,A,2.6047303676605225,0.0,1.054371750797145e-06,0.3060445785522461,1.1492067575454712,53.24800109863281,0.26649925112724304
dfl_generated,dfl_evaluation_04,0.19858039915561676,28,PCC,B,2.60503888130188,0.0,1.428208179277135e-06,0.3060445785522461,1.1492067575454712,53.24800109863281,0.26649925112724304
dfl_generated,dfl_evaluation_04,0.19858039915561676,28,PCC,C,2.6047725677490234,0.0,8.712827934687084e-07,0.3060445785522461,1.1492067575454712,53.24800109863281,0.26649925112724304
dfl_generated,dfl_evaluation_04,0.19858039915561676,29,PCC,A,2.5752615928649902,0.0,0.0002332670846953988,0.2850128710269928,1.1494009494781494,53.24800109863281,0.2511218786239624
dfl_generated,dfl_evaluation_04,0.19858039915561676,29,PCC,B,2.5757737159729004,0.0,0.00023549143224954605,0.2850128710269928,1.1494009494781494,53.24800109863281,0.2511218786239624
dfl_generated,dfl_evaluation_04,0.19858039915561676,29,PCC,C,2.5754075050354004,0.0,0.00021932460367679596,0.2850128710269928,1.1494009494781494,53.24800109863281,0.2511218786239624
dfl_generated,dfl_evaluation_04,0.19858039915561676,30,PCC,A,2.759565591812134,0.0,1.9922852516174316e-05,0.4131304621696472,1.1491111516952515,121.88175201416016,0.2430204153060913
dfl_generated,dfl_evaluation_04,0.19858039915561676,30,PCC,B,2.759269952774048,0.0,0.0,0.4131304621696472,1.1491111516952515,121.88175201416016,0.2430204153060913
dfl_generated,dfl_evaluation_04,0.19858039915561676,30,PCC,C,2.7589452266693115,0.0,0.0,0.4131304621696472,1.1491111516952515,121.88175201416016,0.2430204153060913
dfl_generated,dfl_evaluation_04,0.19858039915561676,31,PCC,A,3.008389711380005,0.0,0.0,0.5887197852134705,1.1478060483932495,121.88175201416016,0.23770570755004883
dfl_generated,dfl_evaluation_04,0.19858039915561676,31,PCC,B,3.0090627670288086,0.0,0.0,0.5887197852134705,1.1478060483932495,121.88175201416016,0.23770570755004883
dfl_generated,dfl_evaluation_04,0.19858039915561676,31,PCC,C,3.008213758468628,0.0,0.0,0.5887197852134705,1.1478060483932495,121.88175201416016,0.23770570755004883
dfl_generated,dfl_evaluation_04,0.19858039915561676,32,PCC,A,2.7586135864257812,0.0,0.2937040328979492,0.41616514325141907,1.1468812227249146,121.88175201416016,0.24189762771129608
dfl_generated,dfl_evaluation_04,0.19858039915561676,32,PCC,B,2.7584028244018555,0.0,0.29726630449295044,0.41616514325141907,1.1468812227249146,121.88175201416016,0.24189762771129608
dfl_generated,dfl_evaluation_04,0.19858039915561676,32,PCC,C,2.7596542835235596,0.0,0.2958592474460602,0.41616514325141907,1.1468812227249146,121.88175201416016,0.24189762771129608
dfl_generated,dfl_evaluation_04,0.19858039915561676,33,PCC,A,2.9005892276763916,0.0,0.6247334480285645,0.5137431621551514,1.14869225025177,121.88175201416016,0.23826828598976135
dfl_generated,dfl_evaluation_04,0.19858039915561676,33,PCC,B,2.9029436111450195,0.0,0.6074015498161316,0.5137431621551514,1.14869225025177,121.88175201416016,0.23826828598976135
dfl_generated,dfl_evaluation_04,0.19858039915561676,33,PCC,C,2.902919054031372,0.0,0.6149630546569824,0.5137431621551514,1.14869225025177,121.88175201416016,0.23826828598976135
dfl_generated,dfl_evaluation_04,0.19858039915561676,34,PCC,A,2.694352149963379,0.0,0.674227774143219,0.3643687963485718,1.152071237564087,53.24800109863281,0.23926310241222382
dfl_generated,dfl_evaluation_04,0.19858039915561676,34,PCC,B,2.6969704627990723,0.0,0.6684319972991943,0.3643687963485718,1.152071237564087,53.24800109863281,0.23926310241222382
dfl_generated,dfl_evaluation_04,0.19858039915561676,34,PCC,C,2.6962897777557373,0.0,0.6614962816238403,0.3643687963485718,1.152071237564087,53.24800109863281,0.23926310241222382
dfl_generated,dfl_evaluation_04,0.19858039915561676,35,PCC,A,2.697387456893921,0.0,0.8122844696044922,0.36136627197265625,1.1551152467727661,53.24800109863281,0.2487887740135193
dfl_generated,dfl_evaluation_04,0.19858039915561676,35,PCC,B,2.695559501647949,0.0,0.8050503134727478,0.36136627197265625,1.1551152467727661,53.24800109863281,0.2487887740135193
dfl_generated,dfl_evaluation_04,0.19858039915561676,35,PCC,C,2.6975347995758057,0.0,0.8073210716247559,0.36136627197265625,1.1551152467727661,53.24800109863281,0.2487887740135193
dfl_generated,dfl_evaluation_04,0.19858039915561676,36,PCC,A,2.9545488357543945,0.0,0.889947235584259,0.5383059978485107,1.1549594402313232,34.72425079345703,0.2590750753879547
dfl_generated,dfl_evaluation_04,0.19858039915561676,36,PCC,B,2.9520111083984375,0.0,0.882811963558197,0.5383059978485107,1.1549594402313232,34.72425079345703,0.2590750753879547
dfl_generated,dfl_evaluation_04,0.19858039915561676,36,PCC,C,2.953176975250244,0.0,0.8750713467597961,0.5383059978485107,1.1549594402313232,34.72425079345703,0.2590750753879547
dfl_generated,dfl_evaluation_04,0.19858039915561676,37,PCC,A,3.0462379455566406,0.0,0.9980885982513428,0.6031783223152161,1.155080795288086,34.72425079345703,0.2604394555091858
dfl_generated,dfl_evaluation_04,0.19858039915561676,37,PCC,B,3.0416066646575928,0.0,0.9975235462188721,0.6031783223152161,1.155080795288086,34.72425079345703,0.2604394555091858
dfl_generated,dfl_evaluation_04,0.19858039915561676,37,PCC,C,3.0431430339813232,0.0,0.9998365044593811,0.6031783223152161,1.155080795288086,34.72425079345703,0.2604394555091858
dfl_generated,dfl_evaluation_04,0.19858039915561676,38,PCC,A,3.1367874145507812,0.0,0.8753311038017273,0.6654155254364014,1.156459927558899,34.72425079345703,0.26368188858032227
dfl_generated,dfl_evaluation_04,0.19858039915561676,38,PCC,B,3.134319305419922,0.0,0.8679410219192505,0.6654155254364014,1.156459927558899,34.72425079345703,0.26368188858032227
dfl_generated,dfl_evaluation_04,0.19858039915561676,38,PCC,C,3.1337592601776123,0.0,0.8685783743858337,0.6654155254364014,1.156459927558899,34.72425079345703,0.26368188858032227
dfl_generated,dfl_evaluation_04,0.19858039915561676,39,PCC,A,2.9235308170318604,0.0,0.7465727925300598,0.5210045576095581,1.1543017625808716,34.72425079345703,0.25968748331069946
dfl_generated,dfl_evaluation_04,0.19858039915561676,39,PCC,B,2.921398401260376,0.0,0.7507480978965759,0.5210045576095581,1.1543017625808716,34.72425079345703,0.25968748331069946
dfl_generated,dfl_evaluation_04,0.19858039915561676,39,PCC,C,2.9254274368286133,0.0,0.7589513659477234,0.5210045576095581,1.1543017625808716,34.72425079345703,0.25968748331069946
dfl_generated,dfl_evaluation_04,0.19858039915561676,40,PCC,A,2.9813530445098877,0.0,0.3422069847583771,0.5631123185157776,1.1527560949325562,53.24800109863281,0.2493148148059845
dfl_generated,dfl_evaluation_04,0.19858039915561676,40,PCC,B,2.9797587394714355,0.0,0.34005075693130493,0.5631123185157776,1.1527560949325562,53.24800109863281,0.2493148148059845
dfl_generated,dfl_evaluation_04,0.19858039915561676,40,PCC,C,2.9822237491607666,0.0,0.3419319689273834,0.5631123185157776,1.1527560949325562,53.24800109863281,0.2493148148059845
dfl_generated,dfl_evaluation_04,0.19858039915561676,41,PCC,A,2.910270929336548,0.0,0.0,0.5185338854789734,1.1490259170532227,53.24800109863281,0.24483589828014374
dfl_generated,dfl_evaluation_04,0.19858039915561676,41,PCC,B,2.9095425605773926,0.0,0.0036829859018325806,0.5185338854789734,1.1490259170532227,53.24800109863281,0.24483589828014374
dfl_generated,dfl_evaluation_04,0.19858039915561676,41,PCC,C,2.9108362197875977,0.0,0.0,0.5185338854789734,1.1490259170532227,53.24800109863281,0.24483589828014374
dfl_generated,dfl_evaluation_04,0.19858039915561676,42,PCC,A,2.8866941928863525,0.0,0.0010633207857608795,0.501911997795105,1.1483769416809082,53.24800109863281,0.23249024152755737
dfl_generated,dfl_evaluation_04,0.19858039915561676,42,PCC,B,2.8845927715301514,0.0,0.0008513722568750381,0.501911997795105,1.1483769416809082,53.24800109863281,0.23249024152755737
dfl_generated,dfl_evaluation_04,0.19858039915561676,42,PCC,C,2.8843600749969482,0.0,0.0014321878552436829,0.501911997795105,1.1483769416809082,53.24800109863281,0.23249024152755737
dfl_generated,dfl_evaluation_04,0.19858039915561676,43,PCC,A,2.982332944869995,0.0,0.0005137742264196277,0.5692486763000488,1.1486320495605469,53.24800109863281,0.23336300253868103
dfl_generated,dfl_evaluation_04,0.19858039915561676,43,PCC,B,2.981210708618164,0.0,0.0005261976621113718,0.5692486763000488,1.1486320495605469,53.24800109863281,0.23336300253868103
dfl_generated,dfl_evaluation_04,0.19858039915561676,43,PCC,C,2.9815235137939453,0.0,0.0005644785123877227,0.5692486763000488,1.1486320495605469,53.24800109863281,0.23336300253868103
dfl_generated,dfl_evaluation_04,0.19858039915561676,44,PCC,A,2.8212342262268066,0.0,1.941139771588496e-06,0.458400696516037,1.1473652124404907,53.24800109863281,0.22884789109230042
dfl_generated,dfl_evaluation_04,0.19858039915561676,44,PCC,B,2.820422410964966,0.0,5.947039198872517e-07,0.458400696516037,1.1473652124404907,53.24800109863281,0.22884789109230042
dfl_generated,dfl_evaluation_04,0.19858039915561676,44,PCC,C,2.8210649490356445,0.0,2.4218620637839194e-06,0.458400696516037,1.1473652124404907,53.24800109863281,0.22884789109230042
dfl_generated,dfl_evaluation_04,0.19858039915561676,45,PCC,A,2.7358856201171875,0.0,1.3644714158544957e-07,0.39928483963012695,1.1477673053741455,53.24800109863281,0.23864835500717163
dfl_generated,dfl_evaluation_04,0.19858039915561676,45,PCC,B,2.7357959747314453,0.0,1.0026711834143498e-06,0.39928483963012695,1.1477673053741455,53.24800109863281,0.23864835500717163
dfl_generated,dfl_evaluation_04,0.19858039915561676,45,PCC,C,2.73479962348938,0.0,4.234219659338123e-07,0.39928483963012695,1.1477673053741455,53.24800109863281,0.23864835500717163
dfl_generated,dfl_evaluation_04,0.19858039915561676,46,PCC,A,2.685649871826172,0.0,1.7826110365604109e-07,0.3637107312679291,1.1482456922531128,53.24800109863281,0.2514418065547943
dfl_generated,dfl_evaluation_04,0.19858039915561676,46,PCC,B,2.6847891807556152,0.0,0.0,0.3637107312679291,1.1482456922531128,53.24800109863281,0.2514418065547943
dfl_generated,dfl_evaluation_04,0.19858039915561676,46,PCC,C,2.6855685710906982,0.0,1.1954082310694503e-06,0.3637107312679291,1.1482456922531128,53.24800109863281,0.2514418065547943
dfl_generated,dfl_evaluation_04,0.19858039915561676,47,PCC,A,2.6629059314727783,0.0,0.0,0.34759950637817383,1.1486412286758423,53.24800109863281,0.2583666145801544
dfl_generated,dfl_evaluation_04,0.19858039915561676,47,PCC,B,2.661936044692993,0.0,3.31789067331556e-07,0.34759950637817383,1.1486412286758423,53.24800109863281,0.2583666145801544
dfl_generated,dfl_evaluation_04,0.19858039915561676,47,PCC,C,2.662750005722046,0.0,1.2777020401699701e-06,0.34759950637817383,1.1486412286758423,53.24800109863281,0.2583666145801544
dfl_generated,dfl_evaluation_05,0.19858039915561676,0,PCC,A,2.6096818447113037,0.0,1.7670688521320699e-06,0.29431068897247314,1.1602061986923218,53.24800109863281,0.31567221879959106
dfl_generated,dfl_evaluation_05,0.19858039915561676,0,PCC,B,2.6109566688537598,0.0,0.0,0.29431068897247314,1.1602061986923218,53.24800109863281,0.31567221879959106
dfl_generated,dfl_evaluation_05,0.19858039915561676,0,PCC,C,2.6097755432128906,0.0,0.0,0.29431068897247314,1.1602061986923218,53.24800109863281,0.31567221879959106
dfl_generated,dfl_evaluation_05,0.19858039915561676,1,PCC,A,2.640890121459961,0.0,4.295101234674803e-07,0.3179371654987335,1.1580555438995361,34.72425079345703,0.3145486116409302
dfl_generated,dfl_evaluation_05,0.19858039915561676,1,PCC,B,2.6419577598571777,0.0,5.080332812212873e-07,0.3179371654987335,1.1580555438995361,34.72425079345703,0.3145486116409302
dfl_generated,dfl_evaluation_05,0.19858039915561676,1,PCC,C,2.6410486698150635,0.0,2.1288563800681004e-07,0.3179371654987335,1.1580555438995361,34.72425079345703,0.3145486116409302
dfl_generated,dfl_evaluation_05,0.19858039915561676,2,PCC,A,2.5014078617095947,0.0,1.551614900563436e-06,0.2232462614774704,1.15733802318573,34.72425079345703,0.34015509486198425
dfl_generated,dfl_evaluation_05,0.19858039915561676,2,PCC,B,2.501769781112671,0.0,0.0,0.2232462614774704,1.15733802318573,34.72425079345703,0.34015509486198425
dfl_generated,dfl_evaluation_05,0.19858039915561676,2,PCC,C,2.5018725395202637,0.0,2.4576783630436694e-07,0.2232462614774704,1.15733802318573,34.72425079345703,0.34015509486198425
dfl_generated,dfl_evaluation_05,0.19858039915561676,3,PCC,A,2.5577151775360107,0.0,0.0,0.2633455991744995,1.1562579870224,34.72425079345703,0.3187744617462158
dfl_generated,dfl_evaluation_05,0.19858039915561676,3,PCC,B,2.5575687885284424,0.0,0.0,0.2633455991744995,1.1562579870224,34.72425079345703,0.3187744617462158
dfl_generated,dfl_evaluation_05,0.19858039915561676,3,PCC,C,2.5564756393432617,0.0,0.0,0.2633455991744995,1.1562579870224,34.72425079345703,0.3187744617462158
dfl_generated,dfl_evaluation_05,0.19858039915561676,4,PCC,A,2.6166772842407227,0.0,3.2296291010425193e-06,0.3060445785522461,1.154840350151062,34.72425079345703,0.3082176148891449
dfl_generated,dfl_evaluation_05,0.19858039915561676,4,PCC,B,2.616694211959839,0.0,2.260837703715879e-07,0.3060445785522461,1.154840350151062,34.72425079345703,0.3082176148891449
dfl_generated,dfl_evaluation_05,0.19858039915561676,4,PCC,C,2.617401361465454,0.0,0.0,0.3060445785522461,1.154840350151062,34.72425079345703,0.3082176148891449
dfl_generated,dfl_evaluation_05,0.19858039915561676,5,PCC,A,2.591148614883423,0.0,0.0038435522001236677,0.2850128710269928,1.157145380973816,34.72425079345703,0.3050203025341034
dfl_generated,dfl_evaluation_05,0.19858039915561676,5,PCC,B,2.5902719497680664,0.0,0.004026359878480434,0.2850128710269928,1.157145380973816,34.72425079345703,0.3050203025341034
dfl_generated,dfl_evaluation_05,0.19858039915561676,5,PCC,C,2.5911290645599365,0.0,0.003940246067941189,0.2850128710269928,1.157145380973816,34.72425079345703,0.3050203025341034
dfl_generated,dfl_evaluation_05,0.19858039915561676,6,PCC,A,2.7885794639587402,0.0,0.054783470928668976,0.4131304621696472,1.1624183654785156,53.24800109863281,0.28658366203308105
dfl_generated,dfl_evaluation_05,0.19858039915561676,6,PCC,B,2.7887301445007324,0.0,0.055879317224025726,0.4131304621696472,1.1624183654785156,53.24800109863281,0.28658366203308105
dfl_generated,dfl_evaluation_05,0.19858039915561676,6,PCC,C,2.787477731704712,0.0,0.05716811865568161,0.4131304621696472,1.1624183654785156,53.24800109863281,0.28658366203308105
dfl_generated,dfl_evaluation_05,0.19858039915561676,7,PCC,A,3.0552356243133545,0.0,0.25474369525909424,0.5887197852134705,1.1673029661178589,53.24800109863281,0.276265949010849
dfl_generated,dfl_evaluation_05,0.19858039915561676,7,PCC,B,3.0536718368530273,0.0,0.2607846260070801,0.5887197852134705,1.1673029661178589,53.24800109863281,0.276265949010849
dfl_generated,dfl_evaluation_05,0.19858039915561676,7,PCC,C,3.0552642345428467,0.0,0.24451926350593567,0.5887197852134705,1.1673029661178589,53.24800109863281,0.276265949010849
dfl_generated,dfl_evaluation_05,0.19858039915561676,8,PCC,A,2.8161373138427734,0.0,0.5053842663764954,0.41616514325141907,1.174007773399353,53.24800109863281,0.27032846212387085
dfl_generated,dfl_evaluation_05,0.19858039915561676,8,PCC,B,2.8166115283966064,0.0,0.527690052986145,0.41616514325141907,1.174007773399353,53.24800109863281,0.27032846212387085
dfl_generated,dfl_evaluation_05,0.19858039915561676,8,PCC,C,2.8167548179626465,0.0,0.5158260464668274,0.41616514325141907,1.174007773399353,53.24800109863281,0.27032846212387085
dfl_generated,dfl_evaluation_05,0.19858039915561676,9,PCC,A,2.978959560394287,0.0,0.7837996482849121,0.5137431621551514,1.1841611862182617,53.24800109863281,0.2437574714422226
dfl_generated,dfl_evaluation_05,0.19858039915561676,9,PCC,B,2.980786085128784,0.0,0.7935941219329834,0.5137431621551514,1.1841611862182617,53.24800109863281,0.2437574714422226
dfl_generated,dfl_evaluation_05,0.19858039915561676,9,PCC,C,2.982567310333252,0.0,0.7778259515762329,0.5137431621551514,1.1841611862182617,53.24800109863281,0.2437574714422226
dfl_generated,dfl_evaluation_05,0.19858039915561676,10,PCC,A,2.7803173065185547,0.0,0.9973722100257874,0.3643687963485718,1.1917941570281982,53.24800109863281,0.2711804211139679
dfl_generated,dfl_evaluation_05,0.19858039915561676,10,PCC,B,2.777379035949707,0.0,1.0116287469863892,0.3643687963485718,1.1917941570281982,53.24800109863281,0.2711804211139679
dfl_generated,dfl_evaluation_05,0.19858039915561676,10,PCC,C,2.7789196968078613,0.0,0.9993085861206055,0.3643687963485718,1.1917941570281982,53.24800109863281,0.2711804211139679
dfl_generated,dfl_evaluation_05,0.19858039915561676,11,PCC,A,2.7935380935668945,0.0,0.9055225253105164,0.36136627197265625,1.1978721618652344,53.24800109863281,0.29228031635284424
dfl_generated,dfl_evaluation_05,0.19858039915561676,11,PCC,B,2.787172555923462,0.0,0.9261810779571533,0.36136627197265625,1.1978721618652344,53.24800109863281,0.29228031635284424
dfl_generated,dfl_evaluation_05,0.19858039915561676,11,PCC,C,2.787476062774658,0.0,0.9256645441055298,0.36136627197265625,1.1978721618652344,53.24800109863281,0.29228031635284424
dfl_generated,dfl_evaluation_05,0.19858039915561676,12,PCC,A,3.0630736351013184,0.0,0.9496994018554688,0.5383059978485107,1.2052850723266602,53.24800109863281,0.3000717759132385
dfl_generated,dfl_evaluation_05,0.19858039915561676,12,PCC,B,3.0689468383789062,0.0,0.9183321595191956,0.5383059978485107,1.2052850723266602,53.24800109863281,0.3000717759132385
dfl_generated,dfl_evaluation_05,0.19858039915561676,12,PCC,C,3.0655553340911865,0.0,0.9193055629730225,0.5383059978485107,1.2052850723266602,53.24800109863281,0.3000717759132385
dfl_generated,dfl_evaluation_05,0.19858039915561676,13,PCC,A,3.1734166145324707,0.0,1.0270498991012573,0.6031783223152161,1.2076247930526733,53.24800109863281,0.303426057100296
dfl_generated,dfl_evaluation_05,0.19858039915561676,13,PCC,B,3.1758344173431396,0.0,0.9821035861968994,0.6031783223152161,1.2076247930526733,53.24800109863281,0.303426057100296
dfl_generated,dfl_evaluation_05,0.19858039915561676,13,PCC,C,3.1695244312286377,0.0,0.9944158792495728,0.6031783223152161,1.2076247930526733,53.24800109863281,0.303426057100296
dfl_generated,dfl_evaluation_05,0.19858039915561676,14,PCC,A,3.271728515625,0.0,0.9378736019134521,0.6654155254364014,1.210528016090393,53.24800109863281,0.30501288175582886
dfl_generated,dfl_evaluation_05,0.19858039915561676,14,PCC,B,3.265645742416382,0.0,0.9334278702735901,0.6654155254364014,1.210528016090393,53.24800109863281,0.30501288175582886
dfl_generated,dfl_evaluation_05,0.19858039915561676,14,PCC,C,3.268155813217163,0.0,0.9279584288597107,0.6654155254364014,1.210528016090393,53.24800109863281,0.30501288175582886
dfl_generated,dfl_evaluation_05,0.19858039915561676,15,PCC,A,3.044921636581421,0.0,0.7459228038787842,0.5210045576095581,1.2064114809036255,53.24800109863281,0.3223915100097656
dfl_generated,dfl_evaluation_05,0.19858039915561676,15,PCC,B,3.041623830795288,0.0,0.7472859621047974,0.5210045576095581,1.2064114809036255,53.24800109863281,0.3223915100097656
dfl_generated,dfl_evaluation_05,0.19858039915561676,15,PCC,C,3.045823574066162,0.0,0.7422667145729065,0.5210045576095581,1.2064114809036255,53.24800109863281,0.3223915100097656
dfl_generated,dfl_evaluation_05,0.19858039915561676,16,PCC,A,3.0944645404815674,0.0,0.4370805323123932,0.5631123185157776,1.19903564453125,53.24800109863281,0.3244766891002655
dfl_generated,dfl_evaluation_05,0.19858039915561676,16,PCC,B,3.0944442749023438,0.0,0.4260481595993042,0.5631123185157776,1.19903564453125,53.24800109863281,0.3244766891002655
dfl_generated,dfl_evaluation_05,0.19858039915561676,16,PCC,C,3.0982420444488525,0.0,0.4310256838798523,0.5631123185157776,1.19903564453125,53.24800109863281,0.3244766891002655
dfl_generated,dfl_evaluation_05,0.19858039915561676,17,PCC,A,3.0069146156311035,0.0,0.23240169882774353,0.5185338854789734,1.1904428005218506,53.24800109863281,0.3183530867099762
dfl_generated,dfl_evaluation_05,0.19858039915561676,17,PCC,B,3.008005380630493,0.0,0.23045900464057922,0.5185338854789734,1.1904428005218506,53.24800109863281,0.3183530867099762
dfl_generated,dfl_evaluation_05,0.19858039915561676,17,PCC,C,3.008812189102173,0.0,0.24425458908081055,0.5185338854789734,1.1904428005218506,53.24800109863281,0.3183530867099762
dfl_generated,dfl_evaluation_05,0.19858039915561676,18,PCC,A,2.959841251373291,0.0,0.06924652308225632,0.501911997795105,1.1815208196640015,121.88175201416016,0.31966060400009155
dfl_generated,dfl_evaluation_05,0.19858039915561676,18,PCC,B,2.9581925868988037,0.0,0.06632620096206665,0.501911997795105,1.1815208196640015,121.88175201416016,0.31966060400009155
dfl_generated,dfl_evaluation_05,0.19858039915561676,18,PCC,C,2.9589169025421143,0.0,0.06555879861116409,0.501911997795105,1.1815208196640015,121.88175201416016,0.31966060400009155
dfl_generated,dfl_evaluation_05,0.19858039915561676,19,PCC,A,3.0361082553863525,0.0,0.0050137825310230255,0.5692486763000488,1.1704972982406616,121.88175201416016,0.3065667152404785
dfl_generated,dfl_evaluation_05,0.19858039915561676,19,PCC,B,3.0350687503814697,0.0,0.005254925228655338,0.5692486763000488,1.1704972982406616,121.88175201416016,0.3065667152404785
dfl_generated,dfl_evaluation_05,0.19858039915561676,19,PCC,C,3.0366861820220947,0.0,0.0048806509003043175,0.5692486763000488,1.1704972982406616,121.88175201416016,0.3065667152404785
dfl_generated,dfl_evaluation_05,0.19858039915561676,20,PCC,A,2.86104679107666,0.0,0.0,0.458400696516037,1.1654009819030762,121.88175201416016,0.3089315891265869
dfl_generated,dfl_evaluation_05,0.19858039915561676,20,PCC,B,2.860034227371216,0.0,1.4103297196754738e-08,0.458400696516037,1.1654009819030762,121.88175201416016,0.3089315891265869
dfl_generated,dfl_evaluation_05,0.19858039915561676,20,PCC,C,2.8613457679748535,0.0,0.0,0.458400696516037,1.1654009819030762,121.88175201416016,0.3089315891265869
dfl_generated,dfl_evaluation_05,0.19858039915561676,21,PCC,A,2.7653026580810547,0.0,0.0,0.39928483963012695,1.162102222442627,53.24800109863281,0.3107301592826843
dfl_generated,dfl_evaluation_05,0.19858039915561676,21,PCC,B,2.7676661014556885,0.0,6.21248048560119e-08,0.39928483963012695,1.162102222442627,53.24800109863281,0.3107301592826843
dfl_generated,dfl_evaluation_05,0.19858039915561676,21,PCC,C,2.7683019638061523,0.0,0.0,0.39928483963012695,1.162102222442627,53.24800109863281,0.3107301592826843
dfl_generated,dfl_evaluation_05,0.19858039915561676,22,PCC,A,2.711472749710083,0.0,0.0,0.3637107312679291,1.1616510152816772,53.24800109863281,0.3159922957420349
dfl_generated,dfl_evaluation_05,0.19858039915561676,22,PCC,B,2.7119932174682617,0.0,0.0,0.3637107312679291,1.1616510152816772,53.24800109863281,0.3159922957420349
dfl_generated,dfl_evaluation_05,0.19858039915561676,22,PCC,C,2.7117552757263184,0.0,0.0,0.3637107312679291,1.1616510152816772,53.24800109863281,0.3159922957420349
dfl_generated,dfl_evaluation_05,0.19858039915561676,23,PCC,A,2.6864173412323,0.0,0.0,0.34759950637817383,1.1599905490875244,53.24800109863281,0.31540927290916443
dfl_generated,dfl_evaluation_05,0.19858039915561676,23,PCC,B,2.687284469604492,0.0,0.0,0.34759950637817383,1.1599905490875244,53.24800109863281,0.31540927290916443
dfl_generated,dfl_evaluation_05,0.19858039915561676,23,PCC,C,2.6867640018463135,0.0,0.0,0.34759950637817383,1.1599905490875244,53.24800109863281,0.31540927290916443
dfl_generated,dfl_evaluation_05,0.19858039915561676,24,PCC,A,2.607070207595825,0.0,0.0,0.29431068897247314,1.1589484214782715,53.24800109863281,0.3165823221206665
dfl_generated,dfl_evaluation_05,0.19858039915561676,24,PCC,B,2.608083486557007,0.0,2.921145210166287e-07,0.29431068897247314,1.1589484214782715,53.24800109863281,0.3165823221206665
dfl_generated,dfl_evaluation_05,0.19858039915561676,24,PCC,C,2.606682300567627,0.0,3.556587557795865e-07,0.29431068897247314,1.1589484214782715,53.24800109863281,0.3165823221206665
dfl_generated,dfl_evaluation_05,0.19858039915561676,25,PCC,A,2.6387746334075928,0.0,1.778891629555801e-07,0.3179371654987335,1.1569184064865112,34.72425079345703,0.3138378858566284
dfl_generated,dfl_evaluation_05,0.19858039915561676,25,PCC,B,2.6384613513946533,0.0,6.116779331932776e-07,0.3179371654987335,1.1569184064865112,34.72425079345703,0.3138378858566284
dfl_generated,dfl_evaluation_05,0.19858039915561676,25,PCC,C,2.639422655105591,0.0,1.4810505888362968e-07,0.3179371654987335,1.1569184064865112,34.72425079345703,0.3138378858566284
dfl_generated,dfl_evaluation_05,0.19858039915561676,26,PCC,A,2.499086618423462,0.0,1.2463839311749325e-06,0.2232462614774704,1.1558631658554077,34.72425079345703,0.3277190625667572
dfl_generated,dfl_evaluation_05,0.19858039915561676,26,PCC,B,2.498899459838867,0.0,1.1137979072373128e-06,0.2232462614774704,1.1558631658554077,34.72425079345703,0.3277190625667572
dfl_generated,dfl_evaluation_05,0.19858039915561676,26,PCC,C,2.498030185699463,0.0,1.1086531230830587e-06,0.2232462614774704,1.1558631658554077,34.72425079345703,0.3277190625667572
dfl_generated,dfl_evaluation_05,0.19858039915561676,27,PCC,A,2.5578362941741943,0.0,0.0,0.2633455991744995,1.156156063079834,34.72425079345703,0.33246397972106934
dfl_generated,dfl_evaluation_05,0.19858039915561676,27,PCC,B,2.557687282562256,0.0,1.4202119018591475e-06,0.2633455991744995,1.156156063079834,34.72425079345703,0.33246397972106934
dfl_generated,dfl_evaluation_05,0.19858039915561676,27,PCC,C,2.557335615158081,0.0,2.870989987968642e-07,0.2633455991744995,1.156156063079834,34.72425079345703,0.33246397972106934
dfl_generated,dfl_evaluation_05,0.19858039915561676,28,PCC,A,2.618852138519287,0.0,0.0,0.3060445785522461,1.155808925628662,34.72425079345703,0.3176649510860443
dfl_generated,dfl_evaluation_05,0.19858039915561676,28,PCC,B,2.618924379348755,0.0,4.7184096274577314e-07,0.3060445785522461,1.155808925628662,34.72425079345703,0.3176649510860443
dfl_generated,dfl_evaluation_05,0.19858039915561676,28,PCC,C,2.6186747550964355,0.0,0.0,0.3060445785522461,1.155808925628662,34.72425079345703,0.3176649510860443
dfl_generated,dfl_evaluation_05,0.19858039915561676,29,PCC,A,2.589371681213379,0.0,0.0034457864239811897,0.2850128710269928,1.156604290008545,34.72425079345703,0.30725792050361633
dfl_generated,dfl_evaluation_05,0.19858039915561676,29,PCC,B,2.590524673461914,0.0,0.003447968512773514,0.2850128710269928,1.156604290008545,34.72425079345703,0.30725792050361633
dfl_generated,dfl_evaluation_05,0.19858039915561676,29,PCC,C,2.5902903079986572,0.0,0.0033753495663404465,0.2850128710269928,1.156604290008545,34.72425079345703,0.30725792050361633
dfl_generated,dfl_evaluation_05,0.19858039915561676,30,PCC,A,2.785672664642334,0.0,0.047741468995809555,0.4131304621696472,1.1612908840179443,53.24800109863281,0.2967795133590698
dfl_generated,dfl_evaluation_05,0.19858039915561676,30,PCC,B,2.784396171569824,0.0,0.04683134704828262,0.4131304621696472,1.1612908840179443,53.24800109863281,0.2967795133590698
dfl_generated,dfl_evaluation_05,0.19858039915561676,30,PCC,C,2.7843663692474365,0.0,0.048317402601242065,0.4131304621696472,1.1612908840179443,53.24800109863281,0.2967795133590698
dfl_generated,dfl_evaluation_05,0.19858039915561676,31,PCC,A,3.0598175525665283,0.0,0.20307159423828125,0.5887197852134705,1.1699055433273315,53.24800109863281,0.28603240847587585
dfl_generated,dfl_evaluation_05,0.19858039915561676,31,PCC,B,3.0602831840515137,0.0,0.2106330245733261,0.5887197852134705,1.1699055433273315,53.24800109863281,0.28603240847587585
dfl_generated,dfl_evaluation_05,0.19858039915561676,31,PCC,C,3.058077812194824,0.0,0.19840571284294128,0.5887197852134705,1.1699055433273315,53.24800109863281,0.28603240847587585
dfl_generated,dfl_evaluation_05,0.19858039915561676,32,PCC,A,2.821317672729492,0.0,0.42345497012138367,0.41616514325141907,1.1753498315811157,53.24800109863281,0.29009300470352173
dfl_generated,dfl_evaluation_05,0.19858039915561676,32,PCC,B,2.8221263885498047,0.0,0.4040679633617401,0.41616514325141907,1.1753498315811157,53.24800109863281,0.29009300470352173
dfl_generated,dfl_evaluation_05,0.19858039915561676,32,PCC,C,2.822171926498413,0.0,0.4093942642211914,0.41616514325141907,1.1753498315811157,53.24800109863281,0.29009300470352173
dfl_generated,dfl_evaluation_05,0.19858039915561676,33,PCC,A,2.9843943119049072,0.0,0.49047714471817017,0.5137431621551514,1.1834285259246826,53.24800109863281,0.2794436812400818
dfl_generated,dfl_evaluation_05,0.19858039915561676,33,PCC,B,2.9842753410339355,0.0,0.49488675594329834,0.5137431621551514,1.1834285259246826,53.24800109863281,0.2794436812400818
dfl_generated,dfl_evaluation_05,0.19858039915561676,33,PCC,C,2.983177423477173,0.0,0.4755685031414032,0.5137431621551514,1.1834285259246826,53.24800109863281,0.2794436812400818
dfl_generated,dfl_evaluation_05,0.19858039915561676,34,PCC,A,2.777265787124634,0.0,0.6061872243881226,0.3643687963485718,1.1912927627563477,53.24800109863281,0.2829074263572693
dfl_generated,dfl_evaluation_05,0.19858039915561676,34,PCC,B,2.7803332805633545,0.0,0.589923620223999,0.3643687963485718,1.1912927627563477,53.24800109863281,0.2829074263572693
dfl_generated,dfl_evaluation_05,0.19858039915561676,34,PCC,C,2.776123046875,0.0,0.6011411547660828,0.3643687963485718,1.1912927627563477,53.24800109863281,0.2829074263572693
dfl_generated,dfl_evaluation_05,0.19858039915561676,35,PCC,A,2.7854721546173096,0.0,0.7576848268508911,0.36136627197265625,1.1957637071609497,53.24800109863281,0.29352980852127075
dfl_generated,dfl_evaluation_05,0.19858039915561676,35,PCC,B,2.782226324081421,0.0,0.7470009326934814,0.36136627197265625,1.1957637071609497,53.24800109863281,0.29352980852127075
dfl_generated,dfl_evaluation_05,0.19858039915561676,35,PCC,C,2.78458833694458,0.0,0.7662094831466675,0.36136627197265625,1.1957637071609497,53.24800109863281,0.29352980852127075
dfl_generated,dfl_evaluation_05,0.19858039915561676,36,PCC,A,3.062809467315674,0.0,0.8016584515571594,0.5383059978485107,1.2012141942977905,53.24800109863281,0.3094162046909332
dfl_generated,dfl_evaluation_05,0.19858039915561676,36,PCC,B,3.064540147781372,0.0,0.8273372650146484,0.5383059978485107,1.2012141942977905,53.24800109863281,0.3094162046909332
dfl_generated,dfl_evaluation_05,0.19858039915561676,36,PCC,C,3.0604963302612305,0.0,0.793244481086731,0.5383059978485107,1.2012141942977905,53.24800109863281,0.3094162046909332
dfl_generated,dfl_evaluation_05,0.19858039915561676,37,PCC,A,3.1654212474823,0.0,0.7358865141868591,0.6031783223152161,1.2041614055633545,53.24800109863281,0.31776368618011475
dfl_generated,dfl_evaluation_05,0.19858039915561676,37,PCC,B,3.1620922088623047,0.0,0.7442426681518555,0.6031783223152161,1.2041614055633545,53.24800109863281,0.31776368618011475
dfl_generated,dfl_evaluation_05,0.19858039915561676,37,PCC,C,3.166816234588623,0.0,0.7560228109359741,0.6031783223152161,1.2041614055633545,53.24800109863281,0.31776368618011475
dfl_generated,dfl_evaluation_05,0.19858039915561676,38,PCC,A,3.2565832138061523,0.0,0.6159499287605286,0.6654155254364014,1.2045453786849976,53.24800109863281,0.3220376968383789
dfl_generated,dfl_evaluation_05,0.19858039915561676,38,PCC,B,3.2585554122924805,0.0,0.6182336211204529,0.6654155254364014,1.2045453786849976,53.24800109863281,0.3220376968383789
dfl_generated,dfl_evaluation_05,0.19858039915561676,38,PCC,C,3.2585175037384033,0.0,0.6114233732223511,0.6654155254364014,1.2045453786849976,53.24800109863281,0.3220376968383789
dfl_generated,dfl_evaluation_05,0.19858039915561676,39,PCC,A,3.034285306930542,0.0,0.5157732963562012,0.5210045576095581,1.2009574174880981,53.24800109863281,0.32045409083366394
dfl_generated,dfl_evaluation_05,0.19858039915561676,39,PCC,B,3.034425735473633,0.0,0.5115060210227966,0.5210045576095581,1.2009574174880981,53.24800109863281,0.32045409083366394
dfl_generated,dfl_evaluation_05,0.19858039915561676,39,PCC,C,3.034515619277954,0.0,0.5278087854385376,0.5210045576095581,1.2009574174880981,53.24800109863281,0.32045409083366394
dfl_generated,dfl_evaluation_05,0.19858039915561676,40,PCC,A,3.0789105892181396,0.0,0.3878234028816223,0.5631123185157776,1.1960197687149048,53.24800109863281,0.31759023666381836
dfl_generated,dfl_evaluation_05,0.19858039915561676,40,PCC,B,3.0839431285858154,0.0,0.3733266294002533,0.5631123185157776,1.1960197687149048,53.24800109863281,0.31759023666381836
dfl_generated,dfl_evaluation_05,0.19858039915561676,40,PCC,C,3.079958200454712,0.0,0.38584432005882263,0.5631123185157776,1.1960197687149048,53.24800109863281,0.31759023666381836
dfl_generated,dfl_evaluation_05,0.19858039915561676,41,PCC,A,3.001265287399292,0.0,0.16497273743152618,0.5185338854789734,1.188721776008606,53.24800109863281,0.3129989504814148
dfl_generated,dfl_evaluation_05,0.19858039915561676,41,PCC,B,3.000922441482544,0.0,0.16186019778251648,0.5185338854789734,1.188721776008606,53.24800109863281,0.3129989504814148
dfl_generated,dfl_evaluation_05,0.19858039915561676,41,PCC,C,3.00087308883667,0.0,0.16116385161876678,0.5185338854789734,1.188721776008606,53.24800109863281,0.3129989504814148
dfl_generated,dfl_evaluation_05,0.19858039915561676,42,PCC,A,2.955803871154785,0.0,0.05330178141593933,0.501911997795105,1.1804834604263306,121.88175201416016,0.30475619435310364
dfl_generated,dfl_evaluation_05,0.19858039915561676,42,PCC,B,2.9551193714141846,0.0,0.053500428795814514,0.501911997795105,1.1804834604263306,121.88175201416016,0.30475619435310364
dfl_generated,dfl_evaluation_05,0.19858039915561676,42,PCC,C,2.9556150436401367,0.0,0.05289509892463684,0.501911997795105,1.1804834604263306,121.88175201416016,0.30475619435310364
dfl_generated,dfl_evaluation_05,0.19858039915561676,43,PCC,A,3.039879322052002,0.0,0.003555053612217307,0.5692486763000488,1.1727443933486938,121.88175201416016,0.2937026619911194
dfl_generated,dfl_evaluation_05,0.19858039915561676,43,PCC,B,3.0384633541107178,0.0,0.0036824969574809074,0.5692486763000488,1.1727443933486938,121.88175201416016,0.2937026619911194
dfl_generated,dfl_evaluation_05,0.19858039915561676,43,PCC,C,3.0430989265441895,0.0,0.0036477046087384224,0.5692486763000488,1.1727443933486938,121.88175201416016,0.2937026619911194
dfl_generated,dfl_evaluation_05,0.19858039915561676,44,PCC,A,2.869723320007324,0.0,1.238001487990914e-07,0.458400696516037,1.169284701347351,121.88175201416016,0.2880750596523285
dfl_generated,dfl_evaluation_05,0.19858039915561676,44,PCC,B,2.8701868057250977,0.0,0.0,0.458400696516037,1.169284701347351,121.88175201416016,0.2880750596523285
dfl_generated,dfl_evaluation_05,0.19858039915561676,44,PCC,C,2.867968797683716,0.0,0.0,0.458400696516037,1.169284701347351,121.88175201416016,0.2880750596523285
dfl_generated,dfl_evaluation_05,0.19858039915561676,45,PCC,A,2.7773501873016357,0.0,1.6643540448058047e-06,0.39928483963012695,1.1665992736816406,53.24800109863281,0.29799750447273254
dfl_generated,dfl_evaluation_05,0.19858039915561676,45,PCC,B,2.777575731277466,0.0,0.0,0.39928483963012695,1.1665992736816406,53.24800109863281,0.29799750447273254
dfl_generated,dfl_evaluation_05,0.19858039915561676,45,PCC,C,2.7774288654327393,0.0,3.693960479722591e-06,0.39928483963012695,1.1665992736816406,53.24800109863281,0.29799750447273254
dfl_generated,dfl_evaluation_05,0.19858039915561676,46,PCC,A,2.7206602096557617,0.0,2.1797534373035887e-06,0.3637107312679291,1.1649112701416016,53.24800109863281,0.30523085594177246
dfl_generated,dfl_evaluation_05,0.19858039915561676,46,PCC,B,2.720172643661499,0.0,4.840617862100771e-07,0.3637107312679291,1.1649112701416016,53.24800109863281,0.30523085594177246
dfl_generated,dfl_evaluation_05,0.19858039915561676,46,PCC,C,2.7217929363250732,0.0,7.11055250235404e-08,0.3637107312679291,1.1649112701416016,53.24800109863281,0.30523085594177246
dfl_generated,dfl_evaluation_05,0.19858039915561676,47,PCC,A,2.694251298904419,0.0,6.838166655143141e-07,0.34759950637817383,1.162857174873352,53.24800109863281,0.31051352620124817
dfl_generated,dfl_evaluation_05,0.19858039915561676,47,PCC,B,2.6954426765441895,0.0,0.0,0.34759950637817383,1.162857174873352,53.24800109863281,0.31051352620124817
dfl_generated,dfl_evaluation_05,0.19858039915561676,47,PCC,C,2.695310115814209,0.0,6.92315950345801e-07,0.34759950637817383,1.162857174873352,53.24800109863281,0.31051352620124817
dfl_generated,dfl_evaluation_06,0.0023659924045205116,0,PCC,A,2.622323989868164,0.0,3.8700912341482763e-07,0.29431068897247314,1.164912462234497,53.24800109863281,0.31555986404418945
dfl_generated,dfl_evaluation_06,0.0023659924045205116,0,PCC,B,2.6209123134613037,0.0,0.0,0.29431068897247314,1.164912462234497,53.24800109863281,0.31555986404418945
dfl_generated,dfl_evaluation_06,0.0023659924045205116,0,PCC,C,2.620790958404541,0.0,0.0,0.29431068897247314,1.164912462234497,53.24800109863281,0.31555986404418945
dfl_generated,dfl_evaluation_06,0.0023659924045205116,1,PCC,A,2.652695655822754,0.0,0.0,0.3179371654987335,1.1632649898529053,53.24800109863281,0.31480419635772705
dfl_generated,dfl_evaluation_06,0.0023659924045205116,1,PCC,B,2.6510560512542725,0.0,1.6650034240228706e-06,0.3179371654987335,1.1632649898529053,53.24800109863281,0.31480419635772705
dfl_generated,dfl_evaluation_06,0.0023659924045205116,1,PCC,C,2.652442455291748,0.0,0.0,0.3179371654987335,1.1632649898529053,53.24800109863281,0.31480419635772705
dfl_generated,dfl_evaluation_06,0.0023659924045205116,2,PCC,A,2.51126766204834,0.0,0.0,0.2232462614774704,1.1626014709472656,53.24800109863281,0.3405251204967499
dfl_generated,dfl_evaluation_06,0.0023659924045205116,2,PCC,B,2.5121657848358154,0.0,1.3208043583290419e-06,0.2232462614774704,1.1626014709472656,53.24800109863281,0.3405251204967499
dfl_generated,dfl_evaluation_06,0.0023659924045205116,2,PCC,C,2.5127086639404297,0.0,0.0,0.2232462614774704,1.1626014709472656,53.24800109863281,0.3405251204967499
dfl_generated,dfl_evaluation_06,0.0023659924045205116,3,PCC,A,2.5685625076293945,0.0,1.4249022797230282e-06,0.2633455991744995,1.1617921590805054,53.24800109863281,0.3154562711715698
dfl_generated,dfl_evaluation_06,0.0023659924045205116,3,PCC,B,2.568899154663086,0.0,2.994287626734149e-07,0.2633455991744995,1.1617921590805054,53.24800109863281,0.3154562711715698
dfl_generated,dfl_evaluation_06,0.0023659924045205116,3,PCC,C,2.5700442790985107,0.0,0.0,0.2633455991744995,1.1617921590805054,53.24800109863281,0.3154562711715698
dfl_generated,dfl_evaluation_06,0.0023659924045205116,4,PCC,A,2.630232334136963,0.0,0.0,0.3060445785522461,1.1610182523727417,53.24800109863281,0.3085586726665497
dfl_generated,dfl_evaluation_06,0.0023659924045205116,4,PCC,B,2.628634214401245,0.0,1.5625431615262642e-07,0.3060445785522461,1.1610182523727417,53.24800109863281,0.3085586726665497
dfl_generated,dfl_evaluation_06,0.0023659924045205116,4,PCC,C,2.630675792694092,0.0,0.0,0.3060445785522461,1.1610182523727417,53.24800109863281,0.3085586726665497
dfl_generated,dfl_evaluation_06,0.0023659924045205116,5,PCC,A,2.5989348888397217,0.0,0.004924331791698933,0.2850128710269928,1.1608301401138306,53.24800109863281,0.3048773407936096
dfl_generated,dfl_evaluation_06,0.0023659924045205116,5,PCC,B,2.599095106124878,0.0,0.004512598738074303,0.2850128710269928,1.1608301401138306,53.24800109863281,0.3048773407936096
dfl_generated,dfl_evaluation_06,0.0023659924045205116,5,PCC,C,2.5982470512390137,0.0,0.004737756680697203,0.2850128710269928,1.1608301401138306,53.24800109863281,0.3048773407936096
dfl_generated,dfl_evaluation_06,0.0023659924045205116,6,PCC,A,2.8010993003845215,0.0,0.08423960208892822,0.4131304621696472,1.1674370765686035,53.24800109863281,0.29323431849479675
dfl_generated,dfl_evaluation_06,0.0023659924045205116,6,PCC,B,2.799889087677002,0.0,0.08647933602333069,0.4131304621696472,1.1674370765686035,53.24800109863281,0.29323431849479675
dfl_generated,dfl_evaluation_06,0.0023659924045205116,6,PCC,C,2.800185203552246,0.0,0.08716776967048645,0.4131304621696472,1.1674370765686035,53.24800109863281,0.29323431849479675
dfl_generated,dfl_evaluation_06,0.0023659924045205116,7,PCC,A,3.079108476638794,0.0,0.24142757058143616,0.5887197852134705,1.1776045560836792,53.24800109863281,0.2909255027770996
dfl_generated,dfl_evaluation_06,0.0023659924045205116,7,PCC,B,3.07877516746521,0.0,0.2501842975616455,0.5887197852134705,1.1776045560836792,53.24800109863281,0.2909255027770996
dfl_generated,dfl_evaluation_06,0.0023659924045205116,7,PCC,C,3.0800116062164307,0.0,0.25823792815208435,0.5887197852134705,1.1776045560836792,53.24800109863281,0.2909255027770996
dfl_generated,dfl_evaluation_06,0.0023659924045205116,8,PCC,A,2.84311842918396,0.0,0.4605070650577545,0.41616514325141907,1.1847171783447266,53.24800109863281,0.28062841296195984
dfl_generated,dfl_evaluation_06,0.0023659924045205116,8,PCC,B,2.843146562576294,0.0,0.46598005294799805,0.41616514325141907,1.1847171783447266,53.24800109863281,0.28062841296195984
dfl_generated,dfl_evaluation_06,0.0023659924045205116,8,PCC,C,2.8455162048339844,0.0,0.48244357109069824,0.41616514325141907,1.1847171783447266,53.24800109863281,0.28062841296195984
dfl_generated,dfl_evaluation_06,0.0023659924045205116,9,PCC,A,3.0148401260375977,0.0,0.7059834003448486,0.5137431621551514,1.1966627836227417,53.24800109863281,0.24380743503570557
dfl_generated,dfl_evaluation_06,0.0023659924045205116,9,PCC,B,3.0135083198547363,0.0,0.7223398089408875,0.5137431621551514,1.1966627836227417,53.24800109863281,0.24380743503570557
dfl_generated,dfl_evaluation_06,0.0023659924045205116,9,PCC,C,3.0108609199523926,0.0,0.7122445106506348,0.5137431621551514,1.1966627836227417,53.24800109863281,0.24380743503570557
dfl_generated,dfl_evaluation_06,0.0023659924045205116,10,PCC,A,2.8094067573547363,0.0,0.7830009460449219,0.3643687963485718,1.2040295600891113,53.24800109863281,0.2739199697971344
dfl_generated,dfl_evaluation_06,0.0023659924045205116,10,PCC,B,2.8117923736572266,0.0,0.7761582732200623,0.3643687963485718,1.2040295600891113,53.24800109863281,0.2739199697971344
dfl_generated,dfl_evaluation_06,0.0023659924045205116,10,PCC,C,2.808638334274292,0.0,0.7969690561294556,0.3643687963485718,1.2040295600891113,53.24800109863281,0.2739199697971344
dfl_generated,dfl_evaluation_06,0.0023659924045205116,11,PCC,A,2.811403274536133,0.0,0.7902581095695496,0.36136627197265625,1.2095211744308472,53.24800109863281,0.3090890645980835
dfl_generated,dfl_evaluation_06,0.0023659924045205116,11,PCC,B,2.8155384063720703,0.0,0.8096269369125366,0.36136627197265625,1.2095211744308472,53.24800109863281,0.3090890645980835
dfl_generated,dfl_evaluation_06,0.0023659924045205116,11,PCC,C,2.8143649101257324,0.0,0.7945321202278137,0.36136627197265625,1.2095211744308472,53.24800109863281,0.3090890645980835
dfl_generated,dfl_evaluation_06,0.0023659924045205116,12,PCC,A,3.083451271057129,0.0,0.669160783290863,0.5383059978485107,1.2128831148147583,53.24800109863281,0.32591670751571655
dfl_generated,dfl_evaluation_06,0.0023659924045205116,12,PCC,B,3.090174674987793,0.0,0.702158510684967,0.5383059978485107,1.2128831148147583,53.24800109863281,0.32591670751571655
dfl_generated,dfl_evaluation_06,0.0023659924045205116,12,PCC,C,3.084120035171509,0.0,0.7094601392745972,0.5383059978485107,1.2128831148147583,53.24800109863281,0.32591670751571655
dfl_generated,dfl_evaluation_06,0.0023659924045205116,13,PCC,A,3.1922318935394287,0.0,0.7035322189331055,0.6031783223152161,1.2114512920379639,53.24800109863281,0.3213045001029968
dfl_generated,dfl_evaluation_06,0.0023659924045205116,13,PCC,B,3.183398723602295,0.0,0.7159789800643921,0.6031783223152161,1.2114512920379639,53.24800109863281,0.3213045001029968
dfl_generated,dfl_evaluation_06,0.0023659924045205116,13,PCC,C,3.1937994956970215,0.0,0.726683497428894,0.6031783223152161,1.2114512920379639,53.24800109863281,0.3213045001029968
dfl_generated,dfl_evaluation_06,0.0023659924045205116,14,PCC,A,3.282780170440674,0.0,0.7086072564125061,0.6654155254364014,1.2118476629257202,53.24800109863281,0.3025889992713928
dfl_generated,dfl_evaluation_06,0.0023659924045205116,14,PCC,B,3.2793538570404053,0.0,0.6983885765075684,0.6654155254364014,1.2118476629257202,53.24800109863281,0.3025889992713928
dfl_generated,dfl_evaluation_06,0.0023659924045205116,14,PCC,C,3.2808048725128174,0.0,0.7239267826080322,0.6654155254364014,1.2118476629257202,53.24800109863281,0.3025889992713928
dfl_generated,dfl_evaluation_06,0.0023659924045205116,15,PCC,A,3.0574722290039062,0.0,0.6937701106071472,0.5210045576095581,1.2113851308822632,53.24800109863281,0.2931431829929352
dfl_generated,dfl_evaluation_06,0.0023659924045205116,15,PCC,B,3.0578432083129883,0.0,0.6908120512962341,0.5210045576095581,1.2113851308822632,53.24800109863281,0.2931431829929352
dfl_generated,dfl_evaluation_06,0.0023659924045205116,15,PCC,C,3.051919460296631,0.0,0.6901397705078125,0.5210045576095581,1.2113851308822632,53.24800109863281,0.2931431829929352
dfl_generated,dfl_evaluation_06,0.0023659924045205116,16,PCC,A,3.1075587272644043,0.0,0.4227117598056793,0.5631123185157776,1.2026441097259521,53.24800109863281,0.2807925343513489
dfl_generated,dfl_evaluation_06,0.0023659924045205116,16,PCC,B,3.1138715744018555,0.0,0.4375153183937073,0.5631123185157776,1.2026441097259521,53.24800109863281,0.2807925343513489
dfl_generated,dfl_evaluation_06,0.0023659924045205116,16,PCC,C,3.111801862716675,0.0,0.42719700932502747,0.5631123185157776,1.2026441097259521,53.24800109863281,0.2807925343513489
dfl_generated,dfl_evaluation_06,0.0023659924045205116,17,PCC,A,3.026817560195923,0.0,0.19502632319927216,0.5185338854789734,1.197997808456421,53.24800109863281,0.27806344628334045
dfl_generated,dfl_evaluation_06,0.0023659924045205116,17,PCC,B,3.0274734497070312,0.0,0.1837666928768158,0.5185338854789734,1.197997808456421,53.24800109863281,0.27806344628334045
dfl_generated,dfl_evaluation_06,0.0023659924045205116,17,PCC,C,3.0243842601776123,0.0,0.1876095086336136,0.5185338854789734,1.197997808456421,53.24800109863281,0.27806344628334045
dfl_generated,dfl_evaluation_06,0.0023659924045205116,18,PCC,A,2.983690023422241,0.0,0.08148732036352158,0.501911997795105,1.1925047636032104,53.24800109863281,0.2728478014469147
dfl_generated,dfl_evaluation_06,0.0023659924045205116,18,PCC,B,2.986660957336426,0.0,0.08578141033649445,0.501911997795105,1.1925047636032104,53.24800109863281,0.2728478014469147
dfl_generated,dfl_evaluation_06,0.0023659924045205116,18,PCC,C,2.986234664916992,0.0,0.08088269084692001,0.501911997795105,1.1925047636032104,53.24800109863281,0.2728478014469147
dfl_generated,dfl_evaluation_06,0.0023659924045205116,19,PCC,A,3.0616402626037598,0.0,0.0034418837167322636,0.5692486763000488,1.1844172477722168,53.24800109863281,0.26430726051330566
dfl_generated,dfl_evaluation_06,0.0023659924045205116,19,PCC,B,3.0646045207977295,0.0,0.0034728734754025936,0.5692486763000488,1.1844172477722168,53.24800109863281,0.26430726051330566
dfl_generated,dfl_evaluation_06,0.0023659924045205116,19,PCC,C,3.0667238235473633,0.0,0.0035707158967852592,0.5692486763000488,1.1844172477722168,53.24800109863281,0.26430726051330566
dfl_generated,dfl_evaluation_06,0.0023659924045205116,20,PCC,A,2.896908760070801,0.0,0.0,0.458400696516037,1.182258129119873,53.24800109863281,0.2701295018196106
dfl_generated,dfl_evaluation_06,0.0023659924045205116,20,PCC,B,2.8968963623046875,0.0,0.0,0.458400696516037,1.182258129119873,53.24800109863281,0.2701295018196106
dfl_generated,dfl_evaluation_06,0.0023659924045205116,20,PCC,C,2.8970725536346436,0.0,0.0,0.458400696516037,1.182258129119873,53.24800109863281,0.2701295018196106
dfl_generated,dfl_evaluation_06,0.0023659924045205116,21,PCC,A,2.8034071922302246,0.0,2.1145410755707417e-06,0.39928483963012695,1.1803866624832153,53.24800109863281,0.26714447140693665
dfl_generated,dfl_evaluation_06,0.0023659924045205116,21,PCC,B,2.8094115257263184,0.0,2.2249857920542127e-06,0.39928483963012695,1.1803866624832153,53.24800109863281,0.26714447140693665
dfl_generated,dfl_evaluation_06,0.0023659924045205116,21,PCC,C,2.8081541061401367,0.0,0.0,0.39928483963012695,1.1803866624832153,53.24800109863281,0.26714447140693665
dfl_generated,dfl_evaluation_06,0.0023659924045205116,22,PCC,A,2.7473814487457275,0.0,6.246482939786802e-07,0.3637107312679291,1.177481770515442,53.24800109863281,0.28408291935920715
dfl_generated,dfl_evaluation_06,0.0023659924045205116,22,PCC,B,2.74700927734375,0.0,4.918798595099361e-07,0.3637107312679291,1.177481770515442,53.24800109863281,0.28408291935920715
dfl_generated,dfl_evaluation_06,0.0023659924045205116,22,PCC,C,2.746987819671631,0.0,6.340363825074746e-07,0.3637107312679291,1.177481770515442,53.24800109863281,0.28408291935920715
dfl_generated,dfl_evaluation_06,0.0023659924045205116,23,PCC,A,2.7182226181030273,0.0,0.0,0.34759950637817383,1.175257921218872,53.24800109863281,0.2928846776485443
dfl_generated,dfl_evaluation_06,0.0023659924045205116,23,PCC,B,2.7192158699035645,0.0,2.3147491390318464e-07,0.34759950637817383,1.175257921218872,53.24800109863281,0.2928846776485443
dfl_generated,dfl_evaluation_06,0.0023659924045205116,23,PCC,C,2.7187182903289795,0.0,3.008533155934856e-07,0.34759950637817383,1.175257921218872,53.24800109863281,0.2928846776485443
dfl_generated,dfl_evaluation_06,0.0023659924045205116,24,PCC,A,2.6367104053497314,0.0,3.76692639747489e-07,0.29431068897247314,1.1731730699539185,53.24800109863281,0.30063632130622864
dfl_generated,dfl_evaluation_06,0.0023659924045205116,24,PCC,B,2.637917995452881,0.0,0.0,0.29431068897247314,1.1731730699539185,53.24800109863281,0.30063632130622864
dfl_generated,dfl_evaluation_06,0.0023659924045205116,24,PCC,C,2.637482166290283,0.0,2.8081822165404446e-06,0.29431068897247314,1.1731730699539185,53.24800109863281,0.30063632130622864
dfl_generated,dfl_evaluation_06,0.0023659924045205116,25,PCC,A,2.667483329772949,0.0,0.0,0.3179371654987335,1.1708825826644897,53.24800109863281,0.3071465492248535
dfl_generated,dfl_evaluation_06,0.0023659924045205116,25,PCC,B,2.6668078899383545,0.0,0.0,0.3179371654987335,1.1708825826644897,53.24800109863281,0.3071465492248535
dfl_generated,dfl_evaluation_06,0.0023659924045205116,25,PCC,C,2.6675031185150146,0.0,0.0,0.3179371654987335,1.1708825826644897,53.24800109863281,0.3071465492248535
dfl_generated,dfl_evaluation_06,0.0023659924045205116,26,PCC,A,2.5242905616760254,0.0,0.0,0.2232462614774704,1.168877363204956,53.24800109863281,0.327718585729599
dfl_generated,dfl_evaluation_06,0.0023659924045205116,26,PCC,B,2.5252444744110107,0.0,6.758206154700019e-07,0.2232462614774704,1.168877363204956,53.24800109863281,0.327718585729599
dfl_generated,dfl_evaluation_06,0.0023659924045205116,26,PCC,C,2.524935007095337,0.0,0.0,0.2232462614774704,1.168877363204956,53.24800109863281,0.327718585729599
dfl_generated,dfl_evaluation_06,0.0023659924045205116,27,PCC,A,2.580554246902466,0.0,0.0,0.2633455991744995,1.1677082777023315,53.24800109863281,0.3177780210971832
dfl_generated,dfl_evaluation_06,0.0023659924045205116,27,PCC,B,2.581418514251709,0.0,0.0,0.2633455991744995,1.1677082777023315,53.24800109863281,0.3177780210971832
dfl_generated,dfl_evaluation_06,0.0023659924045205116,27,PCC,C,2.5811986923217773,0.0,0.0,0.2633455991744995,1.1677082777023315,53.24800109863281,0.3177780210971832
dfl_generated,dfl_evaluation_06,0.0023659924045205116,28,PCC,A,2.6411240100860596,0.0,0.0,0.3060445785522461,1.1669251918792725,53.24800109863281,0.30482253432273865
dfl_generated,dfl_evaluation_06,0.0023659924045205116,28,PCC,B,2.6397173404693604,0.0,0.0,0.3060445785522461,1.1669251918792725,53.24800109863281,0.30482253432273865
dfl_generated,dfl_evaluation_06,0.0023659924045205116,28,PCC,C,2.6409597396850586,0.0,0.0,0.3060445785522461,1.1669251918792725,53.24800109863281,0.30482253432273865
dfl_generated,dfl_evaluation_06,0.0023659924045205116,29,PCC,A,2.6107683181762695,0.0,0.005131002049893141,0.2850128710269928,1.167121410369873,53.24800109863281,0.30255424976348877
dfl_generated,dfl_evaluation_06,0.0023659924045205116,29,PCC,B,2.611485242843628,0.0,0.005088121630251408,0.2850128710269928,1.167121410369873,53.24800109863281,0.30255424976348877
dfl_generated,dfl_evaluation_06,0.0023659924045205116,29,PCC,C,2.610963821411133,0.0,0.004977426491677761,0.2850128710269928,1.167121410369873,53.24800109863281,0.30255424976348877
dfl_generated,dfl_evaluation_06,0.0023659924045205116,30,PCC,A,2.810640573501587,0.0,0.09180514514446259,0.4131304621696472,1.1734974384307861,53.24800109863281,0.29211676120758057
dfl_generated,dfl_evaluation_06,0.0023659924045205116,30,PCC,B,2.8095855712890625,0.0,0.08979488164186478,0.4131304621696472,1.1734974384307861,53.24800109863281,0.29211676120758057
dfl_generated,dfl_evaluation_06,0.0023659924045205116,30,PCC,C,2.8109562397003174,0.0,0.09076591581106186,0.4131304621696472,1.1734974384307861,53.24800109863281,0.29211676120758057
dfl_generated,dfl_evaluation_06,0.0023659924045205116,31,PCC,A,3.089010000228882,0.0,0.2947719693183899,0.5887197852134705,1.1818675994873047,53.24800109863281,0.2783798575401306
dfl_generated,dfl_evaluation_06,0.0023659924045205116,31,PCC,B,3.0839545726776123,0.0,0.29305481910705566,0.5887197852134705,1.1818675994873047,53.24800109863281,0.2783798575401306
dfl_generated,dfl_evaluation_06,0.0023659924045205116,31,PCC,C,3.086498260498047,0.0,0.28873714804649353,0.5887197852134705,1.1818675994873047,53.24800109863281,0.2783798575401306
dfl_generated,dfl_evaluation_06,0.0023659924045205116,32,PCC,A,2.8468713760375977,0.0,0.5299592018127441,0.41616514325141907,1.1884647607803345,53.24800109863281,0.2661510407924652
dfl_generated,dfl_evaluation_06,0.0023659924045205116,32,PCC,B,2.8460159301757812,0.0,0.5270653367042542,0.41616514325141907,1.1884647607803345,53.24800109863281,0.2661510407924652
dfl_generated,dfl_evaluation_06,0.0023659924045205116,32,PCC,C,2.8503003120422363,0.0,0.5252183675765991,0.41616514325141907,1.1884647607803345,53.24800109863281,0.2661510407924652
dfl_generated,dfl_evaluation_06,0.0023659924045205116,33,PCC,A,3.0114285945892334,0.0,0.6371990442276001,0.5137431621551514,1.1944061517715454,53.24800109863281,0.2740304172039032
dfl_generated,dfl_evaluation_06,0.0023659924045205116,33,PCC,B,3.0119802951812744,0.0,0.6724892258644104,0.5137431621551514,1.1944061517715454,53.24800109863281,0.2740304172039032
dfl_generated,dfl_evaluation_06,0.0023659924045205116,33,PCC,C,3.009193181991577,0.0,0.6500239372253418,0.5137431621551514,1.1944061517715454,53.24800109863281,0.2740304172039032
dfl_generated,dfl_evaluation_06,0.0023659924045205116,34,PCC,A,2.7979331016540527,0.0,0.6962460279464722,0.3643687963485718,1.199393630027771,53.24800109863281,0.28505462408065796
dfl_generated,dfl_evaluation_06,0.0023659924045205116,34,PCC,B,2.7968130111694336,0.0,0.6981757283210754,0.3643687963485718,1.199393630027771,53.24800109863281,0.28505462408065796
dfl_generated,dfl_evaluation_06,0.0023659924045205116,34,PCC,C,2.7969939708709717,0.0,0.6944930553436279,0.3643687963485718,1.199393630027771,53.24800109863281,0.28505462408065796
dfl_generated,dfl_evaluation_06,0.0023659924045205116,35,PCC,A,2.800042152404785,0.0,0.7643373012542725,0.36136627197265625,1.2035582065582275,53.24800109863281,0.30075329542160034
dfl_generated,dfl_evaluation_06,0.0023659924045205116,35,PCC,B,2.8019328117370605,0.0,0.8009105920791626,0.36136627197265625,1.2035582065582275,53.24800109863281,0.30075329542160034
dfl_generated,dfl_evaluation_06,0.0023659924045205116,35,PCC,C,2.8019864559173584,0.0,0.7684285640716553,0.36136627197265625,1.2035582065582275,53.24800109863281,0.30075329542160034
dfl_generated,dfl_evaluation_06,0.0023659924045205116,36,PCC,A,3.07138991355896,0.0,0.8656198382377625,0.5383059978485107,1.2052266597747803,53.24800109863281,0.31277787685394287
dfl_generated,dfl_evaluation_06,0.0023659924045205116,36,PCC,B,3.079106092453003,0.0,0.8848868608474731,0.5383059978485107,1.2052266597747803,53.24800109863281,0.31277787685394287
dfl_generated,dfl_evaluation_06,0.0023659924045205116,36,PCC,C,3.07650089263916,0.0,0.906489372253418,0.5383059978485107,1.2052266597747803,53.24800109863281,0.31277787685394287
dfl_generated,dfl_evaluation_06,0.0023659924045205116,37,PCC,A,3.181473970413208,0.0,0.9936227798461914,0.6031783223152161,1.212024211883545,53.24800109863281,0.31334879994392395
dfl_generated,dfl_evaluation_06,0.0023659924045205116,37,PCC,B,3.186406373977661,0.0,0.983544111251831,0.6031783223152161,1.212024211883545,53.24800109863281,0.31334879994392395
dfl_generated,dfl_evaluation_06,0.0023659924045205116,37,PCC,C,3.1795413494110107,0.0,0.9728137254714966,0.6031783223152161,1.212024211883545,53.24800109863281,0.31334879994392395
dfl_generated,dfl_evaluation_06,0.0023659924045205116,38,PCC,A,3.2735745906829834,0.0,0.7971124053001404,0.6654155254364014,1.2128651142120361,53.24800109863281,0.3021587133407593
dfl_generated,dfl_evaluation_06,0.0023659924045205116,38,PCC,B,3.279041290283203,0.0,0.808667004108429,0.6654155254364014,1.2128651142120361,53.24800109863281,0.3021587133407593
dfl_generated,dfl_evaluation_06,0.0023659924045205116,38,PCC,C,3.2771663665771484,0.0,0.77784663438797,0.6654155254364014,1.2128651142120361,53.24800109863281,0.3021587133407593
dfl_generated,dfl_evaluation_06,0.0023659924045205116,39,PCC,A,3.056227684020996,0.0,0.7658605575561523,0.5210045576095581,1.214685082435608,53.24800109863281,0.297423392534256
dfl_generated,dfl_evaluation_06,0.0023659924045205116,39,PCC,B,3.0641462802886963,0.0,0.7563261389732361,0.5210045576095581,1.214685082435608,53.24800109863281,0.297423392534256
dfl_generated,dfl_evaluation_06,0.0023659924045205116,39,PCC,C,3.0558061599731445,0.0,0.7332327961921692,0.5210045576095581,1.214685082435608,53.24800109863281,0.297423392534256
dfl_generated,dfl_evaluation_06,0.0023659924045205116,40,PCC,A,3.1086645126342773,0.0,0.576450526714325,0.5631123185157776,1.205974817276001,53.24800109863281,0.283324271440506
dfl_generated,dfl_evaluation_06,0.0023659924045205116,40,PCC,B,3.1168317794799805,0.0,0.5936565399169922,0.5631123185157776,1.205974817276001,53.24800109863281,0.283324271440506
dfl_generated,dfl_evaluation_06,0.0023659924045205116,40,PCC,C,3.1110501289367676,0.0,0.5975286960601807,0.5631123185157776,1.205974817276001,53.24800109863281,0.283324271440506
dfl_generated,dfl_evaluation_06,0.0023659924045205116,41,PCC,A,3.0379726886749268,0.0,0.3128291666507721,0.5185338854789734,1.2027745246887207,53.24800109863281,0.2938477396965027
dfl_generated,dfl_evaluation_06,0.0023659924045205116,41,PCC,B,3.0359878540039062,0.0,0.2997535765171051,0.5185338854789734,1.2027745246887207,53.24800109863281,0.2938477396965027
dfl_generated,dfl_evaluation_06,0.0023659924045205116,41,PCC,C,3.0360703468322754,0.0,0.3118938207626343,0.5185338854789734,1.2027745246887207,53.24800109863281,0.2938477396965027
dfl_generated,dfl_evaluation_06,0.0023659924045205116,42,PCC,A,2.987332820892334,0.0,0.09947805106639862,0.501911997795105,1.1930137872695923,53.24800109863281,0.2835966944694519
dfl_generated,dfl_evaluation_06,0.0023659924045205116,42,PCC,B,2.9890637397766113,0.0,0.10271438956260681,0.501911997795105,1.1930137872695923,53.24800109863281,0.2835966944694519
dfl_generated,dfl_evaluation_06,0.0023659924045205116,42,PCC,C,2.9867749214172363,0.0,0.10038647800683975,0.501911997795105,1.1930137872695923,53.24800109863281,0.2835966944694519
dfl_generated,dfl_evaluation_06,0.0023659924045205116,43,PCC,A,3.0629777908325195,0.0,0.004023707006126642,0.5692486763000488,1.1835219860076904,53.24800109863281,0.2793421447277069
dfl_generated,dfl_evaluation_06,0.0023659924045205116,43,PCC,B,3.060462474822998,0.0,0.004160444252192974,0.5692486763000488,1.1835219860076904,53.24800109863281,0.2793421447277069
dfl_generated,dfl_evaluation_06,0.0023659924045205116,43,PCC,C,3.0652430057525635,0.0,0.003966240212321281,0.5692486763000488,1.1835219860076904,53.24800109863281,0.2793421447277069
dfl_generated,dfl_evaluation_06,0.0023659924045205116,44,PCC,A,2.890254020690918,0.0,0.0,0.458400696516037,1.179003119468689,53.24800109863281,0.28190189599990845
dfl_generated,dfl_evaluation_06,0.0023659924045205116,44,PCC,B,2.8947505950927734,0.0,0.0,0.458400696516037,1.179003119468689,53.24800109863281,0.28190189599990845
dfl_generated,dfl_evaluation_06,0.0023659924045205116,44,PCC,C,2.892204999923706,0.0,0.0,0.458400696516037,1.179003119468689,53.24800109863281,0.28190189599990845
dfl_generated,dfl_evaluation_06,0.0023659924045205116,45,PCC,A,2.7967917919158936,0.0,0.0,0.39928483963012695,1.177801251411438,53.24800109863281,0.28203245997428894
dfl_generated,dfl_evaluation_06,0.0023659924045205116,45,PCC,B,2.798593282699585,0.0,0.0,0.39928483963012695,1.177801251411438,53.24800109863281,0.28203245997428894
dfl_generated,dfl_evaluation_06,0.0023659924045205116,45,PCC,C,2.8011457920074463,0.0,5.547771024794201e-07,0.39928483963012695,1.177801251411438,53.24800109863281,0.28203245997428894
dfl_generated,dfl_evaluation_06,0.0023659924045205116,46,PCC,A,2.741386651992798,0.0,3.6162583683108096e-07,0.3637107312679291,1.1746238470077515,53.24800109863281,0.29817089438438416
dfl_generated,dfl_evaluation_06,0.0023659924045205116,46,PCC,B,2.743149995803833,0.0,0.0,0.3637107312679291,1.1746238470077515,53.24800109863281,0.29817089438438416
dfl_generated,dfl_evaluation_06,0.0023659924045205116,46,PCC,C,2.7408504486083984,0.0,0.0,0.3637107312679291,1.1746238470077515,53.24800109863281,0.29817089438438416
dfl_generated,dfl_evaluation_06,0.0023659924045205116,47,PCC,A,2.7126362323760986,0.0,1.0035898867499782e-06,0.34759950637817383,1.1717644929885864,53.24800109863281,0.3077506124973297
dfl_generated,dfl_evaluation_06,0.0023659924045205116,47,PCC,B,2.71380615234375,0.0,0.0,0.34759950637817383,1.1717644929885864,53.24800109863281,0.3077506124973297
dfl_generated,dfl_evaluation_06,0.0023659924045205116,47,PCC,C,2.713433027267456,0.0,1.1626458444879972e-06,0.34759950637817383,1.1717644929885864,53.24800109863281,0.3077506124973297
dfl_generated,dfl_evaluation_07,0.19858039915561676,0,PCC,A,2.590437412261963,0.0,4.960929800290614e-06,0.29431068897247314,1.1495462656021118,53.24800109863281,0.25839078426361084
dfl_generated,dfl_evaluation_07,0.19858039915561676,0,PCC,B,2.589895725250244,0.0,1.6483170384162804e-06,0.29431068897247314,1.1495462656021118,53.24800109863281,0.25839078426361084
dfl_generated,dfl_evaluation_07,0.19858039915561676,0,PCC,C,2.5895113945007324,0.0,0.0,0.29431068897247314,1.1495462656021118,53.24800109863281,0.25839078426361084
dfl_generated,dfl_evaluation_07,0.19858039915561676,1,PCC,A,2.6231982707977295,0.0,0.0,0.3179371654987335,1.1499335765838623,34.72425079345703,0.2528432309627533
dfl_generated,dfl_evaluation_07,0.19858039915561676,1,PCC,B,2.6241538524627686,0.0,5.299190206642379e-07,0.3179371654987335,1.1499335765838623,34.72425079345703,0.2528432309627533
dfl_generated,dfl_evaluation_07,0.19858039915561676,1,PCC,C,2.624001979827881,0.0,1.3227256658865372e-06,0.3179371654987335,1.1499335765838623,34.72425079345703,0.2528432309627533
dfl_generated,dfl_evaluation_07,0.19858039915561676,2,PCC,A,2.4876842498779297,0.0,0.0,0.2232462614774704,1.1504786014556885,34.72425079345703,0.2584466338157654
dfl_generated,dfl_evaluation_07,0.19858039915561676,2,PCC,B,2.487516403198242,0.0,9.664979643275728e-07,0.2232462614774704,1.1504786014556885,34.72425079345703,0.2584466338157654
dfl_generated,dfl_evaluation_07,0.19858039915561676,2,PCC,C,2.488018035888672,0.0,0.0,0.2232462614774704,1.1504786014556885,34.72425079345703,0.2584466338157654
dfl_generated,dfl_evaluation_07,0.19858039915561676,3,PCC,A,2.5455429553985596,0.0,1.92983816305059e-06,0.2633455991744995,1.1501829624176025,53.24800109863281,0.26261571049690247
dfl_generated,dfl_evaluation_07,0.19858039915561676,3,PCC,B,2.546159505844116,0.0,1.8301414002053207e-06,0.2633455991744995,1.1501829624176025,53.24800109863281,0.26261571049690247
dfl_generated,dfl_evaluation_07,0.19858039915561676,3,PCC,C,2.5462141036987305,0.0,0.0,0.2633455991744995,1.1501829624176025,53.24800109863281,0.26261571049690247
dfl_generated,dfl_evaluation_07,0.19858039915561676,4,PCC,A,2.608888864517212,0.0,2.821100792971265e-07,0.3060445785522461,1.150586485862732,53.24800109863281,0.25798499584198
dfl_generated,dfl_evaluation_07,0.19858039915561676,4,PCC,B,2.6081111431121826,0.0,0.0,0.3060445785522461,1.150586485862732,53.24800109863281,0.25798499584198
dfl_generated,dfl_evaluation_07,0.19858039915561676,4,PCC,C,2.608652114868164,0.0,0.0,0.3060445785522461,1.150586485862732,53.24800109863281,0.25798499584198
dfl_generated,dfl_evaluation_07,0.19858039915561676,5,PCC,A,2.577455997467041,0.0,0.000153894885443151,0.2850128710269928,1.1504769325256348,53.24800109863281,0.25886964797973633
dfl_generated,dfl_evaluation_07,0.19858039915561676,5,PCC,B,2.5774285793304443,0.0,0.0,0.2850128710269928,1.1504769325256348,53.24800109863281,0.25886964797973633
dfl_generated,dfl_evaluation_07,0.19858039915561676,5,PCC,C,2.5772061347961426,0.0,0.00010659242980182171,0.2850128710269928,1.1504769325256348,53.24800109863281,0.25886964797973633
dfl_generated,dfl_evaluation_07,0.19858039915561676,6,PCC,A,2.7611186504364014,0.0,0.0,0.4131304621696472,1.1493052244186401,121.88175201416016,0.2622296214103699
dfl_generated,dfl_evaluation_07,0.19858039915561676,6,PCC,B,2.759324789047241,0.0,0.0,0.4131304621696472,1.1493052244186401,121.88175201416016,0.2622296214103699
dfl_generated,dfl_evaluation_07,0.19858039915561676,6,PCC,C,2.760043144226074,0.0,0.0,0.4131304621696472,1.1493052244186401,121.88175201416016,0.2622296214103699
dfl_generated,dfl_evaluation_07,0.19858039915561676,7,PCC,A,3.0097973346710205,0.0,0.0986575111746788,0.5887197852134705,1.1495509147644043,121.88175201416016,0.2631787657737732
dfl_generated,dfl_evaluation_07,0.19858039915561676,7,PCC,B,3.011221170425415,0.0,0.11050204932689667,0.5887197852134705,1.1495509147644043,121.88175201416016,0.2631787657737732
dfl_generated,dfl_evaluation_07,0.19858039915561676,7,PCC,C,3.009716272354126,0.0,0.10502158850431442,0.5887197852134705,1.1495509147644043,121.88175201416016,0.2631787657737732
dfl_generated,dfl_evaluation_07,0.19858039915561676,8,PCC,A,2.761690378189087,0.0,0.5063665509223938,0.41616514325141907,1.14838445186615,121.88175201416016,0.2576969563961029
dfl_generated,dfl_evaluation_07,0.19858039915561676,8,PCC,B,2.7626495361328125,0.0,0.5038211941719055,0.41616514325141907,1.14838445186615,121.88175201416016,0.2576969563961029
dfl_generated,dfl_evaluation_07,0.19858039915561676,8,PCC,C,2.7617976665496826,0.0,0.5021501779556274,0.41616514325141907,1.14838445186615,121.88175201416016,0.2576969563961029
dfl_generated,dfl_evaluation_07,0.19858039915561676,9,PCC,A,2.8977315425872803,0.0,0.8533074259757996,0.5137431621551514,1.1473219394683838,121.88175201416016,0.22108213603496552
dfl_generated,dfl_evaluation_07,0.19858039915561676,9,PCC,B,2.897371768951416,0.0,0.8615943193435669,0.5137431621551514,1.1473219394683838,121.88175201416016,0.22108213603496552
dfl_generated,dfl_evaluation_07,0.19858039915561676,9,PCC,C,2.897709369659424,0.0,0.8653742671012878,0.5137431621551514,1.1473219394683838,121.88175201416016,0.22108213603496552
dfl_generated,dfl_evaluation_07,0.19858039915561676,10,PCC,A,2.675518274307251,0.0,1.1190333366394043,0.3643687963485718,1.141991138458252,53.24800109863281,0.2625865042209625
dfl_generated,dfl_evaluation_07,0.19858039915561676,10,PCC,B,2.676455497741699,0.0,1.082273006439209,0.3643687963485718,1.141991138458252,53.24800109863281,0.2625865042209625
dfl_generated,dfl_evaluation_07,0.19858039915561676,10,PCC,C,2.6728646755218506,0.0,1.087387204170227,0.3643687963485718,1.141991138458252,53.24800109863281,0.2625865042209625
dfl_generated,dfl_evaluation_07,0.19858039915561676,11,PCC,A,2.6623268127441406,0.0,1.2043920755386353,0.36136627197265625,1.1389118432998657,53.24800109863281,0.27497169375419617
dfl_generated,dfl_evaluation_07,0.19858039915561676,11,PCC,B,2.6645448207855225,0.0,1.1801660060882568,0.36136627197265625,1.1389118432998657,53.24800109863281,0.27497169375419617
dfl_generated,dfl_evaluation_07,0.19858039915561676,11,PCC,C,2.6641268730163574,0.0,1.2210173606872559,0.36136627197265625,1.1389118432998657,53.24800109863281,0.27497169375419617
dfl_generated,dfl_evaluation_07,0.19858039915561676,12,PCC,A,2.916851043701172,0.0,1.2392271757125854,0.5383059978485107,1.1380901336669922,34.72425079345703,0.2755064070224762
dfl_generated,dfl_evaluation_07,0.19858039915561676,12,PCC,B,2.9151554107666016,0.0,1.2638862133026123,0.5383059978485107,1.1380901336669922,34.72425079345703,0.2755064070224762
dfl_generated,dfl_evaluation_07,0.19858039915561676,12,PCC,C,2.9159951210021973,0.0,1.2480416297912598,0.5383059978485107,1.1380901336669922,34.72425079345703,0.2755064070224762
dfl_generated,dfl_evaluation_07,0.19858039915561676,13,PCC,A,3.003681182861328,0.0,1.2336111068725586,0.6031783223152161,1.1357529163360596,34.72425079345703,0.27351686358451843
dfl_generated,dfl_evaluation_07,0.19858039915561676,13,PCC,B,2.9971442222595215,0.0,1.2046163082122803,0.6031783223152161,1.1357529163360596,34.72425079345703,0.27351686358451843
dfl_generated,dfl_evaluation_07,0.19858039915561676,13,PCC,C,2.998643636703491,0.0,1.2233824729919434,0.6031783223152161,1.1357529163360596,34.72425079345703,0.27351686358451843
dfl_generated,dfl_evaluation_07,0.19858039915561676,14,PCC,A,3.089320659637451,0.0,1.087720274925232,0.6654155254364014,1.1365364789962769,34.72425079345703,0.26370152831077576
dfl_generated,dfl_evaluation_07,0.19858039915561676,14,PCC,B,3.090304374694824,0.0,1.09015953540802,0.6654155254364014,1.1365364789962769,34.72425079345703,0.26370152831077576
dfl_generated,dfl_evaluation_07,0.19858039915561676,14,PCC,C,3.0924630165100098,0.0,1.0779352188110352,0.6654155254364014,1.1365364789962769,34.72425079345703,0.26370152831077576
dfl_generated,dfl_evaluation_07,0.19858039915561676,15,PCC,A,2.884824752807617,0.0,0.8770478963851929,0.5210045576095581,1.1364597082138062,34.72425079345703,0.2504863739013672
dfl_generated,dfl_evaluation_07,0.19858039915561676,15,PCC,B,2.8883163928985596,0.0,0.8720672130584717,0.5210045576095581,1.1364597082138062,34.72425079345703,0.2504863739013672
dfl_generated,dfl_evaluation_07,0.19858039915561676,15,PCC,C,2.8848726749420166,0.0,0.8799965381622314,0.5210045576095581,1.1364597082138062,34.72425079345703,0.2504863739013672
dfl_generated,dfl_evaluation_07,0.19858039915561676,16,PCC,A,2.948140859603882,0.0,0.5013608932495117,0.5631123185157776,1.138996958732605,53.24800109863281,0.2386111319065094
dfl_generated,dfl_evaluation_07,0.19858039915561676,16,PCC,B,2.949420928955078,0.0,0.5098481774330139,0.5631123185157776,1.138996958732605,53.24800109863281,0.2386111319065094
dfl_generated,dfl_evaluation_07,0.19858039915561676,16,PCC,C,2.950103521347046,0.0,0.5108814835548401,0.5631123185157776,1.138996958732605,53.24800109863281,0.2386111319065094
dfl_generated,dfl_evaluation_07,0.19858039915561676,17,PCC,A,2.8983700275421143,0.0,0.07859459519386292,0.5185338854789734,1.144852638244629,53.24800109863281,0.23544511198997498
dfl_generated,dfl_evaluation_07,0.19858039915561676,17,PCC,B,2.8989882469177246,0.0,0.0806407630443573,0.5185338854789734,1.144852638244629,53.24800109863281,0.23544511198997498
dfl_generated,dfl_evaluation_07,0.19858039915561676,17,PCC,C,2.9015281200408936,0.0,0.07459983229637146,0.5185338854789734,1.144852638244629,53.24800109863281,0.23544511198997498
dfl_generated,dfl_evaluation_07,0.19858039915561676,18,PCC,A,2.8840341567993164,0.0,0.0,0.501911997795105,1.1495393514633179,53.24800109863281,0.23178990185260773
dfl_generated,dfl_evaluation_07,0.19858039915561676,18,PCC,B,2.885639190673828,0.0,0.0,0.501911997795105,1.1495393514633179,53.24800109863281,0.23178990185260773
dfl_generated,dfl_evaluation_07,0.19858039915561676,18,PCC,C,2.886037588119507,0.0,0.0,0.501911997795105,1.1495393514633179,53.24800109863281,0.23178990185260773
dfl_generated,dfl_evaluation_07,0.19858039915561676,19,PCC,A,2.986034631729126,0.0,0.0002660908503457904,0.5692486763000488,1.1505047082901,53.24800109863281,0.2333974838256836
dfl_generated,dfl_evaluation_07,0.19858039915561676,19,PCC,B,2.984121799468994,0.0,0.00021652120631188154,0.5692486763000488,1.1505047082901,53.24800109863281,0.2333974838256836
dfl_generated,dfl_evaluation_07,0.19858039915561676,19,PCC,C,2.985677480697632,0.0,0.00034239882370457053,0.5692486763000488,1.1505047082901,53.24800109863281,0.2333974838256836
dfl_generated,dfl_evaluation_07,0.19858039915561676,20,PCC,A,2.828389883041382,0.0,8.84120026967139e-07,0.458400696516037,1.1520987749099731,53.24800109863281,0.23290547728538513
dfl_generated,dfl_evaluation_07,0.19858039915561676,20,PCC,B,2.8277688026428223,0.0,0.0,0.458400696516037,1.1520987749099731,53.24800109863281,0.23290547728538513
dfl_generated,dfl_evaluation_07,0.19858039915561676,20,PCC,C,2.829937219619751,0.0,2.2907238417246845e-07,0.458400696516037,1.1520987749099731,53.24800109863281,0.23290547728538513
dfl_generated,dfl_evaluation_07,0.19858039915561676,21,PCC,A,2.743537425994873,0.0,3.7006446973464335e-07,0.39928483963012695,1.1515069007873535,53.24800109863281,0.24709589779376984
dfl_generated,dfl_evaluation_07,0.19858039915561676,21,PCC,B,2.74462628364563,0.0,2.166153080906952e-06,0.39928483963012695,1.1515069007873535,53.24800109863281,0.24709589779376984
dfl_generated,dfl_evaluation_07,0.19858039915561676,21,PCC,C,2.7437522411346436,0.0,6.589066288142931e-07,0.39928483963012695,1.1515069007873535,53.24800109863281,0.24709589779376984
dfl_generated,dfl_evaluation_07,0.19858039915561676,22,PCC,A,2.6923725605010986,0.0,0.0,0.3637107312679291,1.1510590314865112,53.24800109863281,0.260792076587677
dfl_generated,dfl_evaluation_07,0.19858039915561676,22,PCC,B,2.691685914993286,0.0,0.0,0.3637107312679291,1.1510590314865112,53.24800109863281,0.260792076587677
dfl_generated,dfl_evaluation_07,0.19858039915561676,22,PCC,C,2.692326784133911,0.0,1.250620698556304e-06,0.3637107312679291,1.1510590314865112,53.24800109863281,0.260792076587677
dfl_generated,dfl_evaluation_07,0.19858039915561676,23,PCC,A,2.668252468109131,0.0,1.777690386006725e-06,0.34759950637817383,1.150960087776184,53.24800109863281,0.26799988746643066
dfl_generated,dfl_evaluation_07,0.19858039915561676,23,PCC,B,2.668283462524414,0.0,0.0,0.34759950637817383,1.150960087776184,53.24800109863281,0.26799988746643066
dfl_generated,dfl_evaluation_07,0.19858039915561676,23,PCC,C,2.6680850982666016,0.0,0.0,0.34759950637817383,1.150960087776184,53.24800109863281,0.26799988746643066
dfl_generated,dfl_evaluation_07,0.19858039915561676,24,PCC,A,2.5918734073638916,0.0,0.0,0.29431068897247314,1.1516461372375488,53.24800109863281,0.2693009376525879
dfl_generated,dfl_evaluation_07,0.19858039915561676,24,PCC,B,2.592756748199463,0.0,4.251623408890737e-07,0.29431068897247314,1.1516461372375488,53.24800109863281,0.2693009376525879
dfl_generated,dfl_evaluation_07,0.19858039915561676,24,PCC,C,2.592135429382324,0.0,1.126733309320116e-06,0.29431068897247314,1.1516461372375488,53.24800109863281,0.2693009376525879
dfl_generated,dfl_evaluation_07,0.19858039915561676,25,PCC,A,2.6281967163085938,0.0,2.1338423721317668e-06,0.3179371654987335,1.151432752609253,34.72425079345703,0.274159699678421
dfl_generated,dfl_evaluation_07,0.19858039915561676,25,PCC,B,2.6283247470855713,0.0,1.6708820282929082e-07,0.3179371654987335,1.151432752609253,34.72425079345703,0.274159699678421
dfl_generated,dfl_evaluation_07,0.19858039915561676,25,PCC,C,2.626702070236206,0.0,5.627486530102033e-07,0.3179371654987335,1.151432752609253,34.72425079345703,0.274159699678421
dfl_generated,dfl_evaluation_07,0.19858039915561676,26,PCC,A,2.4928622245788574,0.0,0.0,0.2232462614774704,1.1527936458587646,34.72425079345703,0.29485929012298584
dfl_generated,dfl_evaluation_07,0.19858039915561676,26,PCC,B,2.4932332038879395,0.0,0.0,0.2232462614774704,1.1527936458587646,34.72425079345703,0.29485929012298584
dfl_generated,dfl_evaluation_07,0.19858039915561676,26,PCC,C,2.4928901195526123,0.0,0.0,0.2232462614774704,1.1527936458587646,34.72425079345703,0.29485929012298584
dfl_generated,dfl_evaluation_07,0.19858039915561676,27,PCC,A,2.5516061782836914,0.0,0.0,0.2633455991744995,1.1530488729476929,53.24800109863281,0.27248039841651917
dfl_generated,dfl_evaluation_07,0.19858039915561676,27,PCC,B,2.5514469146728516,0.0,0.0,0.2633455991744995,1.1530488729476929,53.24800109863281,0.27248039841651917
dfl_generated,dfl_evaluation_07,0.19858039915561676,27,PCC,C,2.551271915435791,0.0,1.551986997583299e-06,0.2633455991744995,1.1530488729476929,53.24800109863281,0.27248039841651917
dfl_generated,dfl_evaluation_07,0.19858039915561676,28,PCC,A,2.6120176315307617,0.0,0.0,0.3060445785522461,1.152206540107727,53.24800109863281,0.26453089714050293
dfl_generated,dfl_evaluation_07,0.19858039915561676,28,PCC,B,2.610590696334839,0.0,0.0,0.3060445785522461,1.152206540107727,53.24800109863281,0.26453089714050293
dfl_generated,dfl_evaluation_07,0.19858039915561676,28,PCC,C,2.6111464500427246,0.0,1.2053840237058466e-06,0.3060445785522461,1.152206540107727,53.24800109863281,0.26453089714050293
dfl_generated,dfl_evaluation_07,0.19858039915561676,29,PCC,A,2.579413652420044,0.0,0.0,0.2850128710269928,1.1518560647964478,53.24800109863281,0.2623440623283386
dfl_generated,dfl_evaluation_07,0.19858039915561676,29,PCC,B,2.579596757888794,0.0,0.0,0.2850128710269928,1.1518560647964478,53.24800109863281,0.2623440623283386
dfl_generated,dfl_evaluation_07,0.19858039915561676,29,PCC,C,2.5802719593048096,0.0,0.0,0.2850128710269928,1.1518560647964478,53.24800109863281,0.2623440623283386
dfl_generated,dfl_evaluation_07,0.19858039915561676,30,PCC,A,2.763460636138916,0.0,0.0,0.4131304621696472,1.1517051458358765,121.88175201416016,0.2519790828227997
dfl_generated,dfl_evaluation_07,0.19858039915561676,30,PCC,B,2.7646262645721436,0.0,0.0,0.4131304621696472,1.1517051458358765,121.88175201416016,0.2519790828227997
dfl_generated,dfl_evaluation_07,0.19858039915561676,30,PCC,C,2.766366481781006,0.0,0.0,0.4131304621696472,1.1517051458358765,121.88175201416016,0.2519790828227997
dfl_generated,dfl_evaluation_07,0.19858039915561676,31,PCC,A,3.015568733215332,0.0,0.12018831819295883,0.5887197852134705,1.1516916751861572,121.88175201416016,0.24799981713294983
dfl_generated,dfl_evaluation_07,0.19858039915561676,31,PCC,B,3.014284610748291,0.0,0.12263807654380798,0.5887197852134705,1.1516916751861572,121.88175201416016,0.24799981713294983
dfl_generated,dfl_evaluation_07,0.19858039915561676,31,PCC,C,3.0147855281829834,0.0,0.1254541426897049,0.5887197852134705,1.1516916751861572,121.88175201416016,0.24799981713294983
dfl_generated,dfl_evaluation_07,0.19858039915561676,32,PCC,A,2.7655417919158936,0.0,0.5890259146690369,0.41616514325141907,1.1506274938583374,121.88175201416016,0.21817247569561005
dfl_generated,dfl_evaluation_07,0.19858039915561676,32,PCC,B,2.7677831649780273,0.0,0.5903104543685913,0.41616514325141907,1.1506274938583374,121.88175201416016,0.21817247569561005
dfl_generated,dfl_evaluation_07,0.19858039915561676,32,PCC,C,2.7647147178649902,0.0,0.590720534324646,0.41616514325141907,1.1506274938583374,121.88175201416016,0.21817247569561005
dfl_generated,dfl_evaluation_07,0.19858039915561676,33,PCC,A,2.8972299098968506,0.0,0.9261250495910645,0.5137431621551514,1.1464325189590454,121.88175201416016,0.24504907429218292
dfl_generated,dfl_evaluation_07,0.19858039915561676,33,PCC,B,2.8957595825195312,0.0,0.9312878847122192,0.5137431621551514,1.1464325189590454,121.88175201416016,0.24504907429218292
dfl_generated,dfl_evaluation_07,0.19858039915561676,33,PCC,C,2.8950228691101074,0.0,0.9234863519668579,0.5137431621551514,1.1464325189590454,121.88175201416016,0.24504907429218292
dfl_generated,dfl_evaluation_07,0.19858039915561676,34,PCC,A,2.669389486312866,0.0,1.0363816022872925,0.3643687963485718,1.1387728452682495,53.24800109863281,0.252263605594635
dfl_generated,dfl_evaluation_07,0.19858039915561676,34,PCC,B,2.6689677238464355,0.0,1.02759850025177,0.3643687963485718,1.1387728452682495,53.24800109863281,0.252263605594635
dfl_generated,dfl_evaluation_07,0.19858039915561676,34,PCC,C,2.6646170616149902,0.0,1.0612175464630127,0.3643687963485718,1.1387728452682495,53.24800109863281,0.252263605594635
dfl_generated,dfl_evaluation_07,0.19858039915561676,35,PCC,A,2.653106212615967,0.0,1.152665615081787,0.36136627197265625,1.133773684501648,53.24800109863281,0.26228365302085876
dfl_generated,dfl_evaluation_07,0.19858039915561676,35,PCC,B,2.652432680130005,0.0,1.159960150718689,0.36136627197265625,1.133773684501648,53.24800109863281,0.26228365302085876
dfl_generated,dfl_evaluation_07,0.19858039915561676,35,PCC,C,2.649848461151123,0.0,1.1581320762634277,0.36136627197265625,1.133773684501648,53.24800109863281,0.26228365302085876
dfl_generated,dfl_evaluation_07,0.19858039915561676,36,PCC,A,2.898660659790039,0.0,1.215707540512085,0.5383059978485107,1.1314826011657715,34.72425079345703,0.2619366943836212
dfl_generated,dfl_evaluation_07,0.19858039915561676,36,PCC,B,2.9025685787200928,0.0,1.2256693840026855,0.5383059978485107,1.1314826011657715,34.72425079345703,0.2619366943836212
dfl_generated,dfl_evaluation_07,0.19858039915561676,36,PCC,C,2.9031929969787598,0.0,1.2171471118927002,0.5383059978485107,1.1314826011657715,34.72425079345703,0.2619366943836212
dfl_generated,dfl_evaluation_07,0.19858039915561676,37,PCC,A,2.98966121673584,0.0,1.2843283414840698,0.6031783223152161,1.1333959102630615,34.72425079345703,0.2592701315879822
dfl_generated,dfl_evaluation_07,0.19858039915561676,37,PCC,B,2.9863147735595703,0.0,1.2788091897964478,0.6031783223152161,1.1333959102630615,34.72425079345703,0.2592701315879822
dfl_generated,dfl_evaluation_07,0.19858039915561676,37,PCC,C,2.985888719558716,0.0,1.2724242210388184,0.6031783223152161,1.1333959102630615,34.72425079345703,0.2592701315879822
dfl_generated,dfl_evaluation_07,0.19858039915561676,38,PCC,A,3.079066276550293,0.0,1.2737172842025757,0.6654155254364014,1.1332757472991943,34.72425079345703,0.25198400020599365
dfl_generated,dfl_evaluation_07,0.19858039915561676,38,PCC,B,3.0803604125976562,0.0,1.2583279609680176,0.6654155254364014,1.1332757472991943,34.72425079345703,0.25198400020599365
dfl_generated,dfl_evaluation_07,0.19858039915561676,38,PCC,C,3.081857204437256,0.0,1.2640268802642822,0.6654155254364014,1.1332757472991943,34.72425079345703,0.25198400020599365
dfl_generated,dfl_evaluation_07,0.19858039915561676,39,PCC,A,2.8819501399993896,0.0,0.8724976778030396,0.5210045576095581,1.1351195573806763,34.72425079345703,0.24168793857097626
dfl_generated,dfl_evaluation_07,0.19858039915561676,39,PCC,B,2.8832321166992188,0.0,0.8704946041107178,0.5210045576095581,1.1351195573806763,34.72425079345703,0.24168793857097626
dfl_generated,dfl_evaluation_07,0.19858039915561676,39,PCC,C,2.8833634853363037,0.0,0.8561669588088989,0.5210045576095581,1.1351195573806763,34.72425079345703,0.24168793857097626
dfl_generated,dfl_evaluation_07,0.19858039915561676,40,PCC,A,2.9488143920898438,0.0,0.46271249651908875,0.5631123185157776,1.135667324066162,53.24800109863281,0.22338588535785675
dfl_generated,dfl_evaluation_07,0.19858039915561676,40,PCC,B,2.9508004188537598,0.0,0.4830508232116699,0.5631123185157776,1.135667324066162,53.24800109863281,0.22338588535785675
dfl_generated,dfl_evaluation_07,0.19858039915561676,40,PCC,C,2.9507827758789062,0.0,0.4739173650741577,0.5631123185157776,1.135667324066162,53.24800109863281,0.22338588535785675
dfl_generated,dfl_evaluation_07,0.19858039915561676,41,PCC,A,2.9012081623077393,0.0,0.05647961050271988,0.5185338854789734,1.145208477973938,53.24800109863281,0.21396535634994507
dfl_generated,dfl_evaluation_07,0.19858039915561676,41,PCC,B,2.8998208045959473,0.0,0.05496656149625778,0.5185338854789734,1.145208477973938,53.24800109863281,0.21396535634994507
dfl_generated,dfl_evaluation_07,0.19858039915561676,41,PCC,C,2.9016377925872803,0.0,0.05635862797498703,0.5185338854789734,1.145208477973938,53.24800109863281,0.21396535634994507
dfl_generated,dfl_evaluation_07,0.19858039915561676,42,PCC,A,2.8859992027282715,0.0,0.0006689261645078659,0.501911997795105,1.1503115892410278,53.24800109863281,0.2050543874502182
dfl_generated,dfl_evaluation_07,0.19858039915561676,42,PCC,B,2.8867084980010986,0.0,0.0,0.501911997795105,1.1503115892410278,53.24800109863281,0.2050543874502182
dfl_generated,dfl_evaluation_07,0.19858039915561676,42,PCC,C,2.8885996341705322,0.0,0.0,0.501911997795105,1.1503115892410278,53.24800109863281,0.2050543874502182
dfl_generated,dfl_evaluation_07,0.19858039915561676,43,PCC,A,2.9870831966400146,0.0,0.0,0.5692486763000488,1.1519781351089478,53.24800109863281,0.2016756534576416
dfl_generated,dfl_evaluation_07,0.19858039915561676,43,PCC,B,2.9848151206970215,0.0,1.5891389921307564e-05,0.5692486763000488,1.1519781351089478,53.24800109863281,0.2016756534576416
dfl_generated,dfl_evaluation_07,0.19858039915561676,43,PCC,C,2.9843273162841797,0.0,0.0,0.5692486763000488,1.1519781351089478,53.24800109863281,0.2016756534576416
dfl_generated,dfl_evaluation_07,0.19858039915561676,44,PCC,A,2.8283541202545166,0.0,0.0,0.458400696516037,1.1518977880477905,53.24800109863281,0.21004727482795715
dfl_generated,dfl_evaluation_07,0.19858039915561676,44,PCC,B,2.8287150859832764,0.0,0.0,0.458400696516037,1.1518977880477905,53.24800109863281,0.21004727482795715
dfl_generated,dfl_evaluation_07,0.19858039915561676,44,PCC,C,2.828002691268921,0.0,0.0,0.458400696516037,1.1518977880477905,53.24800109863281,0.21004727482795715
dfl_generated,dfl_evaluation_07,0.19858039915561676,45,PCC,A,2.744492530822754,0.0,0.0,0.39928483963012695,1.1522035598754883,53.24800109863281,0.21798604726791382
dfl_generated,dfl_evaluation_07,0.19858039915561676,45,PCC,B,2.744257926940918,0.0,0.0,0.39928483963012695,1.1522035598754883,53.24800109863281,0.21798604726791382
dfl_generated,dfl_evaluation_07,0.19858039915561676,45,PCC,C,2.744903087615967,0.0,0.0,0.39928483963012695,1.1522035598754883,53.24800109863281,0.21798604726791382
dfl_generated,dfl_evaluation_07,0.19858039915561676,46,PCC,A,2.693636178970337,0.0,0.0,0.3637107312679291,1.1515976190567017,53.24800109863281,0.23277798295021057
dfl_generated,dfl_evaluation_07,0.19858039915561676,46,PCC,B,2.6936142444610596,0.0,4.283629380097409e-07,0.3637107312679291,1.1515976190567017,53.24800109863281,0.23277798295021057
dfl_generated,dfl_evaluation_07,0.19858039915561676,46,PCC,C,2.6925082206726074,0.0,0.0,0.3637107312679291,1.1515976190567017,53.24800109863281,0.23277798295021057
dfl_generated,dfl_evaluation_07,0.19858039915561676,47,PCC,A,2.668506383895874,0.0,0.0,0.34759950637817383,1.1517858505249023,53.24800109863281,0.2424752414226532
dfl_generated,dfl_evaluation_07,0.19858039915561676,47,PCC,B,2.670032024383545,0.0,0.0,0.34759950637817383,1.1517858505249023,53.24800109863281,0.2424752414226532
dfl_generated,dfl_evaluation_07,0.19858039915561676,47,PCC,C,2.670327663421631,0.0,0.0,0.34759950637817383,1.1517858505249023,53.24800109863281,0.2424752414226532
