source,scenario_name,scenario_weight,time,bus,phase,active_load_mw,reactive_load_mvar,pv_available_mw,workload_arrival,pue,grid_price_per_mwh,grid_carbon_t_per_mwh
observed_test,v2_2018_388_48h,,0,PCC,A,2.589738233557025,0.0,0.0,0.29431068897247314,1.149999976158142,53.24800137329102,0.24671828746795654
observed_test,v2_2018_388_48h,,0,PCC,B,2.589738233557025,0.0,0.0,0.29431068897247314,1.149999976158142,53.24800137329102,0.24671828746795654
observed_test,v2_2018_388_48h,,0,PCC,C,2.589738233557025,0.0,0.0,0.29431068897247314,1.149999976158142,53.24800137329102,0.24671828746795654
observed_test,v2_2018_388_48h,,1,PCC,A,2.6237012928594003,0.0,0.0,0.3179371654987335,1.149999976158142,53.24800137329102,0.24198617041110992
observed_test,v2_2018_388_48h,,1,PCC,B,2.6237012928594003,0.0,0.0,0.3179371654987335,1.149999976158142,53.24800137329102,0.24198617041110992
observed_test,v2_2018_388_48h,,1,PCC,C,2.6237012928594003,0.0,0.0,0.3179371654987335,1.149999976158142,53.24800137329102,0.24198617041110992
observed_test,v2_2018_388_48h,,2,PCC,A,2.4875831211508435,0.0,0.0,0.2232462614774704,1.149999976158142,53.24800137329102,0.24508506059646606
observed_test,v2_2018_388_48h,,2,PCC,B,2.4875831211508435,0.0,0.0,0.2232462614774704,1.149999976158142,53.24800137329102,0.24508506059646606
observed_test,v2_2018_388_48h,,2,PCC,C,2.4875831211508435,0.0,0.0,0.2232462614774704,1.149999976158142,53.24800137329102,0.24508506059646606
observed_test,v2_2018_388_48h,,3,PCC,A,2.5452259178952694,0.0,0.0,0.2633455991744995,1.149999976158142,53.24800137329102,0.25559377670288086
observed_test,v2_2018_388_48h,,3,PCC,B,2.5452259178952694,0.0,0.0,0.2633455991744995,1.149999976158142,53.24800137329102,0.25559377670288086
observed_test,v2_2018_388_48h,,3,PCC,C,2.5452259178952694,0.0,0.0,0.2633455991744995,1.149999976158142,53.24800137329102,0.25559377670288086
observed_test,v2_2018_388_48h,,4,PCC,A,2.6066056994782514,0.0,0.0,0.3060445785522461,1.149999976158142,53.24800137329102,0.247085839509964
observed_test,v2_2018_388_48h,,4,PCC,B,2.6066056994782514,0.0,0.0,0.3060445785522461,1.149999976158142,53.24800137329102,0.247085839509964
observed_test,v2_2018_388_48h,,4,PCC,C,2.6066056994782514,0.0,0.0,0.3060445785522461,1.149999976158142,53.24800137329102,0.247085839509964
observed_test,v2_2018_388_48h,,5,PCC,A,2.5763726205374935,0.0,0.0,0.2850128710269928,1.149999976158142,53.24800137329102,0.24306049942970276
observed_test,v2_2018_388_48h,,5,PCC,B,2.5763726205374935,0.0,0.0,0.2850128710269928,1.149999976158142,53.24800137329102,0.24306049942970276
observed_test,v2_2018_388_48h,,5,PCC,C,2.5763726205374935,0.0,0.0,0.2850128710269928,1.149999976158142,53.24800137329102,0.24306049942970276
observed_test,v2_2018_388_48h,,6,PCC,A,2.7605416539868575,0.0,0.0,0.4131304621696472,1.149999976158142,53.24800137329102,0.24511682987213135
observed_test,v2_2018_388_48h,,6,PCC,B,2.7605416539868575,0.0,0.0,0.4131304621696472,1.149999976158142,53.24800137329102,0.24511682987213135
observed_test,v2_2018_388_48h,,6,PCC,C,2.7605416539868575,0.0,0.0,0.4131304621696472,1.149999976158142,53.24800137329102,0.24511682987213135
observed_test,v2_2018_388_48h,,7,PCC,A,3.0129513006293838,0.0,0.08162083104252814,0.5887197852134705,1.149999976158142,53.24800137329102,0.23770040273666382
observed_test,v2_2018_388_48h,,7,PCC,B,3.0129513006293838,0.0,0.08162083104252814,0.5887197852134705,1.149999976158142,53.24800137329102,0.23770040273666382
observed_test,v2_2018_388_48h,,7,PCC,C,3.0129513006293838,0.0,0.08162083104252814,0.5887197852134705,1.149999976158142,53.24800137329102,0.23770040273666382
observed_test,v2_2018_388_48h,,8,PCC,A,2.7649040079514635,0.0,0.49498333380772513,0.41616514325141907,1.149999976158142,53.24800137329102,0.23350167274475098
observed_test,v2_2018_388_48h,,8,PCC,B,2.7649040079514635,0.0,0.49498333380772513,0.41616514325141907,1.149999976158142,53.24800137329102,0.23350167274475098
observed_test,v2_2018_388_48h,,8,PCC,C,2.7649040079514635,0.0,0.49498333380772513,0.41616514325141907,1.149999976158142,53.24800137329102,0.23350167274475098
observed_test,v2_2018_388_48h,,9,PCC,A,2.9051724072175276,0.0,0.8703458194549266,0.5137431621551514,1.149999976158142,53.24800137329102,0.2296794354915619
observed_test,v2_2018_388_48h,,9,PCC,B,2.9051724072175276,0.0,0.8703458194549266,0.5137431621551514,1.149999976158142,53.24800137329102,0.2296794354915619
observed_test,v2_2018_388_48h,,9,PCC,C,2.9051724072175276,0.0,0.8703458194549266,0.5137431621551514,1.149999976158142,53.24800137329102,0.2296794354915619
observed_test,v2_2018_388_48h,,10,PCC,A,2.6904467608222724,0.0,1.1239917232440066,0.3643687963485718,1.149999976158142,53.24800137329102,0.24029983580112457
observed_test,v2_2018_388_48h,,10,PCC,B,2.6904467608222724,0.0,1.1239917232440066,0.3643687963485718,1.149999976158142,53.24800137329102,0.24029983580112457
observed_test,v2_2018_388_48h,,10,PCC,C,2.6904467608222724,0.0,1.1239917232440066,0.3643687963485718,1.149999976158142,53.24800137329102,0.24029983580112457
observed_test,v2_2018_388_48h,,11,PCC,A,2.686130632121376,0.0,1.2637832990059483,0.36136627197265625,1.149999976158142,53.24800137329102,0.25352588295936584
observed_test,v2_2018_388_48h,,11,PCC,B,2.686130632121376,0.0,1.2637832990059483,0.36136627197265625,1.149999976158142,53.24800137329102,0.25352588295936584
observed_test,v2_2018_388_48h,,11,PCC,C,2.686130632121376,0.0,1.2637832990059483,0.36136627197265625,1.149999976158142,53.24800137329102,0.25352588295936584
observed_test,v2_2018_388_48h,,12,PCC,A,2.940481482794702,0.0,1.3124582859186025,0.5383059978485107,1.149999976158142,53.24800137329102,0.24791784584522247
observed_test,v2_2018_388_48h,,12,PCC,B,2.940481482794702,0.0,1.3124582859186025,0.5383059978485107,1.149999976158142,53.24800137329102,0.24791784584522247
observed_test,v2_2018_388_48h,,12,PCC,C,2.940481482794702,0.0,1.3124582859186025,0.5383059978485107,1.149999976158142,53.24800137329102,0.24791784584522247
observed_test,v2_2018_388_48h,,13,PCC,A,3.033735447282245,0.0,1.2732791212888863,0.6031783223152161,1.149999976158142,53.24800137329102,0.25111281871795654
observed_test,v2_2018_388_48h,,13,PCC,B,3.033735447282245,0.0,1.2732791212888863,0.6031783223152161,1.149999976158142,53.24800137329102,0.25111281871795654
observed_test,v2_2018_388_48h,,13,PCC,C,3.033735447282245,0.0,1.2732791212888863,0.6031783223152161,1.149999976158142,53.24800137329102,0.25111281871795654
observed_test,v2_2018_388_48h,,14,PCC,A,3.1232014249141358,0.0,1.14254172031696,0.6654155254364014,1.149999976158142,53.24800137329102,0.24972565472126007
observed_test,v2_2018_388_48h,,14,PCC,B,3.1232014249141358,0.0,1.14254172031696,0.6654155254364014,1.149999976158142,53.24800137329102,0.24972565472126007
observed_test,v2_2018_388_48h,,14,PCC,C,3.1232014249141358,0.0,1.14254172031696,0.6654155254364014,1.149999976158142,53.24800137329102,0.24972565472126007
observed_test,v2_2018_388_48h,,15,PCC,A,2.915610662966831,0.0,0.9134708115687736,0.5210045576095581,1.149999976158142,53.24800137329102,0.23570667207241058
observed_test,v2_2018_388_48h,,15,PCC,B,2.915610662966831,0.0,0.9134708115687736,0.5210045576095581,1.149999976158142,53.24800137329102,0.23570667207241058
observed_test,v2_2018_388_48h,,15,PCC,C,2.915610662966831,0.0,0.9134708115687736,0.5210045576095581,1.149999976158142,53.24800137329102,0.23570667207241058
observed_test,v2_2018_388_48h,,16,PCC,A,2.9761405680146122,0.0,0.6154708564281463,0.5631123185157776,1.149999976158142,53.24800137329102,0.23233109712600708
observed_test,v2_2018_388_48h,,16,PCC,B,2.9761405680146122,0.0,0.6154708564281463,0.5631123185157776,1.149999976158142,53.24800137329102,0.23233109712600708
observed_test,v2_2018_388_48h,,16,PCC,C,2.9761405680146122,0.0,0.6154708564281463,0.5631123185157776,1.149999976158142,53.24800137329102,0.23233109712600708
observed_test,v2_2018_388_48h,,17,PCC,A,2.912059071852747,0.0,0.20080416534955683,0.5185338854789734,1.149999976158142,53.24800137329102,0.2382412552833557
observed_test,v2_2018_388_48h,,17,PCC,B,2.912059071852747,0.0,0.20080416534955683,0.5185338854789734,1.149999976158142,53.24800137329102,0.2382412552833557
observed_test,v2_2018_388_48h,,17,PCC,C,2.912059071852747,0.0,0.20080416534955683,0.5185338854789734,1.149999976158142,53.24800137329102,0.2382412552833557
observed_test,v2_2018_388_48h,,18,PCC,A,2.888165108802557,0.0,0.0,0.501911997795105,1.149999976158142,53.24800137329102,0.23994769155979156
observed_test,v2_2018_388_48h,,18,PCC,B,2.888165108802557,0.0,0.0,0.501911997795105,1.149999976158142,53.24800137329102,0.23994769155979156
observed_test,v2_2018_388_48h,,18,PCC,C,2.888165108802557,0.0,0.0,0.501911997795105,1.149999976158142,53.24800137329102,0.23994769155979156
observed_test,v2_2018_388_48h,,19,PCC,A,2.9849615821466244,0.0,0.0,0.5692486763000488,1.149999976158142,53.24800137329102,0.24096694588661194
observed_test,v2_2018_388_48h,,19,PCC,B,2.9849615821466244,0.0,0.0,0.5692486763000488,1.149999976158142,53.24800137329102,0.24096694588661194
observed_test,v2_2018_388_48h,,19,PCC,C,2.9849615821466244,0.0,0.0,0.5692486763000488,1.149999976158142,53.24800137329102,0.24096694588661194
observed_test,v2_2018_388_48h,,20,PCC,A,2.825617614510635,0.0,0.0,0.458400696516037,1.149999976158142,53.24800137329102,0.23986519873142242
observed_test,v2_2018_388_48h,,20,PCC,B,2.825617614510635,0.0,0.0,0.458400696516037,1.149999976158142,53.24800137329102,0.23986519873142242
observed_test,v2_2018_388_48h,,20,PCC,C,2.825617614510635,0.0,0.0,0.458400696516037,1.149999976158142,53.24800137329102,0.23986519873142242
observed_test,v2_2018_388_48h,,21,PCC,A,2.740638571998929,0.0,0.0,0.39928483963012695,1.149999976158142,53.24800137329102,0.24225591123104095
observed_test,v2_2018_388_48h,,21,PCC,B,2.740638571998929,0.0,0.0,0.39928483963012695,1.149999976158142,53.24800137329102,0.24225591123104095
observed_test,v2_2018_388_48h,,21,PCC,C,2.740638571998929,0.0,0.0,0.39928483963012695,1.149999976158142,53.24800137329102,0.24225591123104095
observed_test,v2_2018_388_48h,,22,PCC,A,2.689500792288461,0.0,0.0,0.3637107312679291,1.149999976158142,53.24800137329102,0.24607731401920319
observed_test,v2_2018_388_48h,,22,PCC,B,2.689500792288461,0.0,0.0,0.3637107312679291,1.149999976158142,53.24800137329102,0.24607731401920319
observed_test,v2_2018_388_48h,,22,PCC,C,2.689500792288461,0.0,0.0,0.3637107312679291,1.149999976158142,53.24800137329102,0.24607731401920319
observed_test,v2_2018_388_48h,,23,PCC,A,2.666340906989589,0.0,0.0,0.34759950637817383,1.149999976158142,53.24800137329102,0.23703929781913757
observed_test,v2_2018_388_48h,,23,PCC,B,2.666340906989589,0.0,0.0,0.34759950637817383,1.149999976158142,53.24800137329102,0.23703929781913757
observed_test,v2_2018_388_48h,,23,PCC,C,2.666340906989589,0.0,0.0,0.34759950637817383,1.149999976158142,53.24800137329102,0.23703929781913757
observed_test,v2_2018_388_48h,,24,PCC,A,2.589738233557025,0.0,0.0,0.29431068897247314,1.149999976158142,53.24800137329102,0.22771701216697693
observed_test,v2_2018_388_48h,,24,PCC,B,2.589738233557025,0.0,0.0,0.29431068897247314,1.149999976158142,53.24800137329102,0.22771701216697693
observed_test,v2_2018_388_48h,,24,PCC,C,2.589738233557025,0.0,0.0,0.29431068897247314,1.149999976158142,53.24800137329102,0.22771701216697693
observed_test,v2_2018_388_48h,,25,PCC,A,2.6237012928594003,0.0,0.0,0.3179371654987335,1.149999976158142,34.72425106811524,0.23294779658317566
observed_test,v2_2018_388_48h,,25,PCC,B,2.6237012928594003,0.0,0.0,0.3179371654987335,1.149999976158142,34.72425106811524,0.23294779658317566
observed_test,v2_2018_388_48h,,25,PCC,C,2.6237012928594003,0.0,0.0,0.3179371654987335,1.149999976158142,34.72425106811524,0.23294779658317566
observed_test,v2_2018_388_48h,,26,PCC,A,2.4875831211508435,0.0,0.0,0.2232462614774704,1.149999976158142,34.72425106811524,0.24029092490673065
observed_test,v2_2018_388_48h,,26,PCC,B,2.4875831211508435,0.0,0.0,0.2232462614774704,1.149999976158142,34.72425106811524,0.24029092490673065
observed_test,v2_2018_388_48h,,26,PCC,C,2.4875831211508435,0.0,0.0,0.2232462614774704,1.149999976158142,34.72425106811524,0.24029092490673065
observed_test,v2_2018_388_48h,,27,PCC,A,2.5452259178952694,0.0,0.0,0.2633455991744995,1.149999976158142,53.24800137329102,0.2553369104862213
observed_test,v2_2018_388_48h,,27,PCC,B,2.5452259178952694,0.0,0.0,0.2633455991744995,1.149999976158142,53.24800137329102,0.2553369104862213
observed_test,v2_2018_388_48h,,27,PCC,C,2.5452259178952694,0.0,0.0,0.2633455991744995,1.149999976158142,53.24800137329102,0.2553369104862213
observed_test,v2_2018_388_48h,,28,PCC,A,2.6066056994782514,0.0,0.0,0.3060445785522461,1.149999976158142,53.24800137329102,0.24331751465797424
observed_test,v2_2018_388_48h,,28,PCC,B,2.6066056994782514,0.0,0.0,0.3060445785522461,1.149999976158142,53.24800137329102,0.24331751465797424
observed_test,v2_2018_388_48h,,28,PCC,C,2.6066056994782514,0.0,0.0,0.3060445785522461,1.149999976158142,53.24800137329102,0.24331751465797424
observed_test,v2_2018_388_48h,,29,PCC,A,2.5763726205374935,0.0,0.0,0.2850128710269928,1.149999976158142,53.24800137329102,0.2392493337392807
observed_test,v2_2018_388_48h,,29,PCC,B,2.5763726205374935,0.0,0.0,0.2850128710269928,1.149999976158142,53.24800137329102,0.2392493337392807
observed_test,v2_2018_388_48h,,29,PCC,C,2.5763726205374935,0.0,0.0,0.2850128710269928,1.149999976158142,53.24800137329102,0.2392493337392807
observed_test,v2_2018_388_48h,,30,PCC,A,2.7605416539868575,0.0,0.0,0.4131304621696472,1.149999976158142,121.88174847412108,0.2353132963180542
observed_test,v2_2018_388_48h,,30,PCC,B,2.7605416539868575,0.0,0.0,0.4131304621696472,1.149999976158142,121.88174847412108,0.2353132963180542
observed_test,v2_2018_388_48h,,30,PCC,C,2.7605416539868575,0.0,0.0,0.4131304621696472,1.149999976158142,121.88174847412108,0.2353132963180542
observed_test,v2_2018_388_48h,,31,PCC,A,3.0129513006293838,0.0,0.0,0.5887197852134705,1.149999976158142,121.88174847412108,0.2276950627565384
observed_test,v2_2018_388_48h,,31,PCC,B,3.0129513006293838,0.0,0.0,0.5887197852134705,1.149999976158142,121.88174847412108,0.2276950627565384
observed_test,v2_2018_388_48h,,31,PCC,C,3.0129513006293838,0.0,0.0,0.5887197852134705,1.149999976158142,121.88174847412108,0.2276950627565384
observed_test,v2_2018_388_48h,,32,PCC,A,2.7649040079514635,0.0,0.03301250175214731,0.41616514325141907,1.149999976158142,121.88174847412108,0.22493602335453033
observed_test,v2_2018_388_48h,,32,PCC,B,2.7649040079514635,0.0,0.03301250175214731,0.41616514325141907,1.149999976158142,121.88174847412108,0.22493602335453033
observed_test,v2_2018_388_48h,,32,PCC,C,2.7649040079514635,0.0,0.03301250175214731,0.41616514325141907,1.149999976158142,121.88174847412108,0.22493602335453033
observed_test,v2_2018_388_48h,,33,PCC,A,2.9051724072175276,0.0,0.10426250071479724,0.5137431621551514,1.149999976158142,121.88174847412108,0.22441977262496948
observed_test,v2_2018_388_48h,,33,PCC,B,2.9051724072175276,0.0,0.10426250071479724,0.5137431621551514,1.149999976158142,121.88174847412108,0.22441977262496948
observed_test,v2_2018_388_48h,,33,PCC,C,2.9051724072175276,0.0,0.10426250071479724,0.5137431621551514,1.149999976158142,121.88174847412108,0.22441977262496948
observed_test,v2_2018_388_48h,,34,PCC,A,2.6904467608222724,0.0,0.14302499878865021,0.3643687963485718,1.149999976158142,53.24800137329102,0.22870786488056183
observed_test,v2_2018_388_48h,,34,PCC,B,2.6904467608222724,0.0,0.14302499878865021,0.3643687963485718,1.149999976158142,53.24800137329102,0.22870786488056183
observed_test,v2_2018_388_48h,,34,PCC,C,2.6904467608222724,0.0,0.14302499878865021,0.3643687963485718,1.149999976158142,53.24800137329102,0.22870786488056183
observed_test,v2_2018_388_48h,,35,PCC,A,2.686130632121376,0.0,0.17625832786926854,0.36136627197265625,1.149999976158142,53.24800137329102,0.24854876101016998
observed_test,v2_2018_388_48h,,35,PCC,B,2.686130632121376,0.0,0.17625832786926854,0.36136627197265625,1.149999976158142,53.24800137329102,0.24854876101016998
observed_test,v2_2018_388_48h,,35,PCC,C,2.686130632121376,0.0,0.17625832786926854,0.36136627197265625,1.149999976158142,53.24800137329102,0.24854876101016998
observed_test,v2_2018_388_48h,,36,PCC,A,2.940481482794702,0.0,0.18425833147305706,0.5383059978485107,1.149999976158142,34.72425106811524,0.24416804313659668
observed_test,v2_2018_388_48h,,36,PCC,B,2.940481482794702,0.0,0.18425833147305706,0.5383059978485107,1.149999976158142,34.72425106811524,0.24416804313659668
observed_test,v2_2018_388_48h,,36,PCC,C,2.940481482794702,0.0,0.18425833147305706,0.5383059978485107,1.149999976158142,34.72425106811524,0.24416804313659668
observed_test,v2_2018_388_48h,,37,PCC,A,3.033735447282245,0.0,0.1744041649194864,0.6031783223152161,1.149999976158142,34.72425106811524,0.2661290466785431
observed_test,v2_2018_388_48h,,37,PCC,B,3.033735447282245,0.0,0.1744041649194864,0.6031783223152161,1.149999976158142,34.72425106811524,0.2661290466785431
observed_test,v2_2018_388_48h,,37,PCC,C,3.033735447282245,0.0,0.1744041649194864,0.6031783223152161,1.149999976158142,34.72425106811524,0.2661290466785431
observed_test,v2_2018_388_48h,,38,PCC,A,3.1232014249141358,0.0,0.17437083789935479,0.6654155254364014,1.149999976158142,34.72425106811524,0.2540435791015625
observed_test,v2_2018_388_48h,,38,PCC,B,3.1232014249141358,0.0,0.17437083789935479,0.6654155254364014,1.149999976158142,34.72425106811524,0.2540435791015625
observed_test,v2_2018_388_48h,,38,PCC,C,3.1232014249141358,0.0,0.17437083789935479,0.6654155254364014,1.149999976158142,34.72425106811524,0.2540435791015625
observed_test,v2_2018_388_48h,,39,PCC,A,2.915610662966831,0.0,0.11933749684920676,0.5210045576095581,1.149999976158142,34.72425106811524,0.23779939115047455
observed_test,v2_2018_388_48h,,39,PCC,B,2.915610662966831,0.0,0.11933749684920676,0.5210045576095581,1.149999976158142,34.72425106811524,0.23779939115047455
observed_test,v2_2018_388_48h,,39,PCC,C,2.915610662966831,0.0,0.11933749684920676,0.5210045576095581,1.149999976158142,34.72425106811524,0.23779939115047455
observed_test,v2_2018_388_48h,,40,PCC,A,2.9761405680146122,0.0,0.034620834944339894,0.5631123185157776,1.149999976158142,53.24800137329102,0.22166375815868378
observed_test,v2_2018_388_48h,,40,PCC,B,2.9761405680146122,0.0,0.034620834944339894,0.5631123185157776,1.149999976158142,53.24800137329102,0.22166375815868378
observed_test,v2_2018_388_48h,,40,PCC,C,2.9761405680146122,0.0,0.034620834944339894,0.5631123185157776,1.149999976158142,53.24800137329102,0.22166375815868378
observed_test,v2_2018_388_48h,,41,PCC,A,2.912059071852747,0.0,0.012616666320424812,0.5185338854789734,1.149999976158142,53.24800137329102,0.21319834887981415
observed_test,v2_2018_388_48h,,41,PCC,B,2.912059071852747,0.0,0.012616666320424812,0.5185338854789734,1.149999976158142,53.24800137329102,0.21319834887981415
observed_test,v2_2018_388_48h,,41,PCC,C,2.912059071852747,0.0,0.012616666320424812,0.5185338854789734,1.149999976158142,53.24800137329102,0.21319834887981415
observed_test,v2_2018_388_48h,,42,PCC,A,2.888165108802557,0.0,0.0,0.501911997795105,1.149999976158142,53.24800137329102,0.21256838738918304
observed_test,v2_2018_388_48h,,42,PCC,B,2.888165108802557,0.0,0.0,0.501911997795105,1.149999976158142,53.24800137329102,0.21256838738918304
observed_test,v2_2018_388_48h,,42,PCC,C,2.888165108802557,0.0,0.0,0.501911997795105,1.149999976158142,53.24800137329102,0.21256838738918304
observed_test,v2_2018_388_48h,,43,PCC,A,2.9849615821466244,0.0,0.0,0.5692486763000488,1.149999976158142,53.24800137329102,0.20752853155136108
observed_test,v2_2018_388_48h,,43,PCC,B,2.9849615821466244,0.0,0.0,0.5692486763000488,1.149999976158142,53.24800137329102,0.20752853155136108
observed_test,v2_2018_388_48h,,43,PCC,C,2.9849615821466244,0.0,0.0,0.5692486763000488,1.149999976158142,53.24800137329102,0.20752853155136108
observed_test,v2_2018_388_48h,,44,PCC,A,2.825617614510635,0.0,0.0,0.458400696516037,1.149999976158142,53.24800137329102,0.2079969197511673
observed_test,v2_2018_388_48h,,44,PCC,B,2.825617614510635,0.0,0.0,0.458400696516037,1.149999976158142,53.24800137329102,0.2079969197511673
observed_test,v2_2018_388_48h,,44,PCC,C,2.825617614510635,0.0,0.0,0.458400696516037,1.149999976158142,53.24800137329102,0.2079969197511673
observed_test,v2_2018_388_48h,,45,PCC,A,2.740638571998929,0.0,0.0,0.39928483963012695,1.149999976158142,53.24800137329102,0.21502450108528137
observed_test,v2_2018_388_48h,,45,PCC,B,2.740638571998929,0.0,0.0,0.39928483963012695,1.149999976158142,53.24800137329102,0.21502450108528137
observed_test,v2_2018_388_48h,,45,PCC,C,2.740638571998929,0.0,0.0,0.39928483963012695,1.149999976158142,53.24800137329102,0.21502450108528137
observed_test,v2_2018_388_48h,,46,PCC,A,2.689500792288461,0.0,0.0,0.3637107312679291,1.149999976158142,53.24800137329102,0.229417085647583
observed_test,v2_2018_388_48h,,46,PCC,B,2.689500792288461,0.0,0.0,0.3637107312679291,1.149999976158142,53.24800137329102,0.229417085647583
observed_test,v2_2018_388_48h,,46,PCC,C,2.689500792288461,0.0,0.0,0.3637107312679291,1.149999976158142,53.24800137329102,0.229417085647583
observed_test,v2_2018_388_48h,,47,PCC,A,2.666340906989589,0.0,0.0,0.34759950637817383,1.149999976158142,53.24800137329102,0.24800129234790802
observed_test,v2_2018_388_48h,,47,PCC,B,2.666340906989589,0.0,0.0,0.34759950637817383,1.149999976158142,53.24800137329102,0.24800129234790802
observed_test,v2_2018_388_48h,,47,PCC,C,2.666340906989589,0.0,0.0,0.34759950637817383,1.149999976158142,53.24800137329102,0.24800129234790802
observed_test,v2_2018_475_48h,,0,PCC,A,2.6530636559638077,0.0,0.0,0.29431068897247314,1.1811249256134033,53.24800137329102,0.24150371551513672
observed_test,v2_2018_475_48h,,0,PCC,B,2.6530636559638077,0.0,0.0,0.29431068897247314,1.1811249256134033,53.24800137329102,0.24150371551513672
observed_test,v2_2018_475_48h,,0,PCC,C,2.6530636559638077,0.0,0.0,0.29431068897247314,1.1811249256134033,53.24800137329102,0.24150371551513672
observed_test,v2_2018_475_48h,,1,PCC,A,2.6815988529157266,0.0,0.0,0.3179371654987335,1.178049921989441,53.24800137329102,0.2552565932273865
observed_test,v2_2018_475_48h,,1,PCC,B,2.6815988529157266,0.0,0.0,0.3179371654987335,1.178049921989441,53.24800137329102,0.2552565932273865
observed_test,v2_2018_475_48h,,1,PCC,C,2.6815988529157266,0.0,0.0,0.3179371654987335,1.178049921989441,53.24800137329102,0.2552565932273865
observed_test,v2_2018_475_48h,,2,PCC,A,2.535885686797099,0.0,0.0,0.2232462614774704,1.1748249530792236,53.24800137329102,0.25145015120506287
observed_test,v2_2018_475_48h,,2,PCC,B,2.535885686797099,0.0,0.0,0.2232462614774704,1.1748249530792236,53.24800137329102,0.25145015120506287
observed_test,v2_2018_475_48h,,2,PCC,C,2.535885686797099,0.0,0.0,0.2232462614774704,1.1748249530792236,53.24800137329102,0.25145015120506287
observed_test,v2_2018_475_48h,,3,PCC,A,2.588935119018082,0.0,0.0,0.2633455991744995,1.1719000339508057,53.24800137329102,0.23128750920295715
observed_test,v2_2018_475_48h,,3,PCC,B,2.588935119018082,0.0,0.0,0.2633455991744995,1.1719000339508057,53.24800137329102,0.23128750920295715
observed_test,v2_2018_475_48h,,3,PCC,C,2.588935119018082,0.0,0.0,0.2633455991744995,1.1719000339508057,53.24800137329102,0.23128750920295715
observed_test,v2_2018_475_48h,,4,PCC,A,2.6467192273688434,0.0,0.0,0.3060445785522461,1.1695749759674072,53.24800137329102,0.22230955958366394
observed_test,v2_2018_475_48h,,4,PCC,B,2.6467192273688434,0.0,0.0,0.3060445785522461,1.1695749759674072,53.24800137329102,0.22230955958366394
observed_test,v2_2018_475_48h,,4,PCC,C,2.6467192273688434,0.0,0.0,0.3060445785522461,1.1695749759674072,53.24800137329102,0.22230955958366394
observed_test,v2_2018_475_48h,,5,PCC,A,2.6196129297260438,0.0,0.0,0.2850128710269928,1.171375036239624,53.24800137329102,0.22133493423461914
observed_test,v2_2018_475_48h,,5,PCC,B,2.6196129297260438,0.0,0.0,0.2850128710269928,1.171375036239624,53.24800137329102,0.22133493423461914
observed_test,v2_2018_475_48h,,5,PCC,C,2.6196129297260438,0.0,0.0,0.2850128710269928,1.171375036239624,53.24800137329102,0.22133493423461914
observed_test,v2_2018_475_48h,,6,PCC,A,2.8270164026395412,0.0,0.06037499898901352,0.4131304621696472,1.1804499626159668,53.24800137329102,0.2222871631383896
observed_test,v2_2018_475_48h,,6,PCC,B,2.8270164026395412,0.0,0.06037499898901352,0.4131304621696472,1.1804499626159668,53.24800137329102,0.2222871631383896
observed_test,v2_2018_475_48h,,6,PCC,C,2.8270164026395412,0.0,0.06037499898901352,0.4131304621696472,1.1804499626159668,53.24800137329102,0.2222871631383896
observed_test,v2_2018_475_48h,,7,PCC,A,3.109894759479428,0.0,0.2899500039907602,0.5887197852134705,1.1903499364852905,53.24800137329102,0.2206457108259201
observed_test,v2_2018_475_48h,,7,PCC,B,3.109894759479428,0.0,0.2899500039907602,0.5887197852134705,1.1903499364852905,53.24800137329102,0.2206457108259201
observed_test,v2_2018_475_48h,,7,PCC,C,3.109894759479428,0.0,0.2899500039907602,0.5887197852134705,1.1903499364852905,53.24800137329102,0.2206457108259201
observed_test,v2_2018_475_48h,,8,PCC,A,2.8713499269982687,0.0,0.5776624840039473,0.41616514325141907,1.1986749172210693,53.24800137329102,0.21722935140132904
observed_test,v2_2018_475_48h,,8,PCC,B,2.8713499269982687,0.0,0.5776624840039473,0.41616514325141907,1.1986749172210693,53.24800137329102,0.21722935140132904
observed_test,v2_2018_475_48h,,8,PCC,C,2.8713499269982687,0.0,0.5776624840039473,0.41616514325141907,1.1986749172210693,53.24800137329102,0.21722935140132904
observed_test,v2_2018_475_48h,,9,PCC,A,3.034525548218054,0.0,0.6368791827788719,0.5137431621551514,1.2060250043869019,53.24800137329102,0.21934925019741058
observed_test,v2_2018_475_48h,,9,PCC,B,3.034525548218054,0.0,0.6368791827788719,0.5137431621551514,1.2060250043869019,53.24800137329102,0.21934925019741058
observed_test,v2_2018_475_48h,,9,PCC,C,3.034525548218054,0.0,0.6368791827788719,0.5137431621551514,1.2060250043869019,53.24800137329102,0.21934925019741058
observed_test,v2_2018_475_48h,,10,PCC,A,2.821435134075261,0.0,0.6238583188790541,0.3643687963485718,1.2117249965667725,53.24800137329102,0.2243833690881729
observed_test,v2_2018_475_48h,,10,PCC,B,2.821435134075261,0.0,0.6238583188790541,0.3643687963485718,1.2117249965667725,53.24800137329102,0.2243833690881729
observed_test,v2_2018_475_48h,,10,PCC,C,2.821435134075261,0.0,0.6238583188790541,0.3643687963485718,1.2117249965667725,53.24800137329102,0.2243833690881729
observed_test,v2_2018_475_48h,,11,PCC,A,2.8240367163397573,0.0,0.9453958616806909,0.36136627197265625,1.2150999307632446,53.24800137329102,0.22723731398582458
observed_test,v2_2018_475_48h,,11,PCC,B,2.8240367163397573,0.0,0.9453958616806909,0.36136627197265625,1.2150999307632446,53.24800137329102,0.22723731398582458
observed_test,v2_2018_475_48h,,11,PCC,C,2.8240367163397573,0.0,0.9453958616806909,0.36136627197265625,1.2150999307632446,53.24800137329102,0.22723731398582458
observed_test,v2_2018_475_48h,,12,PCC,A,3.0971727822510453,0.0,1.040508311528426,0.5383059978485107,1.2169749736785889,53.24800137329102,0.22889673709869385
observed_test,v2_2018_475_48h,,12,PCC,B,3.0971727822510453,0.0,1.040508311528426,0.5383059978485107,1.2169749736785889,53.24800137329102,0.22889673709869385
observed_test,v2_2018_475_48h,,12,PCC,C,3.0971727822510453,0.0,1.040508311528426,0.5383059978485107,1.2169749736785889,53.24800137329102,0.22889673709869385
observed_test,v2_2018_475_48h,,13,PCC,A,3.1942239343118835,0.0,0.9628374989216143,0.6031783223152161,1.2163000106811523,53.24800137329102,0.22818779945373535
observed_test,v2_2018_475_48h,,13,PCC,B,3.1942239343118835,0.0,0.9628374989216143,0.6031783223152161,1.2163000106811523,53.24800137329102,0.22818779945373535
observed_test,v2_2018_475_48h,,13,PCC,C,3.1942239343118835,0.0,0.9628374989216143,0.6031783223152161,1.2163000106811523,53.24800137329102,0.22818779945373535
observed_test,v2_2018_475_48h,,14,PCC,A,3.2826641354186514,0.0,0.45389584623850304,0.6654155254364014,1.213824987411499,53.24800137329102,0.22140124440193176
observed_test,v2_2018_475_48h,,14,PCC,B,3.2826641354186514,0.0,0.45389584623850304,0.6654155254364014,1.213824987411499,53.24800137329102,0.22140124440193176
observed_test,v2_2018_475_48h,,14,PCC,C,3.2826641354186514,0.0,0.45389584623850304,0.6654155254364014,1.213824987411499,53.24800137329102,0.22140124440193176
observed_test,v2_2018_475_48h,,15,PCC,A,3.0565982681900437,0.0,0.26103332638740534,0.5210045576095581,1.210824966430664,53.24800137329102,0.21364735066890717
observed_test,v2_2018_475_48h,,15,PCC,B,3.0565982681900437,0.0,0.26103332638740534,0.5210045576095581,1.210824966430664,53.24800137329102,0.21364735066890717
observed_test,v2_2018_475_48h,,15,PCC,C,3.0565982681900437,0.0,0.26103332638740534,0.5210045576095581,1.210824966430664,53.24800137329102,0.21364735066890717
observed_test,v2_2018_475_48h,,16,PCC,A,3.1123292043195026,0.0,0.17422083765268326,0.5631123185157776,1.207450032234192,53.24800137329102,0.20802083611488342
observed_test,v2_2018_475_48h,,16,PCC,B,3.1123292043195026,0.0,0.17422083765268326,0.5631123185157776,1.207450032234192,53.24800137329102,0.20802083611488342
observed_test,v2_2018_475_48h,,16,PCC,C,3.1123292043195026,0.0,0.17422083765268326,0.5631123185157776,1.207450032234192,53.24800137329102,0.20802083611488342
observed_test,v2_2018_475_48h,,17,PCC,A,3.032546169972656,0.0,0.10158749870382822,0.5185338854789734,1.202049970626831,53.24800137329102,0.21844016015529633
observed_test,v2_2018_475_48h,,17,PCC,B,3.032546169972656,0.0,0.10158749870382822,0.5185338854789734,1.202049970626831,53.24800137329102,0.21844016015529633
observed_test,v2_2018_475_48h,,17,PCC,C,3.032546169972656,0.0,0.10158749870382822,0.5185338854789734,1.202049970626831,53.24800137329102,0.21844016015529633
observed_test,v2_2018_475_48h,,18,PCC,A,2.992085891429742,0.0,0.028370833024382588,0.501911997795105,1.1952999830245972,53.24800137329102,0.22912158071994781
observed_test,v2_2018_475_48h,,18,PCC,B,2.992085891429742,0.0,0.028370833024382588,0.501911997795105,1.1952999830245972,53.24800137329102,0.22912158071994781
observed_test,v2_2018_475_48h,,18,PCC,C,2.992085891429742,0.0,0.028370833024382588,0.501911997795105,1.1952999830245972,53.24800137329102,0.22912158071994781
observed_test,v2_2018_475_48h,,19,PCC,A,3.064334984330434,0.0,0.0,0.5692486763000488,1.1833750009536743,53.24800137329102,0.24189895391464233
observed_test,v2_2018_475_48h,,19,PCC,B,3.064334984330434,0.0,0.0,0.5692486763000488,1.1833750009536743,53.24800137329102,0.24189895391464233
observed_test,v2_2018_475_48h,,19,PCC,C,3.064334984330434,0.0,0.0,0.5692486763000488,1.1833750009536743,53.24800137329102,0.24189895391464233
observed_test,v2_2018_475_48h,,20,PCC,A,2.891967895594212,0.0,0.0,0.458400696516037,1.1796250343322754,53.24800137329102,0.2459821254014969
observed_test,v2_2018_475_48h,,20,PCC,B,2.891967895594212,0.0,0.0,0.458400696516037,1.1796250343322754,53.24800137329102,0.2459821254014969
observed_test,v2_2018_475_48h,,20,PCC,C,2.891967895594212,0.0,0.0,0.458400696516037,1.1796250343322754,53.24800137329102,0.2459821254014969
observed_test,v2_2018_475_48h,,21,PCC,A,2.798464746482774,0.0,0.0,0.39928483963012695,1.1766999959945679,53.24800137329102,0.254844069480896
observed_test,v2_2018_475_48h,,21,PCC,B,2.798464746482774,0.0,0.0,0.39928483963012695,1.1766999959945679,53.24800137329102,0.254844069480896
observed_test,v2_2018_475_48h,,21,PCC,C,2.798464746482774,0.0,0.0,0.39928483963012695,1.1766999959945679,53.24800137329102,0.254844069480896
observed_test,v2_2018_475_48h,,22,PCC,A,2.7410484616485786,0.0,0.0,0.3637107312679291,1.174299955368042,53.24800137329102,0.2803404927253723
observed_test,v2_2018_475_48h,,22,PCC,B,2.7410484616485786,0.0,0.0,0.3637107312679291,1.174299955368042,53.24800137329102,0.2803404927253723
observed_test,v2_2018_475_48h,,22,PCC,C,2.7410484616485786,0.0,0.0,0.3637107312679291,1.174299955368042,53.24800137329102,0.2803404927253723
observed_test,v2_2018_475_48h,,23,PCC,A,2.7121987634461107,0.0,0.0,0.34759950637817383,1.1718249320983887,53.24800137329102,0.301544725894928
observed_test,v2_2018_475_48h,,23,PCC,B,2.7121987634461107,0.0,0.0,0.34759950637817383,1.1718249320983887,53.24800137329102,0.301544725894928
observed_test,v2_2018_475_48h,,23,PCC,C,2.7121987634461107,0.0,0.0,0.34759950637817383,1.1718249320983887,53.24800137329102,0.301544725894928
observed_test,v2_2018_475_48h,,24,PCC,A,2.627275818060358,0.0,0.0,0.29431068897247314,1.1684499979019165,53.24800137329102,0.3112027049064636
observed_test,v2_2018_475_48h,,24,PCC,B,2.627275818060358,0.0,0.0,0.29431068897247314,1.1684499979019165,53.24800137329102,0.3112027049064636
observed_test,v2_2018_475_48h,,24,PCC,C,2.627275818060358,0.0,0.0,0.29431068897247314,1.1684499979019165,53.24800137329102,0.3112027049064636
observed_test,v2_2018_475_48h,,25,PCC,A,2.654353043619182,0.0,0.0,0.3179371654987335,1.1648499965667725,53.24800137329102,0.31398385763168335
observed_test,v2_2018_475_48h,,25,PCC,B,2.654353043619182,0.0,0.0,0.3179371654987335,1.1648499965667725,53.24800137329102,0.31398385763168335
observed_test,v2_2018_475_48h,,25,PCC,C,2.654353043619182,0.0,0.0,0.3179371654987335,1.1648499965667725,53.24800137329102,0.31398385763168335
observed_test,v2_2018_475_48h,,26,PCC,A,2.5102022685896617,0.0,0.0,0.2232462614774704,1.1616250276565552,53.24800137329102,0.3048606812953949
observed_test,v2_2018_475_48h,,26,PCC,B,2.5102022685896617,0.0,0.0,0.2232462614774704,1.1616250276565552,53.24800137329102,0.3048606812953949
observed_test,v2_2018_475_48h,,26,PCC,C,2.5102022685896617,0.0,0.0,0.2232462614774704,1.1616250276565552,53.24800137329102,0.3048606812953949
observed_test,v2_2018_475_48h,,27,PCC,A,2.5633383355179284,0.0,0.0,0.2633455991744995,1.1590750217437744,53.24800137329102,0.29333972930908203
observed_test,v2_2018_475_48h,,27,PCC,B,2.5633383355179284,0.0,0.0,0.2633455991744995,1.1590750217437744,53.24800137329102,0.29333972930908203
observed_test,v2_2018_475_48h,,27,PCC,C,2.5633383355179284,0.0,0.0,0.2633455991744995,1.1590750217437744,53.24800137329102,0.29333972930908203
observed_test,v2_2018_475_48h,,28,PCC,A,2.6216674183795305,0.0,0.0,0.3060445785522461,1.157349944114685,53.24800137329102,0.2601999342441559
observed_test,v2_2018_475_48h,,28,PCC,B,2.6216674183795305,0.0,0.0,0.3060445785522461,1.157349944114685,53.24800137329102,0.2601999342441559
observed_test,v2_2018_475_48h,,28,PCC,C,2.6216674183795305,0.0,0.0,0.3060445785522461,1.157349944114685,53.24800137329102,0.2601999342441559
observed_test,v2_2018_475_48h,,29,PCC,A,2.597916932709332,0.0,0.0,0.2850128710269928,1.1606500148773193,53.24800137329102,0.24825310707092285
observed_test,v2_2018_475_48h,,29,PCC,B,2.597916932709332,0.0,0.0,0.2850128710269928,1.1606500148773193,53.24800137329102,0.24825310707092285
observed_test,v2_2018_475_48h,,29,PCC,C,2.597916932709332,0.0,0.0,0.2850128710269928,1.1606500148773193,53.24800137329102,0.24825310707092285
observed_test,v2_2018_475_48h,,30,PCC,A,2.807205114685619,0.0,0.05938333387558276,0.4131304621696472,1.171375036239624,53.24800137329102,0.23572802543640137
observed_test,v2_2018_475_48h,,30,PCC,B,2.807205114685619,0.0,0.05938333387558276,0.4131304621696472,1.171375036239624,53.24800137329102,0.23572802543640137
observed_test,v2_2018_475_48h,,30,PCC,C,2.807205114685619,0.0,0.05938333387558276,0.4131304621696472,1.171375036239624,53.24800137329102,0.23572802543640137
observed_test,v2_2018_475_48h,,31,PCC,A,3.0952993959040374,0.0,0.293970824434207,0.5887197852134705,1.1842750310897827,53.24800137329102,0.2278219312429428
observed_test,v2_2018_475_48h,,31,PCC,B,3.0952993959040374,0.0,0.293970824434207,0.5887197852134705,1.1842750310897827,53.24800137329102,0.2278219312429428
observed_test,v2_2018_475_48h,,31,PCC,C,3.0952993959040374,0.0,0.293970824434207,0.5887197852134705,1.1842750310897827,53.24800137329102,0.2278219312429428
observed_test,v2_2018_475_48h,,32,PCC,A,2.8721700753183677,0.0,0.5861375194329481,0.41616514325141907,1.199049949645996,53.24800137329102,0.22451649606227875
observed_test,v2_2018_475_48h,,32,PCC,B,2.8721700753183677,0.0,0.5861375194329481,0.41616514325141907,1.199049949645996,53.24800137329102,0.22451649606227875
observed_test,v2_2018_475_48h,,32,PCC,C,2.8721700753183677,0.0,0.5861375194329481,0.41616514325141907,1.199049949645996,53.24800137329102,0.22451649606227875
observed_test,v2_2018_475_48h,,33,PCC,A,3.0402399948520085,0.0,0.824854179070546,0.5137431621551514,1.2085000276565552,53.24800137329102,0.22739911079406738
observed_test,v2_2018_475_48h,,33,PCC,B,3.0402399948520085,0.0,0.824854179070546,0.5137431621551514,1.2085000276565552,53.24800137329102,0.22739911079406738
observed_test,v2_2018_475_48h,,33,PCC,C,3.0402399948520085,0.0,0.824854179070546,0.5137431621551514,1.2085000276565552,53.24800137329102,0.22739911079406738
observed_test,v2_2018_475_48h,,34,PCC,A,2.827005694902456,0.0,0.9852917148516728,0.3643687963485718,1.2143499851226807,53.24800137329102,0.2333221286535263
observed_test,v2_2018_475_48h,,34,PCC,B,2.827005694902456,0.0,0.9852917148516728,0.3643687963485718,1.2143499851226807,53.24800137329102,0.2333221286535263
observed_test,v2_2018_475_48h,,34,PCC,C,2.827005694902456,0.0,0.9852917148516728,0.3643687963485718,1.2143499851226807,53.24800137329102,0.2333221286535263
observed_test,v2_2018_475_48h,,35,PCC,A,2.829120901217872,0.0,1.0149708160987265,0.36136627197265625,1.2174999713897705,53.24800137329102,0.23899239301681519
observed_test,v2_2018_475_48h,,35,PCC,B,2.829120901217872,0.0,1.0149708160987265,0.36136627197265625,1.2174999713897705,53.24800137329102,0.23899239301681519
observed_test,v2_2018_475_48h,,35,PCC,C,2.829120901217872,0.0,1.0149708160987265,0.36136627197265625,1.2174999713897705,53.24800137329102,0.23899239301681519
observed_test,v2_2018_475_48h,,36,PCC,A,3.1029632208723874,0.0,0.9539624819388756,0.5383059978485107,1.2194499969482422,53.24800137329102,0.2420308142900467
observed_test,v2_2018_475_48h,,36,PCC,B,3.1029632208723874,0.0,0.9539624819388756,0.5383059978485107,1.2194499969482422,53.24800137329102,0.2420308142900467
observed_test,v2_2018_475_48h,,36,PCC,C,3.1029632208723874,0.0,0.9539624819388756,0.5383059978485107,1.2194499969482422,53.24800137329102,0.2420308142900467
observed_test,v2_2018_475_48h,,37,PCC,A,3.203845769759127,0.0,0.9417083400946397,0.6031783223152161,1.2202749252319336,53.24800137329102,0.24318714439868927
observed_test,v2_2018_475_48h,,37,PCC,B,3.203845769759127,0.0,0.9417083400946397,0.6031783223152161,1.2202749252319336,53.24800137329102,0.24318714439868927
observed_test,v2_2018_475_48h,,37,PCC,C,3.203845769759127,0.0,0.9417083400946397,0.6031783223152161,1.2202749252319336,53.24800137329102,0.24318714439868927
observed_test,v2_2018_475_48h,,38,PCC,A,3.2989665299180757,0.0,0.8284708055166097,0.6654155254364014,1.2203500270843506,53.24800137329102,0.254604309797287
observed_test,v2_2018_475_48h,,38,PCC,B,3.2989665299180757,0.0,0.8284708055166097,0.6654155254364014,1.2203500270843506,53.24800137329102,0.254604309797287
observed_test,v2_2018_475_48h,,38,PCC,C,3.2989665299180757,0.0,0.8284708055166097,0.6654155254364014,1.2203500270843506,53.24800137329102,0.254604309797287
observed_test,v2_2018_475_48h,,39,PCC,A,3.074851827224464,0.0,0.4265916748688771,0.5210045576095581,1.2186999320983887,53.24800137329102,0.2590092718601227
observed_test,v2_2018_475_48h,,39,PCC,B,3.074851827224464,0.0,0.4265916748688771,0.5210045576095581,1.2186999320983887,53.24800137329102,0.2590092718601227
observed_test,v2_2018_475_48h,,39,PCC,C,3.074851827224464,0.0,0.4265916748688771,0.5210045576095581,1.2186999320983887,53.24800137329102,0.2590092718601227
observed_test,v2_2018_475_48h,,40,PCC,A,3.131175010452678,0.0,0.22111666890291068,0.5631123185157776,1.215399980545044,53.24800137329102,0.2726680636405945
observed_test,v2_2018_475_48h,,40,PCC,B,3.131175010452678,0.0,0.22111666890291068,0.5631123185157776,1.215399980545044,53.24800137329102,0.2726680636405945
observed_test,v2_2018_475_48h,,40,PCC,C,3.131175010452678,0.0,0.22111666890291068,0.5631123185157776,1.215399980545044,53.24800137329102,0.2726680636405945
observed_test,v2_2018_475_48h,,41,PCC,A,3.0462616988745648,0.0,0.11507916765717359,0.5185338854789734,1.2079750299453735,53.24800137329102,0.2878139019012451
observed_test,v2_2018_475_48h,,41,PCC,B,3.0462616988745648,0.0,0.11507916765717359,0.5185338854789734,1.2079750299453735,53.24800137329102,0.2878139019012451
observed_test,v2_2018_475_48h,,41,PCC,C,3.0462616988745648,0.0,0.11507916765717359,0.5185338854789734,1.2079750299453735,53.24800137329102,0.2878139019012451
observed_test,v2_2018_475_48h,,42,PCC,A,3.001892901844878,0.0,0.0159541664358515,0.501911997795105,1.1995749473571777,53.24800137329102,0.29619458317756653
observed_test,v2_2018_475_48h,,42,PCC,B,3.001892901844878,0.0,0.0159541664358515,0.501911997795105,1.1995749473571777,53.24800137329102,0.29619458317756653
observed_test,v2_2018_475_48h,,42,PCC,C,3.001892901844878,0.0,0.0159541664358515,0.501911997795105,1.1995749473571777,53.24800137329102,0.29619458317756653
observed_test,v2_2018_475_48h,,43,PCC,A,3.073788518979929,0.0,0.0,0.5692486763000488,1.1873500347137451,53.24800137329102,0.3040914833545685
observed_test,v2_2018_475_48h,,43,PCC,B,3.073788518979929,0.0,0.0,0.5692486763000488,1.1873500347137451,53.24800137329102,0.3040914833545685
observed_test,v2_2018_475_48h,,43,PCC,C,3.073788518979929,0.0,0.0,0.5692486763000488,1.1873500347137451,53.24800137329102,0.3040914833545685
observed_test,v2_2018_475_48h,,44,PCC,A,2.89583122897025,0.0,0.0,0.458400696516037,1.1813499927520752,53.24800137329102,0.29918941855430603
observed_test,v2_2018_475_48h,,44,PCC,B,2.89583122897025,0.0,0.0,0.458400696516037,1.1813499927520752,53.24800137329102,0.29918941855430603
observed_test,v2_2018_475_48h,,44,PCC,C,2.89583122897025,0.0,0.0,0.458400696516037,1.1813499927520752,53.24800137329102,0.29918941855430603
observed_test,v2_2018_475_48h,,45,PCC,A,2.796515485770229,0.0,0.0,0.39928483963012695,1.1757999658584595,53.24800137329102,0.2978053689002991
observed_test,v2_2018_475_48h,,45,PCC,B,2.796515485770229,0.0,0.0,0.39928483963012695,1.1757999658584595,53.24800137329102,0.2978053689002991
observed_test,v2_2018_475_48h,,45,PCC,C,2.796515485770229,0.0,0.0,0.39928483963012695,1.1757999658584595,53.24800137329102,0.2978053689002991
observed_test,v2_2018_475_48h,,46,PCC,A,2.735957496152791,0.0,0.0,0.3637107312679291,1.1719000339508057,53.24800137329102,0.29706329107284546
observed_test,v2_2018_475_48h,,46,PCC,B,2.735957496152791,0.0,0.0,0.3637107312679291,1.1719000339508057,53.24800137329102,0.29706329107284546
observed_test,v2_2018_475_48h,,46,PCC,C,2.735957496152791,0.0,0.0,0.3637107312679291,1.1719000339508057,53.24800137329102,0.29706329107284546
observed_test,v2_2018_475_48h,,47,PCC,A,2.7074712320105143,0.0,0.0,0.34759950637817383,1.1695749759674072,53.24800137329102,0.2957090437412262
observed_test,v2_2018_475_48h,,47,PCC,B,2.7074712320105143,0.0,0.0,0.34759950637817383,1.1695749759674072,53.24800137329102,0.2957090437412262
observed_test,v2_2018_475_48h,,47,PCC,C,2.7074712320105143,0.0,0.0,0.34759950637817383,1.1695749759674072,53.24800137329102,0.2957090437412262
observed_test,v2_2018_477_48h,,0,PCC,A,2.627275818060358,0.0,0.0,0.29431068897247314,1.1684499979019165,53.24800137329102,0.36483490467071533
observed_test,v2_2018_477_48h,,0,PCC,B,2.627275818060358,0.0,0.0,0.29431068897247314,1.1684499979019165,53.24800137329102,0.36483490467071533
observed_test,v2_2018_477_48h,,0,PCC,C,2.627275818060358,0.0,0.0,0.29431068897247314,1.1684499979019165,53.24800137329102,0.36483490467071533
observed_test,v2_2018_477_48h,,1,PCC,A,2.655127143593416,0.0,0.0,0.3179371654987335,1.1652250289916992,34.72425106811524,0.36075425148010254
observed_test,v2_2018_477_48h,,1,PCC,B,2.655127143593416,0.0,0.0,0.3179371654987335,1.1652250289916992,34.72425106811524,0.36075425148010254
observed_test,v2_2018_477_48h,,1,PCC,C,2.655127143593416,0.0,0.0,0.3179371654987335,1.1652250289916992,34.72425106811524,0.36075425148010254
observed_test,v2_2018_477_48h,,2,PCC,A,2.5107858508509473,0.0,0.0,0.2232462614774704,1.161924958229065,34.72425106811524,0.35972312092781067
observed_test,v2_2018_477_48h,,2,PCC,B,2.5107858508509473,0.0,0.0,0.2232462614774704,1.161924958229065,34.72425106811524,0.35972312092781067
observed_test,v2_2018_477_48h,,2,PCC,C,2.5107858508509473,0.0,0.0,0.2232462614774704,1.161924958229065,34.72425106811524,0.35972312092781067
observed_test,v2_2018_477_48h,,3,PCC,A,2.5630387895777638,0.0,0.0,0.2633455991744995,1.15892493724823,34.72425106811524,0.358291894197464
observed_test,v2_2018_477_48h,,3,PCC,B,2.5630387895777638,0.0,0.0,0.2633455991744995,1.15892493724823,34.72425106811524,0.358291894197464
observed_test,v2_2018_477_48h,,3,PCC,C,2.5630387895777638,0.0,0.0,0.2633455991744995,1.15892493724823,34.72425106811524,0.358291894197464
observed_test,v2_2018_477_48h,,4,PCC,A,2.619362088139629,0.0,0.0,0.3060445785522461,1.1562249660491943,34.72425106811524,0.33894482254981995
observed_test,v2_2018_477_48h,,4,PCC,B,2.619362088139629,0.0,0.0,0.3060445785522461,1.1562249660491943,34.72425106811524,0.33894482254981995
observed_test,v2_2018_477_48h,,4,PCC,C,2.619362088139629,0.0,0.0,0.3060445785522461,1.1562249660491943,34.72425106811524,0.33894482254981995
observed_test,v2_2018_477_48h,,5,PCC,A,2.5919997768450354,0.0,0.0,0.2850128710269928,1.1577249765396118,34.72425106811524,0.3224259614944458
observed_test,v2_2018_477_48h,,5,PCC,B,2.5919997768450354,0.0,0.0,0.2850128710269928,1.1577249765396118,34.72425106811524,0.3224259614944458
observed_test,v2_2018_477_48h,,5,PCC,C,2.5919997768450354,0.0,0.0,0.2850128710269928,1.1577249765396118,34.72425106811524,0.3224259614944458
observed_test,v2_2018_477_48h,,6,PCC,A,2.7970535407094927,0.0,0.0572958316367406,0.4131304621696472,1.1667249202728271,53.24800137329102,0.30066433548927307
observed_test,v2_2018_477_48h,,6,PCC,B,2.7970535407094927,0.0,0.0572958316367406,0.4131304621696472,1.1667249202728271,53.24800137329102,0.30066433548927307
observed_test,v2_2018_477_48h,,6,PCC,C,2.7970535407094927,0.0,0.0572958316367406,0.4131304621696472,1.1667249202728271,53.24800137329102,0.30066433548927307
observed_test,v2_2018_477_48h,,7,PCC,A,3.08034315795453,0.0,0.29245832791695225,0.5887197852134705,1.178049921989441,53.24800137329102,0.28425970673561096
observed_test,v2_2018_477_48h,,7,PCC,B,3.08034315795453,0.0,0.29245832791695225,0.5887197852134705,1.178049921989441,53.24800137329102,0.28425970673561096
observed_test,v2_2018_477_48h,,7,PCC,C,3.08034315795453,0.0,0.29245832791695225,0.5887197852134705,1.178049921989441,53.24800137329102,0.28425970673561096
observed_test,v2_2018_477_48h,,8,PCC,A,2.8595409382494297,0.0,0.5777083337306975,0.41616514325141907,1.193274974822998,53.24800137329102,0.27591580152511597
observed_test,v2_2018_477_48h,,8,PCC,B,2.8595409382494297,0.0,0.5777083337306975,0.41616514325141907,1.193274974822998,53.24800137329102,0.27591580152511597
observed_test,v2_2018_477_48h,,8,PCC,C,2.8595409382494297,0.0,0.5777083337306975,0.41616514325141907,1.193274974822998,53.24800137329102,0.27591580152511597
observed_test,v2_2018_477_48h,,9,PCC,A,3.0310622555682585,0.0,0.8148250098411852,0.5137431621551514,1.2045249938964844,53.24800137329102,0.27366191148757935
observed_test,v2_2018_477_48h,,9,PCC,B,3.0310622555682585,0.0,0.8148250098411852,0.5137431621551514,1.2045249938964844,53.24800137329102,0.27366191148757935
observed_test,v2_2018_477_48h,,9,PCC,C,3.0310622555682585,0.0,0.8148250098411852,0.5137431621551514,1.2045249938964844,53.24800137329102,0.27366191148757935
observed_test,v2_2018_477_48h,,10,PCC,A,2.8131587277163823,0.0,0.9374458056229811,0.3643687963485718,1.207824945449829,53.24800137329102,0.2816779613494873
observed_test,v2_2018_477_48h,,10,PCC,B,2.8131587277163823,0.0,0.9374458056229811,0.3643687963485718,1.207824945449829,53.24800137329102,0.2816779613494873
observed_test,v2_2018_477_48h,,10,PCC,C,2.8131587277163823,0.0,0.9374458056229811,0.3643687963485718,1.207824945449829,53.24800137329102,0.2816779613494873
observed_test,v2_2018_477_48h,,11,PCC,A,2.811644315578633,0.0,0.9740832906502943,0.36136627197265625,1.2092499732971191,53.24800137329102,0.3064112663269043
observed_test,v2_2018_477_48h,,11,PCC,B,2.811644315578633,0.0,0.9740832906502943,0.36136627197265625,1.2092499732971191,53.24800137329102,0.3064112663269043
observed_test,v2_2018_477_48h,,11,PCC,C,2.811644315578633,0.0,0.9740832906502943,0.36136627197265625,1.2092499732971191,53.24800137329102,0.3064112663269043
observed_test,v2_2018_477_48h,,12,PCC,A,3.0840127958919936,0.0,1.0060750521146333,0.5383059978485107,1.2113499641418457,53.24800137329102,0.3105011582374573
observed_test,v2_2018_477_48h,,12,PCC,B,3.0840127958919936,0.0,1.0060750521146333,0.5383059978485107,1.2113499641418457,53.24800137329102,0.3105011582374573
observed_test,v2_2018_477_48h,,12,PCC,C,3.0840127958919936,0.0,1.0060750521146333,0.5383059978485107,1.2113499641418457,53.24800137329102,0.3105011582374573
observed_test,v2_2018_477_48h,,13,PCC,A,3.189866637189361,0.0,0.7865708607893723,0.6031783223152161,1.2144999504089355,53.24800137329102,0.29495617747306824
observed_test,v2_2018_477_48h,,13,PCC,B,3.189866637189361,0.0,0.7865708607893723,0.6031783223152161,1.2144999504089355,53.24800137329102,0.29495617747306824
observed_test,v2_2018_477_48h,,13,PCC,C,3.189866637189361,0.0,0.7865708607893723,0.6031783223152161,1.2144999504089355,53.24800137329102,0.29495617747306824
observed_test,v2_2018_477_48h,,14,PCC,A,3.289222501519158,0.0,0.7577416415397936,0.6654155254364014,1.2164499759674072,53.24800137329102,0.27724555134773254
observed_test,v2_2018_477_48h,,14,PCC,B,3.289222501519158,0.0,0.7577416415397936,0.6654155254364014,1.2164499759674072,53.24800137329102,0.27724555134773254
observed_test,v2_2018_477_48h,,14,PCC,C,3.289222501519158,0.0,0.7577416415397936,0.6654155254364014,1.2164499759674072,53.24800137329102,0.27724555134773254
observed_test,v2_2018_477_48h,,15,PCC,A,3.0692889957003806,0.0,0.7155875173898844,0.5210045576095581,1.2163000106811523,53.24800137329102,0.27965736389160156
observed_test,v2_2018_477_48h,,15,PCC,B,3.0692889957003806,0.0,0.7155875173898844,0.5210045576095581,1.2163000106811523,53.24800137329102,0.27965736389160156
observed_test,v2_2018_477_48h,,15,PCC,C,3.0692889957003806,0.0,0.7155875173898844,0.5210045576095581,1.2163000106811523,53.24800137329102,0.27965736389160156
observed_test,v2_2018_477_48h,,16,PCC,A,3.1285081857517714,0.0,0.5151374981953547,0.5631123185157776,1.2142750024795532,53.24800137329102,0.2869911193847656
observed_test,v2_2018_477_48h,,16,PCC,B,3.1285081857517714,0.0,0.5151374981953547,0.5631123185157776,1.2142750024795532,53.24800137329102,0.2869911193847656
observed_test,v2_2018_477_48h,,16,PCC,C,3.1285081857517714,0.0,0.5151374981953547,0.5631123185157776,1.2142750024795532,53.24800137329102,0.2869911193847656
observed_test,v2_2018_477_48h,,17,PCC,A,3.0493865534967246,0.0,0.29370833474856156,0.5185338854789734,1.2093249559402466,53.24800137329102,0.2951517403125763
observed_test,v2_2018_477_48h,,17,PCC,B,3.0493865534967246,0.0,0.29370833474856156,0.5185338854789734,1.2093249559402466,53.24800137329102,0.2951517403125763
observed_test,v2_2018_477_48h,,17,PCC,C,3.0493865534967246,0.0,0.29370833474856156,0.5185338854789734,1.2093249559402466,53.24800137329102,0.2951517403125763
observed_test,v2_2018_477_48h,,18,PCC,A,3.007054702173528,0.0,0.0662958321089928,0.501911997795105,1.2018250226974487,121.88174847412108,0.3107438087463379
observed_test,v2_2018_477_48h,,18,PCC,B,3.007054702173528,0.0,0.0662958321089928,0.501911997795105,1.2018250226974487,121.88174847412108,0.3107438087463379
observed_test,v2_2018_477_48h,,18,PCC,C,3.007054702173528,0.0,0.0662958321089928,0.501911997795105,1.2018250226974487,121.88174847412108,0.3107438087463379
observed_test,v2_2018_477_48h,,19,PCC,A,3.0887712869858226,0.0,0.0,0.5692486763000488,1.1936500072479248,121.88174847412108,0.3241565525531769
observed_test,v2_2018_477_48h,,19,PCC,B,3.0887712869858226,0.0,0.0,0.5692486763000488,1.1936500072479248,121.88174847412108,0.3241565525531769
observed_test,v2_2018_477_48h,,19,PCC,C,3.0887712869858226,0.0,0.0,0.5692486763000488,1.1936500072479248,121.88174847412108,0.3241565525531769
observed_test,v2_2018_477_48h,,20,PCC,A,2.9153163660204675,0.0,0.0,0.458400696516037,1.1900500059127808,121.88174847412108,0.3228759467601776
observed_test,v2_2018_477_48h,,20,PCC,B,2.9153163660204675,0.0,0.0,0.458400696516037,1.1900500059127808,121.88174847412108,0.3228759467601776
observed_test,v2_2018_477_48h,,20,PCC,C,2.9153163660204675,0.0,0.0,0.458400696516037,1.1900500059127808,121.88174847412108,0.3228759467601776
observed_test,v2_2018_477_48h,,21,PCC,A,2.818768814061144,0.0,0.0,0.39928483963012695,1.18607497215271,53.24800137329102,0.3177696466445923
observed_test,v2_2018_477_48h,,21,PCC,B,2.818768814061144,0.0,0.0,0.39928483963012695,1.18607497215271,53.24800137329102,0.3177696466445923
observed_test,v2_2018_477_48h,,21,PCC,C,2.818768814061144,0.0,0.0,0.39928483963012695,1.18607497215271,53.24800137329102,0.3177696466445923
observed_test,v2_2018_477_48h,,22,PCC,A,2.757912980271373,0.0,0.0,0.3637107312679291,1.1822500228881836,53.24800137329102,0.319837749004364
observed_test,v2_2018_477_48h,,22,PCC,B,2.757912980271373,0.0,0.0,0.3637107312679291,1.1822500228881836,53.24800137329102,0.319837749004364
observed_test,v2_2018_477_48h,,22,PCC,C,2.757912980271373,0.0,0.0,0.3637107312679291,1.1822500228881836,53.24800137329102,0.319837749004364
observed_test,v2_2018_477_48h,,23,PCC,A,2.7266969606780265,0.0,0.0,0.34759950637817383,1.178725004196167,53.24800137329102,0.32414963841438293
observed_test,v2_2018_477_48h,,23,PCC,B,2.7266969606780265,0.0,0.0,0.34759950637817383,1.178725004196167,53.24800137329102,0.32414963841438293
observed_test,v2_2018_477_48h,,23,PCC,C,2.7266969606780265,0.0,0.0,0.34759950637817383,1.178725004196167,53.24800137329102,0.32414963841438293
observed_test,v2_2018_477_48h,,24,PCC,A,2.642840200113291,0.0,0.0,0.29431068897247314,1.1761000156402588,53.24800137329102,0.33228906989097595
observed_test,v2_2018_477_48h,,24,PCC,B,2.642840200113291,0.0,0.0,0.29431068897247314,1.1761000156402588,53.24800137329102,0.33228906989097595
observed_test,v2_2018_477_48h,,24,PCC,C,2.642840200113291,0.0,0.0,0.29431068897247314,1.1761000156402588,53.24800137329102,0.33228906989097595
observed_test,v2_2018_477_48h,,25,PCC,A,2.673549049782524,0.0,0.0,0.3179371654987335,1.174149990081787,34.72425106811524,0.33377763628959656
observed_test,v2_2018_477_48h,,25,PCC,B,2.673549049782524,0.0,0.0,0.3179371654987335,1.174149990081787,34.72425106811524,0.33377763628959656
observed_test,v2_2018_477_48h,,25,PCC,C,2.673549049782524,0.0,0.0,0.3179371654987335,1.174149990081787,34.72425106811524,0.33377763628959656
observed_test,v2_2018_477_48h,,26,PCC,A,2.5323834973840813,0.0,0.0,0.2232462614774704,1.1730250120162964,34.72425106811524,0.33147165179252625
observed_test,v2_2018_477_48h,,26,PCC,B,2.5323834973840813,0.0,0.0,0.2232462614774704,1.1730250120162964,34.72425106811524,0.33147165179252625
observed_test,v2_2018_477_48h,,26,PCC,C,2.5323834973840813,0.0,0.0,0.2232462614774704,1.1730250120162964,34.72425106811524,0.33147165179252625
observed_test,v2_2018_477_48h,,27,PCC,A,2.589833043067472,0.0,0.0,0.2633455991744995,1.1723499298095703,34.72425106811524,0.32121407985687256
observed_test,v2_2018_477_48h,,27,PCC,B,2.589833043067472,0.0,0.0,0.2633455991744995,1.1723499298095703,34.72425106811524,0.32121407985687256
observed_test,v2_2018_477_48h,,27,PCC,C,2.589833043067472,0.0,0.0,0.2633455991744995,1.1723499298095703,34.72425106811524,0.32121407985687256
observed_test,v2_2018_477_48h,,28,PCC,A,2.6490245576087452,0.0,0.0,0.3060445785522461,1.170699954032898,34.72425106811524,0.2928297519683838
observed_test,v2_2018_477_48h,,28,PCC,B,2.6490245576087452,0.0,0.0,0.3060445785522461,1.170699954032898,34.72425106811524,0.2928297519683838
observed_test,v2_2018_477_48h,,28,PCC,C,2.6490245576087452,0.0,0.0,0.3060445785522461,1.170699954032898,34.72425106811524,0.2928297519683838
observed_test,v2_2018_477_48h,,29,PCC,A,2.619005949194176,0.0,0.0,0.2850128710269928,1.1710749864578247,34.72425106811524,0.2800494432449341
observed_test,v2_2018_477_48h,,29,PCC,B,2.619005949194176,0.0,0.0,0.2850128710269928,1.1710749864578247,34.72425106811524,0.2800494432449341
observed_test,v2_2018_477_48h,,29,PCC,C,2.619005949194176,0.0,0.0,0.2850128710269928,1.1710749864578247,34.72425106811524,0.2800494432449341
observed_test,v2_2018_477_48h,,30,PCC,A,2.8211221502045203,0.0,0.05626250058412551,0.4131304621696472,1.1777499914169312,53.24800137329102,0.2751381993293762
observed_test,v2_2018_477_48h,,30,PCC,B,2.8211221502045203,0.0,0.05626250058412551,0.4131304621696472,1.1777499914169312,53.24800137329102,0.2751381993293762
observed_test,v2_2018_477_48h,,30,PCC,C,2.8211221502045203,0.0,0.05626250058412551,0.4131304621696472,1.1777499914169312,53.24800137329102,0.2751381993293762
observed_test,v2_2018_477_48h,,31,PCC,A,3.1062908846782284,0.0,0.2860583364963531,0.5887197852134705,1.188849925994873,53.24800137329102,0.273440420627594
observed_test,v2_2018_477_48h,,31,PCC,B,3.1062908846782284,0.0,0.2860583364963531,0.5887197852134705,1.188849925994873,53.24800137329102,0.273440420627594
observed_test,v2_2018_477_48h,,31,PCC,C,3.1062908846782284,0.0,0.2860583364963531,0.5887197852134705,1.188849925994873,53.24800137329102,0.273440420627594
observed_test,v2_2018_477_48h,,32,PCC,A,2.881026947227791,0.0,0.5808708186332996,0.41616514325141907,1.2030999660491943,53.24800137329102,0.2749433219432831
observed_test,v2_2018_477_48h,,32,PCC,B,2.881026947227791,0.0,0.5808708186332996,0.41616514325141907,1.2030999660491943,53.24800137329102,0.2749433219432831
observed_test,v2_2018_477_48h,,32,PCC,C,2.881026947227791,0.0,0.5808708186332996,0.41616514325141907,1.2030999660491943,53.24800137329102,0.2749433219432831
observed_test,v2_2018_477_48h,,33,PCC,A,3.051322366189846,0.0,0.835704173033054,0.5137431621551514,1.2132999897003174,53.24800137329102,0.2761172354221344
observed_test,v2_2018_477_48h,,33,PCC,B,3.051322366189846,0.0,0.835704173033054,0.5137431621551514,1.2132999897003174,53.24800137329102,0.2761172354221344
observed_test,v2_2018_477_48h,,33,PCC,C,3.051322366189846,0.0,0.835704173033054,0.5137431621551514,1.2132999897003174,53.24800137329102,0.2761172354221344
observed_test,v2_2018_477_48h,,34,PCC,A,2.8381468165568458,0.0,1.0165458688369162,0.3643687963485718,1.219599962234497,53.24800137329102,0.280690461397171
observed_test,v2_2018_477_48h,,34,PCC,B,2.8381468165568458,0.0,1.0165458688369162,0.3643687963485718,1.219599962234497,53.24800137329102,0.280690461397171
observed_test,v2_2018_477_48h,,34,PCC,C,2.8381468165568458,0.0,1.0165458688369162,0.3643687963485718,1.219599962234497,53.24800137329102,0.280690461397171
observed_test,v2_2018_477_48h,,35,PCC,A,2.8427845375959655,0.0,1.1189333521402798,0.36136627197265625,1.2239500284194946,53.24800137329102,0.28519904613494873
observed_test,v2_2018_477_48h,,35,PCC,B,2.8427845375959655,0.0,1.1189333521402798,0.36136627197265625,1.2239500284194946,53.24800137329102,0.28519904613494873
observed_test,v2_2018_477_48h,,35,PCC,C,2.8427845375959655,0.0,1.1189333521402798,0.36136627197265625,1.2239500284194946,53.24800137329102,0.28519904613494873
observed_test,v2_2018_477_48h,,36,PCC,A,3.1208608134765377,0.0,1.088020778619326,0.5383059978485107,1.2271000146865845,53.24800137329102,0.2889251112937927
observed_test,v2_2018_477_48h,,36,PCC,B,3.1208608134765377,0.0,1.088020778619326,0.5383059978485107,1.2271000146865845,53.24800137329102,0.2889251112937927
observed_test,v2_2018_477_48h,,36,PCC,C,3.1208608134765377,0.0,1.088020778619326,0.5383059978485107,1.2271000146865845,53.24800137329102,0.2889251112937927
observed_test,v2_2018_477_48h,,37,PCC,A,3.2241793420596916,0.0,1.042191684246063,0.6031783223152161,1.2286750078201294,53.24800137329102,0.2811610698699951
observed_test,v2_2018_477_48h,,37,PCC,B,3.2241793420596916,0.0,1.042191684246063,0.6031783223152161,1.2286750078201294,53.24800137329102,0.2811610698699951
observed_test,v2_2018_477_48h,,37,PCC,C,3.2241793420596916,0.0,1.042191684246063,0.6031783223152161,1.2286750078201294,53.24800137329102,0.2811610698699951
observed_test,v2_2018_477_48h,,38,PCC,A,3.3199533014396962,0.0,1.0020332840772774,0.6654155254364014,1.2287499904632568,53.24800137329102,0.2821037173271179
observed_test,v2_2018_477_48h,,38,PCC,B,3.3199533014396962,0.0,1.0020332840772774,0.6654155254364014,1.2287499904632568,53.24800137329102,0.2821037173271179
observed_test,v2_2018_477_48h,,38,PCC,C,3.3199533014396962,0.0,1.0020332840772774,0.6654155254364014,1.2287499904632568,53.24800137329102,0.2821037173271179
observed_test,v2_2018_477_48h,,39,PCC,A,3.0943225665123903,0.0,0.8216750163298386,0.5210045576095581,1.2271000146865845,53.24800137329102,0.28912773728370667
observed_test,v2_2018_477_48h,,39,PCC,B,3.0943225665123903,0.0,0.8216750163298386,0.5210045576095581,1.2271000146865845,53.24800137329102,0.28912773728370667
observed_test,v2_2018_477_48h,,39,PCC,C,3.0943225665123903,0.0,0.8216750163298386,0.5210045576095581,1.2271000146865845,53.24800137329102,0.28912773728370667
observed_test,v2_2018_477_48h,,40,PCC,A,3.154465712815648,0.0,0.568649975153116,0.5631123185157776,1.2252249717712402,53.24800137329102,0.3023739159107208
observed_test,v2_2018_477_48h,,40,PCC,B,3.154465712815648,0.0,0.568649975153116,0.5631123185157776,1.2252249717712402,53.24800137329102,0.3023739159107208
observed_test,v2_2018_477_48h,,40,PCC,C,3.154465712815648,0.0,0.568649975153116,0.5631123185157776,1.2252249717712402,53.24800137329102,0.3023739159107208
observed_test,v2_2018_477_48h,,41,PCC,A,3.073345060031975,0.0,0.2993708333143821,0.5185338854789734,1.2196749448776245,53.24800137329102,0.3217485249042511
observed_test,v2_2018_477_48h,,41,PCC,B,3.073345060031975,0.0,0.2993708333143821,0.5185338854789734,1.2196749448776245,53.24800137329102,0.3217485249042511
observed_test,v2_2018_477_48h,,41,PCC,C,3.073345060031975,0.0,0.2993708333143821,0.5185338854789734,1.2196749448776245,53.24800137329102,0.3217485249042511
observed_test,v2_2018_477_48h,,42,PCC,A,3.0251203196416383,0.0,0.0637083314359188,0.501911997795105,1.2096999883651733,121.88174847412108,0.34076350927352905
observed_test,v2_2018_477_48h,,42,PCC,B,3.0251203196416383,0.0,0.0637083314359188,0.501911997795105,1.2096999883651733,121.88174847412108,0.34076350927352905
observed_test,v2_2018_477_48h,,42,PCC,C,3.0251203196416383,0.0,0.0637083314359188,0.501911997795105,1.2096999883651733,121.88174847412108,0.34076350927352905
observed_test,v2_2018_477_48h,,43,PCC,A,3.0966193225583916,0.0,0.0,0.5692486763000488,1.1969499588012695,121.88174847412108,0.3609183728694916
observed_test,v2_2018_477_48h,,43,PCC,B,3.0966193225583916,0.0,0.0,0.5692486763000488,1.1969499588012695,121.88174847412108,0.3609183728694916
observed_test,v2_2018_477_48h,,43,PCC,C,3.0966193225583916,0.0,0.0,0.5692486763000488,1.1969499588012695,121.88174847412108,0.3609183728694916
observed_test,v2_2018_477_48h,,44,PCC,A,2.917500070490586,0.0,0.0,0.458400696516037,1.1910250186920166,121.88174847412108,0.3623015284538269
observed_test,v2_2018_477_48h,,44,PCC,B,2.917500070490586,0.0,0.0,0.458400696516037,1.1910250186920166,121.88174847412108,0.3623015284538269
observed_test,v2_2018_477_48h,,44,PCC,C,2.917500070490586,0.0,0.0,0.458400696516037,1.1910250186920166,121.88174847412108,0.3623015284538269
observed_test,v2_2018_477_48h,,45,PCC,A,2.8177941837048714,0.0,0.0,0.39928483963012695,1.1856249570846558,53.24800137329102,0.3601513206958771
observed_test,v2_2018_477_48h,,45,PCC,B,2.8177941837048714,0.0,0.0,0.39928483963012695,1.1856249570846558,53.24800137329102,0.3601513206958771
observed_test,v2_2018_477_48h,,45,PCC,C,2.8177941837048714,0.0,0.0,0.39928483963012695,1.1856249570846558,53.24800137329102,0.3601513206958771
observed_test,v2_2018_477_48h,,46,PCC,A,2.7553672446442072,0.0,0.0,0.3637107312679291,1.1810499429702759,53.24800137329102,0.36570608615875244
observed_test,v2_2018_477_48h,,46,PCC,B,2.7553672446442072,0.0,0.0,0.3637107312679291,1.1810499429702759,53.24800137329102,0.36570608615875244
observed_test,v2_2018_477_48h,,46,PCC,C,2.7553672446442072,0.0,0.0,0.3637107312679291,1.1810499429702759,53.24800137329102,0.36570608615875244
observed_test,v2_2018_477_48h,,47,PCC,A,2.724963398896435,0.0,0.0,0.34759950637817383,1.177899956703186,53.24800137329102,0.3693509101867676
observed_test,v2_2018_477_48h,,47,PCC,B,2.724963398896435,0.0,0.0,0.34759950637817383,1.177899956703186,53.24800137329102,0.3693509101867676
observed_test,v2_2018_477_48h,,47,PCC,C,2.724963398896435,0.0,0.0,0.34759950637817383,1.177899956703186,53.24800137329102,0.3693509101867676
observed_test,v2_2018_413_48h,,0,PCC,A,2.589738233557025,0.0,0.0,0.29431068897247314,1.149999976158142,53.24800137329102,0.21771878004074097
observed_test,v2_2018_413_48h,,0,PCC,B,2.589738233557025,0.0,0.0,0.29431068897247314,1.149999976158142,53.24800137329102,0.21771878004074097
observed_test,v2_2018_413_48h,,0,PCC,C,2.589738233557025,0.0,0.0,0.29431068897247314,1.149999976158142,53.24800137329102,0.21771878004074097
observed_test,v2_2018_413_48h,,1,PCC,A,2.6237012928594003,0.0,0.0,0.3179371654987335,1.149999976158142,34.72425106811524,0.2178233563899994
observed_test,v2_2018_413_48h,,1,PCC,B,2.6237012928594003,0.0,0.0,0.3179371654987335,1.149999976158142,34.72425106811524,0.2178233563899994
observed_test,v2_2018_413_48h,,1,PCC,C,2.6237012928594003,0.0,0.0,0.3179371654987335,1.149999976158142,34.72425106811524,0.2178233563899994
observed_test,v2_2018_413_48h,,2,PCC,A,2.4875831211508435,0.0,0.0,0.2232462614774704,1.149999976158142,34.72425106811524,0.21782971918582916
observed_test,v2_2018_413_48h,,2,PCC,B,2.4875831211508435,0.0,0.0,0.2232462614774704,1.149999976158142,34.72425106811524,0.21782971918582916
observed_test,v2_2018_413_48h,,2,PCC,C,2.4875831211508435,0.0,0.0,0.2232462614774704,1.149999976158142,34.72425106811524,0.21782971918582916
observed_test,v2_2018_413_48h,,3,PCC,A,2.5452259178952694,0.0,0.0,0.2633455991744995,1.149999976158142,53.24800137329102,0.21496570110321045
observed_test,v2_2018_413_48h,,3,PCC,B,2.5452259178952694,0.0,0.0,0.2633455991744995,1.149999976158142,53.24800137329102,0.21496570110321045
observed_test,v2_2018_413_48h,,3,PCC,C,2.5452259178952694,0.0,0.0,0.2633455991744995,1.149999976158142,53.24800137329102,0.21496570110321045
observed_test,v2_2018_413_48h,,4,PCC,A,2.6066056994782514,0.0,0.0,0.3060445785522461,1.149999976158142,53.24800137329102,0.2117515504360199
observed_test,v2_2018_413_48h,,4,PCC,B,2.6066056994782514,0.0,0.0,0.3060445785522461,1.149999976158142,53.24800137329102,0.2117515504360199
observed_test,v2_2018_413_48h,,4,PCC,C,2.6066056994782514,0.0,0.0,0.3060445785522461,1.149999976158142,53.24800137329102,0.2117515504360199
observed_test,v2_2018_413_48h,,5,PCC,A,2.5763726205374935,0.0,0.0,0.2850128710269928,1.149999976158142,53.24800137329102,0.20906536281108856
observed_test,v2_2018_413_48h,,5,PCC,B,2.5763726205374935,0.0,0.0,0.2850128710269928,1.149999976158142,53.24800137329102,0.20906536281108856
observed_test,v2_2018_413_48h,,5,PCC,C,2.5763726205374935,0.0,0.0,0.2850128710269928,1.149999976158142,53.24800137329102,0.20906536281108856
observed_test,v2_2018_413_48h,,6,PCC,A,2.7605416539868575,0.0,0.00582083325403241,0.4131304621696472,1.149999976158142,121.88174847412108,0.20757518708705902
observed_test,v2_2018_413_48h,,6,PCC,B,2.7605416539868575,0.0,0.00582083325403241,0.4131304621696472,1.149999976158142,121.88174847412108,0.20757518708705902
observed_test,v2_2018_413_48h,,6,PCC,C,2.7605416539868575,0.0,0.00582083325403241,0.4131304621696472,1.149999976158142,121.88174847412108,0.20757518708705902
observed_test,v2_2018_413_48h,,7,PCC,A,3.0129513006293838,0.0,0.09079583419057037,0.5887197852134705,1.149999976158142,121.88174847412108,0.20708438754081726
observed_test,v2_2018_413_48h,,7,PCC,B,3.0129513006293838,0.0,0.09079583419057037,0.5887197852134705,1.149999976158142,121.88174847412108,0.20708438754081726
observed_test,v2_2018_413_48h,,7,PCC,C,3.0129513006293838,0.0,0.09079583419057037,0.5887197852134705,1.149999976158142,121.88174847412108,0.20708438754081726
observed_test,v2_2018_413_48h,,8,PCC,A,2.7649040079514635,0.0,0.23767499682994986,0.41616514325141907,1.149999976158142,121.88174847412108,0.20617340505123138
observed_test,v2_2018_413_48h,,8,PCC,B,2.7649040079514635,0.0,0.23767499682994986,0.41616514325141907,1.149999976158142,121.88174847412108,0.20617340505123138
observed_test,v2_2018_413_48h,,8,PCC,C,2.7649040079514635,0.0,0.23767499682994986,0.41616514325141907,1.149999976158142,121.88174847412108,0.20617340505123138
observed_test,v2_2018_413_48h,,9,PCC,A,2.9051724072175276,0.0,0.5785791919781611,0.5137431621551514,1.149999976158142,121.88174847412108,0.20462235808372498
observed_test,v2_2018_413_48h,,9,PCC,B,2.9051724072175276,0.0,0.5785791919781611,0.5137431621551514,1.149999976158142,121.88174847412108,0.20462235808372498
observed_test,v2_2018_413_48h,,9,PCC,C,2.9051724072175276,0.0,0.5785791919781611,0.5137431621551514,1.149999976158142,121.88174847412108,0.20462235808372498
observed_test,v2_2018_413_48h,,10,PCC,A,2.6904467608222724,0.0,0.978950009896205,0.3643687963485718,1.149999976158142,53.24800137329102,0.20639781653881073
observed_test,v2_2018_413_48h,,10,PCC,B,2.6904467608222724,0.0,0.978950009896205,0.3643687963485718,1.149999976158142,53.24800137329102,0.20639781653881073
observed_test,v2_2018_413_48h,,10,PCC,C,2.6904467608222724,0.0,0.978950009896205,0.3643687963485718,1.149999976158142,53.24800137329102,0.20639781653881073
observed_test,v2_2018_413_48h,,11,PCC,A,2.686130632121376,0.0,0.9042666508601261,0.36136627197265625,1.149999976158142,53.24800137329102,0.20330826938152313
observed_test,v2_2018_413_48h,,11,PCC,B,2.686130632121376,0.0,0.9042666508601261,0.36136627197265625,1.149999976158142,53.24800137329102,0.20330826938152313
observed_test,v2_2018_413_48h,,11,PCC,C,2.686130632121376,0.0,0.9042666508601261,0.36136627197265625,1.149999976158142,53.24800137329102,0.20330826938152313
observed_test,v2_2018_413_48h,,12,PCC,A,2.940481482794702,0.0,0.8166708052158356,0.5383059978485107,1.149999976158142,34.72425106811524,0.20102594792842865
observed_test,v2_2018_413_48h,,12,PCC,B,2.940481482794702,0.0,0.8166708052158356,0.5383059978485107,1.149999976158142,34.72425106811524,0.20102594792842865
observed_test,v2_2018_413_48h,,12,PCC,C,2.940481482794702,0.0,0.8166708052158356,0.5383059978485107,1.149999976158142,34.72425106811524,0.20102594792842865
observed_test,v2_2018_413_48h,,13,PCC,A,3.033735447282245,0.0,0.6619666631405169,0.6031783223152161,1.149999976158142,34.72425106811524,0.2000219225883484
observed_test,v2_2018_413_48h,,13,PCC,B,3.033735447282245,0.0,0.6619666631405169,0.6031783223152161,1.149999976158142,34.72425106811524,0.2000219225883484
observed_test,v2_2018_413_48h,,13,PCC,C,3.033735447282245,0.0,0.6619666631405169,0.6031783223152161,1.149999976158142,34.72425106811524,0.2000219225883484
observed_test,v2_2018_413_48h,,14,PCC,A,3.1232014249141358,0.0,0.5004416864651899,0.6654155254364014,1.149999976158142,34.72425106811524,0.19797030091285706
observed_test,v2_2018_413_48h,,14,PCC,B,3.1232014249141358,0.0,0.5004416864651899,0.6654155254364014,1.149999976158142,34.72425106811524,0.19797030091285706
observed_test,v2_2018_413_48h,,14,PCC,C,3.1232014249141358,0.0,0.5004416864651899,0.6654155254364014,1.149999976158142,34.72425106811524,0.19797030091285706
observed_test,v2_2018_413_48h,,15,PCC,A,2.915610662966831,0.0,0.43628333279719717,0.5210045576095581,1.149999976158142,34.72425106811524,0.20236140489578247
observed_test,v2_2018_413_48h,,15,PCC,B,2.915610662966831,0.0,0.43628333279719717,0.5210045576095581,1.149999976158142,34.72425106811524,0.20236140489578247
observed_test,v2_2018_413_48h,,15,PCC,C,2.915610662966831,0.0,0.43628333279719717,0.5210045576095581,1.149999976158142,34.72425106811524,0.20236140489578247
observed_test,v2_2018_413_48h,,16,PCC,A,2.9761405680146122,0.0,0.35247917358691877,0.5631123185157776,1.149999976158142,53.24800137329102,0.19844406843185425
observed_test,v2_2018_413_48h,,16,PCC,B,2.9761405680146122,0.0,0.35247917358691877,0.5631123185157776,1.149999976158142,53.24800137329102,0.19844406843185425
observed_test,v2_2018_413_48h,,16,PCC,C,2.9761405680146122,0.0,0.35247917358691877,0.5631123185157776,1.149999976158142,53.24800137329102,0.19844406843185425
observed_test,v2_2018_413_48h,,17,PCC,A,2.912059071852747,0.0,0.24273750873712388,0.5185338854789734,1.149999976158142,53.24800137329102,0.1992831975221634
observed_test,v2_2018_413_48h,,17,PCC,B,2.912059071852747,0.0,0.24273750873712388,0.5185338854789734,1.149999976158142,53.24800137329102,0.1992831975221634
observed_test,v2_2018_413_48h,,17,PCC,C,2.912059071852747,0.0,0.24273750873712388,0.5185338854789734,1.149999976158142,53.24800137329102,0.1992831975221634
observed_test,v2_2018_413_48h,,18,PCC,A,2.888165108802557,0.0,0.021674999823937047,0.501911997795105,1.149999976158142,53.24800137329102,0.20021723210811615
observed_test,v2_2018_413_48h,,18,PCC,B,2.888165108802557,0.0,0.021674999823937047,0.501911997795105,1.149999976158142,53.24800137329102,0.20021723210811615
observed_test,v2_2018_413_48h,,18,PCC,C,2.888165108802557,0.0,0.021674999823937047,0.501911997795105,1.149999976158142,53.24800137329102,0.20021723210811615
observed_test,v2_2018_413_48h,,19,PCC,A,2.9849615821466244,0.0,0.0,0.5692486763000488,1.149999976158142,53.24800137329102,0.20215867459774017
observed_test,v2_2018_413_48h,,19,PCC,B,2.9849615821466244,0.0,0.0,0.5692486763000488,1.149999976158142,53.24800137329102,0.20215867459774017
observed_test,v2_2018_413_48h,,19,PCC,C,2.9849615821466244,0.0,0.0,0.5692486763000488,1.149999976158142,53.24800137329102,0.20215867459774017
observed_test,v2_2018_413_48h,,20,PCC,A,2.825617614510635,0.0,0.0,0.458400696516037,1.149999976158142,53.24800137329102,0.1986563503742218
observed_test,v2_2018_413_48h,,20,PCC,B,2.825617614510635,0.0,0.0,0.458400696516037,1.149999976158142,53.24800137329102,0.1986563503742218
observed_test,v2_2018_413_48h,,20,PCC,C,2.825617614510635,0.0,0.0,0.458400696516037,1.149999976158142,53.24800137329102,0.1986563503742218
observed_test,v2_2018_413_48h,,21,PCC,A,2.740638571998929,0.0,0.0,0.39928483963012695,1.149999976158142,53.24800137329102,0.19589941203594208
observed_test,v2_2018_413_48h,,21,PCC,B,2.740638571998929,0.0,0.0,0.39928483963012695,1.149999976158142,53.24800137329102,0.19589941203594208
observed_test,v2_2018_413_48h,,21,PCC,C,2.740638571998929,0.0,0.0,0.39928483963012695,1.149999976158142,53.24800137329102,0.19589941203594208
observed_test,v2_2018_413_48h,,22,PCC,A,2.689500792288461,0.0,0.0,0.3637107312679291,1.149999976158142,53.24800137329102,0.19263511896133423
observed_test,v2_2018_413_48h,,22,PCC,B,2.689500792288461,0.0,0.0,0.3637107312679291,1.149999976158142,53.24800137329102,0.19263511896133423
observed_test,v2_2018_413_48h,,22,PCC,C,2.689500792288461,0.0,0.0,0.3637107312679291,1.149999976158142,53.24800137329102,0.19263511896133423
observed_test,v2_2018_413_48h,,23,PCC,A,2.666340906989589,0.0,0.0,0.34759950637817383,1.149999976158142,53.24800137329102,0.19058038294315338
observed_test,v2_2018_413_48h,,23,PCC,B,2.666340906989589,0.0,0.0,0.34759950637817383,1.149999976158142,53.24800137329102,0.19058038294315338
observed_test,v2_2018_413_48h,,23,PCC,C,2.666340906989589,0.0,0.0,0.34759950637817383,1.149999976158142,53.24800137329102,0.19058038294315338
observed_test,v2_2018_413_48h,,24,PCC,A,2.589738233557025,0.0,0.0,0.29431068897247314,1.149999976158142,53.24800137329102,0.1894691437482834
observed_test,v2_2018_413_48h,,24,PCC,B,2.589738233557025,0.0,0.0,0.29431068897247314,1.149999976158142,53.24800137329102,0.1894691437482834
observed_test,v2_2018_413_48h,,24,PCC,C,2.589738233557025,0.0,0.0,0.29431068897247314,1.149999976158142,53.24800137329102,0.1894691437482834
observed_test,v2_2018_413_48h,,25,PCC,A,2.6237012928594003,0.0,0.0,0.3179371654987335,1.149999976158142,34.72425106811524,0.1913834661245346
observed_test,v2_2018_413_48h,,25,PCC,B,2.6237012928594003,0.0,0.0,0.3179371654987335,1.149999976158142,34.72425106811524,0.1913834661245346
observed_test,v2_2018_413_48h,,25,PCC,C,2.6237012928594003,0.0,0.0,0.3179371654987335,1.149999976158142,34.72425106811524,0.1913834661245346
observed_test,v2_2018_413_48h,,26,PCC,A,2.4875831211508435,0.0,0.0,0.2232462614774704,1.149999976158142,34.72425106811524,0.1914353370666504
observed_test,v2_2018_413_48h,,26,PCC,B,2.4875831211508435,0.0,0.0,0.2232462614774704,1.149999976158142,34.72425106811524,0.1914353370666504
observed_test,v2_2018_413_48h,,26,PCC,C,2.4875831211508435,0.0,0.0,0.2232462614774704,1.149999976158142,34.72425106811524,0.1914353370666504
observed_test,v2_2018_413_48h,,27,PCC,A,2.5452259178952694,0.0,0.0,0.2633455991744995,1.149999976158142,53.24800137329102,0.20247642695903778
observed_test,v2_2018_413_48h,,27,PCC,B,2.5452259178952694,0.0,0.0,0.2633455991744995,1.149999976158142,53.24800137329102,0.20247642695903778
observed_test,v2_2018_413_48h,,27,PCC,C,2.5452259178952694,0.0,0.0,0.2633455991744995,1.149999976158142,53.24800137329102,0.20247642695903778
observed_test,v2_2018_413_48h,,28,PCC,A,2.6066056994782514,0.0,0.0,0.3060445785522461,1.149999976158142,53.24800137329102,0.2079867273569107
observed_test,v2_2018_413_48h,,28,PCC,B,2.6066056994782514,0.0,0.0,0.3060445785522461,1.149999976158142,53.24800137329102,0.2079867273569107
observed_test,v2_2018_413_48h,,28,PCC,C,2.6066056994782514,0.0,0.0,0.3060445785522461,1.149999976158142,53.24800137329102,0.2079867273569107
observed_test,v2_2018_413_48h,,29,PCC,A,2.5763726205374935,0.0,0.0,0.2850128710269928,1.149999976158142,53.24800137329102,0.20120255649089813
observed_test,v2_2018_413_48h,,29,PCC,B,2.5763726205374935,0.0,0.0,0.2850128710269928,1.149999976158142,53.24800137329102,0.20120255649089813
observed_test,v2_2018_413_48h,,29,PCC,C,2.5763726205374935,0.0,0.0,0.2850128710269928,1.149999976158142,53.24800137329102,0.20120255649089813
observed_test,v2_2018_413_48h,,30,PCC,A,2.7605416539868575,0.0,0.018841665811263595,0.4131304621696472,1.149999976158142,121.88174847412108,0.19737987220287323
observed_test,v2_2018_413_48h,,30,PCC,B,2.7605416539868575,0.0,0.018841665811263595,0.4131304621696472,1.149999976158142,121.88174847412108,0.19737987220287323
observed_test,v2_2018_413_48h,,30,PCC,C,2.7605416539868575,0.0,0.018841665811263595,0.4131304621696472,1.149999976158142,121.88174847412108,0.19737987220287323
observed_test,v2_2018_413_48h,,31,PCC,A,3.0129513006293838,0.0,0.14290833989014992,0.5887197852134705,1.149999976158142,121.88174847412108,0.1964385211467743
observed_test,v2_2018_413_48h,,31,PCC,B,3.0129513006293838,0.0,0.14290833989014992,0.5887197852134705,1.149999976158142,121.88174847412108,0.1964385211467743
observed_test,v2_2018_413_48h,,31,PCC,C,3.0129513006293838,0.0,0.14290833989014992,0.5887197852134705,1.149999976158142,121.88174847412108,0.1964385211467743
observed_test,v2_2018_413_48h,,32,PCC,A,2.7649040079514635,0.0,0.40775417135312003,0.41616514325141907,1.149999976158142,121.88174847412108,0.1956031620502472
observed_test,v2_2018_413_48h,,32,PCC,B,2.7649040079514635,0.0,0.40775417135312003,0.41616514325141907,1.149999976158142,121.88174847412108,0.1956031620502472
observed_test,v2_2018_413_48h,,32,PCC,C,2.7649040079514635,0.0,0.40775417135312003,0.41616514325141907,1.149999976158142,121.88174847412108,0.1956031620502472
observed_test,v2_2018_413_48h,,33,PCC,A,2.9051724072175276,0.0,0.8460624859883233,0.5137431621551514,1.149999976158142,121.88174847412108,0.19774229824543
observed_test,v2_2018_413_48h,,33,PCC,B,2.9051724072175276,0.0,0.8460624859883233,0.5137431621551514,1.149999976158142,121.88174847412108,0.19774229824543
observed_test,v2_2018_413_48h,,33,PCC,C,2.9051724072175276,0.0,0.8460624859883233,0.5137431621551514,1.149999976158142,121.88174847412108,0.19774229824543
observed_test,v2_2018_413_48h,,34,PCC,A,2.6904467608222724,0.0,1.1749207973480222,0.3643687963485718,1.149999976158142,53.24800137329102,0.20031452178955078
observed_test,v2_2018_413_48h,,34,PCC,B,2.6904467608222724,0.0,1.1749207973480222,0.3643687963485718,1.149999976158142,53.24800137329102,0.20031452178955078
observed_test,v2_2018_413_48h,,34,PCC,C,2.6904467608222724,0.0,1.1749207973480222,0.3643687963485718,1.149999976158142,53.24800137329102,0.20031452178955078
observed_test,v2_2018_413_48h,,35,PCC,A,2.686130632121376,0.0,1.301958354619833,0.36136627197265625,1.149999976158142,53.24800137329102,0.208522766828537
observed_test,v2_2018_413_48h,,35,PCC,B,2.686130632121376,0.0,1.301958354619833,0.36136627197265625,1.149999976158142,53.24800137329102,0.208522766828537
observed_test,v2_2018_413_48h,,35,PCC,C,2.686130632121376,0.0,1.301958354619833,0.36136627197265625,1.149999976158142,53.24800137329102,0.208522766828537
observed_test,v2_2018_413_48h,,36,PCC,A,2.940481482794702,0.0,1.334549945134383,0.5383059978485107,1.149999976158142,34.72425106811524,0.20712117850780487
observed_test,v2_2018_413_48h,,36,PCC,B,2.940481482794702,0.0,1.334549945134383,0.5383059978485107,1.149999976158142,34.72425106811524,0.20712117850780487
observed_test,v2_2018_413_48h,,36,PCC,C,2.940481482794702,0.0,1.334549945134383,0.5383059978485107,1.149999976158142,34.72425106811524,0.20712117850780487
observed_test,v2_2018_413_48h,,37,PCC,A,3.033735447282245,0.0,1.2813916573157675,0.6031783223152161,1.149999976158142,34.72425106811524,0.2024107575416565
observed_test,v2_2018_413_48h,,37,PCC,B,3.033735447282245,0.0,1.2813916573157675,0.6031783223152161,1.149999976158142,34.72425106811524,0.2024107575416565
observed_test,v2_2018_413_48h,,37,PCC,C,3.033735447282245,0.0,1.2813916573157675,0.6031783223152161,1.149999976158142,34.72425106811524,0.2024107575416565
observed_test,v2_2018_413_48h,,38,PCC,A,3.1232014249141358,0.0,1.1509291254557095,0.6654155254364014,1.149999976158142,34.72425106811524,0.2047840803861618
observed_test,v2_2018_413_48h,,38,PCC,B,3.1232014249141358,0.0,1.1509291254557095,0.6654155254364014,1.149999976158142,34.72425106811524,0.2047840803861618
observed_test,v2_2018_413_48h,,38,PCC,C,3.1232014249141358,0.0,1.1509291254557095,0.6654155254364014,1.149999976158142,34.72425106811524,0.2047840803861618
observed_test,v2_2018_413_48h,,39,PCC,A,2.915610662966831,0.0,0.9357624902175022,0.5210045576095581,1.149999976158142,34.72425106811524,0.21193580329418182
observed_test,v2_2018_413_48h,,39,PCC,B,2.915610662966831,0.0,0.9357624902175022,0.5210045576095581,1.149999976158142,34.72425106811524,0.21193580329418182
observed_test,v2_2018_413_48h,,39,PCC,C,2.915610662966831,0.0,0.9357624902175022,0.5210045576095581,1.149999976158142,34.72425106811524,0.21193580329418182
observed_test,v2_2018_413_48h,,40,PCC,A,2.9761405680146122,0.0,0.6390833510802342,0.5631123185157776,1.149999976158142,53.24800137329102,0.22226278483867645
observed_test,v2_2018_413_48h,,40,PCC,B,2.9761405680146122,0.0,0.6390833510802342,0.5631123185157776,1.149999976158142,53.24800137329102,0.22226278483867645
observed_test,v2_2018_413_48h,,40,PCC,C,2.9761405680146122,0.0,0.6390833510802342,0.5631123185157776,1.149999976158142,53.24800137329102,0.22226278483867645
observed_test,v2_2018_413_48h,,41,PCC,A,2.912059071852747,0.0,0.2951583323570398,0.5185338854789734,1.149999976158142,53.24800137329102,0.23387384414672852
observed_test,v2_2018_413_48h,,41,PCC,B,2.912059071852747,0.0,0.2951583323570398,0.5185338854789734,1.149999976158142,53.24800137329102,0.23387384414672852
observed_test,v2_2018_413_48h,,41,PCC,C,2.912059071852747,0.0,0.2951583323570398,0.5185338854789734,1.149999976158142,53.24800137329102,0.23387384414672852
observed_test,v2_2018_413_48h,,42,PCC,A,2.888165108802557,0.0,0.03732083222040763,0.501911997795105,1.149999976158142,53.24800137329102,0.24081456661224365
observed_test,v2_2018_413_48h,,42,PCC,B,2.888165108802557,0.0,0.03732083222040763,0.501911997795105,1.149999976158142,53.24800137329102,0.24081456661224365
observed_test,v2_2018_413_48h,,42,PCC,C,2.888165108802557,0.0,0.03732083222040763,0.501911997795105,1.149999976158142,53.24800137329102,0.24081456661224365
observed_test,v2_2018_413_48h,,43,PCC,A,2.9849615821466244,0.0,0.0,0.5692486763000488,1.149999976158142,53.24800137329102,0.24687857925891876
observed_test,v2_2018_413_48h,,43,PCC,B,2.9849615821466244,0.0,0.0,0.5692486763000488,1.149999976158142,53.24800137329102,0.24687857925891876
observed_test,v2_2018_413_48h,,43,PCC,C,2.9849615821466244,0.0,0.0,0.5692486763000488,1.149999976158142,53.24800137329102,0.24687857925891876
observed_test,v2_2018_413_48h,,44,PCC,A,2.825617614510635,0.0,0.0,0.458400696516037,1.149999976158142,53.24800137329102,0.25319209694862366
observed_test,v2_2018_413_48h,,44,PCC,B,2.825617614510635,0.0,0.0,0.458400696516037,1.149999976158142,53.24800137329102,0.25319209694862366
observed_test,v2_2018_413_48h,,44,PCC,C,2.825617614510635,0.0,0.0,0.458400696516037,1.149999976158142,53.24800137329102,0.25319209694862366
observed_test,v2_2018_413_48h,,45,PCC,A,2.740638571998929,0.0,0.0,0.39928483963012695,1.149999976158142,53.24800137329102,0.2537130117416382
observed_test,v2_2018_413_48h,,45,PCC,B,2.740638571998929,0.0,0.0,0.39928483963012695,1.149999976158142,53.24800137329102,0.2537130117416382
observed_test,v2_2018_413_48h,,45,PCC,C,2.740638571998929,0.0,0.0,0.39928483963012695,1.149999976158142,53.24800137329102,0.2537130117416382
observed_test,v2_2018_413_48h,,46,PCC,A,2.689500792288461,0.0,0.0,0.3637107312679291,1.149999976158142,53.24800137329102,0.24822109937667847
observed_test,v2_2018_413_48h,,46,PCC,B,2.689500792288461,0.0,0.0,0.3637107312679291,1.149999976158142,53.24800137329102,0.24822109937667847
observed_test,v2_2018_413_48h,,46,PCC,C,2.689500792288461,0.0,0.0,0.3637107312679291,1.149999976158142,53.24800137329102,0.24822109937667847
observed_test,v2_2018_413_48h,,47,PCC,A,2.666340906989589,0.0,0.0,0.34759950637817383,1.149999976158142,53.24800137329102,0.24219484627246857
observed_test,v2_2018_413_48h,,47,PCC,B,2.666340906989589,0.0,0.0,0.34759950637817383,1.149999976158142,53.24800137329102,0.24219484627246857
observed_test,v2_2018_413_48h,,47,PCC,C,2.666340906989589,0.0,0.0,0.34759950637817383,1.149999976158142,53.24800137329102,0.24219484627246857
observed_test,v2_2018_495_48h,,0,PCC,A,2.630175115631934,0.0,0.0,0.29431068897247314,1.1698750257492065,53.24800137329102,0.25296810269355774
observed_test,v2_2018_495_48h,,0,PCC,B,2.630175115631934,0.0,0.0,0.29431068897247314,1.1698750257492065,53.24800137329102,0.25296810269355774
observed_test,v2_2018_495_48h,,0,PCC,C,2.630175115631934,0.0,0.0,0.29431068897247314,1.1698750257492065,53.24800137329102,0.25296810269355774
observed_test,v2_2018_495_48h,,1,PCC,A,2.660390334454465,0.0,0.0,0.3179371654987335,1.1677749156951904,34.72425106811524,0.25566065311431885
observed_test,v2_2018_495_48h,,1,PCC,B,2.660390334454465,0.0,0.0,0.3179371654987335,1.1677749156951904,34.72425106811524,0.25566065311431885
observed_test,v2_2018_495_48h,,1,PCC,C,2.660390334454465,0.0,0.0,0.3179371654987335,1.1677749156951904,34.72425106811524,0.25566065311431885
observed_test,v2_2018_495_48h,,2,PCC,A,2.51852017140046,0.0,0.0,0.2232462614774704,1.1658999919891357,34.72425106811524,0.2623995244503021
observed_test,v2_2018_495_48h,,2,PCC,B,2.51852017140046,0.0,0.0,0.2232462614774704,1.1658999919891357,34.72425106811524,0.2623995244503021
observed_test,v2_2018_495_48h,,2,PCC,C,2.51852017140046,0.0,0.0,0.2232462614774704,1.1658999919891357,34.72425106811524,0.2623995244503021
observed_test,v2_2018_495_48h,,3,PCC,A,2.572918333358069,0.0,0.0,0.2633455991744995,1.1638749837875366,34.72425106811524,0.2584664523601532
observed_test,v2_2018_495_48h,,3,PCC,B,2.572918333358069,0.0,0.0,0.2633455991744995,1.1638749837875366,34.72425106811524,0.2584664523601532
observed_test,v2_2018_495_48h,,3,PCC,C,2.572918333358069,0.0,0.0,0.2633455991744995,1.1638749837875366,34.72425106811524,0.2584664523601532
observed_test,v2_2018_495_48h,,4,PCC,A,2.631503852356417,0.0,0.0,0.3060445785522461,1.1621500253677368,34.72425106811524,0.23289193212985992
observed_test,v2_2018_495_48h,,4,PCC,B,2.631503852356417,0.0,0.0,0.3060445785522461,1.1621500253677368,34.72425106811524,0.23289193212985992
observed_test,v2_2018_495_48h,,4,PCC,C,2.631503852356417,0.0,0.0,0.3060445785522461,1.1621500253677368,34.72425106811524,0.23289193212985992
observed_test,v2_2018_495_48h,,5,PCC,A,2.6003443725320494,0.0,0.0,0.2850128710269928,1.1618499755859375,34.72425106811524,0.21599575877189636
observed_test,v2_2018_495_48h,,5,PCC,B,2.6003443725320494,0.0,0.0,0.2850128710269928,1.1618499755859375,34.72425106811524,0.21599575877189636
observed_test,v2_2018_495_48h,,5,PCC,C,2.6003443725320494,0.0,0.0,0.2850128710269928,1.1618499755859375,34.72425106811524,0.21599575877189636
observed_test,v2_2018_495_48h,,6,PCC,A,2.7978722663998354,0.0,0.026495833522998367,0.4131304621696472,1.167099952697754,53.24800137329102,0.20850908756256104
observed_test,v2_2018_495_48h,,6,PCC,B,2.7978722663998354,0.0,0.026495833522998367,0.4131304621696472,1.167099952697754,53.24800137329102,0.20850908756256104
observed_test,v2_2018_495_48h,,6,PCC,C,2.7978722663998354,0.0,0.026495833522998367,0.4131304621696472,1.167099952697754,53.24800137329102,0.20850908756256104
observed_test,v2_2018_495_48h,,7,PCC,A,3.0839470327557295,0.0,0.2420166650643715,0.5887197852134705,1.1795499324798584,53.24800137329102,0.2057301104068756
observed_test,v2_2018_495_48h,,7,PCC,B,3.0839470327557295,0.0,0.2420166650643715,0.5887197852134705,1.1795499324798584,53.24800137329102,0.2057301104068756
observed_test,v2_2018_495_48h,,7,PCC,C,3.0839470327557295,0.0,0.2420166650643715,0.5887197852134705,1.1795499324798584,53.24800137329102,0.2057301104068756
observed_test,v2_2018_495_48h,,8,PCC,A,2.8605250640944306,0.0,0.5361750148809873,0.41616514325141907,1.1937249898910522,53.24800137329102,0.2048681378364563
observed_test,v2_2018_495_48h,,8,PCC,B,2.8605250640944306,0.0,0.5361750148809873,0.41616514325141907,1.1937249898910522,53.24800137329102,0.2048681378364563
observed_test,v2_2018_495_48h,,8,PCC,C,2.8605250640944306,0.0,0.5361750148809873,0.41616514325141907,1.1937249898910522,53.24800137329102,0.2048681378364563
observed_test,v2_2018_495_48h,,9,PCC,A,3.0352180416065053,0.0,0.8398249745368956,0.5137431621551514,1.2063249349594116,53.24800137329102,0.20575056970119476
observed_test,v2_2018_495_48h,,9,PCC,B,3.0352180416065053,0.0,0.8398249745368956,0.5137431621551514,1.2063249349594116,53.24800137329102,0.20575056970119476
observed_test,v2_2018_495_48h,,9,PCC,C,3.0352180416065053,0.0,0.8398249745368956,0.5137431621551514,1.2063249349594116,53.24800137329102,0.20575056970119476
observed_test,v2_2018_495_48h,,10,PCC,A,2.8228674917230165,0.0,1.0232625099328847,0.3643687963485718,1.212399959564209,53.24800137329102,0.20847263932228088
observed_test,v2_2018_495_48h,,10,PCC,B,2.8228674917230165,0.0,1.0232625099328847,0.3643687963485718,1.212399959564209,53.24800137329102,0.20847263932228088
observed_test,v2_2018_495_48h,,10,PCC,C,2.8228674917230165,0.0,1.0232625099328847,0.3643687963485718,1.212399959564209,53.24800137329102,0.20847263932228088
observed_test,v2_2018_495_48h,,11,PCC,A,2.82737314164198,0.0,1.1230708314822269,0.36136627197265625,1.2166749238967896,53.24800137329102,0.21990446746349335
observed_test,v2_2018_495_48h,,11,PCC,B,2.82737314164198,0.0,1.1230708314822269,0.36136627197265625,1.2166749238967896,53.24800137329102,0.21990446746349335
observed_test,v2_2018_495_48h,,11,PCC,C,2.82737314164198,0.0,1.1230708314822269,0.36136627197265625,1.2166749238967896,53.24800137329102,0.21990446746349335
observed_test,v2_2018_495_48h,,12,PCC,A,3.1017349629161024,0.0,1.1219958846385663,0.5383059978485107,1.2189249992370605,53.24800137329102,0.22282646596431732
observed_test,v2_2018_495_48h,,12,PCC,B,3.1017349629161024,0.0,1.1219958846385663,0.5383059978485107,1.2189249992370605,53.24800137329102,0.22282646596431732
observed_test,v2_2018_495_48h,,12,PCC,C,3.1017349629161024,0.0,1.1219958846385663,0.5383059978485107,1.2189249992370605,53.24800137329102,0.22282646596431732
observed_test,v2_2018_495_48h,,13,PCC,A,3.2036642638061426,0.0,1.0691333275574904,0.6031783223152161,1.2201999425888062,53.24800137329102,0.20398646593093872
observed_test,v2_2018_495_48h,,13,PCC,B,3.2036642638061426,0.0,1.0691333275574904,0.6031783223152161,1.2201999425888062,53.24800137329102,0.20398646593093872
observed_test,v2_2018_495_48h,,13,PCC,C,3.2036642638061426,0.0,1.0691333275574904,0.6031783223152161,1.2201999425888062,53.24800137329102,0.20398646593093872
observed_test,v2_2018_495_48h,,14,PCC,A,3.296530522818346,0.0,0.9170833115394298,0.6654155254364014,1.2193750143051147,53.24800137329102,0.18939992785453796
observed_test,v2_2018_495_48h,,14,PCC,B,3.296530522818346,0.0,0.9170833115394298,0.6654155254364014,1.2193750143051147,53.24800137329102,0.18939992785453796
observed_test,v2_2018_495_48h,,14,PCC,C,3.296530522818346,0.0,0.9170833115394298,0.6654155254364014,1.2193750143051147,53.24800137329102,0.18939992785453796
observed_test,v2_2018_495_48h,,15,PCC,A,3.072070411462422,0.0,0.7551416754722595,0.5210045576095581,1.2174999713897705,53.24800137329102,0.18040023744106293
observed_test,v2_2018_495_48h,,15,PCC,B,3.072070411462422,0.0,0.7551416754722595,0.5210045576095581,1.2174999713897705,53.24800137329102,0.18040023744106293
observed_test,v2_2018_495_48h,,15,PCC,C,3.072070411462422,0.0,0.7551416754722595,0.5210045576095581,1.2174999713897705,53.24800137329102,0.18040023744106293
observed_test,v2_2018_495_48h,,16,PCC,A,3.1261968623196723,0.0,0.4794083249110441,0.5631123185157776,1.2132999897003174,53.24800137329102,0.17574475705623627
observed_test,v2_2018_495_48h,,16,PCC,B,3.1261968623196723,0.0,0.4794083249110441,0.5631123185157776,1.2132999897003174,53.24800137329102,0.17574475705623627
observed_test,v2_2018_495_48h,,16,PCC,C,3.1261968623196723,0.0,0.4794083249110441,0.5631123185157776,1.2132999897003174,53.24800137329102,0.17574475705623627
observed_test,v2_2018_495_48h,,17,PCC,A,3.0334143077897977,0.0,0.16833333155283559,0.5185338854789734,1.2024250030517578,53.24800137329102,0.17540429532527924
observed_test,v2_2018_495_48h,,17,PCC,B,3.0334143077897977,0.0,0.16833333155283559,0.5185338854789734,1.2024250030517578,53.24800137329102,0.17540429532527924
observed_test,v2_2018_495_48h,,17,PCC,C,3.0334143077897977,0.0,0.16833333155283559,0.5185338854789734,1.2024250030517578,53.24800137329102,0.17540429532527924
observed_test,v2_2018_495_48h,,18,PCC,A,2.9812465209488757,0.0,0.0008708333413009173,0.501911997795105,1.1905750036239624,121.88174847412108,0.1752358376979828
observed_test,v2_2018_495_48h,,18,PCC,B,2.9812465209488757,0.0,0.0008708333413009173,0.501911997795105,1.1905750036239624,121.88174847412108,0.1752358376979828
observed_test,v2_2018_495_48h,,18,PCC,C,2.9812465209488757,0.0,0.0008708333413009173,0.501911997795105,1.1905750036239624,121.88174847412108,0.1752358376979828
observed_test,v2_2018_495_48h,,19,PCC,A,3.0645133101152453,0.0,0.0,0.5692486763000488,1.1834499835968018,121.88174847412108,0.1813947707414627
observed_test,v2_2018_495_48h,,19,PCC,B,3.0645133101152453,0.0,0.0,0.5692486763000488,1.1834499835968018,121.88174847412108,0.1813947707414627
observed_test,v2_2018_495_48h,,19,PCC,C,3.0645133101152453,0.0,0.0,0.5692486763000488,1.1834499835968018,121.88174847412108,0.1813947707414627
observed_test,v2_2018_495_48h,,20,PCC,A,2.893479588308457,0.0,0.0,0.458400696516037,1.180299997329712,121.88174847412108,0.18734949827194214
observed_test,v2_2018_495_48h,,20,PCC,B,2.893479588308457,0.0,0.0,0.458400696516037,1.180299997329712,121.88174847412108,0.18734949827194214
observed_test,v2_2018_495_48h,,20,PCC,C,2.893479588308457,0.0,0.0,0.458400696516037,1.180299997329712,121.88174847412108,0.18734949827194214
observed_test,v2_2018_495_48h,,21,PCC,A,2.8010635886460165,0.0,0.0,0.39928483963012695,1.177899956703186,53.24800137329102,0.19940844178199768
observed_test,v2_2018_495_48h,,21,PCC,B,2.8010635886460165,0.0,0.0,0.39928483963012695,1.177899956703186,53.24800137329102,0.19940844178199768
observed_test,v2_2018_495_48h,,21,PCC,C,2.8010635886460165,0.0,0.0,0.39928483963012695,1.177899956703186,53.24800137329102,0.19940844178199768
observed_test,v2_2018_495_48h,,22,PCC,A,2.7443895025849163,0.0,0.0,0.3637107312679291,1.175874948501587,53.24800137329102,0.2193792313337326
observed_test,v2_2018_495_48h,,22,PCC,B,2.7443895025849163,0.0,0.0,0.3637107312679291,1.175874948501587,53.24800137329102,0.2193792313337326
observed_test,v2_2018_495_48h,,22,PCC,C,2.7443895025849163,0.0,0.0,0.3637107312679291,1.175874948501587,53.24800137329102,0.2193792313337326
observed_test,v2_2018_495_48h,,23,PCC,A,2.716138539961449,0.0,0.0,0.34759950637817383,1.173699975013733,53.24800137329102,0.23097719252109528
observed_test,v2_2018_495_48h,,23,PCC,B,2.716138539961449,0.0,0.0,0.34759950637817383,1.173699975013733,53.24800137329102,0.23097719252109528
observed_test,v2_2018_495_48h,,23,PCC,C,2.716138539961449,0.0,0.0,0.34759950637817383,1.173699975013733,53.24800137329102,0.23097719252109528
observed_test,v2_2018_495_48h,,24,PCC,A,2.6339897510849837,0.0,0.0,0.29431068897247314,1.1717499494552612,53.24800137329102,0.23784883320331573
observed_test,v2_2018_495_48h,,24,PCC,B,2.6339897510849837,0.0,0.0,0.29431068897247314,1.1717499494552612,53.24800137329102,0.23784883320331573
observed_test,v2_2018_495_48h,,24,PCC,C,2.6339897510849837,0.0,0.0,0.29431068897247314,1.1717499494552612,53.24800137329102,0.23784883320331573
observed_test,v2_2018_495_48h,,25,PCC,A,2.6661183297819244,0.0,0.0,0.3179371654987335,1.170549988746643,34.72425106811524,0.2506254017353058
observed_test,v2_2018_495_48h,,25,PCC,B,2.6661183297819244,0.0,0.0,0.3179371654987335,1.170549988746643,34.72425106811524,0.2506254017353058
observed_test,v2_2018_495_48h,,25,PCC,C,2.6661183297819244,0.0,0.0,0.3179371654987335,1.170549988746643,34.72425106811524,0.2506254017353058
observed_test,v2_2018_495_48h,,26,PCC,A,2.5252329910442888,0.0,0.0,0.2232462614774704,1.169350028038025,34.72425106811524,0.265356183052063
observed_test,v2_2018_495_48h,,26,PCC,B,2.5252329910442888,0.0,0.0,0.2232462614774704,1.169350028038025,34.72425106811524,0.265356183052063
observed_test,v2_2018_495_48h,,26,PCC,C,2.5252329910442888,0.0,0.0,0.2232462614774704,1.169350028038025,34.72425106811524,0.265356183052063
observed_test,v2_2018_495_48h,,27,PCC,A,2.5814505152168863,0.0,0.0,0.2633455991744995,1.1681499481201172,34.72425106811524,0.27218887209892273
observed_test,v2_2018_495_48h,,27,PCC,B,2.5814505152168863,0.0,0.0,0.2633455991744995,1.1681499481201172,34.72425106811524,0.27218887209892273
observed_test,v2_2018_495_48h,,27,PCC,C,2.5814505152168863,0.0,0.0,0.2633455991744995,1.1681499481201172,34.72425106811524,0.27218887209892273
observed_test,v2_2018_495_48h,,28,PCC,A,2.6404178610937286,0.0,0.0,0.3060445785522461,1.1664999723434448,34.72425106811524,0.2499292492866516
observed_test,v2_2018_495_48h,,28,PCC,B,2.6404178610937286,0.0,0.0,0.3060445785522461,1.1664999723434448,34.72425106811524,0.2499292492866516
observed_test,v2_2018_495_48h,,28,PCC,C,2.6404178610937286,0.0,0.0,0.3060445785522461,1.1664999723434448,34.72425106811524,0.2499292492866516
observed_test,v2_2018_495_48h,,29,PCC,A,2.6076269331525777,0.0,0.0,0.2850128710269928,1.1654499769210815,34.72425106811524,0.23044362664222717
observed_test,v2_2018_495_48h,,29,PCC,B,2.6076269331525777,0.0,0.0,0.2850128710269928,1.1654499769210815,34.72425106811524,0.23044362664222717
observed_test,v2_2018_495_48h,,29,PCC,C,2.6076269331525777,0.0,0.0,0.2850128710269928,1.1654499769210815,34.72425106811524,0.23044362664222717
observed_test,v2_2018_495_48h,,30,PCC,A,2.805567663304933,0.0,0.021412499392261867,0.4131304621696472,1.1706249713897705,53.24800137329102,0.22190281748771667
observed_test,v2_2018_495_48h,,30,PCC,B,2.805567663304933,0.0,0.021412499392261867,0.4131304621696472,1.1706249713897705,53.24800137329102,0.22190281748771667
observed_test,v2_2018_495_48h,,30,PCC,C,2.805567663304933,0.0,0.021412499392261867,0.4131304621696472,1.1706249713897705,53.24800137329102,0.22190281748771667
observed_test,v2_2018_495_48h,,31,PCC,A,3.0879114955228126,0.0,0.18177499564794394,0.5887197852134705,1.1812000274658203,53.24800137329102,0.22085736691951752
observed_test,v2_2018_495_48h,,31,PCC,B,3.0879114955228126,0.0,0.18177499564794394,0.5887197852134705,1.1812000274658203,53.24800137329102,0.22085736691951752
observed_test,v2_2018_495_48h,,31,PCC,C,3.0879114955228126,0.0,0.18177499564794394,0.5887197852134705,1.1812000274658203,53.24800137329102,0.22085736691951752
observed_test,v2_2018_495_48h,,32,PCC,A,2.8531442506047155,0.0,0.47662498859258795,0.41616514325141907,1.1903499364852905,53.24800137329102,0.22085511684417725
observed_test,v2_2018_495_48h,,32,PCC,B,2.8531442506047155,0.0,0.47662498859258795,0.41616514325141907,1.1903499364852905,53.24800137329102,0.22085511684417725
observed_test,v2_2018_495_48h,,32,PCC,C,2.8531442506047155,0.0,0.47662498859258795,0.41616514325141907,1.1903499364852905,53.24800137329102,0.22085511684417725
observed_test,v2_2018_495_48h,,33,PCC,A,3.0166897149277383,0.0,0.8350999882588019,0.5137431621551514,1.1983000040054321,53.24800137329102,0.23164400458335876
observed_test,v2_2018_495_48h,,33,PCC,B,3.0166897149277383,0.0,0.8350999882588019,0.5137431621551514,1.1983000040054321,53.24800137329102,0.23164400458335876
observed_test,v2_2018_495_48h,,33,PCC,C,3.0166897149277383,0.0,0.8350999882588019,0.5137431621551514,1.1983000040054321,53.24800137329102,0.23164400458335876
observed_test,v2_2018_495_48h,,34,PCC,A,2.8064740547237483,0.0,1.0246791518651521,0.3643687963485718,1.2046749591827393,53.24800137329102,0.2592003047466278
observed_test,v2_2018_495_48h,,34,PCC,B,2.8064740547237483,0.0,1.0246791518651521,0.3643687963485718,1.2046749591827393,53.24800137329102,0.2592003047466278
observed_test,v2_2018_495_48h,,34,PCC,C,2.8064740547237483,0.0,1.0246791518651521,0.3643687963485718,1.2046749591827393,53.24800137329102,0.2592003047466278
observed_test,v2_2018_495_48h,,35,PCC,A,2.811485474258992,0.0,1.1314000074680035,0.36136627197265625,1.2091749906539917,53.24800137329102,0.27311205863952637
observed_test,v2_2018_495_48h,,35,PCC,B,2.811485474258992,0.0,1.1314000074680035,0.36136627197265625,1.2091749906539917,53.24800137329102,0.27311205863952637
observed_test,v2_2018_495_48h,,35,PCC,C,2.811485474258992,0.0,1.1314000074680035,0.36136627197265625,1.2091749906539917,53.24800137329102,0.27311205863952637
observed_test,v2_2018_495_48h,,36,PCC,A,3.0848902026881952,0.0,1.155570837167593,0.5383059978485107,1.2117249965667725,53.24800137329102,0.2986581027507782
observed_test,v2_2018_495_48h,,36,PCC,B,3.0848902026881952,0.0,1.155570837167593,0.5383059978485107,1.2117249965667725,53.24800137329102,0.2986581027507782
observed_test,v2_2018_495_48h,,36,PCC,C,3.0848902026881952,0.0,1.155570837167593,0.5383059978485107,1.2117249965667725,53.24800137329102,0.2986581027507782
observed_test,v2_2018_495_48h,,37,PCC,A,3.185328122676578,0.0,1.1078874652202313,0.6031783223152161,1.2126250267028809,53.24800137329102,0.26770296692848206
observed_test,v2_2018_495_48h,,37,PCC,B,3.185328122676578,0.0,1.1078874652202313,0.6031783223152161,1.2126250267028809,53.24800137329102,0.26770296692848206
observed_test,v2_2018_495_48h,,37,PCC,C,3.185328122676578,0.0,1.1078874652202313,0.6031783223152161,1.2126250267028809,53.24800137329102,0.26770296692848206
observed_test,v2_2018_495_48h,,38,PCC,A,3.2770427638573003,0.0,0.977458289036384,0.6654155254364014,1.2115750312805176,53.24800137329102,0.21209368109703064
observed_test,v2_2018_495_48h,,38,PCC,B,3.2770427638573003,0.0,0.977458289036384,0.6654155254364014,1.2115750312805176,53.24800137329102,0.21209368109703064
observed_test,v2_2018_495_48h,,38,PCC,C,3.2770427638573003,0.0,0.977458289036384,0.6654155254364014,1.2115750312805176,53.24800137329102,0.21209368109703064
observed_test,v2_2018_495_48h,,39,PCC,A,3.0529475563831596,0.0,0.7655375278913058,0.5210045576095581,1.2092499732971191,53.24800137329102,0.2053796797990799
observed_test,v2_2018_495_48h,,39,PCC,B,3.0529475563831596,0.0,0.7655375278913058,0.5210045576095581,1.2092499732971191,53.24800137329102,0.2053796797990799
observed_test,v2_2018_495_48h,,39,PCC,C,3.0529475563831596,0.0,0.7655375278913058,0.5210045576095581,1.2092499732971191,53.24800137329102,0.2053796797990799
observed_test,v2_2018_495_48h,,40,PCC,A,3.10486169952757,0.0,0.474541662977292,0.5631123185157776,1.2042999267578125,53.24800137329102,0.19705501198768616
observed_test,v2_2018_495_48h,,40,PCC,B,3.10486169952757,0.0,0.474541662977292,0.5631123185157776,1.2042999267578125,53.24800137329102,0.19705501198768616
observed_test,v2_2018_495_48h,,40,PCC,C,3.10486169952757,0.0,0.474541662977292,0.5631123185157776,1.2042999267578125,53.24800137329102,0.19705501198768616
observed_test,v2_2018_495_48h,,41,PCC,A,3.015879358822071,0.0,0.16185416338535455,0.5185338854789734,1.194849967956543,53.24800137329102,0.19714973866939545
observed_test,v2_2018_495_48h,,41,PCC,B,3.015879358822071,0.0,0.16185416338535455,0.5185338854789734,1.194849967956543,53.24800137329102,0.19714973866939545
observed_test,v2_2018_495_48h,,41,PCC,C,3.015879358822071,0.0,0.16185416338535455,0.5185338854789734,1.194849967956543,53.24800137329102,0.19714973866939545
observed_test,v2_2018_495_48h,,42,PCC,A,2.970751179332298,0.0,0.0,0.501911997795105,1.1859999895095825,121.88174847412108,0.19549787044525146
observed_test,v2_2018_495_48h,,42,PCC,B,2.970751179332298,0.0,0.0,0.501911997795105,1.1859999895095825,121.88174847412108,0.19549787044525146
observed_test,v2_2018_495_48h,,42,PCC,C,2.970751179332298,0.0,0.0,0.501911997795105,1.1859999895095825,121.88174847412108,0.19549787044525146
observed_test,v2_2018_495_48h,,43,PCC,A,3.0575569034667325,0.0,0.0,0.5692486763000488,1.1805249452590942,121.88174847412108,0.20548434555530548
observed_test,v2_2018_495_48h,,43,PCC,B,3.0575569034667325,0.0,0.0,0.5692486763000488,1.1805249452590942,121.88174847412108,0.20548434555530548
observed_test,v2_2018_495_48h,,43,PCC,C,3.0575569034667325,0.0,0.0,0.5692486763000488,1.1805249452590942,121.88174847412108,0.20548434555530548
observed_test,v2_2018_495_48h,,44,PCC,A,2.8872643472814503,0.0,0.0,0.458400696516037,1.1775249242782593,121.88174847412108,0.22544069588184357
observed_test,v2_2018_495_48h,,44,PCC,B,2.8872643472814503,0.0,0.0,0.458400696516037,1.1775249242782593,121.88174847412108,0.22544069588184357
observed_test,v2_2018_495_48h,,44,PCC,C,2.8872643472814503,0.0,0.0,0.458400696516037,1.1775249242782593,121.88174847412108,0.22544069588184357
observed_test,v2_2018_495_48h,,45,PCC,A,2.793754248244312,0.0,0.0,0.39928483963012695,1.1745250225067139,53.24800137329102,0.2574971914291382
observed_test,v2_2018_495_48h,,45,PCC,B,2.793754248244312,0.0,0.0,0.39928483963012695,1.1745250225067139,53.24800137329102,0.2574971914291382
observed_test,v2_2018_495_48h,,45,PCC,C,2.793754248244312,0.0,0.0,0.39928483963012695,1.1745250225067139,53.24800137329102,0.2574971914291382
observed_test,v2_2018_495_48h,,46,PCC,A,2.735798182211685,0.0,0.0,0.3637107312679291,1.1718249320983887,53.24800137329102,0.29241713881492615
observed_test,v2_2018_495_48h,,46,PCC,B,2.735798182211685,0.0,0.0,0.3637107312679291,1.1718249320983887,53.24800137329102,0.29241713881492615
observed_test,v2_2018_495_48h,,46,PCC,C,2.735798182211685,0.0,0.0,0.3637107312679291,1.1718249320983887,53.24800137329102,0.29241713881492615
observed_test,v2_2018_495_48h,,47,PCC,A,2.706053022675538,0.0,0.0,0.34759950637817383,1.1689000129699707,53.24800137329102,0.31094416975975037
observed_test,v2_2018_495_48h,,47,PCC,B,2.706053022675538,0.0,0.0,0.34759950637817383,1.1689000129699707,53.24800137329102,0.31094416975975037
observed_test,v2_2018_495_48h,,47,PCC,C,2.706053022675538,0.0,0.0,0.34759950637817383,1.1689000129699707,53.24800137329102,0.31094416975975037
observed_test,v2_2018_420_48h,,0,PCC,A,2.589738233557025,0.0,0.0,0.29431068897247314,1.149999976158142,53.24800137329102,0.22826462984085083
observed_test,v2_2018_420_48h,,0,PCC,B,2.589738233557025,0.0,0.0,0.29431068897247314,1.149999976158142,53.24800137329102,0.22826462984085083
observed_test,v2_2018_420_48h,,0,PCC,C,2.589738233557025,0.0,0.0,0.29431068897247314,1.149999976158142,53.24800137329102,0.22826462984085083
observed_test,v2_2018_420_48h,,1,PCC,A,2.6237012928594003,0.0,0.0,0.3179371654987335,1.149999976158142,34.72425106811524,0.2300264835357666
observed_test,v2_2018_420_48h,,1,PCC,B,2.6237012928594003,0.0,0.0,0.3179371654987335,1.149999976158142,34.72425106811524,0.2300264835357666
observed_test,v2_2018_420_48h,,1,PCC,C,2.6237012928594003,0.0,0.0,0.3179371654987335,1.149999976158142,34.72425106811524,0.2300264835357666
observed_test,v2_2018_420_48h,,2,PCC,A,2.4875831211508435,0.0,0.0,0.2232462614774704,1.149999976158142,34.72425106811524,0.23199740052223206
observed_test,v2_2018_420_48h,,2,PCC,B,2.4875831211508435,0.0,0.0,0.2232462614774704,1.149999976158142,34.72425106811524,0.23199740052223206
observed_test,v2_2018_420_48h,,2,PCC,C,2.4875831211508435,0.0,0.0,0.2232462614774704,1.149999976158142,34.72425106811524,0.23199740052223206
observed_test,v2_2018_420_48h,,3,PCC,A,2.5452259178952694,0.0,0.0,0.2633455991744995,1.149999976158142,53.24800137329102,0.2450748085975647
observed_test,v2_2018_420_48h,,3,PCC,B,2.5452259178952694,0.0,0.0,0.2633455991744995,1.149999976158142,53.24800137329102,0.2450748085975647
observed_test,v2_2018_420_48h,,3,PCC,C,2.5452259178952694,0.0,0.0,0.2633455991744995,1.149999976158142,53.24800137329102,0.2450748085975647
observed_test,v2_2018_420_48h,,4,PCC,A,2.6066056994782514,0.0,0.0,0.3060445785522461,1.149999976158142,53.24800137329102,0.24348342418670654
observed_test,v2_2018_420_48h,,4,PCC,B,2.6066056994782514,0.0,0.0,0.3060445785522461,1.149999976158142,53.24800137329102,0.24348342418670654
observed_test,v2_2018_420_48h,,4,PCC,C,2.6066056994782514,0.0,0.0,0.3060445785522461,1.149999976158142,53.24800137329102,0.24348342418670654
observed_test,v2_2018_420_48h,,5,PCC,A,2.5763726205374935,0.0,0.0,0.2850128710269928,1.149999976158142,53.24800137329102,0.23106816411018372
observed_test,v2_2018_420_48h,,5,PCC,B,2.5763726205374935,0.0,0.0,0.2850128710269928,1.149999976158142,53.24800137329102,0.23106816411018372
observed_test,v2_2018_420_48h,,5,PCC,C,2.5763726205374935,0.0,0.0,0.2850128710269928,1.149999976158142,53.24800137329102,0.23106816411018372
observed_test,v2_2018_420_48h,,6,PCC,A,2.7605416539868575,0.0,0.02077500013491282,0.4131304621696472,1.149999976158142,121.88174847412108,0.22681276500225067
observed_test,v2_2018_420_48h,,6,PCC,B,2.7605416539868575,0.0,0.02077500013491282,0.4131304621696472,1.149999976158142,121.88174847412108,0.22681276500225067
observed_test,v2_2018_420_48h,,6,PCC,C,2.7605416539868575,0.0,0.02077500013491282,0.4131304621696472,1.149999976158142,121.88174847412108,0.22681276500225067
observed_test,v2_2018_420_48h,,7,PCC,A,3.0129513006293838,0.0,0.06852083337994722,0.5887197852134705,1.149999976158142,121.88174847412108,0.23101766407489777
observed_test,v2_2018_420_48h,,7,PCC,B,3.0129513006293838,0.0,0.06852083337994722,0.5887197852134705,1.149999976158142,121.88174847412108,0.23101766407489777
observed_test,v2_2018_420_48h,,7,PCC,C,3.0129513006293838,0.0,0.06852083337994722,0.5887197852134705,1.149999976158142,121.88174847412108,0.23101766407489777
observed_test,v2_2018_420_48h,,8,PCC,A,2.7649040079514635,0.0,0.13574583885761407,0.41616514325141907,1.149999976158142,121.88174847412108,0.23152799904346466
observed_test,v2_2018_420_48h,,8,PCC,B,2.7649040079514635,0.0,0.13574583885761407,0.41616514325141907,1.149999976158142,121.88174847412108,0.23152799904346466
observed_test,v2_2018_420_48h,,8,PCC,C,2.7649040079514635,0.0,0.13574583885761407,0.41616514325141907,1.149999976158142,121.88174847412108,0.23152799904346466
observed_test,v2_2018_420_48h,,9,PCC,A,2.9051724072175276,0.0,0.16797917106976876,0.5137431621551514,1.149999976158142,121.88174847412108,0.23072364926338196
observed_test,v2_2018_420_48h,,9,PCC,B,2.9051724072175276,0.0,0.16797917106976876,0.5137431621551514,1.149999976158142,121.88174847412108,0.23072364926338196
observed_test,v2_2018_420_48h,,9,PCC,C,2.9051724072175276,0.0,0.16797917106976876,0.5137431621551514,1.149999976158142,121.88174847412108,0.23072364926338196
observed_test,v2_2018_420_48h,,10,PCC,A,2.6904467608222724,0.0,0.33815832665333373,0.3643687963485718,1.149999976158142,53.24800137329102,0.23165099322795868
observed_test,v2_2018_420_48h,,10,PCC,B,2.6904467608222724,0.0,0.33815832665333373,0.3643687963485718,1.149999976158142,53.24800137329102,0.23165099322795868
observed_test,v2_2018_420_48h,,10,PCC,C,2.6904467608222724,0.0,0.33815832665333373,0.3643687963485718,1.149999976158142,53.24800137329102,0.23165099322795868
observed_test,v2_2018_420_48h,,11,PCC,A,2.686130632121376,0.0,0.10508750207149065,0.36136627197265625,1.149999976158142,53.24800137329102,0.23457318544387817
observed_test,v2_2018_420_48h,,11,PCC,B,2.686130632121376,0.0,0.10508750207149065,0.36136627197265625,1.149999976158142,53.24800137329102,0.23457318544387817
observed_test,v2_2018_420_48h,,11,PCC,C,2.686130632121376,0.0,0.10508750207149065,0.36136627197265625,1.149999976158142,53.24800137329102,0.23457318544387817
observed_test,v2_2018_420_48h,,12,PCC,A,2.940481482794702,0.0,0.2691791607783391,0.5383059978485107,1.149999976158142,34.72425106811524,0.23091533780097961
observed_test,v2_2018_420_48h,,12,PCC,B,2.940481482794702,0.0,0.2691791607783391,0.5383059978485107,1.149999976158142,34.72425106811524,0.23091533780097961
observed_test,v2_2018_420_48h,,12,PCC,C,2.940481482794702,0.0,0.2691791607783391,0.5383059978485107,1.149999976158142,34.72425106811524,0.23091533780097961
observed_test,v2_2018_420_48h,,13,PCC,A,3.033735447282245,0.0,0.22187916418680775,0.6031783223152161,1.149999976158142,34.72425106811524,0.21288548409938812
observed_test,v2_2018_420_48h,,13,PCC,B,3.033735447282245,0.0,0.22187916418680775,0.6031783223152161,1.149999976158142,34.72425106811524,0.21288548409938812
observed_test,v2_2018_420_48h,,13,PCC,C,3.033735447282245,0.0,0.22187916418680775,0.6031783223152161,1.149999976158142,34.72425106811524,0.21288548409938812
observed_test,v2_2018_420_48h,,14,PCC,A,3.1232014249141358,0.0,0.20460416204654253,0.6654155254364014,1.149999976158142,34.72425106811524,0.20542694628238678
observed_test,v2_2018_420_48h,,14,PCC,B,3.1232014249141358,0.0,0.20460416204654253,0.6654155254364014,1.149999976158142,34.72425106811524,0.20542694628238678
observed_test,v2_2018_420_48h,,14,PCC,C,3.1232014249141358,0.0,0.20460416204654253,0.6654155254364014,1.149999976158142,34.72425106811524,0.20542694628238678
observed_test,v2_2018_420_48h,,15,PCC,A,2.915610662966831,0.0,0.2502041653944896,0.5210045576095581,1.149999976158142,34.72425106811524,0.19815398752689362
observed_test,v2_2018_420_48h,,15,PCC,B,2.915610662966831,0.0,0.2502041653944896,0.5210045576095581,1.149999976158142,34.72425106811524,0.19815398752689362
observed_test,v2_2018_420_48h,,15,PCC,C,2.915610662966831,0.0,0.2502041653944896,0.5210045576095581,1.149999976158142,34.72425106811524,0.19815398752689362
observed_test,v2_2018_420_48h,,16,PCC,A,2.9761405680146122,0.0,0.03888749947341589,0.5631123185157776,1.149999976158142,53.24800137329102,0.2050570547580719
observed_test,v2_2018_420_48h,,16,PCC,B,2.9761405680146122,0.0,0.03888749947341589,0.5631123185157776,1.149999976158142,53.24800137329102,0.2050570547580719
observed_test,v2_2018_420_48h,,16,PCC,C,2.9761405680146122,0.0,0.03888749947341589,0.5631123185157776,1.149999976158142,53.24800137329102,0.2050570547580719
observed_test,v2_2018_420_48h,,17,PCC,A,2.912059071852747,0.0,0.06270416510792878,0.5185338854789734,1.149999976158142,53.24800137329102,0.2133883535861969
observed_test,v2_2018_420_48h,,17,PCC,B,2.912059071852747,0.0,0.06270416510792878,0.5185338854789734,1.149999976158142,53.24800137329102,0.2133883535861969
observed_test,v2_2018_420_48h,,17,PCC,C,2.912059071852747,0.0,0.06270416510792878,0.5185338854789734,1.149999976158142,53.24800137329102,0.2133883535861969
observed_test,v2_2018_420_48h,,18,PCC,A,2.888165108802557,0.0,0.02548333364897049,0.501911997795105,1.149999976158142,53.24800137329102,0.21700935065746307
observed_test,v2_2018_420_48h,,18,PCC,B,2.888165108802557,0.0,0.02548333364897049,0.501911997795105,1.149999976158142,53.24800137329102,0.21700935065746307
observed_test,v2_2018_420_48h,,18,PCC,C,2.888165108802557,0.0,0.02548333364897049,0.501911997795105,1.149999976158142,53.24800137329102,0.21700935065746307
observed_test,v2_2018_420_48h,,19,PCC,A,2.9849615821466244,0.0,0.0,0.5692486763000488,1.149999976158142,53.24800137329102,0.2190818190574646
observed_test,v2_2018_420_48h,,19,PCC,B,2.9849615821466244,0.0,0.0,0.5692486763000488,1.149999976158142,53.24800137329102,0.2190818190574646
observed_test,v2_2018_420_48h,,19,PCC,C,2.9849615821466244,0.0,0.0,0.5692486763000488,1.149999976158142,53.24800137329102,0.2190818190574646
observed_test,v2_2018_420_48h,,20,PCC,A,2.825617614510635,0.0,0.0,0.458400696516037,1.149999976158142,53.24800137329102,0.22499531507492065
observed_test,v2_2018_420_48h,,20,PCC,B,2.825617614510635,0.0,0.0,0.458400696516037,1.149999976158142,53.24800137329102,0.22499531507492065
observed_test,v2_2018_420_48h,,20,PCC,C,2.825617614510635,0.0,0.0,0.458400696516037,1.149999976158142,53.24800137329102,0.22499531507492065
observed_test,v2_2018_420_48h,,21,PCC,A,2.740638571998929,0.0,0.0,0.39928483963012695,1.149999976158142,53.24800137329102,0.2404138743877411
observed_test,v2_2018_420_48h,,21,PCC,B,2.740638571998929,0.0,0.0,0.39928483963012695,1.149999976158142,53.24800137329102,0.2404138743877411
observed_test,v2_2018_420_48h,,21,PCC,C,2.740638571998929,0.0,0.0,0.39928483963012695,1.149999976158142,53.24800137329102,0.2404138743877411
observed_test,v2_2018_420_48h,,22,PCC,A,2.689500792288461,0.0,0.0,0.3637107312679291,1.149999976158142,53.24800137329102,0.26650428771972656
observed_test,v2_2018_420_48h,,22,PCC,B,2.689500792288461,0.0,0.0,0.3637107312679291,1.149999976158142,53.24800137329102,0.26650428771972656
observed_test,v2_2018_420_48h,,22,PCC,C,2.689500792288461,0.0,0.0,0.3637107312679291,1.149999976158142,53.24800137329102,0.26650428771972656
observed_test,v2_2018_420_48h,,23,PCC,A,2.666340906989589,0.0,0.0,0.34759950637817383,1.149999976158142,53.24800137329102,0.27035894989967346
observed_test,v2_2018_420_48h,,23,PCC,B,2.666340906989589,0.0,0.0,0.34759950637817383,1.149999976158142,53.24800137329102,0.27035894989967346
observed_test,v2_2018_420_48h,,23,PCC,C,2.666340906989589,0.0,0.0,0.34759950637817383,1.149999976158142,53.24800137329102,0.27035894989967346
observed_test,v2_2018_420_48h,,24,PCC,A,2.589738233557025,0.0,0.0,0.29431068897247314,1.149999976158142,53.24800137329102,0.27021366357803345
observed_test,v2_2018_420_48h,,24,PCC,B,2.589738233557025,0.0,0.0,0.29431068897247314,1.149999976158142,53.24800137329102,0.27021366357803345
observed_test,v2_2018_420_48h,,24,PCC,C,2.589738233557025,0.0,0.0,0.29431068897247314,1.149999976158142,53.24800137329102,0.27021366357803345
observed_test,v2_2018_420_48h,,25,PCC,A,2.6237012928594003,0.0,0.0,0.3179371654987335,1.149999976158142,34.72425106811524,0.2689494490623474
observed_test,v2_2018_420_48h,,25,PCC,B,2.6237012928594003,0.0,0.0,0.3179371654987335,1.149999976158142,34.72425106811524,0.2689494490623474
observed_test,v2_2018_420_48h,,25,PCC,C,2.6237012928594003,0.0,0.0,0.3179371654987335,1.149999976158142,34.72425106811524,0.2689494490623474
observed_test,v2_2018_420_48h,,26,PCC,A,2.4875831211508435,0.0,0.0,0.2232462614774704,1.149999976158142,34.72425106811524,0.28191912174224854
observed_test,v2_2018_420_48h,,26,PCC,B,2.4875831211508435,0.0,0.0,0.2232462614774704,1.149999976158142,34.72425106811524,0.28191912174224854
observed_test,v2_2018_420_48h,,26,PCC,C,2.4875831211508435,0.0,0.0,0.2232462614774704,1.149999976158142,34.72425106811524,0.28191912174224854
observed_test,v2_2018_420_48h,,27,PCC,A,2.5452259178952694,0.0,0.0,0.2633455991744995,1.149999976158142,53.24800137329102,0.28874415159225464
observed_test,v2_2018_420_48h,,27,PCC,B,2.5452259178952694,0.0,0.0,0.2633455991744995,1.149999976158142,53.24800137329102,0.28874415159225464
observed_test,v2_2018_420_48h,,27,PCC,C,2.5452259178952694,0.0,0.0,0.2633455991744995,1.149999976158142,53.24800137329102,0.28874415159225464
observed_test,v2_2018_420_48h,,28,PCC,A,2.6066056994782514,0.0,0.0,0.3060445785522461,1.149999976158142,53.24800137329102,0.2743911147117615
observed_test,v2_2018_420_48h,,28,PCC,B,2.6066056994782514,0.0,0.0,0.3060445785522461,1.149999976158142,53.24800137329102,0.2743911147117615
observed_test,v2_2018_420_48h,,28,PCC,C,2.6066056994782514,0.0,0.0,0.3060445785522461,1.149999976158142,53.24800137329102,0.2743911147117615
observed_test,v2_2018_420_48h,,29,PCC,A,2.5763726205374935,0.0,0.0,0.2850128710269928,1.149999976158142,53.24800137329102,0.2756700813770294
observed_test,v2_2018_420_48h,,29,PCC,B,2.5763726205374935,0.0,0.0,0.2850128710269928,1.149999976158142,53.24800137329102,0.2756700813770294
observed_test,v2_2018_420_48h,,29,PCC,C,2.5763726205374935,0.0,0.0,0.2850128710269928,1.149999976158142,53.24800137329102,0.2756700813770294
observed_test,v2_2018_420_48h,,30,PCC,A,2.7605416539868575,0.0,0.007033333307705246,0.4131304621696472,1.149999976158142,121.88174847412108,0.2627776861190796
observed_test,v2_2018_420_48h,,30,PCC,B,2.7605416539868575,0.0,0.007033333307705246,0.4131304621696472,1.149999976158142,121.88174847412108,0.2627776861190796
observed_test,v2_2018_420_48h,,30,PCC,C,2.7605416539868575,0.0,0.007033333307705246,0.4131304621696472,1.149999976158142,121.88174847412108,0.2627776861190796
observed_test,v2_2018_420_48h,,31,PCC,A,3.0129513006293838,0.0,0.044374998945456275,0.5887197852134705,1.149999976158142,121.88174847412108,0.24996161460876465
observed_test,v2_2018_420_48h,,31,PCC,B,3.0129513006293838,0.0,0.044374998945456275,0.5887197852134705,1.149999976158142,121.88174847412108,0.24996161460876465
observed_test,v2_2018_420_48h,,31,PCC,C,3.0129513006293838,0.0,0.044374998945456275,0.5887197852134705,1.149999976158142,121.88174847412108,0.24996161460876465
observed_test,v2_2018_420_48h,,32,PCC,A,2.7649040079514635,0.0,0.07812083483888552,0.41616514325141907,1.149999976158142,121.88174847412108,0.24707892537117004
observed_test,v2_2018_420_48h,,32,PCC,B,2.7649040079514635,0.0,0.07812083483888552,0.41616514325141907,1.149999976158142,121.88174847412108,0.24707892537117004
observed_test,v2_2018_420_48h,,32,PCC,C,2.7649040079514635,0.0,0.07812083483888552,0.41616514325141907,1.149999976158142,121.88174847412108,0.24707892537117004
observed_test,v2_2018_420_48h,,33,PCC,A,2.9051724072175276,0.0,0.1453249930189206,0.5137431621551514,1.149999976158142,121.88174847412108,0.2489013671875
observed_test,v2_2018_420_48h,,33,PCC,B,2.9051724072175276,0.0,0.1453249930189206,0.5137431621551514,1.149999976158142,121.88174847412108,0.2489013671875
observed_test,v2_2018_420_48h,,33,PCC,C,2.9051724072175276,0.0,0.1453249930189206,0.5137431621551514,1.149999976158142,121.88174847412108,0.2489013671875
observed_test,v2_2018_420_48h,,34,PCC,A,2.6904467608222724,0.0,0.14801250340846867,0.3643687963485718,1.149999976158142,53.24800137329102,0.25076907873153687
observed_test,v2_2018_420_48h,,34,PCC,B,2.6904467608222724,0.0,0.14801250340846867,0.3643687963485718,1.149999976158142,53.24800137329102,0.25076907873153687
observed_test,v2_2018_420_48h,,34,PCC,C,2.6904467608222724,0.0,0.14801250340846867,0.3643687963485718,1.149999976158142,53.24800137329102,0.25076907873153687
observed_test,v2_2018_420_48h,,35,PCC,A,2.686130632121376,0.0,0.1259541712128199,0.36136627197265625,1.149999976158142,53.24800137329102,0.25952115654945374
observed_test,v2_2018_420_48h,,35,PCC,B,2.686130632121376,0.0,0.1259541712128199,0.36136627197265625,1.149999976158142,53.24800137329102,0.25952115654945374
observed_test,v2_2018_420_48h,,35,PCC,C,2.686130632121376,0.0,0.1259541712128199,0.36136627197265625,1.149999976158142,53.24800137329102,0.25952115654945374
observed_test,v2_2018_420_48h,,36,PCC,A,2.940481482794702,0.0,0.10593749869328278,0.5383059978485107,1.149999976158142,34.72425106811524,0.27041664719581604
observed_test,v2_2018_420_48h,,36,PCC,B,2.940481482794702,0.0,0.10593749869328278,0.5383059978485107,1.149999976158142,34.72425106811524,0.27041664719581604
observed_test,v2_2018_420_48h,,36,PCC,C,2.940481482794702,0.0,0.10593749869328278,0.5383059978485107,1.149999976158142,34.72425106811524,0.27041664719581604
observed_test,v2_2018_420_48h,,37,PCC,A,3.033735447282245,0.0,0.11478749891886343,0.6031783223152161,1.149999976158142,34.72425106811524,0.2573597729206085
observed_test,v2_2018_420_48h,,37,PCC,B,3.033735447282245,0.0,0.11478749891886343,0.6031783223152161,1.149999976158142,34.72425106811524,0.2573597729206085
observed_test,v2_2018_420_48h,,37,PCC,C,3.033735447282245,0.0,0.11478749891886343,0.6031783223152161,1.149999976158142,34.72425106811524,0.2573597729206085
observed_test,v2_2018_420_48h,,38,PCC,A,3.1232014249141358,0.0,0.13570417291842973,0.6654155254364014,1.149999976158142,34.72425106811524,0.2475329339504242
observed_test,v2_2018_420_48h,,38,PCC,B,3.1232014249141358,0.0,0.13570417291842973,0.6654155254364014,1.149999976158142,34.72425106811524,0.2475329339504242
observed_test,v2_2018_420_48h,,38,PCC,C,3.1232014249141358,0.0,0.13570417291842973,0.6654155254364014,1.149999976158142,34.72425106811524,0.2475329339504242
observed_test,v2_2018_420_48h,,39,PCC,A,2.915610662966831,0.0,0.09556667019541447,0.5210045576095581,1.149999976158142,34.72425106811524,0.24321039021015167
observed_test,v2_2018_420_48h,,39,PCC,B,2.915610662966831,0.0,0.09556667019541447,0.5210045576095581,1.149999976158142,34.72425106811524,0.24321039021015167
observed_test,v2_2018_420_48h,,39,PCC,C,2.915610662966831,0.0,0.09556667019541447,0.5210045576095581,1.149999976158142,34.72425106811524,0.24321039021015167
observed_test,v2_2018_420_48h,,40,PCC,A,2.9761405680146122,0.0,0.1675708362689385,0.5631123185157776,1.149999976158142,53.24800137329102,0.2491816133260727
observed_test,v2_2018_420_48h,,40,PCC,B,2.9761405680146122,0.0,0.1675708362689385,0.5631123185157776,1.149999976158142,53.24800137329102,0.2491816133260727
observed_test,v2_2018_420_48h,,40,PCC,C,2.9761405680146122,0.0,0.1675708362689385,0.5631123185157776,1.149999976158142,53.24800137329102,0.2491816133260727
observed_test,v2_2018_420_48h,,41,PCC,A,2.912059071852747,0.0,0.08465417016011018,0.5185338854789734,1.149999976158142,53.24800137329102,0.2657085955142975
observed_test,v2_2018_420_48h,,41,PCC,B,2.912059071852747,0.0,0.08465417016011018,0.5185338854789734,1.149999976158142,53.24800137329102,0.2657085955142975
observed_test,v2_2018_420_48h,,41,PCC,C,2.912059071852747,0.0,0.08465417016011018,0.5185338854789734,1.149999976158142,53.24800137329102,0.2657085955142975
observed_test,v2_2018_420_48h,,42,PCC,A,2.888165108802557,0.0,0.004045833170843812,0.501911997795105,1.149999976158142,53.24800137329102,0.28442761301994324
observed_test,v2_2018_420_48h,,42,PCC,B,2.888165108802557,0.0,0.004045833170843812,0.501911997795105,1.149999976158142,53.24800137329102,0.28442761301994324
observed_test,v2_2018_420_48h,,42,PCC,C,2.888165108802557,0.0,0.004045833170843812,0.501911997795105,1.149999976158142,53.24800137329102,0.28442761301994324
observed_test,v2_2018_420_48h,,43,PCC,A,2.9849615821466244,0.0,0.0,0.5692486763000488,1.149999976158142,53.24800137329102,0.30174151062965393
observed_test,v2_2018_420_48h,,43,PCC,B,2.9849615821466244,0.0,0.0,0.5692486763000488,1.149999976158142,53.24800137329102,0.30174151062965393
observed_test,v2_2018_420_48h,,43,PCC,C,2.9849615821466244,0.0,0.0,0.5692486763000488,1.149999976158142,53.24800137329102,0.30174151062965393
observed_test,v2_2018_420_48h,,44,PCC,A,2.825617614510635,0.0,0.0,0.458400696516037,1.149999976158142,53.24800137329102,0.31503793597221375
observed_test,v2_2018_420_48h,,44,PCC,B,2.825617614510635,0.0,0.0,0.458400696516037,1.149999976158142,53.24800137329102,0.31503793597221375
observed_test,v2_2018_420_48h,,44,PCC,C,2.825617614510635,0.0,0.0,0.458400696516037,1.149999976158142,53.24800137329102,0.31503793597221375
observed_test,v2_2018_420_48h,,45,PCC,A,2.740638571998929,0.0,0.0,0.39928483963012695,1.149999976158142,53.24800137329102,0.3256334662437439
observed_test,v2_2018_420_48h,,45,PCC,B,2.740638571998929,0.0,0.0,0.39928483963012695,1.149999976158142,53.24800137329102,0.3256334662437439
observed_test,v2_2018_420_48h,,45,PCC,C,2.740638571998929,0.0,0.0,0.39928483963012695,1.149999976158142,53.24800137329102,0.3256334662437439
observed_test,v2_2018_420_48h,,46,PCC,A,2.689500792288461,0.0,0.0,0.3637107312679291,1.149999976158142,53.24800137329102,0.3141850531101227
observed_test,v2_2018_420_48h,,46,PCC,B,2.689500792288461,0.0,0.0,0.3637107312679291,1.149999976158142,53.24800137329102,0.3141850531101227
observed_test,v2_2018_420_48h,,46,PCC,C,2.689500792288461,0.0,0.0,0.3637107312679291,1.149999976158142,53.24800137329102,0.3141850531101227
observed_test,v2_2018_420_48h,,47,PCC,A,2.666340906989589,0.0,0.0,0.34759950637817383,1.149999976158142,53.24800137329102,0.30580610036849976
observed_test,v2_2018_420_48h,,47,PCC,B,2.666340906989589,0.0,0.0,0.34759950637817383,1.149999976158142,53.24800137329102,0.30580610036849976
observed_test,v2_2018_420_48h,,47,PCC,C,2.666340906989589,0.0,0.0,0.34759950637817383,1.149999976158142,53.24800137329102,0.30580610036849976
observed_test,v2_2018_517_48h,,0,PCC,A,2.589738233557025,0.0,0.0,0.29431068897247314,1.149999976158142,53.24800137329102,0.31878119707107544
observed_test,v2_2018_517_48h,,0,PCC,B,2.589738233557025,0.0,0.0,0.29431068897247314,1.149999976158142,53.24800137329102,0.31878119707107544
observed_test,v2_2018_517_48h,,0,PCC,C,2.589738233557025,0.0,0.0,0.29431068897247314,1.149999976158142,53.24800137329102,0.31878119707107544
observed_test,v2_2018_517_48h,,1,PCC,A,2.6237012928594003,0.0,0.0,0.3179371654987335,1.149999976158142,53.24800137329102,0.32118916511535645
observed_test,v2_2018_517_48h,,1,PCC,B,2.6237012928594003,0.0,0.0,0.3179371654987335,1.149999976158142,53.24800137329102,0.32118916511535645
observed_test,v2_2018_517_48h,,1,PCC,C,2.6237012928594003,0.0,0.0,0.3179371654987335,1.149999976158142,53.24800137329102,0.32118916511535645
observed_test,v2_2018_517_48h,,2,PCC,A,2.4875831211508435,0.0,0.0,0.2232462614774704,1.149999976158142,53.24800137329102,0.33704617619514465
observed_test,v2_2018_517_48h,,2,PCC,B,2.4875831211508435,0.0,0.0,0.2232462614774704,1.149999976158142,53.24800137329102,0.33704617619514465
observed_test,v2_2018_517_48h,,2,PCC,C,2.4875831211508435,0.0,0.0,0.2232462614774704,1.149999976158142,53.24800137329102,0.33704617619514465
observed_test,v2_2018_517_48h,,3,PCC,A,2.5452259178952694,0.0,0.0,0.2633455991744995,1.149999976158142,53.24800137329102,0.3459780812263489
observed_test,v2_2018_517_48h,,3,PCC,B,2.5452259178952694,0.0,0.0,0.2633455991744995,1.149999976158142,53.24800137329102,0.3459780812263489
observed_test,v2_2018_517_48h,,3,PCC,C,2.5452259178952694,0.0,0.0,0.2633455991744995,1.149999976158142,53.24800137329102,0.3459780812263489
observed_test,v2_2018_517_48h,,4,PCC,A,2.6066056994782514,0.0,0.0,0.3060445785522461,1.149999976158142,53.24800137329102,0.317017138004303
observed_test,v2_2018_517_48h,,4,PCC,B,2.6066056994782514,0.0,0.0,0.3060445785522461,1.149999976158142,53.24800137329102,0.317017138004303
observed_test,v2_2018_517_48h,,4,PCC,C,2.6066056994782514,0.0,0.0,0.3060445785522461,1.149999976158142,53.24800137329102,0.317017138004303
observed_test,v2_2018_517_48h,,5,PCC,A,2.5763726205374935,0.0,0.0,0.2850128710269928,1.149999976158142,53.24800137329102,0.2949502170085907
observed_test,v2_2018_517_48h,,5,PCC,B,2.5763726205374935,0.0,0.0,0.2850128710269928,1.149999976158142,53.24800137329102,0.2949502170085907
observed_test,v2_2018_517_48h,,5,PCC,C,2.5763726205374935,0.0,0.0,0.2850128710269928,1.149999976158142,53.24800137329102,0.2949502170085907
observed_test,v2_2018_517_48h,,6,PCC,A,2.7605416539868575,0.0,0.0,0.4131304621696472,1.149999976158142,53.24800137329102,0.2756158411502838
observed_test,v2_2018_517_48h,,6,PCC,B,2.7605416539868575,0.0,0.0,0.4131304621696472,1.149999976158142,53.24800137329102,0.2756158411502838
observed_test,v2_2018_517_48h,,6,PCC,C,2.7605416539868575,0.0,0.0,0.4131304621696472,1.149999976158142,53.24800137329102,0.2756158411502838
observed_test,v2_2018_517_48h,,7,PCC,A,3.0129513006293838,0.0,0.19284582768495265,0.5887197852134705,1.149999976158142,53.24800137329102,0.2672480344772339
observed_test,v2_2018_517_48h,,7,PCC,B,3.0129513006293838,0.0,0.19284582768495265,0.5887197852134705,1.149999976158142,53.24800137329102,0.2672480344772339
observed_test,v2_2018_517_48h,,7,PCC,C,3.0129513006293838,0.0,0.19284582768495265,0.5887197852134705,1.149999976158142,53.24800137329102,0.2672480344772339
observed_test,v2_2018_517_48h,,8,PCC,A,2.7649040079514635,0.0,0.6171041383193089,0.41616514325141907,1.149999976158142,53.24800137329102,0.2666736841201782
observed_test,v2_2018_517_48h,,8,PCC,B,2.7649040079514635,0.0,0.6171041383193089,0.41616514325141907,1.149999976158142,53.24800137329102,0.2666736841201782
observed_test,v2_2018_517_48h,,8,PCC,C,2.7649040079514635,0.0,0.6171041383193089,0.41616514325141907,1.149999976158142,53.24800137329102,0.2666736841201782
observed_test,v2_2018_517_48h,,9,PCC,A,2.9051724072175276,0.0,0.9328333231119008,0.5137431621551514,1.149999976158142,53.24800137329102,0.27404993772506714
observed_test,v2_2018_517_48h,,9,PCC,B,2.9051724072175276,0.0,0.9328333231119008,0.5137431621551514,1.149999976158142,53.24800137329102,0.27404993772506714
observed_test,v2_2018_517_48h,,9,PCC,C,2.9051724072175276,0.0,0.9328333231119008,0.5137431621551514,1.149999976158142,53.24800137329102,0.27404993772506714
observed_test,v2_2018_517_48h,,10,PCC,A,2.6904467608222724,0.0,1.128175052312704,0.3643687963485718,1.149999976158142,53.24800137329102,0.28345242142677307
observed_test,v2_2018_517_48h,,10,PCC,B,2.6904467608222724,0.0,1.128175052312704,0.3643687963485718,1.149999976158142,53.24800137329102,0.28345242142677307
observed_test,v2_2018_517_48h,,10,PCC,C,2.6904467608222724,0.0,1.128175052312704,0.3643687963485718,1.149999976158142,53.24800137329102,0.28345242142677307
observed_test,v2_2018_517_48h,,11,PCC,A,2.686130632121376,0.0,1.2329041957855222,0.36136627197265625,1.149999976158142,53.24800137329102,0.31401392817497253
observed_test,v2_2018_517_48h,,11,PCC,B,2.686130632121376,0.0,1.2329041957855222,0.36136627197265625,1.149999976158142,53.24800137329102,0.31401392817497253
observed_test,v2_2018_517_48h,,11,PCC,C,2.686130632121376,0.0,1.2329041957855222,0.36136627197265625,1.149999976158142,53.24800137329102,0.31401392817497253
observed_test,v2_2018_517_48h,,12,PCC,A,2.940481482794702,0.0,1.240691657249744,0.5383059978485107,1.149999976158142,53.24800137329102,0.33215922117233276
observed_test,v2_2018_517_48h,,12,PCC,B,2.940481482794702,0.0,1.240691657249744,0.5383059978485107,1.149999976158142,53.24800137329102,0.33215922117233276
observed_test,v2_2018_517_48h,,12,PCC,C,2.940481482794702,0.0,1.240691657249744,0.5383059978485107,1.149999976158142,53.24800137329102,0.33215922117233276
observed_test,v2_2018_517_48h,,13,PCC,A,3.033735447282245,0.0,1.1512124767670264,0.6031783223152161,1.149999976158142,53.24800137329102,0.34412243962287903
observed_test,v2_2018_517_48h,,13,PCC,B,3.033735447282245,0.0,1.1512124767670264,0.6031783223152161,1.149999976158142,53.24800137329102,0.34412243962287903
observed_test,v2_2018_517_48h,,13,PCC,C,3.033735447282245,0.0,1.1512124767670264,0.6031783223152161,1.149999976158142,53.24800137329102,0.34412243962287903
observed_test,v2_2018_517_48h,,14,PCC,A,3.1232014249141358,0.0,0.9769875269669752,0.6654155254364014,1.149999976158142,53.24800137329102,0.3076339364051819
observed_test,v2_2018_517_48h,,14,PCC,B,3.1232014249141358,0.0,0.9769875269669752,0.6654155254364014,1.149999976158142,53.24800137329102,0.3076339364051819
observed_test,v2_2018_517_48h,,14,PCC,C,3.1232014249141358,0.0,0.9769875269669752,0.6654155254364014,1.149999976158142,53.24800137329102,0.3076339364051819
observed_test,v2_2018_517_48h,,15,PCC,A,2.915610662966831,0.0,0.712874990243178,0.5210045576095581,1.149999976158142,53.24800137329102,0.2615348994731903
observed_test,v2_2018_517_48h,,15,PCC,B,2.915610662966831,0.0,0.712874990243178,0.5210045576095581,1.149999976158142,53.24800137329102,0.2615348994731903
observed_test,v2_2018_517_48h,,15,PCC,C,2.915610662966831,0.0,0.712874990243178,0.5210045576095581,1.149999976158142,53.24800137329102,0.2615348994731903
observed_test,v2_2018_517_48h,,16,PCC,A,2.9761405680146122,0.0,0.34545416442247534,0.5631123185157776,1.149999976158142,53.24800137329102,0.24569140374660492
observed_test,v2_2018_517_48h,,16,PCC,B,2.9761405680146122,0.0,0.34545416442247534,0.5631123185157776,1.149999976158142,53.24800137329102,0.24569140374660492
observed_test,v2_2018_517_48h,,16,PCC,C,2.9761405680146122,0.0,0.34545416442247534,0.5631123185157776,1.149999976158142,53.24800137329102,0.24569140374660492
observed_test,v2_2018_517_48h,,17,PCC,A,2.912059071852747,0.0,0.012487499938847927,0.5185338854789734,1.149999976158142,53.24800137329102,0.2300431877374649
observed_test,v2_2018_517_48h,,17,PCC,B,2.912059071852747,0.0,0.012487499938847927,0.5185338854789734,1.149999976158142,53.24800137329102,0.2300431877374649
observed_test,v2_2018_517_48h,,17,PCC,C,2.912059071852747,0.0,0.012487499938847927,0.5185338854789734,1.149999976158142,53.24800137329102,0.2300431877374649
observed_test,v2_2018_517_48h,,18,PCC,A,2.888165108802557,0.0,0.0,0.501911997795105,1.149999976158142,53.24800137329102,0.22895246744155884
observed_test,v2_2018_517_48h,,18,PCC,B,2.888165108802557,0.0,0.0,0.501911997795105,1.149999976158142,53.24800137329102,0.22895246744155884
observed_test,v2_2018_517_48h,,18,PCC,C,2.888165108802557,0.0,0.0,0.501911997795105,1.149999976158142,53.24800137329102,0.22895246744155884
observed_test,v2_2018_517_48h,,19,PCC,A,2.9849615821466244,0.0,0.0,0.5692486763000488,1.149999976158142,53.24800137329102,0.24547912180423737
observed_test,v2_2018_517_48h,,19,PCC,B,2.9849615821466244,0.0,0.0,0.5692486763000488,1.149999976158142,53.24800137329102,0.24547912180423737
observed_test,v2_2018_517_48h,,19,PCC,C,2.9849615821466244,0.0,0.0,0.5692486763000488,1.149999976158142,53.24800137329102,0.24547912180423737
observed_test,v2_2018_517_48h,,20,PCC,A,2.825617614510635,0.0,0.0,0.458400696516037,1.149999976158142,53.24800137329102,0.2775125801563263
observed_test,v2_2018_517_48h,,20,PCC,B,2.825617614510635,0.0,0.0,0.458400696516037,1.149999976158142,53.24800137329102,0.2775125801563263
observed_test,v2_2018_517_48h,,20,PCC,C,2.825617614510635,0.0,0.0,0.458400696516037,1.149999976158142,53.24800137329102,0.2775125801563263
observed_test,v2_2018_517_48h,,21,PCC,A,2.740638571998929,0.0,0.0,0.39928483963012695,1.149999976158142,53.24800137329102,0.329254686832428
observed_test,v2_2018_517_48h,,21,PCC,B,2.740638571998929,0.0,0.0,0.39928483963012695,1.149999976158142,53.24800137329102,0.329254686832428
observed_test,v2_2018_517_48h,,21,PCC,C,2.740638571998929,0.0,0.0,0.39928483963012695,1.149999976158142,53.24800137329102,0.329254686832428
observed_test,v2_2018_517_48h,,22,PCC,A,2.689500792288461,0.0,0.0,0.3637107312679291,1.149999976158142,53.24800137329102,0.34110918641090393
observed_test,v2_2018_517_48h,,22,PCC,B,2.689500792288461,0.0,0.0,0.3637107312679291,1.149999976158142,53.24800137329102,0.34110918641090393
observed_test,v2_2018_517_48h,,22,PCC,C,2.689500792288461,0.0,0.0,0.3637107312679291,1.149999976158142,53.24800137329102,0.34110918641090393
observed_test,v2_2018_517_48h,,23,PCC,A,2.666340906989589,0.0,0.0,0.34759950637817383,1.149999976158142,53.24800137329102,0.32101884484291077
observed_test,v2_2018_517_48h,,23,PCC,B,2.666340906989589,0.0,0.0,0.34759950637817383,1.149999976158142,53.24800137329102,0.32101884484291077
observed_test,v2_2018_517_48h,,23,PCC,C,2.666340906989589,0.0,0.0,0.34759950637817383,1.149999976158142,53.24800137329102,0.32101884484291077
observed_test,v2_2018_517_48h,,24,PCC,A,2.589738233557025,0.0,0.0,0.29431068897247314,1.149999976158142,53.24800137329102,0.32471373677253723
observed_test,v2_2018_517_48h,,24,PCC,B,2.589738233557025,0.0,0.0,0.29431068897247314,1.149999976158142,53.24800137329102,0.32471373677253723
observed_test,v2_2018_517_48h,,24,PCC,C,2.589738233557025,0.0,0.0,0.29431068897247314,1.149999976158142,53.24800137329102,0.32471373677253723
observed_test,v2_2018_517_48h,,25,PCC,A,2.6237012928594003,0.0,0.0,0.3179371654987335,1.149999976158142,53.24800137329102,0.31471502780914307
observed_test,v2_2018_517_48h,,25,PCC,B,2.6237012928594003,0.0,0.0,0.3179371654987335,1.149999976158142,53.24800137329102,0.31471502780914307
observed_test,v2_2018_517_48h,,25,PCC,C,2.6237012928594003,0.0,0.0,0.3179371654987335,1.149999976158142,53.24800137329102,0.31471502780914307
observed_test,v2_2018_517_48h,,26,PCC,A,2.4875831211508435,0.0,0.0,0.2232462614774704,1.149999976158142,53.24800137329102,0.3117430806159973
observed_test,v2_2018_517_48h,,26,PCC,B,2.4875831211508435,0.0,0.0,0.2232462614774704,1.149999976158142,53.24800137329102,0.3117430806159973
observed_test,v2_2018_517_48h,,26,PCC,C,2.4875831211508435,0.0,0.0,0.2232462614774704,1.149999976158142,53.24800137329102,0.3117430806159973
observed_test,v2_2018_517_48h,,27,PCC,A,2.5452259178952694,0.0,0.0,0.2633455991744995,1.149999976158142,53.24800137329102,0.32513874769210815
observed_test,v2_2018_517_48h,,27,PCC,B,2.5452259178952694,0.0,0.0,0.2633455991744995,1.149999976158142,53.24800137329102,0.32513874769210815
observed_test,v2_2018_517_48h,,27,PCC,C,2.5452259178952694,0.0,0.0,0.2633455991744995,1.149999976158142,53.24800137329102,0.32513874769210815
observed_test,v2_2018_517_48h,,28,PCC,A,2.6066056994782514,0.0,0.0,0.3060445785522461,1.149999976158142,53.24800137329102,0.3000279366970062
observed_test,v2_2018_517_48h,,28,PCC,B,2.6066056994782514,0.0,0.0,0.3060445785522461,1.149999976158142,53.24800137329102,0.3000279366970062
observed_test,v2_2018_517_48h,,28,PCC,C,2.6066056994782514,0.0,0.0,0.3060445785522461,1.149999976158142,53.24800137329102,0.3000279366970062
observed_test,v2_2018_517_48h,,29,PCC,A,2.5763726205374935,0.0,0.0,0.2850128710269928,1.149999976158142,53.24800137329102,0.268724262714386
observed_test,v2_2018_517_48h,,29,PCC,B,2.5763726205374935,0.0,0.0,0.2850128710269928,1.149999976158142,53.24800137329102,0.268724262714386
observed_test,v2_2018_517_48h,,29,PCC,C,2.5763726205374935,0.0,0.0,0.2850128710269928,1.149999976158142,53.24800137329102,0.268724262714386
observed_test,v2_2018_517_48h,,30,PCC,A,2.7605416539868575,0.0,0.0,0.4131304621696472,1.149999976158142,53.24800137329102,0.2541307210922241
observed_test,v2_2018_517_48h,,30,PCC,B,2.7605416539868575,0.0,0.0,0.4131304621696472,1.149999976158142,53.24800137329102,0.2541307210922241
observed_test,v2_2018_517_48h,,30,PCC,C,2.7605416539868575,0.0,0.0,0.4131304621696472,1.149999976158142,53.24800137329102,0.2541307210922241
observed_test,v2_2018_517_48h,,31,PCC,A,3.0129513006293838,0.0,0.19042916022814235,0.5887197852134705,1.149999976158142,53.24800137329102,0.24084439873695374
observed_test,v2_2018_517_48h,,31,PCC,B,3.0129513006293838,0.0,0.19042916022814235,0.5887197852134705,1.149999976158142,53.24800137329102,0.24084439873695374
observed_test,v2_2018_517_48h,,31,PCC,C,3.0129513006293838,0.0,0.19042916022814235,0.5887197852134705,1.149999976158142,53.24800137329102,0.24084439873695374
observed_test,v2_2018_517_48h,,32,PCC,A,2.7649040079514635,0.0,0.6126333314638871,0.41616514325141907,1.149999976158142,53.24800137329102,0.23771071434020996
observed_test,v2_2018_517_48h,,32,PCC,B,2.7649040079514635,0.0,0.6126333314638871,0.41616514325141907,1.149999976158142,53.24800137329102,0.23771071434020996
observed_test,v2_2018_517_48h,,32,PCC,C,2.7649040079514635,0.0,0.6126333314638871,0.41616514325141907,1.149999976158142,53.24800137329102,0.23771071434020996
observed_test,v2_2018_517_48h,,33,PCC,A,2.9051724072175276,0.0,0.9181874875838939,0.5137431621551514,1.149999976158142,53.24800137329102,0.23814091086387634
observed_test,v2_2018_517_48h,,33,PCC,B,2.9051724072175276,0.0,0.9181874875838939,0.5137431621551514,1.149999976158142,53.24800137329102,0.23814091086387634
observed_test,v2_2018_517_48h,,33,PCC,C,2.9051724072175276,0.0,0.9181874875838939,0.5137431621551514,1.149999976158142,53.24800137329102,0.23814091086387634
observed_test,v2_2018_517_48h,,34,PCC,A,2.6904467608222724,0.0,1.1087750013058002,0.3643687963485718,1.149999976158142,53.24800137329102,0.24649514257907867
observed_test,v2_2018_517_48h,,34,PCC,B,2.6904467608222724,0.0,1.1087750013058002,0.3643687963485718,1.149999976158142,53.24800137329102,0.24649514257907867
observed_test,v2_2018_517_48h,,34,PCC,C,2.6904467608222724,0.0,1.1087750013058002,0.3643687963485718,1.149999976158142,53.24800137329102,0.24649514257907867
observed_test,v2_2018_517_48h,,35,PCC,A,2.686130632121376,0.0,1.199599985892956,0.36136627197265625,1.149999976158142,53.24800137329102,0.28050360083580017
observed_test,v2_2018_517_48h,,35,PCC,B,2.686130632121376,0.0,1.199599985892956,0.36136627197265625,1.149999976158142,53.24800137329102,0.28050360083580017
observed_test,v2_2018_517_48h,,35,PCC,C,2.686130632121376,0.0,1.199599985892956,0.36136627197265625,1.149999976158142,53.24800137329102,0.28050360083580017
observed_test,v2_2018_517_48h,,36,PCC,A,2.940481482794702,0.0,1.124812547977154,0.5383059978485107,1.149999976158142,53.24800137329102,0.29443758726119995
observed_test,v2_2018_517_48h,,36,PCC,B,2.940481482794702,0.0,1.124812547977154,0.5383059978485107,1.149999976158142,53.24800137329102,0.29443758726119995
observed_test,v2_2018_517_48h,,36,PCC,C,2.940481482794702,0.0,1.124812547977154,0.5383059978485107,1.149999976158142,53.24800137329102,0.29443758726119995
observed_test,v2_2018_517_48h,,37,PCC,A,3.033735447282245,0.0,0.8060166468987098,0.6031783223152161,1.149999976158142,53.24800137329102,0.30015167593955994
observed_test,v2_2018_517_48h,,37,PCC,B,3.033735447282245,0.0,0.8060166468987098,0.6031783223152161,1.149999976158142,53.24800137329102,0.30015167593955994
observed_test,v2_2018_517_48h,,37,PCC,C,3.033735447282245,0.0,0.8060166468987098,0.6031783223152161,1.149999976158142,53.24800137329102,0.30015167593955994
observed_test,v2_2018_517_48h,,38,PCC,A,3.1232014249141358,0.0,0.5883000217951261,0.6654155254364014,1.149999976158142,53.24800137329102,0.29042699933052063
observed_test,v2_2018_517_48h,,38,PCC,B,3.1232014249141358,0.0,0.5883000217951261,0.6654155254364014,1.149999976158142,53.24800137329102,0.29042699933052063
observed_test,v2_2018_517_48h,,38,PCC,C,3.1232014249141358,0.0,0.5883000217951261,0.6654155254364014,1.149999976158142,53.24800137329102,0.29042699933052063
observed_test,v2_2018_517_48h,,39,PCC,A,2.915610662966831,0.0,0.3981916663738397,0.5210045576095581,1.149999976158142,53.24800137329102,0.2548181116580963
observed_test,v2_2018_517_48h,,39,PCC,B,2.915610662966831,0.0,0.3981916663738397,0.5210045576095581,1.149999976158142,53.24800137329102,0.2548181116580963
observed_test,v2_2018_517_48h,,39,PCC,C,2.915610662966831,0.0,0.3981916663738397,0.5210045576095581,1.149999976158142,53.24800137329102,0.2548181116580963
observed_test,v2_2018_517_48h,,40,PCC,A,2.9761405680146122,0.0,0.18224999881707704,0.5631123185157776,1.149999976158142,53.24800137329102,0.24578242003917694
observed_test,v2_2018_517_48h,,40,PCC,B,2.9761405680146122,0.0,0.18224999881707704,0.5631123185157776,1.149999976158142,53.24800137329102,0.24578242003917694
observed_test,v2_2018_517_48h,,40,PCC,C,2.9761405680146122,0.0,0.18224999881707704,0.5631123185157776,1.149999976158142,53.24800137329102,0.24578242003917694
observed_test,v2_2018_517_48h,,41,PCC,A,2.912059071852747,0.0,0.0,0.5185338854789734,1.149999976158142,53.24800137329102,0.25222280621528625
observed_test,v2_2018_517_48h,,41,PCC,B,2.912059071852747,0.0,0.0,0.5185338854789734,1.149999976158142,53.24800137329102,0.25222280621528625
observed_test,v2_2018_517_48h,,41,PCC,C,2.912059071852747,0.0,0.0,0.5185338854789734,1.149999976158142,53.24800137329102,0.25222280621528625
observed_test,v2_2018_517_48h,,42,PCC,A,2.888165108802557,0.0,0.0,0.501911997795105,1.149999976158142,53.24800137329102,0.260084331035614
observed_test,v2_2018_517_48h,,42,PCC,B,2.888165108802557,0.0,0.0,0.501911997795105,1.149999976158142,53.24800137329102,0.260084331035614
observed_test,v2_2018_517_48h,,42,PCC,C,2.888165108802557,0.0,0.0,0.501911997795105,1.149999976158142,53.24800137329102,0.260084331035614
observed_test,v2_2018_517_48h,,43,PCC,A,2.9849615821466244,0.0,0.0,0.5692486763000488,1.149999976158142,53.24800137329102,0.2643398344516754
observed_test,v2_2018_517_48h,,43,PCC,B,2.9849615821466244,0.0,0.0,0.5692486763000488,1.149999976158142,53.24800137329102,0.2643398344516754
observed_test,v2_2018_517_48h,,43,PCC,C,2.9849615821466244,0.0,0.0,0.5692486763000488,1.149999976158142,53.24800137329102,0.2643398344516754
observed_test,v2_2018_517_48h,,44,PCC,A,2.825617614510635,0.0,0.0,0.458400696516037,1.149999976158142,53.24800137329102,0.2837200462818146
observed_test,v2_2018_517_48h,,44,PCC,B,2.825617614510635,0.0,0.0,0.458400696516037,1.149999976158142,53.24800137329102,0.2837200462818146
observed_test,v2_2018_517_48h,,44,PCC,C,2.825617614510635,0.0,0.0,0.458400696516037,1.149999976158142,53.24800137329102,0.2837200462818146
observed_test,v2_2018_517_48h,,45,PCC,A,2.740638571998929,0.0,0.0,0.39928483963012695,1.149999976158142,53.24800137329102,0.2888736426830292
observed_test,v2_2018_517_48h,,45,PCC,B,2.740638571998929,0.0,0.0,0.39928483963012695,1.149999976158142,53.24800137329102,0.2888736426830292
observed_test,v2_2018_517_48h,,45,PCC,C,2.740638571998929,0.0,0.0,0.39928483963012695,1.149999976158142,53.24800137329102,0.2888736426830292
observed_test,v2_2018_517_48h,,46,PCC,A,2.689500792288461,0.0,0.0,0.3637107312679291,1.149999976158142,53.24800137329102,0.2947838306427002
observed_test,v2_2018_517_48h,,46,PCC,B,2.689500792288461,0.0,0.0,0.3637107312679291,1.149999976158142,53.24800137329102,0.2947838306427002
observed_test,v2_2018_517_48h,,46,PCC,C,2.689500792288461,0.0,0.0,0.3637107312679291,1.149999976158142,53.24800137329102,0.2947838306427002
observed_test,v2_2018_517_48h,,47,PCC,A,2.666340906989589,0.0,0.0,0.34759950637817383,1.149999976158142,53.24800137329102,0.2996383309364319
observed_test,v2_2018_517_48h,,47,PCC,B,2.666340906989589,0.0,0.0,0.34759950637817383,1.149999976158142,53.24800137329102,0.2996383309364319
observed_test,v2_2018_517_48h,,47,PCC,C,2.666340906989589,0.0,0.0,0.34759950637817383,1.149999976158142,53.24800137329102,0.2996383309364319
observed_test,v2_2018_377_48h,,0,PCC,A,2.589738233557025,0.0,0.0,0.29431068897247314,1.149999976158142,53.24800137329102,0.2552769184112549
observed_test,v2_2018_377_48h,,0,PCC,B,2.589738233557025,0.0,0.0,0.29431068897247314,1.149999976158142,53.24800137329102,0.2552769184112549
observed_test,v2_2018_377_48h,,0,PCC,C,2.589738233557025,0.0,0.0,0.29431068897247314,1.149999976158142,53.24800137329102,0.2552769184112549
observed_test,v2_2018_377_48h,,1,PCC,A,2.6237012928594003,0.0,0.0,0.3179371654987335,1.149999976158142,53.24800137329102,0.24249781668186188
observed_test,v2_2018_377_48h,,1,PCC,B,2.6237012928594003,0.0,0.0,0.3179371654987335,1.149999976158142,53.24800137329102,0.24249781668186188
observed_test,v2_2018_377_48h,,1,PCC,C,2.6237012928594003,0.0,0.0,0.3179371654987335,1.149999976158142,53.24800137329102,0.24249781668186188
observed_test,v2_2018_377_48h,,2,PCC,A,2.4875831211508435,0.0,0.0,0.2232462614774704,1.149999976158142,53.24800137329102,0.23059232532978058
observed_test,v2_2018_377_48h,,2,PCC,B,2.4875831211508435,0.0,0.0,0.2232462614774704,1.149999976158142,53.24800137329102,0.23059232532978058
observed_test,v2_2018_377_48h,,2,PCC,C,2.4875831211508435,0.0,0.0,0.2232462614774704,1.149999976158142,53.24800137329102,0.23059232532978058
observed_test,v2_2018_377_48h,,3,PCC,A,2.5452259178952694,0.0,0.0,0.2633455991744995,1.149999976158142,53.24800137329102,0.2377040535211563
observed_test,v2_2018_377_48h,,3,PCC,B,2.5452259178952694,0.0,0.0,0.2633455991744995,1.149999976158142,53.24800137329102,0.2377040535211563
observed_test,v2_2018_377_48h,,3,PCC,C,2.5452259178952694,0.0,0.0,0.2633455991744995,1.149999976158142,53.24800137329102,0.2377040535211563
observed_test,v2_2018_377_48h,,4,PCC,A,2.6066056994782514,0.0,0.0,0.3060445785522461,1.149999976158142,53.24800137329102,0.2289513200521469
observed_test,v2_2018_377_48h,,4,PCC,B,2.6066056994782514,0.0,0.0,0.3060445785522461,1.149999976158142,53.24800137329102,0.2289513200521469
observed_test,v2_2018_377_48h,,4,PCC,C,2.6066056994782514,0.0,0.0,0.3060445785522461,1.149999976158142,53.24800137329102,0.2289513200521469
observed_test,v2_2018_377_48h,,5,PCC,A,2.5763726205374935,0.0,0.0,0.2850128710269928,1.149999976158142,53.24800137329102,0.21800385415554047
observed_test,v2_2018_377_48h,,5,PCC,B,2.5763726205374935,0.0,0.0,0.2850128710269928,1.149999976158142,53.24800137329102,0.21800385415554047
observed_test,v2_2018_377_48h,,5,PCC,C,2.5763726205374935,0.0,0.0,0.2850128710269928,1.149999976158142,53.24800137329102,0.21800385415554047
observed_test,v2_2018_377_48h,,6,PCC,A,2.7605416539868575,0.0,0.0,0.4131304621696472,1.149999976158142,53.24800137329102,0.21434752643108368
observed_test,v2_2018_377_48h,,6,PCC,B,2.7605416539868575,0.0,0.0,0.4131304621696472,1.149999976158142,53.24800137329102,0.21434752643108368
observed_test,v2_2018_377_48h,,6,PCC,C,2.7605416539868575,0.0,0.0,0.4131304621696472,1.149999976158142,53.24800137329102,0.21434752643108368
observed_test,v2_2018_377_48h,,7,PCC,A,3.0129513006293838,0.0,0.0,0.5887197852134705,1.149999976158142,53.24800137329102,0.2161334902048111
observed_test,v2_2018_377_48h,,7,PCC,B,3.0129513006293838,0.0,0.0,0.5887197852134705,1.149999976158142,53.24800137329102,0.2161334902048111
observed_test,v2_2018_377_48h,,7,PCC,C,3.0129513006293838,0.0,0.0,0.5887197852134705,1.149999976158142,53.24800137329102,0.2161334902048111
observed_test,v2_2018_377_48h,,8,PCC,A,2.7649040079514635,0.0,0.057791667775465884,0.41616514325141907,1.149999976158142,53.24800137329102,0.2175157368183136
observed_test,v2_2018_377_48h,,8,PCC,B,2.7649040079514635,0.0,0.057791667775465884,0.41616514325141907,1.149999976158142,53.24800137329102,0.2175157368183136
observed_test,v2_2018_377_48h,,8,PCC,C,2.7649040079514635,0.0,0.057791667775465884,0.41616514325141907,1.149999976158142,53.24800137329102,0.2175157368183136
observed_test,v2_2018_377_48h,,9,PCC,A,2.9051724072175276,0.0,0.11622083301727587,0.5137431621551514,1.149999976158142,53.24800137329102,0.21590104699134827
observed_test,v2_2018_377_48h,,9,PCC,B,2.9051724072175276,0.0,0.11622083301727587,0.5137431621551514,1.149999976158142,53.24800137329102,0.21590104699134827
observed_test,v2_2018_377_48h,,9,PCC,C,2.9051724072175276,0.0,0.11622083301727587,0.5137431621551514,1.149999976158142,53.24800137329102,0.21590104699134827
observed_test,v2_2018_377_48h,,10,PCC,A,2.6904467608222724,0.0,0.12700000347999427,0.3643687963485718,1.149999976158142,53.24800137329102,0.2196018546819687
observed_test,v2_2018_377_48h,,10,PCC,B,2.6904467608222724,0.0,0.12700000347999427,0.3643687963485718,1.149999976158142,53.24800137329102,0.2196018546819687
observed_test,v2_2018_377_48h,,10,PCC,C,2.6904467608222724,0.0,0.12700000347999427,0.3643687963485718,1.149999976158142,53.24800137329102,0.2196018546819687
observed_test,v2_2018_377_48h,,11,PCC,A,2.686130632121376,0.0,0.1515749985208878,0.36136627197265625,1.149999976158142,53.24800137329102,0.22375181317329407
observed_test,v2_2018_377_48h,,11,PCC,B,2.686130632121376,0.0,0.1515749985208878,0.36136627197265625,1.149999976158142,53.24800137329102,0.22375181317329407
observed_test,v2_2018_377_48h,,11,PCC,C,2.686130632121376,0.0,0.1515749985208878,0.36136627197265625,1.149999976158142,53.24800137329102,0.22375181317329407
observed_test,v2_2018_377_48h,,12,PCC,A,2.940481482794702,0.0,0.19761666368979672,0.5383059978485107,1.149999976158142,53.24800137329102,0.2448161393404007
observed_test,v2_2018_377_48h,,12,PCC,B,2.940481482794702,0.0,0.19761666368979672,0.5383059978485107,1.149999976158142,53.24800137329102,0.2448161393404007
observed_test,v2_2018_377_48h,,12,PCC,C,2.940481482794702,0.0,0.19761666368979672,0.5383059978485107,1.149999976158142,53.24800137329102,0.2448161393404007
observed_test,v2_2018_377_48h,,13,PCC,A,3.033735447282245,0.0,0.14528749653926262,0.6031783223152161,1.149999976158142,53.24800137329102,0.25808030366897583
observed_test,v2_2018_377_48h,,13,PCC,B,3.033735447282245,0.0,0.14528749653926262,0.6031783223152161,1.149999976158142,53.24800137329102,0.25808030366897583
observed_test,v2_2018_377_48h,,13,PCC,C,3.033735447282245,0.0,0.14528749653926262,0.6031783223152161,1.149999976158142,53.24800137329102,0.25808030366897583
observed_test,v2_2018_377_48h,,14,PCC,A,3.1232014249141358,0.0,0.22809167320911697,0.6654155254364014,1.149999976158142,53.24800137329102,0.2755242884159088
observed_test,v2_2018_377_48h,,14,PCC,B,3.1232014249141358,0.0,0.22809167320911697,0.6654155254364014,1.149999976158142,53.24800137329102,0.2755242884159088
observed_test,v2_2018_377_48h,,14,PCC,C,3.1232014249141358,0.0,0.22809167320911697,0.6654155254364014,1.149999976158142,53.24800137329102,0.2755242884159088
observed_test,v2_2018_377_48h,,15,PCC,A,2.915610662966831,0.0,0.17960833815427923,0.5210045576095581,1.149999976158142,53.24800137329102,0.2840999364852905
observed_test,v2_2018_377_48h,,15,PCC,B,2.915610662966831,0.0,0.17960833815427923,0.5210045576095581,1.149999976158142,53.24800137329102,0.2840999364852905
observed_test,v2_2018_377_48h,,15,PCC,C,2.915610662966831,0.0,0.17960833815427923,0.5210045576095581,1.149999976158142,53.24800137329102,0.2840999364852905
observed_test,v2_2018_377_48h,,16,PCC,A,2.9761405680146122,0.0,0.06930833109296285,0.5631123185157776,1.149999976158142,53.24800137329102,0.28019776940345764
observed_test,v2_2018_377_48h,,16,PCC,B,2.9761405680146122,0.0,0.06930833109296285,0.5631123185157776,1.149999976158142,53.24800137329102,0.28019776940345764
observed_test,v2_2018_377_48h,,16,PCC,C,2.9761405680146122,0.0,0.06930833109296285,0.5631123185157776,1.149999976158142,53.24800137329102,0.28019776940345764
observed_test,v2_2018_377_48h,,17,PCC,A,2.912059071852747,0.0,0.006775000096800235,0.5185338854789734,1.149999976158142,53.24800137329102,0.2729951739311218
observed_test,v2_2018_377_48h,,17,PCC,B,2.912059071852747,0.0,0.006775000096800235,0.5185338854789734,1.149999976158142,53.24800137329102,0.2729951739311218
observed_test,v2_2018_377_48h,,17,PCC,C,2.912059071852747,0.0,0.006775000096800235,0.5185338854789734,1.149999976158142,53.24800137329102,0.2729951739311218
observed_test,v2_2018_377_48h,,18,PCC,A,2.888165108802557,0.0,0.0,0.501911997795105,1.149999976158142,53.24800137329102,0.26944294571876526
observed_test,v2_2018_377_48h,,18,PCC,B,2.888165108802557,0.0,0.0,0.501911997795105,1.149999976158142,53.24800137329102,0.26944294571876526
observed_test,v2_2018_377_48h,,18,PCC,C,2.888165108802557,0.0,0.0,0.501911997795105,1.149999976158142,53.24800137329102,0.26944294571876526
observed_test,v2_2018_377_48h,,19,PCC,A,2.9849615821466244,0.0,0.0,0.5692486763000488,1.149999976158142,53.24800137329102,0.26727524399757385
observed_test,v2_2018_377_48h,,19,PCC,B,2.9849615821466244,0.0,0.0,0.5692486763000488,1.149999976158142,53.24800137329102,0.26727524399757385
observed_test,v2_2018_377_48h,,19,PCC,C,2.9849615821466244,0.0,0.0,0.5692486763000488,1.149999976158142,53.24800137329102,0.26727524399757385
observed_test,v2_2018_377_48h,,20,PCC,A,2.825617614510635,0.0,0.0,0.458400696516037,1.149999976158142,53.24800137329102,0.26700782775878906
observed_test,v2_2018_377_48h,,20,PCC,B,2.825617614510635,0.0,0.0,0.458400696516037,1.149999976158142,53.24800137329102,0.26700782775878906
observed_test,v2_2018_377_48h,,20,PCC,C,2.825617614510635,0.0,0.0,0.458400696516037,1.149999976158142,53.24800137329102,0.26700782775878906
observed_test,v2_2018_377_48h,,21,PCC,A,2.740638571998929,0.0,0.0,0.39928483963012695,1.149999976158142,53.24800137329102,0.2686445116996765
observed_test,v2_2018_377_48h,,21,PCC,B,2.740638571998929,0.0,0.0,0.39928483963012695,1.149999976158142,53.24800137329102,0.2686445116996765
observed_test,v2_2018_377_48h,,21,PCC,C,2.740638571998929,0.0,0.0,0.39928483963012695,1.149999976158142,53.24800137329102,0.2686445116996765
observed_test,v2_2018_377_48h,,22,PCC,A,2.689500792288461,0.0,0.0,0.3637107312679291,1.149999976158142,53.24800137329102,0.25695377588272095
observed_test,v2_2018_377_48h,,22,PCC,B,2.689500792288461,0.0,0.0,0.3637107312679291,1.149999976158142,53.24800137329102,0.25695377588272095
observed_test,v2_2018_377_48h,,22,PCC,C,2.689500792288461,0.0,0.0,0.3637107312679291,1.149999976158142,53.24800137329102,0.25695377588272095
observed_test,v2_2018_377_48h,,23,PCC,A,2.666340906989589,0.0,0.0,0.34759950637817383,1.149999976158142,53.24800137329102,0.23747630417346954
observed_test,v2_2018_377_48h,,23,PCC,B,2.666340906989589,0.0,0.0,0.34759950637817383,1.149999976158142,53.24800137329102,0.23747630417346954
observed_test,v2_2018_377_48h,,23,PCC,C,2.666340906989589,0.0,0.0,0.34759950637817383,1.149999976158142,53.24800137329102,0.23747630417346954
observed_test,v2_2018_377_48h,,24,PCC,A,2.589738233557025,0.0,0.0,0.29431068897247314,1.149999976158142,53.24800137329102,0.22955088317394257
observed_test,v2_2018_377_48h,,24,PCC,B,2.589738233557025,0.0,0.0,0.29431068897247314,1.149999976158142,53.24800137329102,0.22955088317394257
observed_test,v2_2018_377_48h,,24,PCC,C,2.589738233557025,0.0,0.0,0.29431068897247314,1.149999976158142,53.24800137329102,0.22955088317394257
observed_test,v2_2018_377_48h,,25,PCC,A,2.6237012928594003,0.0,0.0,0.3179371654987335,1.149999976158142,53.24800137329102,0.2339755892753601
observed_test,v2_2018_377_48h,,25,PCC,B,2.6237012928594003,0.0,0.0,0.3179371654987335,1.149999976158142,53.24800137329102,0.2339755892753601
observed_test,v2_2018_377_48h,,25,PCC,C,2.6237012928594003,0.0,0.0,0.3179371654987335,1.149999976158142,53.24800137329102,0.2339755892753601
observed_test,v2_2018_377_48h,,26,PCC,A,2.4875831211508435,0.0,0.0,0.2232462614774704,1.149999976158142,53.24800137329102,0.23944191634655
observed_test,v2_2018_377_48h,,26,PCC,B,2.4875831211508435,0.0,0.0,0.2232462614774704,1.149999976158142,53.24800137329102,0.23944191634655
observed_test,v2_2018_377_48h,,26,PCC,C,2.4875831211508435,0.0,0.0,0.2232462614774704,1.149999976158142,53.24800137329102,0.23944191634655
observed_test,v2_2018_377_48h,,27,PCC,A,2.5452259178952694,0.0,0.0,0.2633455991744995,1.149999976158142,53.24800137329102,0.23343531787395477
observed_test,v2_2018_377_48h,,27,PCC,B,2.5452259178952694,0.0,0.0,0.2633455991744995,1.149999976158142,53.24800137329102,0.23343531787395477
observed_test,v2_2018_377_48h,,27,PCC,C,2.5452259178952694,0.0,0.0,0.2633455991744995,1.149999976158142,53.24800137329102,0.23343531787395477
observed_test,v2_2018_377_48h,,28,PCC,A,2.6066056994782514,0.0,0.0,0.3060445785522461,1.149999976158142,53.24800137329102,0.21678166091442108
observed_test,v2_2018_377_48h,,28,PCC,B,2.6066056994782514,0.0,0.0,0.3060445785522461,1.149999976158142,53.24800137329102,0.21678166091442108
observed_test,v2_2018_377_48h,,28,PCC,C,2.6066056994782514,0.0,0.0,0.3060445785522461,1.149999976158142,53.24800137329102,0.21678166091442108
observed_test,v2_2018_377_48h,,29,PCC,A,2.5763726205374935,0.0,0.0,0.2850128710269928,1.149999976158142,53.24800137329102,0.21677541732788086
observed_test,v2_2018_377_48h,,29,PCC,B,2.5763726205374935,0.0,0.0,0.2850128710269928,1.149999976158142,53.24800137329102,0.21677541732788086
observed_test,v2_2018_377_48h,,29,PCC,C,2.5763726205374935,0.0,0.0,0.2850128710269928,1.149999976158142,53.24800137329102,0.21677541732788086
observed_test,v2_2018_377_48h,,30,PCC,A,2.7605416539868575,0.0,0.0,0.4131304621696472,1.149999976158142,53.24800137329102,0.2152755856513977
observed_test,v2_2018_377_48h,,30,PCC,B,2.7605416539868575,0.0,0.0,0.4131304621696472,1.149999976158142,53.24800137329102,0.2152755856513977
observed_test,v2_2018_377_48h,,30,PCC,C,2.7605416539868575,0.0,0.0,0.4131304621696472,1.149999976158142,53.24800137329102,0.2152755856513977
observed_test,v2_2018_377_48h,,31,PCC,A,3.0129513006293838,0.0,0.0,0.5887197852134705,1.149999976158142,53.24800137329102,0.21092736721038818
observed_test,v2_2018_377_48h,,31,PCC,B,3.0129513006293838,0.0,0.0,0.5887197852134705,1.149999976158142,53.24800137329102,0.21092736721038818
observed_test,v2_2018_377_48h,,31,PCC,C,3.0129513006293838,0.0,0.0,0.5887197852134705,1.149999976158142,53.24800137329102,0.21092736721038818
observed_test,v2_2018_377_48h,,32,PCC,A,2.7649040079514635,0.0,0.02120000023681384,0.41616514325141907,1.149999976158142,53.24800137329102,0.2057240903377533
observed_test,v2_2018_377_48h,,32,PCC,B,2.7649040079514635,0.0,0.02120000023681384,0.41616514325141907,1.149999976158142,53.24800137329102,0.2057240903377533
observed_test,v2_2018_377_48h,,32,PCC,C,2.7649040079514635,0.0,0.02120000023681384,0.41616514325141907,1.149999976158142,53.24800137329102,0.2057240903377533
observed_test,v2_2018_377_48h,,33,PCC,A,2.9051724072175276,0.0,0.036733332448280774,0.5137431621551514,1.149999976158142,53.24800137329102,0.20436187088489532
observed_test,v2_2018_377_48h,,33,PCC,B,2.9051724072175276,0.0,0.036733332448280774,0.5137431621551514,1.149999976158142,53.24800137329102,0.20436187088489532
observed_test,v2_2018_377_48h,,33,PCC,C,2.9051724072175276,0.0,0.036733332448280774,0.5137431621551514,1.149999976158142,53.24800137329102,0.20436187088489532
observed_test,v2_2018_377_48h,,34,PCC,A,2.6904467608222724,0.0,0.06884999859791535,0.3643687963485718,1.149999976158142,53.24800137329102,0.21104468405246735
observed_test,v2_2018_377_48h,,34,PCC,B,2.6904467608222724,0.0,0.06884999859791535,0.3643687963485718,1.149999976158142,53.24800137329102,0.21104468405246735
observed_test,v2_2018_377_48h,,34,PCC,C,2.6904467608222724,0.0,0.06884999859791535,0.3643687963485718,1.149999976158142,53.24800137329102,0.21104468405246735
observed_test,v2_2018_377_48h,,35,PCC,A,2.686130632121376,0.0,0.0926624983549118,0.36136627197265625,1.149999976158142,53.24800137329102,0.21468019485473633
observed_test,v2_2018_377_48h,,35,PCC,B,2.686130632121376,0.0,0.0926624983549118,0.36136627197265625,1.149999976158142,53.24800137329102,0.21468019485473633
observed_test,v2_2018_377_48h,,35,PCC,C,2.686130632121376,0.0,0.0926624983549118,0.36136627197265625,1.149999976158142,53.24800137329102,0.21468019485473633
observed_test,v2_2018_377_48h,,36,PCC,A,2.940481482794702,0.0,0.12571666962825334,0.5383059978485107,1.149999976158142,53.24800137329102,0.22577159106731415
observed_test,v2_2018_377_48h,,36,PCC,B,2.940481482794702,0.0,0.12571666962825334,0.5383059978485107,1.149999976158142,53.24800137329102,0.22577159106731415
observed_test,v2_2018_377_48h,,36,PCC,C,2.940481482794702,0.0,0.12571666962825334,0.5383059978485107,1.149999976158142,53.24800137329102,0.22577159106731415
observed_test,v2_2018_377_48h,,37,PCC,A,3.033735447282245,0.0,0.10300416929217483,0.6031783223152161,1.149999976158142,53.24800137329102,0.2336217612028122
observed_test,v2_2018_377_48h,,37,PCC,B,3.033735447282245,0.0,0.10300416929217483,0.6031783223152161,1.149999976158142,53.24800137329102,0.2336217612028122
observed_test,v2_2018_377_48h,,37,PCC,C,3.033735447282245,0.0,0.10300416929217483,0.6031783223152161,1.149999976158142,53.24800137329102,0.2336217612028122
observed_test,v2_2018_377_48h,,38,PCC,A,3.1232014249141358,0.0,0.06348750052543786,0.6654155254364014,1.149999976158142,53.24800137329102,0.2335003912448883
observed_test,v2_2018_377_48h,,38,PCC,B,3.1232014249141358,0.0,0.06348750052543786,0.6654155254364014,1.149999976158142,53.24800137329102,0.2335003912448883
observed_test,v2_2018_377_48h,,38,PCC,C,3.1232014249141358,0.0,0.06348750052543786,0.6654155254364014,1.149999976158142,53.24800137329102,0.2335003912448883
observed_test,v2_2018_377_48h,,39,PCC,A,2.915610662966831,0.0,0.0275708340968077,0.5210045576095581,1.149999976158142,53.24800137329102,0.23316755890846252
observed_test,v2_2018_377_48h,,39,PCC,B,2.915610662966831,0.0,0.0275708340968077,0.5210045576095581,1.149999976158142,53.24800137329102,0.23316755890846252
observed_test,v2_2018_377_48h,,39,PCC,C,2.915610662966831,0.0,0.0275708340968077,0.5210045576095581,1.149999976158142,53.24800137329102,0.23316755890846252
observed_test,v2_2018_377_48h,,40,PCC,A,2.9761405680146122,0.0,0.011774999662660634,0.5631123185157776,1.149999976158142,53.24800137329102,0.23377668857574463
observed_test,v2_2018_377_48h,,40,PCC,B,2.9761405680146122,0.0,0.011774999662660634,0.5631123185157776,1.149999976158142,53.24800137329102,0.23377668857574463
observed_test,v2_2018_377_48h,,40,PCC,C,2.9761405680146122,0.0,0.011774999662660634,0.5631123185157776,1.149999976158142,53.24800137329102,0.23377668857574463
observed_test,v2_2018_377_48h,,41,PCC,A,2.912059071852747,0.0,0.00023749998945277182,0.5185338854789734,1.149999976158142,53.24800137329102,0.22158177196979523
observed_test,v2_2018_377_48h,,41,PCC,B,2.912059071852747,0.0,0.00023749998945277182,0.5185338854789734,1.149999976158142,53.24800137329102,0.22158177196979523
observed_test,v2_2018_377_48h,,41,PCC,C,2.912059071852747,0.0,0.00023749998945277182,0.5185338854789734,1.149999976158142,53.24800137329102,0.22158177196979523
observed_test,v2_2018_377_48h,,42,PCC,A,2.888165108802557,0.0,0.0,0.501911997795105,1.149999976158142,53.24800137329102,0.21111010015010834
observed_test,v2_2018_377_48h,,42,PCC,B,2.888165108802557,0.0,0.0,0.501911997795105,1.149999976158142,53.24800137329102,0.21111010015010834
observed_test,v2_2018_377_48h,,42,PCC,C,2.888165108802557,0.0,0.0,0.501911997795105,1.149999976158142,53.24800137329102,0.21111010015010834
observed_test,v2_2018_377_48h,,43,PCC,A,2.9849615821466244,0.0,0.0,0.5692486763000488,1.149999976158142,53.24800137329102,0.21590648591518402
observed_test,v2_2018_377_48h,,43,PCC,B,2.9849615821466244,0.0,0.0,0.5692486763000488,1.149999976158142,53.24800137329102,0.21590648591518402
observed_test,v2_2018_377_48h,,43,PCC,C,2.9849615821466244,0.0,0.0,0.5692486763000488,1.149999976158142,53.24800137329102,0.21590648591518402
observed_test,v2_2018_377_48h,,44,PCC,A,2.825617614510635,0.0,0.0,0.458400696516037,1.149999976158142,53.24800137329102,0.21534132957458496
observed_test,v2_2018_377_48h,,44,PCC,B,2.825617614510635,0.0,0.0,0.458400696516037,1.149999976158142,53.24800137329102,0.21534132957458496
observed_test,v2_2018_377_48h,,44,PCC,C,2.825617614510635,0.0,0.0,0.458400696516037,1.149999976158142,53.24800137329102,0.21534132957458496
observed_test,v2_2018_377_48h,,45,PCC,A,2.740638571998929,0.0,0.0,0.39928483963012695,1.149999976158142,53.24800137329102,0.21627335250377655
observed_test,v2_2018_377_48h,,45,PCC,B,2.740638571998929,0.0,0.0,0.39928483963012695,1.149999976158142,53.24800137329102,0.21627335250377655
observed_test,v2_2018_377_48h,,45,PCC,C,2.740638571998929,0.0,0.0,0.39928483963012695,1.149999976158142,53.24800137329102,0.21627335250377655
observed_test,v2_2018_377_48h,,46,PCC,A,2.689500792288461,0.0,0.0,0.3637107312679291,1.149999976158142,53.24800137329102,0.226584330201149
observed_test,v2_2018_377_48h,,46,PCC,B,2.689500792288461,0.0,0.0,0.3637107312679291,1.149999976158142,53.24800137329102,0.226584330201149
observed_test,v2_2018_377_48h,,46,PCC,C,2.689500792288461,0.0,0.0,0.3637107312679291,1.149999976158142,53.24800137329102,0.226584330201149
observed_test,v2_2018_377_48h,,47,PCC,A,2.666340906989589,0.0,0.0,0.34759950637817383,1.149999976158142,53.24800137329102,0.24691610038280487
observed_test,v2_2018_377_48h,,47,PCC,B,2.666340906989589,0.0,0.0,0.34759950637817383,1.149999976158142,53.24800137329102,0.24691610038280487
observed_test,v2_2018_377_48h,,47,PCC,C,2.666340906989589,0.0,0.0,0.34759950637817383,1.149999976158142,53.24800137329102,0.24691610038280487
observed_test,v2_2018_376_48h,,0,PCC,A,2.589738233557025,0.0,0.0,0.29431068897247314,1.149999976158142,53.24800137329102,0.2597626745700836
observed_test,v2_2018_376_48h,,0,PCC,B,2.589738233557025,0.0,0.0,0.29431068897247314,1.149999976158142,53.24800137329102,0.2597626745700836
observed_test,v2_2018_376_48h,,0,PCC,C,2.589738233557025,0.0,0.0,0.29431068897247314,1.149999976158142,53.24800137329102,0.2597626745700836
observed_test,v2_2018_376_48h,,1,PCC,A,2.6237012928594003,0.0,0.0,0.3179371654987335,1.149999976158142,34.72425106811524,0.24439549446105957
observed_test,v2_2018_376_48h,,1,PCC,B,2.6237012928594003,0.0,0.0,0.3179371654987335,1.149999976158142,34.72425106811524,0.24439549446105957
observed_test,v2_2018_376_48h,,1,PCC,C,2.6237012928594003,0.0,0.0,0.3179371654987335,1.149999976158142,34.72425106811524,0.24439549446105957
observed_test,v2_2018_376_48h,,2,PCC,A,2.4875831211508435,0.0,0.0,0.2232462614774704,1.149999976158142,34.72425106811524,0.2325073480606079
observed_test,v2_2018_376_48h,,2,PCC,B,2.4875831211508435,0.0,0.0,0.2232462614774704,1.149999976158142,34.72425106811524,0.2325073480606079
observed_test,v2_2018_376_48h,,2,PCC,C,2.4875831211508435,0.0,0.0,0.2232462614774704,1.149999976158142,34.72425106811524,0.2325073480606079
observed_test,v2_2018_376_48h,,3,PCC,A,2.5452259178952694,0.0,0.0,0.2633455991744995,1.149999976158142,53.24800137329102,0.23248519003391266
observed_test,v2_2018_376_48h,,3,PCC,B,2.5452259178952694,0.0,0.0,0.2633455991744995,1.149999976158142,53.24800137329102,0.23248519003391266
observed_test,v2_2018_376_48h,,3,PCC,C,2.5452259178952694,0.0,0.0,0.2633455991744995,1.149999976158142,53.24800137329102,0.23248519003391266
observed_test,v2_2018_376_48h,,4,PCC,A,2.6066056994782514,0.0,0.0,0.3060445785522461,1.149999976158142,53.24800137329102,0.23208357393741608
observed_test,v2_2018_376_48h,,4,PCC,B,2.6066056994782514,0.0,0.0,0.3060445785522461,1.149999976158142,53.24800137329102,0.23208357393741608
observed_test,v2_2018_376_48h,,4,PCC,C,2.6066056994782514,0.0,0.0,0.3060445785522461,1.149999976158142,53.24800137329102,0.23208357393741608
observed_test,v2_2018_376_48h,,5,PCC,A,2.5763726205374935,0.0,0.0,0.2850128710269928,1.149999976158142,53.24800137329102,0.22259627282619476
observed_test,v2_2018_376_48h,,5,PCC,B,2.5763726205374935,0.0,0.0,0.2850128710269928,1.149999976158142,53.24800137329102,0.22259627282619476
observed_test,v2_2018_376_48h,,5,PCC,C,2.5763726205374935,0.0,0.0,0.2850128710269928,1.149999976158142,53.24800137329102,0.22259627282619476
observed_test,v2_2018_376_48h,,6,PCC,A,2.7605416539868575,0.0,0.0,0.4131304621696472,1.149999976158142,121.88174847412108,0.21117563545703888
observed_test,v2_2018_376_48h,,6,PCC,B,2.7605416539868575,0.0,0.0,0.4131304621696472,1.149999976158142,121.88174847412108,0.21117563545703888
observed_test,v2_2018_376_48h,,6,PCC,C,2.7605416539868575,0.0,0.0,0.4131304621696472,1.149999976158142,121.88174847412108,0.21117563545703888
observed_test,v2_2018_376_48h,,7,PCC,A,3.0129513006293838,0.0,0.0,0.5887197852134705,1.149999976158142,121.88174847412108,0.21133123338222504
observed_test,v2_2018_376_48h,,7,PCC,B,3.0129513006293838,0.0,0.0,0.5887197852134705,1.149999976158142,121.88174847412108,0.21133123338222504
observed_test,v2_2018_376_48h,,7,PCC,C,3.0129513006293838,0.0,0.0,0.5887197852134705,1.149999976158142,121.88174847412108,0.21133123338222504
observed_test,v2_2018_376_48h,,8,PCC,A,2.7649040079514635,0.0,0.3758500115229533,0.41616514325141907,1.149999976158142,121.88174847412108,0.21705465018749237
observed_test,v2_2018_376_48h,,8,PCC,B,2.7649040079514635,0.0,0.3758500115229533,0.41616514325141907,1.149999976158142,121.88174847412108,0.21705465018749237
observed_test,v2_2018_376_48h,,8,PCC,C,2.7649040079514635,0.0,0.3758500115229533,0.41616514325141907,1.149999976158142,121.88174847412108,0.21705465018749237
observed_test,v2_2018_376_48h,,9,PCC,A,2.9051724072175276,0.0,0.7684750052598806,0.5137431621551514,1.149999976158142,121.88174847412108,0.22935323417186737
observed_test,v2_2018_376_48h,,9,PCC,B,2.9051724072175276,0.0,0.7684750052598806,0.5137431621551514,1.149999976158142,121.88174847412108,0.22935323417186737
observed_test,v2_2018_376_48h,,9,PCC,C,2.9051724072175276,0.0,0.7684750052598806,0.5137431621551514,1.149999976158142,121.88174847412108,0.22935323417186737
observed_test,v2_2018_376_48h,,10,PCC,A,2.6904467608222724,0.0,1.0292582787000215,0.3643687963485718,1.149999976158142,53.24800137329102,0.24294805526733398
observed_test,v2_2018_376_48h,,10,PCC,B,2.6904467608222724,0.0,1.0292582787000215,0.3643687963485718,1.149999976158142,53.24800137329102,0.24294805526733398
observed_test,v2_2018_376_48h,,10,PCC,C,2.6904467608222724,0.0,1.0292582787000215,0.3643687963485718,1.149999976158142,53.24800137329102,0.24294805526733398
observed_test,v2_2018_376_48h,,11,PCC,A,2.686130632121376,0.0,1.1780791557752168,0.36136627197265625,1.149999976158142,53.24800137329102,0.25131502747535706
observed_test,v2_2018_376_48h,,11,PCC,B,2.686130632121376,0.0,1.1780791557752168,0.36136627197265625,1.149999976158142,53.24800137329102,0.25131502747535706
observed_test,v2_2018_376_48h,,11,PCC,C,2.686130632121376,0.0,1.1780791557752168,0.36136627197265625,1.149999976158142,53.24800137329102,0.25131502747535706
observed_test,v2_2018_376_48h,,12,PCC,A,2.940481482794702,0.0,1.2306125118182254,0.5383059978485107,1.149999976158142,34.72425106811524,0.2648908197879791
observed_test,v2_2018_376_48h,,12,PCC,B,2.940481482794702,0.0,1.2306125118182254,0.5383059978485107,1.149999976158142,34.72425106811524,0.2648908197879791
observed_test,v2_2018_376_48h,,12,PCC,C,2.940481482794702,0.0,1.2306125118182254,0.5383059978485107,1.149999976158142,34.72425106811524,0.2648908197879791
observed_test,v2_2018_376_48h,,13,PCC,A,3.033735447282245,0.0,1.19011253118515,0.6031783223152161,1.149999976158142,34.72425106811524,0.26591014862060547
observed_test,v2_2018_376_48h,,13,PCC,B,3.033735447282245,0.0,1.19011253118515,0.6031783223152161,1.149999976158142,34.72425106811524,0.26591014862060547
observed_test,v2_2018_376_48h,,13,PCC,C,3.033735447282245,0.0,1.19011253118515,0.6031783223152161,1.149999976158142,34.72425106811524,0.26591014862060547
observed_test,v2_2018_376_48h,,14,PCC,A,3.1232014249141358,0.0,1.059383383164039,0.6654155254364014,1.149999976158142,34.72425106811524,0.2263147383928299
observed_test,v2_2018_376_48h,,14,PCC,B,3.1232014249141358,0.0,1.059383383164039,0.6654155254364014,1.149999976158142,34.72425106811524,0.2263147383928299
observed_test,v2_2018_376_48h,,14,PCC,C,3.1232014249141358,0.0,1.059383383164039,0.6654155254364014,1.149999976158142,34.72425106811524,0.2263147383928299
observed_test,v2_2018_376_48h,,15,PCC,A,2.915610662966831,0.0,0.8320874892748318,0.5210045576095581,1.149999976158142,34.72425106811524,0.2273654192686081
observed_test,v2_2018_376_48h,,15,PCC,B,2.915610662966831,0.0,0.8320874892748318,0.5210045576095581,1.149999976158142,34.72425106811524,0.2273654192686081
observed_test,v2_2018_376_48h,,15,PCC,C,2.915610662966831,0.0,0.8320874892748318,0.5210045576095581,1.149999976158142,34.72425106811524,0.2273654192686081
observed_test,v2_2018_376_48h,,16,PCC,A,2.9761405680146122,0.0,0.4978249852473919,0.5631123185157776,1.149999976158142,53.24800137329102,0.23022745549678802
observed_test,v2_2018_376_48h,,16,PCC,B,2.9761405680146122,0.0,0.4978249852473919,0.5631123185157776,1.149999976158142,53.24800137329102,0.23022745549678802
observed_test,v2_2018_376_48h,,16,PCC,C,2.9761405680146122,0.0,0.4978249852473919,0.5631123185157776,1.149999976158142,53.24800137329102,0.23022745549678802
observed_test,v2_2018_376_48h,,17,PCC,A,2.912059071852747,0.0,0.08339166927796143,0.5185338854789734,1.149999976158142,53.24800137329102,0.23224830627441406
observed_test,v2_2018_376_48h,,17,PCC,B,2.912059071852747,0.0,0.08339166927796143,0.5185338854789734,1.149999976158142,53.24800137329102,0.23224830627441406
observed_test,v2_2018_376_48h,,17,PCC,C,2.912059071852747,0.0,0.08339166927796143,0.5185338854789734,1.149999976158142,53.24800137329102,0.23224830627441406
observed_test,v2_2018_376_48h,,18,PCC,A,2.888165108802557,0.0,0.0,0.501911997795105,1.149999976158142,53.24800137329102,0.23508720099925995
observed_test,v2_2018_376_48h,,18,PCC,B,2.888165108802557,0.0,0.0,0.501911997795105,1.149999976158142,53.24800137329102,0.23508720099925995
observed_test,v2_2018_376_48h,,18,PCC,C,2.888165108802557,0.0,0.0,0.501911997795105,1.149999976158142,53.24800137329102,0.23508720099925995
observed_test,v2_2018_376_48h,,19,PCC,A,2.9849615821466244,0.0,0.0,0.5692486763000488,1.149999976158142,53.24800137329102,0.2324305921792984
observed_test,v2_2018_376_48h,,19,PCC,B,2.9849615821466244,0.0,0.0,0.5692486763000488,1.149999976158142,53.24800137329102,0.2324305921792984
observed_test,v2_2018_376_48h,,19,PCC,C,2.9849615821466244,0.0,0.0,0.5692486763000488,1.149999976158142,53.24800137329102,0.2324305921792984
observed_test,v2_2018_376_48h,,20,PCC,A,2.825617614510635,0.0,0.0,0.458400696516037,1.149999976158142,53.24800137329102,0.23353058099746704
observed_test,v2_2018_376_48h,,20,PCC,B,2.825617614510635,0.0,0.0,0.458400696516037,1.149999976158142,53.24800137329102,0.23353058099746704
observed_test,v2_2018_376_48h,,20,PCC,C,2.825617614510635,0.0,0.0,0.458400696516037,1.149999976158142,53.24800137329102,0.23353058099746704
observed_test,v2_2018_376_48h,,21,PCC,A,2.740638571998929,0.0,0.0,0.39928483963012695,1.149999976158142,53.24800137329102,0.24686963856220245
observed_test,v2_2018_376_48h,,21,PCC,B,2.740638571998929,0.0,0.0,0.39928483963012695,1.149999976158142,53.24800137329102,0.24686963856220245
observed_test,v2_2018_376_48h,,21,PCC,C,2.740638571998929,0.0,0.0,0.39928483963012695,1.149999976158142,53.24800137329102,0.24686963856220245
observed_test,v2_2018_376_48h,,22,PCC,A,2.689500792288461,0.0,0.0,0.3637107312679291,1.149999976158142,53.24800137329102,0.26785197854042053
observed_test,v2_2018_376_48h,,22,PCC,B,2.689500792288461,0.0,0.0,0.3637107312679291,1.149999976158142,53.24800137329102,0.26785197854042053
observed_test,v2_2018_376_48h,,22,PCC,C,2.689500792288461,0.0,0.0,0.3637107312679291,1.149999976158142,53.24800137329102,0.26785197854042053
observed_test,v2_2018_376_48h,,23,PCC,A,2.666340906989589,0.0,0.0,0.34759950637817383,1.149999976158142,53.24800137329102,0.2769745886325836
observed_test,v2_2018_376_48h,,23,PCC,B,2.666340906989589,0.0,0.0,0.34759950637817383,1.149999976158142,53.24800137329102,0.2769745886325836
observed_test,v2_2018_376_48h,,23,PCC,C,2.666340906989589,0.0,0.0,0.34759950637817383,1.149999976158142,53.24800137329102,0.2769745886325836
observed_test,v2_2018_376_48h,,24,PCC,A,2.589738233557025,0.0,0.0,0.29431068897247314,1.149999976158142,53.24800137329102,0.2671167552471161
observed_test,v2_2018_376_48h,,24,PCC,B,2.589738233557025,0.0,0.0,0.29431068897247314,1.149999976158142,53.24800137329102,0.2671167552471161
observed_test,v2_2018_376_48h,,24,PCC,C,2.589738233557025,0.0,0.0,0.29431068897247314,1.149999976158142,53.24800137329102,0.2671167552471161
observed_test,v2_2018_376_48h,,25,PCC,A,2.6237012928594003,0.0,0.0,0.3179371654987335,1.149999976158142,34.72425106811524,0.253480464220047
observed_test,v2_2018_376_48h,,25,PCC,B,2.6237012928594003,0.0,0.0,0.3179371654987335,1.149999976158142,34.72425106811524,0.253480464220047
observed_test,v2_2018_376_48h,,25,PCC,C,2.6237012928594003,0.0,0.0,0.3179371654987335,1.149999976158142,34.72425106811524,0.253480464220047
observed_test,v2_2018_376_48h,,26,PCC,A,2.4875831211508435,0.0,0.0,0.2232462614774704,1.149999976158142,34.72425106811524,0.24217432737350464
observed_test,v2_2018_376_48h,,26,PCC,B,2.4875831211508435,0.0,0.0,0.2232462614774704,1.149999976158142,34.72425106811524,0.24217432737350464
observed_test,v2_2018_376_48h,,26,PCC,C,2.4875831211508435,0.0,0.0,0.2232462614774704,1.149999976158142,34.72425106811524,0.24217432737350464
observed_test,v2_2018_376_48h,,27,PCC,A,2.5452259178952694,0.0,0.0,0.2633455991744995,1.149999976158142,53.24800137329102,0.24943625926971436
observed_test,v2_2018_376_48h,,27,PCC,B,2.5452259178952694,0.0,0.0,0.2633455991744995,1.149999976158142,53.24800137329102,0.24943625926971436
observed_test,v2_2018_376_48h,,27,PCC,C,2.5452259178952694,0.0,0.0,0.2633455991744995,1.149999976158142,53.24800137329102,0.24943625926971436
observed_test,v2_2018_376_48h,,28,PCC,A,2.6066056994782514,0.0,0.0,0.3060445785522461,1.149999976158142,53.24800137329102,0.24825505912303925
observed_test,v2_2018_376_48h,,28,PCC,B,2.6066056994782514,0.0,0.0,0.3060445785522461,1.149999976158142,53.24800137329102,0.24825505912303925
observed_test,v2_2018_376_48h,,28,PCC,C,2.6066056994782514,0.0,0.0,0.3060445785522461,1.149999976158142,53.24800137329102,0.24825505912303925
observed_test,v2_2018_376_48h,,29,PCC,A,2.5763726205374935,0.0,0.0,0.2850128710269928,1.149999976158142,53.24800137329102,0.23179291188716888
observed_test,v2_2018_376_48h,,29,PCC,B,2.5763726205374935,0.0,0.0,0.2850128710269928,1.149999976158142,53.24800137329102,0.23179291188716888
observed_test,v2_2018_376_48h,,29,PCC,C,2.5763726205374935,0.0,0.0,0.2850128710269928,1.149999976158142,53.24800137329102,0.23179291188716888
observed_test,v2_2018_376_48h,,30,PCC,A,2.7605416539868575,0.0,0.0,0.4131304621696472,1.149999976158142,121.88174847412108,0.22160188853740692
observed_test,v2_2018_376_48h,,30,PCC,B,2.7605416539868575,0.0,0.0,0.4131304621696472,1.149999976158142,121.88174847412108,0.22160188853740692
observed_test,v2_2018_376_48h,,30,PCC,C,2.7605416539868575,0.0,0.0,0.4131304621696472,1.149999976158142,121.88174847412108,0.22160188853740692
observed_test,v2_2018_376_48h,,31,PCC,A,3.0129513006293838,0.0,0.0,0.5887197852134705,1.149999976158142,121.88174847412108,0.21815140545368195
observed_test,v2_2018_376_48h,,31,PCC,B,3.0129513006293838,0.0,0.0,0.5887197852134705,1.149999976158142,121.88174847412108,0.21815140545368195
observed_test,v2_2018_376_48h,,31,PCC,C,3.0129513006293838,0.0,0.0,0.5887197852134705,1.149999976158142,121.88174847412108,0.21815140545368195
observed_test,v2_2018_376_48h,,32,PCC,A,2.7649040079514635,0.0,0.26142915280965656,0.41616514325141907,1.149999976158142,121.88174847412108,0.2183690369129181
observed_test,v2_2018_376_48h,,32,PCC,B,2.7649040079514635,0.0,0.26142915280965656,0.41616514325141907,1.149999976158142,121.88174847412108,0.2183690369129181
observed_test,v2_2018_376_48h,,32,PCC,C,2.7649040079514635,0.0,0.26142915280965656,0.41616514325141907,1.149999976158142,121.88174847412108,0.2183690369129181
observed_test,v2_2018_376_48h,,33,PCC,A,2.9051724072175276,0.0,0.5662750166196089,0.5137431621551514,1.149999976158142,121.88174847412108,0.22328698635101318
observed_test,v2_2018_376_48h,,33,PCC,B,2.9051724072175276,0.0,0.5662750166196089,0.5137431621551514,1.149999976158142,121.88174847412108,0.22328698635101318
observed_test,v2_2018_376_48h,,33,PCC,C,2.9051724072175276,0.0,0.5662750166196089,0.5137431621551514,1.149999976158142,121.88174847412108,0.22328698635101318
observed_test,v2_2018_376_48h,,34,PCC,A,2.6904467608222724,0.0,0.7705374979055843,0.3643687963485718,1.149999976158142,53.24800137329102,0.23920482397079468
observed_test,v2_2018_376_48h,,34,PCC,B,2.6904467608222724,0.0,0.7705374979055843,0.3643687963485718,1.149999976158142,53.24800137329102,0.23920482397079468
observed_test,v2_2018_376_48h,,34,PCC,C,2.6904467608222724,0.0,0.7705374979055843,0.3643687963485718,1.149999976158142,53.24800137329102,0.23920482397079468
observed_test,v2_2018_376_48h,,35,PCC,A,2.686130632121376,0.0,0.8230749804240006,0.36136627197265625,1.149999976158142,53.24800137329102,0.2592657804489136
observed_test,v2_2018_376_48h,,35,PCC,B,2.686130632121376,0.0,0.8230749804240006,0.36136627197265625,1.149999976158142,53.24800137329102,0.2592657804489136
observed_test,v2_2018_376_48h,,35,PCC,C,2.686130632121376,0.0,0.8230749804240006,0.36136627197265625,1.149999976158142,53.24800137329102,0.2592657804489136
observed_test,v2_2018_376_48h,,36,PCC,A,2.940481482794702,0.0,0.841529151568046,0.5383059978485107,1.149999976158142,34.72425106811524,0.2654508352279663
observed_test,v2_2018_376_48h,,36,PCC,B,2.940481482794702,0.0,0.841529151568046,0.5383059978485107,1.149999976158142,34.72425106811524,0.2654508352279663
observed_test,v2_2018_376_48h,,36,PCC,C,2.940481482794702,0.0,0.841529151568046,0.5383059978485107,1.149999976158142,34.72425106811524,0.2654508352279663
observed_test,v2_2018_376_48h,,37,PCC,A,3.033735447282245,0.0,0.8327999940285316,0.6031783223152161,1.149999976158142,34.72425106811524,0.26428574323654175
observed_test,v2_2018_376_48h,,37,PCC,B,3.033735447282245,0.0,0.8327999940285316,0.6031783223152161,1.149999976158142,34.72425106811524,0.26428574323654175
observed_test,v2_2018_376_48h,,37,PCC,C,3.033735447282245,0.0,0.8327999940285316,0.6031783223152161,1.149999976158142,34.72425106811524,0.26428574323654175
observed_test,v2_2018_376_48h,,38,PCC,A,3.1232014249141358,0.0,0.6688708296188941,0.6654155254364014,1.149999976158142,34.72425106811524,0.2717510163784027
observed_test,v2_2018_376_48h,,38,PCC,B,3.1232014249141358,0.0,0.6688708296188941,0.6654155254364014,1.149999976158142,34.72425106811524,0.2717510163784027
observed_test,v2_2018_376_48h,,38,PCC,C,3.1232014249141358,0.0,0.6688708296188941,0.6654155254364014,1.149999976158142,34.72425106811524,0.2717510163784027
observed_test,v2_2018_376_48h,,39,PCC,A,2.915610662966831,0.0,0.41844999560943014,0.5210045576095581,1.149999976158142,34.72425106811524,0.2733449637889862
observed_test,v2_2018_376_48h,,39,PCC,B,2.915610662966831,0.0,0.41844999560943014,0.5210045576095581,1.149999976158142,34.72425106811524,0.2733449637889862
observed_test,v2_2018_376_48h,,39,PCC,C,2.915610662966831,0.0,0.41844999560943014,0.5210045576095581,1.149999976158142,34.72425106811524,0.2733449637889862
observed_test,v2_2018_376_48h,,40,PCC,A,2.9761405680146122,0.0,0.17934583414059416,0.5631123185157776,1.149999976158142,53.24800137329102,0.2715685963630676
observed_test,v2_2018_376_48h,,40,PCC,B,2.9761405680146122,0.0,0.17934583414059416,0.5631123185157776,1.149999976158142,53.24800137329102,0.2715685963630676
observed_test,v2_2018_376_48h,,40,PCC,C,2.9761405680146122,0.0,0.17934583414059416,0.5631123185157776,1.149999976158142,53.24800137329102,0.2715685963630676
observed_test,v2_2018_376_48h,,41,PCC,A,2.912059071852747,0.0,0.03674583366284003,0.5185338854789734,1.149999976158142,53.24800137329102,0.2635834217071533
observed_test,v2_2018_376_48h,,41,PCC,B,2.912059071852747,0.0,0.03674583366284003,0.5185338854789734,1.149999976158142,53.24800137329102,0.2635834217071533
observed_test,v2_2018_376_48h,,41,PCC,C,2.912059071852747,0.0,0.03674583366284003,0.5185338854789734,1.149999976158142,53.24800137329102,0.2635834217071533
observed_test,v2_2018_376_48h,,42,PCC,A,2.888165108802557,0.0,0.0,0.501911997795105,1.149999976158142,53.24800137329102,0.2650112509727478
observed_test,v2_2018_376_48h,,42,PCC,B,2.888165108802557,0.0,0.0,0.501911997795105,1.149999976158142,53.24800137329102,0.2650112509727478
observed_test,v2_2018_376_48h,,42,PCC,C,2.888165108802557,0.0,0.0,0.501911997795105,1.149999976158142,53.24800137329102,0.2650112509727478
observed_test,v2_2018_376_48h,,43,PCC,A,2.9849615821466244,0.0,0.0,0.5692486763000488,1.149999976158142,53.24800137329102,0.2647228240966797
observed_test,v2_2018_376_48h,,43,PCC,B,2.9849615821466244,0.0,0.0,0.5692486763000488,1.149999976158142,53.24800137329102,0.2647228240966797
observed_test,v2_2018_376_48h,,43,PCC,C,2.9849615821466244,0.0,0.0,0.5692486763000488,1.149999976158142,53.24800137329102,0.2647228240966797
observed_test,v2_2018_376_48h,,44,PCC,A,2.825617614510635,0.0,0.0,0.458400696516037,1.149999976158142,53.24800137329102,0.2669733464717865
observed_test,v2_2018_376_48h,,44,PCC,B,2.825617614510635,0.0,0.0,0.458400696516037,1.149999976158142,53.24800137329102,0.2669733464717865
observed_test,v2_2018_376_48h,,44,PCC,C,2.825617614510635,0.0,0.0,0.458400696516037,1.149999976158142,53.24800137329102,0.2669733464717865
observed_test,v2_2018_376_48h,,45,PCC,A,2.740638571998929,0.0,0.0,0.39928483963012695,1.149999976158142,53.24800137329102,0.26793980598449707
observed_test,v2_2018_376_48h,,45,PCC,B,2.740638571998929,0.0,0.0,0.39928483963012695,1.149999976158142,53.24800137329102,0.26793980598449707
observed_test,v2_2018_376_48h,,45,PCC,C,2.740638571998929,0.0,0.0,0.39928483963012695,1.149999976158142,53.24800137329102,0.26793980598449707
observed_test,v2_2018_376_48h,,46,PCC,A,2.689500792288461,0.0,0.0,0.3637107312679291,1.149999976158142,53.24800137329102,0.2686484754085541
observed_test,v2_2018_376_48h,,46,PCC,B,2.689500792288461,0.0,0.0,0.3637107312679291,1.149999976158142,53.24800137329102,0.2686484754085541
observed_test,v2_2018_376_48h,,46,PCC,C,2.689500792288461,0.0,0.0,0.3637107312679291,1.149999976158142,53.24800137329102,0.2686484754085541
observed_test,v2_2018_376_48h,,47,PCC,A,2.666340906989589,0.0,0.0,0.34759950637817383,1.149999976158142,53.24800137329102,0.26784855127334595
observed_test,v2_2018_376_48h,,47,PCC,B,2.666340906989589,0.0,0.0,0.34759950637817383,1.149999976158142,53.24800137329102,0.26784855127334595
observed_test,v2_2018_376_48h,,47,PCC,C,2.666340906989589,0.0,0.0,0.34759950637817383,1.149999976158142,53.24800137329102,0.26784855127334595
observed_test,v2_2018_542_48h,,0,PCC,A,2.589738233557025,0.0,0.0,0.29431068897247314,1.149999976158142,53.24800137329102,0.3395504057407379
observed_test,v2_2018_542_48h,,0,PCC,B,2.589738233557025,0.0,0.0,0.29431068897247314,1.149999976158142,53.24800137329102,0.3395504057407379
observed_test,v2_2018_542_48h,,0,PCC,C,2.589738233557025,0.0,0.0,0.29431068897247314,1.149999976158142,53.24800137329102,0.3395504057407379
observed_test,v2_2018_542_48h,,1,PCC,A,2.6237012928594003,0.0,0.0,0.3179371654987335,1.149999976158142,53.24800137329102,0.3584844470024109
observed_test,v2_2018_542_48h,,1,PCC,B,2.6237012928594003,0.0,0.0,0.3179371654987335,1.149999976158142,53.24800137329102,0.3584844470024109
observed_test,v2_2018_542_48h,,1,PCC,C,2.6237012928594003,0.0,0.0,0.3179371654987335,1.149999976158142,53.24800137329102,0.3584844470024109
observed_test,v2_2018_542_48h,,2,PCC,A,2.4875831211508435,0.0,0.0,0.2232462614774704,1.149999976158142,53.24800137329102,0.3493867814540863
observed_test,v2_2018_542_48h,,2,PCC,B,2.4875831211508435,0.0,0.0,0.2232462614774704,1.149999976158142,53.24800137329102,0.3493867814540863
observed_test,v2_2018_542_48h,,2,PCC,C,2.4875831211508435,0.0,0.0,0.2232462614774704,1.149999976158142,53.24800137329102,0.3493867814540863
observed_test,v2_2018_542_48h,,3,PCC,A,2.5452259178952694,0.0,0.0,0.2633455991744995,1.149999976158142,53.24800137329102,0.34039369225502014
observed_test,v2_2018_542_48h,,3,PCC,B,2.5452259178952694,0.0,0.0,0.2633455991744995,1.149999976158142,53.24800137329102,0.34039369225502014
observed_test,v2_2018_542_48h,,3,PCC,C,2.5452259178952694,0.0,0.0,0.2633455991744995,1.149999976158142,53.24800137329102,0.34039369225502014
observed_test,v2_2018_542_48h,,4,PCC,A,2.6066056994782514,0.0,0.0,0.3060445785522461,1.149999976158142,53.24800137329102,0.3419335186481476
observed_test,v2_2018_542_48h,,4,PCC,B,2.6066056994782514,0.0,0.0,0.3060445785522461,1.149999976158142,53.24800137329102,0.3419335186481476
observed_test,v2_2018_542_48h,,4,PCC,C,2.6066056994782514,0.0,0.0,0.3060445785522461,1.149999976158142,53.24800137329102,0.3419335186481476
observed_test,v2_2018_542_48h,,5,PCC,A,2.5763726205374935,0.0,0.0,0.2850128710269928,1.149999976158142,53.24800137329102,0.34306105971336365
observed_test,v2_2018_542_48h,,5,PCC,B,2.5763726205374935,0.0,0.0,0.2850128710269928,1.149999976158142,53.24800137329102,0.34306105971336365
observed_test,v2_2018_542_48h,,5,PCC,C,2.5763726205374935,0.0,0.0,0.2850128710269928,1.149999976158142,53.24800137329102,0.34306105971336365
observed_test,v2_2018_542_48h,,6,PCC,A,2.7605416539868575,0.0,0.0,0.4131304621696472,1.149999976158142,53.24800137329102,0.3405168056488037
observed_test,v2_2018_542_48h,,6,PCC,B,2.7605416539868575,0.0,0.0,0.4131304621696472,1.149999976158142,53.24800137329102,0.3405168056488037
observed_test,v2_2018_542_48h,,6,PCC,C,2.7605416539868575,0.0,0.0,0.4131304621696472,1.149999976158142,53.24800137329102,0.3405168056488037
observed_test,v2_2018_542_48h,,7,PCC,A,3.0129513006293838,0.0,0.0,0.5887197852134705,1.149999976158142,53.24800137329102,0.3422624468803406
observed_test,v2_2018_542_48h,,7,PCC,B,3.0129513006293838,0.0,0.0,0.5887197852134705,1.149999976158142,53.24800137329102,0.3422624468803406
observed_test,v2_2018_542_48h,,7,PCC,C,3.0129513006293838,0.0,0.0,0.5887197852134705,1.149999976158142,53.24800137329102,0.3422624468803406
observed_test,v2_2018_542_48h,,8,PCC,A,2.7649040079514635,0.0,0.3588416541998203,0.41616514325141907,1.149999976158142,53.24800137329102,0.3416255712509155
observed_test,v2_2018_542_48h,,8,PCC,B,2.7649040079514635,0.0,0.3588416541998203,0.41616514325141907,1.149999976158142,53.24800137329102,0.3416255712509155
observed_test,v2_2018_542_48h,,8,PCC,C,2.7649040079514635,0.0,0.3588416541998203,0.41616514325141907,1.149999976158142,53.24800137329102,0.3416255712509155
observed_test,v2_2018_542_48h,,9,PCC,A,2.9051724072175276,0.0,0.72754999765983,0.5137431621551514,1.149999976158142,53.24800137329102,0.34979093074798584
observed_test,v2_2018_542_48h,,9,PCC,B,2.9051724072175276,0.0,0.72754999765983,0.5137431621551514,1.149999976158142,53.24800137329102,0.34979093074798584
observed_test,v2_2018_542_48h,,9,PCC,C,2.9051724072175276,0.0,0.72754999765983,0.5137431621551514,1.149999976158142,53.24800137329102,0.34979093074798584
observed_test,v2_2018_542_48h,,10,PCC,A,2.6904467608222724,0.0,0.953833357645915,0.3643687963485718,1.149999976158142,53.24800137329102,0.3513350784778595
observed_test,v2_2018_542_48h,,10,PCC,B,2.6904467608222724,0.0,0.953833357645915,0.3643687963485718,1.149999976158142,53.24800137329102,0.3513350784778595
observed_test,v2_2018_542_48h,,10,PCC,C,2.6904467608222724,0.0,0.953833357645915,0.3643687963485718,1.149999976158142,53.24800137329102,0.3513350784778595
observed_test,v2_2018_542_48h,,11,PCC,A,2.686130632121376,0.0,1.0817833817922151,0.36136627197265625,1.149999976158142,53.24800137329102,0.352043479681015
observed_test,v2_2018_542_48h,,11,PCC,B,2.686130632121376,0.0,1.0817833817922151,0.36136627197265625,1.149999976158142,53.24800137329102,0.352043479681015
observed_test,v2_2018_542_48h,,11,PCC,C,2.686130632121376,0.0,1.0817833817922151,0.36136627197265625,1.149999976158142,53.24800137329102,0.352043479681015
observed_test,v2_2018_542_48h,,12,PCC,A,2.940481482794702,0.0,1.118341661416567,0.5383059978485107,1.149999976158142,53.24800137329102,0.35197725892066956
observed_test,v2_2018_542_48h,,12,PCC,B,2.940481482794702,0.0,1.118341661416567,0.5383059978485107,1.149999976158142,53.24800137329102,0.35197725892066956
observed_test,v2_2018_542_48h,,12,PCC,C,2.940481482794702,0.0,1.118341661416567,0.5383059978485107,1.149999976158142,53.24800137329102,0.35197725892066956
observed_test,v2_2018_542_48h,,13,PCC,A,3.033735447282245,0.0,1.041087508201599,0.6031783223152161,1.149999976158142,53.24800137329102,0.3435025215148926
observed_test,v2_2018_542_48h,,13,PCC,B,3.033735447282245,0.0,1.041087508201599,0.6031783223152161,1.149999976158142,53.24800137329102,0.3435025215148926
observed_test,v2_2018_542_48h,,13,PCC,C,3.033735447282245,0.0,1.041087508201599,0.6031783223152161,1.149999976158142,53.24800137329102,0.3435025215148926
observed_test,v2_2018_542_48h,,14,PCC,A,3.1232014249141358,0.0,0.5646666655173668,0.6654155254364014,1.149999976158142,53.24800137329102,0.33751198649406433
observed_test,v2_2018_542_48h,,14,PCC,B,3.1232014249141358,0.0,0.5646666655173668,0.6654155254364014,1.149999976158142,53.24800137329102,0.33751198649406433
observed_test,v2_2018_542_48h,,14,PCC,C,3.1232014249141358,0.0,0.5646666655173668,0.6654155254364014,1.149999976158142,53.24800137329102,0.33751198649406433
observed_test,v2_2018_542_48h,,15,PCC,A,2.915610662966831,0.0,0.1549166698868458,0.5210045576095581,1.149999976158142,53.24800137329102,0.3310859501361847
observed_test,v2_2018_542_48h,,15,PCC,B,2.915610662966831,0.0,0.1549166698868458,0.5210045576095581,1.149999976158142,53.24800137329102,0.3310859501361847
observed_test,v2_2018_542_48h,,15,PCC,C,2.915610662966831,0.0,0.1549166698868458,0.5210045576095581,1.149999976158142,53.24800137329102,0.3310859501361847
observed_test,v2_2018_542_48h,,16,PCC,A,2.9761405680146122,0.0,0.05527916722572767,0.5631123185157776,1.149999976158142,53.24800137329102,0.32164841890335083
observed_test,v2_2018_542_48h,,16,PCC,B,2.9761405680146122,0.0,0.05527916722572767,0.5631123185157776,1.149999976158142,53.24800137329102,0.32164841890335083
observed_test,v2_2018_542_48h,,16,PCC,C,2.9761405680146122,0.0,0.05527916722572767,0.5631123185157776,1.149999976158142,53.24800137329102,0.32164841890335083
observed_test,v2_2018_542_48h,,17,PCC,A,2.912059071852747,0.0,0.0,0.5185338854789734,1.149999976158142,53.24800137329102,0.2997533977031708
observed_test,v2_2018_542_48h,,17,PCC,B,2.912059071852747,0.0,0.0,0.5185338854789734,1.149999976158142,53.24800137329102,0.2997533977031708
observed_test,v2_2018_542_48h,,17,PCC,C,2.912059071852747,0.0,0.0,0.5185338854789734,1.149999976158142,53.24800137329102,0.2997533977031708
observed_test,v2_2018_542_48h,,18,PCC,A,2.888165108802557,0.0,0.0,0.501911997795105,1.149999976158142,53.24800137329102,0.2852819263935089
observed_test,v2_2018_542_48h,,18,PCC,B,2.888165108802557,0.0,0.0,0.501911997795105,1.149999976158142,53.24800137329102,0.2852819263935089
observed_test,v2_2018_542_48h,,18,PCC,C,2.888165108802557,0.0,0.0,0.501911997795105,1.149999976158142,53.24800137329102,0.2852819263935089
observed_test,v2_2018_542_48h,,19,PCC,A,2.9849615821466244,0.0,0.0,0.5692486763000488,1.149999976158142,53.24800137329102,0.2762019634246826
observed_test,v2_2018_542_48h,,19,PCC,B,2.9849615821466244,0.0,0.0,0.5692486763000488,1.149999976158142,53.24800137329102,0.2762019634246826
observed_test,v2_2018_542_48h,,19,PCC,C,2.9849615821466244,0.0,0.0,0.5692486763000488,1.149999976158142,53.24800137329102,0.2762019634246826
observed_test,v2_2018_542_48h,,20,PCC,A,2.825617614510635,0.0,0.0,0.458400696516037,1.149999976158142,53.24800137329102,0.2631073296070099
observed_test,v2_2018_542_48h,,20,PCC,B,2.825617614510635,0.0,0.0,0.458400696516037,1.149999976158142,53.24800137329102,0.2631073296070099
observed_test,v2_2018_542_48h,,20,PCC,C,2.825617614510635,0.0,0.0,0.458400696516037,1.149999976158142,53.24800137329102,0.2631073296070099
observed_test,v2_2018_542_48h,,21,PCC,A,2.740638571998929,0.0,0.0,0.39928483963012695,1.149999976158142,53.24800137329102,0.2648462951183319
observed_test,v2_2018_542_48h,,21,PCC,B,2.740638571998929,0.0,0.0,0.39928483963012695,1.149999976158142,53.24800137329102,0.2648462951183319
observed_test,v2_2018_542_48h,,21,PCC,C,2.740638571998929,0.0,0.0,0.39928483963012695,1.149999976158142,53.24800137329102,0.2648462951183319
observed_test,v2_2018_542_48h,,22,PCC,A,2.689500792288461,0.0,0.0,0.3637107312679291,1.149999976158142,53.24800137329102,0.27600327134132385
observed_test,v2_2018_542_48h,,22,PCC,B,2.689500792288461,0.0,0.0,0.3637107312679291,1.149999976158142,53.24800137329102,0.27600327134132385
observed_test,v2_2018_542_48h,,22,PCC,C,2.689500792288461,0.0,0.0,0.3637107312679291,1.149999976158142,53.24800137329102,0.27600327134132385
observed_test,v2_2018_542_48h,,23,PCC,A,2.666340906989589,0.0,0.0,0.34759950637817383,1.149999976158142,53.24800137329102,0.279354065656662
observed_test,v2_2018_542_48h,,23,PCC,B,2.666340906989589,0.0,0.0,0.34759950637817383,1.149999976158142,53.24800137329102,0.279354065656662
observed_test,v2_2018_542_48h,,23,PCC,C,2.666340906989589,0.0,0.0,0.34759950637817383,1.149999976158142,53.24800137329102,0.279354065656662
observed_test,v2_2018_542_48h,,24,PCC,A,2.589738233557025,0.0,0.0,0.29431068897247314,1.149999976158142,53.24800137329102,0.2890777885913849
observed_test,v2_2018_542_48h,,24,PCC,B,2.589738233557025,0.0,0.0,0.29431068897247314,1.149999976158142,53.24800137329102,0.2890777885913849
observed_test,v2_2018_542_48h,,24,PCC,C,2.589738233557025,0.0,0.0,0.29431068897247314,1.149999976158142,53.24800137329102,0.2890777885913849
observed_test,v2_2018_542_48h,,25,PCC,A,2.6237012928594003,0.0,0.0,0.3179371654987335,1.149999976158142,34.72425106811524,0.3088434636592865
observed_test,v2_2018_542_48h,,25,PCC,B,2.6237012928594003,0.0,0.0,0.3179371654987335,1.149999976158142,34.72425106811524,0.3088434636592865
observed_test,v2_2018_542_48h,,25,PCC,C,2.6237012928594003,0.0,0.0,0.3179371654987335,1.149999976158142,34.72425106811524,0.3088434636592865
observed_test,v2_2018_542_48h,,26,PCC,A,2.4875831211508435,0.0,0.0,0.2232462614774704,1.149999976158142,34.72425106811524,0.3097779154777527
observed_test,v2_2018_542_48h,,26,PCC,B,2.4875831211508435,0.0,0.0,0.2232462614774704,1.149999976158142,34.72425106811524,0.3097779154777527
observed_test,v2_2018_542_48h,,26,PCC,C,2.4875831211508435,0.0,0.0,0.2232462614774704,1.149999976158142,34.72425106811524,0.3097779154777527
observed_test,v2_2018_542_48h,,27,PCC,A,2.5452259178952694,0.0,0.0,0.2633455991744995,1.149999976158142,53.24800137329102,0.31163012981414795
observed_test,v2_2018_542_48h,,27,PCC,B,2.5452259178952694,0.0,0.0,0.2633455991744995,1.149999976158142,53.24800137329102,0.31163012981414795
observed_test,v2_2018_542_48h,,27,PCC,C,2.5452259178952694,0.0,0.0,0.2633455991744995,1.149999976158142,53.24800137329102,0.31163012981414795
observed_test,v2_2018_542_48h,,28,PCC,A,2.6066056994782514,0.0,0.0,0.3060445785522461,1.149999976158142,53.24800137329102,0.32150399684906006
observed_test,v2_2018_542_48h,,28,PCC,B,2.6066056994782514,0.0,0.0,0.3060445785522461,1.149999976158142,53.24800137329102,0.32150399684906006
observed_test,v2_2018_542_48h,,28,PCC,C,2.6066056994782514,0.0,0.0,0.3060445785522461,1.149999976158142,53.24800137329102,0.32150399684906006
observed_test,v2_2018_542_48h,,29,PCC,A,2.5763726205374935,0.0,0.0,0.2850128710269928,1.149999976158142,53.24800137329102,0.3338591456413269
observed_test,v2_2018_542_48h,,29,PCC,B,2.5763726205374935,0.0,0.0,0.2850128710269928,1.149999976158142,53.24800137329102,0.3338591456413269
observed_test,v2_2018_542_48h,,29,PCC,C,2.5763726205374935,0.0,0.0,0.2850128710269928,1.149999976158142,53.24800137329102,0.3338591456413269
observed_test,v2_2018_542_48h,,30,PCC,A,2.7605416539868575,0.0,0.0,0.4131304621696472,1.149999976158142,121.88174847412108,0.3498738408088684
observed_test,v2_2018_542_48h,,30,PCC,B,2.7605416539868575,0.0,0.0,0.4131304621696472,1.149999976158142,121.88174847412108,0.3498738408088684
observed_test,v2_2018_542_48h,,30,PCC,C,2.7605416539868575,0.0,0.0,0.4131304621696472,1.149999976158142,121.88174847412108,0.3498738408088684
observed_test,v2_2018_542_48h,,31,PCC,A,3.0129513006293838,0.0,0.0,0.5887197852134705,1.149999976158142,121.88174847412108,0.3462944030761719
observed_test,v2_2018_542_48h,,31,PCC,B,3.0129513006293838,0.0,0.0,0.5887197852134705,1.149999976158142,121.88174847412108,0.3462944030761719
observed_test,v2_2018_542_48h,,31,PCC,C,3.0129513006293838,0.0,0.0,0.5887197852134705,1.149999976158142,121.88174847412108,0.3462944030761719
observed_test,v2_2018_542_48h,,32,PCC,A,2.7649040079514635,0.0,0.3556791692972183,0.41616514325141907,1.149999976158142,121.88174847412108,0.3434279263019562
observed_test,v2_2018_542_48h,,32,PCC,B,2.7649040079514635,0.0,0.3556791692972183,0.41616514325141907,1.149999976158142,121.88174847412108,0.3434279263019562
observed_test,v2_2018_542_48h,,32,PCC,C,2.7649040079514635,0.0,0.3556791692972183,0.41616514325141907,1.149999976158142,121.88174847412108,0.3434279263019562
observed_test,v2_2018_542_48h,,33,PCC,A,2.9051724072175276,0.0,0.698012514756276,0.5137431621551514,1.149999976158142,121.88174847412108,0.34227651357650757
observed_test,v2_2018_542_48h,,33,PCC,B,2.9051724072175276,0.0,0.698012514756276,0.5137431621551514,1.149999976158142,121.88174847412108,0.34227651357650757
observed_test,v2_2018_542_48h,,33,PCC,C,2.9051724072175276,0.0,0.698012514756276,0.5137431621551514,1.149999976158142,121.88174847412108,0.34227651357650757
observed_test,v2_2018_542_48h,,34,PCC,A,2.6904467608222724,0.0,1.0104208038403437,0.3643687963485718,1.149999976158142,53.24800137329102,0.34157341718673706
observed_test,v2_2018_542_48h,,34,PCC,B,2.6904467608222724,0.0,1.0104208038403437,0.3643687963485718,1.149999976158142,53.24800137329102,0.34157341718673706
observed_test,v2_2018_542_48h,,34,PCC,C,2.6904467608222724,0.0,1.0104208038403437,0.3643687963485718,1.149999976158142,53.24800137329102,0.34157341718673706
observed_test,v2_2018_542_48h,,35,PCC,A,2.686130632121376,0.0,1.1441833697832546,0.36136627197265625,1.149999976158142,53.24800137329102,0.33814752101898193
observed_test,v2_2018_542_48h,,35,PCC,B,2.686130632121376,0.0,1.1441833697832546,0.36136627197265625,1.149999976158142,53.24800137329102,0.33814752101898193
observed_test,v2_2018_542_48h,,35,PCC,C,2.686130632121376,0.0,1.1441833697832546,0.36136627197265625,1.149999976158142,53.24800137329102,0.33814752101898193
observed_test,v2_2018_542_48h,,36,PCC,A,2.940481482794702,0.0,1.17980413711988,0.5383059978485107,1.149999976158142,34.72425106811524,0.33659231662750244
observed_test,v2_2018_542_48h,,36,PCC,B,2.940481482794702,0.0,1.17980413711988,0.5383059978485107,1.149999976158142,34.72425106811524,0.33659231662750244
observed_test,v2_2018_542_48h,,36,PCC,C,2.940481482794702,0.0,1.17980413711988,0.5383059978485107,1.149999976158142,34.72425106811524,0.33659231662750244
observed_test,v2_2018_542_48h,,37,PCC,A,3.033735447282245,0.0,1.1227749861203706,0.6031783223152161,1.149999976158142,34.72425106811524,0.3255828320980072
observed_test,v2_2018_542_48h,,37,PCC,B,3.033735447282245,0.0,1.1227749861203706,0.6031783223152161,1.149999976158142,34.72425106811524,0.3255828320980072
observed_test,v2_2018_542_48h,,37,PCC,C,3.033735447282245,0.0,1.1227749861203706,0.6031783223152161,1.149999976158142,34.72425106811524,0.3255828320980072
observed_test,v2_2018_542_48h,,38,PCC,A,3.1232014249141358,0.0,0.9750958818655747,0.6654155254364014,1.149999976158142,34.72425106811524,0.31709447503089905
observed_test,v2_2018_542_48h,,38,PCC,B,3.1232014249141358,0.0,0.9750958818655747,0.6654155254364014,1.149999976158142,34.72425106811524,0.31709447503089905
observed_test,v2_2018_542_48h,,38,PCC,C,3.1232014249141358,0.0,0.9750958818655747,0.6654155254364014,1.149999976158142,34.72425106811524,0.31709447503089905
observed_test,v2_2018_542_48h,,39,PCC,A,2.915610662966831,0.0,0.7193541870667383,0.5210045576095581,1.149999976158142,34.72425106811524,0.3180161416530609
observed_test,v2_2018_542_48h,,39,PCC,B,2.915610662966831,0.0,0.7193541870667383,0.5210045576095581,1.149999976158142,34.72425106811524,0.3180161416530609
observed_test,v2_2018_542_48h,,39,PCC,C,2.915610662966831,0.0,0.7193541870667383,0.5210045576095581,1.149999976158142,34.72425106811524,0.3180161416530609
observed_test,v2_2018_542_48h,,40,PCC,A,2.9761405680146122,0.0,0.3309583434691796,0.5631123185157776,1.149999976158142,53.24800137329102,0.31527936458587646
observed_test,v2_2018_542_48h,,40,PCC,B,2.9761405680146122,0.0,0.3309583434691796,0.5631123185157776,1.149999976158142,53.24800137329102,0.31527936458587646
observed_test,v2_2018_542_48h,,40,PCC,C,2.9761405680146122,0.0,0.3309583434691796,0.5631123185157776,1.149999976158142,53.24800137329102,0.31527936458587646
observed_test,v2_2018_542_48h,,41,PCC,A,2.912059071852747,0.0,0.0,0.5185338854789734,1.149999976158142,53.24800137329102,0.2851102352142334
observed_test,v2_2018_542_48h,,41,PCC,B,2.912059071852747,0.0,0.0,0.5185338854789734,1.149999976158142,53.24800137329102,0.2851102352142334
observed_test,v2_2018_542_48h,,41,PCC,C,2.912059071852747,0.0,0.0,0.5185338854789734,1.149999976158142,53.24800137329102,0.2851102352142334
observed_test,v2_2018_542_48h,,42,PCC,A,2.888165108802557,0.0,0.0,0.501911997795105,1.149999976158142,53.24800137329102,0.2613919973373413
observed_test,v2_2018_542_48h,,42,PCC,B,2.888165108802557,0.0,0.0,0.501911997795105,1.149999976158142,53.24800137329102,0.2613919973373413
observed_test,v2_2018_542_48h,,42,PCC,C,2.888165108802557,0.0,0.0,0.501911997795105,1.149999976158142,53.24800137329102,0.2613919973373413
observed_test,v2_2018_542_48h,,43,PCC,A,2.9849615821466244,0.0,0.0,0.5692486763000488,1.149999976158142,53.24800137329102,0.24509786069393158
observed_test,v2_2018_542_48h,,43,PCC,B,2.9849615821466244,0.0,0.0,0.5692486763000488,1.149999976158142,53.24800137329102,0.24509786069393158
observed_test,v2_2018_542_48h,,43,PCC,C,2.9849615821466244,0.0,0.0,0.5692486763000488,1.149999976158142,53.24800137329102,0.24509786069393158
observed_test,v2_2018_542_48h,,44,PCC,A,2.825617614510635,0.0,0.0,0.458400696516037,1.149999976158142,53.24800137329102,0.24263539910316467
observed_test,v2_2018_542_48h,,44,PCC,B,2.825617614510635,0.0,0.0,0.458400696516037,1.149999976158142,53.24800137329102,0.24263539910316467
observed_test,v2_2018_542_48h,,44,PCC,C,2.825617614510635,0.0,0.0,0.458400696516037,1.149999976158142,53.24800137329102,0.24263539910316467
observed_test,v2_2018_542_48h,,45,PCC,A,2.740638571998929,0.0,0.0,0.39928483963012695,1.149999976158142,53.24800137329102,0.24301493167877197
observed_test,v2_2018_542_48h,,45,PCC,B,2.740638571998929,0.0,0.0,0.39928483963012695,1.149999976158142,53.24800137329102,0.24301493167877197
observed_test,v2_2018_542_48h,,45,PCC,C,2.740638571998929,0.0,0.0,0.39928483963012695,1.149999976158142,53.24800137329102,0.24301493167877197
observed_test,v2_2018_542_48h,,46,PCC,A,2.689500792288461,0.0,0.0,0.3637107312679291,1.149999976158142,53.24800137329102,0.24866795539855957
observed_test,v2_2018_542_48h,,46,PCC,B,2.689500792288461,0.0,0.0,0.3637107312679291,1.149999976158142,53.24800137329102,0.24866795539855957
observed_test,v2_2018_542_48h,,46,PCC,C,2.689500792288461,0.0,0.0,0.3637107312679291,1.149999976158142,53.24800137329102,0.24866795539855957
observed_test,v2_2018_542_48h,,47,PCC,A,2.666340906989589,0.0,0.0,0.34759950637817383,1.149999976158142,53.24800137329102,0.26080694794654846
observed_test,v2_2018_542_48h,,47,PCC,B,2.666340906989589,0.0,0.0,0.34759950637817383,1.149999976158142,53.24800137329102,0.26080694794654846
observed_test,v2_2018_542_48h,,47,PCC,C,2.666340906989589,0.0,0.0,0.34759950637817383,1.149999976158142,53.24800137329102,0.26080694794654846
observed_test,v2_2018_429_48h,,0,PCC,A,2.589738233557025,0.0,0.0,0.29431068897247314,1.149999976158142,53.24800137329102,0.29204216599464417
observed_test,v2_2018_429_48h,,0,PCC,B,2.589738233557025,0.0,0.0,0.29431068897247314,1.149999976158142,53.24800137329102,0.29204216599464417
observed_test,v2_2018_429_48h,,0,PCC,C,2.589738233557025,0.0,0.0,0.29431068897247314,1.149999976158142,53.24800137329102,0.29204216599464417
observed_test,v2_2018_429_48h,,1,PCC,A,2.6237012928594003,0.0,0.0,0.3179371654987335,1.149999976158142,34.72425106811524,0.28155291080474854
observed_test,v2_2018_429_48h,,1,PCC,B,2.6237012928594003,0.0,0.0,0.3179371654987335,1.149999976158142,34.72425106811524,0.28155291080474854
observed_test,v2_2018_429_48h,,1,PCC,C,2.6237012928594003,0.0,0.0,0.3179371654987335,1.149999976158142,34.72425106811524,0.28155291080474854
observed_test,v2_2018_429_48h,,2,PCC,A,2.4875831211508435,0.0,0.0,0.2232462614774704,1.149999976158142,34.72425106811524,0.30299630761146545
observed_test,v2_2018_429_48h,,2,PCC,B,2.4875831211508435,0.0,0.0,0.2232462614774704,1.149999976158142,34.72425106811524,0.30299630761146545
observed_test,v2_2018_429_48h,,2,PCC,C,2.4875831211508435,0.0,0.0,0.2232462614774704,1.149999976158142,34.72425106811524,0.30299630761146545
observed_test,v2_2018_429_48h,,3,PCC,A,2.5452259178952694,0.0,0.0,0.2633455991744995,1.149999976158142,34.72425106811524,0.29573163390159607
observed_test,v2_2018_429_48h,,3,PCC,B,2.5452259178952694,0.0,0.0,0.2633455991744995,1.149999976158142,34.72425106811524,0.29573163390159607
observed_test,v2_2018_429_48h,,3,PCC,C,2.5452259178952694,0.0,0.0,0.2633455991744995,1.149999976158142,34.72425106811524,0.29573163390159607
observed_test,v2_2018_429_48h,,4,PCC,A,2.6066056994782514,0.0,0.0,0.3060445785522461,1.149999976158142,34.72425106811524,0.2604200541973114
observed_test,v2_2018_429_48h,,4,PCC,B,2.6066056994782514,0.0,0.0,0.3060445785522461,1.149999976158142,34.72425106811524,0.2604200541973114
observed_test,v2_2018_429_48h,,4,PCC,C,2.6066056994782514,0.0,0.0,0.3060445785522461,1.149999976158142,34.72425106811524,0.2604200541973114
observed_test,v2_2018_429_48h,,5,PCC,A,2.5763726205374935,0.0,0.004345833216435634,0.2850128710269928,1.149999976158142,34.72425106811524,0.24564382433891296
observed_test,v2_2018_429_48h,,5,PCC,B,2.5763726205374935,0.0,0.004345833216435634,0.2850128710269928,1.149999976158142,34.72425106811524,0.24564382433891296
observed_test,v2_2018_429_48h,,5,PCC,C,2.5763726205374935,0.0,0.004345833216435634,0.2850128710269928,1.149999976158142,34.72425106811524,0.24564382433891296
observed_test,v2_2018_429_48h,,6,PCC,A,2.7605416539868575,0.0,0.09664583664674024,0.4131304621696472,1.149999976158142,53.24800137329102,0.23213675618171692
observed_test,v2_2018_429_48h,,6,PCC,B,2.7605416539868575,0.0,0.09664583664674024,0.4131304621696472,1.149999976158142,53.24800137329102,0.23213675618171692
observed_test,v2_2018_429_48h,,6,PCC,C,2.7605416539868575,0.0,0.09664583664674024,0.4131304621696472,1.149999976158142,53.24800137329102,0.23213675618171692
observed_test,v2_2018_429_48h,,7,PCC,A,3.0315111269718575,0.0,0.36419584200932426,0.5887197852134705,1.1577249765396118,53.24800137329102,0.22217637300491333
observed_test,v2_2018_429_48h,,7,PCC,B,3.0315111269718575,0.0,0.36419584200932426,0.5887197852134705,1.1577249765396118,53.24800137329102,0.22217637300491333
observed_test,v2_2018_429_48h,,7,PCC,C,3.0315111269718575,0.0,0.36419584200932426,0.5887197852134705,1.1577249765396118,53.24800137329102,0.22217637300491333
observed_test,v2_2018_429_48h,,8,PCC,A,2.824933598931836,0.0,0.6265041919854971,0.41616514325141907,1.1774499416351318,53.24800137329102,0.2238142341375351
observed_test,v2_2018_429_48h,,8,PCC,B,2.824933598931836,0.0,0.6265041919854971,0.41616514325141907,1.1774499416351318,53.24800137329102,0.2238142341375351
observed_test,v2_2018_429_48h,,8,PCC,C,2.824933598931836,0.0,0.6265041919854971,0.41616514325141907,1.1774499416351318,53.24800137329102,0.2238142341375351
observed_test,v2_2018_429_48h,,9,PCC,A,3.013399545625056,0.0,0.9129583262480221,0.5137431621551514,1.196874976158142,53.24800137329102,0.2249642014503479
observed_test,v2_2018_429_48h,,9,PCC,B,3.013399545625056,0.0,0.9129583262480221,0.5137431621551514,1.196874976158142,53.24800137329102,0.2249642014503479
observed_test,v2_2018_429_48h,,9,PCC,C,3.013399545625056,0.0,0.9129583262480221,0.5137431621551514,1.196874976158142,53.24800137329102,0.2249642014503479
observed_test,v2_2018_429_48h,,10,PCC,A,2.8083840335723096,0.0,1.0779166450867286,0.3643687963485718,1.2055749893188477,53.24800137329102,0.22651337087154388
observed_test,v2_2018_429_48h,,10,PCC,B,2.8083840335723096,0.0,1.0779166450867286,0.3643687963485718,1.2055749893188477,53.24800137329102,0.22651337087154388
observed_test,v2_2018_429_48h,,10,PCC,C,2.8083840335723096,0.0,1.0779166450867286,0.3643687963485718,1.2055749893188477,53.24800137329102,0.22651337087154388
observed_test,v2_2018_429_48h,,11,PCC,A,2.8133920751545247,0.0,1.1748875562961285,0.36136627197265625,1.2100750207901,53.24800137329102,0.23188455402851105
observed_test,v2_2018_429_48h,,11,PCC,B,2.8133920751545247,0.0,1.1748875562961285,0.36136627197265625,1.2100750207901,53.24800137329102,0.23188455402851105
observed_test,v2_2018_429_48h,,11,PCC,C,2.8133920751545247,0.0,1.1748875562961285,0.36136627197265625,1.2100750207901,53.24800137329102,0.23188455402851105
observed_test,v2_2018_429_48h,,12,PCC,A,3.0861184606444803,0.0,1.1984041103949912,0.5383059978485107,1.212249994277954,53.24800137329102,0.24851679801940918
observed_test,v2_2018_429_48h,,12,PCC,B,3.0861184606444803,0.0,1.1984041103949912,0.5383059978485107,1.212249994277954,53.24800137329102,0.24851679801940918
observed_test,v2_2018_429_48h,,12,PCC,C,3.0861184606444803,0.0,1.1984041103949912,0.5383059978485107,1.212249994277954,53.24800137329102,0.24851679801940918
observed_test,v2_2018_429_48h,,13,PCC,A,3.1862356524415003,0.0,1.1479457983603842,0.6031783223152161,1.212999939918518,53.24800137329102,0.2552449107170105
observed_test,v2_2018_429_48h,,13,PCC,B,3.1862356524415003,0.0,1.1479457983603842,0.6031783223152161,1.212999939918518,53.24800137329102,0.2552449107170105
observed_test,v2_2018_429_48h,,13,PCC,C,3.1862356524415003,0.0,1.1479457983603842,0.6031783223152161,1.212999939918518,53.24800137329102,0.2552449107170105
observed_test,v2_2018_429_48h,,14,PCC,A,3.279291133779767,0.0,1.0272750487694373,0.6654155254364014,1.2124749422073364,53.24800137329102,0.2668544054031372
observed_test,v2_2018_429_48h,,14,PCC,B,3.279291133779767,0.0,1.0272750487694373,0.6654155254364014,1.2124749422073364,53.24800137329102,0.2668544054031372
observed_test,v2_2018_429_48h,,14,PCC,C,3.279291133779767,0.0,1.0272750487694373,0.6654155254364014,1.2124749422073364,53.24800137329102,0.2668544054031372
observed_test,v2_2018_429_48h,,15,PCC,A,3.0545120682095734,0.0,0.5650750146462367,0.5210045576095581,1.2099249362945557,53.24800137329102,0.2685477137565613
observed_test,v2_2018_429_48h,,15,PCC,B,3.0545120682095734,0.0,0.5650750146462367,0.5210045576095581,1.2099249362945557,53.24800137329102,0.2685477137565613
observed_test,v2_2018_429_48h,,15,PCC,C,3.0545120682095734,0.0,0.5650750146462367,0.5210045576095581,1.2099249362945557,53.24800137329102,0.2685477137565613
observed_test,v2_2018_429_48h,,16,PCC,A,3.108773343854152,0.0,0.24580416771081773,0.5631123185157776,1.2059500217437744,53.24800137329102,0.2619698643684387
observed_test,v2_2018_429_48h,,16,PCC,B,3.108773343854152,0.0,0.24580416771081773,0.5631123185157776,1.2059500217437744,53.24800137329102,0.2619698643684387
observed_test,v2_2018_429_48h,,16,PCC,C,3.108773343854152,0.0,0.24580416771081773,0.5631123185157776,1.2059500217437744,53.24800137329102,0.2619698643684387
observed_test,v2_2018_429_48h,,17,PCC,A,3.0214350545221724,0.0,0.07404583291365549,0.5185338854789734,1.1972500085830688,53.24800137329102,0.2320890873670578
observed_test,v2_2018_429_48h,,17,PCC,B,3.0214350545221724,0.0,0.07404583291365549,0.5185338854789734,1.1972500085830688,53.24800137329102,0.2320890873670578
observed_test,v2_2018_429_48h,,17,PCC,C,3.0214350545221724,0.0,0.07404583291365549,0.5185338854789734,1.1972500085830688,53.24800137329102,0.2320890873670578
observed_test,v2_2018_429_48h,,18,PCC,A,2.9741922883937755,0.0,0.0005333333459790222,0.501911997795105,1.1875,121.88174847412108,0.21596577763557434
observed_test,v2_2018_429_48h,,18,PCC,B,2.9741922883937755,0.0,0.0005333333459790222,0.501911997795105,1.1875,121.88174847412108,0.21596577763557434
observed_test,v2_2018_429_48h,,18,PCC,C,2.9741922883937755,0.0,0.0005333333459790222,0.501911997795105,1.1875,121.88174847412108,0.21596577763557434
observed_test,v2_2018_429_48h,,19,PCC,A,3.0457848501078786,0.0,0.0,0.5692486763000488,1.1755750179290771,121.88174847412108,0.20615766942501068
observed_test,v2_2018_429_48h,,19,PCC,B,3.0457848501078786,0.0,0.0,0.5692486763000488,1.1755750179290771,121.88174847412108,0.20615766942501068
observed_test,v2_2018_429_48h,,19,PCC,C,3.0457848501078786,0.0,0.0,0.5692486763000488,1.1755750179290771,121.88174847412108,0.20615766942501068
observed_test,v2_2018_429_48h,,20,PCC,A,2.873490642683217,0.0,0.0,0.458400696516037,1.171375036239624,121.88174847412108,0.2008131742477417
observed_test,v2_2018_429_48h,,20,PCC,B,2.873490642683217,0.0,0.0,0.458400696516037,1.171375036239624,121.88174847412108,0.2008131742477417
observed_test,v2_2018_429_48h,,20,PCC,C,2.873490642683217,0.0,0.0,0.458400696516037,1.171375036239624,121.88174847412108,0.2008131742477417
observed_test,v2_2018_429_48h,,21,PCC,A,2.7778356299988283,0.0,0.0,0.39928483963012695,1.1671749353408813,53.24800137329102,0.1999589502811432
observed_test,v2_2018_429_48h,,21,PCC,B,2.7778356299988283,0.0,0.0,0.39928483963012695,1.1671749353408813,53.24800137329102,0.1999589502811432
observed_test,v2_2018_429_48h,,21,PCC,C,2.7778356299988283,0.0,0.0,0.39928483963012695,1.1671749353408813,53.24800137329102,0.1999589502811432
observed_test,v2_2018_429_48h,,22,PCC,A,2.71718373902944,0.0,0.0,0.3637107312679291,1.1630499362945557,53.24800137329102,0.20652389526367188
observed_test,v2_2018_429_48h,,22,PCC,B,2.71718373902944,0.0,0.0,0.3637107312679291,1.1630499362945557,53.24800137329102,0.20652389526367188
observed_test,v2_2018_429_48h,,22,PCC,C,2.71718373902944,0.0,0.0,0.3637107312679291,1.1630499362945557,53.24800137329102,0.20652389526367188
observed_test,v2_2018_429_48h,,23,PCC,A,2.6861968395933076,0.0,0.0,0.34759950637817383,1.1594499349594116,53.24800137329102,0.24197621643543243
observed_test,v2_2018_429_48h,,23,PCC,B,2.6861968395933076,0.0,0.0,0.34759950637817383,1.1594499349594116,53.24800137329102,0.24197621643543243
observed_test,v2_2018_429_48h,,23,PCC,C,2.6861968395933076,0.0,0.0,0.34759950637817383,1.1594499349594116,53.24800137329102,0.24197621643543243
observed_test,v2_2018_429_48h,,24,PCC,A,2.6025558743519603,0.0,0.0,0.29431068897247314,1.1562999486923218,53.24800137329102,0.2597443163394928
observed_test,v2_2018_429_48h,,24,PCC,B,2.6025558743519603,0.0,0.0,0.29431068897247314,1.1562999486923218,53.24800137329102,0.2597443163394928
observed_test,v2_2018_429_48h,,24,PCC,C,2.6025558743519603,0.0,0.0,0.29431068897247314,1.1562999486923218,53.24800137329102,0.2597443163394928
observed_test,v2_2018_429_48h,,25,PCC,A,2.6315963252094527,0.0,0.0,0.3179371654987335,1.1538249254226685,53.24800137329102,0.2683746814727783
observed_test,v2_2018_429_48h,,25,PCC,B,2.6315963252094527,0.0,0.0,0.3179371654987335,1.1538249254226685,53.24800137329102,0.2683746814727783
observed_test,v2_2018_429_48h,,25,PCC,C,2.6315963252094527,0.0,0.0,0.3179371654987335,1.1538249254226685,53.24800137329102,0.2683746814727783
observed_test,v2_2018_429_48h,,26,PCC,A,2.4893343318315697,0.0,0.0,0.2232462614774704,1.1509000062942505,53.24800137329102,0.28207725286483765
observed_test,v2_2018_429_48h,,26,PCC,B,2.4893343318315697,0.0,0.0,0.2232462614774704,1.1509000062942505,53.24800137329102,0.28207725286483765
observed_test,v2_2018_429_48h,,26,PCC,C,2.4893343318315697,0.0,0.0,0.2232462614774704,1.1509000062942505,53.24800137329102,0.28207725286483765
observed_test,v2_2018_429_48h,,27,PCC,A,2.5452259178952694,0.0,0.0,0.2633455991744995,1.149999976158142,53.24800137329102,0.29512742161750793
observed_test,v2_2018_429_48h,,27,PCC,B,2.5452259178952694,0.0,0.0,0.2633455991744995,1.149999976158142,53.24800137329102,0.29512742161750793
observed_test,v2_2018_429_48h,,27,PCC,C,2.5452259178952694,0.0,0.0,0.2633455991744995,1.149999976158142,53.24800137329102,0.29512742161750793
observed_test,v2_2018_429_48h,,28,PCC,A,2.6066056994782514,0.0,0.0,0.3060445785522461,1.149999976158142,53.24800137329102,0.2957279682159424
observed_test,v2_2018_429_48h,,28,PCC,B,2.6066056994782514,0.0,0.0,0.3060445785522461,1.149999976158142,53.24800137329102,0.2957279682159424
observed_test,v2_2018_429_48h,,28,PCC,C,2.6066056994782514,0.0,0.0,0.3060445785522461,1.149999976158142,53.24800137329102,0.2957279682159424
observed_test,v2_2018_429_48h,,29,PCC,A,2.5786483755153378,0.0,0.005070833363928474,0.2850128710269928,1.1511249542236328,53.24800137329102,0.2854676842689514
observed_test,v2_2018_429_48h,,29,PCC,B,2.5786483755153378,0.0,0.005070833363928474,0.2850128710269928,1.1511249542236328,53.24800137329102,0.2854676842689514
observed_test,v2_2018_429_48h,,29,PCC,C,2.5786483755153378,0.0,0.005070833363928474,0.2850128710269928,1.1511249542236328,53.24800137329102,0.2854676842689514
observed_test,v2_2018_429_48h,,30,PCC,A,2.7895220971371715,0.0,0.09911666409327434,0.4131304621696472,1.1632750034332275,53.24800137329102,0.27972814440727234
observed_test,v2_2018_429_48h,,30,PCC,B,2.7895220971371715,0.0,0.09911666409327434,0.4131304621696472,1.1632750034332275,53.24800137329102,0.27972814440727234
observed_test,v2_2018_429_48h,,30,PCC,C,2.7895220971371715,0.0,0.09911666409327434,0.4131304621696472,1.1632750034332275,53.24800137329102,0.27972814440727234
observed_test,v2_2018_429_48h,,31,PCC,A,3.0745771873991967,0.0,0.3630333221875704,0.5887197852134705,1.1756500005722046,53.24800137329102,0.27816811203956604
observed_test,v2_2018_429_48h,,31,PCC,B,3.0745771873991967,0.0,0.3630333221875704,0.5887197852134705,1.1756500005722046,53.24800137329102,0.27816811203956604
observed_test,v2_2018_429_48h,,31,PCC,C,3.0745771873991967,0.0,0.3630333221875704,0.5887197852134705,1.1756500005722046,53.24800137329102,0.27816811203956604
observed_test,v2_2018_429_48h,,32,PCC,A,2.855932650614817,0.0,0.6620000188167278,0.41616514325141907,1.1916249990463257,53.24800137329102,0.28536751866340637
observed_test,v2_2018_429_48h,,32,PCC,B,2.855932650614817,0.0,0.6620000188167278,0.41616514325141907,1.1916249990463257,53.24800137329102,0.28536751866340637
observed_test,v2_2018_429_48h,,32,PCC,C,2.855932650614817,0.0,0.6620000188167278,0.41616514325141907,1.1916249990463257,53.24800137329102,0.28536751866340637
observed_test,v2_2018_429_48h,,33,PCC,A,3.0324475175810073,0.0,0.905074981542734,0.5137431621551514,1.2051249742507935,53.24800137329102,0.29526129364967346
observed_test,v2_2018_429_48h,,33,PCC,B,3.0324475175810073,0.0,0.905074981542734,0.5137431621551514,1.2051249742507935,53.24800137329102,0.29526129364967346
observed_test,v2_2018_429_48h,,33,PCC,C,3.0324475175810073,0.0,0.905074981542734,0.5137431621551514,1.2051249742507935,53.24800137329102,0.29526129364967346
observed_test,v2_2018_429_48h,,34,PCC,A,2.8246183478304197,0.0,1.067508298617143,0.3643687963485718,1.21322500705719,53.24800137329102,0.30343109369277954
observed_test,v2_2018_429_48h,,34,PCC,B,2.8246183478304197,0.0,1.067508298617143,0.3643687963485718,1.21322500705719,53.24800137329102,0.30343109369277954
observed_test,v2_2018_429_48h,,34,PCC,C,2.8246183478304197,0.0,1.067508298617143,0.3643687963485718,1.21322500705719,53.24800137329102,0.30343109369277954
observed_test,v2_2018_429_48h,,35,PCC,A,2.831345184752687,0.0,1.1598833478414095,0.36136627197265625,1.2185499668121338,53.24800137329102,0.2977258265018463
observed_test,v2_2018_429_48h,,35,PCC,B,2.831345184752687,0.0,1.1598833478414095,0.36136627197265625,1.2185499668121338,53.24800137329102,0.2977258265018463
observed_test,v2_2018_429_48h,,35,PCC,C,2.831345184752687,0.0,1.1598833478414095,0.36136627197265625,1.2185499668121338,53.24800137329102,0.2977258265018463
observed_test,v2_2018_429_48h,,36,PCC,A,3.1082271038576104,0.0,1.1864416874372041,0.5383059978485107,1.2216999530792236,53.24800137329102,0.28627684712409973
observed_test,v2_2018_429_48h,,36,PCC,B,3.1082271038576104,0.0,1.1864416874372041,0.5383059978485107,1.2216999530792236,53.24800137329102,0.28627684712409973
observed_test,v2_2018_429_48h,,36,PCC,C,3.1082271038576104,0.0,1.1864416874372041,0.5383059978485107,1.2216999530792236,53.24800137329102,0.28627684712409973
observed_test,v2_2018_429_48h,,37,PCC,A,3.211107739254848,0.0,1.1450083209918094,0.6031783223152161,1.2232749462127686,53.24800137329102,0.2841779291629791
observed_test,v2_2018_429_48h,,37,PCC,B,3.211107739254848,0.0,1.1450083209918094,0.6031783223152161,1.2232749462127686,53.24800137329102,0.2841779291629791
observed_test,v2_2018_429_48h,,37,PCC,C,3.211107739254848,0.0,1.1450083209918094,0.6031783223152161,1.2232749462127686,53.24800137329102,0.2841779291629791
observed_test,v2_2018_429_48h,,38,PCC,A,3.306461592720948,0.0,1.0337916704324575,0.6654155254364014,1.223349928855896,53.24800137329102,0.283867210149765
observed_test,v2_2018_429_48h,,38,PCC,B,3.306461592720948,0.0,1.0337916704324575,0.6654155254364014,1.223349928855896,53.24800137329102,0.283867210149765
observed_test,v2_2018_429_48h,,38,PCC,C,3.306461592720948,0.0,1.0337916704324575,0.6654155254364014,1.223349928855896,53.24800137329102,0.283867210149765
observed_test,v2_2018_429_48h,,39,PCC,A,3.081805642947446,0.0,0.8514874829695774,0.5210045576095581,1.2216999530792236,53.24800137329102,0.26969581842422485
observed_test,v2_2018_429_48h,,39,PCC,B,3.081805642947446,0.0,0.8514874829695774,0.5210045576095581,1.2216999530792236,53.24800137329102,0.26969581842422485
observed_test,v2_2018_429_48h,,39,PCC,C,3.081805642947446,0.0,0.8514874829695774,0.5210045576095581,1.2216999530792236,53.24800137329102,0.26969581842422485
observed_test,v2_2018_429_48h,,40,PCC,A,3.1393535177822263,0.0,0.5943333300260397,0.5631123185157776,1.218850016593933,53.24800137329102,0.24999181926250458
observed_test,v2_2018_429_48h,,40,PCC,B,3.1393535177822263,0.0,0.5943333300260397,0.5631123185157776,1.218850016593933,53.24800137329102,0.24999181926250458
observed_test,v2_2018_429_48h,,40,PCC,C,3.1393535177822263,0.0,0.5943333300260397,0.5631123185157776,1.218850016593933,53.24800137329102,0.24999181926250458
observed_test,v2_2018_429_48h,,41,PCC,A,3.0526852564420888,0.0,0.29412917792797083,0.5185338854789734,1.2107499837875366,53.24800137329102,0.2426277995109558
observed_test,v2_2018_429_48h,,41,PCC,B,3.0526852564420888,0.0,0.29412917792797083,0.5185338854789734,1.2107499837875366,53.24800137329102,0.2426277995109558
observed_test,v2_2018_429_48h,,41,PCC,C,3.0526852564420888,0.0,0.29412917792797083,0.5185338854789734,1.2107499837875366,53.24800137329102,0.2426277995109558
observed_test,v2_2018_429_48h,,42,PCC,A,3.000344498482716,0.0,0.06545833670175992,0.501911997795105,1.1988999843597412,53.24800137329102,0.22674660384655
observed_test,v2_2018_429_48h,,42,PCC,B,3.000344498482716,0.0,0.06545833670175992,0.501911997795105,1.1988999843597412,53.24800137329102,0.22674660384655
observed_test,v2_2018_429_48h,,42,PCC,C,3.000344498482716,0.0,0.06545833670175992,0.501911997795105,1.1988999843597412,53.24800137329102,0.22674660384655
observed_test,v2_2018_429_48h,,43,PCC,A,3.061837856329452,0.0,0.0,0.5692486763000488,1.182325005531311,53.24800137329102,0.20943984389305115
observed_test,v2_2018_429_48h,,43,PCC,B,3.061837856329452,0.0,0.0,0.5692486763000488,1.182325005531311,53.24800137329102,0.20943984389305115
observed_test,v2_2018_429_48h,,43,PCC,C,3.061837856329452,0.0,0.0,0.5692486763000488,1.182325005531311,53.24800137329102,0.20943984389305115
observed_test,v2_2018_429_48h,,44,PCC,A,2.8862567301314037,0.0,0.0,0.458400696516037,1.1770750284194946,53.24800137329102,0.20312906801700592
observed_test,v2_2018_429_48h,,44,PCC,B,2.8862567301314037,0.0,0.0,0.458400696516037,1.1770750284194946,53.24800137329102,0.20312906801700592
observed_test,v2_2018_429_48h,,44,PCC,C,2.8862567301314037,0.0,0.0,0.458400696516037,1.1770750284194946,53.24800137329102,0.20312906801700592
observed_test,v2_2018_429_48h,,45,PCC,A,2.7892061453685244,0.0,0.0,0.39928483963012695,1.1724250316619873,53.24800137329102,0.1994336098432541
observed_test,v2_2018_429_48h,,45,PCC,B,2.7892061453685244,0.0,0.0,0.39928483963012695,1.1724250316619873,53.24800137329102,0.1994336098432541
observed_test,v2_2018_429_48h,,45,PCC,C,2.7892061453685244,0.0,0.0,0.39928483963012695,1.1724250316619873,53.24800137329102,0.1994336098432541
observed_test,v2_2018_429_48h,,46,PCC,A,2.7273661757795593,0.0,0.0,0.3637107312679291,1.1678500175476074,53.24800137329102,0.21388521790504456
observed_test,v2_2018_429_48h,,46,PCC,B,2.7273661757795593,0.0,0.0,0.3637107312679291,1.1678500175476074,53.24800137329102,0.21388521790504456
observed_test,v2_2018_429_48h,,46,PCC,C,2.7273661757795593,0.0,0.0,0.3637107312679291,1.1678500175476074,53.24800137329102,0.21388521790504456
observed_test,v2_2018_429_48h,,47,PCC,A,2.6962826073577304,0.0,0.0,0.34759950637817383,1.1642500162124634,53.24800137329102,0.251971572637558
observed_test,v2_2018_429_48h,,47,PCC,B,2.6962826073577304,0.0,0.0,0.34759950637817383,1.1642500162124634,53.24800137329102,0.251971572637558
observed_test,v2_2018_429_48h,,47,PCC,C,2.6962826073577304,0.0,0.0,0.34759950637817383,1.1642500162124634,53.24800137329102,0.251971572637558
observed_test,v2_2018_482_48h,,0,PCC,A,2.589738233557025,0.0,0.0,0.29431068897247314,1.149999976158142,53.24800137329102,0.3548120856285095
observed_test,v2_2018_482_48h,,0,PCC,B,2.589738233557025,0.0,0.0,0.29431068897247314,1.149999976158142,53.24800137329102,0.3548120856285095
observed_test,v2_2018_482_48h,,0,PCC,C,2.589738233557025,0.0,0.0,0.29431068897247314,1.149999976158142,53.24800137329102,0.3548120856285095
observed_test,v2_2018_482_48h,,1,PCC,A,2.6237012928594003,0.0,0.0,0.3179371654987335,1.149999976158142,53.24800137329102,0.3646826446056366
observed_test,v2_2018_482_48h,,1,PCC,B,2.6237012928594003,0.0,0.0,0.3179371654987335,1.149999976158142,53.24800137329102,0.3646826446056366
observed_test,v2_2018_482_48h,,1,PCC,C,2.6237012928594003,0.0,0.0,0.3179371654987335,1.149999976158142,53.24800137329102,0.3646826446056366
observed_test,v2_2018_482_48h,,2,PCC,A,2.4875831211508435,0.0,0.0,0.2232462614774704,1.149999976158142,53.24800137329102,0.3680115044116974
observed_test,v2_2018_482_48h,,2,PCC,B,2.4875831211508435,0.0,0.0,0.2232462614774704,1.149999976158142,53.24800137329102,0.3680115044116974
observed_test,v2_2018_482_48h,,2,PCC,C,2.4875831211508435,0.0,0.0,0.2232462614774704,1.149999976158142,53.24800137329102,0.3680115044116974
observed_test,v2_2018_482_48h,,3,PCC,A,2.5452259178952694,0.0,0.0,0.2633455991744995,1.149999976158142,53.24800137329102,0.3710765242576599
observed_test,v2_2018_482_48h,,3,PCC,B,2.5452259178952694,0.0,0.0,0.2633455991744995,1.149999976158142,53.24800137329102,0.3710765242576599
observed_test,v2_2018_482_48h,,3,PCC,C,2.5452259178952694,0.0,0.0,0.2633455991744995,1.149999976158142,53.24800137329102,0.3710765242576599
observed_test,v2_2018_482_48h,,4,PCC,A,2.6066056994782514,0.0,0.0,0.3060445785522461,1.149999976158142,53.24800137329102,0.3493121564388275
observed_test,v2_2018_482_48h,,4,PCC,B,2.6066056994782514,0.0,0.0,0.3060445785522461,1.149999976158142,53.24800137329102,0.3493121564388275
observed_test,v2_2018_482_48h,,4,PCC,C,2.6066056994782514,0.0,0.0,0.3060445785522461,1.149999976158142,53.24800137329102,0.3493121564388275
observed_test,v2_2018_482_48h,,5,PCC,A,2.5763726205374935,0.0,0.0,0.2850128710269928,1.149999976158142,53.24800137329102,0.32308244705200195
observed_test,v2_2018_482_48h,,5,PCC,B,2.5763726205374935,0.0,0.0,0.2850128710269928,1.149999976158142,53.24800137329102,0.32308244705200195
observed_test,v2_2018_482_48h,,5,PCC,C,2.5763726205374935,0.0,0.0,0.2850128710269928,1.149999976158142,53.24800137329102,0.32308244705200195
observed_test,v2_2018_482_48h,,6,PCC,A,2.7605416539868575,0.0,0.04955000029160426,0.4131304621696472,1.149999976158142,53.24800137329102,0.2904535233974457
observed_test,v2_2018_482_48h,,6,PCC,B,2.7605416539868575,0.0,0.04955000029160426,0.4131304621696472,1.149999976158142,53.24800137329102,0.2904535233974457
observed_test,v2_2018_482_48h,,6,PCC,C,2.7605416539868575,0.0,0.04955000029160426,0.4131304621696472,1.149999976158142,53.24800137329102,0.2904535233974457
observed_test,v2_2018_482_48h,,7,PCC,A,3.042142600596632,0.0,0.2414708240674092,0.5887197852134705,1.1621500253677368,53.24800137329102,0.2714405357837677
observed_test,v2_2018_482_48h,,7,PCC,B,3.042142600596632,0.0,0.2414708240674092,0.5887197852134705,1.1621500253677368,53.24800137329102,0.2714405357837677
observed_test,v2_2018_482_48h,,7,PCC,C,3.042142600596632,0.0,0.2414708240674092,0.5887197852134705,1.1621500253677368,53.24800137329102,0.2714405357837677
observed_test,v2_2018_482_48h,,8,PCC,A,2.832642367471356,0.0,0.5334250055826627,0.41616514325141907,1.1809749603271484,53.24800137329102,0.2632492184638977
observed_test,v2_2018_482_48h,,8,PCC,B,2.832642367471356,0.0,0.5334250055826627,0.41616514325141907,1.1809749603271484,53.24800137329102,0.2632492184638977
observed_test,v2_2018_482_48h,,8,PCC,C,2.832642367471356,0.0,0.5334250055826627,0.41616514325141907,1.1809749603271484,53.24800137329102,0.2632492184638977
observed_test,v2_2018_482_48h,,9,PCC,A,3.001451282315808,0.0,0.806220850119224,0.5137431621551514,1.1916999816894531,53.24800137329102,0.25602078437805176
observed_test,v2_2018_482_48h,,9,PCC,B,3.001451282315808,0.0,0.806220850119224,0.5137431621551514,1.1916999816894531,53.24800137329102,0.25602078437805176
observed_test,v2_2018_482_48h,,9,PCC,C,3.001451282315808,0.0,0.806220850119224,0.5137431621551514,1.1916999816894531,53.24800137329102,0.25602078437805176
observed_test,v2_2018_482_48h,,10,PCC,A,2.7932638314796385,0.0,0.8420291428382579,0.3643687963485718,1.198449969291687,53.24800137329102,0.27195778489112854
observed_test,v2_2018_482_48h,,10,PCC,B,2.7932638314796385,0.0,0.8420291428382579,0.3643687963485718,1.198449969291687,53.24800137329102,0.27195778489112854
observed_test,v2_2018_482_48h,,10,PCC,C,2.7932638314796385,0.0,0.8420291428382579,0.3643687963485718,1.198449969291687,53.24800137329102,0.27195778489112854
observed_test,v2_2018_482_48h,,11,PCC,A,2.800364056584916,0.0,1.0265541764406056,0.36136627197265625,1.2039250135421753,53.24800137329102,0.2934848368167877
observed_test,v2_2018_482_48h,,11,PCC,B,2.800364056584916,0.0,1.0265541764406056,0.36136627197265625,1.2039250135421753,53.24800137329102,0.2934848368167877
observed_test,v2_2018_482_48h,,11,PCC,C,2.800364056584916,0.0,1.0265541764406056,0.36136627197265625,1.2039250135421753,53.24800137329102,0.2934848368167877
observed_test,v2_2018_482_48h,,12,PCC,A,3.07559041577804,0.0,0.9688166471628041,0.5383059978485107,1.2077499628067017,53.24800137329102,0.3061053156852722
observed_test,v2_2018_482_48h,,12,PCC,B,3.07559041577804,0.0,0.9688166471628041,0.5383059978485107,1.2077499628067017,53.24800137329102,0.3061053156852722
observed_test,v2_2018_482_48h,,12,PCC,C,3.07559041577804,0.0,0.9688166471628041,0.5383059978485107,1.2077499628067017,53.24800137329102,0.3061053156852722
observed_test,v2_2018_482_48h,,13,PCC,A,3.179155477461487,0.0,0.709016678424982,0.6031783223152161,1.2100750207901,53.24800137329102,0.3092762529850006
observed_test,v2_2018_482_48h,,13,PCC,B,3.179155477461487,0.0,0.709016678424982,0.6031783223152161,1.2100750207901,53.24800137329102,0.3092762529850006
observed_test,v2_2018_482_48h,,13,PCC,C,3.179155477461487,0.0,0.709016678424982,0.6031783223152161,1.2100750207901,53.24800137329102,0.3092762529850006
observed_test,v2_2018_482_48h,,14,PCC,A,3.2734824228779424,0.0,0.7882125102556667,0.6654155254364014,1.2101500034332275,53.24800137329102,0.3121802508831024
observed_test,v2_2018_482_48h,,14,PCC,B,3.2734824228779424,0.0,0.7882125102556667,0.6654155254364014,1.2101500034332275,53.24800137329102,0.3121802508831024
observed_test,v2_2018_482_48h,,14,PCC,C,3.2734824228779424,0.0,0.7882125102556667,0.6654155254364014,1.2101500034332275,53.24800137329102,0.3121802508831024
observed_test,v2_2018_482_48h,,15,PCC,A,3.050339944566511,0.0,0.8032541435498457,0.5210045576095581,1.2081249952316284,53.24800137329102,0.331370085477829
observed_test,v2_2018_482_48h,,15,PCC,B,3.050339944566511,0.0,0.8032541435498457,0.5210045576095581,1.2081249952316284,53.24800137329102,0.331370085477829
observed_test,v2_2018_482_48h,,15,PCC,C,3.050339944566511,0.0,0.8032541435498457,0.5210045576095581,1.2081249952316284,53.24800137329102,0.331370085477829
observed_test,v2_2018_482_48h,,16,PCC,A,3.106817521690861,0.0,0.5977541781388795,0.5631123185157776,1.2051249742507935,53.24800137329102,0.3452150523662567
observed_test,v2_2018_482_48h,,16,PCC,B,3.106817521690861,0.0,0.5977541781388795,0.5631123185157776,1.2051249742507935,53.24800137329102,0.3452150523662567
observed_test,v2_2018_482_48h,,16,PCC,C,3.106817521690861,0.0,0.5977541781388795,0.5631123185157776,1.2051249742507935,53.24800137329102,0.3452150523662567
observed_test,v2_2018_482_48h,,17,PCC,A,3.023171054206737,0.0,0.2843208324450713,0.5185338854789734,1.1979999542236328,53.24800137329102,0.34414005279541016
observed_test,v2_2018_482_48h,,17,PCC,B,3.023171054206737,0.0,0.2843208324450713,0.5185338854789734,1.1979999542236328,53.24800137329102,0.34414005279541016
observed_test,v2_2018_482_48h,,17,PCC,C,3.023171054206737,0.0,0.2843208324450713,0.5185338854789734,1.1979999542236328,53.24800137329102,0.34414005279541016
observed_test,v2_2018_482_48h,,18,PCC,A,2.97333194276019,0.0,0.04158750033149352,0.501911997795105,1.1871249675750732,53.24800137329102,0.3426823019981384
observed_test,v2_2018_482_48h,,18,PCC,B,2.97333194276019,0.0,0.04158750033149352,0.501911997795105,1.1871249675750732,53.24800137329102,0.3426823019981384
observed_test,v2_2018_482_48h,,18,PCC,C,2.97333194276019,0.0,0.04158750033149352,0.501911997795105,1.1871249675750732,53.24800137329102,0.3426823019981384
observed_test,v2_2018_482_48h,,19,PCC,A,3.0345477741034586,0.0,0.0,0.5692486763000488,1.1708500385284424,53.24800137329102,0.3418526351451874
observed_test,v2_2018_482_48h,,19,PCC,B,3.0345477741034586,0.0,0.0,0.5692486763000488,1.1708500385284424,53.24800137329102,0.3418526351451874
observed_test,v2_2018_482_48h,,19,PCC,C,3.0345477741034586,0.0,0.0,0.5692486763000488,1.1708500385284424,53.24800137329102,0.3418526351451874
observed_test,v2_2018_482_48h,,20,PCC,A,2.856693018678142,0.0,0.0,0.458400696516037,1.1638749837875366,53.24800137329102,0.33651256561279297
observed_test,v2_2018_482_48h,,20,PCC,B,2.856693018678142,0.0,0.0,0.458400696516037,1.1638749837875366,53.24800137329102,0.33651256561279297
observed_test,v2_2018_482_48h,,20,PCC,C,2.856693018678142,0.0,0.0,0.458400696516037,1.1638749837875366,53.24800137329102,0.33651256561279297
observed_test,v2_2018_482_48h,,21,PCC,A,2.7625671095644955,0.0,0.0,0.39928483963012695,1.1601250171661377,53.24800137329102,0.3371344804763794
observed_test,v2_2018_482_48h,,21,PCC,B,2.7625671095644955,0.0,0.0,0.39928483963012695,1.1601250171661377,53.24800137329102,0.3371344804763794
observed_test,v2_2018_482_48h,,21,PCC,C,2.7625671095644955,0.0,0.0,0.39928483963012695,1.1601250171661377,53.24800137329102,0.3371344804763794
observed_test,v2_2018_482_48h,,22,PCC,A,2.704615133472533,0.0,0.0,0.3637107312679291,1.1571249961853027,53.24800137329102,0.33799830079078674
observed_test,v2_2018_482_48h,,22,PCC,B,2.704615133472533,0.0,0.0,0.3637107312679291,1.1571249961853027,53.24800137329102,0.33799830079078674
observed_test,v2_2018_482_48h,,22,PCC,C,2.704615133472533,0.0,0.0,0.3637107312679291,1.1571249961853027,53.24800137329102,0.33799830079078674
observed_test,v2_2018_482_48h,,23,PCC,A,2.6757962203392935,0.0,0.0,0.34759950637817383,1.1545000076293945,53.24800137329102,0.3385236859321594
observed_test,v2_2018_482_48h,,23,PCC,B,2.6757962203392935,0.0,0.0,0.34759950637817383,1.1545000076293945,53.24800137329102,0.3385236859321594
observed_test,v2_2018_482_48h,,23,PCC,C,2.6757962203392935,0.0,0.0,0.34759950637817383,1.1545000076293945,53.24800137329102,0.3385236859321594
observed_test,v2_2018_482_48h,,24,PCC,A,2.5949263609080027,0.0,0.0,0.29431068897247314,1.1525499820709229,53.24800137329102,0.3395809233188629
observed_test,v2_2018_482_48h,,24,PCC,B,2.5949263609080027,0.0,0.0,0.29431068897247314,1.1525499820709229,53.24800137329102,0.3395809233188629
observed_test,v2_2018_482_48h,,24,PCC,C,2.5949263609080027,0.0,0.0,0.29431068897247314,1.1525499820709229,53.24800137329102,0.3395809233188629
observed_test,v2_2018_482_48h,,25,PCC,A,2.628190629804694,0.0,0.0,0.3179371654987335,1.152174949645996,53.24800137329102,0.3408880829811096
observed_test,v2_2018_482_48h,,25,PCC,B,2.628190629804694,0.0,0.0,0.3179371654987335,1.152174949645996,53.24800137329102,0.3408880829811096
observed_test,v2_2018_482_48h,,25,PCC,C,2.628190629804694,0.0,0.0,0.3179371654987335,1.152174949645996,53.24800137329102,0.3408880829811096
observed_test,v2_2018_482_48h,,26,PCC,A,2.491377333642939,0.0,0.0,0.2232462614774704,1.1519500017166138,53.24800137329102,0.3375415503978729
observed_test,v2_2018_482_48h,,26,PCC,B,2.491377333642939,0.0,0.0,0.2232462614774704,1.1519500017166138,53.24800137329102,0.3375415503978729
observed_test,v2_2018_482_48h,,26,PCC,C,2.491377333642939,0.0,0.0,0.2232462614774704,1.1519500017166138,53.24800137329102,0.3375415503978729
observed_test,v2_2018_482_48h,,27,PCC,A,2.546573041893056,0.0,0.0,0.2633455991744995,1.1506749391555786,53.24800137329102,0.3414383828639984
observed_test,v2_2018_482_48h,,27,PCC,B,2.546573041893056,0.0,0.0,0.2633455991744995,1.1506749391555786,53.24800137329102,0.3414383828639984
observed_test,v2_2018_482_48h,,27,PCC,C,2.546573041893056,0.0,0.0,0.2633455991744995,1.1506749391555786,53.24800137329102,0.3414383828639984
observed_test,v2_2018_482_48h,,28,PCC,A,2.6066056994782514,0.0,0.0,0.3060445785522461,1.149999976158142,53.24800137329102,0.3527320623397827
observed_test,v2_2018_482_48h,,28,PCC,B,2.6066056994782514,0.0,0.0,0.3060445785522461,1.149999976158142,53.24800137329102,0.3527320623397827
observed_test,v2_2018_482_48h,,28,PCC,C,2.6066056994782514,0.0,0.0,0.3060445785522461,1.149999976158142,53.24800137329102,0.3527320623397827
observed_test,v2_2018_482_48h,,29,PCC,A,2.5772829707591067,0.0,0.0,0.2850128710269928,1.1504499912261963,53.24800137329102,0.3338092565536499
observed_test,v2_2018_482_48h,,29,PCC,B,2.5772829707591067,0.0,0.0,0.2850128710269928,1.1504499912261963,53.24800137329102,0.3338092565536499
observed_test,v2_2018_482_48h,,29,PCC,C,2.5772829707591067,0.0,0.0,0.2850128710269928,1.1504499912261963,53.24800137329102,0.3338092565536499
observed_test,v2_2018_482_48h,,30,PCC,A,2.779534476493822,0.0,0.046854165311043076,0.4131304621696472,1.1586999893188477,53.24800137329102,0.30465564131736755
observed_test,v2_2018_482_48h,,30,PCC,B,2.779534476493822,0.0,0.046854165311043076,0.4131304621696472,1.1586999893188477,53.24800137329102,0.30465564131736755
observed_test,v2_2018_482_48h,,30,PCC,C,2.779534476493822,0.0,0.046854165311043076,0.4131304621696472,1.1586999893188477,53.24800137329102,0.30465564131736755
observed_test,v2_2018_482_48h,,31,PCC,A,3.0689910812144556,0.0,0.2927708224608348,0.5887197852134705,1.1733249425888062,53.24800137329102,0.28409716486930847
observed_test,v2_2018_482_48h,,31,PCC,B,3.0689910812144556,0.0,0.2927708224608348,0.5887197852134705,1.1733249425888062,53.24800137329102,0.28409716486930847
observed_test,v2_2018_482_48h,,31,PCC,C,3.0689910812144556,0.0,0.2927708224608348,0.5887197852134705,1.1733249425888062,53.24800137329102,0.28409716486930847
observed_test,v2_2018_482_48h,,32,PCC,A,2.85183216970991,0.0,0.6052708396544823,0.41616514325141907,1.1897499561309814,53.24800137329102,0.27186769247055054
observed_test,v2_2018_482_48h,,32,PCC,B,2.85183216970991,0.0,0.6052708396544823,0.41616514325141907,1.1897499561309814,53.24800137329102,0.27186769247055054
observed_test,v2_2018_482_48h,,32,PCC,C,2.85183216970991,0.0,0.6052708396544823,0.41616514325141907,1.1897499561309814,53.24800137329102,0.27186769247055054
observed_test,v2_2018_482_48h,,33,PCC,A,3.0244819169628934,0.0,0.8580833100355587,0.5137431621551514,1.2016749382019043,53.24800137329102,0.2652413845062256
observed_test,v2_2018_482_48h,,33,PCC,B,3.0244819169628934,0.0,0.8580833100355587,0.5137431621551514,1.2016749382019043,53.24800137329102,0.2652413845062256
observed_test,v2_2018_482_48h,,33,PCC,C,3.0244819169628934,0.0,0.8580833100355587,0.5137431621551514,1.2016749382019043,53.24800137329102,0.2652413845062256
observed_test,v2_2018_482_48h,,34,PCC,A,2.8198434007090163,0.0,1.036295867883242,0.3643687963485718,1.210974931716919,53.24800137329102,0.27402129769325256
observed_test,v2_2018_482_48h,,34,PCC,B,2.8198434007090163,0.0,1.036295867883242,0.3643687963485718,1.210974931716919,53.24800137329102,0.27402129769325256
observed_test,v2_2018_482_48h,,34,PCC,C,2.8198434007090163,0.0,1.036295867883242,0.3643687963485718,1.210974931716919,53.24800137329102,0.27402129769325256
observed_test,v2_2018_482_48h,,35,PCC,A,2.830709819474123,0.0,1.1309541188753567,0.36136627197265625,1.218250036239624,53.24800137329102,0.291171669960022
observed_test,v2_2018_482_48h,,35,PCC,B,2.830709819474123,0.0,1.1309541188753567,0.36136627197265625,1.218250036239624,53.24800137329102,0.291171669960022
observed_test,v2_2018_482_48h,,35,PCC,C,2.830709819474123,0.0,1.1309541188753567,0.36136627197265625,1.218250036239624,53.24800137329102,0.291171669960022
observed_test,v2_2018_482_48h,,36,PCC,A,3.1120873033065073,0.0,1.1581166432454035,0.5383059978485107,1.223349928855896,53.24800137329102,0.3156188428401947
observed_test,v2_2018_482_48h,,36,PCC,B,3.1120873033065073,0.0,1.1581166432454035,0.5383059978485107,1.223349928855896,53.24800137329102,0.3156188428401947
observed_test,v2_2018_482_48h,,36,PCC,C,3.1120873033065073,0.0,1.1581166432454035,0.5383059978485107,1.223349928855896,53.24800137329102,0.3156188428401947
observed_test,v2_2018_482_48h,,37,PCC,A,3.2178251908916162,0.0,1.1164207871143634,0.6031783223152161,1.2260500192642212,53.24800137329102,0.32237645983695984
observed_test,v2_2018_482_48h,,37,PCC,B,3.2178251908916162,0.0,1.1164207871143634,0.6031783223152161,1.2260500192642212,53.24800137329102,0.32237645983695984
observed_test,v2_2018_482_48h,,37,PCC,C,3.2178251908916162,0.0,1.1164207871143634,0.6031783223152161,1.2260500192642212,53.24800137329102,0.32237645983695984
observed_test,v2_2018_482_48h,,38,PCC,A,3.314893947899764,0.0,0.9880541608883783,0.6654155254364014,1.2267249822616577,53.24800137329102,0.3223702907562256
observed_test,v2_2018_482_48h,,38,PCC,B,3.314893947899764,0.0,0.9880541608883783,0.6654155254364014,1.2267249822616577,53.24800137329102,0.3223702907562256
observed_test,v2_2018_482_48h,,38,PCC,C,3.314893947899764,0.0,0.9880541608883783,0.6654155254364014,1.2267249822616577,53.24800137329102,0.3223702907562256
observed_test,v2_2018_482_48h,,39,PCC,A,3.089976362606057,0.0,0.7958166874372042,0.5210045576095581,1.2252249717712402,53.24800137329102,0.34285256266593933
observed_test,v2_2018_482_48h,,39,PCC,B,3.089976362606057,0.0,0.7958166874372042,0.5210045576095581,1.2252249717712402,53.24800137329102,0.34285256266593933
observed_test,v2_2018_482_48h,,39,PCC,C,3.089976362606057,0.0,0.7958166874372042,0.5210045576095581,1.2252249717712402,53.24800137329102,0.34285256266593933
observed_test,v2_2018_482_48h,,40,PCC,A,3.1453984523140797,0.0,0.48868747857900763,0.5631123185157776,1.2214000225067139,53.24800137329102,0.34777942299842834
observed_test,v2_2018_482_48h,,40,PCC,B,3.1453984523140797,0.0,0.48868747857900763,0.5631123185157776,1.2214000225067139,53.24800137329102,0.34777942299842834
observed_test,v2_2018_482_48h,,40,PCC,C,3.1453984523140797,0.0,0.48868747857900763,0.5631123185157776,1.2214000225067139,53.24800137329102,0.34777942299842834
observed_test,v2_2018_482_48h,,41,PCC,A,3.055810387013968,0.0,0.26478750201372,0.5185338854789734,1.2121000289916992,53.24800137329102,0.3465540111064911
observed_test,v2_2018_482_48h,,41,PCC,B,3.055810387013968,0.0,0.26478750201372,0.5185338854789734,1.2121000289916992,53.24800137329102,0.3465540111064911
observed_test,v2_2018_482_48h,,41,PCC,C,3.055810387013968,0.0,0.26478750201372,0.5185338854789734,1.2121000289916992,53.24800137329102,0.3465540111064911
observed_test,v2_2018_482_48h,,42,PCC,A,3.0032692907748966,0.0,0.04223333313488043,0.501911997795105,1.2001749277114868,53.24800137329102,0.3442908227443695
observed_test,v2_2018_482_48h,,42,PCC,B,3.0032692907748966,0.0,0.04223333313488043,0.501911997795105,1.2001749277114868,53.24800137329102,0.3442908227443695
observed_test,v2_2018_482_48h,,42,PCC,C,3.0032692907748966,0.0,0.04223333313488043,0.501911997795105,1.2001749277114868,53.24800137329102,0.3442908227443695
observed_test,v2_2018_482_48h,,43,PCC,A,3.0753937345500426,0.0,0.0,0.5692486763000488,1.1880249977111816,53.24800137329102,0.34267792105674744
observed_test,v2_2018_482_48h,,43,PCC,B,3.0753937345500426,0.0,0.0,0.5692486763000488,1.1880249977111816,53.24800137329102,0.34267792105674744
observed_test,v2_2018_482_48h,,43,PCC,C,3.0753937345500426,0.0,0.0,0.5692486763000488,1.1880249977111816,53.24800137329102,0.34267792105674744
observed_test,v2_2018_482_48h,,44,PCC,A,2.899526626154614,0.0,0.0,0.458400696516037,1.1829999685287476,53.24800137329102,0.3412202000617981
observed_test,v2_2018_482_48h,,44,PCC,B,2.899526626154614,0.0,0.0,0.458400696516037,1.1829999685287476,53.24800137329102,0.3412202000617981
observed_test,v2_2018_482_48h,,44,PCC,C,2.899526626154614,0.0,0.0,0.458400696516037,1.1829999685287476,53.24800137329102,0.3412202000617981
observed_test,v2_2018_482_48h,,45,PCC,A,2.8026880586332132,0.0,0.0,0.39928483963012695,1.1786500215530396,53.24800137329102,0.33866459131240845
observed_test,v2_2018_482_48h,,45,PCC,B,2.8026880586332132,0.0,0.0,0.39928483963012695,1.1786500215530396,53.24800137329102,0.33866459131240845
observed_test,v2_2018_482_48h,,45,PCC,C,2.8026880586332132,0.0,0.0,0.39928483963012695,1.1786500215530396,53.24800137329102,0.33866459131240845
observed_test,v2_2018_482_48h,,46,PCC,A,2.7435939443964728,0.0,0.0,0.3637107312679291,1.1754999160766602,53.24800137329102,0.3380708396434784
observed_test,v2_2018_482_48h,,46,PCC,B,2.7435939443964728,0.0,0.0,0.3637107312679291,1.1754999160766602,53.24800137329102,0.3380708396434784
observed_test,v2_2018_482_48h,,46,PCC,C,2.7435939443964728,0.0,0.0,0.3637107312679291,1.1754999160766602,53.24800137329102,0.3380708396434784
observed_test,v2_2018_482_48h,,47,PCC,A,2.714877881610524,0.0,0.0,0.34759950637817383,1.1730999946594238,53.24800137329102,0.33799898624420166
observed_test,v2_2018_482_48h,,47,PCC,B,2.714877881610524,0.0,0.0,0.34759950637817383,1.1730999946594238,53.24800137329102,0.33799898624420166
observed_test,v2_2018_482_48h,,47,PCC,C,2.714877881610524,0.0,0.0,0.34759950637817383,1.1730999946594238,53.24800137329102,0.33799898624420166
observed_test,v2_2018_509_48h,,0,PCC,A,2.589738233557025,0.0,0.0,0.29431068897247314,1.149999976158142,53.24800137329102,0.3283029794692993
observed_test,v2_2018_509_48h,,0,PCC,B,2.589738233557025,0.0,0.0,0.29431068897247314,1.149999976158142,53.24800137329102,0.3283029794692993
observed_test,v2_2018_509_48h,,0,PCC,C,2.589738233557025,0.0,0.0,0.29431068897247314,1.149999976158142,53.24800137329102,0.3283029794692993
observed_test,v2_2018_509_48h,,1,PCC,A,2.6237012928594003,0.0,0.0,0.3179371654987335,1.149999976158142,34.72425106811524,0.32183223962783813
observed_test,v2_2018_509_48h,,1,PCC,B,2.6237012928594003,0.0,0.0,0.3179371654987335,1.149999976158142,34.72425106811524,0.32183223962783813
observed_test,v2_2018_509_48h,,1,PCC,C,2.6237012928594003,0.0,0.0,0.3179371654987335,1.149999976158142,34.72425106811524,0.32183223962783813
observed_test,v2_2018_509_48h,,2,PCC,A,2.4875831211508435,0.0,0.0,0.2232462614774704,1.149999976158142,34.72425106811524,0.30385276675224304
observed_test,v2_2018_509_48h,,2,PCC,B,2.4875831211508435,0.0,0.0,0.2232462614774704,1.149999976158142,34.72425106811524,0.30385276675224304
observed_test,v2_2018_509_48h,,2,PCC,C,2.4875831211508435,0.0,0.0,0.2232462614774704,1.149999976158142,34.72425106811524,0.30385276675224304
observed_test,v2_2018_509_48h,,3,PCC,A,2.5452259178952694,0.0,0.0,0.2633455991744995,1.149999976158142,53.24800137329102,0.27850639820098877
observed_test,v2_2018_509_48h,,3,PCC,B,2.5452259178952694,0.0,0.0,0.2633455991744995,1.149999976158142,53.24800137329102,0.27850639820098877
observed_test,v2_2018_509_48h,,3,PCC,C,2.5452259178952694,0.0,0.0,0.2633455991744995,1.149999976158142,53.24800137329102,0.27850639820098877
observed_test,v2_2018_509_48h,,4,PCC,A,2.6066056994782514,0.0,0.0,0.3060445785522461,1.149999976158142,53.24800137329102,0.2660975158214569
observed_test,v2_2018_509_48h,,4,PCC,B,2.6066056994782514,0.0,0.0,0.3060445785522461,1.149999976158142,53.24800137329102,0.2660975158214569
observed_test,v2_2018_509_48h,,4,PCC,C,2.6066056994782514,0.0,0.0,0.3060445785522461,1.149999976158142,53.24800137329102,0.2660975158214569
observed_test,v2_2018_509_48h,,5,PCC,A,2.5763726205374935,0.0,0.0,0.2850128710269928,1.149999976158142,53.24800137329102,0.2621997594833374
observed_test,v2_2018_509_48h,,5,PCC,B,2.5763726205374935,0.0,0.0,0.2850128710269928,1.149999976158142,53.24800137329102,0.2621997594833374
observed_test,v2_2018_509_48h,,5,PCC,C,2.5763726205374935,0.0,0.0,0.2850128710269928,1.149999976158142,53.24800137329102,0.2621997594833374
observed_test,v2_2018_509_48h,,6,PCC,A,2.7605416539868575,0.0,0.0,0.4131304621696472,1.149999976158142,121.88174847412108,0.25578537583351135
observed_test,v2_2018_509_48h,,6,PCC,B,2.7605416539868575,0.0,0.0,0.4131304621696472,1.149999976158142,121.88174847412108,0.25578537583351135
observed_test,v2_2018_509_48h,,6,PCC,C,2.7605416539868575,0.0,0.0,0.4131304621696472,1.149999976158142,121.88174847412108,0.25578537583351135
observed_test,v2_2018_509_48h,,7,PCC,A,3.0129513006293838,0.0,0.2612916609415641,0.5887197852134705,1.149999976158142,121.88174847412108,0.2414793074131012
observed_test,v2_2018_509_48h,,7,PCC,B,3.0129513006293838,0.0,0.2612916609415641,0.5887197852134705,1.149999976158142,121.88174847412108,0.2414793074131012
observed_test,v2_2018_509_48h,,7,PCC,C,3.0129513006293838,0.0,0.2612916609415641,0.5887197852134705,1.149999976158142,121.88174847412108,0.2414793074131012
observed_test,v2_2018_509_48h,,8,PCC,A,2.7649040079514635,0.0,0.6569750033892118,0.41616514325141907,1.149999976158142,121.88174847412108,0.23656603693962097
observed_test,v2_2018_509_48h,,8,PCC,B,2.7649040079514635,0.0,0.6569750033892118,0.41616514325141907,1.149999976158142,121.88174847412108,0.23656603693962097
observed_test,v2_2018_509_48h,,8,PCC,C,2.7649040079514635,0.0,0.6569750033892118,0.41616514325141907,1.149999976158142,121.88174847412108,0.23656603693962097
observed_test,v2_2018_509_48h,,9,PCC,A,2.9051724072175276,0.0,0.9361499777207007,0.5137431621551514,1.149999976158142,121.88174847412108,0.23691198229789734
observed_test,v2_2018_509_48h,,9,PCC,B,2.9051724072175276,0.0,0.9361499777207007,0.5137431621551514,1.149999976158142,121.88174847412108,0.23691198229789734
observed_test,v2_2018_509_48h,,9,PCC,C,2.9051724072175276,0.0,0.9361499777207007,0.5137431621551514,1.149999976158142,121.88174847412108,0.23691198229789734
observed_test,v2_2018_509_48h,,10,PCC,A,2.6904467608222724,0.0,1.1640708033855145,0.3643687963485718,1.149999976158142,53.24800137329102,0.24951933324337006
observed_test,v2_2018_509_48h,,10,PCC,B,2.6904467608222724,0.0,1.1640708033855145,0.3643687963485718,1.149999976158142,53.24800137329102,0.24951933324337006
observed_test,v2_2018_509_48h,,10,PCC,C,2.6904467608222724,0.0,1.1640708033855145,0.3643687963485718,1.149999976158142,53.24800137329102,0.24951933324337006
observed_test,v2_2018_509_48h,,11,PCC,A,2.686130632121376,0.0,1.2692041121996365,0.36136627197265625,1.149999976158142,53.24800137329102,0.2664293944835663
observed_test,v2_2018_509_48h,,11,PCC,B,2.686130632121376,0.0,1.2692041121996365,0.36136627197265625,1.149999976158142,53.24800137329102,0.2664293944835663
observed_test,v2_2018_509_48h,,11,PCC,C,2.686130632121376,0.0,1.2692041121996365,0.36136627197265625,1.149999976158142,53.24800137329102,0.2664293944835663
observed_test,v2_2018_509_48h,,12,PCC,A,2.940481482794702,0.0,1.2726875451894906,0.5383059978485107,1.149999976158142,34.72425106811524,0.2777911424636841
observed_test,v2_2018_509_48h,,12,PCC,B,2.940481482794702,0.0,1.2726875451894906,0.5383059978485107,1.149999976158142,34.72425106811524,0.2777911424636841
observed_test,v2_2018_509_48h,,12,PCC,C,2.940481482794702,0.0,1.2726875451894906,0.5383059978485107,1.149999976158142,34.72425106811524,0.2777911424636841
observed_test,v2_2018_509_48h,,13,PCC,A,3.033735447282245,0.0,1.1883167120126576,0.6031783223152161,1.149999976158142,34.72425106811524,0.27098700404167175
observed_test,v2_2018_509_48h,,13,PCC,B,3.033735447282245,0.0,1.1883167120126576,0.6031783223152161,1.149999976158142,34.72425106811524,0.27098700404167175
observed_test,v2_2018_509_48h,,13,PCC,C,3.033735447282245,0.0,1.1883167120126576,0.6031783223152161,1.149999976158142,34.72425106811524,0.27098700404167175
observed_test,v2_2018_509_48h,,14,PCC,A,3.1232014249141358,0.0,1.02835836318823,0.6654155254364014,1.149999976158142,34.72425106811524,0.25144168734550476
observed_test,v2_2018_509_48h,,14,PCC,B,3.1232014249141358,0.0,1.02835836318823,0.6654155254364014,1.149999976158142,34.72425106811524,0.25144168734550476
observed_test,v2_2018_509_48h,,14,PCC,C,3.1232014249141358,0.0,1.02835836318823,0.6654155254364014,1.149999976158142,34.72425106811524,0.25144168734550476
observed_test,v2_2018_509_48h,,15,PCC,A,2.915610662966831,0.0,0.7799250002090746,0.5210045576095581,1.149999976158142,34.72425106811524,0.2531518042087555
observed_test,v2_2018_509_48h,,15,PCC,B,2.915610662966831,0.0,0.7799250002090746,0.5210045576095581,1.149999976158142,34.72425106811524,0.2531518042087555
observed_test,v2_2018_509_48h,,15,PCC,C,2.915610662966831,0.0,0.7799250002090746,0.5210045576095581,1.149999976158142,34.72425106811524,0.2531518042087555
observed_test,v2_2018_509_48h,,16,PCC,A,2.9761405680146122,0.0,0.4337458369823602,0.5631123185157776,1.149999976158142,53.24800137329102,0.2589070200920105
observed_test,v2_2018_509_48h,,16,PCC,B,2.9761405680146122,0.0,0.4337458369823602,0.5631123185157776,1.149999976158142,53.24800137329102,0.2589070200920105
observed_test,v2_2018_509_48h,,16,PCC,C,2.9761405680146122,0.0,0.4337458369823602,0.5631123185157776,1.149999976158142,53.24800137329102,0.2589070200920105
observed_test,v2_2018_509_48h,,17,PCC,A,2.912059071852747,0.0,0.06636666993682201,0.5185338854789734,1.149999976158142,53.24800137329102,0.2724916338920593
observed_test,v2_2018_509_48h,,17,PCC,B,2.912059071852747,0.0,0.06636666993682201,0.5185338854789734,1.149999976158142,53.24800137329102,0.2724916338920593
observed_test,v2_2018_509_48h,,17,PCC,C,2.912059071852747,0.0,0.06636666993682201,0.5185338854789734,1.149999976158142,53.24800137329102,0.2724916338920593
observed_test,v2_2018_509_48h,,18,PCC,A,2.888165108802557,0.0,0.0,0.501911997795105,1.149999976158142,53.24800137329102,0.2840218245983124
observed_test,v2_2018_509_48h,,18,PCC,B,2.888165108802557,0.0,0.0,0.501911997795105,1.149999976158142,53.24800137329102,0.2840218245983124
observed_test,v2_2018_509_48h,,18,PCC,C,2.888165108802557,0.0,0.0,0.501911997795105,1.149999976158142,53.24800137329102,0.2840218245983124
observed_test,v2_2018_509_48h,,19,PCC,A,2.9849615821466244,0.0,0.0,0.5692486763000488,1.149999976158142,53.24800137329102,0.28442564606666565
observed_test,v2_2018_509_48h,,19,PCC,B,2.9849615821466244,0.0,0.0,0.5692486763000488,1.149999976158142,53.24800137329102,0.28442564606666565
observed_test,v2_2018_509_48h,,19,PCC,C,2.9849615821466244,0.0,0.0,0.5692486763000488,1.149999976158142,53.24800137329102,0.28442564606666565
observed_test,v2_2018_509_48h,,20,PCC,A,2.825617614510635,0.0,0.0,0.458400696516037,1.149999976158142,53.24800137329102,0.2950979769229889
observed_test,v2_2018_509_48h,,20,PCC,B,2.825617614510635,0.0,0.0,0.458400696516037,1.149999976158142,53.24800137329102,0.2950979769229889
observed_test,v2_2018_509_48h,,20,PCC,C,2.825617614510635,0.0,0.0,0.458400696516037,1.149999976158142,53.24800137329102,0.2950979769229889
observed_test,v2_2018_509_48h,,21,PCC,A,2.740638571998929,0.0,0.0,0.39928483963012695,1.149999976158142,53.24800137329102,0.29421675205230713
observed_test,v2_2018_509_48h,,21,PCC,B,2.740638571998929,0.0,0.0,0.39928483963012695,1.149999976158142,53.24800137329102,0.29421675205230713
observed_test,v2_2018_509_48h,,21,PCC,C,2.740638571998929,0.0,0.0,0.39928483963012695,1.149999976158142,53.24800137329102,0.29421675205230713
observed_test,v2_2018_509_48h,,22,PCC,A,2.689500792288461,0.0,0.0,0.3637107312679291,1.149999976158142,53.24800137329102,0.297757089138031
observed_test,v2_2018_509_48h,,22,PCC,B,2.689500792288461,0.0,0.0,0.3637107312679291,1.149999976158142,53.24800137329102,0.297757089138031
observed_test,v2_2018_509_48h,,22,PCC,C,2.689500792288461,0.0,0.0,0.3637107312679291,1.149999976158142,53.24800137329102,0.297757089138031
observed_test,v2_2018_509_48h,,23,PCC,A,2.666340906989589,0.0,0.0,0.34759950637817383,1.149999976158142,53.24800137329102,0.3050990402698517
observed_test,v2_2018_509_48h,,23,PCC,B,2.666340906989589,0.0,0.0,0.34759950637817383,1.149999976158142,53.24800137329102,0.3050990402698517
observed_test,v2_2018_509_48h,,23,PCC,C,2.666340906989589,0.0,0.0,0.34759950637817383,1.149999976158142,53.24800137329102,0.3050990402698517
observed_test,v2_2018_509_48h,,24,PCC,A,2.589738233557025,0.0,0.0,0.29431068897247314,1.149999976158142,53.24800137329102,0.30887773633003235
observed_test,v2_2018_509_48h,,24,PCC,B,2.589738233557025,0.0,0.0,0.29431068897247314,1.149999976158142,53.24800137329102,0.30887773633003235
observed_test,v2_2018_509_48h,,24,PCC,C,2.589738233557025,0.0,0.0,0.29431068897247314,1.149999976158142,53.24800137329102,0.30887773633003235
observed_test,v2_2018_509_48h,,25,PCC,A,2.6237012928594003,0.0,0.0,0.3179371654987335,1.149999976158142,34.72425106811524,0.30848458409309387
observed_test,v2_2018_509_48h,,25,PCC,B,2.6237012928594003,0.0,0.0,0.3179371654987335,1.149999976158142,34.72425106811524,0.30848458409309387
observed_test,v2_2018_509_48h,,25,PCC,C,2.6237012928594003,0.0,0.0,0.3179371654987335,1.149999976158142,34.72425106811524,0.30848458409309387
observed_test,v2_2018_509_48h,,26,PCC,A,2.4875831211508435,0.0,0.0,0.2232462614774704,1.149999976158142,34.72425106811524,0.29789969325065613
observed_test,v2_2018_509_48h,,26,PCC,B,2.4875831211508435,0.0,0.0,0.2232462614774704,1.149999976158142,34.72425106811524,0.29789969325065613
observed_test,v2_2018_509_48h,,26,PCC,C,2.4875831211508435,0.0,0.0,0.2232462614774704,1.149999976158142,34.72425106811524,0.29789969325065613
observed_test,v2_2018_509_48h,,27,PCC,A,2.5452259178952694,0.0,0.0,0.2633455991744995,1.149999976158142,53.24800137329102,0.2821500599384308
observed_test,v2_2018_509_48h,,27,PCC,B,2.5452259178952694,0.0,0.0,0.2633455991744995,1.149999976158142,53.24800137329102,0.2821500599384308
observed_test,v2_2018_509_48h,,27,PCC,C,2.5452259178952694,0.0,0.0,0.2633455991744995,1.149999976158142,53.24800137329102,0.2821500599384308
observed_test,v2_2018_509_48h,,28,PCC,A,2.6066056994782514,0.0,0.0,0.3060445785522461,1.149999976158142,53.24800137329102,0.2802436947822571
observed_test,v2_2018_509_48h,,28,PCC,B,2.6066056994782514,0.0,0.0,0.3060445785522461,1.149999976158142,53.24800137329102,0.2802436947822571
observed_test,v2_2018_509_48h,,28,PCC,C,2.6066056994782514,0.0,0.0,0.3060445785522461,1.149999976158142,53.24800137329102,0.2802436947822571
observed_test,v2_2018_509_48h,,29,PCC,A,2.5763726205374935,0.0,0.0,0.2850128710269928,1.149999976158142,53.24800137329102,0.2548019289970398
observed_test,v2_2018_509_48h,,29,PCC,B,2.5763726205374935,0.0,0.0,0.2850128710269928,1.149999976158142,53.24800137329102,0.2548019289970398
observed_test,v2_2018_509_48h,,29,PCC,C,2.5763726205374935,0.0,0.0,0.2850128710269928,1.149999976158142,53.24800137329102,0.2548019289970398
observed_test,v2_2018_509_48h,,30,PCC,A,2.7605416539868575,0.0,0.0,0.4131304621696472,1.149999976158142,121.88174847412108,0.23749005794525146
observed_test,v2_2018_509_48h,,30,PCC,B,2.7605416539868575,0.0,0.0,0.4131304621696472,1.149999976158142,121.88174847412108,0.23749005794525146
observed_test,v2_2018_509_48h,,30,PCC,C,2.7605416539868575,0.0,0.0,0.4131304621696472,1.149999976158142,121.88174847412108,0.23749005794525146
observed_test,v2_2018_509_48h,,31,PCC,A,3.0129513006293838,0.0,0.26870000247771925,0.5887197852134705,1.149999976158142,121.88174847412108,0.21759577095508575
observed_test,v2_2018_509_48h,,31,PCC,B,3.0129513006293838,0.0,0.26870000247771925,0.5887197852134705,1.149999976158142,121.88174847412108,0.21759577095508575
observed_test,v2_2018_509_48h,,31,PCC,C,3.0129513006293838,0.0,0.26870000247771925,0.5887197852134705,1.149999976158142,121.88174847412108,0.21759577095508575
observed_test,v2_2018_509_48h,,32,PCC,A,2.7649040079514635,0.0,0.6493166662179506,0.41616514325141907,1.149999976158142,121.88174847412108,0.20714296400547028
observed_test,v2_2018_509_48h,,32,PCC,B,2.7649040079514635,0.0,0.6493166662179506,0.41616514325141907,1.149999976158142,121.88174847412108,0.20714296400547028
observed_test,v2_2018_509_48h,,32,PCC,C,2.7649040079514635,0.0,0.6493166662179506,0.41616514325141907,1.149999976158142,121.88174847412108,0.20714296400547028
observed_test,v2_2018_509_48h,,33,PCC,A,2.9051724072175276,0.0,0.9366583365660447,0.5137431621551514,1.149999976158142,121.88174847412108,0.21006016433238983
observed_test,v2_2018_509_48h,,33,PCC,B,2.9051724072175276,0.0,0.9366583365660447,0.5137431621551514,1.149999976158142,121.88174847412108,0.21006016433238983
observed_test,v2_2018_509_48h,,33,PCC,C,2.9051724072175276,0.0,0.9366583365660447,0.5137431621551514,1.149999976158142,121.88174847412108,0.21006016433238983
observed_test,v2_2018_509_48h,,34,PCC,A,2.6904467608222724,0.0,1.1230916931078982,0.3643687963485718,1.149999976158142,53.24800137329102,0.23078852891921997
observed_test,v2_2018_509_48h,,34,PCC,B,2.6904467608222724,0.0,1.1230916931078982,0.3643687963485718,1.149999976158142,53.24800137329102,0.23078852891921997
observed_test,v2_2018_509_48h,,34,PCC,C,2.6904467608222724,0.0,1.1230916931078982,0.3643687963485718,1.149999976158142,53.24800137329102,0.23078852891921997
observed_test,v2_2018_509_48h,,35,PCC,A,2.686130632121376,0.0,1.2181499829659093,0.36136627197265625,1.149999976158142,53.24800137329102,0.2465364784002304
observed_test,v2_2018_509_48h,,35,PCC,B,2.686130632121376,0.0,1.2181499829659093,0.36136627197265625,1.149999976158142,53.24800137329102,0.2465364784002304
observed_test,v2_2018_509_48h,,35,PCC,C,2.686130632121376,0.0,1.2181499829659093,0.36136627197265625,1.149999976158142,53.24800137329102,0.2465364784002304
observed_test,v2_2018_509_48h,,36,PCC,A,2.940481482794702,0.0,1.2306333734438968,0.5383059978485107,1.149999976158142,34.72425106811524,0.2510838210582733
observed_test,v2_2018_509_48h,,36,PCC,B,2.940481482794702,0.0,1.2306333734438968,0.5383059978485107,1.149999976158142,34.72425106811524,0.2510838210582733
observed_test,v2_2018_509_48h,,36,PCC,C,2.940481482794702,0.0,1.2306333734438968,0.5383059978485107,1.149999976158142,34.72425106811524,0.2510838210582733
observed_test,v2_2018_509_48h,,37,PCC,A,3.033735447282245,0.0,1.1592333133404071,0.6031783223152161,1.149999976158142,34.72425106811524,0.2372344434261322
observed_test,v2_2018_509_48h,,37,PCC,B,3.033735447282245,0.0,1.1592333133404071,0.6031783223152161,1.149999976158142,34.72425106811524,0.2372344434261322
observed_test,v2_2018_509_48h,,37,PCC,C,3.033735447282245,0.0,1.1592333133404071,0.6031783223152161,1.149999976158142,34.72425106811524,0.2372344434261322
observed_test,v2_2018_509_48h,,38,PCC,A,3.123763442935555,0.0,1.0012208269192622,0.6654155254364014,1.1502249240875244,34.72425106811524,0.22046156227588654
observed_test,v2_2018_509_48h,,38,PCC,B,3.123763442935555,0.0,1.0012208269192622,0.6654155254364014,1.1502249240875244,34.72425106811524,0.22046156227588654
observed_test,v2_2018_509_48h,,38,PCC,C,3.123763442935555,0.0,1.0012208269192622,0.6654155254364014,1.1502249240875244,34.72425106811524,0.22046156227588654
observed_test,v2_2018_509_48h,,39,PCC,A,2.915610662966831,0.0,0.7547541879690609,0.5210045576095581,1.149999976158142,34.72425106811524,0.21257410943508148
observed_test,v2_2018_509_48h,,39,PCC,B,2.915610662966831,0.0,0.7547541879690609,0.5210045576095581,1.149999976158142,34.72425106811524,0.21257410943508148
observed_test,v2_2018_509_48h,,39,PCC,C,2.915610662966831,0.0,0.7547541879690609,0.5210045576095581,1.149999976158142,34.72425106811524,0.21257410943508148
observed_test,v2_2018_509_48h,,40,PCC,A,2.9761405680146122,0.0,0.40694165688294626,0.5631123185157776,1.149999976158142,53.24800137329102,0.21133701503276825
observed_test,v2_2018_509_48h,,40,PCC,B,2.9761405680146122,0.0,0.40694165688294626,0.5631123185157776,1.149999976158142,53.24800137329102,0.21133701503276825
observed_test,v2_2018_509_48h,,40,PCC,C,2.9761405680146122,0.0,0.40694165688294626,0.5631123185157776,1.149999976158142,53.24800137329102,0.21133701503276825
observed_test,v2_2018_509_48h,,41,PCC,A,2.912059071852747,0.0,0.05749583315963928,0.5185338854789734,1.149999976158142,53.24800137329102,0.21489055454730988
observed_test,v2_2018_509_48h,,41,PCC,B,2.912059071852747,0.0,0.05749583315963928,0.5185338854789734,1.149999976158142,53.24800137329102,0.21489055454730988
observed_test,v2_2018_509_48h,,41,PCC,C,2.912059071852747,0.0,0.05749583315963928,0.5185338854789734,1.149999976158142,53.24800137329102,0.21489055454730988
observed_test,v2_2018_509_48h,,42,PCC,A,2.888165108802557,0.0,0.0,0.501911997795105,1.149999976158142,53.24800137329102,0.21920259296894073
observed_test,v2_2018_509_48h,,42,PCC,B,2.888165108802557,0.0,0.0,0.501911997795105,1.149999976158142,53.24800137329102,0.21920259296894073
observed_test,v2_2018_509_48h,,42,PCC,C,2.888165108802557,0.0,0.0,0.501911997795105,1.149999976158142,53.24800137329102,0.21920259296894073
observed_test,v2_2018_509_48h,,43,PCC,A,2.9849615821466244,0.0,0.0,0.5692486763000488,1.149999976158142,53.24800137329102,0.23164419829845428
observed_test,v2_2018_509_48h,,43,PCC,B,2.9849615821466244,0.0,0.0,0.5692486763000488,1.149999976158142,53.24800137329102,0.23164419829845428
observed_test,v2_2018_509_48h,,43,PCC,C,2.9849615821466244,0.0,0.0,0.5692486763000488,1.149999976158142,53.24800137329102,0.23164419829845428
observed_test,v2_2018_509_48h,,44,PCC,A,2.825617614510635,0.0,0.0,0.458400696516037,1.149999976158142,53.24800137329102,0.24770797789096832
observed_test,v2_2018_509_48h,,44,PCC,B,2.825617614510635,0.0,0.0,0.458400696516037,1.149999976158142,53.24800137329102,0.24770797789096832
observed_test,v2_2018_509_48h,,44,PCC,C,2.825617614510635,0.0,0.0,0.458400696516037,1.149999976158142,53.24800137329102,0.24770797789096832
observed_test,v2_2018_509_48h,,45,PCC,A,2.740638571998929,0.0,0.0,0.39928483963012695,1.149999976158142,53.24800137329102,0.2684735953807831
observed_test,v2_2018_509_48h,,45,PCC,B,2.740638571998929,0.0,0.0,0.39928483963012695,1.149999976158142,53.24800137329102,0.2684735953807831
observed_test,v2_2018_509_48h,,45,PCC,C,2.740638571998929,0.0,0.0,0.39928483963012695,1.149999976158142,53.24800137329102,0.2684735953807831
observed_test,v2_2018_509_48h,,46,PCC,A,2.689500792288461,0.0,0.0,0.3637107312679291,1.149999976158142,53.24800137329102,0.2757553458213806
observed_test,v2_2018_509_48h,,46,PCC,B,2.689500792288461,0.0,0.0,0.3637107312679291,1.149999976158142,53.24800137329102,0.2757553458213806
observed_test,v2_2018_509_48h,,46,PCC,C,2.689500792288461,0.0,0.0,0.3637107312679291,1.149999976158142,53.24800137329102,0.2757553458213806
observed_test,v2_2018_509_48h,,47,PCC,A,2.666340906989589,0.0,0.0,0.34759950637817383,1.149999976158142,53.24800137329102,0.2743472754955292
observed_test,v2_2018_509_48h,,47,PCC,B,2.666340906989589,0.0,0.0,0.34759950637817383,1.149999976158142,53.24800137329102,0.2743472754955292
observed_test,v2_2018_509_48h,,47,PCC,C,2.666340906989589,0.0,0.0,0.34759950637817383,1.149999976158142,53.24800137329102,0.2743472754955292
observed_test,v2_2018_417_48h,,0,PCC,A,2.589738233557025,0.0,0.0,0.29431068897247314,1.149999976158142,53.24800137329102,0.3240935206413269
observed_test,v2_2018_417_48h,,0,PCC,B,2.589738233557025,0.0,0.0,0.29431068897247314,1.149999976158142,53.24800137329102,0.3240935206413269
observed_test,v2_2018_417_48h,,0,PCC,C,2.589738233557025,0.0,0.0,0.29431068897247314,1.149999976158142,53.24800137329102,0.3240935206413269
observed_test,v2_2018_417_48h,,1,PCC,A,2.6237012928594003,0.0,0.0,0.3179371654987335,1.149999976158142,34.72425106811524,0.3257555365562439
observed_test,v2_2018_417_48h,,1,PCC,B,2.6237012928594003,0.0,0.0,0.3179371654987335,1.149999976158142,34.72425106811524,0.3257555365562439
observed_test,v2_2018_417_48h,,1,PCC,C,2.6237012928594003,0.0,0.0,0.3179371654987335,1.149999976158142,34.72425106811524,0.3257555365562439
observed_test,v2_2018_417_48h,,2,PCC,A,2.4875831211508435,0.0,0.0,0.2232462614774704,1.149999976158142,34.72425106811524,0.331983745098114
observed_test,v2_2018_417_48h,,2,PCC,B,2.4875831211508435,0.0,0.0,0.2232462614774704,1.149999976158142,34.72425106811524,0.331983745098114
observed_test,v2_2018_417_48h,,2,PCC,C,2.4875831211508435,0.0,0.0,0.2232462614774704,1.149999976158142,34.72425106811524,0.331983745098114
observed_test,v2_2018_417_48h,,3,PCC,A,2.5452259178952694,0.0,0.0,0.2633455991744995,1.149999976158142,53.24800137329102,0.33688339591026306
observed_test,v2_2018_417_48h,,3,PCC,B,2.5452259178952694,0.0,0.0,0.2633455991744995,1.149999976158142,53.24800137329102,0.33688339591026306
observed_test,v2_2018_417_48h,,3,PCC,C,2.5452259178952694,0.0,0.0,0.2633455991744995,1.149999976158142,53.24800137329102,0.33688339591026306
observed_test,v2_2018_417_48h,,4,PCC,A,2.6066056994782514,0.0,0.0,0.3060445785522461,1.149999976158142,53.24800137329102,0.31151601672172546
observed_test,v2_2018_417_48h,,4,PCC,B,2.6066056994782514,0.0,0.0,0.3060445785522461,1.149999976158142,53.24800137329102,0.31151601672172546
observed_test,v2_2018_417_48h,,4,PCC,C,2.6066056994782514,0.0,0.0,0.3060445785522461,1.149999976158142,53.24800137329102,0.31151601672172546
observed_test,v2_2018_417_48h,,5,PCC,A,2.5763726205374935,0.0,0.0,0.2850128710269928,1.149999976158142,53.24800137329102,0.29745304584503174
observed_test,v2_2018_417_48h,,5,PCC,B,2.5763726205374935,0.0,0.0,0.2850128710269928,1.149999976158142,53.24800137329102,0.29745304584503174
observed_test,v2_2018_417_48h,,5,PCC,C,2.5763726205374935,0.0,0.0,0.2850128710269928,1.149999976158142,53.24800137329102,0.29745304584503174
observed_test,v2_2018_417_48h,,6,PCC,A,2.7605416539868575,0.0,0.02869583415583922,0.4131304621696472,1.149999976158142,121.88174847412108,0.28338560461997986
observed_test,v2_2018_417_48h,,6,PCC,B,2.7605416539868575,0.0,0.02869583415583922,0.4131304621696472,1.149999976158142,121.88174847412108,0.28338560461997986
observed_test,v2_2018_417_48h,,6,PCC,C,2.7605416539868575,0.0,0.02869583415583922,0.4131304621696472,1.149999976158142,121.88174847412108,0.28338560461997986
observed_test,v2_2018_417_48h,,7,PCC,A,3.0129513006293838,0.0,0.2581916749477386,0.5887197852134705,1.149999976158142,121.88174847412108,0.28136149048805237
observed_test,v2_2018_417_48h,,7,PCC,B,3.0129513006293838,0.0,0.2581916749477386,0.5887197852134705,1.149999976158142,121.88174847412108,0.28136149048805237
observed_test,v2_2018_417_48h,,7,PCC,C,3.0129513006293838,0.0,0.2581916749477386,0.5887197852134705,1.149999976158142,121.88174847412108,0.28136149048805237
observed_test,v2_2018_417_48h,,8,PCC,A,2.7649040079514635,0.0,0.705941651876156,0.41616514325141907,1.149999976158142,121.88174847412108,0.28054937720298767
observed_test,v2_2018_417_48h,,8,PCC,B,2.7649040079514635,0.0,0.705941651876156,0.41616514325141907,1.149999976158142,121.88174847412108,0.28054937720298767
observed_test,v2_2018_417_48h,,8,PCC,C,2.7649040079514635,0.0,0.705941651876156,0.41616514325141907,1.149999976158142,121.88174847412108,0.28054937720298767
observed_test,v2_2018_417_48h,,9,PCC,A,2.9051724072175276,0.0,0.9025958295051867,0.5137431621551514,1.149999976158142,121.88174847412108,0.2806977927684784
observed_test,v2_2018_417_48h,,9,PCC,B,2.9051724072175276,0.0,0.9025958295051867,0.5137431621551514,1.149999976158142,121.88174847412108,0.2806977927684784
observed_test,v2_2018_417_48h,,9,PCC,C,2.9051724072175276,0.0,0.9025958295051867,0.5137431621551514,1.149999976158142,121.88174847412108,0.2806977927684784
observed_test,v2_2018_417_48h,,10,PCC,A,2.6904467608222724,0.0,1.2545374723581166,0.3643687963485718,1.149999976158142,53.24800137329102,0.2847466468811035
observed_test,v2_2018_417_48h,,10,PCC,B,2.6904467608222724,0.0,1.2545374723581166,0.3643687963485718,1.149999976158142,53.24800137329102,0.2847466468811035
observed_test,v2_2018_417_48h,,10,PCC,C,2.6904467608222724,0.0,1.2545374723581166,0.3643687963485718,1.149999976158142,53.24800137329102,0.2847466468811035
observed_test,v2_2018_417_48h,,11,PCC,A,2.686130632121376,0.0,1.3785083706562336,0.36136627197265625,1.149999976158142,53.24800137329102,0.30140700936317444
observed_test,v2_2018_417_48h,,11,PCC,B,2.686130632121376,0.0,1.3785083706562336,0.36136627197265625,1.149999976158142,53.24800137329102,0.30140700936317444
observed_test,v2_2018_417_48h,,11,PCC,C,2.686130632121376,0.0,1.3785083706562336,0.36136627197265625,1.149999976158142,53.24800137329102,0.30140700936317444
observed_test,v2_2018_417_48h,,12,PCC,A,2.940481482794702,0.0,1.416700046796065,0.5383059978485107,1.149999976158142,34.72425106811524,0.30838295817375183
observed_test,v2_2018_417_48h,,12,PCC,B,2.940481482794702,0.0,1.416700046796065,0.5383059978485107,1.149999976158142,34.72425106811524,0.30838295817375183
observed_test,v2_2018_417_48h,,12,PCC,C,2.940481482794702,0.0,1.416700046796065,0.5383059978485107,1.149999976158142,34.72425106811524,0.30838295817375183
observed_test,v2_2018_417_48h,,13,PCC,A,3.033735447282245,0.0,1.3586416840553284,0.6031783223152161,1.149999976158142,34.72425106811524,0.28811511397361755
observed_test,v2_2018_417_48h,,13,PCC,B,3.033735447282245,0.0,1.3586416840553284,0.6031783223152161,1.149999976158142,34.72425106811524,0.28811511397361755
observed_test,v2_2018_417_48h,,13,PCC,C,3.033735447282245,0.0,1.3586416840553284,0.6031783223152161,1.149999976158142,34.72425106811524,0.28811511397361755
observed_test,v2_2018_417_48h,,14,PCC,A,3.1232014249141358,0.0,1.2130999794373145,0.6654155254364014,1.149999976158142,34.72425106811524,0.27196237444877625
observed_test,v2_2018_417_48h,,14,PCC,B,3.1232014249141358,0.0,1.2130999794373145,0.6654155254364014,1.149999976158142,34.72425106811524,0.27196237444877625
observed_test,v2_2018_417_48h,,14,PCC,C,3.1232014249141358,0.0,1.2130999794373145,0.6654155254364014,1.149999976158142,34.72425106811524,0.27196237444877625
observed_test,v2_2018_417_48h,,15,PCC,A,2.915610662966831,0.0,0.9863832822212806,0.5210045576095581,1.149999976158142,34.72425106811524,0.2654355466365814
observed_test,v2_2018_417_48h,,15,PCC,B,2.915610662966831,0.0,0.9863832822212806,0.5210045576095581,1.149999976158142,34.72425106811524,0.2654355466365814
observed_test,v2_2018_417_48h,,15,PCC,C,2.915610662966831,0.0,0.9863832822212806,0.5210045576095581,1.149999976158142,34.72425106811524,0.2654355466365814
observed_test,v2_2018_417_48h,,16,PCC,A,2.9761405680146122,0.0,0.6686708101859459,0.5631123185157776,1.149999976158142,53.24800137329102,0.2577410638332367
observed_test,v2_2018_417_48h,,16,PCC,B,2.9761405680146122,0.0,0.6686708101859459,0.5631123185157776,1.149999976158142,53.24800137329102,0.2577410638332367
observed_test,v2_2018_417_48h,,16,PCC,C,2.9761405680146122,0.0,0.6686708101859459,0.5631123185157776,1.149999976158142,53.24800137329102,0.2577410638332367
observed_test,v2_2018_417_48h,,17,PCC,A,2.912059071852747,0.0,0.3063916586912595,0.5185338854789734,1.149999976158142,53.24800137329102,0.25563478469848633
observed_test,v2_2018_417_48h,,17,PCC,B,2.912059071852747,0.0,0.3063916586912595,0.5185338854789734,1.149999976158142,53.24800137329102,0.25563478469848633
observed_test,v2_2018_417_48h,,17,PCC,C,2.912059071852747,0.0,0.3063916586912595,0.5185338854789734,1.149999976158142,53.24800137329102,0.25563478469848633
observed_test,v2_2018_417_48h,,18,PCC,A,2.888165108802557,0.0,0.043995832451261006,0.501911997795105,1.149999976158142,53.24800137329102,0.2592598795890808
observed_test,v2_2018_417_48h,,18,PCC,B,2.888165108802557,0.0,0.043995832451261006,0.501911997795105,1.149999976158142,53.24800137329102,0.2592598795890808
observed_test,v2_2018_417_48h,,18,PCC,C,2.888165108802557,0.0,0.043995832451261006,0.501911997795105,1.149999976158142,53.24800137329102,0.2592598795890808
observed_test,v2_2018_417_48h,,19,PCC,A,2.9849615821466244,0.0,0.0,0.5692486763000488,1.149999976158142,53.24800137329102,0.2766875922679901
observed_test,v2_2018_417_48h,,19,PCC,B,2.9849615821466244,0.0,0.0,0.5692486763000488,1.149999976158142,53.24800137329102,0.2766875922679901
observed_test,v2_2018_417_48h,,19,PCC,C,2.9849615821466244,0.0,0.0,0.5692486763000488,1.149999976158142,53.24800137329102,0.2766875922679901
observed_test,v2_2018_417_48h,,20,PCC,A,2.825617614510635,0.0,0.0,0.458400696516037,1.149999976158142,53.24800137329102,0.29759371280670166
observed_test,v2_2018_417_48h,,20,PCC,B,2.825617614510635,0.0,0.0,0.458400696516037,1.149999976158142,53.24800137329102,0.29759371280670166
observed_test,v2_2018_417_48h,,20,PCC,C,2.825617614510635,0.0,0.0,0.458400696516037,1.149999976158142,53.24800137329102,0.29759371280670166
observed_test,v2_2018_417_48h,,21,PCC,A,2.740638571998929,0.0,0.0,0.39928483963012695,1.149999976158142,53.24800137329102,0.29918307065963745
observed_test,v2_2018_417_48h,,21,PCC,B,2.740638571998929,0.0,0.0,0.39928483963012695,1.149999976158142,53.24800137329102,0.29918307065963745
observed_test,v2_2018_417_48h,,21,PCC,C,2.740638571998929,0.0,0.0,0.39928483963012695,1.149999976158142,53.24800137329102,0.29918307065963745
observed_test,v2_2018_417_48h,,22,PCC,A,2.689500792288461,0.0,0.0,0.3637107312679291,1.149999976158142,53.24800137329102,0.2935025990009308
observed_test,v2_2018_417_48h,,22,PCC,B,2.689500792288461,0.0,0.0,0.3637107312679291,1.149999976158142,53.24800137329102,0.2935025990009308
observed_test,v2_2018_417_48h,,22,PCC,C,2.689500792288461,0.0,0.0,0.3637107312679291,1.149999976158142,53.24800137329102,0.2935025990009308
observed_test,v2_2018_417_48h,,23,PCC,A,2.666340906989589,0.0,0.0,0.34759950637817383,1.149999976158142,53.24800137329102,0.28960120677948
observed_test,v2_2018_417_48h,,23,PCC,B,2.666340906989589,0.0,0.0,0.34759950637817383,1.149999976158142,53.24800137329102,0.28960120677948
observed_test,v2_2018_417_48h,,23,PCC,C,2.666340906989589,0.0,0.0,0.34759950637817383,1.149999976158142,53.24800137329102,0.28960120677948
observed_test,v2_2018_417_48h,,24,PCC,A,2.589738233557025,0.0,0.0,0.29431068897247314,1.149999976158142,53.24800137329102,0.2904060482978821
observed_test,v2_2018_417_48h,,24,PCC,B,2.589738233557025,0.0,0.0,0.29431068897247314,1.149999976158142,53.24800137329102,0.2904060482978821
observed_test,v2_2018_417_48h,,24,PCC,C,2.589738233557025,0.0,0.0,0.29431068897247314,1.149999976158142,53.24800137329102,0.2904060482978821
observed_test,v2_2018_417_48h,,25,PCC,A,2.6237012928594003,0.0,0.0,0.3179371654987335,1.149999976158142,34.72425106811524,0.296613872051239
observed_test,v2_2018_417_48h,,25,PCC,B,2.6237012928594003,0.0,0.0,0.3179371654987335,1.149999976158142,34.72425106811524,0.296613872051239
observed_test,v2_2018_417_48h,,25,PCC,C,2.6237012928594003,0.0,0.0,0.3179371654987335,1.149999976158142,34.72425106811524,0.296613872051239
observed_test,v2_2018_417_48h,,26,PCC,A,2.4875831211508435,0.0,0.0,0.2232462614774704,1.149999976158142,34.72425106811524,0.3104727864265442
observed_test,v2_2018_417_48h,,26,PCC,B,2.4875831211508435,0.0,0.0,0.2232462614774704,1.149999976158142,34.72425106811524,0.3104727864265442
observed_test,v2_2018_417_48h,,26,PCC,C,2.4875831211508435,0.0,0.0,0.2232462614774704,1.149999976158142,34.72425106811524,0.3104727864265442
observed_test,v2_2018_417_48h,,27,PCC,A,2.5452259178952694,0.0,0.0,0.2633455991744995,1.149999976158142,53.24800137329102,0.33049213886260986
observed_test,v2_2018_417_48h,,27,PCC,B,2.5452259178952694,0.0,0.0,0.2633455991744995,1.149999976158142,53.24800137329102,0.33049213886260986
observed_test,v2_2018_417_48h,,27,PCC,C,2.5452259178952694,0.0,0.0,0.2633455991744995,1.149999976158142,53.24800137329102,0.33049213886260986
observed_test,v2_2018_417_48h,,28,PCC,A,2.6066056994782514,0.0,0.0,0.3060445785522461,1.149999976158142,53.24800137329102,0.3265937566757202
observed_test,v2_2018_417_48h,,28,PCC,B,2.6066056994782514,0.0,0.0,0.3060445785522461,1.149999976158142,53.24800137329102,0.3265937566757202
observed_test,v2_2018_417_48h,,28,PCC,C,2.6066056994782514,0.0,0.0,0.3060445785522461,1.149999976158142,53.24800137329102,0.3265937566757202
observed_test,v2_2018_417_48h,,29,PCC,A,2.5763726205374935,0.0,0.0,0.2850128710269928,1.149999976158142,53.24800137329102,0.32408881187438965
observed_test,v2_2018_417_48h,,29,PCC,B,2.5763726205374935,0.0,0.0,0.2850128710269928,1.149999976158142,53.24800137329102,0.32408881187438965
observed_test,v2_2018_417_48h,,29,PCC,C,2.5763726205374935,0.0,0.0,0.2850128710269928,1.149999976158142,53.24800137329102,0.32408881187438965
observed_test,v2_2018_417_48h,,30,PCC,A,2.7605416539868575,0.0,0.05896250144220316,0.4131304621696472,1.149999976158142,121.88174847412108,0.30246126651763916
observed_test,v2_2018_417_48h,,30,PCC,B,2.7605416539868575,0.0,0.05896250144220316,0.4131304621696472,1.149999976158142,121.88174847412108,0.30246126651763916
observed_test,v2_2018_417_48h,,30,PCC,C,2.7605416539868575,0.0,0.05896250144220316,0.4131304621696472,1.149999976158142,121.88174847412108,0.30246126651763916
observed_test,v2_2018_417_48h,,31,PCC,A,3.0129513006293838,0.0,0.2768458368686529,0.5887197852134705,1.149999976158142,121.88174847412108,0.2702350914478302
observed_test,v2_2018_417_48h,,31,PCC,B,3.0129513006293838,0.0,0.2768458368686529,0.5887197852134705,1.149999976158142,121.88174847412108,0.2702350914478302
observed_test,v2_2018_417_48h,,31,PCC,C,3.0129513006293838,0.0,0.2768458368686529,0.5887197852134705,1.149999976158142,121.88174847412108,0.2702350914478302
observed_test,v2_2018_417_48h,,32,PCC,A,2.7649040079514635,0.0,0.5969249858306004,0.41616514325141907,1.149999976158142,121.88174847412108,0.26409101486206055
observed_test,v2_2018_417_48h,,32,PCC,B,2.7649040079514635,0.0,0.5969249858306004,0.41616514325141907,1.149999976158142,121.88174847412108,0.26409101486206055
observed_test,v2_2018_417_48h,,32,PCC,C,2.7649040079514635,0.0,0.5969249858306004,0.41616514325141907,1.149999976158142,121.88174847412108,0.26409101486206055
observed_test,v2_2018_417_48h,,33,PCC,A,2.907250437854574,0.0,0.9364458230825571,0.5137431621551514,1.1509000062942505,121.88174847412108,0.2646627426147461
observed_test,v2_2018_417_48h,,33,PCC,B,2.907250437854574,0.0,0.9364458230825571,0.5137431621551514,1.1509000062942505,121.88174847412108,0.2646627426147461
observed_test,v2_2018_417_48h,,33,PCC,C,2.907250437854574,0.0,0.9364458230825571,0.5137431621551514,1.1509000062942505,121.88174847412108,0.2646627426147461
observed_test,v2_2018_417_48h,,34,PCC,A,2.7260986030936514,0.0,1.1315124539228585,0.3643687963485718,1.1668000221252441,53.24800137329102,0.2743819057941437
observed_test,v2_2018_417_48h,,34,PCC,B,2.7260986030936514,0.0,1.1315124539228585,0.3643687963485718,1.1668000221252441,53.24800137329102,0.2743819057941437
observed_test,v2_2018_417_48h,,34,PCC,C,2.7260986030936514,0.0,1.1315124539228585,0.3643687963485718,1.1668000221252441,53.24800137329102,0.2743819057941437
observed_test,v2_2018_417_48h,,35,PCC,A,2.7484108236261213,0.0,1.239004158056699,0.36136627197265625,1.1793999671936035,53.24800137329102,0.2967167794704437
observed_test,v2_2018_417_48h,,35,PCC,B,2.7484108236261213,0.0,1.239004158056699,0.36136627197265625,1.1793999671936035,53.24800137329102,0.2967167794704437
observed_test,v2_2018_417_48h,,35,PCC,C,2.7484108236261213,0.0,1.239004158056699,0.36136627197265625,1.1793999671936035,53.24800137329102,0.2967167794704437
observed_test,v2_2018_417_48h,,36,PCC,A,3.028565483383133,0.0,1.2732041569856496,0.5383059978485107,1.1876499652862549,34.72425106811524,0.30099955201148987
observed_test,v2_2018_417_48h,,36,PCC,B,3.028565483383133,0.0,1.2732041569856496,0.5383059978485107,1.1876499652862549,34.72425106811524,0.30099955201148987
observed_test,v2_2018_417_48h,,36,PCC,C,3.028565483383133,0.0,1.2732041569856496,0.5383059978485107,1.1876499652862549,34.72425106811524,0.30099955201148987
observed_test,v2_2018_417_48h,,37,PCC,A,3.1352206485811895,0.0,1.2219874904705927,0.6031783223152161,1.1919249296188354,34.72425106811524,0.27176740765571594
observed_test,v2_2018_417_48h,,37,PCC,B,3.1352206485811895,0.0,1.2219874904705927,0.6031783223152161,1.1919249296188354,34.72425106811524,0.27176740765571594
observed_test,v2_2018_417_48h,,37,PCC,C,3.1352206485811895,0.0,1.2219874904705927,0.6031783223152161,1.1919249296188354,34.72425106811524,0.27176740765571594
observed_test,v2_2018_417_48h,,38,PCC,A,3.22888523555771,0.0,1.1135416535230782,0.6654155254364014,1.1922999620437622,34.72425106811524,0.250858336687088
observed_test,v2_2018_417_48h,,38,PCC,B,3.22888523555771,0.0,1.1135416535230782,0.6654155254364014,1.1922999620437622,34.72425106811524,0.250858336687088
observed_test,v2_2018_417_48h,,38,PCC,C,3.22888523555771,0.0,1.1135416535230782,0.6654155254364014,1.1922999620437622,34.72425106811524,0.250858336687088
observed_test,v2_2018_417_48h,,39,PCC,A,3.005835910784453,0.0,0.9123041652716122,0.5210045576095581,1.18892502784729,34.72425106811524,0.24566330015659332
observed_test,v2_2018_417_48h,,39,PCC,B,3.005835910784453,0.0,0.9123041652716122,0.5210045576095581,1.18892502784729,34.72425106811524,0.24566330015659332
observed_test,v2_2018_417_48h,,39,PCC,C,3.005835910784453,0.0,0.9123041652716122,0.5210045576095581,1.18892502784729,34.72425106811524,0.24566330015659332
observed_test,v2_2018_417_48h,,40,PCC,A,3.0504575713333146,0.0,0.6269833216300377,0.5631123185157776,1.1813499927520752,53.24800137329102,0.2558567225933075
observed_test,v2_2018_417_48h,,40,PCC,B,3.0504575713333146,0.0,0.6269833216300377,0.5631123185157776,1.1813499927520752,53.24800137329102,0.2558567225933075
observed_test,v2_2018_417_48h,,40,PCC,C,3.0504575713333146,0.0,0.6269833216300377,0.5631123185157776,1.1813499927520752,53.24800137329102,0.2558567225933075
observed_test,v2_2018_417_48h,,41,PCC,A,2.957545519795026,0.0,0.2915166604977387,0.5185338854789734,1.1696499586105347,53.24800137329102,0.26320913434028625
observed_test,v2_2018_417_48h,,41,PCC,B,2.957545519795026,0.0,0.2915166604977387,0.5185338854789734,1.1696499586105347,53.24800137329102,0.26320913434028625
observed_test,v2_2018_417_48h,,41,PCC,C,2.957545519795026,0.0,0.2915166604977387,0.5185338854789734,1.1696499586105347,53.24800137329102,0.26320913434028625
observed_test,v2_2018_417_48h,,42,PCC,A,2.9120805843278936,0.0,0.04336250086243335,0.501911997795105,1.1604249477386475,53.24800137329102,0.2816186845302582
observed_test,v2_2018_417_48h,,42,PCC,B,2.9120805843278936,0.0,0.04336250086243335,0.501911997795105,1.1604249477386475,53.24800137329102,0.2816186845302582
observed_test,v2_2018_417_48h,,42,PCC,C,2.9120805843278936,0.0,0.04336250086243335,0.501911997795105,1.1604249477386475,53.24800137329102,0.2816186845302582
observed_test,v2_2018_417_48h,,43,PCC,A,2.9901341639334,0.0,0.0,0.5692486763000488,1.152174949645996,53.24800137329102,0.29727253317832947
observed_test,v2_2018_417_48h,,43,PCC,B,2.9901341639334,0.0,0.0,0.5692486763000488,1.152174949645996,53.24800137329102,0.29727253317832947
observed_test,v2_2018_417_48h,,43,PCC,C,2.9901341639334,0.0,0.0,0.5692486763000488,1.152174949645996,53.24800137329102,0.29727253317832947
observed_test,v2_2018_417_48h,,44,PCC,A,2.825617614510635,0.0,0.0,0.458400696516037,1.149999976158142,53.24800137329102,0.30820977687835693
observed_test,v2_2018_417_48h,,44,PCC,B,2.825617614510635,0.0,0.0,0.458400696516037,1.149999976158142,53.24800137329102,0.30820977687835693
observed_test,v2_2018_417_48h,,44,PCC,C,2.825617614510635,0.0,0.0,0.458400696516037,1.149999976158142,53.24800137329102,0.30820977687835693
observed_test,v2_2018_417_48h,,45,PCC,A,2.740638571998929,0.0,0.0,0.39928483963012695,1.149999976158142,53.24800137329102,0.31189200282096863
observed_test,v2_2018_417_48h,,45,PCC,B,2.740638571998929,0.0,0.0,0.39928483963012695,1.149999976158142,53.24800137329102,0.31189200282096863
observed_test,v2_2018_417_48h,,45,PCC,C,2.740638571998929,0.0,0.0,0.39928483963012695,1.149999976158142,53.24800137329102,0.31189200282096863
observed_test,v2_2018_417_48h,,46,PCC,A,2.689500792288461,0.0,0.0,0.3637107312679291,1.149999976158142,53.24800137329102,0.30508312582969666
observed_test,v2_2018_417_48h,,46,PCC,B,2.689500792288461,0.0,0.0,0.3637107312679291,1.149999976158142,53.24800137329102,0.30508312582969666
observed_test,v2_2018_417_48h,,46,PCC,C,2.689500792288461,0.0,0.0,0.3637107312679291,1.149999976158142,53.24800137329102,0.30508312582969666
observed_test,v2_2018_417_48h,,47,PCC,A,2.666340906989589,0.0,0.0,0.34759950637817383,1.149999976158142,53.24800137329102,0.3041776418685913
observed_test,v2_2018_417_48h,,47,PCC,B,2.666340906989589,0.0,0.0,0.34759950637817383,1.149999976158142,53.24800137329102,0.3041776418685913
observed_test,v2_2018_417_48h,,47,PCC,C,2.666340906989589,0.0,0.0,0.34759950637817383,1.149999976158142,53.24800137329102,0.3041776418685913
observed_test,v2_2018_493_48h,,0,PCC,A,2.6239188515480456,0.0,0.0,0.29431068897247314,1.1668000221252441,53.24800137329102,0.31429949402809143
observed_test,v2_2018_493_48h,,0,PCC,B,2.6239188515480456,0.0,0.0,0.29431068897247314,1.1668000221252441,53.24800137329102,0.31429949402809143
observed_test,v2_2018_493_48h,,0,PCC,C,2.6239188515480456,0.0,0.0,0.29431068897247314,1.1668000221252441,53.24800137329102,0.31429949402809143
observed_test,v2_2018_493_48h,,1,PCC,A,2.6593066929139293,0.0,0.0,0.3179371654987335,1.1672499179840088,53.24800137329102,0.3190944790840149
observed_test,v2_2018_493_48h,,1,PCC,B,2.6593066929139293,0.0,0.0,0.3179371654987335,1.1672499179840088,53.24800137329102,0.3190944790840149
observed_test,v2_2018_493_48h,,1,PCC,C,2.6593066929139293,0.0,0.0,0.3179371654987335,1.1672499179840088,53.24800137329102,0.3190944790840149
observed_test,v2_2018_493_48h,,2,PCC,A,2.5226061750231987,0.0,0.0,0.2232462614774704,1.1679999828338623,53.24800137329102,0.3179285526275635
observed_test,v2_2018_493_48h,,2,PCC,B,2.5226061750231987,0.0,0.0,0.2232462614774704,1.1679999828338623,53.24800137329102,0.3179285526275635
observed_test,v2_2018_493_48h,,2,PCC,C,2.5226061750231987,0.0,0.0,0.2232462614774704,1.1679999828338623,53.24800137329102,0.3179285526275635
observed_test,v2_2018_493_48h,,3,PCC,A,2.581151207200423,0.0,0.0,0.2633455991744995,1.1679999828338623,53.24800137329102,0.3199610114097595
observed_test,v2_2018_493_48h,,3,PCC,B,2.581151207200423,0.0,0.0,0.2633455991744995,1.1679999828338623,53.24800137329102,0.3199610114097595
observed_test,v2_2018_493_48h,,3,PCC,C,2.581151207200423,0.0,0.0,0.2633455991744995,1.1679999828338623,53.24800137329102,0.3199610114097595
observed_test,v2_2018_493_48h,,4,PCC,A,2.64272319133363,0.0,0.0,0.3060445785522461,1.1676249504089355,53.24800137329102,0.30600374937057495
observed_test,v2_2018_493_48h,,4,PCC,B,2.64272319133363,0.0,0.0,0.3060445785522461,1.1676249504089355,53.24800137329102,0.30600374937057495
observed_test,v2_2018_493_48h,,4,PCC,C,2.64272319133363,0.0,0.0,0.3060445785522461,1.1676249504089355,53.24800137329102,0.30600374937057495
observed_test,v2_2018_493_48h,,5,PCC,A,2.6115717037287753,0.0,0.0,0.2850128710269928,1.1674000024795532,53.24800137329102,0.2811015546321869
observed_test,v2_2018_493_48h,,5,PCC,B,2.6115717037287753,0.0,0.0,0.2850128710269928,1.1674000024795532,53.24800137329102,0.2811015546321869
observed_test,v2_2018_493_48h,,5,PCC,C,2.6115717037287753,0.0,0.0,0.2850128710269928,1.1674000024795532,53.24800137329102,0.2811015546321869
observed_test,v2_2018_493_48h,,6,PCC,A,2.8003281832274785,0.0,0.003587500004169459,0.4131304621696472,1.1682249307632446,53.24800137329102,0.2562400698661804
observed_test,v2_2018_493_48h,,6,PCC,B,2.8003281832274785,0.0,0.003587500004169459,0.4131304621696472,1.1682249307632446,53.24800137329102,0.2562400698661804
observed_test,v2_2018_493_48h,,6,PCC,C,2.8003281832274785,0.0,0.003587500004169459,0.4131304621696472,1.1682249307632446,53.24800137329102,0.2562400698661804
observed_test,v2_2018_493_48h,,7,PCC,A,3.061423030054406,0.0,0.03185833159547585,0.5887197852134705,1.1701749563217163,53.24800137329102,0.24238398671150208
observed_test,v2_2018_493_48h,,7,PCC,B,3.061423030054406,0.0,0.03185833159547585,0.5887197852134705,1.1701749563217163,53.24800137329102,0.24238398671150208
observed_test,v2_2018_493_48h,,7,PCC,C,3.061423030054406,0.0,0.03185833159547585,0.5887197852134705,1.1701749563217163,53.24800137329102,0.24238398671150208
observed_test,v2_2018_493_48h,,8,PCC,A,2.816404942767805,0.0,0.04922083507363612,0.41616514325141907,1.173550009727478,53.24800137329102,0.23888331651687622
observed_test,v2_2018_493_48h,,8,PCC,B,2.816404942767805,0.0,0.04922083507363612,0.41616514325141907,1.173550009727478,53.24800137329102,0.23888331651687622
observed_test,v2_2018_493_48h,,8,PCC,C,2.816404942767805,0.0,0.04922083507363612,0.41616514325141907,1.173550009727478,53.24800137329102,0.23888331651687622
observed_test,v2_2018_493_48h,,9,PCC,A,2.9687232631077882,0.0,0.08463749948602456,0.5137431621551514,1.1775249242782593,53.24800137329102,0.25215375423431396
observed_test,v2_2018_493_48h,,9,PCC,B,2.9687232631077882,0.0,0.08463749948602456,0.5137431621551514,1.1775249242782593,53.24800137329102,0.25215375423431396
observed_test,v2_2018_493_48h,,9,PCC,C,2.9687232631077882,0.0,0.08463749948602456,0.5137431621551514,1.1775249242782593,53.24800137329102,0.25215375423431396
observed_test,v2_2018_493_48h,,10,PCC,A,2.7568163755024684,0.0,0.25911250939735997,0.3643687963485718,1.1812750101089478,53.24800137329102,0.2698062062263489
observed_test,v2_2018_493_48h,,10,PCC,B,2.7568163755024684,0.0,0.25911250939735997,0.3643687963485718,1.1812750101089478,53.24800137329102,0.2698062062263489
observed_test,v2_2018_493_48h,,10,PCC,C,2.7568163755024684,0.0,0.25911250939735997,0.3643687963485718,1.1812750101089478,53.24800137329102,0.2698062062263489
observed_test,v2_2018_493_48h,,11,PCC,A,2.7587380347019916,0.0,0.20632917204728493,0.36136627197265625,1.1842750310897827,53.24800137329102,0.28875672817230225
observed_test,v2_2018_493_48h,,11,PCC,B,2.7587380347019916,0.0,0.20632917204728493,0.36136627197265625,1.1842750310897827,53.24800137329102,0.28875672817230225
observed_test,v2_2018_493_48h,,11,PCC,C,2.7587380347019916,0.0,0.20632917204728493,0.36136627197265625,1.1842750310897827,53.24800137329102,0.28875672817230225
observed_test,v2_2018_493_48h,,12,PCC,A,3.0247052839342365,0.0,0.12401666205662946,0.5383059978485107,1.1859999895095825,53.24800137329102,0.3051593005657196
observed_test,v2_2018_493_48h,,12,PCC,B,3.0247052839342365,0.0,0.12401666205662946,0.5383059978485107,1.1859999895095825,53.24800137329102,0.3051593005657196
observed_test,v2_2018_493_48h,,12,PCC,C,3.0247052839342365,0.0,0.12401666205662946,0.5383059978485107,1.1859999895095825,53.24800137329102,0.3051593005657196
observed_test,v2_2018_493_48h,,13,PCC,A,3.11960767387184,0.0,0.09828333098154801,0.6031783223152161,1.1854749917984009,53.24800137329102,0.32414522767066956
observed_test,v2_2018_493_48h,,13,PCC,B,3.11960767387184,0.0,0.09828333098154801,0.6031783223152161,1.1854749917984009,53.24800137329102,0.32414522767066956
observed_test,v2_2018_493_48h,,13,PCC,C,3.11960767387184,0.0,0.09828333098154801,0.6031783223152161,1.1854749917984009,53.24800137329102,0.32414522767066956
observed_test,v2_2018_493_48h,,14,PCC,A,3.2063994514755145,0.0,0.0665375031530857,0.6654155254364014,1.1833000183105469,53.24800137329102,0.33393537998199463
observed_test,v2_2018_493_48h,,14,PCC,B,3.2063994514755145,0.0,0.0665375031530857,0.6654155254364014,1.1833000183105469,53.24800137329102,0.33393537998199463
observed_test,v2_2018_493_48h,,14,PCC,C,3.2063994514755145,0.0,0.0665375031530857,0.6654155254364014,1.1833000183105469,53.24800137329102,0.33393537998199463
observed_test,v2_2018_493_48h,,15,PCC,A,2.9872344675413687,0.0,0.06649166775437501,0.5210045576095581,1.180899977684021,53.24800137329102,0.33610498905181885
observed_test,v2_2018_493_48h,,15,PCC,B,2.9872344675413687,0.0,0.06649166775437501,0.5210045576095581,1.180899977684021,53.24800137329102,0.33610498905181885
observed_test,v2_2018_493_48h,,15,PCC,C,2.9872344675413687,0.0,0.06649166775437501,0.5210045576095581,1.180899977684021,53.24800137329102,0.33610498905181885
observed_test,v2_2018_493_48h,,16,PCC,A,3.0437013516714218,0.0,0.04955416616912071,0.5631123185157776,1.1784999370574951,53.24800137329102,0.3331435024738312
observed_test,v2_2018_493_48h,,16,PCC,B,3.0437013516714218,0.0,0.04955416616912071,0.5631123185157776,1.1784999370574951,53.24800137329102,0.3331435024738312
observed_test,v2_2018_493_48h,,16,PCC,C,3.0437013516714218,0.0,0.04955416616912071,0.5631123185157776,1.1784999370574951,53.24800137329102,0.3331435024738312
observed_test,v2_2018_493_48h,,17,PCC,A,2.9724763312610456,0.0,0.07918333061612569,0.5185338854789734,1.1761000156402588,53.24800137329102,0.33335667848587036
observed_test,v2_2018_493_48h,,17,PCC,B,2.9724763312610456,0.0,0.07918333061612569,0.5185338854789734,1.1761000156402588,53.24800137329102,0.33335667848587036
observed_test,v2_2018_493_48h,,17,PCC,C,2.9724763312610456,0.0,0.07918333061612569,0.5185338854789734,1.1761000156402588,53.24800137329102,0.33335667848587036
observed_test,v2_2018_493_48h,,18,PCC,A,2.944426954811213,0.0,0.003691666643135249,0.501911997795105,1.1745250225067139,53.24800137329102,0.33116862177848816
observed_test,v2_2018_493_48h,,18,PCC,B,2.944426954811213,0.0,0.003691666643135249,0.501911997795105,1.1745250225067139,53.24800137329102,0.33116862177848816
observed_test,v2_2018_493_48h,,18,PCC,C,2.944426954811213,0.0,0.003691666643135249,0.501911997795105,1.1745250225067139,53.24800137329102,0.33116862177848816
observed_test,v2_2018_493_48h,,19,PCC,A,3.0420391581064052,0.0,0.0,0.5692486763000488,1.1740000247955322,53.24800137329102,0.3232167661190033
observed_test,v2_2018_493_48h,,19,PCC,B,3.0420391581064052,0.0,0.0,0.5692486763000488,1.1740000247955322,53.24800137329102,0.3232167661190033
observed_test,v2_2018_493_48h,,19,PCC,C,3.0420391581064052,0.0,0.0,0.5692486763000488,1.1740000247955322,53.24800137329102,0.3232167661190033
observed_test,v2_2018_493_48h,,20,PCC,A,2.879537680529374,0.0,0.0,0.458400696516037,1.1740750074386597,53.24800137329102,0.3166375756263733
observed_test,v2_2018_493_48h,,20,PCC,B,2.879537680529374,0.0,0.0,0.458400696516037,1.1740750074386597,53.24800137329102,0.3166375756263733
observed_test,v2_2018_493_48h,,20,PCC,C,2.879537680529374,0.0,0.0,0.458400696516037,1.1740750074386597,53.24800137329102,0.3166375756263733
observed_test,v2_2018_493_48h,,21,PCC,A,2.794891273963259,0.0,0.0,0.39928483963012695,1.1750500202178955,53.24800137329102,0.31091925501823425
observed_test,v2_2018_493_48h,,21,PCC,B,2.794891273963259,0.0,0.0,0.39928483963012695,1.1750500202178955,53.24800137329102,0.31091925501823425
observed_test,v2_2018_493_48h,,21,PCC,C,2.794891273963259,0.0,0.0,0.39928483963012695,1.1750500202178955,53.24800137329102,0.31091925501823425
observed_test,v2_2018_493_48h,,22,PCC,A,2.7451850607733603,0.0,0.0,0.3637107312679291,1.1762499809265137,53.24800137329102,0.3104761242866516
observed_test,v2_2018_493_48h,,22,PCC,B,2.7451850607733603,0.0,0.0,0.3637107312679291,1.1762499809265137,53.24800137329102,0.3104761242866516
observed_test,v2_2018_493_48h,,22,PCC,C,2.7451850607733603,0.0,0.0,0.3637107312679291,1.1762499809265137,53.24800137329102,0.3104761242866516
observed_test,v2_2018_493_48h,,23,PCC,A,2.7257514042952047,0.0,0.0,0.34759950637817383,1.1782749891281128,53.24800137329102,0.3111721873283386
observed_test,v2_2018_493_48h,,23,PCC,B,2.7257514042952047,0.0,0.0,0.34759950637817383,1.1782749891281128,53.24800137329102,0.3111721873283386
observed_test,v2_2018_493_48h,,23,PCC,C,2.7257514042952047,0.0,0.0,0.34759950637817383,1.1782749891281128,53.24800137329102,0.3111721873283386
observed_test,v2_2018_493_48h,,24,PCC,A,2.652605987023071,0.0,0.0,0.29431068897247314,1.180899977684021,53.24800137329102,0.30889201164245605
observed_test,v2_2018_493_48h,,24,PCC,B,2.652605987023071,0.0,0.0,0.29431068897247314,1.180899977684021,53.24800137329102,0.30889201164245605
observed_test,v2_2018_493_48h,,24,PCC,C,2.652605987023071,0.0,0.0,0.29431068897247314,1.180899977684021,53.24800137329102,0.30889201164245605
observed_test,v2_2018_493_48h,,25,PCC,A,2.6915066436221786,0.0,0.0,0.3179371654987335,1.1828500032424927,34.72425106811524,0.3114953935146332
observed_test,v2_2018_493_48h,,25,PCC,B,2.6915066436221786,0.0,0.0,0.3179371654987335,1.1828500032424927,34.72425106811524,0.3114953935146332
observed_test,v2_2018_493_48h,,25,PCC,C,2.6915066436221786,0.0,0.0,0.3179371654987335,1.1828500032424927,34.72425106811524,0.3114953935146332
observed_test,v2_2018_493_48h,,26,PCC,A,2.553689120838137,0.0,0.0,0.2232462614774704,1.1839749813079834,34.72425106811524,0.30886760354042053
observed_test,v2_2018_493_48h,,26,PCC,B,2.553689120838137,0.0,0.0,0.2232462614774704,1.1839749813079834,34.72425106811524,0.30886760354042053
observed_test,v2_2018_493_48h,,26,PCC,C,2.553689120838137,0.0,0.0,0.2232462614774704,1.1839749813079834,34.72425106811524,0.30886760354042053
observed_test,v2_2018_493_48h,,27,PCC,A,2.6134838486132104,0.0,0.0,0.2633455991744995,1.1841999292373657,34.72425106811524,0.31217098236083984
observed_test,v2_2018_493_48h,,27,PCC,B,2.6134838486132104,0.0,0.0,0.2633455991744995,1.1841999292373657,34.72425106811524,0.31217098236083984
observed_test,v2_2018_493_48h,,27,PCC,C,2.6134838486132104,0.0,0.0,0.2633455991744995,1.1841999292373657,34.72425106811524,0.31217098236083984
observed_test,v2_2018_493_48h,,28,PCC,A,2.676535352949107,0.0,0.0,0.3060445785522461,1.1841249465942383,34.72425106811524,0.2956193685531616
observed_test,v2_2018_493_48h,,28,PCC,B,2.676535352949107,0.0,0.0,0.3060445785522461,1.1841249465942383,34.72425106811524,0.2956193685531616
observed_test,v2_2018_493_48h,,28,PCC,C,2.676535352949107,0.0,0.0,0.3060445785522461,1.1841249465942383,34.72425106811524,0.2956193685531616
observed_test,v2_2018_493_48h,,29,PCC,A,2.6443431059449636,0.0,0.0,0.2850128710269928,1.1835999488830566,34.72425106811524,0.25929492712020874
observed_test,v2_2018_493_48h,,29,PCC,B,2.6443431059449636,0.0,0.0,0.2850128710269928,1.1835999488830566,34.72425106811524,0.25929492712020874
observed_test,v2_2018_493_48h,,29,PCC,C,2.6443431059449636,0.0,0.0,0.2850128710269928,1.1835999488830566,34.72425106811524,0.25929492712020874
observed_test,v2_2018_493_48h,,30,PCC,A,2.8368403301934992,0.0,0.013058333514401546,0.4131304621696472,1.1849499940872192,53.24800137329102,0.23812608420848846
observed_test,v2_2018_493_48h,,30,PCC,B,2.8368403301934992,0.0,0.013058333514401546,0.4131304621696472,1.1849499940872192,53.24800137329102,0.23812608420848846
observed_test,v2_2018_493_48h,,30,PCC,C,2.8368403301934992,0.0,0.013058333514401546,0.4131304621696472,1.1849499940872192,53.24800137329102,0.23812608420848846
observed_test,v2_2018_493_48h,,31,PCC,A,3.1066514726441117,0.0,0.14935833616898608,0.5887197852134705,1.1890000104904175,53.24800137329102,0.2374788075685501
observed_test,v2_2018_493_48h,,31,PCC,B,3.1066514726441117,0.0,0.14935833616898608,0.5887197852134705,1.1890000104904175,53.24800137329102,0.2374788075685501
observed_test,v2_2018_493_48h,,31,PCC,C,3.1066514726441117,0.0,0.14935833616898608,0.5887197852134705,1.1890000104904175,53.24800137329102,0.2374788075685501
observed_test,v2_2018_493_48h,,32,PCC,A,2.861673167464334,0.0,0.13339583976910663,0.41616514325141907,1.1942499876022339,53.24800137329102,0.2384095937013626
observed_test,v2_2018_493_48h,,32,PCC,B,2.861673167464334,0.0,0.13339583976910663,0.41616514325141907,1.1942499876022339,53.24800137329102,0.2384095937013626
observed_test,v2_2018_493_48h,,32,PCC,C,2.861673167464334,0.0,0.13339583976910663,0.41616514325141907,1.1942499876022339,53.24800137329102,0.2384095937013626
observed_test,v2_2018_493_48h,,33,PCC,A,3.0222307629787344,0.0,0.2715833198565703,0.5137431621551514,1.2006999254226685,53.24800137329102,0.24782107770442963
observed_test,v2_2018_493_48h,,33,PCC,B,3.0222307629787344,0.0,0.2715833198565703,0.5137431621551514,1.2006999254226685,53.24800137329102,0.24782107770442963
observed_test,v2_2018_493_48h,,33,PCC,C,3.0222307629787344,0.0,0.2715833198565703,0.5137431621551514,1.2006999254226685,53.24800137329102,0.24782107770442963
observed_test,v2_2018_493_48h,,34,PCC,A,2.8123631140105907,0.0,0.8582750192055335,0.3643687963485718,1.207450032234192,53.24800137329102,0.27238571643829346
observed_test,v2_2018_493_48h,,34,PCC,B,2.8123631140105907,0.0,0.8582750192055335,0.3643687963485718,1.207450032234192,53.24800137329102,0.27238571643829346
observed_test,v2_2018_493_48h,,34,PCC,C,2.8123631140105907,0.0,0.8582750192055335,0.3643687963485718,1.207450032234192,53.24800137329102,0.27238571643829346
observed_test,v2_2018_493_48h,,35,PCC,A,2.8186348488223607,0.0,0.7286374958661885,0.36136627197265625,1.2125499248504639,53.24800137329102,0.2993454933166504
observed_test,v2_2018_493_48h,,35,PCC,B,2.8186348488223607,0.0,0.7286374958661885,0.36136627197265625,1.2125499248504639,53.24800137329102,0.2993454933166504
observed_test,v2_2018_493_48h,,35,PCC,C,2.8186348488223607,0.0,0.7286374958661885,0.36136627197265625,1.2125499248504639,53.24800137329102,0.2993454933166504
observed_test,v2_2018_493_48h,,36,PCC,A,3.0931371572221074,0.0,0.8265666663646698,0.5383059978485107,1.215250015258789,53.24800137329102,0.3172948658466339
observed_test,v2_2018_493_48h,,36,PCC,B,3.0931371572221074,0.0,0.8265666663646698,0.5383059978485107,1.215250015258789,53.24800137329102,0.3172948658466339
observed_test,v2_2018_493_48h,,36,PCC,C,3.0931371572221074,0.0,0.8265666663646698,0.5383059978485107,1.215250015258789,53.24800137329102,0.3172948658466339
observed_test,v2_2018_493_48h,,37,PCC,A,3.1936791278902064,0.0,1.0726999778013961,0.6031783223152161,1.2160749435424805,53.24800137329102,0.3176347613334656
observed_test,v2_2018_493_48h,,37,PCC,B,3.1936791278902064,0.0,1.0726999778013961,0.6031783223152161,1.2160749435424805,53.24800137329102,0.3176347613334656
observed_test,v2_2018_493_48h,,37,PCC,C,3.1936791278902064,0.0,1.0726999778013961,0.6031783223152161,1.2160749435424805,53.24800137329102,0.3176347613334656
observed_test,v2_2018_493_48h,,38,PCC,A,3.287348810277637,0.0,0.8142000207534202,0.6654155254364014,1.2157000303268433,53.24800137329102,0.30647626519203186
observed_test,v2_2018_493_48h,,38,PCC,B,3.287348810277637,0.0,0.8142000207534202,0.6654155254364014,1.2157000303268433,53.24800137329102,0.30647626519203186
observed_test,v2_2018_493_48h,,38,PCC,C,3.287348810277637,0.0,0.8142000207534202,0.6654155254364014,1.2157000303268433,53.24800137329102,0.30647626519203186
observed_test,v2_2018_493_48h,,39,PCC,A,3.061292079987163,0.0,0.751354144169734,0.5210045576095581,1.2128499746322632,53.24800137329102,0.28549402952194214
observed_test,v2_2018_493_48h,,39,PCC,B,3.061292079987163,0.0,0.751354144169734,0.5210045576095581,1.2128499746322632,53.24800137329102,0.28549402952194214
observed_test,v2_2018_493_48h,,39,PCC,C,3.061292079987163,0.0,0.751354144169734,0.5210045576095581,1.2128499746322632,53.24800137329102,0.28549402952194214
observed_test,v2_2018_493_48h,,40,PCC,A,3.114462494524774,0.0,0.47527915583207053,0.5631123185157776,1.2083499431610107,53.24800137329102,0.2766748368740082
observed_test,v2_2018_493_48h,,40,PCC,B,3.114462494524774,0.0,0.47527915583207053,0.5631123185157776,1.2083499431610107,53.24800137329102,0.2766748368740082
observed_test,v2_2018_493_48h,,40,PCC,C,3.114462494524774,0.0,0.47527915583207053,0.5631123185157776,1.2083499431610107,53.24800137329102,0.2766748368740082
observed_test,v2_2018_493_48h,,41,PCC,A,3.0302891772179184,0.0,0.18225833773612976,0.5185338854789734,1.2010749578475952,53.24800137329102,0.2770940661430359
observed_test,v2_2018_493_48h,,41,PCC,B,3.0302891772179184,0.0,0.18225833773612976,0.5185338854789734,1.2010749578475952,53.24800137329102,0.2770940661430359
observed_test,v2_2018_493_48h,,41,PCC,C,3.0302891772179184,0.0,0.18225833773612976,0.5185338854789734,1.2010749578475952,53.24800137329102,0.2770940661430359
observed_test,v2_2018_493_48h,,42,PCC,A,2.9917418625654535,0.0,0.006070833366650801,0.501911997795105,1.1951500177383423,121.88174847412108,0.2801923453807831
observed_test,v2_2018_493_48h,,42,PCC,B,2.9917418625654535,0.0,0.006070833366650801,0.501911997795105,1.1951500177383423,121.88174847412108,0.2801923453807831
observed_test,v2_2018_493_48h,,42,PCC,C,2.9917418625654535,0.0,0.006070833366650801,0.501911997795105,1.1951500177383423,121.88174847412108,0.2801923453807831
observed_test,v2_2018_493_48h,,43,PCC,A,3.0828851185529893,0.0,0.0,0.5692486763000488,1.1911749839782715,121.88174847412108,0.286238431930542
observed_test,v2_2018_493_48h,,43,PCC,B,3.0828851185529893,0.0,0.0,0.5692486763000488,1.1911749839782715,121.88174847412108,0.286238431930542
observed_test,v2_2018_493_48h,,43,PCC,C,3.0828851185529893,0.0,0.0,0.5692486763000488,1.1911749839782715,121.88174847412108,0.286238431930542
observed_test,v2_2018_493_48h,,44,PCC,A,2.913636470125372,0.0,0.0,0.458400696516037,1.1892999410629272,121.88174847412108,0.28883904218673706
observed_test,v2_2018_493_48h,,44,PCC,B,2.913636470125372,0.0,0.0,0.458400696516037,1.1892999410629272,121.88174847412108,0.28883904218673706
observed_test,v2_2018_493_48h,,44,PCC,C,2.913636470125372,0.0,0.0,0.458400696516037,1.1892999410629272,121.88174847412108,0.28883904218673706
observed_test,v2_2018_493_48h,,45,PCC,A,2.820555679411015,0.0,0.0,0.39928483963012695,1.186900019645691,53.24800137329102,0.2975204885005951
observed_test,v2_2018_493_48h,,45,PCC,B,2.820555679411015,0.0,0.0,0.39928483963012695,1.186900019645691,53.24800137329102,0.2975204885005951
observed_test,v2_2018_493_48h,,45,PCC,C,2.820555679411015,0.0,0.0,0.39928483963012695,1.186900019645691,53.24800137329102,0.2975204885005951
observed_test,v2_2018_493_48h,,46,PCC,A,2.7625267625816576,0.0,0.0,0.3637107312679291,1.1844249963760376,53.24800137329102,0.3060232102870941
observed_test,v2_2018_493_48h,,46,PCC,B,2.7625267625816576,0.0,0.0,0.3637107312679291,1.1844249963760376,53.24800137329102,0.3060232102870941
observed_test,v2_2018_493_48h,,46,PCC,C,2.7625267625816576,0.0,0.0,0.3637107312679291,1.1844249963760376,53.24800137329102,0.3060232102870941
observed_test,v2_2018_493_48h,,47,PCC,A,2.7317395940817257,0.0,0.0,0.34759950637817383,1.1811249256134033,53.24800137329102,0.30275729298591614
observed_test,v2_2018_493_48h,,47,PCC,B,2.7317395940817257,0.0,0.0,0.34759950637817383,1.1811249256134033,53.24800137329102,0.30275729298591614
observed_test,v2_2018_493_48h,,47,PCC,C,2.7317395940817257,0.0,0.0,0.34759950637817383,1.1811249256134033,53.24800137329102,0.30275729298591614
observed_test,v2_2018_455_48h,,0,PCC,A,2.668322925389583,0.0,0.0,0.29431068897247314,1.1886249780654907,53.24800137329102,0.34276068210601807
observed_test,v2_2018_455_48h,,0,PCC,B,2.668322925389583,0.0,0.0,0.29431068897247314,1.1886249780654907,53.24800137329102,0.34276068210601807
observed_test,v2_2018_455_48h,,0,PCC,C,2.668322925389583,0.0,0.0,0.29431068897247314,1.1886249780654907,53.24800137329102,0.34276068210601807
observed_test,v2_2018_455_48h,,1,PCC,A,2.6973891636743104,0.0,0.0,0.3179371654987335,1.1856999397277832,34.72425106811524,0.33996203541755676
observed_test,v2_2018_455_48h,,1,PCC,B,2.6973891636743104,0.0,0.0,0.3179371654987335,1.1856999397277832,34.72425106811524,0.33996203541755676
observed_test,v2_2018_455_48h,,1,PCC,C,2.6973891636743104,0.0,0.0,0.3179371654987335,1.1856999397277832,34.72425106811524,0.33996203541755676
observed_test,v2_2018_455_48h,,2,PCC,A,2.553105306628417,0.0,0.0,0.2232462614774704,1.183674931526184,34.72425106811524,0.3366945683956146
observed_test,v2_2018_455_48h,,2,PCC,B,2.553105306628417,0.0,0.0,0.2232462614774704,1.183674931526184,34.72425106811524,0.3366945683956146
observed_test,v2_2018_455_48h,,2,PCC,C,2.553105306628417,0.0,0.0,0.2232462614774704,1.183674931526184,34.72425106811524,0.3366945683956146
observed_test,v2_2018_455_48h,,3,PCC,A,2.6082447687065944,0.0,0.0,0.2633455991744995,1.1815749406814575,34.72425106811524,0.34762367606163025
observed_test,v2_2018_455_48h,,3,PCC,B,2.6082447687065944,0.0,0.0,0.2633455991744995,1.1815749406814575,34.72425106811524,0.34762367606163025
observed_test,v2_2018_455_48h,,3,PCC,C,2.6082447687065944,0.0,0.0,0.2633455991744995,1.1815749406814575,34.72425106811524,0.34762367606163025
observed_test,v2_2018_455_48h,,4,PCC,A,2.670233986673992,0.0,0.0,0.3060445785522461,1.1810499429702759,34.72425106811524,0.3358742594718933
observed_test,v2_2018_455_48h,,4,PCC,B,2.670233986673992,0.0,0.0,0.3060445785522461,1.1810499429702759,34.72425106811524,0.3358742594718933
observed_test,v2_2018_455_48h,,4,PCC,C,2.670233986673992,0.0,0.0,0.3060445785522461,1.1810499429702759,34.72425106811524,0.3358742594718933
observed_test,v2_2018_455_48h,,5,PCC,A,2.6454051410114494,0.0,0.000945833296729968,0.2850128710269928,1.1841249465942383,34.72425106811524,0.30183544754981995
observed_test,v2_2018_455_48h,,5,PCC,B,2.6454051410114494,0.0,0.000945833296729968,0.2850128710269928,1.1841249465942383,34.72425106811524,0.30183544754981995
observed_test,v2_2018_455_48h,,5,PCC,C,2.6454051410114494,0.0,0.000945833296729968,0.2850128710269928,1.1841249465942383,34.72425106811524,0.30183544754981995
observed_test,v2_2018_455_48h,,6,PCC,A,2.8512487052239606,0.0,0.03732500167993399,0.4131304621696472,1.1915500164031982,53.24800137329102,0.2928365170955658
observed_test,v2_2018_455_48h,,6,PCC,B,2.8512487052239606,0.0,0.03732500167993399,0.4131304621696472,1.1915500164031982,53.24800137329102,0.2928365170955658
observed_test,v2_2018_455_48h,,6,PCC,C,2.8512487052239606,0.0,0.03732500167993399,0.4131304621696472,1.1915500164031982,53.24800137329102,0.2928365170955658
observed_test,v2_2018_455_48h,,7,PCC,A,3.1340406920066433,0.0,0.1915499997826723,0.5887197852134705,1.2003999948501587,53.24800137329102,0.2831554710865021
observed_test,v2_2018_455_48h,,7,PCC,B,3.1340406920066433,0.0,0.1915499997826723,0.5887197852134705,1.2003999948501587,53.24800137329102,0.2831554710865021
observed_test,v2_2018_455_48h,,7,PCC,C,3.1340406920066433,0.0,0.1915499997826723,0.5887197852134705,1.2003999948501587,53.24800137329102,0.2831554710865021
observed_test,v2_2018_455_48h,,8,PCC,A,2.8943122550919256,0.0,0.4467083284488091,0.41616514325141907,1.2091749906539917,53.24800137329102,0.27899616956710815
observed_test,v2_2018_455_48h,,8,PCC,B,2.8943122550919256,0.0,0.4467083284488091,0.41616514325141907,1.2091749906539917,53.24800137329102,0.27899616956710815
observed_test,v2_2018_455_48h,,8,PCC,C,2.8943122550919256,0.0,0.4467083284488091,0.41616514325141907,1.2091749906539917,53.24800137329102,0.27899616956710815
observed_test,v2_2018_455_48h,,9,PCC,A,3.0587683215307755,0.0,0.6951500016909379,0.5137431621551514,1.2165249586105347,53.24800137329102,0.28237292170524597
observed_test,v2_2018_455_48h,,9,PCC,B,3.0587683215307755,0.0,0.6951500016909379,0.5137431621551514,1.2165249586105347,53.24800137329102,0.28237292170524597
observed_test,v2_2018_455_48h,,9,PCC,C,3.0587683215307755,0.0,0.6951500016909379,0.5137431621551514,1.2165249586105347,53.24800137329102,0.28237292170524597
observed_test,v2_2018_455_48h,,10,PCC,A,2.8433991319017244,0.0,0.8370625285001901,0.3643687963485718,1.2220749855041504,53.24800137329102,0.29163238406181335
observed_test,v2_2018_455_48h,,10,PCC,B,2.8433991319017244,0.0,0.8370625285001901,0.3643687963485718,1.2220749855041504,53.24800137329102,0.29163238406181335
observed_test,v2_2018_455_48h,,10,PCC,C,2.8433991319017244,0.0,0.8370625285001901,0.3643687963485718,1.2220749855041504,53.24800137329102,0.29163238406181335
observed_test,v2_2018_455_48h,,11,PCC,A,2.8434199028745297,0.0,0.8834583254960866,0.36136627197265625,1.2242499589920044,53.24800137329102,0.3122522830963135
observed_test,v2_2018_455_48h,,11,PCC,B,2.8434199028745297,0.0,0.8834583254960866,0.36136627197265625,1.2242499589920044,53.24800137329102,0.3122522830963135
observed_test,v2_2018_455_48h,,11,PCC,C,2.8434199028745297,0.0,0.8834583254960866,0.36136627197265625,1.2242499589920044,53.24800137329102,0.3122522830963135
observed_test,v2_2018_455_48h,,12,PCC,A,3.1170006140276407,0.0,0.9930333265891441,0.5383059978485107,1.225450038909912,53.24800137329102,0.3309154510498047
observed_test,v2_2018_455_48h,,12,PCC,B,3.1170006140276407,0.0,0.9930333265891441,0.5383059978485107,1.225450038909912,53.24800137329102,0.3309154510498047
observed_test,v2_2018_455_48h,,12,PCC,C,3.1170006140276407,0.0,0.9930333265891441,0.5383059978485107,1.225450038909912,53.24800137329102,0.3309154510498047
observed_test,v2_2018_455_48h,,13,PCC,A,3.21836970875057,0.0,0.9853875407805809,0.6031783223152161,1.2262749671936035,53.24800137329102,0.3257731795310974
observed_test,v2_2018_455_48h,,13,PCC,B,3.21836970875057,0.0,0.9853875407805809,0.6031783223152161,1.2262749671936035,53.24800137329102,0.3257731795310974
observed_test,v2_2018_455_48h,,13,PCC,C,3.21836970875057,0.0,0.9853875407805809,0.6031783223152161,1.2262749671936035,53.24800137329102,0.3257731795310974
observed_test,v2_2018_455_48h,,14,PCC,A,3.3139569533606092,0.0,0.8003333440193763,0.6654155254364014,1.226349949836731,53.24800137329102,0.31888633966445923
observed_test,v2_2018_455_48h,,14,PCC,B,3.3139569533606092,0.0,0.8003333440193763,0.6654155254364014,1.226349949836731,53.24800137329102,0.31888633966445923
observed_test,v2_2018_455_48h,,14,PCC,C,3.3139569533606092,0.0,0.8003333440193763,0.6654155254364014,1.226349949836731,53.24800137329102,0.31888633966445923
observed_test,v2_2018_455_48h,,15,PCC,A,3.0898025586606637,0.0,0.7359416438983036,0.5210045576095581,1.2251499891281128,53.24800137329102,0.3320882022380829
observed_test,v2_2018_455_48h,,15,PCC,B,3.0898025586606637,0.0,0.7359416438983036,0.5210045576095581,1.2251499891281128,53.24800137329102,0.3320882022380829
observed_test,v2_2018_455_48h,,15,PCC,C,3.0898025586606637,0.0,0.7359416438983036,0.5210045576095581,1.2251499891281128,53.24800137329102,0.3320882022380829
observed_test,v2_2018_455_48h,,16,PCC,A,3.1512653536191055,0.0,0.5880374747973222,0.5631123185157776,1.2238749265670776,53.24800137329102,0.3351948857307434
observed_test,v2_2018_455_48h,,16,PCC,B,3.1512653536191055,0.0,0.5880374747973222,0.5631123185157776,1.2238749265670776,53.24800137329102,0.3351948857307434
observed_test,v2_2018_455_48h,,16,PCC,C,3.1512653536191055,0.0,0.5880374747973222,0.5631123185157776,1.2238749265670776,53.24800137329102,0.3351948857307434
observed_test,v2_2018_455_48h,,17,PCC,A,3.0749077632927744,0.0,0.33685415983200073,0.5185338854789734,1.2203500270843506,53.24800137329102,0.339530885219574
observed_test,v2_2018_455_48h,,17,PCC,B,3.0749077632927744,0.0,0.33685415983200073,0.5185338854789734,1.2203500270843506,53.24800137329102,0.339530885219574
observed_test,v2_2018_455_48h,,17,PCC,C,3.0749077632927744,0.0,0.33685415983200073,0.5185338854789734,1.2203500270843506,53.24800137329102,0.339530885219574
observed_test,v2_2018_455_48h,,18,PCC,A,3.0383684391182526,0.0,0.10193333459588196,0.501911997795105,1.2154749631881714,121.88174847412108,0.3364403545856476
observed_test,v2_2018_455_48h,,18,PCC,B,3.0383684391182526,0.0,0.10193333459588196,0.501911997795105,1.2154749631881714,121.88174847412108,0.3364403545856476
observed_test,v2_2018_455_48h,,18,PCC,C,3.0383684391182526,0.0,0.10193333459588196,0.501911997795105,1.2154749631881714,121.88174847412108,0.3364403545856476
observed_test,v2_2018_455_48h,,19,PCC,A,3.1176665847819294,0.0,0.011920833136313235,0.5692486763000488,1.20579993724823,121.88174847412108,0.34987059235572815
observed_test,v2_2018_455_48h,,19,PCC,B,3.1176665847819294,0.0,0.011920833136313235,0.5692486763000488,1.20579993724823,121.88174847412108,0.34987059235572815
observed_test,v2_2018_455_48h,,19,PCC,C,3.1176665847819294,0.0,0.011920833136313235,0.5692486763000488,1.20579993724823,121.88174847412108,0.34987059235572815
observed_test,v2_2018_455_48h,,20,PCC,A,2.9408485409168406,0.0,0.0,0.458400696516037,1.201449990272522,121.88174847412108,0.36810052394866943
observed_test,v2_2018_455_48h,,20,PCC,B,2.9408485409168406,0.0,0.0,0.458400696516037,1.201449990272522,121.88174847412108,0.36810052394866943
observed_test,v2_2018_455_48h,,20,PCC,C,2.9408485409168406,0.0,0.0,0.458400696516037,1.201449990272522,121.88174847412108,0.36810052394866943
observed_test,v2_2018_455_48h,,21,PCC,A,2.8444332195089004,0.0,0.0,0.39928483963012695,1.1979249715805054,53.24800137329102,0.3760484457015991
observed_test,v2_2018_455_48h,,21,PCC,B,2.8444332195089004,0.0,0.0,0.39928483963012695,1.1979249715805054,53.24800137329102,0.3760484457015991
observed_test,v2_2018_455_48h,,21,PCC,C,2.8444332195089004,0.0,0.0,0.39928483963012695,1.1979249715805054,53.24800137329102,0.3760484457015991
observed_test,v2_2018_455_48h,,22,PCC,A,2.785754988074187,0.0,0.0,0.3637107312679291,1.1953749656677246,53.24800137329102,0.37326011061668396
observed_test,v2_2018_455_48h,,22,PCC,B,2.785754988074187,0.0,0.0,0.3637107312679291,1.1953749656677246,53.24800137329102,0.37326011061668396
observed_test,v2_2018_455_48h,,22,PCC,C,2.785754988074187,0.0,0.0,0.3637107312679291,1.1953749656677246,53.24800137329102,0.37326011061668396
observed_test,v2_2018_455_48h,,23,PCC,A,2.756796212030219,0.0,0.0,0.34759950637817383,1.1930500268936157,53.24800137329102,0.36769899725914
observed_test,v2_2018_455_48h,,23,PCC,B,2.756796212030219,0.0,0.0,0.34759950637817383,1.1930500268936157,53.24800137329102,0.36769899725914
observed_test,v2_2018_455_48h,,23,PCC,C,2.756796212030219,0.0,0.0,0.34759950637817383,1.1930500268936157,53.24800137329102,0.36769899725914
observed_test,v2_2018_455_48h,,24,PCC,A,2.669238505808915,0.0,0.0,0.29431068897247314,1.189074993133545,53.24800137329102,0.37295687198638916
observed_test,v2_2018_455_48h,,24,PCC,B,2.669238505808915,0.0,0.0,0.29431068897247314,1.189074993133545,53.24800137329102,0.37295687198638916
observed_test,v2_2018_455_48h,,24,PCC,C,2.669238505808915,0.0,0.0,0.29431068897247314,1.189074993133545,53.24800137329102,0.37295687198638916
observed_test,v2_2018_455_48h,,25,PCC,A,2.696460292916926,0.0,0.0,0.3179371654987335,1.185249924659729,34.72425106811524,0.36424681544303894
observed_test,v2_2018_455_48h,,25,PCC,B,2.696460292916926,0.0,0.0,0.3179371654987335,1.185249924659729,34.72425106811524,0.36424681544303894
observed_test,v2_2018_455_48h,,25,PCC,C,2.696460292916926,0.0,0.0,0.3179371654987335,1.185249924659729,34.72425106811524,0.36424681544303894
observed_test,v2_2018_455_48h,,26,PCC,A,2.550040803911363,0.0,0.0,0.2232462614774704,1.1820999383926392,34.72425106811524,0.36309880018234253
observed_test,v2_2018_455_48h,,26,PCC,B,2.550040803911363,0.0,0.0,0.2232462614774704,1.1820999383926392,34.72425106811524,0.36309880018234253
observed_test,v2_2018_455_48h,,26,PCC,C,2.550040803911363,0.0,0.0,0.2232462614774704,1.1820999383926392,34.72425106811524,0.36309880018234253
observed_test,v2_2018_455_48h,,27,PCC,A,2.6046523587379298,0.0,0.0,0.2633455991744995,1.1797749996185303,34.72425106811524,0.36774942278862
observed_test,v2_2018_455_48h,,27,PCC,B,2.6046523587379298,0.0,0.0,0.2633455991744995,1.1797749996185303,34.72425106811524,0.36774942278862
observed_test,v2_2018_455_48h,,27,PCC,C,2.6046523587379298,0.0,0.0,0.2633455991744995,1.1797749996185303,34.72425106811524,0.36774942278862
observed_test,v2_2018_455_48h,,28,PCC,A,2.6674676881006483,0.0,0.0,0.3060445785522461,1.1797000169754028,34.72425106811524,0.36273154616355896
observed_test,v2_2018_455_48h,,28,PCC,B,2.6674676881006483,0.0,0.0,0.3060445785522461,1.1797000169754028,34.72425106811524,0.36273154616355896
observed_test,v2_2018_455_48h,,28,PCC,C,2.6674676881006483,0.0,0.0,0.3060445785522461,1.1797000169754028,34.72425106811524,0.36273154616355896
observed_test,v2_2018_455_48h,,29,PCC,A,2.648439561366034,0.0,0.007087500013697606,0.2850128710269928,1.1856249570846558,34.72425106811524,0.3521607518196106
observed_test,v2_2018_455_48h,,29,PCC,B,2.648439561366034,0.0,0.007087500013697606,0.2850128710269928,1.1856249570846558,34.72425106811524,0.3521607518196106
observed_test,v2_2018_455_48h,,29,PCC,C,2.648439561366034,0.0,0.007087500013697606,0.2850128710269928,1.1856249570846558,34.72425106811524,0.3521607518196106
observed_test,v2_2018_455_48h,,30,PCC,A,2.8682766901714563,0.0,0.09211250222646272,0.4131304621696472,1.1993499994277954,53.24800137329102,0.32330453395843506
observed_test,v2_2018_455_48h,,30,PCC,B,2.8682766901714563,0.0,0.09211250222646272,0.4131304621696472,1.1993499994277954,53.24800137329102,0.32330453395843506
observed_test,v2_2018_455_48h,,30,PCC,C,2.8682766901714563,0.0,0.09211250222646272,0.4131304621696472,1.1993499994277954,53.24800137329102,0.32330453395843506
observed_test,v2_2018_455_48h,,31,PCC,A,3.174944370271616,0.0,0.3229791728349832,0.5887197852134705,1.217424988746643,53.24800137329102,0.3190268874168396
observed_test,v2_2018_455_48h,,31,PCC,B,3.174944370271616,0.0,0.3229791728349832,0.5887197852134705,1.217424988746643,53.24800137329102,0.3190268874168396
observed_test,v2_2018_455_48h,,31,PCC,C,3.174944370271616,0.0,0.3229791728349832,0.5887197852134705,1.217424988746643,53.24800137329102,0.3190268874168396
observed_test,v2_2018_455_48h,,32,PCC,A,2.9451570191130703,0.0,0.6059333108938657,0.41616514325141907,1.2324249744415283,53.24800137329102,0.31302687525749207
observed_test,v2_2018_455_48h,,32,PCC,B,2.9451570191130703,0.0,0.6059333108938657,0.41616514325141907,1.2324249744415283,53.24800137329102,0.31302687525749207
observed_test,v2_2018_455_48h,,32,PCC,C,2.9451570191130703,0.0,0.6059333108938657,0.41616514325141907,1.2324249744415283,53.24800137329102,0.31302687525749207
observed_test,v2_2018_455_48h,,33,PCC,A,3.1150466206630654,0.0,0.8317708395994625,0.5137431621551514,1.2409000396728516,53.24800137329102,0.3080359697341919
observed_test,v2_2018_455_48h,,33,PCC,B,3.1150466206630654,0.0,0.8317708395994625,0.5137431621551514,1.2409000396728516,53.24800137329102,0.3080359697341919
observed_test,v2_2018_455_48h,,33,PCC,C,3.1150466206630654,0.0,0.8317708395994625,0.5137431621551514,1.2409000396728516,53.24800137329102,0.3080359697341919
observed_test,v2_2018_455_48h,,34,PCC,A,2.898468249209041,0.0,0.93189999461174,0.3643687963485718,1.2480249404907227,53.24800137329102,0.31461378931999207
observed_test,v2_2018_455_48h,,34,PCC,B,2.898468249209041,0.0,0.93189999461174,0.3643687963485718,1.2480249404907227,53.24800137329102,0.31461378931999207
observed_test,v2_2018_455_48h,,34,PCC,C,2.898468249209041,0.0,0.93189999461174,0.3643687963485718,1.2480249404907227,53.24800137329102,0.31461378931999207
observed_test,v2_2018_455_48h,,35,PCC,A,2.906017777018557,0.0,1.0434457888970008,0.36136627197265625,1.2537999153137207,53.24800137329102,0.3251783847808838
observed_test,v2_2018_455_48h,,35,PCC,B,2.906017777018557,0.0,1.0434457888970008,0.36136627197265625,1.2537999153137207,53.24800137329102,0.3251783847808838
observed_test,v2_2018_455_48h,,35,PCC,C,2.906017777018557,0.0,1.0434457888970008,0.36136627197265625,1.2537999153137207,53.24800137329102,0.3251783847808838
observed_test,v2_2018_455_48h,,36,PCC,A,3.1926263305771863,0.0,1.0718416709166305,0.5383059978485107,1.2577749490737915,53.24800137329102,0.32520467042922974
observed_test,v2_2018_455_48h,,36,PCC,B,3.1926263305771863,0.0,1.0718416709166305,0.5383059978485107,1.2577749490737915,53.24800137329102,0.32520467042922974
observed_test,v2_2018_455_48h,,36,PCC,C,3.1926263305771863,0.0,1.0718416709166305,0.5383059978485107,1.2577749490737915,53.24800137329102,0.32520467042922974
observed_test,v2_2018_455_48h,,37,PCC,A,3.300429444639319,0.0,1.0088583597770102,0.6031783223152161,1.2601749897003174,53.24800137329102,0.31682246923446655
observed_test,v2_2018_455_48h,,37,PCC,B,3.300429444639319,0.0,1.0088583597770102,0.6031783223152161,1.2601749897003174,53.24800137329102,0.31682246923446655
observed_test,v2_2018_455_48h,,37,PCC,C,3.300429444639319,0.0,1.0088583597770102,0.6031783223152161,1.2601749897003174,53.24800137329102,0.31682246923446655
observed_test,v2_2018_455_48h,,38,PCC,A,3.397904337283881,0.0,0.9389291589076701,0.6654155254364014,1.2599499225616455,53.24800137329102,0.30711761116981506
observed_test,v2_2018_455_48h,,38,PCC,B,3.397904337283881,0.0,0.9389291589076701,0.6654155254364014,1.2599499225616455,53.24800137329102,0.30711761116981506
observed_test,v2_2018_455_48h,,38,PCC,C,3.397904337283881,0.0,0.9389291589076701,0.6654155254364014,1.2599499225616455,53.24800137329102,0.30711761116981506
observed_test,v2_2018_455_48h,,39,PCC,A,3.1645556632059075,0.0,0.8456291487583747,0.5210045576095581,1.2574000358581543,53.24800137329102,0.30297839641571045
observed_test,v2_2018_455_48h,,39,PCC,B,3.1645556632059075,0.0,0.8456291487583747,0.5210045576095581,1.2574000358581543,53.24800137329102,0.30297839641571045
observed_test,v2_2018_455_48h,,39,PCC,C,3.1645556632059075,0.0,0.8456291487583747,0.5210045576095581,1.2574000358581543,53.24800137329102,0.30297839641571045
observed_test,v2_2018_455_48h,,40,PCC,A,3.2170483483394516,0.0,0.615929181759174,0.5631123185157776,1.2516249418258667,53.24800137329102,0.31344354152679443
observed_test,v2_2018_455_48h,,40,PCC,B,3.2170483483394516,0.0,0.615929181759174,0.5631123185157776,1.2516249418258667,53.24800137329102,0.31344354152679443
observed_test,v2_2018_455_48h,,40,PCC,C,3.2170483483394516,0.0,0.615929181759174,0.5631123185157776,1.2516249418258667,53.24800137329102,0.31344354152679443
observed_test,v2_2018_455_48h,,41,PCC,A,3.125255341491497,0.0,0.3414083272218704,0.5185338854789734,1.2421000003814697,53.24800137329102,0.32317930459976196
observed_test,v2_2018_455_48h,,41,PCC,B,3.125255341491497,0.0,0.3414083272218704,0.5185338854789734,1.2421000003814697,53.24800137329102,0.32317930459976196
observed_test,v2_2018_455_48h,,41,PCC,C,3.125255341491497,0.0,0.3414083272218704,0.5185338854789734,1.2421000003814697,53.24800137329102,0.32317930459976196
observed_test,v2_2018_455_48h,,42,PCC,A,3.076392379753789,0.0,0.1019666687800334,0.501911997795105,1.2320499420166016,121.88174847412108,0.33190372586250305
observed_test,v2_2018_455_48h,,42,PCC,B,3.076392379753789,0.0,0.1019666687800334,0.501911997795105,1.2320499420166016,121.88174847412108,0.33190372586250305
observed_test,v2_2018_455_48h,,42,PCC,C,3.076392379753789,0.0,0.1019666687800334,0.501911997795105,1.2320499420166016,121.88174847412108,0.33190372586250305
observed_test,v2_2018_455_48h,,43,PCC,A,3.1301525082936528,0.0,0.01122083317918273,0.5692486763000488,1.211050033569336,121.88174847412108,0.35107919573783875
observed_test,v2_2018_455_48h,,43,PCC,B,3.1301525082936528,0.0,0.01122083317918273,0.5692486763000488,1.211050033569336,121.88174847412108,0.35107919573783875
observed_test,v2_2018_455_48h,,43,PCC,C,3.1301525082936528,0.0,0.01122083317918273,0.5692486763000488,1.211050033569336,121.88174847412108,0.35107919573783875
observed_test,v2_2018_455_48h,,44,PCC,A,2.9463917701879745,0.0,0.0,0.458400696516037,1.2039250135421753,121.88174847412108,0.3593016564846039
observed_test,v2_2018_455_48h,,44,PCC,B,2.9463917701879745,0.0,0.0,0.458400696516037,1.2039250135421753,121.88174847412108,0.3593016564846039
observed_test,v2_2018_455_48h,,44,PCC,C,2.9463917701879745,0.0,0.0,0.458400696516037,1.2039250135421753,121.88174847412108,0.3593016564846039
observed_test,v2_2018_455_48h,,45,PCC,A,2.8449204055969233,0.0,0.0,0.39928483963012695,1.1981499195098877,53.24800137329102,0.36071404814720154
observed_test,v2_2018_455_48h,,45,PCC,B,2.8449204055969233,0.0,0.0,0.39928483963012695,1.1981499195098877,53.24800137329102,0.36071404814720154
observed_test,v2_2018_455_48h,,45,PCC,C,2.8449204055969233,0.0,0.0,0.39928483963012695,1.1981499195098877,53.24800137329102,0.36071404814720154
observed_test,v2_2018_455_48h,,46,PCC,A,2.779709403328121,0.0,0.0,0.3637107312679291,1.192525029182434,53.24800137329102,0.3595772385597229
observed_test,v2_2018_455_48h,,46,PCC,B,2.779709403328121,0.0,0.0,0.3637107312679291,1.192525029182434,53.24800137329102,0.3595772385597229
observed_test,v2_2018_455_48h,,46,PCC,C,2.779709403328121,0.0,0.0,0.3637107312679291,1.192525029182434,53.24800137329102,0.3595772385597229
observed_test,v2_2018_455_48h,,47,PCC,A,2.74529223493082,0.0,0.0,0.34759950637817383,1.1875749826431274,53.24800137329102,0.3599590063095093
observed_test,v2_2018_455_48h,,47,PCC,B,2.74529223493082,0.0,0.0,0.34759950637817383,1.1875749826431274,53.24800137329102,0.3599590063095093
observed_test,v2_2018_455_48h,,47,PCC,C,2.74529223493082,0.0,0.0,0.34759950637817383,1.1875749826431274,53.24800137329102,0.3599590063095093
dfl_generated,dfl_evaluation_00,0.19858039915561676,0,PCC,A,2.6065256595611572,0.0,0.0,0.29431068897247314,1.1589200496673584,53.24800109863281,0.3436185121536255
dfl_generated,dfl_evaluation_00,0.19858039915561676,0,PCC,B,2.6073200702667236,0.0,2.04585853680328e-06,0.29431068897247314,1.1589200496673584,53.24800109863281,0.3436185121536255
dfl_generated,dfl_evaluation_00,0.19858039915561676,0,PCC,C,2.6076390743255615,0.0,1.5506105910390033e-06,0.29431068897247314,1.1589200496673584,53.24800109863281,0.3436185121536255
dfl_generated,dfl_evaluation_00,0.19858039915561676,1,PCC,A,2.6392924785614014,0.0,0.0,0.3179371654987335,1.1565641164779663,53.24800109863281,0.3289390504360199
dfl_generated,dfl_evaluation_00,0.19858039915561676,1,PCC,B,2.639007091522217,0.0,0.0,0.3179371654987335,1.1565641164779663,53.24800109863281,0.3289390504360199
dfl_generated,dfl_evaluation_00,0.19858039915561676,1,PCC,C,2.637937068939209,0.0,0.0,0.3179371654987335,1.1565641164779663,53.24800109863281,0.3289390504360199
dfl_generated,dfl_evaluation_00,0.19858039915561676,2,PCC,A,2.5004775524139404,0.0,4.132039521209663e-06,0.2232462614774704,1.1564995050430298,53.24800109863281,0.34611767530441284
dfl_generated,dfl_evaluation_00,0.19858039915561676,2,PCC,B,2.4988396167755127,0.0,5.892805461371609e-07,0.2232462614774704,1.1564995050430298,53.24800109863281,0.34611767530441284
dfl_generated,dfl_evaluation_00,0.19858039915561676,2,PCC,C,2.5000739097595215,0.0,5.765124910794839e-07,0.2232462614774704,1.1564995050430298,53.24800109863281,0.34611767530441284
dfl_generated,dfl_evaluation_00,0.19858039915561676,3,PCC,A,2.557288646697998,0.0,1.876354531304969e-06,0.2633455991744995,1.155908226966858,53.24800109863281,0.32122737169265747
dfl_generated,dfl_evaluation_00,0.19858039915561676,3,PCC,B,2.557025671005249,0.0,7.402298933811835e-07,0.2633455991744995,1.155908226966858,53.24800109863281,0.32122737169265747
dfl_generated,dfl_evaluation_00,0.19858039915561676,3,PCC,C,2.5564916133880615,0.0,0.0,0.2633455991744995,1.155908226966858,53.24800109863281,0.32122737169265747
dfl_generated,dfl_evaluation_00,0.19858039915561676,4,PCC,A,2.6178674697875977,0.0,0.0,0.3060445785522461,1.1547797918319702,53.24800109863281,0.32360658049583435
dfl_generated,dfl_evaluation_00,0.19858039915561676,4,PCC,B,2.616551160812378,0.0,3.708167241711635e-06,0.3060445785522461,1.1547797918319702,53.24800109863281,0.32360658049583435
dfl_generated,dfl_evaluation_00,0.19858039915561676,4,PCC,C,2.616619110107422,0.0,9.462465300202894e-07,0.3060445785522461,1.1547797918319702,53.24800109863281,0.32360658049583435
dfl_generated,dfl_evaluation_00,0.19858039915561676,5,PCC,A,2.5868539810180664,0.0,0.0001625710865482688,0.2850128710269928,1.1550006866455078,53.24800109863281,0.32009077072143555
dfl_generated,dfl_evaluation_00,0.19858039915561676,5,PCC,B,2.5860226154327393,0.0,0.0002097503747791052,0.2850128710269928,1.1550006866455078,53.24800109863281,0.32009077072143555
dfl_generated,dfl_evaluation_00,0.19858039915561676,5,PCC,C,2.5861425399780273,0.0,0.00010778079740703106,0.2850128710269928,1.1550006866455078,53.24800109863281,0.32009077072143555
dfl_generated,dfl_evaluation_00,0.19858039915561676,6,PCC,A,2.7804195880889893,0.0,0.016327934339642525,0.4131304621696472,1.1575238704681396,53.24800109863281,0.3039003312587738
dfl_generated,dfl_evaluation_00,0.19858039915561676,6,PCC,B,2.7808310985565186,0.0,0.018600784242153168,0.4131304621696472,1.1575238704681396,53.24800109863281,0.3039003312587738
dfl_generated,dfl_evaluation_00,0.19858039915561676,6,PCC,C,2.7778191566467285,0.0,0.020294569432735443,0.4131304621696472,1.1575238704681396,53.24800109863281,0.3039003312587738
dfl_generated,dfl_evaluation_00,0.19858039915561676,7,PCC,A,3.0507452487945557,0.0,0.19707930088043213,0.5887197852134705,1.1653327941894531,53.24800109863281,0.2976347506046295
dfl_generated,dfl_evaluation_00,0.19858039915561676,7,PCC,B,3.051255464553833,0.0,0.2145877182483673,0.5887197852134705,1.1653327941894531,53.24800109863281,0.2976347506046295
dfl_generated,dfl_evaluation_00,0.19858039915561676,7,PCC,C,3.0519254207611084,0.0,0.20446155965328217,0.5887197852134705,1.1653327941894531,53.24800109863281,0.2976347506046295
dfl_generated,dfl_evaluation_00,0.19858039915561676,8,PCC,A,2.817089080810547,0.0,0.405965656042099,0.41616514325141907,1.173966407775879,53.24800109863281,0.28014010190963745
dfl_generated,dfl_evaluation_00,0.19858039915561676,8,PCC,B,2.8171372413635254,0.0,0.4014750123023987,0.41616514325141907,1.173966407775879,53.24800109863281,0.28014010190963745
dfl_generated,dfl_evaluation_00,0.19858039915561676,8,PCC,C,2.8166697025299072,0.0,0.4141525626182556,0.41616514325141907,1.173966407775879,53.24800109863281,0.28014010190963745
dfl_generated,dfl_evaluation_00,0.19858039915561676,9,PCC,A,2.983120918273926,0.0,0.6058380007743835,0.5137431621551514,1.182626485824585,53.24800109863281,0.23639141023159027
dfl_generated,dfl_evaluation_00,0.19858039915561676,9,PCC,B,2.982320547103882,0.0,0.6202268600463867,0.5137431621551514,1.182626485824585,53.24800109863281,0.23639141023159027
dfl_generated,dfl_evaluation_00,0.19858039915561676,9,PCC,C,2.983999729156494,0.0,0.5980291962623596,0.5137431621551514,1.182626485824585,53.24800109863281,0.23639141023159027
dfl_generated,dfl_evaluation_00,0.19858039915561676,10,PCC,A,2.7778584957122803,0.0,0.778887927532196,0.3643687963485718,1.1916218996047974,53.24800109863281,0.2757260203361511
dfl_generated,dfl_evaluation_00,0.19858039915561676,10,PCC,B,2.773670196533203,0.0,0.7648053765296936,0.3643687963485718,1.1916218996047974,53.24800109863281,0.2757260203361511
dfl_generated,dfl_evaluation_00,0.19858039915561676,10,PCC,C,2.7732784748077393,0.0,0.7779579162597656,0.3643687963485718,1.1916218996047974,53.24800109863281,0.2757260203361511
dfl_generated,dfl_evaluation_00,0.19858039915561676,11,PCC,A,2.7835960388183594,0.0,0.7694500088691711,0.36136627197265625,1.1972477436065674,53.24800109863281,0.30365094542503357
dfl_generated,dfl_evaluation_00,0.19858039915561676,11,PCC,B,2.7797274589538574,0.0,0.7949857115745544,0.36136627197265625,1.1972477436065674,53.24800109863281,0.30365094542503357
dfl_generated,dfl_evaluation_00,0.19858039915561676,11,PCC,C,2.7846133708953857,0.0,0.7816340327262878,0.36136627197265625,1.1972477436065674,53.24800109863281,0.30365094542503357
dfl_generated,dfl_evaluation_00,0.19858039915561676,12,PCC,A,3.0601298809051514,0.0,0.76322340965271,0.5383059978485107,1.202439546585083,53.24800109863281,0.29331761598587036
dfl_generated,dfl_evaluation_00,0.19858039915561676,12,PCC,B,3.0714900493621826,0.0,0.7762492895126343,0.5383059978485107,1.202439546585083,53.24800109863281,0.29331761598587036
dfl_generated,dfl_evaluation_00,0.19858039915561676,12,PCC,C,3.063790798187256,0.0,0.7648069858551025,0.5383059978485107,1.202439546585083,53.24800109863281,0.29331761598587036
dfl_generated,dfl_evaluation_00,0.19858039915561676,13,PCC,A,3.1707420349121094,0.0,0.8254951238632202,0.6031783223152161,1.202363133430481,53.24800109863281,0.2968408465385437
dfl_generated,dfl_evaluation_00,0.19858039915561676,13,PCC,B,3.1737923622131348,0.0,0.7813031077384949,0.6031783223152161,1.202363133430481,53.24800109863281,0.2968408465385437
dfl_generated,dfl_evaluation_00,0.19858039915561676,13,PCC,C,3.1677439212799072,0.0,0.8002195358276367,0.6031783223152161,1.202363133430481,53.24800109863281,0.2968408465385437
dfl_generated,dfl_evaluation_00,0.19858039915561676,14,PCC,A,3.259345293045044,0.0,0.740960419178009,0.6654155254364014,1.2038533687591553,53.24800109863281,0.297091007232666
dfl_generated,dfl_evaluation_00,0.19858039915561676,14,PCC,B,3.264563798904419,0.0,0.7357452511787415,0.6654155254364014,1.2038533687591553,53.24800109863281,0.297091007232666
dfl_generated,dfl_evaluation_00,0.19858039915561676,14,PCC,C,3.2638773918151855,0.0,0.7403900623321533,0.6654155254364014,1.2038533687591553,53.24800109863281,0.297091007232666
dfl_generated,dfl_evaluation_00,0.19858039915561676,15,PCC,A,3.035871982574463,0.0,0.5810286402702332,0.5210045576095581,1.203752875328064,53.24800109863281,0.2980528473854065
dfl_generated,dfl_evaluation_00,0.19858039915561676,15,PCC,B,3.030923366546631,0.0,0.5998886227607727,0.5210045576095581,1.203752875328064,53.24800109863281,0.2980528473854065
dfl_generated,dfl_evaluation_00,0.19858039915561676,15,PCC,C,3.033031702041626,0.0,0.6145151853561401,0.5210045576095581,1.203752875328064,53.24800109863281,0.2980528473854065
dfl_generated,dfl_evaluation_00,0.19858039915561676,16,PCC,A,3.0838100910186768,0.0,0.35914549231529236,0.5631123185157776,1.1955275535583496,53.24800109863281,0.30951523780822754
dfl_generated,dfl_evaluation_00,0.19858039915561676,16,PCC,B,3.079679012298584,0.0,0.3597542643547058,0.5631123185157776,1.1955275535583496,53.24800109863281,0.30951523780822754
dfl_generated,dfl_evaluation_00,0.19858039915561676,16,PCC,C,3.0771236419677734,0.0,0.35511496663093567,0.5631123185157776,1.1955275535583496,53.24800109863281,0.30951523780822754
dfl_generated,dfl_evaluation_00,0.19858039915561676,17,PCC,A,2.9904308319091797,0.0,0.12012635171413422,0.5185338854789734,1.1841548681259155,53.24800109863281,0.31229013204574585
dfl_generated,dfl_evaluation_00,0.19858039915561676,17,PCC,B,2.99100399017334,0.0,0.11857421696186066,0.5185338854789734,1.1841548681259155,53.24800109863281,0.31229013204574585
dfl_generated,dfl_evaluation_00,0.19858039915561676,17,PCC,C,2.9910805225372314,0.0,0.11605213582515717,0.5185338854789734,1.1841548681259155,53.24800109863281,0.31229013204574585
dfl_generated,dfl_evaluation_00,0.19858039915561676,18,PCC,A,2.9433579444885254,0.0,0.02030983939766884,0.501911997795105,1.1756519079208374,53.24800109863281,0.32021814584732056
dfl_generated,dfl_evaluation_00,0.19858039915561676,18,PCC,B,2.946547269821167,0.0,0.015722988173365593,0.501911997795105,1.1756519079208374,53.24800109863281,0.32021814584732056
dfl_generated,dfl_evaluation_00,0.19858039915561676,18,PCC,C,2.9480111598968506,0.0,0.01649089902639389,0.501911997795105,1.1756519079208374,53.24800109863281,0.32021814584732056
dfl_generated,dfl_evaluation_00,0.19858039915561676,19,PCC,A,3.0336785316467285,0.0,0.00039883569115772843,0.5692486763000488,1.1693931818008423,53.24800109863281,0.3115885853767395
dfl_generated,dfl_evaluation_00,0.19858039915561676,19,PCC,B,3.030118703842163,0.0,0.0005982477450743318,0.5692486763000488,1.1693931818008423,53.24800109863281,0.3115885853767395
dfl_generated,dfl_evaluation_00,0.19858039915561676,19,PCC,C,3.031229019165039,0.0,0.00022233137860894203,0.5692486763000488,1.1693931818008423,53.24800109863281,0.3115885853767395
dfl_generated,dfl_evaluation_00,0.19858039915561676,20,PCC,A,2.864755392074585,0.0,1.459604959563876e-06,0.458400696516037,1.1664060354232788,53.24800109863281,0.3300182521343231
dfl_generated,dfl_evaluation_00,0.19858039915561676,20,PCC,B,2.8618361949920654,0.0,3.2670579912519315e-06,0.458400696516037,1.1664060354232788,53.24800109863281,0.3300182521343231
dfl_generated,dfl_evaluation_00,0.19858039915561676,20,PCC,C,2.8643243312835693,0.0,2.565219574535149e-06,0.458400696516037,1.1664060354232788,53.24800109863281,0.3300182521343231
dfl_generated,dfl_evaluation_00,0.19858039915561676,21,PCC,A,2.773427963256836,0.0,0.0,0.39928483963012695,1.1639201641082764,53.24800109863281,0.339127779006958
dfl_generated,dfl_evaluation_00,0.19858039915561676,21,PCC,B,2.7727243900299072,0.0,0.0,0.39928483963012695,1.1639201641082764,53.24800109863281,0.339127779006958
dfl_generated,dfl_evaluation_00,0.19858039915561676,21,PCC,C,2.771178722381592,0.0,0.0,0.39928483963012695,1.1639201641082764,53.24800109863281,0.339127779006958
dfl_generated,dfl_evaluation_00,0.19858039915561676,22,PCC,A,2.715683937072754,0.0,0.0,0.3637107312679291,1.1633288860321045,53.24800109863281,0.3393608331680298
dfl_generated,dfl_evaluation_00,0.19858039915561676,22,PCC,B,2.715895891189575,0.0,7.835714086468215e-07,0.3637107312679291,1.1633288860321045,53.24800109863281,0.3393608331680298
dfl_generated,dfl_evaluation_00,0.19858039915561676,22,PCC,C,2.714736223220825,0.0,8.07855997209117e-07,0.3637107312679291,1.1633288860321045,53.24800109863281,0.3393608331680298
dfl_generated,dfl_evaluation_00,0.19858039915561676,23,PCC,A,2.6880712509155273,0.0,0.0,0.34759950637817383,1.161277413368225,53.24800109863281,0.33936595916748047
dfl_generated,dfl_evaluation_00,0.19858039915561676,23,PCC,B,2.68809175491333,0.0,0.0,0.34759950637817383,1.161277413368225,53.24800109863281,0.33936595916748047
dfl_generated,dfl_evaluation_00,0.19858039915561676,23,PCC,C,2.6886799335479736,0.0,0.0,0.34759950637817383,1.161277413368225,53.24800109863281,0.33936595916748047
dfl_generated,dfl_evaluation_00,0.19858039915561676,24,PCC,A,2.608656167984009,0.0,0.0,0.29431068897247314,1.1597479581832886,53.24800109863281,0.3155244290828705
dfl_generated,dfl_evaluation_00,0.19858039915561676,24,PCC,B,2.6087875366210938,0.0,0.0,0.29431068897247314,1.1597479581832886,53.24800109863281,0.3155244290828705
dfl_generated,dfl_evaluation_00,0.19858039915561676,24,PCC,C,2.607933521270752,0.0,0.0,0.29431068897247314,1.1597479581832886,53.24800109863281,0.3155244290828705
dfl_generated,dfl_evaluation_00,0.19858039915561676,25,PCC,A,2.6400647163391113,0.0,0.0,0.3179371654987335,1.157981276512146,53.24800109863281,0.334555447101593
dfl_generated,dfl_evaluation_00,0.19858039915561676,25,PCC,B,2.640028238296509,0.0,0.0,0.3179371654987335,1.157981276512146,53.24800109863281,0.334555447101593
dfl_generated,dfl_evaluation_00,0.19858039915561676,25,PCC,C,2.6390037536621094,0.0,0.0,0.3179371654987335,1.157981276512146,53.24800109863281,0.334555447101593
dfl_generated,dfl_evaluation_00,0.19858039915561676,26,PCC,A,2.499643087387085,0.0,2.8159558951301733e-06,0.2232462614774704,1.1570708751678467,53.24800109863281,0.3161351978778839
dfl_generated,dfl_evaluation_00,0.19858039915561676,26,PCC,B,2.5005996227264404,0.0,0.0,0.2232462614774704,1.1570708751678467,53.24800109863281,0.3161351978778839
dfl_generated,dfl_evaluation_00,0.19858039915561676,26,PCC,C,2.4990580081939697,0.0,0.0,0.2232462614774704,1.1570708751678467,53.24800109863281,0.3161351978778839
dfl_generated,dfl_evaluation_00,0.19858039915561676,27,PCC,A,2.5572054386138916,0.0,1.8805700392476865e-06,0.2633455991744995,1.155470848083496,53.24800109863281,0.3129339814186096
dfl_generated,dfl_evaluation_00,0.19858039915561676,27,PCC,B,2.5562047958374023,0.0,0.0,0.2633455991744995,1.155470848083496,53.24800109863281,0.3129339814186096
dfl_generated,dfl_evaluation_00,0.19858039915561676,27,PCC,C,2.5562784671783447,0.0,2.4370922346861335e-07,0.2633455991744995,1.155470848083496,53.24800109863281,0.3129339814186096
dfl_generated,dfl_evaluation_00,0.19858039915561676,28,PCC,A,2.616269111633301,0.0,3.542702643244411e-06,0.3060445785522461,1.1545131206512451,53.24800109863281,0.333163857460022
dfl_generated,dfl_evaluation_00,0.19858039915561676,28,PCC,B,2.617300510406494,0.0,7.430051027768059e-06,0.3060445785522461,1.1545131206512451,53.24800109863281,0.333163857460022
dfl_generated,dfl_evaluation_00,0.19858039915561676,28,PCC,C,2.616215705871582,0.0,3.451012389632524e-06,0.3060445785522461,1.1545131206512451,53.24800109863281,0.333163857460022
dfl_generated,dfl_evaluation_00,0.19858039915561676,29,PCC,A,2.5861423015594482,0.0,0.0,0.2850128710269928,1.1551283597946167,53.24800109863281,0.3141355514526367
dfl_generated,dfl_evaluation_00,0.19858039915561676,29,PCC,B,2.586249351501465,0.0,7.731642108410597e-05,0.2850128710269928,1.1551283597946167,53.24800109863281,0.3141355514526367
dfl_generated,dfl_evaluation_00,0.19858039915561676,29,PCC,C,2.58627986907959,0.0,0.0,0.2850128710269928,1.1551283597946167,53.24800109863281,0.3141355514526367
dfl_generated,dfl_evaluation_00,0.19858039915561676,30,PCC,A,2.7775039672851562,0.0,0.017693713307380676,0.4131304621696472,1.158176302909851,53.24800109863281,0.30533021688461304
dfl_generated,dfl_evaluation_00,0.19858039915561676,30,PCC,B,2.7788403034210205,0.0,0.01896776258945465,0.4131304621696472,1.158176302909851,53.24800109863281,0.30533021688461304
dfl_generated,dfl_evaluation_00,0.19858039915561676,30,PCC,C,2.776265859603882,0.0,0.02074834704399109,0.4131304621696472,1.158176302909851,53.24800109863281,0.30533021688461304
dfl_generated,dfl_evaluation_00,0.19858039915561676,31,PCC,A,3.0449509620666504,0.0,0.2383241504430771,0.5887197852134705,1.1647741794586182,53.24800109863281,0.2878284454345703
dfl_generated,dfl_evaluation_00,0.19858039915561676,31,PCC,B,3.04783034324646,0.0,0.23278677463531494,0.5887197852134705,1.1647741794586182,53.24800109863281,0.2878284454345703
dfl_generated,dfl_evaluation_00,0.19858039915561676,31,PCC,C,3.0467758178710938,0.0,0.2239776998758316,0.5887197852134705,1.1647741794586182,53.24800109863281,0.2878284454345703
dfl_generated,dfl_evaluation_00,0.19858039915561676,32,PCC,A,2.813839912414551,0.0,0.5601730346679688,0.41616514325141907,1.1739989519119263,53.24800109863281,0.2702544927597046
dfl_generated,dfl_evaluation_00,0.19858039915561676,32,PCC,B,2.817823886871338,0.0,0.5389845967292786,0.41616514325141907,1.1739989519119263,53.24800109863281,0.2702544927597046
dfl_generated,dfl_evaluation_00,0.19858039915561676,32,PCC,C,2.8125357627868652,0.0,0.5464316010475159,0.41616514325141907,1.1739989519119263,53.24800109863281,0.2702544927597046
dfl_generated,dfl_evaluation_00,0.19858039915561676,33,PCC,A,2.983670711517334,0.0,0.788554847240448,0.5137431621551514,1.1826406717300415,53.24800109863281,0.2712273895740509
dfl_generated,dfl_evaluation_00,0.19858039915561676,33,PCC,B,2.985051393508911,0.0,0.7812820672988892,0.5137431621551514,1.1826406717300415,53.24800109863281,0.2712273895740509
dfl_generated,dfl_evaluation_00,0.19858039915561676,33,PCC,C,2.9813711643218994,0.0,0.7850257158279419,0.5137431621551514,1.1826406717300415,53.24800109863281,0.2712273895740509
dfl_generated,dfl_evaluation_00,0.19858039915561676,34,PCC,A,2.7817819118499756,0.0,0.9423153400421143,0.3643687963485718,1.1930391788482666,53.24800109863281,0.2805071473121643
dfl_generated,dfl_evaluation_00,0.19858039915561676,34,PCC,B,2.7798852920532227,0.0,0.9170796871185303,0.3643687963485718,1.1930391788482666,53.24800109863281,0.2805071473121643
dfl_generated,dfl_evaluation_00,0.19858039915561676,34,PCC,C,2.7770044803619385,0.0,0.9311076402664185,0.3643687963485718,1.1930391788482666,53.24800109863281,0.2805071473121643
dfl_generated,dfl_evaluation_00,0.19858039915561676,35,PCC,A,2.7878611087799072,0.0,0.9810170531272888,0.36136627197265625,1.1985795497894287,53.24800109863281,0.296851247549057
dfl_generated,dfl_evaluation_00,0.19858039915561676,35,PCC,B,2.7922513484954834,0.0,0.9681455492973328,0.36136627197265625,1.1985795497894287,53.24800109863281,0.296851247549057
dfl_generated,dfl_evaluation_00,0.19858039915561676,35,PCC,C,2.7915711402893066,0.0,0.9871988296508789,0.36136627197265625,1.1985795497894287,53.24800109863281,0.296851247549057
dfl_generated,dfl_evaluation_00,0.19858039915561676,36,PCC,A,3.0656986236572266,0.0,1.0024144649505615,0.5383059978485107,1.204477071762085,53.24800109863281,0.30610382556915283
dfl_generated,dfl_evaluation_00,0.19858039915561676,36,PCC,B,3.063648223876953,0.0,1.023539423942566,0.5383059978485107,1.204477071762085,53.24800109863281,0.30610382556915283
dfl_generated,dfl_evaluation_00,0.19858039915561676,36,PCC,C,3.065333604812622,0.0,1.0345667600631714,0.5383059978485107,1.204477071762085,53.24800109863281,0.30610382556915283
dfl_generated,dfl_evaluation_00,0.19858039915561676,37,PCC,A,3.1727261543273926,0.0,0.9552600979804993,0.6031783223152161,1.2072067260742188,53.24800109863281,0.30428582429885864
dfl_generated,dfl_evaluation_00,0.19858039915561676,37,PCC,B,3.1718807220458984,0.0,0.9480538964271545,0.6031783223152161,1.2072067260742188,53.24800109863281,0.30428582429885864
dfl_generated,dfl_evaluation_00,0.19858039915561676,37,PCC,C,3.1785342693328857,0.0,0.9628012776374817,0.6031783223152161,1.2072067260742188,53.24800109863281,0.30428582429885864
dfl_generated,dfl_evaluation_00,0.19858039915561676,38,PCC,A,3.259289503097534,0.0,0.8160651326179504,0.6654155254364014,1.2057188749313354,53.24800109863281,0.30065688490867615
dfl_generated,dfl_evaluation_00,0.19858039915561676,38,PCC,B,3.2580299377441406,0.0,0.8262069225311279,0.6654155254364014,1.2057188749313354,53.24800109863281,0.30065688490867615
dfl_generated,dfl_evaluation_00,0.19858039915561676,38,PCC,C,3.267259120941162,0.0,0.8244102001190186,0.6654155254364014,1.2057188749313354,53.24800109863281,0.30065688490867615
dfl_generated,dfl_evaluation_00,0.19858039915561676,39,PCC,A,3.0284926891326904,0.0,0.6618499159812927,0.5210045576095581,1.2001515626907349,53.24800109863281,0.29600295424461365
dfl_generated,dfl_evaluation_00,0.19858039915561676,39,PCC,B,3.030834913253784,0.0,0.665266215801239,0.5210045576095581,1.2001515626907349,53.24800109863281,0.29600295424461365
dfl_generated,dfl_evaluation_00,0.19858039915561676,39,PCC,C,3.0336952209472656,0.0,0.6895973682403564,0.5210045576095581,1.2001515626907349,53.24800109863281,0.29600295424461365
dfl_generated,dfl_evaluation_00,0.19858039915561676,40,PCC,A,3.079127788543701,0.0,0.3433281481266022,0.5631123185157776,1.1946183443069458,53.24800109863281,0.3068116307258606
dfl_generated,dfl_evaluation_00,0.19858039915561676,40,PCC,B,3.0773394107818604,0.0,0.3404103219509125,0.5631123185157776,1.1946183443069458,53.24800109863281,0.3068116307258606
dfl_generated,dfl_evaluation_00,0.19858039915561676,40,PCC,C,3.073958396911621,0.0,0.365387886762619,0.5631123185157776,1.1946183443069458,53.24800109863281,0.3068116307258606
dfl_generated,dfl_evaluation_00,0.19858039915561676,41,PCC,A,2.9909372329711914,0.0,0.09629931300878525,0.5185338854789734,1.180825114250183,53.24800109863281,0.310385525226593
dfl_generated,dfl_evaluation_00,0.19858039915561676,41,PCC,B,2.9910895824432373,0.0,0.09253767877817154,0.5185338854789734,1.180825114250183,53.24800109863281,0.310385525226593
dfl_generated,dfl_evaluation_00,0.19858039915561676,41,PCC,C,2.9905431270599365,0.0,0.09126561135053635,0.5185338854789734,1.180825114250183,53.24800109863281,0.310385525226593
dfl_generated,dfl_evaluation_00,0.19858039915561676,42,PCC,A,2.942239999771118,0.0,0.013607606291770935,0.501911997795105,1.1735554933547974,53.24800109863281,0.3077521026134491
dfl_generated,dfl_evaluation_00,0.19858039915561676,42,PCC,B,2.9396278858184814,0.0,0.013099638745188713,0.501911997795105,1.1735554933547974,53.24800109863281,0.3077521026134491
dfl_generated,dfl_evaluation_00,0.19858039915561676,42,PCC,C,2.939816474914551,0.0,0.012984227389097214,0.501911997795105,1.1735554933547974,53.24800109863281,0.3077521026134491
dfl_generated,dfl_evaluation_00,0.19858039915561676,43,PCC,A,3.029040575027466,0.0,0.00016567669808864594,0.5692486763000488,1.168107509613037,53.24800109863281,0.3109622299671173
dfl_generated,dfl_evaluation_00,0.19858039915561676,43,PCC,B,3.0278847217559814,0.0,0.00022370857186615467,0.5692486763000488,1.168107509613037,53.24800109863281,0.3109622299671173
dfl_generated,dfl_evaluation_00,0.19858039915561676,43,PCC,C,3.0292224884033203,0.0,0.00023382774088531733,0.5692486763000488,1.168107509613037,53.24800109863281,0.3109622299671173
dfl_generated,dfl_evaluation_00,0.19858039915561676,44,PCC,A,2.8575074672698975,0.0,1.797613663256925e-06,0.458400696516037,1.1654386520385742,53.24800109863281,0.3311428725719452
dfl_generated,dfl_evaluation_00,0.19858039915561676,44,PCC,B,2.861970901489258,0.0,2.3497188976762118e-06,0.458400696516037,1.1654386520385742,53.24800109863281,0.3311428725719452
dfl_generated,dfl_evaluation_00,0.19858039915561676,44,PCC,C,2.8591575622558594,0.0,4.229596925142687e-06,0.458400696516037,1.1654386520385742,53.24800109863281,0.3311428725719452
dfl_generated,dfl_evaluation_00,0.19858039915561676,45,PCC,A,2.7672924995422363,0.0,4.703475042333594e-06,0.39928483963012695,1.1624923944473267,53.24800109863281,0.31427091360092163
dfl_generated,dfl_evaluation_00,0.19858039915561676,45,PCC,B,2.767957925796509,0.0,4.620685103873257e-06,0.39928483963012695,1.1624923944473267,53.24800109863281,0.31427091360092163
dfl_generated,dfl_evaluation_00,0.19858039915561676,45,PCC,C,2.7690794467926025,0.0,0.0,0.39928483963012695,1.1624923944473267,53.24800109863281,0.31427091360092163
dfl_generated,dfl_evaluation_00,0.19858039915561676,46,PCC,A,2.7108349800109863,0.0,4.11901828556438e-06,0.3637107312679291,1.1614755392074585,53.24800109863281,0.32462915778160095
dfl_generated,dfl_evaluation_00,0.19858039915561676,46,PCC,B,2.7127273082733154,0.0,0.0,0.3637107312679291,1.1614755392074585,53.24800109863281,0.32462915778160095
dfl_generated,dfl_evaluation_00,0.19858039915561676,46,PCC,C,2.714296340942383,0.0,0.0,0.3637107312679291,1.1614755392074585,53.24800109863281,0.32462915778160095
dfl_generated,dfl_evaluation_00,0.19858039915561676,47,PCC,A,2.686241388320923,0.0,1.761660996635328e-06,0.34759950637817383,1.1596394777297974,53.24800109863281,0.33386075496673584
dfl_generated,dfl_evaluation_00,0.19858039915561676,47,PCC,B,2.685792922973633,0.0,4.855542556470027e-06,0.34759950637817383,1.1596394777297974,53.24800109863281,0.33386075496673584
dfl_generated,dfl_evaluation_00,0.19858039915561676,47,PCC,C,2.685009479522705,0.0,3.850083885481581e-06,0.34759950637817383,1.1596394777297974,53.24800109863281,0.33386075496673584
dfl_generated,dfl_evaluation_01,0.0023659924045205116,0,PCC,A,2.593402862548828,0.0,0.0,0.29431068897247314,1.1519278287887573,53.24800109863281,0.2992490231990814
dfl_generated,dfl_evaluation_01,0.0023659924045205116,0,PCC,B,2.592247247695923,0.0,0.0,0.29431068897247314,1.1519278287887573,53.24800109863281,0.2992490231990814
dfl_generated,dfl_evaluation_01,0.0023659924045205116,0,PCC,C,2.5910427570343018,0.0,9.391538355885132e-07,0.29431068897247314,1.1519278287887573,53.24800109863281,0.2992490231990814
dfl_generated,dfl_evaluation_01,0.0023659924045205116,1,PCC,A,2.6255133152008057,0.0,1.901153041217185e-06,0.3179371654987335,1.1511808633804321,34.72425079345703,0.3051099181175232
dfl_generated,dfl_evaluation_01,0.0023659924045205116,1,PCC,B,2.6260600090026855,0.0,0.0,0.3179371654987335,1.1511808633804321,34.72425079345703,0.3051099181175232
dfl_generated,dfl_evaluation_01,0.0023659924045205116,1,PCC,C,2.62565016746521,0.0,0.0,0.3179371654987335,1.1511808633804321,34.72425079345703,0.3051099181175232
dfl_generated,dfl_evaluation_01,0.0023659924045205116,2,PCC,A,2.4896419048309326,0.0,1.4660201941296691e-06,0.2232462614774704,1.150517463684082,34.72425079345703,0.2980826199054718
dfl_generated,dfl_evaluation_01,0.0023659924045205116,2,PCC,B,2.4884729385375977,0.0,6.422781098081032e-07,0.2232462614774704,1.150517463684082,34.72425079345703,0.2980826199054718
dfl_generated,dfl_evaluation_01,0.0023659924045205116,2,PCC,C,2.4896175861358643,0.0,0.0,0.2232462614774704,1.150517463684082,34.72425079345703,0.2980826199054718
dfl_generated,dfl_evaluation_01,0.0023659924045205116,3,PCC,A,2.546112298965454,0.0,7.81428411755769e-07,0.2633455991744995,1.1498780250549316,53.24800109863281,0.2998557388782501
dfl_generated,dfl_evaluation_01,0.0023659924045205116,3,PCC,B,2.546309471130371,0.0,1.7402993535142741e-06,0.2633455991744995,1.1498780250549316,53.24800109863281,0.2998557388782501
dfl_generated,dfl_evaluation_01,0.0023659924045205116,3,PCC,C,2.545722484588623,0.0,1.0608023330860306e-06,0.2633455991744995,1.1498780250549316,53.24800109863281,0.2998557388782501
dfl_generated,dfl_evaluation_01,0.0023659924045205116,4,PCC,A,2.606600761413574,0.0,0.0,0.3060445785522461,1.1497329473495483,53.24800109863281,0.29434648156166077
dfl_generated,dfl_evaluation_01,0.0023659924045205116,4,PCC,B,2.6070263385772705,0.0,0.0,0.3060445785522461,1.1497329473495483,53.24800109863281,0.29434648156166077
dfl_generated,dfl_evaluation_01,0.0023659924045205116,4,PCC,C,2.606830596923828,0.0,0.0,0.3060445785522461,1.1497329473495483,53.24800109863281,0.29434648156166077
dfl_generated,dfl_evaluation_01,0.0023659924045205116,5,PCC,A,2.577369451522827,0.0,0.003430224722251296,0.2850128710269928,1.1509956121444702,53.24800109863281,0.27748173475265503
dfl_generated,dfl_evaluation_01,0.0023659924045205116,5,PCC,B,2.5769288539886475,0.0,0.003406616160646081,0.2850128710269928,1.1509956121444702,53.24800109863281,0.27748173475265503
dfl_generated,dfl_evaluation_01,0.0023659924045205116,5,PCC,C,2.5772783756256104,0.0,0.0033602453768253326,0.2850128710269928,1.1509956121444702,53.24800109863281,0.27748173475265503
dfl_generated,dfl_evaluation_01,0.0023659924045205116,6,PCC,A,2.766585350036621,0.0,0.04481932520866394,0.4131304621696472,1.1525814533233643,121.88175201416016,0.2616504430770874
dfl_generated,dfl_evaluation_01,0.0023659924045205116,6,PCC,B,2.7665905952453613,0.0,0.045555755496025085,0.4131304621696472,1.1525814533233643,121.88175201416016,0.2616504430770874
dfl_generated,dfl_evaluation_01,0.0023659924045205116,6,PCC,C,2.766955614089966,0.0,0.04399767518043518,0.4131304621696472,1.1525814533233643,121.88175201416016,0.2616504430770874
dfl_generated,dfl_evaluation_01,0.0023659924045205116,7,PCC,A,3.0289266109466553,0.0,0.17202958464622498,0.5887197852134705,1.1560204029083252,121.88175201416016,0.25882238149642944
dfl_generated,dfl_evaluation_01,0.0023659924045205116,7,PCC,B,3.02811598777771,0.0,0.16915066540241241,0.5887197852134705,1.1560204029083252,121.88175201416016,0.25882238149642944
dfl_generated,dfl_evaluation_01,0.0023659924045205116,7,PCC,C,3.0315022468566895,0.0,0.15510043501853943,0.5887197852134705,1.1560204029083252,121.88175201416016,0.25882238149642944
dfl_generated,dfl_evaluation_01,0.0023659924045205116,8,PCC,A,2.78906512260437,0.0,0.45843639969825745,0.41616514325141907,1.1623622179031372,121.88175201416016,0.2433839589357376
dfl_generated,dfl_evaluation_01,0.0023659924045205116,8,PCC,B,2.7905685901641846,0.0,0.46656280755996704,0.41616514325141907,1.1623622179031372,121.88175201416016,0.2433839589357376
dfl_generated,dfl_evaluation_01,0.0023659924045205116,8,PCC,C,2.7888917922973633,0.0,0.46575573086738586,0.41616514325141907,1.1623622179031372,121.88175201416016,0.2433839589357376
dfl_generated,dfl_evaluation_01,0.0023659924045205116,9,PCC,A,2.939455032348633,0.0,0.7470266819000244,0.5137431621551514,1.1655032634735107,121.88175201416016,0.22375410795211792
dfl_generated,dfl_evaluation_01,0.0023659924045205116,9,PCC,B,2.943497896194458,0.0,0.7544965147972107,0.5137431621551514,1.1655032634735107,121.88175201416016,0.22375410795211792
dfl_generated,dfl_evaluation_01,0.0023659924045205116,9,PCC,C,2.9403700828552246,0.0,0.7472431659698486,0.5137431621551514,1.1655032634735107,121.88175201416016,0.22375410795211792
dfl_generated,dfl_evaluation_01,0.0023659924045205116,10,PCC,A,2.7273988723754883,0.0,0.9066867232322693,0.3643687963485718,1.168841004371643,53.24800109863281,0.2526906728744507
dfl_generated,dfl_evaluation_01,0.0023659924045205116,10,PCC,B,2.724595546722412,0.0,0.9035665392875671,0.3643687963485718,1.168841004371643,53.24800109863281,0.2526906728744507
dfl_generated,dfl_evaluation_01,0.0023659924045205116,10,PCC,C,2.7203946113586426,0.0,0.897303581237793,0.3643687963485718,1.168841004371643,53.24800109863281,0.2526906728744507
dfl_generated,dfl_evaluation_01,0.0023659924045205116,11,PCC,A,2.730607271194458,0.0,1.0106984376907349,0.36136627197265625,1.1704473495483398,53.24800109863281,0.27070391178131104
dfl_generated,dfl_evaluation_01,0.0023659924045205116,11,PCC,B,2.7253291606903076,0.0,1.0083764791488647,0.36136627197265625,1.1704473495483398,53.24800109863281,0.27070391178131104
dfl_generated,dfl_evaluation_01,0.0023659924045205116,11,PCC,C,2.7280800342559814,0.0,0.9907683730125427,0.36136627197265625,1.1704473495483398,53.24800109863281,0.27070391178131104
dfl_generated,dfl_evaluation_01,0.0023659924045205116,12,PCC,A,2.9899346828460693,0.0,1.0858148336410522,0.5383059978485107,1.1712790727615356,34.72425079345703,0.2710925340652466
dfl_generated,dfl_evaluation_01,0.0023659924045205116,12,PCC,B,2.998728036880493,0.0,1.0757399797439575,0.5383059978485107,1.1712790727615356,34.72425079345703,0.2710925340652466
dfl_generated,dfl_evaluation_01,0.0023659924045205116,12,PCC,C,2.9966208934783936,0.0,1.0805803537368774,0.5383059978485107,1.1712790727615356,34.72425079345703,0.2710925340652466
dfl_generated,dfl_evaluation_01,0.0023659924045205116,13,PCC,A,3.09287691116333,0.0,1.0577107667922974,0.6031783223152161,1.1723846197128296,34.72425079345703,0.2688519060611725
dfl_generated,dfl_evaluation_01,0.0023659924045205116,13,PCC,B,3.0918679237365723,0.0,1.0282299518585205,0.6031783223152161,1.1723846197128296,34.72425079345703,0.2688519060611725
dfl_generated,dfl_evaluation_01,0.0023659924045205116,13,PCC,C,3.089078426361084,0.0,1.0367710590362549,0.6031783223152161,1.1723846197128296,34.72425079345703,0.2688519060611725
dfl_generated,dfl_evaluation_01,0.0023659924045205116,14,PCC,A,3.1790850162506104,0.0,0.9216926693916321,0.6654155254364014,1.1751656532287598,34.72425079345703,0.2640063762664795
dfl_generated,dfl_evaluation_01,0.0023659924045205116,14,PCC,B,3.1841189861297607,0.0,0.9109823107719421,0.6654155254364014,1.1751656532287598,34.72425079345703,0.2640063762664795
dfl_generated,dfl_evaluation_01,0.0023659924045205116,14,PCC,C,3.1830661296844482,0.0,0.9195252656936646,0.6654155254364014,1.1751656532287598,34.72425079345703,0.2640063762664795
dfl_generated,dfl_evaluation_01,0.0023659924045205116,15,PCC,A,2.967442035675049,0.0,0.7243015170097351,0.5210045576095581,1.1759328842163086,34.72425079345703,0.2691861391067505
dfl_generated,dfl_evaluation_01,0.0023659924045205116,15,PCC,B,2.9627301692962646,0.0,0.7180286049842834,0.5210045576095581,1.1759328842163086,34.72425079345703,0.2691861391067505
dfl_generated,dfl_evaluation_01,0.0023659924045205116,15,PCC,C,2.9705047607421875,0.0,0.7200961709022522,0.5210045576095581,1.1759328842163086,34.72425079345703,0.2691861391067505
dfl_generated,dfl_evaluation_01,0.0023659924045205116,16,PCC,A,3.0275089740753174,0.0,0.5002031326293945,0.5631123185157776,1.173870325088501,53.24800109863281,0.26828497648239136
dfl_generated,dfl_evaluation_01,0.0023659924045205116,16,PCC,B,3.0271804332733154,0.0,0.48927566409111023,0.5631123185157776,1.173870325088501,53.24800109863281,0.26828497648239136
dfl_generated,dfl_evaluation_01,0.0023659924045205116,16,PCC,C,3.0210280418395996,0.0,0.4954623579978943,0.5631123185157776,1.173870325088501,53.24800109863281,0.26828497648239136
dfl_generated,dfl_evaluation_01,0.0023659924045205116,17,PCC,A,2.954486131668091,0.0,0.18708884716033936,0.5185338854789734,1.1690682172775269,53.24800109863281,0.26483115553855896
dfl_generated,dfl_evaluation_01,0.0023659924045205116,17,PCC,B,2.953934907913208,0.0,0.1874561905860901,0.5185338854789734,1.1690682172775269,53.24800109863281,0.26483115553855896
dfl_generated,dfl_evaluation_01,0.0023659924045205116,17,PCC,C,2.9566490650177,0.0,0.1848200559616089,0.5185338854789734,1.1690682172775269,53.24800109863281,0.26483115553855896
dfl_generated,dfl_evaluation_01,0.0023659924045205116,18,PCC,A,2.9208593368530273,0.0,0.03664550930261612,0.501911997795105,1.1634373664855957,53.24800109863281,0.26787182688713074
dfl_generated,dfl_evaluation_01,0.0023659924045205116,18,PCC,B,2.919297218322754,0.0,0.04001078009605408,0.501911997795105,1.1634373664855957,53.24800109863281,0.26787182688713074
dfl_generated,dfl_evaluation_01,0.0023659924045205116,18,PCC,C,2.9217686653137207,0.0,0.036733753979206085,0.501911997795105,1.1634373664855957,53.24800109863281,0.26787182688713074
dfl_generated,dfl_evaluation_01,0.0023659924045205116,19,PCC,A,3.004983901977539,0.0,0.0020433112513273954,0.5692486763000488,1.158731460571289,53.24800109863281,0.2708938419818878
dfl_generated,dfl_evaluation_01,0.0023659924045205116,19,PCC,B,3.0051348209381104,0.0,0.002280058804899454,0.5692486763000488,1.158731460571289,53.24800109863281,0.2708938419818878
dfl_generated,dfl_evaluation_01,0.0023659924045205116,19,PCC,C,3.005756139755249,0.0,0.0020777934696525335,0.5692486763000488,1.158731460571289,53.24800109863281,0.2708938419818878
dfl_generated,dfl_evaluation_01,0.0023659924045205116,20,PCC,A,2.841282844543457,0.0,0.0,0.458400696516037,1.1576564311981201,53.24800109863281,0.27831941843032837
dfl_generated,dfl_evaluation_01,0.0023659924045205116,20,PCC,B,2.8422608375549316,0.0,0.0,0.458400696516037,1.1576564311981201,53.24800109863281,0.27831941843032837
dfl_generated,dfl_evaluation_01,0.0023659924045205116,20,PCC,C,2.843217372894287,0.0,2.3112789904189412e-07,0.458400696516037,1.1576564311981201,53.24800109863281,0.27831941843032837
dfl_generated,dfl_evaluation_01,0.0023659924045205116,21,PCC,A,2.751854658126831,0.0,0.0,0.39928483963012695,1.1562262773513794,53.24800109863281,0.2846474349498749
dfl_generated,dfl_evaluation_01,0.0023659924045205116,21,PCC,B,2.7509610652923584,0.0,0.0,0.39928483963012695,1.1562262773513794,53.24800109863281,0.2846474349498749
dfl_generated,dfl_evaluation_01,0.0023659924045205116,21,PCC,C,2.7512617111206055,0.0,1.85818112186098e-06,0.39928483963012695,1.1562262773513794,53.24800109863281,0.2846474349498749
dfl_generated,dfl_evaluation_01,0.0023659924045205116,22,PCC,A,2.698129653930664,0.0,0.0,0.3637107312679291,1.1548455953598022,53.24800109863281,0.2889626920223236
dfl_generated,dfl_evaluation_01,0.0023659924045205116,22,PCC,B,2.6987476348876953,0.0,1.7238711507161497e-06,0.3637107312679291,1.1548455953598022,53.24800109863281,0.2889626920223236
dfl_generated,dfl_evaluation_01,0.0023659924045205116,22,PCC,C,2.6990408897399902,0.0,0.0,0.3637107312679291,1.1548455953598022,53.24800109863281,0.2889626920223236
dfl_generated,dfl_evaluation_01,0.0023659924045205116,23,PCC,A,2.6743662357330322,0.0,0.0,0.34759950637817383,1.153897762298584,53.24800109863281,0.2945786416530609
dfl_generated,dfl_evaluation_01,0.0023659924045205116,23,PCC,B,2.6726937294006348,0.0,0.0,0.34759950637817383,1.153897762298584,53.24800109863281,0.2945786416530609
dfl_generated,dfl_evaluation_01,0.0023659924045205116,23,PCC,C,2.6713802814483643,0.0,0.0,0.34759950637817383,1.153897762298584,53.24800109863281,0.2945786416530609
dfl_generated,dfl_evaluation_01,0.0023659924045205116,24,PCC,A,2.5955421924591064,0.0,9.407195733501794e-08,0.29431068897247314,1.1528465747833252,53.24800109863281,0.2901887595653534
dfl_generated,dfl_evaluation_01,0.0023659924045205116,24,PCC,B,2.5961685180664062,0.0,4.244103820383316e-06,0.29431068897247314,1.1528465747833252,53.24800109863281,0.2901887595653534
dfl_generated,dfl_evaluation_01,0.0023659924045205116,24,PCC,C,2.593926429748535,0.0,0.0,0.29431068897247314,1.1528465747833252,53.24800109863281,0.2901887595653534
dfl_generated,dfl_evaluation_01,0.0023659924045205116,25,PCC,A,2.628460168838501,0.0,0.0,0.3179371654987335,1.1522072553634644,34.72425079345703,0.30493447184562683
dfl_generated,dfl_evaluation_01,0.0023659924045205116,25,PCC,B,2.628960609436035,0.0,0.0,0.3179371654987335,1.1522072553634644,34.72425079345703,0.30493447184562683
dfl_generated,dfl_evaluation_01,0.0023659924045205116,25,PCC,C,2.628661870956421,0.0,0.0,0.3179371654987335,1.1522072553634644,34.72425079345703,0.30493447184562683
dfl_generated,dfl_evaluation_01,0.0023659924045205116,26,PCC,A,2.491039514541626,0.0,2.7774842692451784e-06,0.2232462614774704,1.151971697807312,34.72425079345703,0.31957635283470154
dfl_generated,dfl_evaluation_01,0.0023659924045205116,26,PCC,B,2.490356206893921,0.0,0.0,0.2232462614774704,1.151971697807312,34.72425079345703,0.31957635283470154
dfl_generated,dfl_evaluation_01,0.0023659924045205116,26,PCC,C,2.4905147552490234,0.0,0.0,0.2232462614774704,1.151971697807312,34.72425079345703,0.31957635283470154
dfl_generated,dfl_evaluation_01,0.0023659924045205116,27,PCC,A,2.548912763595581,0.0,5.475221769302152e-06,0.2633455991744995,1.1518456935882568,53.24800109863281,0.29918622970581055
dfl_generated,dfl_evaluation_01,0.0023659924045205116,27,PCC,B,2.5491750240325928,0.0,2.0699476408481132e-06,0.2633455991744995,1.1518456935882568,53.24800109863281,0.29918622970581055
dfl_generated,dfl_evaluation_01,0.0023659924045205116,27,PCC,C,2.549348831176758,0.0,0.0,0.2633455991744995,1.1518456935882568,53.24800109863281,0.29918622970581055
dfl_generated,dfl_evaluation_01,0.0023659924045205116,28,PCC,A,2.6101510524749756,0.0,7.124477292563824e-07,0.3060445785522461,1.1520979404449463,53.24800109863281,0.293497771024704
dfl_generated,dfl_evaluation_01,0.0023659924045205116,28,PCC,B,2.6102986335754395,0.0,1.5187971484920126e-06,0.3060445785522461,1.1520979404449463,53.24800109863281,0.293497771024704
dfl_generated,dfl_evaluation_01,0.0023659924045205116,28,PCC,C,2.610037326812744,0.0,0.0,0.3060445785522461,1.1520979404449463,53.24800109863281,0.293497771024704
dfl_generated,dfl_evaluation_01,0.0023659924045205116,29,PCC,A,2.5809693336486816,0.0,0.003091625403612852,0.2850128710269928,1.1519232988357544,53.24800109863281,0.275783896446228
dfl_generated,dfl_evaluation_01,0.0023659924045205116,29,PCC,B,2.5815553665161133,0.0,0.0034046778455376625,0.2850128710269928,1.1519232988357544,53.24800109863281,0.275783896446228
dfl_generated,dfl_evaluation_01,0.0023659924045205116,29,PCC,C,2.5810039043426514,0.0,0.003454644000157714,0.2850128710269928,1.1519232988357544,53.24800109863281,0.275783896446228
dfl_generated,dfl_evaluation_01,0.0023659924045205116,30,PCC,A,2.769514322280884,0.0,0.043624505400657654,0.4131304621696472,1.1538068056106567,121.88175201416016,0.2626810371875763
dfl_generated,dfl_evaluation_01,0.0023659924045205116,30,PCC,B,2.7702858448028564,0.0,0.04341187700629234,0.4131304621696472,1.1538068056106567,121.88175201416016,0.2626810371875763
dfl_generated,dfl_evaluation_01,0.0023659924045205116,30,PCC,C,2.7694177627563477,0.0,0.04409969225525856,0.4131304621696472,1.1538068056106567,121.88175201416016,0.2626810371875763
dfl_generated,dfl_evaluation_01,0.0023659924045205116,31,PCC,A,3.032043933868408,0.0,0.14344295859336853,0.5887197852134705,1.1578450202941895,121.88175201416016,0.25552529096603394
dfl_generated,dfl_evaluation_01,0.0023659924045205116,31,PCC,B,3.03316068649292,0.0,0.14770008623600006,0.5887197852134705,1.1578450202941895,121.88175201416016,0.25552529096603394
dfl_generated,dfl_evaluation_01,0.0023659924045205116,31,PCC,C,3.0316405296325684,0.0,0.1394987404346466,0.5887197852134705,1.1578450202941895,121.88175201416016,0.25552529096603394
dfl_generated,dfl_evaluation_01,0.0023659924045205116,32,PCC,A,2.7901251316070557,0.0,0.3896385431289673,0.41616514325141907,1.1622008085250854,121.88175201416016,0.24395181238651276
dfl_generated,dfl_evaluation_01,0.0023659924045205116,32,PCC,B,2.7908575534820557,0.0,0.3890707194805145,0.41616514325141907,1.1622008085250854,121.88175201416016,0.24395181238651276
dfl_generated,dfl_evaluation_01,0.0023659924045205116,32,PCC,C,2.7893924713134766,0.0,0.3836798667907715,0.41616514325141907,1.1622008085250854,121.88175201416016,0.24395181238651276
dfl_generated,dfl_evaluation_01,0.0023659924045205116,33,PCC,A,2.94374680519104,0.0,0.6149787902832031,0.5137431621551514,1.1641912460327148,121.88175201416016,0.2542286217212677
dfl_generated,dfl_evaluation_01,0.0023659924045205116,33,PCC,B,2.9417903423309326,0.0,0.6244926452636719,0.5137431621551514,1.1641912460327148,121.88175201416016,0.2542286217212677
dfl_generated,dfl_evaluation_01,0.0023659924045205116,33,PCC,C,2.9389712810516357,0.0,0.6118972301483154,0.5137431621551514,1.1641912460327148,121.88175201416016,0.2542286217212677
dfl_generated,dfl_evaluation_01,0.0023659924045205116,34,PCC,A,2.733715295791626,0.0,0.8012198805809021,0.3643687963485718,1.1649212837219238,53.24800109863281,0.26340189576148987
dfl_generated,dfl_evaluation_01,0.0023659924045205116,34,PCC,B,2.7307701110839844,0.0,0.7808578610420227,0.3643687963485718,1.1649212837219238,53.24800109863281,0.26340189576148987
dfl_generated,dfl_evaluation_01,0.0023659924045205116,34,PCC,C,2.7279458045959473,0.0,0.7785719633102417,0.3643687963485718,1.1649212837219238,53.24800109863281,0.26340189576148987
dfl_generated,dfl_evaluation_01,0.0023659924045205116,35,PCC,A,2.7284958362579346,0.0,0.851933479309082,0.36136627197265625,1.1683578491210938,53.24800109863281,0.2726325988769531
dfl_generated,dfl_evaluation_01,0.0023659924045205116,35,PCC,B,2.7285313606262207,0.0,0.8456723690032959,0.36136627197265625,1.1683578491210938,53.24800109863281,0.2726325988769531
dfl_generated,dfl_evaluation_01,0.0023659924045205116,35,PCC,C,2.7307050228118896,0.0,0.8575665354728699,0.36136627197265625,1.1683578491210938,53.24800109863281,0.2726325988769531
dfl_generated,dfl_evaluation_01,0.0023659924045205116,36,PCC,A,2.996788263320923,0.0,0.9096243977546692,0.5383059978485107,1.171730637550354,34.72425079345703,0.276040643453598
dfl_generated,dfl_evaluation_01,0.0023659924045205116,36,PCC,B,2.9904561042785645,0.0,0.9007092118263245,0.5383059978485107,1.171730637550354,34.72425079345703,0.276040643453598
dfl_generated,dfl_evaluation_01,0.0023659924045205116,36,PCC,C,2.9934945106506348,0.0,0.8987550139427185,0.5383059978485107,1.171730637550354,34.72425079345703,0.276040643453598
dfl_generated,dfl_evaluation_01,0.0023659924045205116,37,PCC,A,3.093388319015503,0.0,0.9108713269233704,0.6031783223152161,1.1732325553894043,34.72425079345703,0.2736765742301941
dfl_generated,dfl_evaluation_01,0.0023659924045205116,37,PCC,B,3.0889594554901123,0.0,0.8844159841537476,0.6031783223152161,1.1732325553894043,34.72425079345703,0.2736765742301941
dfl_generated,dfl_evaluation_01,0.0023659924045205116,37,PCC,C,3.0907809734344482,0.0,0.9089207053184509,0.6031783223152161,1.1732325553894043,34.72425079345703,0.2736765742301941
dfl_generated,dfl_evaluation_01,0.0023659924045205116,38,PCC,A,3.1788506507873535,0.0,0.7655560970306396,0.6654155254364014,1.177093505859375,34.72425079345703,0.2759961187839508
dfl_generated,dfl_evaluation_01,0.0023659924045205116,38,PCC,B,3.183350086212158,0.0,0.7677565217018127,0.6654155254364014,1.177093505859375,34.72425079345703,0.2759961187839508
dfl_generated,dfl_evaluation_01,0.0023659924045205116,38,PCC,C,3.1868536472320557,0.0,0.7778744697570801,0.6654155254364014,1.177093505859375,34.72425079345703,0.2759961187839508
dfl_generated,dfl_evaluation_01,0.0023659924045205116,39,PCC,A,2.969184160232544,0.0,0.6393134593963623,0.5210045576095581,1.170440435409546,34.72425079345703,0.2768990993499756
dfl_generated,dfl_evaluation_01,0.0023659924045205116,39,PCC,B,2.968810558319092,0.0,0.650826096534729,0.5210045576095581,1.170440435409546,34.72425079345703,0.2768990993499756
dfl_generated,dfl_evaluation_01,0.0023659924045205116,39,PCC,C,2.970766305923462,0.0,0.662970781326294,0.5210045576095581,1.170440435409546,34.72425079345703,0.2768990993499756
dfl_generated,dfl_evaluation_01,0.0023659924045205116,40,PCC,A,3.028129816055298,0.0,0.4504554271697998,0.5631123185157776,1.171805739402771,53.24800109863281,0.2727208733558655
dfl_generated,dfl_evaluation_01,0.0023659924045205116,40,PCC,B,3.0263915061950684,0.0,0.4493318498134613,0.5631123185157776,1.171805739402771,53.24800109863281,0.2727208733558655
dfl_generated,dfl_evaluation_01,0.0023659924045205116,40,PCC,C,3.02177095413208,0.0,0.43513190746307373,0.5631123185157776,1.171805739402771,53.24800109863281,0.2727208733558655
dfl_generated,dfl_evaluation_01,0.0023659924045205116,41,PCC,A,2.9508066177368164,0.0,0.18685898184776306,0.5185338854789734,1.1676644086837769,53.24800109863281,0.26851749420166016
dfl_generated,dfl_evaluation_01,0.0023659924045205116,41,PCC,B,2.95894193649292,0.0,0.18053200840950012,0.5185338854789734,1.1676644086837769,53.24800109863281,0.26851749420166016
dfl_generated,dfl_evaluation_01,0.0023659924045205116,41,PCC,C,2.9528214931488037,0.0,0.19223427772521973,0.5185338854789734,1.1676644086837769,53.24800109863281,0.26851749420166016
dfl_generated,dfl_evaluation_01,0.0023659924045205116,42,PCC,A,2.9243850708007812,0.0,0.03701347857713699,0.501911997795105,1.1637028455734253,53.24800109863281,0.26059868931770325
dfl_generated,dfl_evaluation_01,0.0023659924045205116,42,PCC,B,2.920085906982422,0.0,0.038272298872470856,0.501911997795105,1.1637028455734253,53.24800109863281,0.26059868931770325
dfl_generated,dfl_evaluation_01,0.0023659924045205116,42,PCC,C,2.917346715927124,0.0,0.037968315184116364,0.501911997795105,1.1637028455734253,53.24800109863281,0.26059868931770325
dfl_generated,dfl_evaluation_01,0.0023659924045205116,43,PCC,A,3.010753631591797,0.0,0.0022586374543607235,0.5692486763000488,1.1597167253494263,53.24800109863281,0.2681925296783447
dfl_generated,dfl_evaluation_01,0.0023659924045205116,43,PCC,B,3.0075721740722656,0.0,0.002472455147653818,0.5692486763000488,1.1597167253494263,53.24800109863281,0.2681925296783447
dfl_generated,dfl_evaluation_01,0.0023659924045205116,43,PCC,C,3.0094377994537354,0.0,0.002288305899128318,0.5692486763000488,1.1597167253494263,53.24800109863281,0.2681925296783447
dfl_generated,dfl_evaluation_01,0.0023659924045205116,44,PCC,A,2.8419618606567383,0.0,2.074334588542115e-06,0.458400696516037,1.1561594009399414,53.24800109863281,0.2772642970085144
dfl_generated,dfl_evaluation_01,0.0023659924045205116,44,PCC,B,2.8443565368652344,0.0,1.164167201750388e-06,0.458400696516037,1.1561594009399414,53.24800109863281,0.2772642970085144
dfl_generated,dfl_evaluation_01,0.0023659924045205116,44,PCC,C,2.8408594131469727,0.0,5.090882496006088e-06,0.458400696516037,1.1561594009399414,53.24800109863281,0.2772642970085144
dfl_generated,dfl_evaluation_01,0.0023659924045205116,45,PCC,A,2.7530312538146973,0.0,1.205918010782625e-06,0.39928483963012695,1.155655860900879,53.24800109863281,0.27474141120910645
dfl_generated,dfl_evaluation_01,0.0023659924045205116,45,PCC,B,2.7536544799804688,0.0,3.738314489964978e-06,0.39928483963012695,1.155655860900879,53.24800109863281,0.27474141120910645
dfl_generated,dfl_evaluation_01,0.0023659924045205116,45,PCC,C,2.7523601055145264,0.0,1.829702682698553e-06,0.39928483963012695,1.155655860900879,53.24800109863281,0.27474141120910645
dfl_generated,dfl_evaluation_01,0.0023659924045205116,46,PCC,A,2.6987922191619873,0.0,0.0,0.3637107312679291,1.1547000408172607,53.24800109863281,0.28954410552978516
dfl_generated,dfl_evaluation_01,0.0023659924045205116,46,PCC,B,2.698087692260742,0.0,0.0,0.3637107312679291,1.1547000408172607,53.24800109863281,0.28954410552978516
dfl_generated,dfl_evaluation_01,0.0023659924045205116,46,PCC,C,2.7004342079162598,0.0,2.5381364139320794e-06,0.3637107312679291,1.1547000408172607,53.24800109863281,0.28954410552978516
dfl_generated,dfl_evaluation_01,0.0023659924045205116,47,PCC,A,2.6748223304748535,0.0,1.8448862419973011e-06,0.34759950637817383,1.1544437408447266,53.24800109863281,0.2950558066368103
dfl_generated,dfl_evaluation_01,0.0023659924045205116,47,PCC,B,2.6751761436462402,0.0,2.814000254147686e-06,0.34759950637817383,1.1544437408447266,53.24800109863281,0.2950558066368103
dfl_generated,dfl_evaluation_01,0.0023659924045205116,47,PCC,C,2.6754696369171143,0.0,1.413156041962793e-06,0.34759950637817383,1.1544437408447266,53.24800109863281,0.2950558066368103
dfl_generated,dfl_evaluation_02,0.0023659924045205116,0,PCC,A,2.602698802947998,0.0,2.0198187655751099e-07,0.29431068897247314,1.1570395231246948,53.24800109863281,0.34689104557037354
dfl_generated,dfl_evaluation_02,0.0023659924045205116,0,PCC,B,2.60414719581604,0.0,0.0,0.29431068897247314,1.1570395231246948,53.24800109863281,0.34689104557037354
dfl_generated,dfl_evaluation_02,0.0023659924045205116,0,PCC,C,2.602919340133667,0.0,0.0,0.29431068897247314,1.1570395231246948,53.24800109863281,0.34689104557037354
dfl_generated,dfl_evaluation_02,0.0023659924045205116,1,PCC,A,2.6350815296173096,0.0,2.650568148965249e-06,0.3179371654987335,1.1553245782852173,34.72425079345703,0.33709976077079773
dfl_generated,dfl_evaluation_02,0.0023659924045205116,1,PCC,B,2.635631561279297,0.0,0.0,0.3179371654987335,1.1553245782852173,34.72425079345703,0.33709976077079773
dfl_generated,dfl_evaluation_02,0.0023659924045205116,1,PCC,C,2.6351892948150635,0.0,0.0,0.3179371654987335,1.1553245782852173,34.72425079345703,0.33709976077079773
dfl_generated,dfl_evaluation_02,0.0023659924045205116,2,PCC,A,2.497685670852661,0.0,0.0,0.2232462614774704,1.1543090343475342,34.72425079345703,0.34574276208877563
dfl_generated,dfl_evaluation_02,0.0023659924045205116,2,PCC,B,2.4967291355133057,0.0,1.9022165815840708e-06,0.2232462614774704,1.1543090343475342,34.72425079345703,0.34574276208877563
dfl_generated,dfl_evaluation_02,0.0023659924045205116,2,PCC,C,2.496973991394043,0.0,0.0,0.2232462614774704,1.1543090343475342,34.72425079345703,0.34574276208877563
dfl_generated,dfl_evaluation_02,0.0023659924045205116,3,PCC,A,2.551752805709839,0.0,0.0,0.2633455991744995,1.15367591381073,34.72425079345703,0.34128424525260925
dfl_generated,dfl_evaluation_02,0.0023659924045205116,3,PCC,B,2.5528783798217773,0.0,1.6860498135429225e-06,0.2633455991744995,1.15367591381073,34.72425079345703,0.34128424525260925
dfl_generated,dfl_evaluation_02,0.0023659924045205116,3,PCC,C,2.5527806282043457,0.0,5.639180358230078e-07,0.2633455991744995,1.15367591381073,34.72425079345703,0.34128424525260925
dfl_generated,dfl_evaluation_02,0.0023659924045205116,4,PCC,A,2.61242413520813,0.0,1.6021955389078357e-06,0.3060445785522461,1.152640461921692,34.72425079345703,0.34327390789985657
dfl_generated,dfl_evaluation_02,0.0023659924045205116,4,PCC,B,2.6133952140808105,0.0,1.116015710067586e-06,0.3060445785522461,1.152640461921692,34.72425079345703,0.34327390789985657
dfl_generated,dfl_evaluation_02,0.0023659924045205116,4,PCC,C,2.612175464630127,0.0,0.0,0.3060445785522461,1.152640461921692,34.72425079345703,0.34327390789985657
dfl_generated,dfl_evaluation_02,0.0023659924045205116,5,PCC,A,2.583380699157715,0.0,0.0010511253494769335,0.2850128710269928,1.1533139944076538,34.72425079345703,0.3392537236213684
dfl_generated,dfl_evaluation_02,0.0023659924045205116,5,PCC,B,2.5835037231445312,0.0,0.0011230147210881114,0.2850128710269928,1.1533139944076538,34.72425079345703,0.3392537236213684
dfl_generated,dfl_evaluation_02,0.0023659924045205116,5,PCC,C,2.5832109451293945,0.0,0.0010181559482589364,0.2850128710269928,1.1533139944076538,34.72425079345703,0.3392537236213684
dfl_generated,dfl_evaluation_02,0.0023659924045205116,6,PCC,A,2.7734599113464355,0.0,0.02827238105237484,0.4131304621696472,1.1553966999053955,53.24800109863281,0.3283877968788147
dfl_generated,dfl_evaluation_02,0.0023659924045205116,6,PCC,B,2.773102283477783,0.0,0.02717508003115654,0.4131304621696472,1.1553966999053955,53.24800109863281,0.3283877968788147
dfl_generated,dfl_evaluation_02,0.0023659924045205116,6,PCC,C,2.7737903594970703,0.0,0.028375621885061264,0.4131304621696472,1.1553966999053955,53.24800109863281,0.3283877968788147
dfl_generated,dfl_evaluation_02,0.0023659924045205116,7,PCC,A,3.046308755874634,0.0,0.24636217951774597,0.5887197852134705,1.1650454998016357,53.24800109863281,0.31934860348701477
dfl_generated,dfl_evaluation_02,0.0023659924045205116,7,PCC,B,3.044861316680908,0.0,0.2530839443206787,0.5887197852134705,1.1650454998016357,53.24800109863281,0.31934860348701477
dfl_generated,dfl_evaluation_02,0.0023659924045205116,7,PCC,C,3.044188976287842,0.0,0.24567075073719025,0.5887197852134705,1.1650454998016357,53.24800109863281,0.31934860348701477
dfl_generated,dfl_evaluation_02,0.0023659924045205116,8,PCC,A,2.8143839836120605,0.0,0.569815993309021,0.41616514325141907,1.1738686561584473,53.24800109863281,0.2900306284427643
dfl_generated,dfl_evaluation_02,0.0023659924045205116,8,PCC,B,2.8135857582092285,0.0,0.572409987449646,0.41616514325141907,1.1738686561584473,53.24800109863281,0.2900306284427643
dfl_generated,dfl_evaluation_02,0.0023659924045205116,8,PCC,C,2.813457489013672,0.0,0.5849632620811462,0.41616514325141907,1.1738686561584473,53.24800109863281,0.2900306284427643
dfl_generated,dfl_evaluation_02,0.0023659924045205116,9,PCC,A,2.9787862300872803,0.0,0.8445937037467957,0.5137431621551514,1.1844820976257324,53.24800109863281,0.26035359501838684
dfl_generated,dfl_evaluation_02,0.0023659924045205116,9,PCC,B,2.9794211387634277,0.0,0.8548063635826111,0.5137431621551514,1.1844820976257324,53.24800109863281,0.26035359501838684
dfl_generated,dfl_evaluation_02,0.0023659924045205116,9,PCC,C,2.9806103706359863,0.0,0.8464975953102112,0.5137431621551514,1.1844820976257324,53.24800109863281,0.26035359501838684
dfl_generated,dfl_evaluation_02,0.0023659924045205116,10,PCC,A,2.7744832038879395,0.0,0.9957494139671326,0.3643687963485718,1.1900001764297485,53.24800109863281,0.2960664927959442
dfl_generated,dfl_evaluation_02,0.0023659924045205116,10,PCC,B,2.7758331298828125,0.0,1.0110186338424683,0.3643687963485718,1.1900001764297485,53.24800109863281,0.2960664927959442
dfl_generated,dfl_evaluation_02,0.0023659924045205116,10,PCC,C,2.7724392414093018,0.0,1.009013056755066,0.3643687963485718,1.1900001764297485,53.24800109863281,0.2960664927959442
dfl_generated,dfl_evaluation_02,0.0023659924045205116,11,PCC,A,2.7793984413146973,0.0,1.080855369567871,0.36136627197265625,1.1965222358703613,53.24800109863281,0.3263557255268097
dfl_generated,dfl_evaluation_02,0.0023659924045205116,11,PCC,B,2.781069755554199,0.0,1.1051467657089233,0.36136627197265625,1.1965222358703613,53.24800109863281,0.3263557255268097
dfl_generated,dfl_evaluation_02,0.0023659924045205116,11,PCC,C,2.7814993858337402,0.0,1.071168065071106,0.36136627197265625,1.1965222358703613,53.24800109863281,0.3263557255268097
dfl_generated,dfl_evaluation_02,0.0023659924045205116,12,PCC,A,3.0605063438415527,0.0,1.0738329887390137,0.5383059978485107,1.2022649049758911,53.24800109863281,0.3145642876625061
dfl_generated,dfl_evaluation_02,0.0023659924045205116,12,PCC,B,3.0623347759246826,0.0,1.0882517099380493,0.5383059978485107,1.2022649049758911,53.24800109863281,0.3145642876625061
dfl_generated,dfl_evaluation_02,0.0023659924045205116,12,PCC,C,3.0616681575775146,0.0,1.0880566835403442,0.5383059978485107,1.2022649049758911,53.24800109863281,0.3145642876625061
dfl_generated,dfl_evaluation_02,0.0023659924045205116,13,PCC,A,3.163933515548706,0.0,1.0289421081542969,0.6031783223152161,1.2046490907669067,53.24800109863281,0.3194260895252228
dfl_generated,dfl_evaluation_02,0.0023659924045205116,13,PCC,B,3.16384220123291,0.0,1.0310018062591553,0.6031783223152161,1.2046490907669067,53.24800109863281,0.3194260895252228
dfl_generated,dfl_evaluation_02,0.0023659924045205116,13,PCC,C,3.162101984024048,0.0,1.0358405113220215,0.6031783223152161,1.2046490907669067,53.24800109863281,0.3194260895252228
dfl_generated,dfl_evaluation_02,0.0023659924045205116,14,PCC,A,3.260742425918579,0.0,0.9112513065338135,0.6654155254364014,1.2040671110153198,53.24800109863281,0.3206915855407715
dfl_generated,dfl_evaluation_02,0.0023659924045205116,14,PCC,B,3.256777048110962,0.0,0.9378812909126282,0.6654155254364014,1.2040671110153198,53.24800109863281,0.3206915855407715
dfl_generated,dfl_evaluation_02,0.0023659924045205116,14,PCC,C,3.2629923820495605,0.0,0.921802282333374,0.6654155254364014,1.2040671110153198,53.24800109863281,0.3206915855407715
dfl_generated,dfl_evaluation_02,0.0023659924045205116,15,PCC,A,3.0334765911102295,0.0,0.7182024121284485,0.5210045576095581,1.1998276710510254,53.24800109863281,0.3213413655757904
dfl_generated,dfl_evaluation_02,0.0023659924045205116,15,PCC,B,3.033109188079834,0.0,0.7085940837860107,0.5210045576095581,1.1998276710510254,53.24800109863281,0.3213413655757904
dfl_generated,dfl_evaluation_02,0.0023659924045205116,15,PCC,C,3.0332250595092773,0.0,0.7079669237136841,0.5210045576095581,1.1998276710510254,53.24800109863281,0.3213413655757904
dfl_generated,dfl_evaluation_02,0.0023659924045205116,16,PCC,A,3.079960584640503,0.0,0.4329988658428192,0.5631123185157776,1.194109559059143,53.24800109863281,0.34011510014533997
dfl_generated,dfl_evaluation_02,0.0023659924045205116,16,PCC,B,3.0832133293151855,0.0,0.44445332884788513,0.5631123185157776,1.194109559059143,53.24800109863281,0.34011510014533997
dfl_generated,dfl_evaluation_02,0.0023659924045205116,16,PCC,C,3.0771353244781494,0.0,0.43652328848838806,0.5631123185157776,1.194109559059143,53.24800109863281,0.34011510014533997
dfl_generated,dfl_evaluation_02,0.0023659924045205116,17,PCC,A,2.9922196865081787,0.0,0.16295640170574188,0.5185338854789734,1.1846007108688354,53.24800109863281,0.33880525827407837
dfl_generated,dfl_evaluation_02,0.0023659924045205116,17,PCC,B,2.9911859035491943,0.0,0.15060001611709595,0.5185338854789734,1.1846007108688354,53.24800109863281,0.33880525827407837
dfl_generated,dfl_evaluation_02,0.0023659924045205116,17,PCC,C,2.995922088623047,0.0,0.15908662974834442,0.5185338854789734,1.1846007108688354,53.24800109863281,0.33880525827407837
dfl_generated,dfl_evaluation_02,0.0023659924045205116,18,PCC,A,2.944920539855957,0.0,0.025599360466003418,0.501911997795105,1.1746586561203003,121.88175201416016,0.34059348702430725
dfl_generated,dfl_evaluation_02,0.0023659924045205116,18,PCC,B,2.94350528717041,0.0,0.02513512223958969,0.501911997795105,1.1746586561203003,121.88175201416016,0.34059348702430725
dfl_generated,dfl_evaluation_02,0.0023659924045205116,18,PCC,C,2.9446206092834473,0.0,0.02530287392437458,0.501911997795105,1.1746586561203003,121.88175201416016,0.34059348702430725
dfl_generated,dfl_evaluation_02,0.0023659924045205116,19,PCC,A,3.0254461765289307,0.0,0.0006862417794764042,0.5692486763000488,1.1679273843765259,121.88175201416016,0.33301839232444763
dfl_generated,dfl_evaluation_02,0.0023659924045205116,19,PCC,B,3.026794195175171,0.0,0.0008371994481422007,0.5692486763000488,1.1679273843765259,121.88175201416016,0.33301839232444763
dfl_generated,dfl_evaluation_02,0.0023659924045205116,19,PCC,C,3.0283122062683105,0.0,0.0007643243297934532,0.5692486763000488,1.1679273843765259,121.88175201416016,0.33301839232444763
dfl_generated,dfl_evaluation_02,0.0023659924045205116,20,PCC,A,2.8592581748962402,0.0,8.330995910910133e-07,0.458400696516037,1.1646263599395752,121.88175201416016,0.3454941213130951
dfl_generated,dfl_evaluation_02,0.0023659924045205116,20,PCC,B,2.860032320022583,0.0,0.0,0.458400696516037,1.1646263599395752,121.88175201416016,0.3454941213130951
dfl_generated,dfl_evaluation_02,0.0023659924045205116,20,PCC,C,2.8608691692352295,0.0,3.4352894999756245e-06,0.458400696516037,1.1646263599395752,121.88175201416016,0.3454941213130951
dfl_generated,dfl_evaluation_02,0.0023659924045205116,21,PCC,A,2.7674427032470703,0.0,1.2862171843153192e-06,0.39928483963012695,1.1616181135177612,53.24800109863281,0.36278772354125977
dfl_generated,dfl_evaluation_02,0.0023659924045205116,21,PCC,B,2.7675790786743164,0.0,1.3200622106523952e-06,0.39928483963012695,1.1616181135177612,53.24800109863281,0.36278772354125977
dfl_generated,dfl_evaluation_02,0.0023659924045205116,21,PCC,C,2.7653987407684326,0.0,0.0,0.39928483963012695,1.1616181135177612,53.24800109863281,0.36278772354125977
dfl_generated,dfl_evaluation_02,0.0023659924045205116,22,PCC,A,2.7109951972961426,0.0,3.992255642515374e-06,0.3637107312679291,1.1603306531906128,53.24800109863281,0.3548002243041992
dfl_generated,dfl_evaluation_02,0.0023659924045205116,22,PCC,B,2.7116732597351074,0.0,0.0,0.3637107312679291,1.1603306531906128,53.24800109863281,0.3548002243041992
dfl_generated,dfl_evaluation_02,0.0023659924045205116,22,PCC,C,2.710710048675537,0.0,0.0,0.3637107312679291,1.1603306531906128,53.24800109863281,0.3548002243041992
dfl_generated,dfl_evaluation_02,0.0023659924045205116,23,PCC,A,2.683215379714966,0.0,0.0,0.34759950637817383,1.1582746505737305,53.24800109863281,0.3540630638599396
dfl_generated,dfl_evaluation_02,0.0023659924045205116,23,PCC,B,2.6842007637023926,0.0,0.0,0.34759950637817383,1.1582746505737305,53.24800109863281,0.3540630638599396
dfl_generated,dfl_evaluation_02,0.0023659924045205116,23,PCC,C,2.683540105819702,0.0,0.0,0.34759950637817383,1.1582746505737305,53.24800109863281,0.3540630638599396
dfl_generated,dfl_evaluation_02,0.0023659924045205116,24,PCC,A,2.6035165786743164,0.0,3.260321136622224e-06,0.29431068897247314,1.1563868522644043,53.24800109863281,0.3385392427444458
dfl_generated,dfl_evaluation_02,0.0023659924045205116,24,PCC,B,2.602621555328369,0.0,8.628984460301581e-07,0.29431068897247314,1.1563868522644043,53.24800109863281,0.3385392427444458
dfl_generated,dfl_evaluation_02,0.0023659924045205116,24,PCC,C,2.602673053741455,0.0,0.0,0.29431068897247314,1.1563868522644043,53.24800109863281,0.3385392427444458
dfl_generated,dfl_evaluation_02,0.0023659924045205116,25,PCC,A,2.632509469985962,0.0,0.0,0.3179371654987335,1.1547287702560425,34.72425079345703,0.3530620336532593
dfl_generated,dfl_evaluation_02,0.0023659924045205116,25,PCC,B,2.6338963508605957,0.0,0.0,0.3179371654987335,1.1547287702560425,34.72425079345703,0.3530620336532593
dfl_generated,dfl_evaluation_02,0.0023659924045205116,25,PCC,C,2.633584499359131,0.0,0.0,0.3179371654987335,1.1547287702560425,34.72425079345703,0.3530620336532593
dfl_generated,dfl_evaluation_02,0.0023659924045205116,26,PCC,A,2.4958462715148926,0.0,0.0,0.2232462614774704,1.1535694599151611,34.72425079345703,0.32392415404319763
dfl_generated,dfl_evaluation_02,0.0023659924045205116,26,PCC,B,2.4942896366119385,0.0,1.0696409162846976e-06,0.2232462614774704,1.1535694599151611,34.72425079345703,0.32392415404319763
dfl_generated,dfl_evaluation_02,0.0023659924045205116,26,PCC,C,2.494150161743164,0.0,8.998589464681572e-07,0.2232462614774704,1.1535694599151611,34.72425079345703,0.32392415404319763
dfl_generated,dfl_evaluation_02,0.0023659924045205116,27,PCC,A,2.5534467697143555,0.0,0.0,0.2633455991744995,1.1538268327713013,34.72425079345703,0.3408627510070801
dfl_generated,dfl_evaluation_02,0.0023659924045205116,27,PCC,B,2.5515856742858887,0.0,2.4388568817812484e-06,0.2633455991744995,1.1538268327713013,34.72425079345703,0.3408627510070801
dfl_generated,dfl_evaluation_02,0.0023659924045205116,27,PCC,C,2.552504777908325,0.0,2.475086660069792e-07,0.2633455991744995,1.1538268327713013,34.72425079345703,0.3408627510070801
dfl_generated,dfl_evaluation_02,0.0023659924045205116,28,PCC,A,2.613114356994629,0.0,0.0,0.3060445785522461,1.153120994567871,34.72425079345703,0.36669299006462097
dfl_generated,dfl_evaluation_02,0.0023659924045205116,28,PCC,B,2.613375186920166,0.0,6.064285571483197e-07,0.3060445785522461,1.153120994567871,34.72425079345703,0.36669299006462097
dfl_generated,dfl_evaluation_02,0.0023659924045205116,28,PCC,C,2.6133952140808105,0.0,0.0,0.3060445785522461,1.153120994567871,34.72425079345703,0.36669299006462097
dfl_generated,dfl_evaluation_02,0.0023659924045205116,29,PCC,A,2.584225654602051,0.0,0.0008523770957253873,0.2850128710269928,1.1533523797988892,34.72425079345703,0.34945839643478394
dfl_generated,dfl_evaluation_02,0.0023659924045205116,29,PCC,B,2.584158420562744,0.0,0.000778389920014888,0.2850128710269928,1.1533523797988892,34.72425079345703,0.34945839643478394
dfl_generated,dfl_evaluation_02,0.0023659924045205116,29,PCC,C,2.5831363201141357,0.0,0.0008157901465892792,0.2850128710269928,1.1533523797988892,34.72425079345703,0.34945839643478394
dfl_generated,dfl_evaluation_02,0.0023659924045205116,30,PCC,A,2.7753148078918457,0.0,0.026449430733919144,0.4131304621696472,1.1565181016921997,53.24800109863281,0.34096434712409973
dfl_generated,dfl_evaluation_02,0.0023659924045205116,30,PCC,B,2.773102045059204,0.0,0.022841347381472588,0.4131304621696472,1.1565181016921997,53.24800109863281,0.34096434712409973
dfl_generated,dfl_evaluation_02,0.0023659924045205116,30,PCC,C,2.774034261703491,0.0,0.025927895680069923,0.4131304621696472,1.1565181016921997,53.24800109863281,0.34096434712409973
dfl_generated,dfl_evaluation_02,0.0023659924045205116,31,PCC,A,3.042914628982544,0.0,0.1878284215927124,0.5887197852134705,1.1631001234054565,53.24800109863281,0.31594282388687134
dfl_generated,dfl_evaluation_02,0.0023659924045205116,31,PCC,B,3.0443127155303955,0.0,0.1816917210817337,0.5887197852134705,1.1631001234054565,53.24800109863281,0.31594282388687134
dfl_generated,dfl_evaluation_02,0.0023659924045205116,31,PCC,C,3.044652223587036,0.0,0.1908625215291977,0.5887197852134705,1.1631001234054565,53.24800109863281,0.31594282388687134
dfl_generated,dfl_evaluation_02,0.0023659924045205116,32,PCC,A,2.810542106628418,0.0,0.49282306432724,0.41616514325141907,1.1729154586791992,53.24800109863281,0.3124088943004608
dfl_generated,dfl_evaluation_02,0.0023659924045205116,32,PCC,B,2.8161377906799316,0.0,0.4790123999118805,0.41616514325141907,1.1729154586791992,53.24800109863281,0.3124088943004608
dfl_generated,dfl_evaluation_02,0.0023659924045205116,32,PCC,C,2.8136534690856934,0.0,0.4791433811187744,0.41616514325141907,1.1729154586791992,53.24800109863281,0.3124088943004608
dfl_generated,dfl_evaluation_02,0.0023659924045205116,33,PCC,A,2.982045888900757,0.0,0.6794747114181519,0.5137431621551514,1.184403419494629,53.24800109863281,0.3021267056465149
dfl_generated,dfl_evaluation_02,0.0023659924045205116,33,PCC,B,2.9866979122161865,0.0,0.6682257056236267,0.5137431621551514,1.184403419494629,53.24800109863281,0.3021267056465149
dfl_generated,dfl_evaluation_02,0.0023659924045205116,33,PCC,C,2.9847283363342285,0.0,0.6731287837028503,0.5137431621551514,1.184403419494629,53.24800109863281,0.3021267056465149
dfl_generated,dfl_evaluation_02,0.0023659924045205116,34,PCC,A,2.780734062194824,0.0,0.9007580876350403,0.3643687963485718,1.1928069591522217,53.24800109863281,0.3091565668582916
dfl_generated,dfl_evaluation_02,0.0023659924045205116,34,PCC,B,2.7838616371154785,0.0,0.9063112139701843,0.3643687963485718,1.1928069591522217,53.24800109863281,0.3091565668582916
dfl_generated,dfl_evaluation_02,0.0023659924045205116,34,PCC,C,2.780515193939209,0.0,0.89119553565979,0.3643687963485718,1.1928069591522217,53.24800109863281,0.3091565668582916
dfl_generated,dfl_evaluation_02,0.0023659924045205116,35,PCC,A,2.784820079803467,0.0,0.9161309003829956,0.36136627197265625,1.1983641386032104,53.24800109863281,0.3318291902542114
dfl_generated,dfl_evaluation_02,0.0023659924045205116,35,PCC,B,2.784881353378296,0.0,0.9121223092079163,0.36136627197265625,1.1983641386032104,53.24800109863281,0.3318291902542114
dfl_generated,dfl_evaluation_02,0.0023659924045205116,35,PCC,C,2.792008399963379,0.0,0.9151114225387573,0.36136627197265625,1.1983641386032104,53.24800109863281,0.3318291902542114
dfl_generated,dfl_evaluation_02,0.0023659924045205116,36,PCC,A,3.0593247413635254,0.0,0.9762991666793823,0.5383059978485107,1.2013651132583618,53.24800109863281,0.3371213972568512
dfl_generated,dfl_evaluation_02,0.0023659924045205116,36,PCC,B,3.059530735015869,0.0,0.9873633980751038,0.5383059978485107,1.2013651132583618,53.24800109863281,0.3371213972568512
dfl_generated,dfl_evaluation_02,0.0023659924045205116,36,PCC,C,3.0600695610046387,0.0,0.9654563069343567,0.5383059978485107,1.2013651132583618,53.24800109863281,0.3371213972568512
dfl_generated,dfl_evaluation_02,0.0023659924045205116,37,PCC,A,3.165053129196167,0.0,0.8920371532440186,0.6031783223152161,1.2030003070831299,53.24800109863281,0.33096668124198914
dfl_generated,dfl_evaluation_02,0.0023659924045205116,37,PCC,B,3.1640713214874268,0.0,0.9210059642791748,0.6031783223152161,1.2030003070831299,53.24800109863281,0.33096668124198914
dfl_generated,dfl_evaluation_02,0.0023659924045205116,37,PCC,C,3.165252447128296,0.0,0.9129480123519897,0.6031783223152161,1.2030003070831299,53.24800109863281,0.33096668124198914
dfl_generated,dfl_evaluation_02,0.0023659924045205116,38,PCC,A,3.257636308670044,0.0,0.8276581168174744,0.6654155254364014,1.2030324935913086,53.24800109863281,0.33498382568359375
dfl_generated,dfl_evaluation_02,0.0023659924045205116,38,PCC,B,3.259817123413086,0.0,0.8148175477981567,0.6654155254364014,1.2030324935913086,53.24800109863281,0.33498382568359375
dfl_generated,dfl_evaluation_02,0.0023659924045205116,38,PCC,C,3.257666826248169,0.0,0.8058163523674011,0.6654155254364014,1.2030324935913086,53.24800109863281,0.33498382568359375
dfl_generated,dfl_evaluation_02,0.0023659924045205116,39,PCC,A,3.0280041694641113,0.0,0.6233476400375366,0.5210045576095581,1.198739767074585,53.24800109863281,0.3311336040496826
dfl_generated,dfl_evaluation_02,0.0023659924045205116,39,PCC,B,3.0268218517303467,0.0,0.6363174915313721,0.5210045576095581,1.198739767074585,53.24800109863281,0.3311336040496826
dfl_generated,dfl_evaluation_02,0.0023659924045205116,39,PCC,C,3.030181646347046,0.0,0.6317480802536011,0.5210045576095581,1.198739767074585,53.24800109863281,0.3311336040496826
dfl_generated,dfl_evaluation_02,0.0023659924045205116,40,PCC,A,3.0796778202056885,0.0,0.3656526207923889,0.5631123185157776,1.192212462425232,53.24800109863281,0.3445199131965637
dfl_generated,dfl_evaluation_02,0.0023659924045205116,40,PCC,B,3.0801801681518555,0.0,0.3489462733268738,0.5631123185157776,1.192212462425232,53.24800109863281,0.3445199131965637
dfl_generated,dfl_evaluation_02,0.0023659924045205116,40,PCC,C,3.0766665935516357,0.0,0.3541107177734375,0.5631123185157776,1.192212462425232,53.24800109863281,0.3445199131965637
dfl_generated,dfl_evaluation_02,0.0023659924045205116,41,PCC,A,2.9900124073028564,0.0,0.13218967616558075,0.5185338854789734,1.1837276220321655,53.24800109863281,0.34308695793151855
dfl_generated,dfl_evaluation_02,0.0023659924045205116,41,PCC,B,2.9915261268615723,0.0,0.1301034390926361,0.5185338854789734,1.1837276220321655,53.24800109863281,0.34308695793151855
dfl_generated,dfl_evaluation_02,0.0023659924045205116,41,PCC,C,2.995745897293091,0.0,0.12713214755058289,0.5185338854789734,1.1837276220321655,53.24800109863281,0.34308695793151855
dfl_generated,dfl_evaluation_02,0.0023659924045205116,42,PCC,A,2.9466192722320557,0.0,0.02414698526263237,0.501911997795105,1.1740667819976807,121.88175201416016,0.3165976405143738
dfl_generated,dfl_evaluation_02,0.0023659924045205116,42,PCC,B,2.9427807331085205,0.0,0.022419417276978493,0.501911997795105,1.1740667819976807,121.88175201416016,0.3165976405143738
dfl_generated,dfl_evaluation_02,0.0023659924045205116,42,PCC,C,2.9460971355438232,0.0,0.021952129900455475,0.501911997795105,1.1740667819976807,121.88175201416016,0.3165976405143738
dfl_generated,dfl_evaluation_02,0.0023659924045205116,43,PCC,A,3.03167462348938,0.0,0.0008000672096386552,0.5692486763000488,1.168448567390442,121.88175201416016,0.33727511763572693
dfl_generated,dfl_evaluation_02,0.0023659924045205116,43,PCC,B,3.0331807136535645,0.0,0.0005848670261912048,0.5692486763000488,1.168448567390442,121.88175201416016,0.33727511763572693
dfl_generated,dfl_evaluation_02,0.0023659924045205116,43,PCC,C,3.03129243850708,0.0,0.0008101111743599176,0.5692486763000488,1.168448567390442,121.88175201416016,0.33727511763572693
dfl_generated,dfl_evaluation_02,0.0023659924045205116,44,PCC,A,2.859156847000122,0.0,3.1898518955131294e-06,0.458400696516037,1.1642916202545166,121.88175201416016,0.34444132447242737
dfl_generated,dfl_evaluation_02,0.0023659924045205116,44,PCC,B,2.8610281944274902,0.0,0.0,0.458400696516037,1.1642916202545166,121.88175201416016,0.34444132447242737
dfl_generated,dfl_evaluation_02,0.0023659924045205116,44,PCC,C,2.8583943843841553,0.0,1.2667996998061426e-06,0.458400696516037,1.1642916202545166,121.88175201416016,0.34444132447242737
dfl_generated,dfl_evaluation_02,0.0023659924045205116,45,PCC,A,2.7680139541625977,0.0,3.145543132632156e-06,0.39928483963012695,1.1619471311569214,53.24800109863281,0.33579742908477783
dfl_generated,dfl_evaluation_02,0.0023659924045205116,45,PCC,B,2.766697645187378,0.0,0.0,0.39928483963012695,1.1619471311569214,53.24800109863281,0.33579742908477783
dfl_generated,dfl_evaluation_02,0.0023659924045205116,45,PCC,C,2.767014265060425,0.0,0.0,0.39928483963012695,1.1619471311569214,53.24800109863281,0.33579742908477783
dfl_generated,dfl_evaluation_02,0.0023659924045205116,46,PCC,A,2.7132787704467773,0.0,0.0,0.3637107312679291,1.1610043048858643,53.24800109863281,0.3412110507488251
dfl_generated,dfl_evaluation_02,0.0023659924045205116,46,PCC,B,2.711369514465332,0.0,1.6929078583416413e-06,0.3637107312679291,1.1610043048858643,53.24800109863281,0.3412110507488251
dfl_generated,dfl_evaluation_02,0.0023659924045205116,46,PCC,C,2.712498903274536,0.0,0.0,0.3637107312679291,1.1610043048858643,53.24800109863281,0.3412110507488251
dfl_generated,dfl_evaluation_02,0.0023659924045205116,47,PCC,A,2.68450927734375,0.0,1.6776235725046718e-06,0.34759950637817383,1.1589525938034058,53.24800109863281,0.3616132140159607
dfl_generated,dfl_evaluation_02,0.0023659924045205116,47,PCC,B,2.684985399246216,0.0,2.030805262620561e-06,0.34759950637817383,1.1589525938034058,53.24800109863281,0.3616132140159607
dfl_generated,dfl_evaluation_02,0.0023659924045205116,47,PCC,C,2.6852569580078125,0.0,0.0,0.34759950637817383,1.1589525938034058,53.24800109863281,0.3616132140159607
dfl_generated,dfl_evaluation_03,0.19858039915561676,0,PCC,A,2.5990400314331055,0.0,2.1820462734467583e-06,0.29431068897247314,1.1547555923461914,53.24800109863281,0.3047233521938324
dfl_generated,dfl_evaluation_03,0.19858039915561676,0,PCC,B,2.599571943283081,0.0,3.040514684471418e-06,0.29431068897247314,1.1547555923461914,53.24800109863281,0.3047233521938324
dfl_generated,dfl_evaluation_03,0.19858039915561676,0,PCC,C,2.600916862487793,0.0,0.0,0.29431068897247314,1.1547555923461914,53.24800109863281,0.3047233521938324
dfl_generated,dfl_evaluation_03,0.19858039915561676,1,PCC,A,2.6321375370025635,0.0,0.0,0.3179371654987335,1.1541028022766113,53.24800109863281,0.2934967577457428
dfl_generated,dfl_evaluation_03,0.19858039915561676,1,PCC,B,2.633795976638794,0.0,0.0,0.3179371654987335,1.1541028022766113,53.24800109863281,0.2934967577457428
dfl_generated,dfl_evaluation_03,0.19858039915561676,1,PCC,C,2.6306467056274414,0.0,0.0,0.3179371654987335,1.1541028022766113,53.24800109863281,0.2934967577457428
dfl_generated,dfl_evaluation_03,0.19858039915561676,2,PCC,A,2.496527910232544,0.0,2.9608605700559565e-07,0.2232462614774704,1.1544997692108154,53.24800109863281,0.31802499294281006
dfl_generated,dfl_evaluation_03,0.19858039915561676,2,PCC,B,2.495546579360962,0.0,0.0,0.2232462614774704,1.1544997692108154,53.24800109863281,0.31802499294281006
dfl_generated,dfl_evaluation_03,0.19858039915561676,2,PCC,C,2.4956769943237305,0.0,0.0,0.2232462614774704,1.1544997692108154,53.24800109863281,0.31802499294281006
dfl_generated,dfl_evaluation_03,0.19858039915561676,3,PCC,A,2.5550856590270996,0.0,7.471136314052274e-07,0.2633455991744995,1.1541261672973633,53.24800109863281,0.31875503063201904
dfl_generated,dfl_evaluation_03,0.19858039915561676,3,PCC,B,2.5533230304718018,0.0,0.0,0.2633455991744995,1.1541261672973633,53.24800109863281,0.31875503063201904
dfl_generated,dfl_evaluation_03,0.19858039915561676,3,PCC,C,2.5539064407348633,0.0,0.0,0.2633455991744995,1.1541261672973633,53.24800109863281,0.31875503063201904
dfl_generated,dfl_evaluation_03,0.19858039915561676,4,PCC,A,2.6152498722076416,0.0,0.0,0.3060445785522461,1.154153823852539,53.24800109863281,0.3129507601261139
dfl_generated,dfl_evaluation_03,0.19858039915561676,4,PCC,B,2.614562511444092,0.0,0.0,0.3060445785522461,1.154153823852539,53.24800109863281,0.3129507601261139
dfl_generated,dfl_evaluation_03,0.19858039915561676,4,PCC,C,2.614405870437622,0.0,5.068937980468036e-07,0.3060445785522461,1.154153823852539,53.24800109863281,0.3129507601261139
dfl_generated,dfl_evaluation_03,0.19858039915561676,5,PCC,A,2.582573890686035,0.0,6.980716716498137e-05,0.2850128710269928,1.1544649600982666,53.24800109863281,0.3126548230648041
dfl_generated,dfl_evaluation_03,0.19858039915561676,5,PCC,B,2.5836219787597656,0.0,0.00029088242445141077,0.2850128710269928,1.1544649600982666,53.24800109863281,0.3126548230648041
dfl_generated,dfl_evaluation_03,0.19858039915561676,5,PCC,C,2.5843114852905273,0.0,0.0001965719275176525,0.2850128710269928,1.1544649600982666,53.24800109863281,0.3126548230648041
dfl_generated,dfl_evaluation_03,0.19858039915561676,6,PCC,A,2.7693755626678467,0.0,0.010887837037444115,0.4131304621696472,1.153918981552124,53.24800109863281,0.30185219645500183
dfl_generated,dfl_evaluation_03,0.19858039915561676,6,PCC,B,2.768442392349243,0.0,0.01207066886126995,0.4131304621696472,1.153918981552124,53.24800109863281,0.30185219645500183
dfl_generated,dfl_evaluation_03,0.19858039915561676,6,PCC,C,2.7685625553131104,0.0,0.012788930907845497,0.4131304621696472,1.153918981552124,53.24800109863281,0.30185219645500183
dfl_generated,dfl_evaluation_03,0.19858039915561676,7,PCC,A,3.0266332626342773,0.0,0.09551714360713959,0.5887197852134705,1.1553467512130737,53.24800109863281,0.2927579879760742
dfl_generated,dfl_evaluation_03,0.19858039915561676,7,PCC,B,3.027343273162842,0.0,0.10980638116598129,0.5887197852134705,1.1553467512130737,53.24800109863281,0.2927579879760742
dfl_generated,dfl_evaluation_03,0.19858039915561676,7,PCC,C,3.0282468795776367,0.0,0.09839127957820892,0.5887197852134705,1.1553467512130737,53.24800109863281,0.2927579879760742
dfl_generated,dfl_evaluation_03,0.19858039915561676,8,PCC,A,2.7819814682006836,0.0,0.41428637504577637,0.41616514325141907,1.1577962636947632,53.24800109863281,0.2876504957675934
dfl_generated,dfl_evaluation_03,0.19858039915561676,8,PCC,B,2.7813172340393066,0.0,0.41331806778907776,0.41616514325141907,1.1577962636947632,53.24800109863281,0.2876504957675934
dfl_generated,dfl_evaluation_03,0.19858039915561676,8,PCC,C,2.7833821773529053,0.0,0.41055867075920105,0.41616514325141907,1.1577962636947632,53.24800109863281,0.2876504957675934
dfl_generated,dfl_evaluation_03,0.19858039915561676,9,PCC,A,2.9287807941436768,0.0,0.7138673067092896,0.5137431621551514,1.1594822406768799,53.24800109863281,0.2530742287635803
dfl_generated,dfl_evaluation_03,0.19858039915561676,9,PCC,B,2.9279932975769043,0.0,0.7073472738265991,0.5137431621551514,1.1594822406768799,53.24800109863281,0.2530742287635803
dfl_generated,dfl_evaluation_03,0.19858039915561676,9,PCC,C,2.931833267211914,0.0,0.6962840557098389,0.5137431621551514,1.1594822406768799,53.24800109863281,0.2530742287635803
dfl_generated,dfl_evaluation_03,0.19858039915561676,10,PCC,A,2.716111660003662,0.0,0.879840612411499,0.3643687963485718,1.162090539932251,53.24800109863281,0.28109365701675415
dfl_generated,dfl_evaluation_03,0.19858039915561676,10,PCC,B,2.7168257236480713,0.0,0.8722965717315674,0.3643687963485718,1.162090539932251,53.24800109863281,0.28109365701675415
dfl_generated,dfl_evaluation_03,0.19858039915561676,10,PCC,C,2.7142720222473145,0.0,0.8709651827812195,0.3643687963485718,1.162090539932251,53.24800109863281,0.28109365701675415
dfl_generated,dfl_evaluation_03,0.19858039915561676,11,PCC,A,2.7144203186035156,0.0,0.9262246489524841,0.36136627197265625,1.16385018825531,53.24800109863281,0.3037017583847046
dfl_generated,dfl_evaluation_03,0.19858039915561676,11,PCC,B,2.715055465698242,0.0,0.9333023428916931,0.36136627197265625,1.16385018825531,53.24800109863281,0.3037017583847046
dfl_generated,dfl_evaluation_03,0.19858039915561676,11,PCC,C,2.715531826019287,0.0,0.9322876930236816,0.36136627197265625,1.16385018825531,53.24800109863281,0.3037017583847046
dfl_generated,dfl_evaluation_03,0.19858039915561676,12,PCC,A,2.9846765995025635,0.0,1.0048377513885498,0.5383059978485107,1.1664297580718994,53.24800109863281,0.29881802201271057
dfl_generated,dfl_evaluation_03,0.19858039915561676,12,PCC,B,2.981168508529663,0.0,0.9873103499412537,0.5383059978485107,1.1664297580718994,53.24800109863281,0.29881802201271057
dfl_generated,dfl_evaluation_03,0.19858039915561676,12,PCC,C,2.9829821586608887,0.0,1.007894515991211,0.5383059978485107,1.1664297580718994,53.24800109863281,0.29881802201271057
dfl_generated,dfl_evaluation_03,0.19858039915561676,13,PCC,A,3.074326992034912,0.0,1.0047723054885864,0.6031783223152161,1.1680536270141602,53.24800109863281,0.3038838505744934
dfl_generated,dfl_evaluation_03,0.19858039915561676,13,PCC,B,3.078141212463379,0.0,1.009384036064148,0.6031783223152161,1.1680536270141602,53.24800109863281,0.3038838505744934
dfl_generated,dfl_evaluation_03,0.19858039915561676,13,PCC,C,3.074554204940796,0.0,1.0171093940734863,0.6031783223152161,1.1680536270141602,53.24800109863281,0.3038838505744934
dfl_generated,dfl_evaluation_03,0.19858039915561676,14,PCC,A,3.1613895893096924,0.0,0.8284056782722473,0.6654155254364014,1.1660609245300293,53.24800109863281,0.30760934948921204
dfl_generated,dfl_evaluation_03,0.19858039915561676,14,PCC,B,3.169250011444092,0.0,0.8597952127456665,0.6654155254364014,1.1660609245300293,53.24800109863281,0.30760934948921204
dfl_generated,dfl_evaluation_03,0.19858039915561676,14,PCC,C,3.1651535034179688,0.0,0.8657878637313843,0.6654155254364014,1.1660609245300293,53.24800109863281,0.30760934948921204
dfl_generated,dfl_evaluation_03,0.19858039915561676,15,PCC,A,2.9524126052856445,0.0,0.655007004737854,0.5210045576095581,1.1677640676498413,53.24800109863281,0.3089798390865326
dfl_generated,dfl_evaluation_03,0.19858039915561676,15,PCC,B,2.9522550106048584,0.0,0.6423487663269043,0.5210045576095581,1.1677640676498413,53.24800109863281,0.3089798390865326
dfl_generated,dfl_evaluation_03,0.19858039915561676,15,PCC,C,2.950507402420044,0.0,0.650745153427124,0.5210045576095581,1.1677640676498413,53.24800109863281,0.3089798390865326
dfl_generated,dfl_evaluation_03,0.19858039915561676,16,PCC,A,3.013622999191284,0.0,0.3868744969367981,0.5631123185157776,1.162568211555481,53.24800109863281,0.3053085207939148
dfl_generated,dfl_evaluation_03,0.19858039915561676,16,PCC,B,3.0066847801208496,0.0,0.37205782532691956,0.5631123185157776,1.162568211555481,53.24800109863281,0.3053085207939148
dfl_generated,dfl_evaluation_03,0.19858039915561676,16,PCC,C,3.0083107948303223,0.0,0.37749502062797546,0.5631123185157776,1.162568211555481,53.24800109863281,0.3053085207939148
dfl_generated,dfl_evaluation_03,0.19858039915561676,17,PCC,A,2.933441638946533,0.0,0.06760284304618835,0.5185338854789734,1.160115122795105,53.24800109863281,0.2982284724712372
dfl_generated,dfl_evaluation_03,0.19858039915561676,17,PCC,B,2.9327335357666016,0.0,0.07616767287254333,0.5185338854789734,1.160115122795105,53.24800109863281,0.2982284724712372
dfl_generated,dfl_evaluation_03,0.19858039915561676,17,PCC,C,2.935349702835083,0.0,0.0720830112695694,0.5185338854789734,1.160115122795105,53.24800109863281,0.2982284724712372
dfl_generated,dfl_evaluation_03,0.19858039915561676,18,PCC,A,2.9053423404693604,0.0,0.012769252061843872,0.501911997795105,1.1577281951904297,53.24800109863281,0.2903648018836975
dfl_generated,dfl_evaluation_03,0.19858039915561676,18,PCC,B,2.9046363830566406,0.0,0.008309295400977135,0.501911997795105,1.1577281951904297,53.24800109863281,0.2903648018836975
dfl_generated,dfl_evaluation_03,0.19858039915561676,18,PCC,C,2.904660940170288,0.0,0.011176170781254768,0.501911997795105,1.1577281951904297,53.24800109863281,0.2903648018836975
dfl_generated,dfl_evaluation_03,0.19858039915561676,19,PCC,A,2.997875213623047,0.0,0.0,0.5692486763000488,1.1560869216918945,53.24800109863281,0.291872501373291
dfl_generated,dfl_evaluation_03,0.19858039915561676,19,PCC,B,2.9988603591918945,0.0,1.6054720617830753e-05,0.5692486763000488,1.1560869216918945,53.24800109863281,0.291872501373291
dfl_generated,dfl_evaluation_03,0.19858039915561676,19,PCC,C,2.9978697299957275,0.0,0.0,0.5692486763000488,1.1560869216918945,53.24800109863281,0.291872501373291
dfl_generated,dfl_evaluation_03,0.19858039915561676,20,PCC,A,2.8378825187683105,0.0,0.0,0.458400696516037,1.1549454927444458,53.24800109863281,0.2934752106666565
dfl_generated,dfl_evaluation_03,0.19858039915561676,20,PCC,B,2.839111328125,0.0,4.755489953822689e-06,0.458400696516037,1.1549454927444458,53.24800109863281,0.2934752106666565
dfl_generated,dfl_evaluation_03,0.19858039915561676,20,PCC,C,2.837329149246216,0.0,0.0,0.458400696516037,1.1549454927444458,53.24800109863281,0.2934752106666565
dfl_generated,dfl_evaluation_03,0.19858039915561676,21,PCC,A,2.752619743347168,0.0,0.0,0.39928483963012695,1.1548943519592285,53.24800109863281,0.3036034405231476
dfl_generated,dfl_evaluation_03,0.19858039915561676,21,PCC,B,2.7545807361602783,0.0,0.0,0.39928483963012695,1.1548943519592285,53.24800109863281,0.3036034405231476
dfl_generated,dfl_evaluation_03,0.19858039915561676,21,PCC,C,2.7509117126464844,0.0,3.388957566130557e-06,0.39928483963012695,1.1548943519592285,53.24800109863281,0.3036034405231476
dfl_generated,dfl_evaluation_03,0.19858039915561676,22,PCC,A,2.6988790035247803,0.0,1.4099402960709995e-06,0.3637107312679291,1.1553951501846313,53.24800109863281,0.3048262298107147
dfl_generated,dfl_evaluation_03,0.19858039915561676,22,PCC,B,2.6999659538269043,0.0,0.0,0.3637107312679291,1.1553951501846313,53.24800109863281,0.3048262298107147
dfl_generated,dfl_evaluation_03,0.19858039915561676,22,PCC,C,2.699152708053589,0.0,1.3424008784568287e-06,0.3637107312679291,1.1553951501846313,53.24800109863281,0.3048262298107147
dfl_generated,dfl_evaluation_03,0.19858039915561676,23,PCC,A,2.674678325653076,0.0,0.0,0.34759950637817383,1.1544294357299805,53.24800109863281,0.3116544783115387
dfl_generated,dfl_evaluation_03,0.19858039915561676,23,PCC,B,2.675452470779419,0.0,0.0,0.34759950637817383,1.1544294357299805,53.24800109863281,0.3116544783115387
dfl_generated,dfl_evaluation_03,0.19858039915561676,23,PCC,C,2.6754586696624756,0.0,6.259461429181101e-07,0.34759950637817383,1.1544294357299805,53.24800109863281,0.3116544783115387
dfl_generated,dfl_evaluation_03,0.19858039915561676,24,PCC,A,2.597784996032715,0.0,0.0,0.29431068897247314,1.154402256011963,53.24800109863281,0.2988455295562744
dfl_generated,dfl_evaluation_03,0.19858039915561676,24,PCC,B,2.59672212600708,0.0,0.0,0.29431068897247314,1.154402256011963,53.24800109863281,0.2988455295562744
dfl_generated,dfl_evaluation_03,0.19858039915561676,24,PCC,C,2.5981006622314453,0.0,0.0,0.29431068897247314,1.154402256011963,53.24800109863281,0.2988455295562744
dfl_generated,dfl_evaluation_03,0.19858039915561676,25,PCC,A,2.6321892738342285,0.0,0.0,0.3179371654987335,1.1537123918533325,53.24800109863281,0.312270849943161
dfl_generated,dfl_evaluation_03,0.19858039915561676,25,PCC,B,2.63185977935791,0.0,1.140611288974469e-06,0.3179371654987335,1.1537123918533325,53.24800109863281,0.312270849943161
dfl_generated,dfl_evaluation_03,0.19858039915561676,25,PCC,C,2.6313393115997314,0.0,0.0,0.3179371654987335,1.1537123918533325,53.24800109863281,0.312270849943161
dfl_generated,dfl_evaluation_03,0.19858039915561676,26,PCC,A,2.493194103240967,0.0,1.1617224799920223e-06,0.2232462614774704,1.1538703441619873,53.24800109863281,0.3081524074077606
dfl_generated,dfl_evaluation_03,0.19858039915561676,26,PCC,B,2.494086742401123,0.0,0.0,0.2232462614774704,1.1538703441619873,53.24800109863281,0.3081524074077606
dfl_generated,dfl_evaluation_03,0.19858039915561676,26,PCC,C,2.493356704711914,0.0,0.0,0.2232462614774704,1.1538703441619873,53.24800109863281,0.3081524074077606
dfl_generated,dfl_evaluation_03,0.19858039915561676,27,PCC,A,2.551025390625,0.0,1.1404495126043912e-06,0.2633455991744995,1.1526652574539185,53.24800109863281,0.3152441382408142
dfl_generated,dfl_evaluation_03,0.19858039915561676,27,PCC,B,2.5509910583496094,0.0,0.0,0.2633455991744995,1.1526652574539185,53.24800109863281,0.3152441382408142
dfl_generated,dfl_evaluation_03,0.19858039915561676,27,PCC,C,2.5509448051452637,0.0,9.24248809042183e-07,0.2633455991744995,1.1526652574539185,53.24800109863281,0.3152441382408142
dfl_generated,dfl_evaluation_03,0.19858039915561676,28,PCC,A,2.6112470626831055,0.0,0.0,0.3060445785522461,1.1520756483078003,53.24800109863281,0.3146597146987915
dfl_generated,dfl_evaluation_03,0.19858039915561676,28,PCC,B,2.6117520332336426,0.0,7.907376584626036e-07,0.3060445785522461,1.1520756483078003,53.24800109863281,0.3146597146987915
dfl_generated,dfl_evaluation_03,0.19858039915561676,28,PCC,C,2.610414505004883,0.0,0.0,0.3060445785522461,1.1520756483078003,53.24800109863281,0.3146597146987915
dfl_generated,dfl_evaluation_03,0.19858039915561676,29,PCC,A,2.5802245140075684,0.0,2.826808486133814e-05,0.2850128710269928,1.1519978046417236,53.24800109863281,0.3125962018966675
dfl_generated,dfl_evaluation_03,0.19858039915561676,29,PCC,B,2.5793113708496094,0.0,0.0,0.2850128710269928,1.1519978046417236,53.24800109863281,0.3125962018966675
dfl_generated,dfl_evaluation_03,0.19858039915561676,29,PCC,C,2.5804929733276367,0.0,0.0,0.2850128710269928,1.1519978046417236,53.24800109863281,0.3125962018966675
dfl_generated,dfl_evaluation_03,0.19858039915561676,30,PCC,A,2.766407012939453,0.0,0.005876824259757996,0.4131304621696472,1.1522409915924072,53.24800109863281,0.3038906455039978
dfl_generated,dfl_evaluation_03,0.19858039915561676,30,PCC,B,2.765214681625366,0.0,0.005820602178573608,0.4131304621696472,1.1522409915924072,53.24800109863281,0.3038906455039978
dfl_generated,dfl_evaluation_03,0.19858039915561676,30,PCC,C,2.764468193054199,0.0,0.007478503510355949,0.4131304621696472,1.1522409915924072,53.24800109863281,0.3038906455039978
dfl_generated,dfl_evaluation_03,0.19858039915561676,31,PCC,A,3.020784616470337,0.0,0.09398410469293594,0.5887197852134705,1.1544835567474365,53.24800109863281,0.2894519567489624
dfl_generated,dfl_evaluation_03,0.19858039915561676,31,PCC,B,3.020397901535034,0.0,0.09946853667497635,0.5887197852134705,1.1544835567474365,53.24800109863281,0.2894519567489624
dfl_generated,dfl_evaluation_03,0.19858039915561676,31,PCC,C,3.0201964378356934,0.0,0.094912588596344,0.5887197852134705,1.1544835567474365,53.24800109863281,0.2894519567489624
dfl_generated,dfl_evaluation_03,0.19858039915561676,32,PCC,A,2.777587413787842,0.0,0.35475367307662964,0.41616514325141907,1.1556645631790161,53.24800109863281,0.2409636676311493
dfl_generated,dfl_evaluation_03,0.19858039915561676,32,PCC,B,2.777885913848877,0.0,0.3401566743850708,0.41616514325141907,1.1556645631790161,53.24800109863281,0.2409636676311493
dfl_generated,dfl_evaluation_03,0.19858039915561676,32,PCC,C,2.7790911197662354,0.0,0.34084177017211914,0.41616514325141907,1.1556645631790161,53.24800109863281,0.2409636676311493
dfl_generated,dfl_evaluation_03,0.19858039915561676,33,PCC,A,2.9195170402526855,0.0,0.5223983526229858,0.5137431621551514,1.1577215194702148,53.24800109863281,0.2725633382797241
dfl_generated,dfl_evaluation_03,0.19858039915561676,33,PCC,B,2.924651861190796,0.0,0.526809811592102,0.5137431621551514,1.1577215194702148,53.24800109863281,0.2725633382797241
dfl_generated,dfl_evaluation_03,0.19858039915561676,33,PCC,C,2.9288530349731445,0.0,0.5179774165153503,0.5137431621551514,1.1577215194702148,53.24800109863281,0.2725633382797241
dfl_generated,dfl_evaluation_03,0.19858039915561676,34,PCC,A,2.7134413719177246,0.0,0.6241760849952698,0.3643687963485718,1.1618174314498901,53.24800109863281,0.2859550714492798
dfl_generated,dfl_evaluation_03,0.19858039915561676,34,PCC,B,2.7133383750915527,0.0,0.6046788692474365,0.3643687963485718,1.1618174314498901,53.24800109863281,0.2859550714492798
dfl_generated,dfl_evaluation_03,0.19858039915561676,34,PCC,C,2.712576150894165,0.0,0.6318917870521545,0.3643687963485718,1.1618174314498901,53.24800109863281,0.2859550714492798
dfl_generated,dfl_evaluation_03,0.19858039915561676,35,PCC,A,2.712063789367676,0.0,0.7381928563117981,0.36136627197265625,1.1625398397445679,53.24800109863281,0.3028102219104767
dfl_generated,dfl_evaluation_03,0.19858039915561676,35,PCC,B,2.7109739780426025,0.0,0.7286233901977539,0.36136627197265625,1.1625398397445679,53.24800109863281,0.3028102219104767
dfl_generated,dfl_evaluation_03,0.19858039915561676,35,PCC,C,2.7096989154815674,0.0,0.7275254726409912,0.36136627197265625,1.1625398397445679,53.24800109863281,0.3028102219104767
dfl_generated,dfl_evaluation_03,0.19858039915561676,36,PCC,A,2.971289873123169,0.0,0.7628030776977539,0.5383059978485107,1.1636518239974976,53.24800109863281,0.2959698736667633
dfl_generated,dfl_evaluation_03,0.19858039915561676,36,PCC,B,2.968921422958374,0.0,0.7589218616485596,0.5383059978485107,1.1636518239974976,53.24800109863281,0.2959698736667633
dfl_generated,dfl_evaluation_03,0.19858039915561676,36,PCC,C,2.977367877960205,0.0,0.7323259115219116,0.5383059978485107,1.1636518239974976,53.24800109863281,0.2959698736667633
dfl_generated,dfl_evaluation_03,0.19858039915561676,37,PCC,A,3.0688788890838623,0.0,0.6567291021347046,0.6031783223152161,1.1615095138549805,53.24800109863281,0.29553845524787903
dfl_generated,dfl_evaluation_03,0.19858039915561676,37,PCC,B,3.0632495880126953,0.0,0.6756690740585327,0.6031783223152161,1.1615095138549805,53.24800109863281,0.29553845524787903
dfl_generated,dfl_evaluation_03,0.19858039915561676,37,PCC,C,3.0719728469848633,0.0,0.6732155084609985,0.6031783223152161,1.1615095138549805,53.24800109863281,0.29553845524787903
dfl_generated,dfl_evaluation_03,0.19858039915561676,38,PCC,A,3.150937557220459,0.0,0.583723783493042,0.6654155254364014,1.1627647876739502,53.24800109863281,0.29711470007896423
dfl_generated,dfl_evaluation_03,0.19858039915561676,38,PCC,B,3.155245542526245,0.0,0.5858581066131592,0.6654155254364014,1.1627647876739502,53.24800109863281,0.29711470007896423
dfl_generated,dfl_evaluation_03,0.19858039915561676,38,PCC,C,3.1522579193115234,0.0,0.5913611650466919,0.6654155254364014,1.1627647876739502,53.24800109863281,0.29711470007896423
dfl_generated,dfl_evaluation_03,0.19858039915561676,39,PCC,A,2.940685749053955,0.0,0.5319936275482178,0.5210045576095581,1.1603492498397827,53.24800109863281,0.2939859628677368
dfl_generated,dfl_evaluation_03,0.19858039915561676,39,PCC,B,2.943671464920044,0.0,0.524304211139679,0.5210045576095581,1.1603492498397827,53.24800109863281,0.2939859628677368
dfl_generated,dfl_evaluation_03,0.19858039915561676,39,PCC,C,2.944713830947876,0.0,0.5348435044288635,0.5210045576095581,1.1603492498397827,53.24800109863281,0.2939859628677368
dfl_generated,dfl_evaluation_03,0.19858039915561676,40,PCC,A,2.9991979598999023,0.0,0.2624421715736389,0.5631123185157776,1.158731460571289,53.24800109863281,0.29350176453590393
dfl_generated,dfl_evaluation_03,0.19858039915561676,40,PCC,B,2.9997029304504395,0.0,0.27515166997909546,0.5631123185157776,1.158731460571289,53.24800109863281,0.29350176453590393
dfl_generated,dfl_evaluation_03,0.19858039915561676,40,PCC,C,3.000255823135376,0.0,0.2636910080909729,0.5631123185157776,1.158731460571289,53.24800109863281,0.29350176453590393
dfl_generated,dfl_evaluation_03,0.19858039915561676,41,PCC,A,2.9290215969085693,0.0,0.03587318956851959,0.5185338854789734,1.1562117338180542,53.24800109863281,0.292074054479599
dfl_generated,dfl_evaluation_03,0.19858039915561676,41,PCC,B,2.9266018867492676,0.0,0.03194905072450638,0.5185338854789734,1.1562117338180542,53.24800109863281,0.292074054479599
dfl_generated,dfl_evaluation_03,0.19858039915561676,41,PCC,C,2.9250359535217285,0.0,0.035392120480537415,0.5185338854789734,1.1562117338180542,53.24800109863281,0.292074054479599
dfl_generated,dfl_evaluation_03,0.19858039915561676,42,PCC,A,2.897622585296631,0.0,0.005997315049171448,0.501911997795105,1.1544119119644165,53.24800109863281,0.2778647243976593
dfl_generated,dfl_evaluation_03,0.19858039915561676,42,PCC,B,2.898552417755127,0.0,0.007021963596343994,0.501911997795105,1.1544119119644165,53.24800109863281,0.2778647243976593
dfl_generated,dfl_evaluation_03,0.19858039915561676,42,PCC,C,2.895543098449707,0.0,0.006941327825188637,0.501911997795105,1.1544119119644165,53.24800109863281,0.2778647243976593
dfl_generated,dfl_evaluation_03,0.19858039915561676,43,PCC,A,2.993046998977661,0.0,0.0,0.5692486763000488,1.1518951654434204,53.24800109863281,0.2826229929924011
dfl_generated,dfl_evaluation_03,0.19858039915561676,43,PCC,B,2.9928181171417236,0.0,0.0,0.5692486763000488,1.1518951654434204,53.24800109863281,0.2826229929924011
dfl_generated,dfl_evaluation_03,0.19858039915561676,43,PCC,C,2.9962985515594482,0.0,0.0,0.5692486763000488,1.1518951654434204,53.24800109863281,0.2826229929924011
dfl_generated,dfl_evaluation_03,0.19858039915561676,44,PCC,A,2.830618143081665,0.0,0.0,0.458400696516037,1.1535484790802002,53.24800109863281,0.3031772971153259
dfl_generated,dfl_evaluation_03,0.19858039915561676,44,PCC,B,2.834017038345337,0.0,1.304735746998631e-06,0.458400696516037,1.1535484790802002,53.24800109863281,0.3031772971153259
dfl_generated,dfl_evaluation_03,0.19858039915561676,44,PCC,C,2.8311116695404053,0.0,1.850062972152955e-06,0.458400696516037,1.1535484790802002,53.24800109863281,0.3031772971153259
dfl_generated,dfl_evaluation_03,0.19858039915561676,45,PCC,A,2.746349811553955,0.0,2.7293892799207242e-06,0.39928483963012695,1.1534475088119507,53.24800109863281,0.28574737906455994
dfl_generated,dfl_evaluation_03,0.19858039915561676,45,PCC,B,2.746415853500366,0.0,1.514809127911576e-06,0.39928483963012695,1.1534475088119507,53.24800109863281,0.28574737906455994
dfl_generated,dfl_evaluation_03,0.19858039915561676,45,PCC,C,2.746246099472046,0.0,1.5333871488110162e-06,0.39928483963012695,1.1534475088119507,53.24800109863281,0.28574737906455994
dfl_generated,dfl_evaluation_03,0.19858039915561676,46,PCC,A,2.6932945251464844,0.0,3.770150215132162e-06,0.3637107312679291,1.1522186994552612,53.24800109863281,0.2937496304512024
dfl_generated,dfl_evaluation_03,0.19858039915561676,46,PCC,B,2.693950891494751,0.0,1.5596948514939868e-06,0.3637107312679291,1.1522186994552612,53.24800109863281,0.2937496304512024
dfl_generated,dfl_evaluation_03,0.19858039915561676,46,PCC,C,2.69518780708313,0.0,5.288410420689615e-07,0.3637107312679291,1.1522186994552612,53.24800109863281,0.2937496304512024
dfl_generated,dfl_evaluation_03,0.19858039915561676,47,PCC,A,2.670595407485962,0.0,1.33823482428852e-06,0.34759950637817383,1.1519802808761597,53.24800109863281,0.300149142742157
dfl_generated,dfl_evaluation_03,0.19858039915561676,47,PCC,B,2.670314311981201,0.0,2.1356325419219502e-07,0.34759950637817383,1.1519802808761597,53.24800109863281,0.300149142742157
dfl_generated,dfl_evaluation_03,0.19858039915561676,47,PCC,C,2.6707420349121094,0.0,0.0,0.34759950637817383,1.1519802808761597,53.24800109863281,0.300149142742157
dfl_generated,dfl_evaluation_04,0.19858039915561676,0,PCC,A,2.590433359146118,0.0,0.0,0.29431068897247314,1.1504539251327515,53.24800109863281,0.2925293445587158
dfl_generated,dfl_evaluation_04,0.19858039915561676,0,PCC,B,2.591886281967163,0.0,4.351079212483455e-07,0.29431068897247314,1.1504539251327515,53.24800109863281,0.2925293445587158
dfl_generated,dfl_evaluation_04,0.19858039915561676,0,PCC,C,2.5901432037353516,0.0,1.6967676401691278e-06,0.29431068897247314,1.1504539251327515,53.24800109863281,0.2925293445587158
dfl_generated,dfl_evaluation_04,0.19858039915561676,1,PCC,A,2.624781370162964,0.0,0.0,0.3179371654987335,1.1496461629867554,53.24800109863281,0.29925477504730225
dfl_generated,dfl_evaluation_04,0.19858039915561676,1,PCC,B,2.625091552734375,0.0,0.0,0.3179371654987335,1.1496461629867554,53.24800109863281,0.29925477504730225
dfl_generated,dfl_evaluation_04,0.19858039915561676,1,PCC,C,2.6240947246551514,0.0,0.0,0.3179371654987335,1.1496461629867554,53.24800109863281,0.29925477504730225
dfl_generated,dfl_evaluation_04,0.19858039915561676,2,PCC,A,2.4884140491485596,0.0,1.699233393992472e-06,0.2232462614774704,1.1503347158432007,53.24800109863281,0.29030609130859375
dfl_generated,dfl_evaluation_04,0.19858039915561676,2,PCC,B,2.4881465435028076,0.0,0.0,0.2232462614774704,1.1503347158432007,53.24800109863281,0.29030609130859375
dfl_generated,dfl_evaluation_04,0.19858039915561676,2,PCC,C,2.488431930541992,0.0,1.3072653928247746e-06,0.2232462614774704,1.1503347158432007,53.24800109863281,0.29030609130859375
dfl_generated,dfl_evaluation_04,0.19858039915561676,3,PCC,A,2.546335220336914,0.0,1.3404375920345046e-07,0.2633455991744995,1.1503905057907104,53.24800109863281,0.29042384028434753
dfl_generated,dfl_evaluation_04,0.19858039915561676,3,PCC,B,2.545957565307617,0.0,1.3482248277796316e-06,0.2633455991744995,1.1503905057907104,53.24800109863281,0.29042384028434753
dfl_generated,dfl_evaluation_04,0.19858039915561676,3,PCC,C,2.5460867881774902,0.0,9.543610985929263e-07,0.2633455991744995,1.1503905057907104,53.24800109863281,0.29042384028434753
dfl_generated,dfl_evaluation_04,0.19858039915561676,4,PCC,A,2.6070921421051025,0.0,2.1125788407516666e-06,0.3060445785522461,1.150040864944458,53.24800109863281,0.2808507978916168
dfl_generated,dfl_evaluation_04,0.19858039915561676,4,PCC,B,2.6070337295532227,0.0,2.3245475233579782e-07,0.3060445785522461,1.150040864944458,53.24800109863281,0.2808507978916168
dfl_generated,dfl_evaluation_04,0.19858039915561676,4,PCC,C,2.6068766117095947,0.0,0.0,0.3060445785522461,1.150040864944458,53.24800109863281,0.2808507978916168
dfl_generated,dfl_evaluation_04,0.19858039915561676,5,PCC,A,2.576521873474121,0.0,0.0,0.2850128710269928,1.1504945755004883,53.24800109863281,0.2772749066352844
dfl_generated,dfl_evaluation_04,0.19858039915561676,5,PCC,B,2.5766727924346924,0.0,0.0,0.2850128710269928,1.1504945755004883,53.24800109863281,0.2772749066352844
dfl_generated,dfl_evaluation_04,0.19858039915561676,5,PCC,C,2.5766384601593018,0.0,0.0,0.2850128710269928,1.1504945755004883,53.24800109863281,0.2772749066352844
dfl_generated,dfl_evaluation_04,0.19858039915561676,6,PCC,A,2.763392686843872,0.0,0.0,0.4131304621696472,1.1504788398742676,53.24800109863281,0.2713405191898346
dfl_generated,dfl_evaluation_04,0.19858039915561676,6,PCC,B,2.761538028717041,0.0,0.0,0.4131304621696472,1.1504788398742676,53.24800109863281,0.2713405191898346
dfl_generated,dfl_evaluation_04,0.19858039915561676,6,PCC,C,2.7634477615356445,0.0,0.0,0.4131304621696472,1.1504788398742676,53.24800109863281,0.2713405191898346
dfl_generated,dfl_evaluation_04,0.19858039915561676,7,PCC,A,3.018876791000366,0.0,0.012828946113586426,0.5887197852134705,1.1515803337097168,53.24800109863281,0.268322616815567
dfl_generated,dfl_evaluation_04,0.19858039915561676,7,PCC,B,3.015241861343384,0.0,0.016432151198387146,0.5887197852134705,1.1515803337097168,53.24800109863281,0.268322616815567
dfl_generated,dfl_evaluation_04,0.19858039915561676,7,PCC,C,3.0163745880126953,0.0,0.014438986778259277,0.5887197852134705,1.1515803337097168,53.24800109863281,0.268322616815567
dfl_generated,dfl_evaluation_04,0.19858039915561676,8,PCC,A,2.7700436115264893,0.0,0.21623502671718597,0.41616514325141907,1.1530358791351318,53.24800109863281,0.27027419209480286
dfl_generated,dfl_evaluation_04,0.19858039915561676,8,PCC,B,2.7713286876678467,0.0,0.21262972056865692,0.41616514325141907,1.1530358791351318,53.24800109863281,0.27027419209480286
dfl_generated,dfl_evaluation_04,0.19858039915561676,8,PCC,C,2.768523931503296,0.0,0.21593992412090302,0.41616514325141907,1.1530358791351318,53.24800109863281,0.27027419209480286
dfl_generated,dfl_evaluation_04,0.19858039915561676,9,PCC,A,2.913940906524658,0.0,0.3975490629673004,0.5137431621551514,1.1537232398986816,53.24800109863281,0.23149055242538452
dfl_generated,dfl_evaluation_04,0.19858039915561676,9,PCC,B,2.914358139038086,0.0,0.4195701777935028,0.5137431621551514,1.1537232398986816,53.24800109863281,0.23149055242538452
dfl_generated,dfl_evaluation_04,0.19858039915561676,9,PCC,C,2.916975975036621,0.0,0.4027599096298218,0.5137431621551514,1.1537232398986816,53.24800109863281,0.23149055242538452
dfl_generated,dfl_evaluation_04,0.19858039915561676,10,PCC,A,2.6999824047088623,0.0,0.543433666229248,0.3643687963485718,1.154393196105957,53.24800109863281,0.2721629738807678
dfl_generated,dfl_evaluation_04,0.19858039915561676,10,PCC,B,2.7008798122406006,0.0,0.5348447561264038,0.3643687963485718,1.154393196105957,53.24800109863281,0.2721629738807678
dfl_generated,dfl_evaluation_04,0.19858039915561676,10,PCC,C,2.696927785873413,0.0,0.5462961196899414,0.3643687963485718,1.154393196105957,53.24800109863281,0.2721629738807678
dfl_generated,dfl_evaluation_04,0.19858039915561676,11,PCC,A,2.6961095333099365,0.0,0.6037026047706604,0.36136627197265625,1.1554930210113525,53.24800109863281,0.2758215069770813
dfl_generated,dfl_evaluation_04,0.19858039915561676,11,PCC,B,2.6970231533050537,0.0,0.6143052577972412,0.36136627197265625,1.1554930210113525,53.24800109863281,0.2758215069770813
dfl_generated,dfl_evaluation_04,0.19858039915561676,11,PCC,C,2.6962943077087402,0.0,0.5884685516357422,0.36136627197265625,1.1554930210113525,53.24800109863281,0.2758215069770813
dfl_generated,dfl_evaluation_04,0.19858039915561676,12,PCC,A,2.9565534591674805,0.0,0.632562518119812,0.5383059978485107,1.1575486660003662,53.24800109863281,0.27266958355903625
dfl_generated,dfl_evaluation_04,0.19858039915561676,12,PCC,B,2.958646535873413,0.0,0.6382277607917786,0.5383059978485107,1.1575486660003662,53.24800109863281,0.27266958355903625
dfl_generated,dfl_evaluation_04,0.19858039915561676,12,PCC,C,2.956098794937134,0.0,0.6355251669883728,0.5383059978485107,1.1575486660003662,53.24800109863281,0.27266958355903625
dfl_generated,dfl_evaluation_04,0.19858039915561676,13,PCC,A,3.0534021854400635,0.0,0.6162989139556885,0.6031783223152161,1.1581519842147827,53.24800109863281,0.2714363932609558
dfl_generated,dfl_evaluation_04,0.19858039915561676,13,PCC,B,3.055065631866455,0.0,0.5977742671966553,0.6031783223152161,1.1581519842147827,53.24800109863281,0.2714363932609558
dfl_generated,dfl_evaluation_04,0.19858039915561676,13,PCC,C,3.0528221130371094,0.0,0.6034899353981018,0.6031783223152161,1.1581519842147827,53.24800109863281,0.2714363932609558
dfl_generated,dfl_evaluation_04,0.19858039915561676,14,PCC,A,3.1433277130126953,0.0,0.5626538991928101,0.6654155254364014,1.1578092575073242,53.24800109863281,0.26943284273147583
dfl_generated,dfl_evaluation_04,0.19858039915561676,14,PCC,B,3.14640212059021,0.0,0.5848561525344849,0.6654155254364014,1.1578092575073242,53.24800109863281,0.26943284273147583
dfl_generated,dfl_evaluation_04,0.19858039915561676,14,PCC,C,3.1427934169769287,0.0,0.5788649320602417,0.6654155254364014,1.1578092575073242,53.24800109863281,0.26943284273147583
dfl_generated,dfl_evaluation_04,0.19858039915561676,15,PCC,A,2.9307966232299805,0.0,0.43396279215812683,0.5210045576095581,1.1575071811676025,53.24800109863281,0.2670148015022278
dfl_generated,dfl_evaluation_04,0.19858039915561676,15,PCC,B,2.927701950073242,0.0,0.4324991703033447,0.5210045576095581,1.1575071811676025,53.24800109863281,0.2670148015022278
dfl_generated,dfl_evaluation_04,0.19858039915561676,15,PCC,C,2.928145408630371,0.0,0.4223538339138031,0.5210045576095581,1.1575071811676025,53.24800109863281,0.2670148015022278
dfl_generated,dfl_evaluation_04,0.19858039915561676,16,PCC,A,2.9892935752868652,0.0,0.23141421377658844,0.5631123185157776,1.1552165746688843,53.24800109863281,0.26038673520088196
dfl_generated,dfl_evaluation_04,0.19858039915561676,16,PCC,B,2.9903111457824707,0.0,0.23046492040157318,0.5631123185157776,1.1552165746688843,53.24800109863281,0.26038673520088196
dfl_generated,dfl_evaluation_04,0.19858039915561676,16,PCC,C,2.987293004989624,0.0,0.2296776920557022,0.5631123185157776,1.1552165746688843,53.24800109863281,0.26038673520088196
dfl_generated,dfl_evaluation_04,0.19858039915561676,17,PCC,A,2.916585683822632,0.0,0.014929324388504028,0.5185338854789734,1.153329610824585,53.24800109863281,0.2574714720249176
dfl_generated,dfl_evaluation_04,0.19858039915561676,17,PCC,B,2.917797565460205,0.0,0.013429686427116394,0.5185338854789734,1.153329610824585,53.24800109863281,0.2574714720249176
dfl_generated,dfl_evaluation_04,0.19858039915561676,17,PCC,C,2.922741413116455,0.0,0.01236414909362793,0.5185338854789734,1.153329610824585,53.24800109863281,0.2574714720249176
dfl_generated,dfl_evaluation_04,0.19858039915561676,18,PCC,A,2.8949825763702393,0.0,0.0,0.501911997795105,1.1530611515045166,53.24800109863281,0.25990089774131775
dfl_generated,dfl_evaluation_04,0.19858039915561676,18,PCC,B,2.8948540687561035,0.0,0.0,0.501911997795105,1.1530611515045166,53.24800109863281,0.25990089774131775
dfl_generated,dfl_evaluation_04,0.19858039915561676,18,PCC,C,2.8960046768188477,0.0,0.0,0.501911997795105,1.1530611515045166,53.24800109863281,0.25990089774131775
dfl_generated,dfl_evaluation_04,0.19858039915561676,19,PCC,A,2.9911398887634277,0.0,0.0,0.5692486763000488,1.1525981426239014,53.24800109863281,0.26422497630119324
dfl_generated,dfl_evaluation_04,0.19858039915561676,19,PCC,B,2.9911739826202393,0.0,0.0,0.5692486763000488,1.1525981426239014,53.24800109863281,0.26422497630119324
dfl_generated,dfl_evaluation_04,0.19858039915561676,19,PCC,C,2.992589235305786,0.0,0.0,0.5692486763000488,1.1525981426239014,53.24800109863281,0.26422497630119324
dfl_generated,dfl_evaluation_04,0.19858039915561676,20,PCC,A,2.832791328430176,0.0,0.0,0.458400696516037,1.1530886888504028,53.24800109863281,0.2639564275741577
dfl_generated,dfl_evaluation_04,0.19858039915561676,20,PCC,B,2.8325328826904297,0.0,0.0,0.458400696516037,1.1530886888504028,53.24800109863281,0.2639564275741577
dfl_generated,dfl_evaluation_04,0.19858039915561676,20,PCC,C,2.833146810531616,0.0,1.679511996144356e-07,0.458400696516037,1.1530886888504028,53.24800109863281,0.2639564275741577
dfl_generated,dfl_evaluation_04,0.19858039915561676,21,PCC,A,2.746410846710205,0.0,2.71322801381757e-06,0.39928483963012695,1.1527643203735352,53.24800109863281,0.2719425857067108
dfl_generated,dfl_evaluation_04,0.19858039915561676,21,PCC,B,2.747143030166626,0.0,0.0,0.39928483963012695,1.1527643203735352,53.24800109863281,0.2719425857067108
dfl_generated,dfl_evaluation_04,0.19858039915561676,21,PCC,C,2.7458221912384033,0.0,1.0805766805788153e-06,0.39928483963012695,1.1527643203735352,53.24800109863281,0.2719425857067108
dfl_generated,dfl_evaluation_04,0.19858039915561676,22,PCC,A,2.6936614513397217,0.0,2.0996433249820257e-06,0.3637107312679291,1.153128743171692,53.24800109863281,0.28288814425468445
dfl_generated,dfl_evaluation_04,0.19858039915561676,22,PCC,B,2.6962215900421143,0.0,1.5725062212368357e-06,0.3637107312679291,1.153128743171692,53.24800109863281,0.28288814425468445
dfl_generated,dfl_evaluation_04,0.19858039915561676,22,PCC,C,2.695436954498291,0.0,0.0,0.3637107312679291,1.153128743171692,53.24800109863281,0.28288814425468445
dfl_generated,dfl_evaluation_04,0.19858039915561676,23,PCC,A,2.6707940101623535,0.0,1.0712518871969223e-07,0.34759950637817383,1.152153730392456,53.24800109863281,0.28862816095352173
dfl_generated,dfl_evaluation_04,0.19858039915561676,23,PCC,B,2.6719491481781006,0.0,0.0,0.34759950637817383,1.152153730392456,53.24800109863281,0.28862816095352173
dfl_generated,dfl_evaluation_04,0.19858039915561676,23,PCC,C,2.6704747676849365,0.0,0.0,0.34759950637817383,1.152153730392456,53.24800109863281,0.28862816095352173
dfl_generated,dfl_evaluation_04,0.19858039915561676,24,PCC,A,2.5934793949127197,0.0,0.0,0.29431068897247314,1.151523232460022,53.24800109863281,0.2869812846183777
dfl_generated,dfl_evaluation_04,0.19858039915561676,24,PCC,B,2.5935447216033936,0.0,5.884444362891372e-07,0.29431068897247314,1.151523232460022,53.24800109863281,0.2869812846183777
dfl_generated,dfl_evaluation_04,0.19858039915561676,24,PCC,C,2.593402624130249,0.0,0.0,0.29431068897247314,1.151523232460022,53.24800109863281,0.2869812846183777
dfl_generated,dfl_evaluation_04,0.19858039915561676,25,PCC,A,2.6279468536376953,0.0,0.0,0.3179371654987335,1.1519750356674194,34.72425079345703,0.2864498496055603
dfl_generated,dfl_evaluation_04,0.19858039915561676,25,PCC,B,2.6270010471343994,0.0,8.800826094557124e-07,0.3179371654987335,1.1519750356674194,34.72425079345703,0.2864498496055603
dfl_generated,dfl_evaluation_04,0.19858039915561676,25,PCC,C,2.6280806064605713,0.0,0.0,0.3179371654987335,1.1519750356674194,34.72425079345703,0.2864498496055603
dfl_generated,dfl_evaluation_04,0.19858039915561676,26,PCC,A,2.491034507751465,0.0,0.0,0.2232462614774704,1.1514873504638672,34.72425079345703,0.30500930547714233
dfl_generated,dfl_evaluation_04,0.19858039915561676,26,PCC,B,2.4901742935180664,0.0,1.8284493989995099e-06,0.2232462614774704,1.1514873504638672,34.72425079345703,0.30500930547714233
dfl_generated,dfl_evaluation_04,0.19858039915561676,26,PCC,C,2.490055799484253,0.0,4.824016173188284e-07,0.2232462614774704,1.1514873504638672,34.72425079345703,0.30500930547714233
dfl_generated,dfl_evaluation_04,0.19858039915561676,27,PCC,A,2.548422336578369,0.0,2.331507857888937e-06,0.2633455991744995,1.1513056755065918,53.24800109863281,0.3019369840621948
dfl_generated,dfl_evaluation_04,0.19858039915561676,27,PCC,B,2.5474348068237305,0.0,0.0,0.2633455991744995,1.1513056755065918,53.24800109863281,0.3019369840621948
dfl_generated,dfl_evaluation_04,0.19858039915561676,27,PCC,C,2.5485026836395264,0.0,0.0,0.2633455991744995,1.1513056755065918,53.24800109863281,0.3019369840621948
dfl_generated,dfl_evaluation_04,0.19858039915561676,28,PCC,A,2.6088907718658447,0.0,2.320162593605346e-06,0.3060445785522461,1.1511846780776978,53.24800109863281,0.2839314043521881
dfl_generated,dfl_evaluation_04,0.19858039915561676,28,PCC,B,2.6094677448272705,0.0,3.00859733215475e-06,0.3060445785522461,1.1511846780776978,53.24800109863281,0.2839314043521881
dfl_generated,dfl_evaluation_04,0.19858039915561676,28,PCC,C,2.6084938049316406,0.0,9.474579769630509e-07,0.3060445785522461,1.1511846780776978,53.24800109863281,0.2839314043521881
dfl_generated,dfl_evaluation_04,0.19858039915561676,29,PCC,A,2.579643964767456,0.0,0.0,0.2850128710269928,1.150974154472351,53.24800109863281,0.2742781937122345
dfl_generated,dfl_evaluation_04,0.19858039915561676,29,PCC,B,2.5795907974243164,0.0,0.0,0.2850128710269928,1.150974154472351,53.24800109863281,0.2742781937122345
dfl_generated,dfl_evaluation_04,0.19858039915561676,29,PCC,C,2.5792689323425293,0.0,0.0,0.2850128710269928,1.150974154472351,53.24800109863281,0.2742781937122345
dfl_generated,dfl_evaluation_04,0.19858039915561676,30,PCC,A,2.76545786857605,0.0,0.0,0.4131304621696472,1.1519522666931152,121.88175201416016,0.27024760842323303
dfl_generated,dfl_evaluation_04,0.19858039915561676,30,PCC,B,2.7649831771850586,0.0,0.0,0.4131304621696472,1.1519522666931152,121.88175201416016,0.27024760842323303
dfl_generated,dfl_evaluation_04,0.19858039915561676,30,PCC,C,2.764068841934204,0.0,0.0,0.4131304621696472,1.1519522666931152,121.88175201416016,0.27024760842323303
dfl_generated,dfl_evaluation_04,0.19858039915561676,31,PCC,A,3.0186054706573486,0.0,0.03523141145706177,0.5887197852134705,1.1528698205947876,121.88175201416016,0.26320046186447144
dfl_generated,dfl_evaluation_04,0.19858039915561676,31,PCC,B,3.0192625522613525,0.0,0.035067349672317505,0.5887197852134705,1.1528698205947876,121.88175201416016,0.26320046186447144
dfl_generated,dfl_evaluation_04,0.19858039915561676,31,PCC,C,3.0187458992004395,0.0,0.03714923560619354,0.5887197852134705,1.1528698205947876,121.88175201416016,0.26320046186447144
dfl_generated,dfl_evaluation_04,0.19858039915561676,32,PCC,A,2.7673661708831787,0.0,0.3538048565387726,0.41616514325141907,1.1526250839233398,121.88175201416016,0.24427717924118042
dfl_generated,dfl_evaluation_04,0.19858039915561676,32,PCC,B,2.77071475982666,0.0,0.34718000888824463,0.41616514325141907,1.1526250839233398,121.88175201416016,0.24427717924118042
dfl_generated,dfl_evaluation_04,0.19858039915561676,32,PCC,C,2.769505023956299,0.0,0.3411228060722351,0.41616514325141907,1.1526250839233398,121.88175201416016,0.24427717924118042
dfl_generated,dfl_evaluation_04,0.19858039915561676,33,PCC,A,2.9120233058929443,0.0,0.6861461400985718,0.5137431621551514,1.15414297580719,121.88175201416016,0.2633236348628998
dfl_generated,dfl_evaluation_04,0.19858039915561676,33,PCC,B,2.9153528213500977,0.0,0.6617708802223206,0.5137431621551514,1.15414297580719,121.88175201416016,0.2633236348628998
dfl_generated,dfl_evaluation_04,0.19858039915561676,33,PCC,C,2.9153199195861816,0.0,0.6570124626159668,0.5137431621551514,1.15414297580719,121.88175201416016,0.2633236348628998
dfl_generated,dfl_evaluation_04,0.19858039915561676,34,PCC,A,2.700667142868042,0.0,0.8311237096786499,0.3643687963485718,1.1548388004302979,53.24800109863281,0.27007511258125305
dfl_generated,dfl_evaluation_04,0.19858039915561676,34,PCC,B,2.705901861190796,0.0,0.8171213269233704,0.3643687963485718,1.1548388004302979,53.24800109863281,0.27007511258125305
dfl_generated,dfl_evaluation_04,0.19858039915561676,34,PCC,C,2.703047037124634,0.0,0.8118805289268494,0.3643687963485718,1.1548388004302979,53.24800109863281,0.27007511258125305
dfl_generated,dfl_evaluation_04,0.19858039915561676,35,PCC,A,2.697455644607544,0.0,0.8969192504882812,0.36136627197265625,1.1563398838043213,53.24800109863281,0.275888055562973
dfl_generated,dfl_evaluation_04,0.19858039915561676,35,PCC,B,2.698929786682129,0.0,0.8879408836364746,0.36136627197265625,1.1563398838043213,53.24800109863281,0.275888055562973
dfl_generated,dfl_evaluation_04,0.19858039915561676,35,PCC,C,2.7038185596466064,0.0,0.8952646255493164,0.36136627197265625,1.1563398838043213,53.24800109863281,0.275888055562973
dfl_generated,dfl_evaluation_04,0.19858039915561676,36,PCC,A,2.958380937576294,0.0,0.959940493106842,0.5383059978485107,1.1555571556091309,34.72425079345703,0.27822646498680115
dfl_generated,dfl_evaluation_04,0.19858039915561676,36,PCC,B,2.9551265239715576,0.0,0.9626299738883972,0.5383059978485107,1.1555571556091309,34.72425079345703,0.27822646498680115
dfl_generated,dfl_evaluation_04,0.19858039915561676,36,PCC,C,2.95519757270813,0.0,0.9417902231216431,0.5383059978485107,1.1555571556091309,34.72425079345703,0.27822646498680115
dfl_generated,dfl_evaluation_04,0.19858039915561676,37,PCC,A,3.052381753921509,0.0,0.9464553594589233,0.6031783223152161,1.1573834419250488,34.72425079345703,0.27629151940345764
dfl_generated,dfl_evaluation_04,0.19858039915561676,37,PCC,B,3.0470142364501953,0.0,0.9510096311569214,0.6031783223152161,1.1573834419250488,34.72425079345703,0.27629151940345764
dfl_generated,dfl_evaluation_04,0.19858039915561676,37,PCC,C,3.050598621368408,0.0,0.9370055198669434,0.6031783223152161,1.1573834419250488,34.72425079345703,0.27629151940345764
dfl_generated,dfl_evaluation_04,0.19858039915561676,38,PCC,A,3.1420857906341553,0.0,0.7867451310157776,0.6654155254364014,1.1589387655258179,34.72425079345703,0.27386200428009033
dfl_generated,dfl_evaluation_04,0.19858039915561676,38,PCC,B,3.1432418823242188,0.0,0.7853624224662781,0.6654155254364014,1.1589387655258179,34.72425079345703,0.27386200428009033
dfl_generated,dfl_evaluation_04,0.19858039915561676,38,PCC,C,3.1421191692352295,0.0,0.7888306379318237,0.6654155254364014,1.1589387655258179,34.72425079345703,0.27386200428009033
dfl_generated,dfl_evaluation_04,0.19858039915561676,39,PCC,A,2.9301950931549072,0.0,0.6277924180030823,0.5210045576095581,1.1567834615707397,34.72425079345703,0.27417412400245667
dfl_generated,dfl_evaluation_04,0.19858039915561676,39,PCC,B,2.9270482063293457,0.0,0.6305890083312988,0.5210045576095581,1.1567834615707397,34.72425079345703,0.27417412400245667
dfl_generated,dfl_evaluation_04,0.19858039915561676,39,PCC,C,2.931443214416504,0.0,0.6438471078872681,0.5210045576095581,1.1567834615707397,34.72425079345703,0.27417412400245667
dfl_generated,dfl_evaluation_04,0.19858039915561676,40,PCC,A,2.989921808242798,0.0,0.3224392533302307,0.5631123185157776,1.1548715829849243,53.24800109863281,0.2630282938480377
dfl_generated,dfl_evaluation_04,0.19858039915561676,40,PCC,B,2.9885783195495605,0.0,0.3163391649723053,0.5631123185157776,1.1548715829849243,53.24800109863281,0.2630282938480377
dfl_generated,dfl_evaluation_04,0.19858039915561676,40,PCC,C,2.9865291118621826,0.0,0.3186965584754944,0.5631123185157776,1.1548715829849243,53.24800109863281,0.2630282938480377
dfl_generated,dfl_evaluation_04,0.19858039915561676,41,PCC,A,2.9187963008880615,0.0,0.022875115275382996,0.5185338854789734,1.1527646780014038,53.24800109863281,0.25755470991134644
dfl_generated,dfl_evaluation_04,0.19858039915561676,41,PCC,B,2.920084238052368,0.0,0.024678781628608704,0.5185338854789734,1.1527646780014038,53.24800109863281,0.25755470991134644
dfl_generated,dfl_evaluation_04,0.19858039915561676,41,PCC,C,2.9200611114501953,0.0,0.022294849157333374,0.5185338854789734,1.1527646780014038,53.24800109863281,0.25755470991134644
dfl_generated,dfl_evaluation_04,0.19858039915561676,42,PCC,A,2.8962037563323975,0.0,0.0,0.501911997795105,1.1523088216781616,53.24800109863281,0.2479153424501419
dfl_generated,dfl_evaluation_04,0.19858039915561676,42,PCC,B,2.8929965496063232,0.0,0.0,0.501911997795105,1.1523088216781616,53.24800109863281,0.2479153424501419
dfl_generated,dfl_evaluation_04,0.19858039915561676,42,PCC,C,2.8921737670898438,0.0,0.0,0.501911997795105,1.1523088216781616,53.24800109863281,0.2479153424501419
dfl_generated,dfl_evaluation_04,0.19858039915561676,43,PCC,A,2.9930801391601562,0.0,0.0,0.5692486763000488,1.1519074440002441,53.24800109863281,0.25431376695632935
dfl_generated,dfl_evaluation_04,0.19858039915561676,43,PCC,B,2.9919564723968506,0.0,0.0,0.5692486763000488,1.1519074440002441,53.24800109863281,0.25431376695632935
dfl_generated,dfl_evaluation_04,0.19858039915561676,43,PCC,C,2.9917659759521484,0.0,0.0,0.5692486763000488,1.1519074440002441,53.24800109863281,0.25431376695632935
dfl_generated,dfl_evaluation_04,0.19858039915561676,44,PCC,A,2.8303067684173584,0.0,0.0,0.458400696516037,1.1517677307128906,53.24800109863281,0.2618829011917114
dfl_generated,dfl_evaluation_04,0.19858039915561676,44,PCC,B,2.830552101135254,0.0,0.0,0.458400696516037,1.1517677307128906,53.24800109863281,0.2618829011917114
dfl_generated,dfl_evaluation_04,0.19858039915561676,44,PCC,C,2.830264091491699,0.0,3.021119141521922e-07,0.458400696516037,1.1517677307128906,53.24800109863281,0.2618829011917114
dfl_generated,dfl_evaluation_04,0.19858039915561676,45,PCC,A,2.744682550430298,0.0,8.037690122364438e-07,0.39928483963012695,1.1514499187469482,53.24800109863281,0.26044175028800964
dfl_generated,dfl_evaluation_04,0.19858039915561676,45,PCC,B,2.745401620864868,0.0,8.494756684740423e-07,0.39928483963012695,1.1514499187469482,53.24800109863281,0.26044175028800964
dfl_generated,dfl_evaluation_04,0.19858039915561676,45,PCC,C,2.7442612648010254,0.0,0.0,0.39928483963012695,1.1514499187469482,53.24800109863281,0.26044175028800964
dfl_generated,dfl_evaluation_04,0.19858039915561676,46,PCC,A,2.6938655376434326,0.0,1.080053266377945e-06,0.3637107312679291,1.1519436836242676,53.24800109863281,0.2787931263446808
dfl_generated,dfl_evaluation_04,0.19858039915561676,46,PCC,B,2.6918036937713623,0.0,0.0,0.3637107312679291,1.1519436836242676,53.24800109863281,0.2787931263446808
dfl_generated,dfl_evaluation_04,0.19858039915561676,46,PCC,C,2.693211555480957,0.0,0.0,0.3637107312679291,1.1519436836242676,53.24800109863281,0.2787931263446808
dfl_generated,dfl_evaluation_04,0.19858039915561676,47,PCC,A,2.668233633041382,0.0,7.957627872201556e-07,0.34759950637817383,1.1511062383651733,53.24800109863281,0.28381025791168213
dfl_generated,dfl_evaluation_04,0.19858039915561676,47,PCC,B,2.6677358150482178,0.0,3.047409109058208e-06,0.34759950637817383,1.1511062383651733,53.24800109863281,0.28381025791168213
dfl_generated,dfl_evaluation_04,0.19858039915561676,47,PCC,C,2.668940544128418,0.0,1.6391365988965845e-06,0.34759950637817383,1.1511062383651733,53.24800109863281,0.28381025791168213
dfl_generated,dfl_evaluation_05,0.19858039915561676,0,PCC,A,2.621361494064331,0.0,0.0,0.29431068897247314,1.166079044342041,53.24800109863281,0.37495511770248413
dfl_generated,dfl_evaluation_05,0.19858039915561676,0,PCC,B,2.6208901405334473,0.0,1.3189277581204806e-07,0.29431068897247314,1.166079044342041,53.24800109863281,0.37495511770248413
dfl_generated,dfl_evaluation_05,0.19858039915561676,0,PCC,C,2.622116804122925,0.0,0.0,0.29431068897247314,1.166079044342041,53.24800109863281,0.37495511770248413
dfl_generated,dfl_evaluation_05,0.19858039915561676,1,PCC,A,2.652611494064331,0.0,3.7428414998430526e-06,0.3179371654987335,1.162027359008789,34.72425079345703,0.33764326572418213
dfl_generated,dfl_evaluation_05,0.19858039915561676,1,PCC,B,2.655210494995117,0.0,0.0,0.3179371654987335,1.162027359008789,34.72425079345703,0.33764326572418213
dfl_generated,dfl_evaluation_05,0.19858039915561676,1,PCC,C,2.6483089923858643,0.0,3.8838193177070934e-06,0.3179371654987335,1.162027359008789,34.72425079345703,0.33764326572418213
dfl_generated,dfl_evaluation_05,0.19858039915561676,2,PCC,A,2.513296604156494,0.0,6.465470505645499e-06,0.2232462614774704,1.1625492572784424,34.72425079345703,0.37081313133239746
dfl_generated,dfl_evaluation_05,0.19858039915561676,2,PCC,B,2.5118248462677,0.0,1.1576408951441408e-06,0.2232462614774704,1.1625492572784424,34.72425079345703,0.37081313133239746
dfl_generated,dfl_evaluation_05,0.19858039915561676,2,PCC,C,2.512441873550415,0.0,0.0,0.2232462614774704,1.1625492572784424,34.72425079345703,0.37081313133239746
dfl_generated,dfl_evaluation_05,0.19858039915561676,3,PCC,A,2.570836305618286,0.0,0.0,0.2633455991744995,1.1614437103271484,34.72425079345703,0.356528103351593
dfl_generated,dfl_evaluation_05,0.19858039915561676,3,PCC,B,2.567897081375122,0.0,2.0697625586763024e-06,0.2633455991744995,1.1614437103271484,34.72425079345703,0.356528103351593
dfl_generated,dfl_evaluation_05,0.19858039915561676,3,PCC,C,2.56742000579834,0.0,0.0,0.2633455991744995,1.1614437103271484,34.72425079345703,0.356528103351593
dfl_generated,dfl_evaluation_05,0.19858039915561676,4,PCC,A,2.628136396408081,0.0,0.0,0.3060445785522461,1.1607046127319336,34.72425079345703,0.3935866951942444
dfl_generated,dfl_evaluation_05,0.19858039915561676,4,PCC,B,2.6272974014282227,0.0,0.0,0.3060445785522461,1.1607046127319336,34.72425079345703,0.3935866951942444
dfl_generated,dfl_evaluation_05,0.19858039915561676,4,PCC,C,2.6270735263824463,0.0,0.0,0.3060445785522461,1.1607046127319336,34.72425079345703,0.3935866951942444
dfl_generated,dfl_evaluation_05,0.19858039915561676,5,PCC,A,2.5971486568450928,0.0,0.0014718360034748912,0.2850128710269928,1.1619341373443604,34.72425079345703,0.3923974335193634
dfl_generated,dfl_evaluation_05,0.19858039915561676,5,PCC,B,2.5990896224975586,0.0,0.0022367723286151886,0.2850128710269928,1.1619341373443604,34.72425079345703,0.3923974335193634
dfl_generated,dfl_evaluation_05,0.19858039915561676,5,PCC,C,2.599074125289917,0.0,0.0019336966797709465,0.2850128710269928,1.1619341373443604,34.72425079345703,0.3923974335193634
dfl_generated,dfl_evaluation_05,0.19858039915561676,6,PCC,A,2.7974963188171387,0.0,0.03784049674868584,0.4131304621696472,1.1658180952072144,53.24800109863281,0.36367350816726685
dfl_generated,dfl_evaluation_05,0.19858039915561676,6,PCC,B,2.794032573699951,0.0,0.04063233733177185,0.4131304621696472,1.1658180952072144,53.24800109863281,0.36367350816726685
dfl_generated,dfl_evaluation_05,0.19858039915561676,6,PCC,C,2.792449951171875,0.0,0.04519147053360939,0.4131304621696472,1.1658180952072144,53.24800109863281,0.36367350816726685
dfl_generated,dfl_evaluation_05,0.19858039915561676,7,PCC,A,3.070138692855835,0.0,0.24903574585914612,0.5887197852134705,1.173460841178894,53.24800109863281,0.3442765474319458
dfl_generated,dfl_evaluation_05,0.19858039915561676,7,PCC,B,3.0734596252441406,0.0,0.27086129784584045,0.5887197852134705,1.173460841178894,53.24800109863281,0.3442765474319458
dfl_generated,dfl_evaluation_05,0.19858039915561676,7,PCC,C,3.0762135982513428,0.0,0.2310078889131546,0.5887197852134705,1.173460841178894,53.24800109863281,0.3442765474319458
dfl_generated,dfl_evaluation_05,0.19858039915561676,8,PCC,A,2.8379554748535156,0.0,0.6192907094955444,0.41616514325141907,1.1865453720092773,53.24800109863281,0.3078955113887787
dfl_generated,dfl_evaluation_05,0.19858039915561676,8,PCC,B,2.8422188758850098,0.0,0.6248070597648621,0.41616514325141907,1.1865453720092773,53.24800109863281,0.3078955113887787
dfl_generated,dfl_evaluation_05,0.19858039915561676,8,PCC,C,2.8381564617156982,0.0,0.6371831297874451,0.41616514325141907,1.1865453720092773,53.24800109863281,0.3078955113887787
dfl_generated,dfl_evaluation_05,0.19858039915561676,9,PCC,A,3.0016887187957764,0.0,0.8768365979194641,0.5137431621551514,1.195236086845398,53.24800109863281,0.26808488368988037
dfl_generated,dfl_evaluation_05,0.19858039915561676,9,PCC,B,3.0088706016540527,0.0,0.9126921892166138,0.5137431621551514,1.195236086845398,53.24800109863281,0.26808488368988037
dfl_generated,dfl_evaluation_05,0.19858039915561676,9,PCC,C,3.0158333778381348,0.0,0.8252595067024231,0.5137431621551514,1.195236086845398,53.24800109863281,0.26808488368988037
dfl_generated,dfl_evaluation_05,0.19858039915561676,10,PCC,A,2.812188148498535,0.0,1.0458695888519287,0.3643687963485718,1.2048230171203613,53.24800109863281,0.3014986515045166
dfl_generated,dfl_evaluation_05,0.19858039915561676,10,PCC,B,2.797970771789551,0.0,1.0377146005630493,0.3643687963485718,1.2048230171203613,53.24800109863281,0.3014986515045166
dfl_generated,dfl_evaluation_05,0.19858039915561676,10,PCC,C,2.797314167022705,0.0,1.0626262426376343,0.3643687963485718,1.2048230171203613,53.24800109863281,0.3014986515045166
dfl_generated,dfl_evaluation_05,0.19858039915561676,11,PCC,A,2.8112289905548096,0.0,1.0819188356399536,0.36136627197265625,1.2122297286987305,53.24800109863281,0.34335359930992126
dfl_generated,dfl_evaluation_05,0.19858039915561676,11,PCC,B,2.8024816513061523,0.0,1.09725022315979,0.36136627197265625,1.2122297286987305,53.24800109863281,0.34335359930992126
dfl_generated,dfl_evaluation_05,0.19858039915561676,11,PCC,C,2.8043346405029297,0.0,1.052861213684082,0.36136627197265625,1.2122297286987305,53.24800109863281,0.34335359930992126
dfl_generated,dfl_evaluation_05,0.19858039915561676,12,PCC,A,3.0979323387145996,0.0,1.1235359907150269,0.5383059978485107,1.2176809310913086,53.24800109863281,0.3279794752597809
dfl_generated,dfl_evaluation_05,0.19858039915561676,12,PCC,B,3.1076388359069824,0.0,1.1057987213134766,0.5383059978485107,1.2176809310913086,53.24800109863281,0.3279794752597809
dfl_generated,dfl_evaluation_05,0.19858039915561676,12,PCC,C,3.104688882827759,0.0,1.112147569656372,0.5383059978485107,1.2176809310913086,53.24800109863281,0.3279794752597809
dfl_generated,dfl_evaluation_05,0.19858039915561676,13,PCC,A,3.209568500518799,0.0,1.1482791900634766,0.6031783223152161,1.2179244756698608,53.24800109863281,0.3408283591270447
dfl_generated,dfl_evaluation_05,0.19858039915561676,13,PCC,B,3.212595224380493,0.0,1.06300687789917,0.6031783223152161,1.2179244756698608,53.24800109863281,0.3408283591270447
dfl_generated,dfl_evaluation_05,0.19858039915561676,13,PCC,C,3.2013144493103027,0.0,1.0771390199661255,0.6031783223152161,1.2179244756698608,53.24800109863281,0.3408283591270447
dfl_generated,dfl_evaluation_05,0.19858039915561676,14,PCC,A,3.298001527786255,0.0,0.8965655565261841,0.6654155254364014,1.2185328006744385,53.24800109863281,0.3560144305229187
dfl_generated,dfl_evaluation_05,0.19858039915561676,14,PCC,B,3.3010928630828857,0.0,0.9619547128677368,0.6654155254364014,1.2185328006744385,53.24800109863281,0.3560144305229187
dfl_generated,dfl_evaluation_05,0.19858039915561676,14,PCC,C,3.286149501800537,0.0,0.9360933899879456,0.6654155254364014,1.2185328006744385,53.24800109863281,0.3560144305229187
dfl_generated,dfl_evaluation_05,0.19858039915561676,15,PCC,A,3.070167064666748,0.0,0.6948166489601135,0.5210045576095581,1.218957543373108,53.24800109863281,0.36653393507003784
dfl_generated,dfl_evaluation_05,0.19858039915561676,15,PCC,B,3.063469409942627,0.0,0.7005437612533569,0.5210045576095581,1.218957543373108,53.24800109863281,0.36653393507003784
dfl_generated,dfl_evaluation_05,0.19858039915561676,15,PCC,C,3.0655744075775146,0.0,0.7044952511787415,0.5210045576095581,1.218957543373108,53.24800109863281,0.36653393507003784
dfl_generated,dfl_evaluation_05,0.19858039915561676,16,PCC,A,3.123922348022461,0.0,0.4599491059780121,0.5631123185157776,1.2081000804901123,53.24800109863281,0.3874330222606659
dfl_generated,dfl_evaluation_05,0.19858039915561676,16,PCC,B,3.1125760078430176,0.0,0.44193074107170105,0.5631123185157776,1.2081000804901123,53.24800109863281,0.3874330222606659
dfl_generated,dfl_evaluation_05,0.19858039915561676,16,PCC,C,3.1141514778137207,0.0,0.4515511393547058,0.5631123185157776,1.2081000804901123,53.24800109863281,0.3874330222606659
dfl_generated,dfl_evaluation_05,0.19858039915561676,17,PCC,A,3.021371364593506,0.0,0.16382521390914917,0.5185338854789734,1.1993460655212402,53.24800109863281,0.388305127620697
dfl_generated,dfl_evaluation_05,0.19858039915561676,17,PCC,B,3.0303680896759033,0.0,0.16683658957481384,0.5185338854789734,1.1993460655212402,53.24800109863281,0.388305127620697
dfl_generated,dfl_evaluation_05,0.19858039915561676,17,PCC,C,3.0325348377227783,0.0,0.1751234084367752,0.5185338854789734,1.1993460655212402,53.24800109863281,0.388305127620697
dfl_generated,dfl_evaluation_05,0.19858039915561676,18,PCC,A,2.9747424125671387,0.0,0.0501912385225296,0.501911997795105,1.1886423826217651,121.88175201416016,0.37746989727020264
dfl_generated,dfl_evaluation_05,0.19858039915561676,18,PCC,B,2.97442364692688,0.0,0.03668560832738876,0.501911997795105,1.1886423826217651,121.88175201416016,0.37746989727020264
dfl_generated,dfl_evaluation_05,0.19858039915561676,18,PCC,C,2.98771071434021,0.0,0.04415667802095413,0.501911997795105,1.1886423826217651,121.88175201416016,0.37746989727020264
dfl_generated,dfl_evaluation_05,0.19858039915561676,19,PCC,A,3.0500242710113525,0.0,0.002095922129228711,0.5692486763000488,1.1792041063308716,121.88175201416016,0.35592931509017944
dfl_generated,dfl_evaluation_05,0.19858039915561676,19,PCC,B,3.0543320178985596,0.0,0.0023397719487547874,0.5692486763000488,1.1792041063308716,121.88175201416016,0.35592931509017944
dfl_generated,dfl_evaluation_05,0.19858039915561676,19,PCC,C,3.054163932800293,0.0,0.0018807975575327873,0.5692486763000488,1.1792041063308716,121.88175201416016,0.35592931509017944
dfl_generated,dfl_evaluation_05,0.19858039915561676,20,PCC,A,2.887669086456299,0.0,0.0,0.458400696516037,1.1733229160308838,121.88175201416016,0.3737015426158905
dfl_generated,dfl_evaluation_05,0.19858039915561676,20,PCC,B,2.881023645401001,0.0,0.0,0.458400696516037,1.1733229160308838,121.88175201416016,0.3737015426158905
dfl_generated,dfl_evaluation_05,0.19858039915561676,20,PCC,C,2.878207206726074,0.0,4.7308558350778185e-06,0.458400696516037,1.1733229160308838,121.88175201416016,0.3737015426158905
dfl_generated,dfl_evaluation_05,0.19858039915561676,21,PCC,A,2.786630868911743,0.0,0.0,0.39928483963012695,1.170595407485962,53.24800109863281,0.39445069432258606
dfl_generated,dfl_evaluation_05,0.19858039915561676,21,PCC,B,2.790799140930176,0.0,0.0,0.39928483963012695,1.170595407485962,53.24800109863281,0.39445069432258606
dfl_generated,dfl_evaluation_05,0.19858039915561676,21,PCC,C,2.7854275703430176,0.0,0.0,0.39928483963012695,1.170595407485962,53.24800109863281,0.39445069432258606
dfl_generated,dfl_evaluation_05,0.19858039915561676,22,PCC,A,2.7266693115234375,0.0,0.0,0.3637107312679291,1.1704761981964111,53.24800109863281,0.38582390546798706
dfl_generated,dfl_evaluation_05,0.19858039915561676,22,PCC,B,2.7261486053466797,0.0,4.062798325321637e-06,0.3637107312679291,1.1704761981964111,53.24800109863281,0.38582390546798706
dfl_generated,dfl_evaluation_05,0.19858039915561676,22,PCC,C,2.7263152599334717,0.0,9.167965231426933e-07,0.3637107312679291,1.1704761981964111,53.24800109863281,0.38582390546798706
dfl_generated,dfl_evaluation_05,0.19858039915561676,23,PCC,A,2.696775197982788,0.0,0.0,0.34759950637817383,1.1661843061447144,53.24800109863281,0.3829081654548645
dfl_generated,dfl_evaluation_05,0.19858039915561676,23,PCC,B,2.703756809234619,0.0,4.309616997488774e-06,0.34759950637817383,1.1661843061447144,53.24800109863281,0.3829081654548645
dfl_generated,dfl_evaluation_05,0.19858039915561676,23,PCC,C,2.6995038986206055,0.0,0.0,0.34759950637817383,1.1661843061447144,53.24800109863281,0.3829081654548645
dfl_generated,dfl_evaluation_05,0.19858039915561676,24,PCC,A,2.617840528488159,0.0,3.743620482055121e-06,0.29431068897247314,1.165295958518982,53.24800109863281,0.34798312187194824
dfl_generated,dfl_evaluation_05,0.19858039915561676,24,PCC,B,2.6180267333984375,0.0,0.0,0.29431068897247314,1.165295958518982,53.24800109863281,0.34798312187194824
dfl_generated,dfl_evaluation_05,0.19858039915561676,24,PCC,C,2.6178572177886963,0.0,0.0,0.29431068897247314,1.165295958518982,53.24800109863281,0.34798312187194824
dfl_generated,dfl_evaluation_05,0.19858039915561676,25,PCC,A,2.649308204650879,0.0,0.0,0.3179371654987335,1.1633002758026123,34.72425079345703,0.3914569616317749
dfl_generated,dfl_evaluation_05,0.19858039915561676,25,PCC,B,2.6493308544158936,0.0,2.3560567115055164e-06,0.3179371654987335,1.1633002758026123,34.72425079345703,0.3914569616317749
dfl_generated,dfl_evaluation_05,0.19858039915561676,25,PCC,C,2.648045301437378,0.0,6.364716114148905e-07,0.3179371654987335,1.1633002758026123,34.72425079345703,0.3914569616317749
dfl_generated,dfl_evaluation_05,0.19858039915561676,26,PCC,A,2.5074663162231445,0.0,5.136932486493606e-06,0.2232462614774704,1.160749912261963,34.72425079345703,0.3359859585762024
dfl_generated,dfl_evaluation_05,0.19858039915561676,26,PCC,B,2.506765127182007,0.0,0.0,0.2232462614774704,1.160749912261963,34.72425079345703,0.3359859585762024
dfl_generated,dfl_evaluation_05,0.19858039915561676,26,PCC,C,2.506972074508667,0.0,0.0,0.2232462614774704,1.160749912261963,34.72425079345703,0.3359859585762024
dfl_generated,dfl_evaluation_05,0.19858039915561676,27,PCC,A,2.5658164024353027,0.0,7.5934408414468635e-06,0.2633455991744995,1.160078763961792,34.72425079345703,0.3573352098464966
dfl_generated,dfl_evaluation_05,0.19858039915561676,27,PCC,B,2.5637474060058594,0.0,9.011350243781635e-07,0.2633455991744995,1.160078763961792,34.72425079345703,0.3573352098464966
dfl_generated,dfl_evaluation_05,0.19858039915561676,27,PCC,C,2.5643715858459473,0.0,0.0,0.2633455991744995,1.160078763961792,34.72425079345703,0.3573352098464966
dfl_generated,dfl_evaluation_05,0.19858039915561676,28,PCC,A,2.623483180999756,0.0,0.0,0.3060445785522461,1.1583894491195679,34.72425079345703,0.405902624130249
dfl_generated,dfl_evaluation_05,0.19858039915561676,28,PCC,B,2.6259844303131104,0.0,0.0,0.3060445785522461,1.1583894491195679,34.72425079345703,0.405902624130249
dfl_generated,dfl_evaluation_05,0.19858039915561676,28,PCC,C,2.6229166984558105,0.0,0.0,0.3060445785522461,1.1583894491195679,34.72425079345703,0.405902624130249
dfl_generated,dfl_evaluation_05,0.19858039915561676,29,PCC,A,2.593560218811035,0.0,0.0013837021542713046,0.2850128710269928,1.158634066581726,34.72425079345703,0.38303208351135254
dfl_generated,dfl_evaluation_05,0.19858039915561676,29,PCC,B,2.5946006774902344,0.0,0.0012083713663741946,0.2850128710269928,1.158634066581726,34.72425079345703,0.38303208351135254
dfl_generated,dfl_evaluation_05,0.19858039915561676,29,PCC,C,2.593249797821045,0.0,0.0010638923849910498,0.2850128710269928,1.158634066581726,34.72425079345703,0.38303208351135254
dfl_generated,dfl_evaluation_05,0.19858039915561676,30,PCC,A,2.7938456535339355,0.0,0.03892608359456062,0.4131304621696472,1.1640468835830688,53.24800109863281,0.38716158270835876
dfl_generated,dfl_evaluation_05,0.19858039915561676,30,PCC,B,2.7895781993865967,0.0,0.03194090723991394,0.4131304621696472,1.1640468835830688,53.24800109863281,0.38716158270835876
dfl_generated,dfl_evaluation_05,0.19858039915561676,30,PCC,C,2.789480447769165,0.0,0.03786640986800194,0.4131304621696472,1.1640468835830688,53.24800109863281,0.38716158270835876
dfl_generated,dfl_evaluation_05,0.19858039915561676,31,PCC,A,3.068228244781494,0.0,0.2083517611026764,0.5887197852134705,1.172125220298767,53.24800109863281,0.3553292751312256
dfl_generated,dfl_evaluation_05,0.19858039915561676,31,PCC,B,3.0681753158569336,0.0,0.21716631948947906,0.5887197852134705,1.172125220298767,53.24800109863281,0.3553292751312256
dfl_generated,dfl_evaluation_05,0.19858039915561676,31,PCC,C,3.063920259475708,0.0,0.20669060945510864,0.5887197852134705,1.172125220298767,53.24800109863281,0.3553292751312256
dfl_generated,dfl_evaluation_05,0.19858039915561676,32,PCC,A,2.8409581184387207,0.0,0.4589874744415283,0.41616514325141907,1.1833722591400146,53.24800109863281,0.31863683462142944
dfl_generated,dfl_evaluation_05,0.19858039915561676,32,PCC,B,2.8422303199768066,0.0,0.4539243280887604,0.41616514325141907,1.1833722591400146,53.24800109863281,0.31863683462142944
dfl_generated,dfl_evaluation_05,0.19858039915561676,32,PCC,C,2.8433098793029785,0.0,0.44839394092559814,0.41616514325141907,1.1833722591400146,53.24800109863281,0.31863683462142944
dfl_generated,dfl_evaluation_05,0.19858039915561676,33,PCC,A,3.011449098587036,0.0,0.5625926852226257,0.5137431621551514,1.1945754289627075,53.24800109863281,0.321759968996048
dfl_generated,dfl_evaluation_05,0.19858039915561676,33,PCC,B,3.0064351558685303,0.0,0.5429779291152954,0.5137431621551514,1.1945754289627075,53.24800109863281,0.321759968996048
dfl_generated,dfl_evaluation_05,0.19858039915561676,33,PCC,C,3.0173139572143555,0.0,0.5354424118995667,0.5137431621551514,1.1945754289627075,53.24800109863281,0.321759968996048
dfl_generated,dfl_evaluation_05,0.19858039915561676,34,PCC,A,2.8041915893554688,0.0,0.7408769130706787,0.3643687963485718,1.2050130367279053,53.24800109863281,0.33099907636642456
dfl_generated,dfl_evaluation_05,0.19858039915561676,34,PCC,B,2.807816743850708,0.0,0.6958370208740234,0.3643687963485718,1.2050130367279053,53.24800109863281,0.33099907636642456
dfl_generated,dfl_evaluation_05,0.19858039915561676,34,PCC,C,2.800046920776367,0.0,0.7294195294380188,0.3643687963485718,1.2050130367279053,53.24800109863281,0.33099907636642456
dfl_generated,dfl_evaluation_05,0.19858039915561676,35,PCC,A,2.812818765640259,0.0,0.7692598104476929,0.36136627197265625,1.2100034952163696,53.24800109863281,0.35407429933547974
dfl_generated,dfl_evaluation_05,0.19858039915561676,35,PCC,B,2.811530113220215,0.0,0.7204880714416504,0.36136627197265625,1.2100034952163696,53.24800109863281,0.35407429933547974
dfl_generated,dfl_evaluation_05,0.19858039915561676,35,PCC,C,2.8143117427825928,0.0,0.7778549194335938,0.36136627197265625,1.2100034952163696,53.24800109863281,0.35407429933547974
dfl_generated,dfl_evaluation_05,0.19858039915561676,36,PCC,A,3.100222110748291,0.0,0.7084614038467407,0.5383059978485107,1.2122228145599365,53.24800109863281,0.36727839708328247
dfl_generated,dfl_evaluation_05,0.19858039915561676,36,PCC,B,3.0949809551239014,0.0,0.7507892847061157,0.5383059978485107,1.2122228145599365,53.24800109863281,0.36727839708328247
dfl_generated,dfl_evaluation_05,0.19858039915561676,36,PCC,C,3.093127489089966,0.0,0.7198756337165833,0.5383059978485107,1.2122228145599365,53.24800109863281,0.36727839708328247
dfl_generated,dfl_evaluation_05,0.19858039915561676,37,PCC,A,3.2028121948242188,0.0,0.6915563941001892,0.6031783223152161,1.2160564661026,53.24800109863281,0.3671151399612427
dfl_generated,dfl_evaluation_05,0.19858039915561676,37,PCC,B,3.1884195804595947,0.0,0.7254015803337097,0.6031783223152161,1.2160564661026,53.24800109863281,0.3671151399612427
dfl_generated,dfl_evaluation_05,0.19858039915561676,37,PCC,C,3.20654559135437,0.0,0.7250509262084961,0.6031783223152161,1.2160564661026,53.24800109863281,0.3671151399612427
dfl_generated,dfl_evaluation_05,0.19858039915561676,38,PCC,A,3.2820215225219727,0.0,0.6798406839370728,0.6654155254364014,1.21858811378479,53.24800109863281,0.3700041174888611
dfl_generated,dfl_evaluation_05,0.19858039915561676,38,PCC,B,3.2835750579833984,0.0,0.6771926879882812,0.6654155254364014,1.21858811378479,53.24800109863281,0.3700041174888611
dfl_generated,dfl_evaluation_05,0.19858039915561676,38,PCC,C,3.2850608825683594,0.0,0.6783838272094727,0.6654155254364014,1.21858811378479,53.24800109863281,0.3700041174888611
dfl_generated,dfl_evaluation_05,0.19858039915561676,39,PCC,A,3.0614421367645264,0.0,0.5399920344352722,0.5210045576095581,1.207666039466858,53.24800109863281,0.3750349283218384
dfl_generated,dfl_evaluation_05,0.19858039915561676,39,PCC,B,3.052083730697632,0.0,0.47960877418518066,0.5210045576095581,1.207666039466858,53.24800109863281,0.3750349283218384
dfl_generated,dfl_evaluation_05,0.19858039915561676,39,PCC,C,3.068613290786743,0.0,0.5700836181640625,0.5210045576095581,1.207666039466858,53.24800109863281,0.3750349283218384
dfl_generated,dfl_evaluation_05,0.19858039915561676,40,PCC,A,3.10659122467041,0.0,0.29356488585472107,0.5631123185157776,1.2067267894744873,53.24800109863281,0.38670629262924194
dfl_generated,dfl_evaluation_05,0.19858039915561676,40,PCC,B,3.115818500518799,0.0,0.26175057888031006,0.5631123185157776,1.2067267894744873,53.24800109863281,0.38670629262924194
dfl_generated,dfl_evaluation_05,0.19858039915561676,40,PCC,C,3.1044819355010986,0.0,0.28965941071510315,0.5631123185157776,1.2067267894744873,53.24800109863281,0.38670629262924194
dfl_generated,dfl_evaluation_05,0.19858039915561676,41,PCC,A,3.031857967376709,0.0,0.1437397301197052,0.5185338854789734,1.1956825256347656,53.24800109863281,0.38192498683929443
dfl_generated,dfl_evaluation_05,0.19858039915561676,41,PCC,B,3.0258471965789795,0.0,0.13337387144565582,0.5185338854789734,1.1956825256347656,53.24800109863281,0.38192498683929443
dfl_generated,dfl_evaluation_05,0.19858039915561676,41,PCC,C,3.024747848510742,0.0,0.1231176108121872,0.5185338854789734,1.1956825256347656,53.24800109863281,0.38192498683929443
dfl_generated,dfl_evaluation_05,0.19858039915561676,42,PCC,A,2.973984956741333,0.0,0.039806000888347626,0.501911997795105,1.1867332458496094,121.88175201416016,0.3652840256690979
dfl_generated,dfl_evaluation_05,0.19858039915561676,42,PCC,B,2.963881731033325,0.0,0.03500983119010925,0.501911997795105,1.1867332458496094,121.88175201416016,0.3652840256690979
dfl_generated,dfl_evaluation_05,0.19858039915561676,42,PCC,C,2.9653680324554443,0.0,0.03725726902484894,0.501911997795105,1.1867332458496094,121.88175201416016,0.3652840256690979
dfl_generated,dfl_evaluation_05,0.19858039915561676,43,PCC,A,3.0477356910705566,0.0,0.0017744469223544002,0.5692486763000488,1.177157998085022,121.88175201416016,0.3703359067440033
dfl_generated,dfl_evaluation_05,0.19858039915561676,43,PCC,B,3.0457637310028076,0.0,0.0016996433259919286,0.5692486763000488,1.177157998085022,121.88175201416016,0.3703359067440033
dfl_generated,dfl_evaluation_05,0.19858039915561676,43,PCC,C,3.0525801181793213,0.0,0.0014664303744211793,0.5692486763000488,1.177157998085022,121.88175201416016,0.3703359067440033
dfl_generated,dfl_evaluation_05,0.19858039915561676,44,PCC,A,2.8784592151641846,0.0,5.894980404264061e-06,0.458400696516037,1.1730188131332397,121.88175201416016,0.3880324363708496
dfl_generated,dfl_evaluation_05,0.19858039915561676,44,PCC,B,2.8832080364227295,0.0,0.0,0.458400696516037,1.1730188131332397,121.88175201416016,0.3880324363708496
dfl_generated,dfl_evaluation_05,0.19858039915561676,44,PCC,C,2.878171682357788,0.0,0.0,0.458400696516037,1.1730188131332397,121.88175201416016,0.3880324363708496
dfl_generated,dfl_evaluation_05,0.19858039915561676,45,PCC,A,2.7833776473999023,0.0,2.3549005163658876e-06,0.39928483963012695,1.1718934774398804,53.24800109863281,0.3686770498752594
dfl_generated,dfl_evaluation_05,0.19858039915561676,45,PCC,B,2.7866580486297607,0.0,7.151459612941835e-06,0.39928483963012695,1.1718934774398804,53.24800109863281,0.3686770498752594
dfl_generated,dfl_evaluation_05,0.19858039915561676,45,PCC,C,2.786646604537964,0.0,6.170712822495261e-06,0.39928483963012695,1.1718934774398804,53.24800109863281,0.3686770498752594
dfl_generated,dfl_evaluation_05,0.19858039915561676,46,PCC,A,2.7271413803100586,0.0,5.789192528027343e-06,0.3637107312679291,1.169568657875061,53.24800109863281,0.37305545806884766
dfl_generated,dfl_evaluation_05,0.19858039915561676,46,PCC,B,2.7272493839263916,0.0,0.0,0.3637107312679291,1.169568657875061,53.24800109863281,0.37305545806884766
dfl_generated,dfl_evaluation_05,0.19858039915561676,46,PCC,C,2.7306625843048096,0.0,4.723032816400519e-06,0.3637107312679291,1.169568657875061,53.24800109863281,0.37305545806884766
dfl_generated,dfl_evaluation_05,0.19858039915561676,47,PCC,A,2.701221227645874,0.0,1.1051602086808998e-05,0.34759950637817383,1.1667757034301758,53.24800109863281,0.3883238434791565
dfl_generated,dfl_evaluation_05,0.19858039915561676,47,PCC,B,2.7007696628570557,0.0,7.632063443452353e-07,0.34759950637817383,1.1667757034301758,53.24800109863281,0.3883238434791565
dfl_generated,dfl_evaluation_05,0.19858039915561676,47,PCC,C,2.700044870376587,0.0,4.783727035828633e-06,0.34759950637817383,1.1667757034301758,53.24800109863281,0.3883238434791565
dfl_generated,dfl_evaluation_06,0.0023659924045205116,0,PCC,A,2.6271655559539795,0.0,0.0,0.29431068897247314,1.1680943965911865,53.24800109863281,0.32586365938186646
dfl_generated,dfl_evaluation_06,0.0023659924045205116,0,PCC,B,2.6271209716796875,0.0,3.999839918833459e-06,0.29431068897247314,1.1680943965911865,53.24800109863281,0.32586365938186646
dfl_generated,dfl_evaluation_06,0.0023659924045205116,0,PCC,C,2.6272692680358887,0.0,3.894703695550561e-06,0.29431068897247314,1.1680943965911865,53.24800109863281,0.32586365938186646
dfl_generated,dfl_evaluation_06,0.0023659924045205116,1,PCC,A,2.657438278198242,0.0,3.71019086742308e-06,0.3179371654987335,1.1662007570266724,53.24800109863281,0.31532174348831177
dfl_generated,dfl_evaluation_06,0.0023659924045205116,1,PCC,B,2.6551716327667236,0.0,0.0,0.3179371654987335,1.1662007570266724,53.24800109863281,0.31532174348831177
dfl_generated,dfl_evaluation_06,0.0023659924045205116,1,PCC,C,2.6546695232391357,0.0,0.0,0.3179371654987335,1.1662007570266724,53.24800109863281,0.31532174348831177
dfl_generated,dfl_evaluation_06,0.0023659924045205116,2,PCC,A,2.5143983364105225,0.0,6.069183200452244e-07,0.2232462614774704,1.1640329360961914,53.24800109863281,0.3374423086643219
dfl_generated,dfl_evaluation_06,0.0023659924045205116,2,PCC,B,2.515723705291748,0.0,0.0,0.2232462614774704,1.1640329360961914,53.24800109863281,0.3374423086643219
dfl_generated,dfl_evaluation_06,0.0023659924045205116,2,PCC,C,2.5143558979034424,0.0,0.0,0.2232462614774704,1.1640329360961914,53.24800109863281,0.3374423086643219
dfl_generated,dfl_evaluation_06,0.0023659924045205116,3,PCC,A,2.569689989089966,0.0,1.6196481738006696e-06,0.2633455991744995,1.1627086400985718,53.24800109863281,0.3190775513648987
dfl_generated,dfl_evaluation_06,0.0023659924045205116,3,PCC,B,2.571387767791748,0.0,1.2671076774495305e-06,0.2633455991744995,1.1627086400985718,53.24800109863281,0.3190775513648987
dfl_generated,dfl_evaluation_06,0.0023659924045205116,3,PCC,C,2.5708389282226562,0.0,0.0,0.2633455991744995,1.1627086400985718,53.24800109863281,0.3190775513648987
dfl_generated,dfl_evaluation_06,0.0023659924045205116,4,PCC,A,2.631293773651123,0.0,0.0,0.3060445785522461,1.1620128154754639,53.24800109863281,0.3196732997894287
dfl_generated,dfl_evaluation_06,0.0023659924045205116,4,PCC,B,2.631082534790039,0.0,1.2423764701452455e-06,0.3060445785522461,1.1620128154754639,53.24800109863281,0.3196732997894287
dfl_generated,dfl_evaluation_06,0.0023659924045205116,4,PCC,C,2.631211042404175,0.0,1.4061796491660061e-06,0.3060445785522461,1.1620128154754639,53.24800109863281,0.3196732997894287
dfl_generated,dfl_evaluation_06,0.0023659924045205116,5,PCC,A,2.6025853157043457,0.0,0.004204676486551762,0.2850128710269928,1.161974549293518,53.24800109863281,0.3121506869792938
dfl_generated,dfl_evaluation_06,0.0023659924045205116,5,PCC,B,2.602220296859741,0.0,0.0037619939539581537,0.2850128710269928,1.161974549293518,53.24800109863281,0.3121506869792938
dfl_generated,dfl_evaluation_06,0.0023659924045205116,5,PCC,C,2.603414535522461,0.0,0.004107862710952759,0.2850128710269928,1.161974549293518,53.24800109863281,0.3121506869792938
dfl_generated,dfl_evaluation_06,0.0023659924045205116,6,PCC,A,2.8059349060058594,0.0,0.07110525667667389,0.4131304621696472,1.169037938117981,53.24800109863281,0.29152047634124756
dfl_generated,dfl_evaluation_06,0.0023659924045205116,6,PCC,B,2.805081844329834,0.0,0.07434104382991791,0.4131304621696472,1.169037938117981,53.24800109863281,0.29152047634124756
dfl_generated,dfl_evaluation_06,0.0023659924045205116,6,PCC,C,2.802457809448242,0.0,0.0751010924577713,0.4131304621696472,1.169037938117981,53.24800109863281,0.29152047634124756
dfl_generated,dfl_evaluation_06,0.0023659924045205116,7,PCC,A,3.0870840549468994,0.0,0.2360227406024933,0.5887197852134705,1.1795734167099,53.24800109863281,0.29151779413223267
dfl_generated,dfl_evaluation_06,0.0023659924045205116,7,PCC,B,3.0876753330230713,0.0,0.2447812706232071,0.5887197852134705,1.1795734167099,53.24800109863281,0.29151779413223267
dfl_generated,dfl_evaluation_06,0.0023659924045205116,7,PCC,C,3.0899465084075928,0.0,0.23576006293296814,0.5887197852134705,1.1795734167099,53.24800109863281,0.29151779413223267
dfl_generated,dfl_evaluation_06,0.0023659924045205116,8,PCC,A,2.855142593383789,0.0,0.42160338163375854,0.41616514325141907,1.1873072385787964,53.24800109863281,0.27929916977882385
dfl_generated,dfl_evaluation_06,0.0023659924045205116,8,PCC,B,2.8545100688934326,0.0,0.40719670057296753,0.41616514325141907,1.1873072385787964,53.24800109863281,0.27929916977882385
dfl_generated,dfl_evaluation_06,0.0023659924045205116,8,PCC,C,2.856078863143921,0.0,0.4259897768497467,0.41616514325141907,1.1873072385787964,53.24800109863281,0.27929916977882385
dfl_generated,dfl_evaluation_06,0.0023659924045205116,9,PCC,A,3.022658348083496,0.0,0.5810219645500183,0.5137431621551514,1.1985321044921875,53.24800109863281,0.2549366056919098
dfl_generated,dfl_evaluation_06,0.0023659924045205116,9,PCC,B,3.016543388366699,0.0,0.6151236295700073,0.5137431621551514,1.1985321044921875,53.24800109863281,0.2549366056919098
dfl_generated,dfl_evaluation_06,0.0023659924045205116,9,PCC,C,3.01324725151062,0.0,0.5890347361564636,0.5137431621551514,1.1985321044921875,53.24800109863281,0.2549366056919098
dfl_generated,dfl_evaluation_06,0.0023659924045205116,10,PCC,A,2.8081164360046387,0.0,0.7153581976890564,0.3643687963485718,1.203797698020935,53.24800109863281,0.2678135335445404
dfl_generated,dfl_evaluation_06,0.0023659924045205116,10,PCC,B,2.801184892654419,0.0,0.7177361249923706,0.3643687963485718,1.203797698020935,53.24800109863281,0.2678135335445404
dfl_generated,dfl_evaluation_06,0.0023659924045205116,10,PCC,C,2.8057608604431152,0.0,0.7170325517654419,0.3643687963485718,1.203797698020935,53.24800109863281,0.2678135335445404
dfl_generated,dfl_evaluation_06,0.0023659924045205116,11,PCC,A,2.814553737640381,0.0,0.7006155848503113,0.36136627197265625,1.2112654447555542,53.24800109863281,0.29038113355636597
dfl_generated,dfl_evaluation_06,0.0023659924045205116,11,PCC,B,2.814602851867676,0.0,0.7119683027267456,0.36136627197265625,1.2112654447555542,53.24800109863281,0.29038113355636597
dfl_generated,dfl_evaluation_06,0.0023659924045205116,11,PCC,C,2.8184263706207275,0.0,0.7029731869697571,0.36136627197265625,1.2112654447555542,53.24800109863281,0.29038113355636597
dfl_generated,dfl_evaluation_06,0.0023659924045205116,12,PCC,A,3.0929911136627197,0.0,0.6966375112533569,0.5383059978485107,1.2119704484939575,53.24800109863281,0.2931083142757416
dfl_generated,dfl_evaluation_06,0.0023659924045205116,12,PCC,B,3.096696376800537,0.0,0.7101538777351379,0.5383059978485107,1.2119704484939575,53.24800109863281,0.2931083142757416
dfl_generated,dfl_evaluation_06,0.0023659924045205116,12,PCC,C,3.0928897857666016,0.0,0.7104946374893188,0.5383059978485107,1.2119704484939575,53.24800109863281,0.2931083142757416
dfl_generated,dfl_evaluation_06,0.0023659924045205116,13,PCC,A,3.192641019821167,0.0,0.7854111194610596,0.6031783223152161,1.2112793922424316,53.24800109863281,0.2988795340061188
dfl_generated,dfl_evaluation_06,0.0023659924045205116,13,PCC,B,3.1915836334228516,0.0,0.7784338593482971,0.6031783223152161,1.2112793922424316,53.24800109863281,0.2988795340061188
dfl_generated,dfl_evaluation_06,0.0023659924045205116,13,PCC,C,3.195265054702759,0.0,0.7763072848320007,0.6031783223152161,1.2112793922424316,53.24800109863281,0.2988795340061188
dfl_generated,dfl_evaluation_06,0.0023659924045205116,14,PCC,A,3.2790842056274414,0.0,0.6614272594451904,0.6654155254364014,1.2134407758712769,53.24800109863281,0.2989945411682129
dfl_generated,dfl_evaluation_06,0.0023659924045205116,14,PCC,B,3.284398317337036,0.0,0.6485476493835449,0.6654155254364014,1.2134407758712769,53.24800109863281,0.2989945411682129
dfl_generated,dfl_evaluation_06,0.0023659924045205116,14,PCC,C,3.283378839492798,0.0,0.6905068755149841,0.6654155254364014,1.2134407758712769,53.24800109863281,0.2989945411682129
dfl_generated,dfl_evaluation_06,0.0023659924045205116,15,PCC,A,3.0648741722106934,0.0,0.5651566386222839,0.5210045576095581,1.2108553647994995,53.24800109863281,0.30320560932159424
dfl_generated,dfl_evaluation_06,0.0023659924045205116,15,PCC,B,3.0582361221313477,0.0,0.5779946446418762,0.5210045576095581,1.2108553647994995,53.24800109863281,0.30320560932159424
dfl_generated,dfl_evaluation_06,0.0023659924045205116,15,PCC,C,3.0593626499176025,0.0,0.5784871578216553,0.5210045576095581,1.2108553647994995,53.24800109863281,0.30320560932159424
dfl_generated,dfl_evaluation_06,0.0023659924045205116,16,PCC,A,3.1116480827331543,0.0,0.4165497422218323,0.5631123185157776,1.2043663263320923,53.24800109863281,0.31238481402397156
dfl_generated,dfl_evaluation_06,0.0023659924045205116,16,PCC,B,3.112842082977295,0.0,0.43790340423583984,0.5631123185157776,1.2043663263320923,53.24800109863281,0.31238481402397156
dfl_generated,dfl_evaluation_06,0.0023659924045205116,16,PCC,C,3.1096079349517822,0.0,0.41110894083976746,0.5631123185157776,1.2043663263320923,53.24800109863281,0.31238481402397156
dfl_generated,dfl_evaluation_06,0.0023659924045205116,17,PCC,A,3.0260818004608154,0.0,0.22897633910179138,0.5185338854789734,1.1994074583053589,53.24800109863281,0.3113892078399658
dfl_generated,dfl_evaluation_06,0.0023659924045205116,17,PCC,B,3.0269150733947754,0.0,0.23887789249420166,0.5185338854789734,1.1994074583053589,53.24800109863281,0.3113892078399658
dfl_generated,dfl_evaluation_06,0.0023659924045205116,17,PCC,C,3.0228047370910645,0.0,0.23825731873512268,0.5185338854789734,1.1994074583053589,53.24800109863281,0.3113892078399658
dfl_generated,dfl_evaluation_06,0.0023659924045205116,18,PCC,A,2.9769325256347656,0.0,0.07382138073444366,0.501911997795105,1.18874990940094,53.24800109863281,0.31033462285995483
dfl_generated,dfl_evaluation_06,0.0023659924045205116,18,PCC,B,2.984135627746582,0.0,0.07516542077064514,0.501911997795105,1.18874990940094,53.24800109863281,0.31033462285995483
dfl_generated,dfl_evaluation_06,0.0023659924045205116,18,PCC,C,2.9765219688415527,0.0,0.07026965916156769,0.501911997795105,1.18874990940094,53.24800109863281,0.31033462285995483
dfl_generated,dfl_evaluation_06,0.0023659924045205116,19,PCC,A,3.0579497814178467,0.0,0.0034209913574159145,0.5692486763000488,1.1815236806869507,53.24800109863281,0.30126920342445374
dfl_generated,dfl_evaluation_06,0.0023659924045205116,19,PCC,B,3.061052083969116,0.0,0.0035331277176737785,0.5692486763000488,1.1815236806869507,53.24800109863281,0.30126920342445374
dfl_generated,dfl_evaluation_06,0.0023659924045205116,19,PCC,C,3.0598878860473633,0.0,0.0032839984633028507,0.5692486763000488,1.1815236806869507,53.24800109863281,0.30126920342445374
dfl_generated,dfl_evaluation_06,0.0023659924045205116,20,PCC,A,2.885704755783081,0.0,3.0292922019725665e-06,0.458400696516037,1.1768999099731445,53.24800109863281,0.31888437271118164
dfl_generated,dfl_evaluation_06,0.0023659924045205116,20,PCC,B,2.8842196464538574,0.0,4.221067229082109e-06,0.458400696516037,1.1768999099731445,53.24800109863281,0.31888437271118164
dfl_generated,dfl_evaluation_06,0.0023659924045205116,20,PCC,C,2.885315418243408,0.0,0.0,0.458400696516037,1.1768999099731445,53.24800109863281,0.31888437271118164
dfl_generated,dfl_evaluation_06,0.0023659924045205116,21,PCC,A,2.791107416152954,0.0,0.0,0.39928483963012695,1.1743515729904175,53.24800109863281,0.31545963883399963
dfl_generated,dfl_evaluation_06,0.0023659924045205116,21,PCC,B,2.7978453636169434,0.0,9.20197635423392e-06,0.39928483963012695,1.1743515729904175,53.24800109863281,0.31545963883399963
dfl_generated,dfl_evaluation_06,0.0023659924045205116,21,PCC,C,2.796428680419922,0.0,0.0,0.39928483963012695,1.1743515729904175,53.24800109863281,0.31545963883399963
dfl_generated,dfl_evaluation_06,0.0023659924045205116,22,PCC,A,2.7325985431671143,0.0,1.0522936690904316e-06,0.3637107312679291,1.1726571321487427,53.24800109863281,0.321125328540802
dfl_generated,dfl_evaluation_06,0.0023659924045205116,22,PCC,B,2.737046480178833,0.0,2.7313890313962474e-06,0.3637107312679291,1.1726571321487427,53.24800109863281,0.321125328540802
dfl_generated,dfl_evaluation_06,0.0023659924045205116,22,PCC,C,2.7344417572021484,0.0,3.059139771721675e-06,0.3637107312679291,1.1726571321487427,53.24800109863281,0.321125328540802
dfl_generated,dfl_evaluation_06,0.0023659924045205116,23,PCC,A,2.7083146572113037,0.0,1.5563130091322819e-06,0.34759950637817383,1.1700342893600464,53.24800109863281,0.32860684394836426
dfl_generated,dfl_evaluation_06,0.0023659924045205116,23,PCC,B,2.7084193229675293,0.0,0.0,0.34759950637817383,1.1700342893600464,53.24800109863281,0.32860684394836426
dfl_generated,dfl_evaluation_06,0.0023659924045205116,23,PCC,C,2.7081286907196045,0.0,1.303881390413153e-06,0.34759950637817383,1.1700342893600464,53.24800109863281,0.32860684394836426
dfl_generated,dfl_evaluation_06,0.0023659924045205116,24,PCC,A,2.6261472702026367,0.0,5.801389875159657e-07,0.29431068897247314,1.1668756008148193,53.24800109863281,0.30912667512893677
dfl_generated,dfl_evaluation_06,0.0023659924045205116,24,PCC,B,2.62458872795105,0.0,0.0,0.29431068897247314,1.1668756008148193,53.24800109863281,0.30912667512893677
dfl_generated,dfl_evaluation_06,0.0023659924045205116,24,PCC,C,2.6254875659942627,0.0,9.653735588699419e-08,0.29431068897247314,1.1668756008148193,53.24800109863281,0.30912667512893677
dfl_generated,dfl_evaluation_06,0.0023659924045205116,25,PCC,A,2.655860662460327,0.0,0.0,0.3179371654987335,1.1645921468734741,53.24800109863281,0.3298036754131317
dfl_generated,dfl_evaluation_06,0.0023659924045205116,25,PCC,B,2.6555674076080322,0.0,0.0,0.3179371654987335,1.1645921468734741,53.24800109863281,0.3298036754131317
dfl_generated,dfl_evaluation_06,0.0023659924045205116,25,PCC,C,2.6552233695983887,0.0,0.0,0.3179371654987335,1.1645921468734741,53.24800109863281,0.3298036754131317
dfl_generated,dfl_evaluation_06,0.0023659924045205116,26,PCC,A,2.5134217739105225,0.0,0.0,0.2232462614774704,1.1641573905944824,53.24800109863281,0.3227675259113312
dfl_generated,dfl_evaluation_06,0.0023659924045205116,26,PCC,B,2.5142016410827637,0.0,0.0,0.2232462614774704,1.1641573905944824,53.24800109863281,0.3227675259113312
dfl_generated,dfl_evaluation_06,0.0023659924045205116,26,PCC,C,2.513150930404663,0.0,0.0,0.2232462614774704,1.1641573905944824,53.24800109863281,0.3227675259113312
dfl_generated,dfl_evaluation_06,0.0023659924045205116,27,PCC,A,2.568474769592285,0.0,0.0,0.2633455991744995,1.1609035730361938,53.24800109863281,0.32528871297836304
dfl_generated,dfl_evaluation_06,0.0023659924045205116,27,PCC,B,2.569664716720581,0.0,0.0,0.2633455991744995,1.1609035730361938,53.24800109863281,0.32528871297836304
dfl_generated,dfl_evaluation_06,0.0023659924045205116,27,PCC,C,2.5701332092285156,0.0,3.995034148829291e-06,0.2633455991744995,1.1609035730361938,53.24800109863281,0.32528871297836304
dfl_generated,dfl_evaluation_06,0.0023659924045205116,28,PCC,A,2.6309046745300293,0.0,0.0,0.3060445785522461,1.1609811782836914,53.24800109863281,0.3241981267929077
dfl_generated,dfl_evaluation_06,0.0023659924045205116,28,PCC,B,2.62923526763916,0.0,0.0,0.3060445785522461,1.1609811782836914,53.24800109863281,0.3241981267929077
dfl_generated,dfl_evaluation_06,0.0023659924045205116,28,PCC,C,2.628553867340088,0.0,0.0,0.3060445785522461,1.1609811782836914,53.24800109863281,0.3241981267929077
dfl_generated,dfl_evaluation_06,0.0023659924045205116,29,PCC,A,2.601287364959717,0.0,0.003990977071225643,0.2850128710269928,1.1624478101730347,53.24800109863281,0.30558791756629944
dfl_generated,dfl_evaluation_06,0.0023659924045205116,29,PCC,B,2.601158618927002,0.0,0.004131581634283066,0.2850128710269928,1.1624478101730347,53.24800109863281,0.30558791756629944
dfl_generated,dfl_evaluation_06,0.0023659924045205116,29,PCC,C,2.6004891395568848,0.0,0.003912199754267931,0.2850128710269928,1.1624478101730347,53.24800109863281,0.30558791756629944
dfl_generated,dfl_evaluation_06,0.0023659924045205116,30,PCC,A,2.79964280128479,0.0,0.07097545266151428,0.4131304621696472,1.1687020063400269,53.24800109863281,0.29399916529655457
dfl_generated,dfl_evaluation_06,0.0023659924045205116,30,PCC,B,2.79992413520813,0.0,0.06859689950942993,0.4131304621696472,1.1687020063400269,53.24800109863281,0.29399916529655457
dfl_generated,dfl_evaluation_06,0.0023659924045205116,30,PCC,C,2.798978567123413,0.0,0.07168746739625931,0.4131304621696472,1.1687020063400269,53.24800109863281,0.29399916529655457
dfl_generated,dfl_evaluation_06,0.0023659924045205116,31,PCC,A,3.081027030944824,0.0,0.26701295375823975,0.5887197852134705,1.1778103113174438,53.24800109863281,0.28185826539993286
dfl_generated,dfl_evaluation_06,0.0023659924045205116,31,PCC,B,3.0786333084106445,0.0,0.2643493413925171,0.5887197852134705,1.1778103113174438,53.24800109863281,0.28185826539993286
dfl_generated,dfl_evaluation_06,0.0023659924045205116,31,PCC,C,3.080787420272827,0.0,0.2570619285106659,0.5887197852134705,1.1778103113174438,53.24800109863281,0.28185826539993286
dfl_generated,dfl_evaluation_06,0.0023659924045205116,32,PCC,A,2.8459906578063965,0.0,0.48984646797180176,0.41616514325141907,1.187225103378296,53.24800109863281,0.24912990629673004
dfl_generated,dfl_evaluation_06,0.0023659924045205116,32,PCC,B,2.842294216156006,0.0,0.4866921007633209,0.41616514325141907,1.187225103378296,53.24800109863281,0.24912990629673004
dfl_generated,dfl_evaluation_06,0.0023659924045205116,32,PCC,C,2.8505842685699463,0.0,0.48142823576927185,0.41616514325141907,1.187225103378296,53.24800109863281,0.24912990629673004
dfl_generated,dfl_evaluation_06,0.0023659924045205116,33,PCC,A,3.015190839767456,0.0,0.6318325996398926,0.5137431621551514,1.1950838565826416,53.24800109863281,0.26696595549583435
dfl_generated,dfl_evaluation_06,0.0023659924045205116,33,PCC,B,3.0114471912384033,0.0,0.644180178642273,0.5137431621551514,1.1950838565826416,53.24800109863281,0.26696595549583435
dfl_generated,dfl_evaluation_06,0.0023659924045205116,33,PCC,C,3.0119950771331787,0.0,0.6381192207336426,0.5137431621551514,1.1950838565826416,53.24800109863281,0.26696595549583435
dfl_generated,dfl_evaluation_06,0.0023659924045205116,34,PCC,A,2.8021113872528076,0.0,0.7147015333175659,0.3643687963485718,1.2014572620391846,53.24800109863281,0.27990981936454773
dfl_generated,dfl_evaluation_06,0.0023659924045205116,34,PCC,B,2.7976014614105225,0.0,0.7066899538040161,0.3643687963485718,1.2014572620391846,53.24800109863281,0.27990981936454773
dfl_generated,dfl_evaluation_06,0.0023659924045205116,34,PCC,C,2.8028571605682373,0.0,0.7297695279121399,0.3643687963485718,1.2014572620391846,53.24800109863281,0.27990981936454773
dfl_generated,dfl_evaluation_06,0.0023659924045205116,35,PCC,A,2.811326265335083,0.0,0.7753349542617798,0.36136627197265625,1.2078649997711182,53.24800109863281,0.29932647943496704
dfl_generated,dfl_evaluation_06,0.0023659924045205116,35,PCC,B,2.8042118549346924,0.0,0.7955247163772583,0.36136627197265625,1.2078649997711182,53.24800109863281,0.29932647943496704
dfl_generated,dfl_evaluation_06,0.0023659924045205116,35,PCC,C,2.807842969894409,0.0,0.7989059090614319,0.36136627197265625,1.2078649997711182,53.24800109863281,0.29932647943496704
dfl_generated,dfl_evaluation_06,0.0023659924045205116,36,PCC,A,3.0863215923309326,0.0,0.8432835936546326,0.5383059978485107,1.213162899017334,53.24800109863281,0.3065612316131592
dfl_generated,dfl_evaluation_06,0.0023659924045205116,36,PCC,B,3.088942289352417,0.0,0.8571416735649109,0.5383059978485107,1.213162899017334,53.24800109863281,0.3065612316131592
dfl_generated,dfl_evaluation_06,0.0023659924045205116,36,PCC,C,3.0893239974975586,0.0,0.8786211609840393,0.5383059978485107,1.213162899017334,53.24800109863281,0.3065612316131592
dfl_generated,dfl_evaluation_06,0.0023659924045205116,37,PCC,A,3.1850829124450684,0.0,0.8184504508972168,0.6031783223152161,1.2142449617385864,53.24800109863281,0.3070439100265503
dfl_generated,dfl_evaluation_06,0.0023659924045205116,37,PCC,B,3.1886868476867676,0.0,0.8146837949752808,0.6031783223152161,1.2142449617385864,53.24800109863281,0.3070439100265503
dfl_generated,dfl_evaluation_06,0.0023659924045205116,37,PCC,C,3.1898274421691895,0.0,0.8221977353096008,0.6031783223152161,1.2142449617385864,53.24800109863281,0.3070439100265503
dfl_generated,dfl_evaluation_06,0.0023659924045205116,38,PCC,A,3.2689099311828613,0.0,0.7918525338172913,0.6654155254364014,1.2134761810302734,53.24800109863281,0.303352415561676
dfl_generated,dfl_evaluation_06,0.0023659924045205116,38,PCC,B,3.276339530944824,0.0,0.8054354190826416,0.6654155254364014,1.2134761810302734,53.24800109863281,0.303352415561676
dfl_generated,dfl_evaluation_06,0.0023659924045205116,38,PCC,C,3.275599479675293,0.0,0.7890654802322388,0.6654155254364014,1.2134761810302734,53.24800109863281,0.303352415561676
dfl_generated,dfl_evaluation_06,0.0023659924045205116,39,PCC,A,3.051499128341675,0.0,0.6876874566078186,0.5210045576095581,1.2103596925735474,53.24800109863281,0.30571871995925903
dfl_generated,dfl_evaluation_06,0.0023659924045205116,39,PCC,B,3.0593905448913574,0.0,0.6821140646934509,0.5210045576095581,1.2103596925735474,53.24800109863281,0.30571871995925903
dfl_generated,dfl_evaluation_06,0.0023659924045205116,39,PCC,C,3.0557098388671875,0.0,0.6752170324325562,0.5210045576095581,1.2103596925735474,53.24800109863281,0.30571871995925903
dfl_generated,dfl_evaluation_06,0.0023659924045205116,40,PCC,A,3.10509991645813,0.0,0.44212606549263,0.5631123185157776,1.2069501876831055,53.24800109863281,0.3079434633255005
dfl_generated,dfl_evaluation_06,0.0023659924045205116,40,PCC,B,3.1088013648986816,0.0,0.473787397146225,0.5631123185157776,1.2069501876831055,53.24800109863281,0.3079434633255005
dfl_generated,dfl_evaluation_06,0.0023659924045205116,40,PCC,C,3.1064348220825195,0.0,0.47550588846206665,0.5631123185157776,1.2069501876831055,53.24800109863281,0.3079434633255005
dfl_generated,dfl_evaluation_06,0.0023659924045205116,41,PCC,A,3.0266454219818115,0.0,0.26821041107177734,0.5185338854789734,1.1991932392120361,53.24800109863281,0.31370511651039124
dfl_generated,dfl_evaluation_06,0.0023659924045205116,41,PCC,B,3.0282950401306152,0.0,0.25563478469848633,0.5185338854789734,1.1991932392120361,53.24800109863281,0.31370511651039124
dfl_generated,dfl_evaluation_06,0.0023659924045205116,41,PCC,C,3.0231449604034424,0.0,0.2767755389213562,0.5185338854789734,1.1991932392120361,53.24800109863281,0.31370511651039124
dfl_generated,dfl_evaluation_06,0.0023659924045205116,42,PCC,A,2.9787349700927734,0.0,0.07324573397636414,0.501911997795105,1.1882493495941162,53.24800109863281,0.31183290481567383
dfl_generated,dfl_evaluation_06,0.0023659924045205116,42,PCC,B,2.972540855407715,0.0,0.07927405089139938,0.501911997795105,1.1882493495941162,53.24800109863281,0.31183290481567383
dfl_generated,dfl_evaluation_06,0.0023659924045205116,42,PCC,C,2.9732470512390137,0.0,0.0722140297293663,0.501911997795105,1.1882493495941162,53.24800109863281,0.31183290481567383
dfl_generated,dfl_evaluation_06,0.0023659924045205116,43,PCC,A,3.0567173957824707,0.0,0.0034784339368343353,0.5692486763000488,1.1784520149230957,53.24800109863281,0.30523306131362915
dfl_generated,dfl_evaluation_06,0.0023659924045205116,43,PCC,B,3.053074359893799,0.0,0.003573511028662324,0.5692486763000488,1.1784520149230957,53.24800109863281,0.30523306131362915
dfl_generated,dfl_evaluation_06,0.0023659924045205116,43,PCC,C,3.0575919151306152,0.0,0.003458567662164569,0.5692486763000488,1.1784520149230957,53.24800109863281,0.30523306131362915
dfl_generated,dfl_evaluation_06,0.0023659924045205116,44,PCC,A,2.881613254547119,0.0,0.0,0.458400696516037,1.174950361251831,53.24800109863281,0.32228362560272217
dfl_generated,dfl_evaluation_06,0.0023659924045205116,44,PCC,B,2.886575937271118,0.0,0.0,0.458400696516037,1.174950361251831,53.24800109863281,0.32228362560272217
dfl_generated,dfl_evaluation_06,0.0023659924045205116,44,PCC,C,2.8816874027252197,0.0,0.0,0.458400696516037,1.174950361251831,53.24800109863281,0.32228362560272217
dfl_generated,dfl_evaluation_06,0.0023659924045205116,45,PCC,A,2.785912275314331,0.0,2.952580871351529e-06,0.39928483963012695,1.1731547117233276,53.24800109863281,0.31951355934143066
dfl_generated,dfl_evaluation_06,0.0023659924045205116,45,PCC,B,2.7900843620300293,0.0,0.0,0.39928483963012695,1.1731547117233276,53.24800109863281,0.31951355934143066
dfl_generated,dfl_evaluation_06,0.0023659924045205116,45,PCC,C,2.790400505065918,0.0,0.0,0.39928483963012695,1.1731547117233276,53.24800109863281,0.31951355934143066
dfl_generated,dfl_evaluation_06,0.0023659924045205116,46,PCC,A,2.730051279067993,0.0,3.3657474887149874e-06,0.3637107312679291,1.1704035997390747,53.24800109863281,0.3150753974914551
dfl_generated,dfl_evaluation_06,0.0023659924045205116,46,PCC,B,2.7322804927825928,0.0,1.7210639953191276e-06,0.3637107312679291,1.1704035997390747,53.24800109863281,0.3150753974914551
dfl_generated,dfl_evaluation_06,0.0023659924045205116,46,PCC,C,2.731982946395874,0.0,0.0,0.3637107312679291,1.1704035997390747,53.24800109863281,0.3150753974914551
dfl_generated,dfl_evaluation_06,0.0023659924045205116,47,PCC,A,2.7032644748687744,0.0,2.214111191278789e-06,0.34759950637817383,1.1685413122177124,53.24800109863281,0.32724589109420776
dfl_generated,dfl_evaluation_06,0.0023659924045205116,47,PCC,B,2.7047717571258545,0.0,4.5275901356944814e-06,0.34759950637817383,1.1685413122177124,53.24800109863281,0.32724589109420776
dfl_generated,dfl_evaluation_06,0.0023659924045205116,47,PCC,C,2.703705072402954,0.0,2.9091058877384057e-06,0.34759950637817383,1.1685413122177124,53.24800109863281,0.32724589109420776
dfl_generated,dfl_evaluation_07,0.19858039915561676,0,PCC,A,2.5931296348571777,0.0,3.543894706581341e-07,0.29431068897247314,1.1518197059631348,53.24800109863281,0.2591876983642578
dfl_generated,dfl_evaluation_07,0.19858039915561676,0,PCC,B,2.5941884517669678,0.0,2.0752120235556504e-06,0.29431068897247314,1.1518197059631348,53.24800109863281,0.2591876983642578
dfl_generated,dfl_evaluation_07,0.19858039915561676,0,PCC,C,2.594576120376587,0.0,3.3112493724729575e-07,0.29431068897247314,1.1518197059631348,53.24800109863281,0.2591876983642578
dfl_generated,dfl_evaluation_07,0.19858039915561676,1,PCC,A,2.6277379989624023,0.0,5.7123227037436664e-08,0.3179371654987335,1.1527644395828247,34.72425079345703,0.26390713453292847
dfl_generated,dfl_evaluation_07,0.19858039915561676,1,PCC,B,2.6284964084625244,0.0,2.597647153379512e-06,0.3179371654987335,1.1527644395828247,34.72425079345703,0.26390713453292847
dfl_generated,dfl_evaluation_07,0.19858039915561676,1,PCC,C,2.6270148754119873,0.0,0.0,0.3179371654987335,1.1527644395828247,34.72425079345703,0.26390713453292847
dfl_generated,dfl_evaluation_07,0.19858039915561676,2,PCC,A,2.4915931224823,0.0,2.3448706087947357e-06,0.2232462614774704,1.1530780792236328,34.72425079345703,0.25917041301727295
dfl_generated,dfl_evaluation_07,0.19858039915561676,2,PCC,B,2.492494583129883,0.0,3.5249300367468095e-07,0.2232462614774704,1.1530780792236328,34.72425079345703,0.25917041301727295
dfl_generated,dfl_evaluation_07,0.19858039915561676,2,PCC,C,2.490906238555908,0.0,0.0,0.2232462614774704,1.1530780792236328,34.72425079345703,0.25917041301727295
dfl_generated,dfl_evaluation_07,0.19858039915561676,3,PCC,A,2.54944109916687,0.0,5.266207153908908e-06,0.2633455991744995,1.1515848636627197,53.24800109863281,0.2713947296142578
dfl_generated,dfl_evaluation_07,0.19858039915561676,3,PCC,B,2.5499300956726074,0.0,2.5950582767109154e-06,0.2633455991744995,1.1515848636627197,53.24800109863281,0.2713947296142578
dfl_generated,dfl_evaluation_07,0.19858039915561676,3,PCC,C,2.549335479736328,0.0,4.849726451539027e-07,0.2633455991744995,1.1515848636627197,53.24800109863281,0.2713947296142578
dfl_generated,dfl_evaluation_07,0.19858039915561676,4,PCC,A,2.611785650253296,0.0,4.2563618762869737e-07,0.3060445785522461,1.1523921489715576,53.24800109863281,0.2554580271244049
dfl_generated,dfl_evaluation_07,0.19858039915561676,4,PCC,B,2.6113805770874023,0.0,0.0,0.3060445785522461,1.1523921489715576,53.24800109863281,0.2554580271244049
dfl_generated,dfl_evaluation_07,0.19858039915561676,4,PCC,C,2.6107125282287598,0.0,3.52899769495707e-06,0.3060445785522461,1.1523921489715576,53.24800109863281,0.2554580271244049
dfl_generated,dfl_evaluation_07,0.19858039915561676,5,PCC,A,2.5807433128356934,0.0,0.0,0.2850128710269928,1.1517598628997803,53.24800109863281,0.2528955042362213
dfl_generated,dfl_evaluation_07,0.19858039915561676,5,PCC,B,2.581381320953369,0.0,0.0,0.2850128710269928,1.1517598628997803,53.24800109863281,0.2528955042362213
dfl_generated,dfl_evaluation_07,0.19858039915561676,5,PCC,C,2.5811619758605957,0.0,0.0,0.2850128710269928,1.1517598628997803,53.24800109863281,0.2528955042362213
dfl_generated,dfl_evaluation_07,0.19858039915561676,6,PCC,A,2.765673875808716,0.0,0.0,0.4131304621696472,1.1515398025512695,121.88175201416016,0.24861149489879608
dfl_generated,dfl_evaluation_07,0.19858039915561676,6,PCC,B,2.7638769149780273,0.0,0.0,0.4131304621696472,1.1515398025512695,121.88175201416016,0.24861149489879608
dfl_generated,dfl_evaluation_07,0.19858039915561676,6,PCC,C,2.7658443450927734,0.0,0.0,0.4131304621696472,1.1515398025512695,121.88175201416016,0.24861149489879608
dfl_generated,dfl_evaluation_07,0.19858039915561676,7,PCC,A,3.013472318649292,0.0,0.05143548548221588,0.5887197852134705,1.1502362489700317,121.88175201416016,0.24850976467132568
dfl_generated,dfl_evaluation_07,0.19858039915561676,7,PCC,B,3.0145883560180664,0.0,0.060230761766433716,0.5887197852134705,1.1502362489700317,121.88175201416016,0.24850976467132568
dfl_generated,dfl_evaluation_07,0.19858039915561676,7,PCC,C,3.014662265777588,0.0,0.06069311499595642,0.5887197852134705,1.1502362489700317,121.88175201416016,0.24850976467132568
dfl_generated,dfl_evaluation_07,0.19858039915561676,8,PCC,A,2.764765739440918,0.0,0.44548776745796204,0.41616514325141907,1.1482404470443726,121.88175201416016,0.25143757462501526
dfl_generated,dfl_evaluation_07,0.19858039915561676,8,PCC,B,2.7633302211761475,0.0,0.43215107917785645,0.41616514325141907,1.1482404470443726,121.88175201416016,0.25143757462501526
dfl_generated,dfl_evaluation_07,0.19858039915561676,8,PCC,C,2.7657971382141113,0.0,0.42910510301589966,0.41616514325141907,1.1482404470443726,121.88175201416016,0.25143757462501526
dfl_generated,dfl_evaluation_07,0.19858039915561676,9,PCC,A,2.9066250324249268,0.0,0.7495083212852478,0.5137431621551514,1.1476730108261108,121.88175201416016,0.22522960603237152
dfl_generated,dfl_evaluation_07,0.19858039915561676,9,PCC,B,2.904240608215332,0.0,0.759955883026123,0.5137431621551514,1.1476730108261108,121.88175201416016,0.22522960603237152
dfl_generated,dfl_evaluation_07,0.19858039915561676,9,PCC,C,2.898435592651367,0.0,0.7954728603363037,0.5137431621551514,1.1476730108261108,121.88175201416016,0.22522960603237152
dfl_generated,dfl_evaluation_07,0.19858039915561676,10,PCC,A,2.688422441482544,0.0,1.0351217985153198,0.3643687963485718,1.1500188112258911,53.24800109863281,0.2491263449192047
dfl_generated,dfl_evaluation_07,0.19858039915561676,10,PCC,B,2.68731427192688,0.0,0.9929125308990479,0.3643687963485718,1.1500188112258911,53.24800109863281,0.2491263449192047
dfl_generated,dfl_evaluation_07,0.19858039915561676,10,PCC,C,2.685854911804199,0.0,0.9794209003448486,0.3643687963485718,1.1500188112258911,53.24800109863281,0.2491263449192047
dfl_generated,dfl_evaluation_07,0.19858039915561676,11,PCC,A,2.6804087162017822,0.0,1.1603072881698608,0.36136627197265625,1.1471768617630005,53.24800109863281,0.25771331787109375
dfl_generated,dfl_evaluation_07,0.19858039915561676,11,PCC,B,2.6868033409118652,0.0,1.1100733280181885,0.36136627197265625,1.1471768617630005,53.24800109863281,0.25771331787109375
dfl_generated,dfl_evaluation_07,0.19858039915561676,11,PCC,C,2.6790707111358643,0.0,1.1834094524383545,0.36136627197265625,1.1471768617630005,53.24800109863281,0.25771331787109375
dfl_generated,dfl_evaluation_07,0.19858039915561676,12,PCC,A,2.9384260177612305,0.0,1.2000548839569092,0.5383059978485107,1.146031141281128,34.72425079345703,0.2688955068588257
dfl_generated,dfl_evaluation_07,0.19858039915561676,12,PCC,B,2.9337902069091797,0.0,1.2241488695144653,0.5383059978485107,1.146031141281128,34.72425079345703,0.2688955068588257
dfl_generated,dfl_evaluation_07,0.19858039915561676,12,PCC,C,2.9363982677459717,0.0,1.1891967058181763,0.5383059978485107,1.146031141281128,34.72425079345703,0.2688955068588257
dfl_generated,dfl_evaluation_07,0.19858039915561676,13,PCC,A,3.0237293243408203,0.0,1.092948079109192,0.6031783223152161,1.1468830108642578,34.72425079345703,0.26289817690849304
dfl_generated,dfl_evaluation_07,0.19858039915561676,13,PCC,B,3.0213708877563477,0.0,1.1052323579788208,0.6031783223152161,1.1468830108642578,34.72425079345703,0.26289817690849304
dfl_generated,dfl_evaluation_07,0.19858039915561676,13,PCC,C,3.026007652282715,0.0,1.1101012229919434,0.6031783223152161,1.1468830108642578,34.72425079345703,0.26289817690849304
dfl_generated,dfl_evaluation_07,0.19858039915561676,14,PCC,A,3.1161863803863525,0.0,0.995332658290863,0.6654155254364014,1.1486750841140747,34.72425079345703,0.26270410418510437
dfl_generated,dfl_evaluation_07,0.19858039915561676,14,PCC,B,3.107961893081665,0.0,0.9927576184272766,0.6654155254364014,1.1486750841140747,34.72425079345703,0.26270410418510437
dfl_generated,dfl_evaluation_07,0.19858039915561676,14,PCC,C,3.1165783405303955,0.0,1.0174204111099243,0.6654155254364014,1.1486750841140747,34.72425079345703,0.26270410418510437
dfl_generated,dfl_evaluation_07,0.19858039915561676,15,PCC,A,2.9030299186706543,0.0,0.7503940463066101,0.5210045576095581,1.1452218294143677,34.72425079345703,0.2533645033836365
dfl_generated,dfl_evaluation_07,0.19858039915561676,15,PCC,B,2.9124927520751953,0.0,0.7459353804588318,0.5210045576095581,1.1452218294143677,34.72425079345703,0.2533645033836365
dfl_generated,dfl_evaluation_07,0.19858039915561676,15,PCC,C,2.9034464359283447,0.0,0.7341969013214111,0.5210045576095581,1.1452218294143677,34.72425079345703,0.2533645033836365
dfl_generated,dfl_evaluation_07,0.19858039915561676,16,PCC,A,2.9615261554718018,0.0,0.41137292981147766,0.5631123185157776,1.144624948501587,53.24800109863281,0.2422209084033966
dfl_generated,dfl_evaluation_07,0.19858039915561676,16,PCC,B,2.9625425338745117,0.0,0.4148145914077759,0.5631123185157776,1.144624948501587,53.24800109863281,0.2422209084033966
dfl_generated,dfl_evaluation_07,0.19858039915561676,16,PCC,C,2.962738513946533,0.0,0.4141308069229126,0.5631123185157776,1.144624948501587,53.24800109863281,0.2422209084033966
dfl_generated,dfl_evaluation_07,0.19858039915561676,17,PCC,A,2.904463768005371,0.0,0.04135727137327194,0.5185338854789734,1.1480673551559448,53.24800109863281,0.24003607034683228
dfl_generated,dfl_evaluation_07,0.19858039915561676,17,PCC,B,2.9018232822418213,0.0,0.05613929033279419,0.5185338854789734,1.1480673551559448,53.24800109863281,0.24003607034683228
dfl_generated,dfl_evaluation_07,0.19858039915561676,17,PCC,C,2.901895523071289,0.0,0.04328707605600357,0.5185338854789734,1.1480673551559448,53.24800109863281,0.24003607034683228
dfl_generated,dfl_evaluation_07,0.19858039915561676,18,PCC,A,2.8834283351898193,0.0,0.0,0.501911997795105,1.1472151279449463,53.24800109863281,0.2375689446926117
dfl_generated,dfl_evaluation_07,0.19858039915561676,18,PCC,B,2.883983612060547,0.0,0.0,0.501911997795105,1.1472151279449463,53.24800109863281,0.2375689446926117
dfl_generated,dfl_evaluation_07,0.19858039915561676,18,PCC,C,2.8834726810455322,0.0,0.0,0.501911997795105,1.1472151279449463,53.24800109863281,0.2375689446926117
dfl_generated,dfl_evaluation_07,0.19858039915561676,19,PCC,A,2.9826557636260986,0.0,0.0,0.5692486763000488,1.1491695642471313,53.24800109863281,0.24932479858398438
dfl_generated,dfl_evaluation_07,0.19858039915561676,19,PCC,B,2.981874942779541,0.0,0.0,0.5692486763000488,1.1491695642471313,53.24800109863281,0.24932479858398438
dfl_generated,dfl_evaluation_07,0.19858039915561676,19,PCC,C,2.98478364944458,0.0,0.0,0.5692486763000488,1.1491695642471313,53.24800109863281,0.24932479858398438
dfl_generated,dfl_evaluation_07,0.19858039915561676,20,PCC,A,2.8252103328704834,0.0,1.6713499917386798e-06,0.458400696516037,1.1498823165893555,53.24800109863281,0.2405615746974945
dfl_generated,dfl_evaluation_07,0.19858039915561676,20,PCC,B,2.82702898979187,0.0,3.6991527849750128e-06,0.458400696516037,1.1498823165893555,53.24800109863281,0.2405615746974945
dfl_generated,dfl_evaluation_07,0.19858039915561676,20,PCC,C,2.8268651962280273,0.0,1.6949884411587846e-06,0.458400696516037,1.1498823165893555,53.24800109863281,0.2405615746974945
dfl_generated,dfl_evaluation_07,0.19858039915561676,21,PCC,A,2.741960048675537,0.0,6.181925527926069e-06,0.39928483963012695,1.1505461931228638,53.24800109863281,0.24328124523162842
dfl_generated,dfl_evaluation_07,0.19858039915561676,21,PCC,B,2.7456722259521484,0.0,2.8128121698500763e-07,0.39928483963012695,1.1505461931228638,53.24800109863281,0.24328124523162842
dfl_generated,dfl_evaluation_07,0.19858039915561676,21,PCC,C,2.741539478302002,0.0,3.2050727440946503e-06,0.39928483963012695,1.1505461931228638,53.24800109863281,0.24328124523162842
dfl_generated,dfl_evaluation_07,0.19858039915561676,22,PCC,A,2.6942739486694336,0.0,3.264230144850444e-06,0.3637107312679291,1.1503480672836304,53.24800109863281,0.25356361269950867
dfl_generated,dfl_evaluation_07,0.19858039915561676,22,PCC,B,2.693988800048828,0.0,0.0,0.3637107312679291,1.1503480672836304,53.24800109863281,0.25356361269950867
dfl_generated,dfl_evaluation_07,0.19858039915561676,22,PCC,C,2.6907708644866943,0.0,2.9454961349983932e-06,0.3637107312679291,1.1503480672836304,53.24800109863281,0.25356361269950867
dfl_generated,dfl_evaluation_07,0.19858039915561676,23,PCC,A,2.6694395542144775,0.0,3.394777877474553e-06,0.34759950637817383,1.1516369581222534,53.24800109863281,0.2615506947040558
dfl_generated,dfl_evaluation_07,0.19858039915561676,23,PCC,B,2.6703171730041504,0.0,0.0,0.34759950637817383,1.1516369581222534,53.24800109863281,0.2615506947040558
dfl_generated,dfl_evaluation_07,0.19858039915561676,23,PCC,C,2.669981002807617,0.0,1.185301698569674e-06,0.34759950637817383,1.1516369581222534,53.24800109863281,0.2615506947040558
dfl_generated,dfl_evaluation_07,0.19858039915561676,24,PCC,A,2.592221736907959,0.0,0.0,0.29431068897247314,1.1516214609146118,53.24800109863281,0.2778381407260895
dfl_generated,dfl_evaluation_07,0.19858039915561676,24,PCC,B,2.5929996967315674,0.0,0.0,0.29431068897247314,1.1516214609146118,53.24800109863281,0.2778381407260895
dfl_generated,dfl_evaluation_07,0.19858039915561676,24,PCC,C,2.5934970378875732,0.0,7.27364763974947e-08,0.29431068897247314,1.1516214609146118,53.24800109863281,0.2778381407260895
dfl_generated,dfl_evaluation_07,0.19858039915561676,25,PCC,A,2.6288862228393555,0.0,2.7614883038040716e-06,0.3179371654987335,1.1514019966125488,34.72425079345703,0.26158803701400757
dfl_generated,dfl_evaluation_07,0.19858039915561676,25,PCC,B,2.628002882003784,0.0,0.0,0.3179371654987335,1.1514019966125488,34.72425079345703,0.26158803701400757
dfl_generated,dfl_evaluation_07,0.19858039915561676,25,PCC,C,2.6261861324310303,0.0,1.3920217725171824e-06,0.3179371654987335,1.1514019966125488,34.72425079345703,0.26158803701400757
dfl_generated,dfl_evaluation_07,0.19858039915561676,26,PCC,A,2.490617275238037,0.0,0.0,0.2232462614774704,1.1522548198699951,34.72425079345703,0.29196587204933167
dfl_generated,dfl_evaluation_07,0.19858039915561676,26,PCC,B,2.4913840293884277,0.0,3.1984238830773393e-06,0.2232462614774704,1.1522548198699951,34.72425079345703,0.29196587204933167
dfl_generated,dfl_evaluation_07,0.19858039915561676,26,PCC,C,2.4905970096588135,0.0,1.9472886378935073e-06,0.2232462614774704,1.1522548198699951,34.72425079345703,0.29196587204933167
dfl_generated,dfl_evaluation_07,0.19858039915561676,27,PCC,A,2.548461437225342,0.0,1.990323198697297e-06,0.2633455991744995,1.1516855955123901,53.24800109863281,0.2833086848258972
dfl_generated,dfl_evaluation_07,0.19858039915561676,27,PCC,B,2.5487172603607178,0.0,0.0,0.2633455991744995,1.1516855955123901,53.24800109863281,0.2833086848258972
dfl_generated,dfl_evaluation_07,0.19858039915561676,27,PCC,C,2.5486185550689697,0.0,3.3922076454473427e-06,0.2633455991744995,1.1516855955123901,53.24800109863281,0.2833086848258972
dfl_generated,dfl_evaluation_07,0.19858039915561676,28,PCC,A,2.611131429672241,0.0,0.0,0.3060445785522461,1.151580572128296,53.24800109863281,0.26310163736343384
dfl_generated,dfl_evaluation_07,0.19858039915561676,28,PCC,B,2.6098554134368896,0.0,0.0,0.3060445785522461,1.151580572128296,53.24800109863281,0.26310163736343384
dfl_generated,dfl_evaluation_07,0.19858039915561676,28,PCC,C,2.6097564697265625,0.0,0.0,0.3060445785522461,1.151580572128296,53.24800109863281,0.26310163736343384
dfl_generated,dfl_evaluation_07,0.19858039915561676,29,PCC,A,2.5798048973083496,0.0,0.0,0.2850128710269928,1.151970386505127,53.24800109863281,0.2616528868675232
dfl_generated,dfl_evaluation_07,0.19858039915561676,29,PCC,B,2.579404830932617,0.0,0.0,0.2850128710269928,1.151970386505127,53.24800109863281,0.2616528868675232
dfl_generated,dfl_evaluation_07,0.19858039915561676,29,PCC,C,2.580786943435669,0.0,0.0,0.2850128710269928,1.151970386505127,53.24800109863281,0.2616528868675232
dfl_generated,dfl_evaluation_07,0.19858039915561676,30,PCC,A,2.7613675594329834,0.0,0.0,0.4131304621696472,1.1512683629989624,121.88175201416016,0.24858611822128296
dfl_generated,dfl_evaluation_07,0.19858039915561676,30,PCC,B,2.7621912956237793,0.0,0.0,0.4131304621696472,1.1512683629989624,121.88175201416016,0.24858611822128296
dfl_generated,dfl_evaluation_07,0.19858039915561676,30,PCC,C,2.763932704925537,0.0,0.0,0.4131304621696472,1.1512683629989624,121.88175201416016,0.24858611822128296
dfl_generated,dfl_evaluation_07,0.19858039915561676,31,PCC,A,3.0113096237182617,0.0,0.06962310522794724,0.5887197852134705,1.1495182514190674,121.88175201416016,0.24547874927520752
dfl_generated,dfl_evaluation_07,0.19858039915561676,31,PCC,B,3.012427568435669,0.0,0.07180816680192947,0.5887197852134705,1.1495182514190674,121.88175201416016,0.24547874927520752
dfl_generated,dfl_evaluation_07,0.19858039915561676,31,PCC,C,3.0132334232330322,0.0,0.07963098585605621,0.5887197852134705,1.1495182514190674,121.88175201416016,0.24547874927520752
dfl_generated,dfl_evaluation_07,0.19858039915561676,32,PCC,A,2.759164810180664,0.0,0.4760470986366272,0.41616514325141907,1.1474515199661255,121.88175201416016,0.2159937024116516
dfl_generated,dfl_evaluation_07,0.19858039915561676,32,PCC,B,2.761714220046997,0.0,0.48806503415107727,0.41616514325141907,1.1474515199661255,121.88175201416016,0.2159937024116516
dfl_generated,dfl_evaluation_07,0.19858039915561676,32,PCC,C,2.762573480606079,0.0,0.4902898669242859,0.41616514325141907,1.1474515199661255,121.88175201416016,0.2159937024116516
dfl_generated,dfl_evaluation_07,0.19858039915561676,33,PCC,A,2.8925626277923584,0.0,0.8937003016471863,0.5137431621551514,1.147499918937683,121.88175201416016,0.2458765059709549
dfl_generated,dfl_evaluation_07,0.19858039915561676,33,PCC,B,2.898926019668579,0.0,0.8931931257247925,0.5137431621551514,1.147499918937683,121.88175201416016,0.2458765059709549
dfl_generated,dfl_evaluation_07,0.19858039915561676,33,PCC,C,2.896686315536499,0.0,0.8573099374771118,0.5137431621551514,1.147499918937683,121.88175201416016,0.2458765059709549
dfl_generated,dfl_evaluation_07,0.19858039915561676,34,PCC,A,2.679997205734253,0.0,1.1117535829544067,0.3643687963485718,1.144295573234558,53.24800109863281,0.25791165232658386
dfl_generated,dfl_evaluation_07,0.19858039915561676,34,PCC,B,2.6780083179473877,0.0,1.132493019104004,0.3643687963485718,1.144295573234558,53.24800109863281,0.25791165232658386
dfl_generated,dfl_evaluation_07,0.19858039915561676,34,PCC,C,2.672706127166748,0.0,1.146218180656433,0.3643687963485718,1.144295573234558,53.24800109863281,0.25791165232658386
dfl_generated,dfl_evaluation_07,0.19858039915561676,35,PCC,A,2.671097755432129,0.0,1.2411401271820068,0.36136627197265625,1.1431745290756226,53.24800109863281,0.26453259587287903
dfl_generated,dfl_evaluation_07,0.19858039915561676,35,PCC,B,2.6650993824005127,0.0,1.2251509428024292,0.36136627197265625,1.1431745290756226,53.24800109863281,0.26453259587287903
dfl_generated,dfl_evaluation_07,0.19858039915561676,35,PCC,C,2.67051100730896,0.0,1.241808295249939,0.36136627197265625,1.1431745290756226,53.24800109863281,0.26453259587287903
dfl_generated,dfl_evaluation_07,0.19858039915561676,36,PCC,A,2.919095993041992,0.0,1.2785922288894653,0.5383059978485107,1.1423685550689697,34.72425079345703,0.2603433430194855
dfl_generated,dfl_evaluation_07,0.19858039915561676,36,PCC,B,2.922262668609619,0.0,1.2481770515441895,0.5383059978485107,1.1423685550689697,34.72425079345703,0.2603433430194855
dfl_generated,dfl_evaluation_07,0.19858039915561676,36,PCC,C,2.9252946376800537,0.0,1.2394613027572632,0.5383059978485107,1.1423685550689697,34.72425079345703,0.2603433430194855
dfl_generated,dfl_evaluation_07,0.19858039915561676,37,PCC,A,3.0128135681152344,0.0,1.186704397201538,0.6031783223152161,1.1431914567947388,34.72425079345703,0.25886374711990356
dfl_generated,dfl_evaluation_07,0.19858039915561676,37,PCC,B,3.0109901428222656,0.0,1.1605030298233032,0.6031783223152161,1.1431914567947388,34.72425079345703,0.25886374711990356
dfl_generated,dfl_evaluation_07,0.19858039915561676,37,PCC,C,3.0095927715301514,0.0,1.185321569442749,0.6031783223152161,1.1431914567947388,34.72425079345703,0.25886374711990356
dfl_generated,dfl_evaluation_07,0.19858039915561676,38,PCC,A,3.1002254486083984,0.0,1.029636263847351,0.6654155254364014,1.1425784826278687,34.72425079345703,0.25572091341018677
dfl_generated,dfl_evaluation_07,0.19858039915561676,38,PCC,B,3.1026670932769775,0.0,1.0155268907546997,0.6654155254364014,1.1425784826278687,34.72425079345703,0.25572091341018677
dfl_generated,dfl_evaluation_07,0.19858039915561676,38,PCC,C,3.099299669265747,0.0,0.9969347715377808,0.6654155254364014,1.1425784826278687,34.72425079345703,0.25572091341018677
dfl_generated,dfl_evaluation_07,0.19858039915561676,39,PCC,A,2.894740581512451,0.0,0.7691060900688171,0.5210045576095581,1.1430692672729492,34.72425079345703,0.2591063380241394
dfl_generated,dfl_evaluation_07,0.19858039915561676,39,PCC,B,2.902141809463501,0.0,0.7557272911071777,0.5210045576095581,1.1430692672729492,34.72425079345703,0.2591063380241394
dfl_generated,dfl_evaluation_07,0.19858039915561676,39,PCC,C,2.89799427986145,0.0,0.7486890554428101,0.5210045576095581,1.1430692672729492,34.72425079345703,0.2591063380241394
dfl_generated,dfl_evaluation_07,0.19858039915561676,40,PCC,A,2.9626710414886475,0.0,0.42026811838150024,0.5631123185157776,1.1421236991882324,53.24800109863281,0.24251922965049744
dfl_generated,dfl_evaluation_07,0.19858039915561676,40,PCC,B,2.9564616680145264,0.0,0.4366210997104645,0.5631123185157776,1.1421236991882324,53.24800109863281,0.24251922965049744
dfl_generated,dfl_evaluation_07,0.19858039915561676,40,PCC,C,2.961954116821289,0.0,0.4321235418319702,0.5631123185157776,1.1421236991882324,53.24800109863281,0.24251922965049744
dfl_generated,dfl_evaluation_07,0.19858039915561676,41,PCC,A,2.89953875541687,0.0,0.06966543197631836,0.5185338854789734,1.145430326461792,53.24800109863281,0.2342764288187027
dfl_generated,dfl_evaluation_07,0.19858039915561676,41,PCC,B,2.8988335132598877,0.0,0.0528794601559639,0.5185338854789734,1.145430326461792,53.24800109863281,0.2342764288187027
dfl_generated,dfl_evaluation_07,0.19858039915561676,41,PCC,C,2.8935585021972656,0.0,0.06869450211524963,0.5185338854789734,1.145430326461792,53.24800109863281,0.2342764288187027
dfl_generated,dfl_evaluation_07,0.19858039915561676,42,PCC,A,2.875624895095825,0.0,0.0,0.501911997795105,1.1466203927993774,53.24800109863281,0.22467663884162903
dfl_generated,dfl_evaluation_07,0.19858039915561676,42,PCC,B,2.8771934509277344,0.0,0.0,0.501911997795105,1.1466203927993774,53.24800109863281,0.22467663884162903
dfl_generated,dfl_evaluation_07,0.19858039915561676,42,PCC,C,2.8793907165527344,0.0,0.0,0.501911997795105,1.1466203927993774,53.24800109863281,0.22467663884162903
dfl_generated,dfl_evaluation_07,0.19858039915561676,43,PCC,A,2.983083486557007,0.0,0.0,0.5692486763000488,1.1489282846450806,53.24800109863281,0.23020172119140625
dfl_generated,dfl_evaluation_07,0.19858039915561676,43,PCC,B,2.9806292057037354,0.0,0.0,0.5692486763000488,1.1489282846450806,53.24800109863281,0.23020172119140625
dfl_generated,dfl_evaluation_07,0.19858039915561676,43,PCC,C,2.9811127185821533,0.0,0.0,0.5692486763000488,1.1489282846450806,53.24800109863281,0.23020172119140625
dfl_generated,dfl_evaluation_07,0.19858039915561676,44,PCC,A,2.821442127227783,0.0,4.696810549376096e-07,0.458400696516037,1.1493936777114868,53.24800109863281,0.2404002845287323
dfl_generated,dfl_evaluation_07,0.19858039915561676,44,PCC,B,2.820413827896118,0.0,0.0,0.458400696516037,1.1493936777114868,53.24800109863281,0.2404002845287323
dfl_generated,dfl_evaluation_07,0.19858039915561676,44,PCC,C,2.8196396827697754,0.0,7.786812261656451e-07,0.458400696516037,1.1493936777114868,53.24800109863281,0.2404002845287323
dfl_generated,dfl_evaluation_07,0.19858039915561676,45,PCC,A,2.73892879486084,0.0,1.969689265024499e-06,0.39928483963012695,1.1488455533981323,53.24800109863281,0.23318985104560852
dfl_generated,dfl_evaluation_07,0.19858039915561676,45,PCC,B,2.739467144012451,0.0,0.0,0.39928483963012695,1.1488455533981323,53.24800109863281,0.23318985104560852
dfl_generated,dfl_evaluation_07,0.19858039915561676,45,PCC,C,2.739701747894287,0.0,1.7940047314368712e-07,0.39928483963012695,1.1488455533981323,53.24800109863281,0.23318985104560852
dfl_generated,dfl_evaluation_07,0.19858039915561676,46,PCC,A,2.686534881591797,0.0,0.0,0.3637107312679291,1.1489911079406738,53.24800109863281,0.24979886412620544
dfl_generated,dfl_evaluation_07,0.19858039915561676,46,PCC,B,2.688389539718628,0.0,0.0,0.3637107312679291,1.1489911079406738,53.24800109863281,0.24979886412620544
dfl_generated,dfl_evaluation_07,0.19858039915561676,46,PCC,C,2.6890132427215576,0.0,6.321084242699726e-07,0.3637107312679291,1.1489911079406738,53.24800109863281,0.24979886412620544
dfl_generated,dfl_evaluation_07,0.19858039915561676,47,PCC,A,2.664196252822876,0.0,0.0,0.34759950637817383,1.150268793106079,53.24800109863281,0.24937991797924042
dfl_generated,dfl_evaluation_07,0.19858039915561676,47,PCC,B,2.665632486343384,0.0,0.0,0.34759950637817383,1.150268793106079,53.24800109863281,0.24937991797924042
dfl_generated,dfl_evaluation_07,0.19858039915561676,47,PCC,C,2.6661057472229004,0.0,0.0,0.34759950637817383,1.150268793106079,53.24800109863281,0.24937991797924042
