source,scenario_name,scenario_weight,time,bus,phase,active_load_mw,reactive_load_mvar,pv_available_mw,workload_arrival,pue,grid_price_per_mwh,grid_carbon_t_per_mwh
observed_test,v2_2018_388_48h,,0,PCC,A,2.589738233557025,0.0,0.0,0.29431068897247314,1.149999976158142,53.24800137329102,0.24671828746795654
observed_test,v2_2018_388_48h,,0,PCC,B,2.589738233557025,0.0,0.0,0.29431068897247314,1.149999976158142,53.24800137329102,0.24671828746795654
observed_test,v2_2018_388_48h,,0,PCC,C,2.589738233557025,0.0,0.0,0.29431068897247314,1.149999976158142,53.24800137329102,0.24671828746795654
observed_test,v2_2018_388_48h,,1,PCC,A,2.6237012928594003,0.0,0.0,0.3179371654987335,1.149999976158142,53.24800137329102,0.24198617041110992
observed_test,v2_2018_388_48h,,1,PCC,B,2.6237012928594003,0.0,0.0,0.3179371654987335,1.149999976158142,53.24800137329102,0.24198617041110992
observed_test,v2_2018_388_48h,,1,PCC,C,2.6237012928594003,0.0,0.0,0.3179371654987335,1.149999976158142,53.24800137329102,0.24198617041110992
observed_test,v2_2018_388_48h,,2,PCC,A,2.4875831211508435,0.0,0.0,0.2232462614774704,1.149999976158142,53.24800137329102,0.24508506059646606
observed_test,v2_2018_388_48h,,2,PCC,B,2.4875831211508435,0.0,0.0,0.2232462614774704,1.149999976158142,53.24800137329102,0.24508506059646606
observed_test,v2_2018_388_48h,,2,PCC,C,2.4875831211508435,0.0,0.0,0.2232462614774704,1.149999976158142,53.24800137329102,0.24508506059646606
observed_test,v2_2018_388_48h,,3,PCC,A,2.5452259178952694,0.0,0.0,0.2633455991744995,1.149999976158142,53.24800137329102,0.25559377670288086
observed_test,v2_2018_388_48h,,3,PCC,B,2.5452259178952694,0.0,0.0,0.2633455991744995,1.149999976158142,53.24800137329102,0.25559377670288086
observed_test,v2_2018_388_48h,,3,PCC,C,2.5452259178952694,0.0,0.0,0.2633455991744995,1.149999976158142,53.24800137329102,0.25559377670288086
observed_test,v2_2018_388_48h,,4,PCC,A,2.6066056994782514,0.0,0.0,0.3060445785522461,1.149999976158142,53.24800137329102,0.247085839509964
observed_test,v2_2018_388_48h,,4,PCC,B,2.6066056994782514,0.0,0.0,0.3060445785522461,1.149999976158142,53.24800137329102,0.247085839509964
observed_test,v2_2018_388_48h,,4,PCC,C,2.6066056994782514,0.0,0.0,0.3060445785522461,1.149999976158142,53.24800137329102,0.247085839509964
observed_test,v2_2018_388_48h,,5,PCC,A,2.5763726205374935,0.0,0.0,0.2850128710269928,1.149999976158142,53.24800137329102,0.24306049942970276
observed_test,v2_2018_388_48h,,5,PCC,B,2.5763726205374935,0.0,0.0,0.2850128710269928,1.149999976158142,53.24800137329102,0.24306049942970276
observed_test,v2_2018_388_48h,,5,PCC,C,2.5763726205374935,0.0,0.0,0.2850128710269928,1.149999976158142,53.24800137329102,0.24306049942970276
observed_test,v2_2018_388_48h,,6,PCC,A,2.7605416539868575,0.0,0.0,0.4131304621696472,1.149999976158142,53.24800137329102,0.24511682987213135
observed_test,v2_2018_388_48h,,6,PCC,B,2.7605416539868575,0.0,0.0,0.4131304621696472,1.149999976158142,53.24800137329102,0.24511682987213135
observed_test,v2_2018_388_48h,,6,PCC,C,2.7605416539868575,0.0,0.0,0.4131304621696472,1.149999976158142,53.24800137329102,0.24511682987213135
observed_test,v2_2018_388_48h,,7,PCC,A,3.0129513006293838,0.0,0.08162083104252814,0.5887197852134705,1.149999976158142,53.24800137329102,0.23770040273666382
observed_test,v2_2018_388_48h,,7,PCC,B,3.0129513006293838,0.0,0.08162083104252814,0.5887197852134705,1.149999976158142,53.24800137329102,0.23770040273666382
observed_test,v2_2018_388_48h,,7,PCC,C,3.0129513006293838,0.0,0.08162083104252814,0.5887197852134705,1.149999976158142,53.24800137329102,0.23770040273666382
observed_test,v2_2018_388_48h,,8,PCC,A,2.7649040079514635,0.0,0.49498333380772513,0.41616514325141907,1.149999976158142,53.24800137329102,0.23350167274475098
observed_test,v2_2018_388_48h,,8,PCC,B,2.7649040079514635,0.0,0.49498333380772513,0.41616514325141907,1.149999976158142,53.24800137329102,0.23350167274475098
observed_test,v2_2018_388_48h,,8,PCC,C,2.7649040079514635,0.0,0.49498333380772513,0.41616514325141907,1.149999976158142,53.24800137329102,0.23350167274475098
observed_test,v2_2018_388_48h,,9,PCC,A,2.9051724072175276,0.0,0.8703458194549266,0.5137431621551514,1.149999976158142,53.24800137329102,0.2296794354915619
observed_test,v2_2018_388_48h,,9,PCC,B,2.9051724072175276,0.0,0.8703458194549266,0.5137431621551514,1.149999976158142,53.24800137329102,0.2296794354915619
observed_test,v2_2018_388_48h,,9,PCC,C,2.9051724072175276,0.0,0.8703458194549266,0.5137431621551514,1.149999976158142,53.24800137329102,0.2296794354915619
observed_test,v2_2018_388_48h,,10,PCC,A,2.6904467608222724,0.0,1.1239917232440066,0.3643687963485718,1.149999976158142,53.24800137329102,0.24029983580112457
observed_test,v2_2018_388_48h,,10,PCC,B,2.6904467608222724,0.0,1.1239917232440066,0.3643687963485718,1.149999976158142,53.24800137329102,0.24029983580112457
observed_test,v2_2018_388_48h,,10,PCC,C,2.6904467608222724,0.0,1.1239917232440066,0.3643687963485718,1.149999976158142,53.24800137329102,0.24029983580112457
observed_test,v2_2018_388_48h,,11,PCC,A,2.686130632121376,0.0,1.2637832990059483,0.36136627197265625,1.149999976158142,53.24800137329102,0.25352588295936584
observed_test,v2_2018_388_48h,,11,PCC,B,2.686130632121376,0.0,1.2637832990059483,0.36136627197265625,1.149999976158142,53.24800137329102,0.25352588295936584
observed_test,v2_2018_388_48h,,11,PCC,C,2.686130632121376,0.0,1.2637832990059483,0.36136627197265625,1.149999976158142,53.24800137329102,0.25352588295936584
observed_test,v2_2018_388_48h,,12,PCC,A,2.940481482794702,0.0,1.3124582859186025,0.5383059978485107,1.149999976158142,53.24800137329102,0.24791784584522247
observed_test,v2_2018_388_48h,,12,PCC,B,2.940481482794702,0.0,1.3124582859186025,0.5383059978485107,1.149999976158142,53.24800137329102,0.24791784584522247
observed_test,v2_2018_388_48h,,12,PCC,C,2.940481482794702,0.0,1.3124582859186025,0.5383059978485107,1.149999976158142,53.24800137329102,0.24791784584522247
observed_test,v2_2018_388_48h,,13,PCC,A,3.033735447282245,0.0,1.2732791212888863,0.6031783223152161,1.149999976158142,53.24800137329102,0.25111281871795654
observed_test,v2_2018_388_48h,,13,PCC,B,3.033735447282245,0.0,1.2732791212888863,0.6031783223152161,1.149999976158142,53.24800137329102,0.25111281871795654
observed_test,v2_2018_388_48h,,13,PCC,C,3.033735447282245,0.0,1.2732791212888863,0.6031783223152161,1.149999976158142,53.24800137329102,0.25111281871795654
observed_test,v2_2018_388_48h,,14,PCC,A,3.1232014249141358,0.0,1.14254172031696,0.6654155254364014,1.149999976158142,53.24800137329102,0.24972565472126007
observed_test,v2_2018_388_48h,,14,PCC,B,3.1232014249141358,0.0,1.14254172031696,0.6654155254364014,1.149999976158142,53.24800137329102,0.24972565472126007
observed_test,v2_2018_388_48h,,14,PCC,C,3.1232014249141358,0.0,1.14254172031696,0.6654155254364014,1.149999976158142,53.24800137329102,0.24972565472126007
observed_test,v2_2018_388_48h,,15,PCC,A,2.915610662966831,0.0,0.9134708115687736,0.5210045576095581,1.149999976158142,53.24800137329102,0.23570667207241058
observed_test,v2_2018_388_48h,,15,PCC,B,2.915610662966831,0.0,0.9134708115687736,0.5210045576095581,1.149999976158142,53.24800137329102,0.23570667207241058
observed_test,v2_2018_388_48h,,15,PCC,C,2.915610662966831,0.0,0.9134708115687736,0.5210045576095581,1.149999976158142,53.24800137329102,0.23570667207241058
observed_test,v2_2018_388_48h,,16,PCC,A,2.9761405680146122,0.0,0.6154708564281463,0.5631123185157776,1.149999976158142,53.24800137329102,0.23233109712600708
observed_test,v2_2018_388_48h,,16,PCC,B,2.9761405680146122,0.0,0.6154708564281463,0.5631123185157776,1.149999976158142,53.24800137329102,0.23233109712600708
observed_test,v2_2018_388_48h,,16,PCC,C,2.9761405680146122,0.0,0.6154708564281463,0.5631123185157776,1.149999976158142,53.24800137329102,0.23233109712600708
observed_test,v2_2018_388_48h,,17,PCC,A,2.912059071852747,0.0,0.20080416534955683,0.5185338854789734,1.149999976158142,53.24800137329102,0.2382412552833557
observed_test,v2_2018_388_48h,,17,PCC,B,2.912059071852747,0.0,0.20080416534955683,0.5185338854789734,1.149999976158142,53.24800137329102,0.2382412552833557
observed_test,v2_2018_388_48h,,17,PCC,C,2.912059071852747,0.0,0.20080416534955683,0.5185338854789734,1.149999976158142,53.24800137329102,0.2382412552833557
observed_test,v2_2018_388_48h,,18,PCC,A,2.888165108802557,0.0,0.0,0.501911997795105,1.149999976158142,53.24800137329102,0.23994769155979156
observed_test,v2_2018_388_48h,,18,PCC,B,2.888165108802557,0.0,0.0,0.501911997795105,1.149999976158142,53.24800137329102,0.23994769155979156
observed_test,v2_2018_388_48h,,18,PCC,C,2.888165108802557,0.0,0.0,0.501911997795105,1.149999976158142,53.24800137329102,0.23994769155979156
observed_test,v2_2018_388_48h,,19,PCC,A,2.9849615821466244,0.0,0.0,0.5692486763000488,1.149999976158142,53.24800137329102,0.24096694588661194
observed_test,v2_2018_388_48h,,19,PCC,B,2.9849615821466244,0.0,0.0,0.5692486763000488,1.149999976158142,53.24800137329102,0.24096694588661194
observed_test,v2_2018_388_48h,,19,PCC,C,2.9849615821466244,0.0,0.0,0.5692486763000488,1.149999976158142,53.24800137329102,0.24096694588661194
observed_test,v2_2018_388_48h,,20,PCC,A,2.825617614510635,0.0,0.0,0.458400696516037,1.149999976158142,53.24800137329102,0.23986519873142242
observed_test,v2_2018_388_48h,,20,PCC,B,2.825617614510635,0.0,0.0,0.458400696516037,1.149999976158142,53.24800137329102,0.23986519873142242
observed_test,v2_2018_388_48h,,20,PCC,C,2.825617614510635,0.0,0.0,0.458400696516037,1.149999976158142,53.24800137329102,0.23986519873142242
observed_test,v2_2018_388_48h,,21,PCC,A,2.740638571998929,0.0,0.0,0.39928483963012695,1.149999976158142,53.24800137329102,0.24225591123104095
observed_test,v2_2018_388_48h,,21,PCC,B,2.740638571998929,0.0,0.0,0.39928483963012695,1.149999976158142,53.24800137329102,0.24225591123104095
observed_test,v2_2018_388_48h,,21,PCC,C,2.740638571998929,0.0,0.0,0.39928483963012695,1.149999976158142,53.24800137329102,0.24225591123104095
observed_test,v2_2018_388_48h,,22,PCC,A,2.689500792288461,0.0,0.0,0.3637107312679291,1.149999976158142,53.24800137329102,0.24607731401920319
observed_test,v2_2018_388_48h,,22,PCC,B,2.689500792288461,0.0,0.0,0.3637107312679291,1.149999976158142,53.24800137329102,0.24607731401920319
observed_test,v2_2018_388_48h,,22,PCC,C,2.689500792288461,0.0,0.0,0.3637107312679291,1.149999976158142,53.24800137329102,0.24607731401920319
observed_test,v2_2018_388_48h,,23,PCC,A,2.666340906989589,0.0,0.0,0.34759950637817383,1.149999976158142,53.24800137329102,0.23703929781913757
observed_test,v2_2018_388_48h,,23,PCC,B,2.666340906989589,0.0,0.0,0.34759950637817383,1.149999976158142,53.24800137329102,0.23703929781913757
observed_test,v2_2018_388_48h,,23,PCC,C,2.666340906989589,0.0,0.0,0.34759950637817383,1.149999976158142,53.24800137329102,0.23703929781913757
observed_test,v2_2018_388_48h,,24,PCC,A,2.589738233557025,0.0,0.0,0.29431068897247314,1.149999976158142,53.24800137329102,0.22771701216697693
observed_test,v2_2018_388_48h,,24,PCC,B,2.589738233557025,0.0,0.0,0.29431068897247314,1.149999976158142,53.24800137329102,0.22771701216697693
observed_test,v2_2018_388_48h,,24,PCC,C,2.589738233557025,0.0,0.0,0.29431068897247314,1.149999976158142,53.24800137329102,0.22771701216697693
observed_test,v2_2018_388_48h,,25,PCC,A,2.6237012928594003,0.0,0.0,0.3179371654987335,1.149999976158142,34.72425106811524,0.23294779658317566
observed_test,v2_2018_388_48h,,25,PCC,B,2.6237012928594003,0.0,0.0,0.3179371654987335,1.149999976158142,34.72425106811524,0.23294779658317566
observed_test,v2_2018_388_48h,,25,PCC,C,2.6237012928594003,0.0,0.0,0.3179371654987335,1.149999976158142,34.72425106811524,0.23294779658317566
observed_test,v2_2018_388_48h,,26,PCC,A,2.4875831211508435,0.0,0.0,0.2232462614774704,1.149999976158142,34.72425106811524,0.24029092490673065
observed_test,v2_2018_388_48h,,26,PCC,B,2.4875831211508435,0.0,0.0,0.2232462614774704,1.149999976158142,34.72425106811524,0.24029092490673065
observed_test,v2_2018_388_48h,,26,PCC,C,2.4875831211508435,0.0,0.0,0.2232462614774704,1.149999976158142,34.72425106811524,0.24029092490673065
observed_test,v2_2018_388_48h,,27,PCC,A,2.5452259178952694,0.0,0.0,0.2633455991744995,1.149999976158142,53.24800137329102,0.2553369104862213
observed_test,v2_2018_388_48h,,27,PCC,B,2.5452259178952694,0.0,0.0,0.2633455991744995,1.149999976158142,53.24800137329102,0.2553369104862213
observed_test,v2_2018_388_48h,,27,PCC,C,2.5452259178952694,0.0,0.0,0.2633455991744995,1.149999976158142,53.24800137329102,0.2553369104862213
observed_test,v2_2018_388_48h,,28,PCC,A,2.6066056994782514,0.0,0.0,0.3060445785522461,1.149999976158142,53.24800137329102,0.24331751465797424
observed_test,v2_2018_388_48h,,28,PCC,B,2.6066056994782514,0.0,0.0,0.3060445785522461,1.149999976158142,53.24800137329102,0.24331751465797424
observed_test,v2_2018_388_48h,,28,PCC,C,2.6066056994782514,0.0,0.0,0.3060445785522461,1.149999976158142,53.24800137329102,0.24331751465797424
observed_test,v2_2018_388_48h,,29,PCC,A,2.5763726205374935,0.0,0.0,0.2850128710269928,1.149999976158142,53.24800137329102,0.2392493337392807
observed_test,v2_2018_388_48h,,29,PCC,B,2.5763726205374935,0.0,0.0,0.2850128710269928,1.149999976158142,53.24800137329102,0.2392493337392807
observed_test,v2_2018_388_48h,,29,PCC,C,2.5763726205374935,0.0,0.0,0.2850128710269928,1.149999976158142,53.24800137329102,0.2392493337392807
observed_test,v2_2018_388_48h,,30,PCC,A,2.7605416539868575,0.0,0.0,0.4131304621696472,1.149999976158142,121.88174847412108,0.2353132963180542
observed_test,v2_2018_388_48h,,30,PCC,B,2.7605416539868575,0.0,0.0,0.4131304621696472,1.149999976158142,121.88174847412108,0.2353132963180542
observed_test,v2_2018_388_48h,,30,PCC,C,2.7605416539868575,0.0,0.0,0.4131304621696472,1.149999976158142,121.88174847412108,0.2353132963180542
observed_test,v2_2018_388_48h,,31,PCC,A,3.0129513006293838,0.0,0.0,0.5887197852134705,1.149999976158142,121.88174847412108,0.2276950627565384
observed_test,v2_2018_388_48h,,31,PCC,B,3.0129513006293838,0.0,0.0,0.5887197852134705,1.149999976158142,121.88174847412108,0.2276950627565384
observed_test,v2_2018_388_48h,,31,PCC,C,3.0129513006293838,0.0,0.0,0.5887197852134705,1.149999976158142,121.88174847412108,0.2276950627565384
observed_test,v2_2018_388_48h,,32,PCC,A,2.7649040079514635,0.0,0.03301250175214731,0.41616514325141907,1.149999976158142,121.88174847412108,0.22493602335453033
observed_test,v2_2018_388_48h,,32,PCC,B,2.7649040079514635,0.0,0.03301250175214731,0.41616514325141907,1.149999976158142,121.88174847412108,0.22493602335453033
observed_test,v2_2018_388_48h,,32,PCC,C,2.7649040079514635,0.0,0.03301250175214731,0.41616514325141907,1.149999976158142,121.88174847412108,0.22493602335453033
observed_test,v2_2018_388_48h,,33,PCC,A,2.9051724072175276,0.0,0.10426250071479724,0.5137431621551514,1.149999976158142,121.88174847412108,0.22441977262496948
observed_test,v2_2018_388_48h,,33,PCC,B,2.9051724072175276,0.0,0.10426250071479724,0.5137431621551514,1.149999976158142,121.88174847412108,0.22441977262496948
observed_test,v2_2018_388_48h,,33,PCC,C,2.9051724072175276,0.0,0.10426250071479724,0.5137431621551514,1.149999976158142,121.88174847412108,0.22441977262496948
observed_test,v2_2018_388_48h,,34,PCC,A,2.6904467608222724,0.0,0.14302499878865021,0.3643687963485718,1.149999976158142,53.24800137329102,0.22870786488056183
observed_test,v2_2018_388_48h,,34,PCC,B,2.6904467608222724,0.0,0.14302499878865021,0.3643687963485718,1.149999976158142,53.24800137329102,0.22870786488056183
observed_test,v2_2018_388_48h,,34,PCC,C,2.6904467608222724,0.0,0.14302499878865021,0.3643687963485718,1.149999976158142,53.24800137329102,0.22870786488056183
observed_test,v2_2018_388_48h,,35,PCC,A,2.686130632121376,0.0,0.17625832786926854,0.36136627197265625,1.149999976158142,53.24800137329102,0.24854876101016998
observed_test,v2_2018_388_48h,,35,PCC,B,2.686130632121376,0.0,0.17625832786926854,0.36136627197265625,1.149999976158142,53.24800137329102,0.24854876101016998
observed_test,v2_2018_388_48h,,35,PCC,C,2.686130632121376,0.0,0.17625832786926854,0.36136627197265625,1.149999976158142,53.24800137329102,0.24854876101016998
observed_test,v2_2018_388_48h,,36,PCC,A,2.940481482794702,0.0,0.18425833147305706,0.5383059978485107,1.149999976158142,34.72425106811524,0.24416804313659668
observed_test,v2_2018_388_48h,,36,PCC,B,2.940481482794702,0.0,0.18425833147305706,0.5383059978485107,1.149999976158142,34.72425106811524,0.24416804313659668
observed_test,v2_2018_388_48h,,36,PCC,C,2.940481482794702,0.0,0.18425833147305706,0.5383059978485107,1.149999976158142,34.72425106811524,0.24416804313659668
observed_test,v2_2018_388_48h,,37,PCC,A,3.033735447282245,0.0,0.1744041649194864,0.6031783223152161,1.149999976158142,34.72425106811524,0.2661290466785431
observed_test,v2_2018_388_48h,,37,PCC,B,3.033735447282245,0.0,0.1744041649194864,0.6031783223152161,1.149999976158142,34.72425106811524,0.2661290466785431
observed_test,v2_2018_388_48h,,37,PCC,C,3.033735447282245,0.0,0.1744041649194864,0.6031783223152161,1.149999976158142,34.72425106811524,0.2661290466785431
observed_test,v2_2018_388_48h,,38,PCC,A,3.1232014249141358,0.0,0.17437083789935479,0.6654155254364014,1.149999976158142,34.72425106811524,0.2540435791015625
observed_test,v2_2018_388_48h,,38,PCC,B,3.1232014249141358,0.0,0.17437083789935479,0.6654155254364014,1.149999976158142,34.72425106811524,0.2540435791015625
observed_test,v2_2018_388_48h,,38,PCC,C,3.1232014249141358,0.0,0.17437083789935479,0.6654155254364014,1.149999976158142,34.72425106811524,0.2540435791015625
observed_test,v2_2018_388_48h,,39,PCC,A,2.915610662966831,0.0,0.11933749684920676,0.5210045576095581,1.149999976158142,34.72425106811524,0.23779939115047455
observed_test,v2_2018_388_48h,,39,PCC,B,2.915610662966831,0.0,0.11933749684920676,0.5210045576095581,1.149999976158142,34.72425106811524,0.23779939115047455
observed_test,v2_2018_388_48h,,39,PCC,C,2.915610662966831,0.0,0.11933749684920676,0.5210045576095581,1.149999976158142,34.72425106811524,0.23779939115047455
observed_test,v2_2018_388_48h,,40,PCC,A,2.9761405680146122,0.0,0.034620834944339894,0.5631123185157776,1.149999976158142,53.24800137329102,0.22166375815868378
observed_test,v2_2018_388_48h,,40,PCC,B,2.9761405680146122,0.0,0.034620834944339894,0.5631123185157776,1.149999976158142,53.24800137329102,0.22166375815868378
observed_test,v2_2018_388_48h,,40,PCC,C,2.9761405680146122,0.0,0.034620834944339894,0.5631123185157776,1.149999976158142,53.24800137329102,0.22166375815868378
observed_test,v2_2018_388_48h,,41,PCC,A,2.912059071852747,0.0,0.012616666320424812,0.5185338854789734,1.149999976158142,53.24800137329102,0.21319834887981415
observed_test,v2_2018_388_48h,,41,PCC,B,2.912059071852747,0.0,0.012616666320424812,0.5185338854789734,1.149999976158142,53.24800137329102,0.21319834887981415
observed_test,v2_2018_388_48h,,41,PCC,C,2.912059071852747,0.0,0.012616666320424812,0.5185338854789734,1.149999976158142,53.24800137329102,0.21319834887981415
observed_test,v2_2018_388_48h,,42,PCC,A,2.888165108802557,0.0,0.0,0.501911997795105,1.149999976158142,53.24800137329102,0.21256838738918304
observed_test,v2_2018_388_48h,,42,PCC,B,2.888165108802557,0.0,0.0,0.501911997795105,1.149999976158142,53.24800137329102,0.21256838738918304
observed_test,v2_2018_388_48h,,42,PCC,C,2.888165108802557,0.0,0.0,0.501911997795105,1.149999976158142,53.24800137329102,0.21256838738918304
observed_test,v2_2018_388_48h,,43,PCC,A,2.9849615821466244,0.0,0.0,0.5692486763000488,1.149999976158142,53.24800137329102,0.20752853155136108
observed_test,v2_2018_388_48h,,43,PCC,B,2.9849615821466244,0.0,0.0,0.5692486763000488,1.149999976158142,53.24800137329102,0.20752853155136108
observed_test,v2_2018_388_48h,,43,PCC,C,2.9849615821466244,0.0,0.0,0.5692486763000488,1.149999976158142,53.24800137329102,0.20752853155136108
observed_test,v2_2018_388_48h,,44,PCC,A,2.825617614510635,0.0,0.0,0.458400696516037,1.149999976158142,53.24800137329102,0.2079969197511673
observed_test,v2_2018_388_48h,,44,PCC,B,2.825617614510635,0.0,0.0,0.458400696516037,1.149999976158142,53.24800137329102,0.2079969197511673
observed_test,v2_2018_388_48h,,44,PCC,C,2.825617614510635,0.0,0.0,0.458400696516037,1.149999976158142,53.24800137329102,0.2079969197511673
observed_test,v2_2018_388_48h,,45,PCC,A,2.740638571998929,0.0,0.0,0.39928483963012695,1.149999976158142,53.24800137329102,0.21502450108528137
observed_test,v2_2018_388_48h,,45,PCC,B,2.740638571998929,0.0,0.0,0.39928483963012695,1.149999976158142,53.24800137329102,0.21502450108528137
observed_test,v2_2018_388_48h,,45,PCC,C,2.740638571998929,0.0,0.0,0.39928483963012695,1.149999976158142,53.24800137329102,0.21502450108528137
observed_test,v2_2018_388_48h,,46,PCC,A,2.689500792288461,0.0,0.0,0.3637107312679291,1.149999976158142,53.24800137329102,0.229417085647583
observed_test,v2_2018_388_48h,,46,PCC,B,2.689500792288461,0.0,0.0,0.3637107312679291,1.149999976158142,53.24800137329102,0.229417085647583
observed_test,v2_2018_388_48h,,46,PCC,C,2.689500792288461,0.0,0.0,0.3637107312679291,1.149999976158142,53.24800137329102,0.229417085647583
observed_test,v2_2018_388_48h,,47,PCC,A,2.666340906989589,0.0,0.0,0.34759950637817383,1.149999976158142,53.24800137329102,0.24800129234790802
observed_test,v2_2018_388_48h,,47,PCC,B,2.666340906989589,0.0,0.0,0.34759950637817383,1.149999976158142,53.24800137329102,0.24800129234790802
observed_test,v2_2018_388_48h,,47,PCC,C,2.666340906989589,0.0,0.0,0.34759950637817383,1.149999976158142,53.24800137329102,0.24800129234790802
observed_test,v2_2018_475_48h,,0,PCC,A,2.6530636559638077,0.0,0.0,0.29431068897247314,1.1811249256134033,53.24800137329102,0.24150371551513672
observed_test,v2_2018_475_48h,,0,PCC,B,2.6530636559638077,0.0,0.0,0.29431068897247314,1.1811249256134033,53.24800137329102,0.24150371551513672
observed_test,v2_2018_475_48h,,0,PCC,C,2.6530636559638077,0.0,0.0,0.29431068897247314,1.1811249256134033,53.24800137329102,0.24150371551513672
observed_test,v2_2018_475_48h,,1,PCC,A,2.6815988529157266,0.0,0.0,0.3179371654987335,1.178049921989441,53.24800137329102,0.2552565932273865
observed_test,v2_2018_475_48h,,1,PCC,B,2.6815988529157266,0.0,0.0,0.3179371654987335,1.178049921989441,53.24800137329102,0.2552565932273865
observed_test,v2_2018_475_48h,,1,PCC,C,2.6815988529157266,0.0,0.0,0.3179371654987335,1.178049921989441,53.24800137329102,0.2552565932273865
observed_test,v2_2018_475_48h,,2,PCC,A,2.535885686797099,0.0,0.0,0.2232462614774704,1.1748249530792236,53.24800137329102,0.25145015120506287
observed_test,v2_2018_475_48h,,2,PCC,B,2.535885686797099,0.0,0.0,0.2232462614774704,1.1748249530792236,53.24800137329102,0.25145015120506287
observed_test,v2_2018_475_48h,,2,PCC,C,2.535885686797099,0.0,0.0,0.2232462614774704,1.1748249530792236,53.24800137329102,0.25145015120506287
observed_test,v2_2018_475_48h,,3,PCC,A,2.588935119018082,0.0,0.0,0.2633455991744995,1.1719000339508057,53.24800137329102,0.23128750920295715
observed_test,v2_2018_475_48h,,3,PCC,B,2.588935119018082,0.0,0.0,0.2633455991744995,1.1719000339508057,53.24800137329102,0.23128750920295715
observed_test,v2_2018_475_48h,,3,PCC,C,2.588935119018082,0.0,0.0,0.2633455991744995,1.1719000339508057,53.24800137329102,0.23128750920295715
observed_test,v2_2018_475_48h,,4,PCC,A,2.6467192273688434,0.0,0.0,0.3060445785522461,1.1695749759674072,53.24800137329102,0.22230955958366394
observed_test,v2_2018_475_48h,,4,PCC,B,2.6467192273688434,0.0,0.0,0.3060445785522461,1.1695749759674072,53.24800137329102,0.22230955958366394
observed_test,v2_2018_475_48h,,4,PCC,C,2.6467192273688434,0.0,0.0,0.3060445785522461,1.1695749759674072,53.24800137329102,0.22230955958366394
observed_test,v2_2018_475_48h,,5,PCC,A,2.6196129297260438,0.0,0.0,0.2850128710269928,1.171375036239624,53.24800137329102,0.22133493423461914
observed_test,v2_2018_475_48h,,5,PCC,B,2.6196129297260438,0.0,0.0,0.2850128710269928,1.171375036239624,53.24800137329102,0.22133493423461914
observed_test,v2_2018_475_48h,,5,PCC,C,2.6196129297260438,0.0,0.0,0.2850128710269928,1.171375036239624,53.24800137329102,0.22133493423461914
observed_test,v2_2018_475_48h,,6,PCC,A,2.8270164026395412,0.0,0.06037499898901352,0.4131304621696472,1.1804499626159668,53.24800137329102,0.2222871631383896
observed_test,v2_2018_475_48h,,6,PCC,B,2.8270164026395412,0.0,0.06037499898901352,0.4131304621696472,1.1804499626159668,53.24800137329102,0.2222871631383896
observed_test,v2_2018_475_48h,,6,PCC,C,2.8270164026395412,0.0,0.06037499898901352,0.4131304621696472,1.1804499626159668,53.24800137329102,0.2222871631383896
observed_test,v2_2018_475_48h,,7,PCC,A,3.109894759479428,0.0,0.2899500039907602,0.5887197852134705,1.1903499364852905,53.24800137329102,0.2206457108259201
observed_test,v2_2018_475_48h,,7,PCC,B,3.109894759479428,0.0,0.2899500039907602,0.5887197852134705,1.1903499364852905,53.24800137329102,0.2206457108259201
observed_test,v2_2018_475_48h,,7,PCC,C,3.109894759479428,0.0,0.2899500039907602,0.5887197852134705,1.1903499364852905,53.24800137329102,0.2206457108259201
observed_test,v2_2018_475_48h,,8,PCC,A,2.8713499269982687,0.0,0.5776624840039473,0.41616514325141907,1.1986749172210693,53.24800137329102,0.21722935140132904
observed_test,v2_2018_475_48h,,8,PCC,B,2.8713499269982687,0.0,0.5776624840039473,0.41616514325141907,1.1986749172210693,53.24800137329102,0.21722935140132904
observed_test,v2_2018_475_48h,,8,PCC,C,2.8713499269982687,0.0,0.5776624840039473,0.41616514325141907,1.1986749172210693,53.24800137329102,0.21722935140132904
observed_test,v2_2018_475_48h,,9,PCC,A,3.034525548218054,0.0,0.6368791827788719,0.5137431621551514,1.2060250043869019,53.24800137329102,0.21934925019741058
observed_test,v2_2018_475_48h,,9,PCC,B,3.034525548218054,0.0,0.6368791827788719,0.5137431621551514,1.2060250043869019,53.24800137329102,0.21934925019741058
observed_test,v2_2018_475_48h,,9,PCC,C,3.034525548218054,0.0,0.6368791827788719,0.5137431621551514,1.2060250043869019,53.24800137329102,0.21934925019741058
observed_test,v2_2018_475_48h,,10,PCC,A,2.821435134075261,0.0,0.6238583188790541,0.3643687963485718,1.2117249965667725,53.24800137329102,0.2243833690881729
observed_test,v2_2018_475_48h,,10,PCC,B,2.821435134075261,0.0,0.6238583188790541,0.3643687963485718,1.2117249965667725,53.24800137329102,0.2243833690881729
observed_test,v2_2018_475_48h,,10,PCC,C,2.821435134075261,0.0,0.6238583188790541,0.3643687963485718,1.2117249965667725,53.24800137329102,0.2243833690881729
observed_test,v2_2018_475_48h,,11,PCC,A,2.8240367163397573,0.0,0.9453958616806909,0.36136627197265625,1.2150999307632446,53.24800137329102,0.22723731398582458
observed_test,v2_2018_475_48h,,11,PCC,B,2.8240367163397573,0.0,0.9453958616806909,0.36136627197265625,1.2150999307632446,53.24800137329102,0.22723731398582458
observed_test,v2_2018_475_48h,,11,PCC,C,2.8240367163397573,0.0,0.9453958616806909,0.36136627197265625,1.2150999307632446,53.24800137329102,0.22723731398582458
observed_test,v2_2018_475_48h,,12,PCC,A,3.0971727822510453,0.0,1.040508311528426,0.5383059978485107,1.2169749736785889,53.24800137329102,0.22889673709869385
observed_test,v2_2018_475_48h,,12,PCC,B,3.0971727822510453,0.0,1.040508311528426,0.5383059978485107,1.2169749736785889,53.24800137329102,0.22889673709869385
observed_test,v2_2018_475_48h,,12,PCC,C,3.0971727822510453,0.0,1.040508311528426,0.5383059978485107,1.2169749736785889,53.24800137329102,0.22889673709869385
observed_test,v2_2018_475_48h,,13,PCC,A,3.1942239343118835,0.0,0.9628374989216143,0.6031783223152161,1.2163000106811523,53.24800137329102,0.22818779945373535
observed_test,v2_2018_475_48h,,13,PCC,B,3.1942239343118835,0.0,0.9628374989216143,0.6031783223152161,1.2163000106811523,53.24800137329102,0.22818779945373535
observed_test,v2_2018_475_48h,,13,PCC,C,3.1942239343118835,0.0,0.9628374989216143,0.6031783223152161,1.2163000106811523,53.24800137329102,0.22818779945373535
observed_test,v2_2018_475_48h,,14,PCC,A,3.2826641354186514,0.0,0.45389584623850304,0.6654155254364014,1.213824987411499,53.24800137329102,0.22140124440193176
observed_test,v2_2018_475_48h,,14,PCC,B,3.2826641354186514,0.0,0.45389584623850304,0.6654155254364014,1.213824987411499,53.24800137329102,0.22140124440193176
observed_test,v2_2018_475_48h,,14,PCC,C,3.2826641354186514,0.0,0.45389584623850304,0.6654155254364014,1.213824987411499,53.24800137329102,0.22140124440193176
observed_test,v2_2018_475_48h,,15,PCC,A,3.0565982681900437,0.0,0.26103332638740534,0.5210045576095581,1.210824966430664,53.24800137329102,0.21364735066890717
observed_test,v2_2018_475_48h,,15,PCC,B,3.0565982681900437,0.0,0.26103332638740534,0.5210045576095581,1.210824966430664,53.24800137329102,0.21364735066890717
observed_test,v2_2018_475_48h,,15,PCC,C,3.0565982681900437,0.0,0.26103332638740534,0.5210045576095581,1.210824966430664,53.24800137329102,0.21364735066890717
observed_test,v2_2018_475_48h,,16,PCC,A,3.1123292043195026,0.0,0.17422083765268326,0.5631123185157776,1.207450032234192,53.24800137329102,0.20802083611488342
observed_test,v2_2018_475_48h,,16,PCC,B,3.1123292043195026,0.0,0.17422083765268326,0.5631123185157776,1.207450032234192,53.24800137329102,0.20802083611488342
observed_test,v2_2018_475_48h,,16,PCC,C,3.1123292043195026,0.0,0.17422083765268326,0.5631123185157776,1.207450032234192,53.24800137329102,0.20802083611488342
observed_test,v2_2018_475_48h,,17,PCC,A,3.032546169972656,0.0,0.10158749870382822,0.5185338854789734,1.202049970626831,53.24800137329102,0.21844016015529633
observed_test,v2_2018_475_48h,,17,PCC,B,3.032546169972656,0.0,0.10158749870382822,0.5185338854789734,1.202049970626831,53.24800137329102,0.21844016015529633
observed_test,v2_2018_475_48h,,17,PCC,C,3.032546169972656,0.0,0.10158749870382822,0.5185338854789734,1.202049970626831,53.24800137329102,0.21844016015529633
observed_test,v2_2018_475_48h,,18,PCC,A,2.992085891429742,0.0,0.028370833024382588,0.501911997795105,1.1952999830245972,53.24800137329102,0.22912158071994781
observed_test,v2_2018_475_48h,,18,PCC,B,2.992085891429742,0.0,0.028370833024382588,0.501911997795105,1.1952999830245972,53.24800137329102,0.22912158071994781
observed_test,v2_2018_475_48h,,18,PCC,C,2.992085891429742,0.0,0.028370833024382588,0.501911997795105,1.1952999830245972,53.24800137329102,0.22912158071994781
observed_test,v2_2018_475_48h,,19,PCC,A,3.064334984330434,0.0,0.0,0.5692486763000488,1.1833750009536743,53.24800137329102,0.24189895391464233
observed_test,v2_2018_475_48h,,19,PCC,B,3.064334984330434,0.0,0.0,0.5692486763000488,1.1833750009536743,53.24800137329102,0.24189895391464233
observed_test,v2_2018_475_48h,,19,PCC,C,3.064334984330434,0.0,0.0,0.5692486763000488,1.1833750009536743,53.24800137329102,0.24189895391464233
observed_test,v2_2018_475_48h,,20,PCC,A,2.891967895594212,0.0,0.0,0.458400696516037,1.1796250343322754,53.24800137329102,0.2459821254014969
observed_test,v2_2018_475_48h,,20,PCC,B,2.891967895594212,0.0,0.0,0.458400696516037,1.1796250343322754,53.24800137329102,0.2459821254014969
observed_test,v2_2018_475_48h,,20,PCC,C,2.891967895594212,0.0,0.0,0.458400696516037,1.1796250343322754,53.24800137329102,0.2459821254014969
observed_test,v2_2018_475_48h,,21,PCC,A,2.798464746482774,0.0,0.0,0.39928483963012695,1.1766999959945679,53.24800137329102,0.254844069480896
observed_test,v2_2018_475_48h,,21,PCC,B,2.798464746482774,0.0,0.0,0.39928483963012695,1.1766999959945679,53.24800137329102,0.254844069480896
observed_test,v2_2018_475_48h,,21,PCC,C,2.798464746482774,0.0,0.0,0.39928483963012695,1.1766999959945679,53.24800137329102,0.254844069480896
observed_test,v2_2018_475_48h,,22,PCC,A,2.7410484616485786,0.0,0.0,0.3637107312679291,1.174299955368042,53.24800137329102,0.2803404927253723
observed_test,v2_2018_475_48h,,22,PCC,B,2.7410484616485786,0.0,0.0,0.3637107312679291,1.174299955368042,53.24800137329102,0.2803404927253723
observed_test,v2_2018_475_48h,,22,PCC,C,2.7410484616485786,0.0,0.0,0.3637107312679291,1.174299955368042,53.24800137329102,0.2803404927253723
observed_test,v2_2018_475_48h,,23,PCC,A,2.7121987634461107,0.0,0.0,0.34759950637817383,1.1718249320983887,53.24800137329102,0.301544725894928
observed_test,v2_2018_475_48h,,23,PCC,B,2.7121987634461107,0.0,0.0,0.34759950637817383,1.1718249320983887,53.24800137329102,0.301544725894928
observed_test,v2_2018_475_48h,,23,PCC,C,2.7121987634461107,0.0,0.0,0.34759950637817383,1.1718249320983887,53.24800137329102,0.301544725894928
observed_test,v2_2018_475_48h,,24,PCC,A,2.627275818060358,0.0,0.0,0.29431068897247314,1.1684499979019165,53.24800137329102,0.3112027049064636
observed_test,v2_2018_475_48h,,24,PCC,B,2.627275818060358,0.0,0.0,0.29431068897247314,1.1684499979019165,53.24800137329102,0.3112027049064636
observed_test,v2_2018_475_48h,,24,PCC,C,2.627275818060358,0.0,0.0,0.29431068897247314,1.1684499979019165,53.24800137329102,0.3112027049064636
observed_test,v2_2018_475_48h,,25,PCC,A,2.654353043619182,0.0,0.0,0.3179371654987335,1.1648499965667725,53.24800137329102,0.31398385763168335
observed_test,v2_2018_475_48h,,25,PCC,B,2.654353043619182,0.0,0.0,0.3179371654987335,1.1648499965667725,53.24800137329102,0.31398385763168335
observed_test,v2_2018_475_48h,,25,PCC,C,2.654353043619182,0.0,0.0,0.3179371654987335,1.1648499965667725,53.24800137329102,0.31398385763168335
observed_test,v2_2018_475_48h,,26,PCC,A,2.5102022685896617,0.0,0.0,0.2232462614774704,1.1616250276565552,53.24800137329102,0.3048606812953949
observed_test,v2_2018_475_48h,,26,PCC,B,2.5102022685896617,0.0,0.0,0.2232462614774704,1.1616250276565552,53.24800137329102,0.3048606812953949
observed_test,v2_2018_475_48h,,26,PCC,C,2.5102022685896617,0.0,0.0,0.2232462614774704,1.1616250276565552,53.24800137329102,0.3048606812953949
observed_test,v2_2018_475_48h,,27,PCC,A,2.5633383355179284,0.0,0.0,0.2633455991744995,1.1590750217437744,53.24800137329102,0.29333972930908203
observed_test,v2_2018_475_48h,,27,PCC,B,2.5633383355179284,0.0,0.0,0.2633455991744995,1.1590750217437744,53.24800137329102,0.29333972930908203
observed_test,v2_2018_475_48h,,27,PCC,C,2.5633383355179284,0.0,0.0,0.2633455991744995,1.1590750217437744,53.24800137329102,0.29333972930908203
observed_test,v2_2018_475_48h,,28,PCC,A,2.6216674183795305,0.0,0.0,0.3060445785522461,1.157349944114685,53.24800137329102,0.2601999342441559
observed_test,v2_2018_475_48h,,28,PCC,B,2.6216674183795305,0.0,0.0,0.3060445785522461,1.157349944114685,53.24800137329102,0.2601999342441559
observed_test,v2_2018_475_48h,,28,PCC,C,2.6216674183795305,0.0,0.0,0.3060445785522461,1.157349944114685,53.24800137329102,0.2601999342441559
observed_test,v2_2018_475_48h,,29,PCC,A,2.597916932709332,0.0,0.0,0.2850128710269928,1.1606500148773193,53.24800137329102,0.24825310707092285
observed_test,v2_2018_475_48h,,29,PCC,B,2.597916932709332,0.0,0.0,0.2850128710269928,1.1606500148773193,53.24800137329102,0.24825310707092285
observed_test,v2_2018_475_48h,,29,PCC,C,2.597916932709332,0.0,0.0,0.2850128710269928,1.1606500148773193,53.24800137329102,0.24825310707092285
observed_test,v2_2018_475_48h,,30,PCC,A,2.807205114685619,0.0,0.05938333387558276,0.4131304621696472,1.171375036239624,53.24800137329102,0.23572802543640137
observed_test,v2_2018_475_48h,,30,PCC,B,2.807205114685619,0.0,0.05938333387558276,0.4131304621696472,1.171375036239624,53.24800137329102,0.23572802543640137
observed_test,v2_2018_475_48h,,30,PCC,C,2.807205114685619,0.0,0.05938333387558276,0.4131304621696472,1.171375036239624,53.24800137329102,0.23572802543640137
observed_test,v2_2018_475_48h,,31,PCC,A,3.0952993959040374,0.0,0.293970824434207,0.5887197852134705,1.1842750310897827,53.24800137329102,0.2278219312429428
observed_test,v2_2018_475_48h,,31,PCC,B,3.0952993959040374,0.0,0.293970824434207,0.5887197852134705,1.1842750310897827,53.24800137329102,0.2278219312429428
observed_test,v2_2018_475_48h,,31,PCC,C,3.0952993959040374,0.0,0.293970824434207,0.5887197852134705,1.1842750310897827,53.24800137329102,0.2278219312429428
observed_test,v2_2018_475_48h,,32,PCC,A,2.8721700753183677,0.0,0.5861375194329481,0.41616514325141907,1.199049949645996,53.24800137329102,0.22451649606227875
observed_test,v2_2018_475_48h,,32,PCC,B,2.8721700753183677,0.0,0.5861375194329481,0.41616514325141907,1.199049949645996,53.24800137329102,0.22451649606227875
observed_test,v2_2018_475_48h,,32,PCC,C,2.8721700753183677,0.0,0.5861375194329481,0.41616514325141907,1.199049949645996,53.24800137329102,0.22451649606227875
observed_test,v2_2018_475_48h,,33,PCC,A,3.0402399948520085,0.0,0.824854179070546,0.5137431621551514,1.2085000276565552,53.24800137329102,0.22739911079406738
observed_test,v2_2018_475_48h,,33,PCC,B,3.0402399948520085,0.0,0.824854179070546,0.5137431621551514,1.2085000276565552,53.24800137329102,0.22739911079406738
observed_test,v2_2018_475_48h,,33,PCC,C,3.0402399948520085,0.0,0.824854179070546,0.5137431621551514,1.2085000276565552,53.24800137329102,0.22739911079406738
observed_test,v2_2018_475_48h,,34,PCC,A,2.827005694902456,0.0,0.9852917148516728,0.3643687963485718,1.2143499851226807,53.24800137329102,0.2333221286535263
observed_test,v2_2018_475_48h,,34,PCC,B,2.827005694902456,0.0,0.9852917148516728,0.3643687963485718,1.2143499851226807,53.24800137329102,0.2333221286535263
observed_test,v2_2018_475_48h,,34,PCC,C,2.827005694902456,0.0,0.9852917148516728,0.3643687963485718,1.2143499851226807,53.24800137329102,0.2333221286535263
observed_test,v2_2018_475_48h,,35,PCC,A,2.829120901217872,0.0,1.0149708160987265,0.36136627197265625,1.2174999713897705,53.24800137329102,0.23899239301681519
observed_test,v2_2018_475_48h,,35,PCC,B,2.829120901217872,0.0,1.0149708160987265,0.36136627197265625,1.2174999713897705,53.24800137329102,0.23899239301681519
observed_test,v2_2018_475_48h,,35,PCC,C,2.829120901217872,0.0,1.0149708160987265,0.36136627197265625,1.2174999713897705,53.24800137329102,0.23899239301681519
observed_test,v2_2018_475_48h,,36,PCC,A,3.1029632208723874,0.0,0.9539624819388756,0.5383059978485107,1.2194499969482422,53.24800137329102,0.2420308142900467
observed_test,v2_2018_475_48h,,36,PCC,B,3.1029632208723874,0.0,0.9539624819388756,0.5383059978485107,1.2194499969482422,53.24800137329102,0.2420308142900467
observed_test,v2_2018_475_48h,,36,PCC,C,3.1029632208723874,0.0,0.9539624819388756,0.5383059978485107,1.2194499969482422,53.24800137329102,0.2420308142900467
observed_test,v2_2018_475_48h,,37,PCC,A,3.203845769759127,0.0,0.9417083400946397,0.6031783223152161,1.2202749252319336,53.24800137329102,0.24318714439868927
observed_test,v2_2018_475_48h,,37,PCC,B,3.203845769759127,0.0,0.9417083400946397,0.6031783223152161,1.2202749252319336,53.24800137329102,0.24318714439868927
observed_test,v2_2018_475_48h,,37,PCC,C,3.203845769759127,0.0,0.9417083400946397,0.6031783223152161,1.2202749252319336,53.24800137329102,0.24318714439868927
observed_test,v2_2018_475_48h,,38,PCC,A,3.2989665299180757,0.0,0.8284708055166097,0.6654155254364014,1.2203500270843506,53.24800137329102,0.254604309797287
observed_test,v2_2018_475_48h,,38,PCC,B,3.2989665299180757,0.0,0.8284708055166097,0.6654155254364014,1.2203500270843506,53.24800137329102,0.254604309797287
observed_test,v2_2018_475_48h,,38,PCC,C,3.2989665299180757,0.0,0.8284708055166097,0.6654155254364014,1.2203500270843506,53.24800137329102,0.254604309797287
observed_test,v2_2018_475_48h,,39,PCC,A,3.074851827224464,0.0,0.4265916748688771,0.5210045576095581,1.2186999320983887,53.24800137329102,0.2590092718601227
observed_test,v2_2018_475_48h,,39,PCC,B,3.074851827224464,0.0,0.4265916748688771,0.5210045576095581,1.2186999320983887,53.24800137329102,0.2590092718601227
observed_test,v2_2018_475_48h,,39,PCC,C,3.074851827224464,0.0,0.4265916748688771,0.5210045576095581,1.2186999320983887,53.24800137329102,0.2590092718601227
observed_test,v2_2018_475_48h,,40,PCC,A,3.131175010452678,0.0,0.22111666890291068,0.5631123185157776,1.215399980545044,53.24800137329102,0.2726680636405945
observed_test,v2_2018_475_48h,,40,PCC,B,3.131175010452678,0.0,0.22111666890291068,0.5631123185157776,1.215399980545044,53.24800137329102,0.2726680636405945
observed_test,v2_2018_475_48h,,40,PCC,C,3.131175010452678,0.0,0.22111666890291068,0.5631123185157776,1.215399980545044,53.24800137329102,0.2726680636405945
observed_test,v2_2018_475_48h,,41,PCC,A,3.0462616988745648,0.0,0.11507916765717359,0.5185338854789734,1.2079750299453735,53.24800137329102,0.2878139019012451
observed_test,v2_2018_475_48h,,41,PCC,B,3.0462616988745648,0.0,0.11507916765717359,0.5185338854789734,1.2079750299453735,53.24800137329102,0.2878139019012451
observed_test,v2_2018_475_48h,,41,PCC,C,3.0462616988745648,0.0,0.11507916765717359,0.5185338854789734,1.2079750299453735,53.24800137329102,0.2878139019012451
observed_test,v2_2018_475_48h,,42,PCC,A,3.001892901844878,0.0,0.0159541664358515,0.501911997795105,1.1995749473571777,53.24800137329102,0.29619458317756653
observed_test,v2_2018_475_48h,,42,PCC,B,3.001892901844878,0.0,0.0159541664358515,0.501911997795105,1.1995749473571777,53.24800137329102,0.29619458317756653
observed_test,v2_2018_475_48h,,42,PCC,C,3.001892901844878,0.0,0.0159541664358515,0.501911997795105,1.1995749473571777,53.24800137329102,0.29619458317756653
observed_test,v2_2018_475_48h,,43,PCC,A,3.073788518979929,0.0,0.0,0.5692486763000488,1.1873500347137451,53.24800137329102,0.3040914833545685
observed_test,v2_2018_475_48h,,43,PCC,B,3.073788518979929,0.0,0.0,0.5692486763000488,1.1873500347137451,53.24800137329102,0.3040914833545685
observed_test,v2_2018_475_48h,,43,PCC,C,3.073788518979929,0.0,0.0,0.5692486763000488,1.1873500347137451,53.24800137329102,0.3040914833545685
observed_test,v2_2018_475_48h,,44,PCC,A,2.89583122897025,0.0,0.0,0.458400696516037,1.1813499927520752,53.24800137329102,0.29918941855430603
observed_test,v2_2018_475_48h,,44,PCC,B,2.89583122897025,0.0,0.0,0.458400696516037,1.1813499927520752,53.24800137329102,0.29918941855430603
observed_test,v2_2018_475_48h,,44,PCC,C,2.89583122897025,0.0,0.0,0.458400696516037,1.1813499927520752,53.24800137329102,0.29918941855430603
observed_test,v2_2018_475_48h,,45,PCC,A,2.796515485770229,0.0,0.0,0.39928483963012695,1.1757999658584595,53.24800137329102,0.2978053689002991
observed_test,v2_2018_475_48h,,45,PCC,B,2.796515485770229,0.0,0.0,0.39928483963012695,1.1757999658584595,53.24800137329102,0.2978053689002991
observed_test,v2_2018_475_48h,,45,PCC,C,2.796515485770229,0.0,0.0,0.39928483963012695,1.1757999658584595,53.24800137329102,0.2978053689002991
observed_test,v2_2018_475_48h,,46,PCC,A,2.735957496152791,0.0,0.0,0.3637107312679291,1.1719000339508057,53.24800137329102,0.29706329107284546
observed_test,v2_2018_475_48h,,46,PCC,B,2.735957496152791,0.0,0.0,0.3637107312679291,1.1719000339508057,53.24800137329102,0.29706329107284546
observed_test,v2_2018_475_48h,,46,PCC,C,2.735957496152791,0.0,0.0,0.3637107312679291,1.1719000339508057,53.24800137329102,0.29706329107284546
observed_test,v2_2018_475_48h,,47,PCC,A,2.7074712320105143,0.0,0.0,0.34759950637817383,1.1695749759674072,53.24800137329102,0.2957090437412262
observed_test,v2_2018_475_48h,,47,PCC,B,2.7074712320105143,0.0,0.0,0.34759950637817383,1.1695749759674072,53.24800137329102,0.2957090437412262
observed_test,v2_2018_475_48h,,47,PCC,C,2.7074712320105143,0.0,0.0,0.34759950637817383,1.1695749759674072,53.24800137329102,0.2957090437412262
observed_test,v2_2018_477_48h,,0,PCC,A,2.627275818060358,0.0,0.0,0.29431068897247314,1.1684499979019165,53.24800137329102,0.36483490467071533
observed_test,v2_2018_477_48h,,0,PCC,B,2.627275818060358,0.0,0.0,0.29431068897247314,1.1684499979019165,53.24800137329102,0.36483490467071533
observed_test,v2_2018_477_48h,,0,PCC,C,2.627275818060358,0.0,0.0,0.29431068897247314,1.1684499979019165,53.24800137329102,0.36483490467071533
observed_test,v2_2018_477_48h,,1,PCC,A,2.655127143593416,0.0,0.0,0.3179371654987335,1.1652250289916992,34.72425106811524,0.36075425148010254
observed_test,v2_2018_477_48h,,1,PCC,B,2.655127143593416,0.0,0.0,0.3179371654987335,1.1652250289916992,34.72425106811524,0.36075425148010254
observed_test,v2_2018_477_48h,,1,PCC,C,2.655127143593416,0.0,0.0,0.3179371654987335,1.1652250289916992,34.72425106811524,0.36075425148010254
observed_test,v2_2018_477_48h,,2,PCC,A,2.5107858508509473,0.0,0.0,0.2232462614774704,1.161924958229065,34.72425106811524,0.35972312092781067
observed_test,v2_2018_477_48h,,2,PCC,B,2.5107858508509473,0.0,0.0,0.2232462614774704,1.161924958229065,34.72425106811524,0.35972312092781067
observed_test,v2_2018_477_48h,,2,PCC,C,2.5107858508509473,0.0,0.0,0.2232462614774704,1.161924958229065,34.72425106811524,0.35972312092781067
observed_test,v2_2018_477_48h,,3,PCC,A,2.5630387895777638,0.0,0.0,0.2633455991744995,1.15892493724823,34.72425106811524,0.358291894197464
observed_test,v2_2018_477_48h,,3,PCC,B,2.5630387895777638,0.0,0.0,0.2633455991744995,1.15892493724823,34.72425106811524,0.358291894197464
observed_test,v2_2018_477_48h,,3,PCC,C,2.5630387895777638,0.0,0.0,0.2633455991744995,1.15892493724823,34.72425106811524,0.358291894197464
observed_test,v2_2018_477_48h,,4,PCC,A,2.619362088139629,0.0,0.0,0.3060445785522461,1.1562249660491943,34.72425106811524,0.33894482254981995
observed_test,v2_2018_477_48h,,4,PCC,B,2.619362088139629,0.0,0.0,0.3060445785522461,1.1562249660491943,34.72425106811524,0.33894482254981995
observed_test,v2_2018_477_48h,,4,PCC,C,2.619362088139629,0.0,0.0,0.3060445785522461,1.1562249660491943,34.72425106811524,0.33894482254981995
observed_test,v2_2018_477_48h,,5,PCC,A,2.5919997768450354,0.0,0.0,0.2850128710269928,1.1577249765396118,34.72425106811524,0.3224259614944458
observed_test,v2_2018_477_48h,,5,PCC,B,2.5919997768450354,0.0,0.0,0.2850128710269928,1.1577249765396118,34.72425106811524,0.3224259614944458
observed_test,v2_2018_477_48h,,5,PCC,C,2.5919997768450354,0.0,0.0,0.2850128710269928,1.1577249765396118,34.72425106811524,0.3224259614944458
observed_test,v2_2018_477_48h,,6,PCC,A,2.7970535407094927,0.0,0.0572958316367406,0.4131304621696472,1.1667249202728271,53.24800137329102,0.30066433548927307
observed_test,v2_2018_477_48h,,6,PCC,B,2.7970535407094927,0.0,0.0572958316367406,0.4131304621696472,1.1667249202728271,53.24800137329102,0.30066433548927307
observed_test,v2_2018_477_48h,,6,PCC,C,2.7970535407094927,0.0,0.0572958316367406,0.4131304621696472,1.1667249202728271,53.24800137329102,0.30066433548927307
observed_test,v2_2018_477_48h,,7,PCC,A,3.08034315795453,0.0,0.29245832791695225,0.5887197852134705,1.178049921989441,53.24800137329102,0.28425970673561096
observed_test,v2_2018_477_48h,,7,PCC,B,3.08034315795453,0.0,0.29245832791695225,0.5887197852134705,1.178049921989441,53.24800137329102,0.28425970673561096
observed_test,v2_2018_477_48h,,7,PCC,C,3.08034315795453,0.0,0.29245832791695225,0.5887197852134705,1.178049921989441,53.24800137329102,0.28425970673561096
observed_test,v2_2018_477_48h,,8,PCC,A,2.8595409382494297,0.0,0.5777083337306975,0.41616514325141907,1.193274974822998,53.24800137329102,0.27591580152511597
observed_test,v2_2018_477_48h,,8,PCC,B,2.8595409382494297,0.0,0.5777083337306975,0.41616514325141907,1.193274974822998,53.24800137329102,0.27591580152511597
observed_test,v2_2018_477_48h,,8,PCC,C,2.8595409382494297,0.0,0.5777083337306975,0.41616514325141907,1.193274974822998,53.24800137329102,0.27591580152511597
observed_test,v2_2018_477_48h,,9,PCC,A,3.0310622555682585,0.0,0.8148250098411852,0.5137431621551514,1.2045249938964844,53.24800137329102,0.27366191148757935
observed_test,v2_2018_477_48h,,9,PCC,B,3.0310622555682585,0.0,0.8148250098411852,0.5137431621551514,1.2045249938964844,53.24800137329102,0.27366191148757935
observed_test,v2_2018_477_48h,,9,PCC,C,3.0310622555682585,0.0,0.8148250098411852,0.5137431621551514,1.2045249938964844,53.24800137329102,0.27366191148757935
observed_test,v2_2018_477_48h,,10,PCC,A,2.8131587277163823,0.0,0.9374458056229811,0.3643687963485718,1.207824945449829,53.24800137329102,0.2816779613494873
observed_test,v2_2018_477_48h,,10,PCC,B,2.8131587277163823,0.0,0.9374458056229811,0.3643687963485718,1.207824945449829,53.24800137329102,0.2816779613494873
observed_test,v2_2018_477_48h,,10,PCC,C,2.8131587277163823,0.0,0.9374458056229811,0.3643687963485718,1.207824945449829,53.24800137329102,0.2816779613494873
observed_test,v2_2018_477_48h,,11,PCC,A,2.811644315578633,0.0,0.9740832906502943,0.36136627197265625,1.2092499732971191,53.24800137329102,0.3064112663269043
observed_test,v2_2018_477_48h,,11,PCC,B,2.811644315578633,0.0,0.9740832906502943,0.36136627197265625,1.2092499732971191,53.24800137329102,0.3064112663269043
observed_test,v2_2018_477_48h,,11,PCC,C,2.811644315578633,0.0,0.9740832906502943,0.36136627197265625,1.2092499732971191,53.24800137329102,0.3064112663269043
observed_test,v2_2018_477_48h,,12,PCC,A,3.0840127958919936,0.0,1.0060750521146333,0.5383059978485107,1.2113499641418457,53.24800137329102,0.3105011582374573
observed_test,v2_2018_477_48h,,12,PCC,B,3.0840127958919936,0.0,1.0060750521146333,0.5383059978485107,1.2113499641418457,53.24800137329102,0.3105011582374573
observed_test,v2_2018_477_48h,,12,PCC,C,3.0840127958919936,0.0,1.0060750521146333,0.5383059978485107,1.2113499641418457,53.24800137329102,0.3105011582374573
observed_test,v2_2018_477_48h,,13,PCC,A,3.189866637189361,0.0,0.7865708607893723,0.6031783223152161,1.2144999504089355,53.24800137329102,0.29495617747306824
observed_test,v2_2018_477_48h,,13,PCC,B,3.189866637189361,0.0,0.7865708607893723,0.6031783223152161,1.2144999504089355,53.24800137329102,0.29495617747306824
observed_test,v2_2018_477_48h,,13,PCC,C,3.189866637189361,0.0,0.7865708607893723,0.6031783223152161,1.2144999504089355,53.24800137329102,0.29495617747306824
observed_test,v2_2018_477_48h,,14,PCC,A,3.289222501519158,0.0,0.7577416415397936,0.6654155254364014,1.2164499759674072,53.24800137329102,0.27724555134773254
observed_test,v2_2018_477_48h,,14,PCC,B,3.289222501519158,0.0,0.7577416415397936,0.6654155254364014,1.2164499759674072,53.24800137329102,0.27724555134773254
observed_test,v2_2018_477_48h,,14,PCC,C,3.289222501519158,0.0,0.7577416415397936,0.6654155254364014,1.2164499759674072,53.24800137329102,0.27724555134773254
observed_test,v2_2018_477_48h,,15,PCC,A,3.0692889957003806,0.0,0.7155875173898844,0.5210045576095581,1.2163000106811523,53.24800137329102,0.27965736389160156
observed_test,v2_2018_477_48h,,15,PCC,B,3.0692889957003806,0.0,0.7155875173898844,0.5210045576095581,1.2163000106811523,53.24800137329102,0.27965736389160156
observed_test,v2_2018_477_48h,,15,PCC,C,3.0692889957003806,0.0,0.7155875173898844,0.5210045576095581,1.2163000106811523,53.24800137329102,0.27965736389160156
observed_test,v2_2018_477_48h,,16,PCC,A,3.1285081857517714,0.0,0.5151374981953547,0.5631123185157776,1.2142750024795532,53.24800137329102,0.2869911193847656
observed_test,v2_2018_477_48h,,16,PCC,B,3.1285081857517714,0.0,0.5151374981953547,0.5631123185157776,1.2142750024795532,53.24800137329102,0.2869911193847656
observed_test,v2_2018_477_48h,,16,PCC,C,3.1285081857517714,0.0,0.5151374981953547,0.5631123185157776,1.2142750024795532,53.24800137329102,0.2869911193847656
observed_test,v2_2018_477_48h,,17,PCC,A,3.0493865534967246,0.0,0.29370833474856156,0.5185338854789734,1.2093249559402466,53.24800137329102,0.2951517403125763
observed_test,v2_2018_477_48h,,17,PCC,B,3.0493865534967246,0.0,0.29370833474856156,0.5185338854789734,1.2093249559402466,53.24800137329102,0.2951517403125763
observed_test,v2_2018_477_48h,,17,PCC,C,3.0493865534967246,0.0,0.29370833474856156,0.5185338854789734,1.2093249559402466,53.24800137329102,0.2951517403125763
observed_test,v2_2018_477_48h,,18,PCC,A,3.007054702173528,0.0,0.0662958321089928,0.501911997795105,1.2018250226974487,121.88174847412108,0.3107438087463379
observed_test,v2_2018_477_48h,,18,PCC,B,3.007054702173528,0.0,0.0662958321089928,0.501911997795105,1.2018250226974487,121.88174847412108,0.3107438087463379
observed_test,v2_2018_477_48h,,18,PCC,C,3.007054702173528,0.0,0.0662958321089928,0.501911997795105,1.2018250226974487,121.88174847412108,0.3107438087463379
observed_test,v2_2018_477_48h,,19,PCC,A,3.0887712869858226,0.0,0.0,0.5692486763000488,1.1936500072479248,121.88174847412108,0.3241565525531769
observed_test,v2_2018_477_48h,,19,PCC,B,3.0887712869858226,0.0,0.0,0.5692486763000488,1.1936500072479248,121.88174847412108,0.3241565525531769
observed_test,v2_2018_477_48h,,19,PCC,C,3.0887712869858226,0.0,0.0,0.5692486763000488,1.1936500072479248,121.88174847412108,0.3241565525531769
observed_test,v2_2018_477_48h,,20,PCC,A,2.9153163660204675,0.0,0.0,0.458400696516037,1.1900500059127808,121.88174847412108,0.3228759467601776
observed_test,v2_2018_477_48h,,20,PCC,B,2.9153163660204675,0.0,0.0,0.458400696516037,1.1900500059127808,121.88174847412108,0.3228759467601776
observed_test,v2_2018_477_48h,,20,PCC,C,2.9153163660204675,0.0,0.0,0.458400696516037,1.1900500059127808,121.88174847412108,0.3228759467601776
observed_test,v2_2018_477_48h,,21,PCC,A,2.818768814061144,0.0,0.0,0.39928483963012695,1.18607497215271,53.24800137329102,0.3177696466445923
observed_test,v2_2018_477_48h,,21,PCC,B,2.818768814061144,0.0,0.0,0.39928483963012695,1.18607497215271,53.24800137329102,0.3177696466445923
observed_test,v2_2018_477_48h,,21,PCC,C,2.818768814061144,0.0,0.0,0.39928483963012695,1.18607497215271,53.24800137329102,0.3177696466445923
observed_test,v2_2018_477_48h,,22,PCC,A,2.757912980271373,0.0,0.0,0.3637107312679291,1.1822500228881836,53.24800137329102,0.319837749004364
observed_test,v2_2018_477_48h,,22,PCC,B,2.757912980271373,0.0,0.0,0.3637107312679291,1.1822500228881836,53.24800137329102,0.319837749004364
observed_test,v2_2018_477_48h,,22,PCC,C,2.757912980271373,0.0,0.0,0.3637107312679291,1.1822500228881836,53.24800137329102,0.319837749004364
observed_test,v2_2018_477_48h,,23,PCC,A,2.7266969606780265,0.0,0.0,0.34759950637817383,1.178725004196167,53.24800137329102,0.32414963841438293
observed_test,v2_2018_477_48h,,23,PCC,B,2.7266969606780265,0.0,0.0,0.34759950637817383,1.178725004196167,53.24800137329102,0.32414963841438293
observed_test,v2_2018_477_48h,,23,PCC,C,2.7266969606780265,0.0,0.0,0.34759950637817383,1.178725004196167,53.24800137329102,0.32414963841438293
observed_test,v2_2018_477_48h,,24,PCC,A,2.642840200113291,0.0,0.0,0.29431068897247314,1.1761000156402588,53.24800137329102,0.33228906989097595
observed_test,v2_2018_477_48h,,24,PCC,B,2.642840200113291,0.0,0.0,0.29431068897247314,1.1761000156402588,53.24800137329102,0.33228906989097595
observed_test,v2_2018_477_48h,,24,PCC,C,2.642840200113291,0.0,0.0,0.29431068897247314,1.1761000156402588,53.24800137329102,0.33228906989097595
observed_test,v2_2018_477_48h,,25,PCC,A,2.673549049782524,0.0,0.0,0.3179371654987335,1.174149990081787,34.72425106811524,0.33377763628959656
observed_test,v2_2018_477_48h,,25,PCC,B,2.673549049782524,0.0,0.0,0.3179371654987335,1.174149990081787,34.72425106811524,0.33377763628959656
observed_test,v2_2018_477_48h,,25,PCC,C,2.673549049782524,0.0,0.0,0.3179371654987335,1.174149990081787,34.72425106811524,0.33377763628959656
observed_test,v2_2018_477_48h,,26,PCC,A,2.5323834973840813,0.0,0.0,0.2232462614774704,1.1730250120162964,34.72425106811524,0.33147165179252625
observed_test,v2_2018_477_48h,,26,PCC,B,2.5323834973840813,0.0,0.0,0.2232462614774704,1.1730250120162964,34.72425106811524,0.33147165179252625
observed_test,v2_2018_477_48h,,26,PCC,C,2.5323834973840813,0.0,0.0,0.2232462614774704,1.1730250120162964,34.72425106811524,0.33147165179252625
observed_test,v2_2018_477_48h,,27,PCC,A,2.589833043067472,0.0,0.0,0.2633455991744995,1.1723499298095703,34.72425106811524,0.32121407985687256
observed_test,v2_2018_477_48h,,27,PCC,B,2.589833043067472,0.0,0.0,0.2633455991744995,1.1723499298095703,34.72425106811524,0.32121407985687256
observed_test,v2_2018_477_48h,,27,PCC,C,2.589833043067472,0.0,0.0,0.2633455991744995,1.1723499298095703,34.72425106811524,0.32121407985687256
observed_test,v2_2018_477_48h,,28,PCC,A,2.6490245576087452,0.0,0.0,0.3060445785522461,1.170699954032898,34.72425106811524,0.2928297519683838
observed_test,v2_2018_477_48h,,28,PCC,B,2.6490245576087452,0.0,0.0,0.3060445785522461,1.170699954032898,34.72425106811524,0.2928297519683838
observed_test,v2_2018_477_48h,,28,PCC,C,2.6490245576087452,0.0,0.0,0.3060445785522461,1.170699954032898,34.72425106811524,0.2928297519683838
observed_test,v2_2018_477_48h,,29,PCC,A,2.619005949194176,0.0,0.0,0.2850128710269928,1.1710749864578247,34.72425106811524,0.2800494432449341
observed_test,v2_2018_477_48h,,29,PCC,B,2.619005949194176,0.0,0.0,0.2850128710269928,1.1710749864578247,34.72425106811524,0.2800494432449341
observed_test,v2_2018_477_48h,,29,PCC,C,2.619005949194176,0.0,0.0,0.2850128710269928,1.1710749864578247,34.72425106811524,0.2800494432449341
observed_test,v2_2018_477_48h,,30,PCC,A,2.8211221502045203,0.0,0.05626250058412551,0.4131304621696472,1.1777499914169312,53.24800137329102,0.2751381993293762
observed_test,v2_2018_477_48h,,30,PCC,B,2.8211221502045203,0.0,0.05626250058412551,0.4131304621696472,1.1777499914169312,53.24800137329102,0.2751381993293762
observed_test,v2_2018_477_48h,,30,PCC,C,2.8211221502045203,0.0,0.05626250058412551,0.4131304621696472,1.1777499914169312,53.24800137329102,0.2751381993293762
observed_test,v2_2018_477_48h,,31,PCC,A,3.1062908846782284,0.0,0.2860583364963531,0.5887197852134705,1.188849925994873,53.24800137329102,0.273440420627594
observed_test,v2_2018_477_48h,,31,PCC,B,3.1062908846782284,0.0,0.2860583364963531,0.5887197852134705,1.188849925994873,53.24800137329102,0.273440420627594
observed_test,v2_2018_477_48h,,31,PCC,C,3.1062908846782284,0.0,0.2860583364963531,0.5887197852134705,1.188849925994873,53.24800137329102,0.273440420627594
observed_test,v2_2018_477_48h,,32,PCC,A,2.881026947227791,0.0,0.5808708186332996,0.41616514325141907,1.2030999660491943,53.24800137329102,0.2749433219432831
observed_test,v2_2018_477_48h,,32,PCC,B,2.881026947227791,0.0,0.5808708186332996,0.41616514325141907,1.2030999660491943,53.24800137329102,0.2749433219432831
observed_test,v2_2018_477_48h,,32,PCC,C,2.881026947227791,0.0,0.5808708186332996,0.41616514325141907,1.2030999660491943,53.24800137329102,0.2749433219432831
observed_test,v2_2018_477_48h,,33,PCC,A,3.051322366189846,0.0,0.835704173033054,0.5137431621551514,1.2132999897003174,53.24800137329102,0.2761172354221344
observed_test,v2_2018_477_48h,,33,PCC,B,3.051322366189846,0.0,0.835704173033054,0.5137431621551514,1.2132999897003174,53.24800137329102,0.2761172354221344
observed_test,v2_2018_477_48h,,33,PCC,C,3.051322366189846,0.0,0.835704173033054,0.5137431621551514,1.2132999897003174,53.24800137329102,0.2761172354221344
observed_test,v2_2018_477_48h,,34,PCC,A,2.8381468165568458,0.0,1.0165458688369162,0.3643687963485718,1.219599962234497,53.24800137329102,0.280690461397171
observed_test,v2_2018_477_48h,,34,PCC,B,2.8381468165568458,0.0,1.0165458688369162,0.3643687963485718,1.219599962234497,53.24800137329102,0.280690461397171
observed_test,v2_2018_477_48h,,34,PCC,C,2.8381468165568458,0.0,1.0165458688369162,0.3643687963485718,1.219599962234497,53.24800137329102,0.280690461397171
observed_test,v2_2018_477_48h,,35,PCC,A,2.8427845375959655,0.0,1.1189333521402798,0.36136627197265625,1.2239500284194946,53.24800137329102,0.28519904613494873
observed_test,v2_2018_477_48h,,35,PCC,B,2.8427845375959655,0.0,1.1189333521402798,0.36136627197265625,1.2239500284194946,53.24800137329102,0.28519904613494873
observed_test,v2_2018_477_48h,,35,PCC,C,2.8427845375959655,0.0,1.1189333521402798,0.36136627197265625,1.2239500284194946,53.24800137329102,0.28519904613494873
observed_test,v2_2018_477_48h,,36,PCC,A,3.1208608134765377,0.0,1.088020778619326,0.5383059978485107,1.2271000146865845,53.24800137329102,0.2889251112937927
observed_test,v2_2018_477_48h,,36,PCC,B,3.1208608134765377,0.0,1.088020778619326,0.5383059978485107,1.2271000146865845,53.24800137329102,0.2889251112937927
observed_test,v2_2018_477_48h,,36,PCC,C,3.1208608134765377,0.0,1.088020778619326,0.5383059978485107,1.2271000146865845,53.24800137329102,0.2889251112937927
observed_test,v2_2018_477_48h,,37,PCC,A,3.2241793420596916,0.0,1.042191684246063,0.6031783223152161,1.2286750078201294,53.24800137329102,0.2811610698699951
observed_test,v2_2018_477_48h,,37,PCC,B,3.2241793420596916,0.0,1.042191684246063,0.6031783223152161,1.2286750078201294,53.24800137329102,0.2811610698699951
observed_test,v2_2018_477_48h,,37,PCC,C,3.2241793420596916,0.0,1.042191684246063,0.6031783223152161,1.2286750078201294,53.24800137329102,0.2811610698699951
observed_test,v2_2018_477_48h,,38,PCC,A,3.3199533014396962,0.0,1.0020332840772774,0.6654155254364014,1.2287499904632568,53.24800137329102,0.2821037173271179
observed_test,v2_2018_477_48h,,38,PCC,B,3.3199533014396962,0.0,1.0020332840772774,0.6654155254364014,1.2287499904632568,53.24800137329102,0.2821037173271179
observed_test,v2_2018_477_48h,,38,PCC,C,3.3199533014396962,0.0,1.0020332840772774,0.6654155254364014,1.2287499904632568,53.24800137329102,0.2821037173271179
observed_test,v2_2018_477_48h,,39,PCC,A,3.0943225665123903,0.0,0.8216750163298386,0.5210045576095581,1.2271000146865845,53.24800137329102,0.28912773728370667
observed_test,v2_2018_477_48h,,39,PCC,B,3.0943225665123903,0.0,0.8216750163298386,0.5210045576095581,1.2271000146865845,53.24800137329102,0.28912773728370667
observed_test,v2_2018_477_48h,,39,PCC,C,3.0943225665123903,0.0,0.8216750163298386,0.5210045576095581,1.2271000146865845,53.24800137329102,0.28912773728370667
observed_test,v2_2018_477_48h,,40,PCC,A,3.154465712815648,0.0,0.568649975153116,0.5631123185157776,1.2252249717712402,53.24800137329102,0.3023739159107208
observed_test,v2_2018_477_48h,,40,PCC,B,3.154465712815648,0.0,0.568649975153116,0.5631123185157776,1.2252249717712402,53.24800137329102,0.3023739159107208
observed_test,v2_2018_477_48h,,40,PCC,C,3.154465712815648,0.0,0.568649975153116,0.5631123185157776,1.2252249717712402,53.24800137329102,0.3023739159107208
observed_test,v2_2018_477_48h,,41,PCC,A,3.073345060031975,0.0,0.2993708333143821,0.5185338854789734,1.2196749448776245,53.24800137329102,0.3217485249042511
observed_test,v2_2018_477_48h,,41,PCC,B,3.073345060031975,0.0,0.2993708333143821,0.5185338854789734,1.2196749448776245,53.24800137329102,0.3217485249042511
observed_test,v2_2018_477_48h,,41,PCC,C,3.073345060031975,0.0,0.2993708333143821,0.5185338854789734,1.2196749448776245,53.24800137329102,0.3217485249042511
observed_test,v2_2018_477_48h,,42,PCC,A,3.0251203196416383,0.0,0.0637083314359188,0.501911997795105,1.2096999883651733,121.88174847412108,0.34076350927352905
observed_test,v2_2018_477_48h,,42,PCC,B,3.0251203196416383,0.0,0.0637083314359188,0.501911997795105,1.2096999883651733,121.88174847412108,0.34076350927352905
observed_test,v2_2018_477_48h,,42,PCC,C,3.0251203196416383,0.0,0.0637083314359188,0.501911997795105,1.2096999883651733,121.88174847412108,0.34076350927352905
observed_test,v2_2018_477_48h,,43,PCC,A,3.0966193225583916,0.0,0.0,0.5692486763000488,1.1969499588012695,121.88174847412108,0.3609183728694916
observed_test,v2_2018_477_48h,,43,PCC,B,3.0966193225583916,0.0,0.0,0.5692486763000488,1.1969499588012695,121.88174847412108,0.3609183728694916
observed_test,v2_2018_477_48h,,43,PCC,C,3.0966193225583916,0.0,0.0,0.5692486763000488,1.1969499588012695,121.88174847412108,0.3609183728694916
observed_test,v2_2018_477_48h,,44,PCC,A,2.917500070490586,0.0,0.0,0.458400696516037,1.1910250186920166,121.88174847412108,0.3623015284538269
observed_test,v2_2018_477_48h,,44,PCC,B,2.917500070490586,0.0,0.0,0.458400696516037,1.1910250186920166,121.88174847412108,0.3623015284538269
observed_test,v2_2018_477_48h,,44,PCC,C,2.917500070490586,0.0,0.0,0.458400696516037,1.1910250186920166,121.88174847412108,0.3623015284538269
observed_test,v2_2018_477_48h,,45,PCC,A,2.8177941837048714,0.0,0.0,0.39928483963012695,1.1856249570846558,53.24800137329102,0.3601513206958771
observed_test,v2_2018_477_48h,,45,PCC,B,2.8177941837048714,0.0,0.0,0.39928483963012695,1.1856249570846558,53.24800137329102,0.3601513206958771
observed_test,v2_2018_477_48h,,45,PCC,C,2.8177941837048714,0.0,0.0,0.39928483963012695,1.1856249570846558,53.24800137329102,0.3601513206958771
observed_test,v2_2018_477_48h,,46,PCC,A,2.7553672446442072,0.0,0.0,0.3637107312679291,1.1810499429702759,53.24800137329102,0.36570608615875244
observed_test,v2_2018_477_48h,,46,PCC,B,2.7553672446442072,0.0,0.0,0.3637107312679291,1.1810499429702759,53.24800137329102,0.36570608615875244
observed_test,v2_2018_477_48h,,46,PCC,C,2.7553672446442072,0.0,0.0,0.3637107312679291,1.1810499429702759,53.24800137329102,0.36570608615875244
observed_test,v2_2018_477_48h,,47,PCC,A,2.724963398896435,0.0,0.0,0.34759950637817383,1.177899956703186,53.24800137329102,0.3693509101867676
observed_test,v2_2018_477_48h,,47,PCC,B,2.724963398896435,0.0,0.0,0.34759950637817383,1.177899956703186,53.24800137329102,0.3693509101867676
observed_test,v2_2018_477_48h,,47,PCC,C,2.724963398896435,0.0,0.0,0.34759950637817383,1.177899956703186,53.24800137329102,0.3693509101867676
observed_test,v2_2018_413_48h,,0,PCC,A,2.589738233557025,0.0,0.0,0.29431068897247314,1.149999976158142,53.24800137329102,0.21771878004074097
observed_test,v2_2018_413_48h,,0,PCC,B,2.589738233557025,0.0,0.0,0.29431068897247314,1.149999976158142,53.24800137329102,0.21771878004074097
observed_test,v2_2018_413_48h,,0,PCC,C,2.589738233557025,0.0,0.0,0.29431068897247314,1.149999976158142,53.24800137329102,0.21771878004074097
observed_test,v2_2018_413_48h,,1,PCC,A,2.6237012928594003,0.0,0.0,0.3179371654987335,1.149999976158142,34.72425106811524,0.2178233563899994
observed_test,v2_2018_413_48h,,1,PCC,B,2.6237012928594003,0.0,0.0,0.3179371654987335,1.149999976158142,34.72425106811524,0.2178233563899994
observed_test,v2_2018_413_48h,,1,PCC,C,2.6237012928594003,0.0,0.0,0.3179371654987335,1.149999976158142,34.72425106811524,0.2178233563899994
observed_test,v2_2018_413_48h,,2,PCC,A,2.4875831211508435,0.0,0.0,0.2232462614774704,1.149999976158142,34.72425106811524,0.21782971918582916
observed_test,v2_2018_413_48h,,2,PCC,B,2.4875831211508435,0.0,0.0,0.2232462614774704,1.149999976158142,34.72425106811524,0.21782971918582916
observed_test,v2_2018_413_48h,,2,PCC,C,2.4875831211508435,0.0,0.0,0.2232462614774704,1.149999976158142,34.72425106811524,0.21782971918582916
observed_test,v2_2018_413_48h,,3,PCC,A,2.5452259178952694,0.0,0.0,0.2633455991744995,1.149999976158142,53.24800137329102,0.21496570110321045
observed_test,v2_2018_413_48h,,3,PCC,B,2.5452259178952694,0.0,0.0,0.2633455991744995,1.149999976158142,53.24800137329102,0.21496570110321045
observed_test,v2_2018_413_48h,,3,PCC,C,2.5452259178952694,0.0,0.0,0.2633455991744995,1.149999976158142,53.24800137329102,0.21496570110321045
observed_test,v2_2018_413_48h,,4,PCC,A,2.6066056994782514,0.0,0.0,0.3060445785522461,1.149999976158142,53.24800137329102,0.2117515504360199
observed_test,v2_2018_413_48h,,4,PCC,B,2.6066056994782514,0.0,0.0,0.3060445785522461,1.149999976158142,53.24800137329102,0.2117515504360199
observed_test,v2_2018_413_48h,,4,PCC,C,2.6066056994782514,0.0,0.0,0.3060445785522461,1.149999976158142,53.24800137329102,0.2117515504360199
observed_test,v2_2018_413_48h,,5,PCC,A,2.5763726205374935,0.0,0.0,0.2850128710269928,1.149999976158142,53.24800137329102,0.20906536281108856
observed_test,v2_2018_413_48h,,5,PCC,B,2.5763726205374935,0.0,0.0,0.2850128710269928,1.149999976158142,53.24800137329102,0.20906536281108856
observed_test,v2_2018_413_48h,,5,PCC,C,2.5763726205374935,0.0,0.0,0.2850128710269928,1.149999976158142,53.24800137329102,0.20906536281108856
observed_test,v2_2018_413_48h,,6,PCC,A,2.7605416539868575,0.0,0.00582083325403241,0.4131304621696472,1.149999976158142,121.88174847412108,0.20757518708705902
observed_test,v2_2018_413_48h,,6,PCC,B,2.7605416539868575,0.0,0.00582083325403241,0.4131304621696472,1.149999976158142,121.88174847412108,0.20757518708705902
observed_test,v2_2018_413_48h,,6,PCC,C,2.7605416539868575,0.0,0.00582083325403241,0.4131304621696472,1.149999976158142,121.88174847412108,0.20757518708705902
observed_test,v2_2018_413_48h,,7,PCC,A,3.0129513006293838,0.0,0.09079583419057037,0.5887197852134705,1.149999976158142,121.88174847412108,0.20708438754081726
observed_test,v2_2018_413_48h,,7,PCC,B,3.0129513006293838,0.0,0.09079583419057037,0.5887197852134705,1.149999976158142,121.88174847412108,0.20708438754081726
observed_test,v2_2018_413_48h,,7,PCC,C,3.0129513006293838,0.0,0.09079583419057037,0.5887197852134705,1.149999976158142,121.88174847412108,0.20708438754081726
observed_test,v2_2018_413_48h,,8,PCC,A,2.7649040079514635,0.0,0.23767499682994986,0.41616514325141907,1.149999976158142,121.88174847412108,0.20617340505123138
observed_test,v2_2018_413_48h,,8,PCC,B,2.7649040079514635,0.0,0.23767499682994986,0.41616514325141907,1.149999976158142,121.88174847412108,0.20617340505123138
observed_test,v2_2018_413_48h,,8,PCC,C,2.7649040079514635,0.0,0.23767499682994986,0.41616514325141907,1.149999976158142,121.88174847412108,0.20617340505123138
observed_test,v2_2018_413_48h,,9,PCC,A,2.9051724072175276,0.0,0.5785791919781611,0.5137431621551514,1.149999976158142,121.88174847412108,0.20462235808372498
observed_test,v2_2018_413_48h,,9,PCC,B,2.9051724072175276,0.0,0.5785791919781611,0.5137431621551514,1.149999976158142,121.88174847412108,0.20462235808372498
observed_test,v2_2018_413_48h,,9,PCC,C,2.9051724072175276,0.0,0.5785791919781611,0.5137431621551514,1.149999976158142,121.88174847412108,0.20462235808372498
observed_test,v2_2018_413_48h,,10,PCC,A,2.6904467608222724,0.0,0.978950009896205,0.3643687963485718,1.149999976158142,53.24800137329102,0.20639781653881073
observed_test,v2_2018_413_48h,,10,PCC,B,2.6904467608222724,0.0,0.978950009896205,0.3643687963485718,1.149999976158142,53.24800137329102,0.20639781653881073
observed_test,v2_2018_413_48h,,10,PCC,C,2.6904467608222724,0.0,0.978950009896205,0.3643687963485718,1.149999976158142,53.24800137329102,0.20639781653881073
observed_test,v2_2018_413_48h,,11,PCC,A,2.686130632121376,0.0,0.9042666508601261,0.36136627197265625,1.149999976158142,53.24800137329102,0.20330826938152313
observed_test,v2_2018_413_48h,,11,PCC,B,2.686130632121376,0.0,0.9042666508601261,0.36136627197265625,1.149999976158142,53.24800137329102,0.20330826938152313
observed_test,v2_2018_413_48h,,11,PCC,C,2.686130632121376,0.0,0.9042666508601261,0.36136627197265625,1.149999976158142,53.24800137329102,0.20330826938152313
observed_test,v2_2018_413_48h,,12,PCC,A,2.940481482794702,0.0,0.8166708052158356,0.5383059978485107,1.149999976158142,34.72425106811524,0.20102594792842865
observed_test,v2_2018_413_48h,,12,PCC,B,2.940481482794702,0.0,0.8166708052158356,0.5383059978485107,1.149999976158142,34.72425106811524,0.20102594792842865
observed_test,v2_2018_413_48h,,12,PCC,C,2.940481482794702,0.0,0.8166708052158356,0.5383059978485107,1.149999976158142,34.72425106811524,0.20102594792842865
observed_test,v2_2018_413_48h,,13,PCC,A,3.033735447282245,0.0,0.6619666631405169,0.6031783223152161,1.149999976158142,34.72425106811524,0.2000219225883484
observed_test,v2_2018_413_48h,,13,PCC,B,3.033735447282245,0.0,0.6619666631405169,0.6031783223152161,1.149999976158142,34.72425106811524,0.2000219225883484
observed_test,v2_2018_413_48h,,13,PCC,C,3.033735447282245,0.0,0.6619666631405169,0.6031783223152161,1.149999976158142,34.72425106811524,0.2000219225883484
observed_test,v2_2018_413_48h,,14,PCC,A,3.1232014249141358,0.0,0.5004416864651899,0.6654155254364014,1.149999976158142,34.72425106811524,0.19797030091285706
observed_test,v2_2018_413_48h,,14,PCC,B,3.1232014249141358,0.0,0.5004416864651899,0.6654155254364014,1.149999976158142,34.72425106811524,0.19797030091285706
observed_test,v2_2018_413_48h,,14,PCC,C,3.1232014249141358,0.0,0.5004416864651899,0.6654155254364014,1.149999976158142,34.72425106811524,0.19797030091285706
observed_test,v2_2018_413_48h,,15,PCC,A,2.915610662966831,0.0,0.43628333279719717,0.5210045576095581,1.149999976158142,34.72425106811524,0.20236140489578247
observed_test,v2_2018_413_48h,,15,PCC,B,2.915610662966831,0.0,0.43628333279719717,0.5210045576095581,1.149999976158142,34.72425106811524,0.20236140489578247
observed_test,v2_2018_413_48h,,15,PCC,C,2.915610662966831,0.0,0.43628333279719717,0.5210045576095581,1.149999976158142,34.72425106811524,0.20236140489578247
observed_test,v2_2018_413_48h,,16,PCC,A,2.9761405680146122,0.0,0.35247917358691877,0.5631123185157776,1.149999976158142,53.24800137329102,0.19844406843185425
observed_test,v2_2018_413_48h,,16,PCC,B,2.9761405680146122,0.0,0.35247917358691877,0.5631123185157776,1.149999976158142,53.24800137329102,0.19844406843185425
observed_test,v2_2018_413_48h,,16,PCC,C,2.9761405680146122,0.0,0.35247917358691877,0.5631123185157776,1.149999976158142,53.24800137329102,0.19844406843185425
observed_test,v2_2018_413_48h,,17,PCC,A,2.912059071852747,0.0,0.24273750873712388,0.5185338854789734,1.149999976158142,53.24800137329102,0.1992831975221634
observed_test,v2_2018_413_48h,,17,PCC,B,2.912059071852747,0.0,0.24273750873712388,0.5185338854789734,1.149999976158142,53.24800137329102,0.1992831975221634
observed_test,v2_2018_413_48h,,17,PCC,C,2.912059071852747,0.0,0.24273750873712388,0.5185338854789734,1.149999976158142,53.24800137329102,0.1992831975221634
observed_test,v2_2018_413_48h,,18,PCC,A,2.888165108802557,0.0,0.021674999823937047,0.501911997795105,1.149999976158142,53.24800137329102,0.20021723210811615
observed_test,v2_2018_413_48h,,18,PCC,B,2.888165108802557,0.0,0.021674999823937047,0.501911997795105,1.149999976158142,53.24800137329102,0.20021723210811615
observed_test,v2_2018_413_48h,,18,PCC,C,2.888165108802557,0.0,0.021674999823937047,0.501911997795105,1.149999976158142,53.24800137329102,0.20021723210811615
observed_test,v2_2018_413_48h,,19,PCC,A,2.9849615821466244,0.0,0.0,0.5692486763000488,1.149999976158142,53.24800137329102,0.20215867459774017
observed_test,v2_2018_413_48h,,19,PCC,B,2.9849615821466244,0.0,0.0,0.5692486763000488,1.149999976158142,53.24800137329102,0.20215867459774017
observed_test,v2_2018_413_48h,,19,PCC,C,2.9849615821466244,0.0,0.0,0.5692486763000488,1.149999976158142,53.24800137329102,0.20215867459774017
observed_test,v2_2018_413_48h,,20,PCC,A,2.825617614510635,0.0,0.0,0.458400696516037,1.149999976158142,53.24800137329102,0.1986563503742218
observed_test,v2_2018_413_48h,,20,PCC,B,2.825617614510635,0.0,0.0,0.458400696516037,1.149999976158142,53.24800137329102,0.1986563503742218
observed_test,v2_2018_413_48h,,20,PCC,C,2.825617614510635,0.0,0.0,0.458400696516037,1.149999976158142,53.24800137329102,0.1986563503742218
observed_test,v2_2018_413_48h,,21,PCC,A,2.740638571998929,0.0,0.0,0.39928483963012695,1.149999976158142,53.24800137329102,0.19589941203594208
observed_test,v2_2018_413_48h,,21,PCC,B,2.740638571998929,0.0,0.0,0.39928483963012695,1.149999976158142,53.24800137329102,0.19589941203594208
observed_test,v2_2018_413_48h,,21,PCC,C,2.740638571998929,0.0,0.0,0.39928483963012695,1.149999976158142,53.24800137329102,0.19589941203594208
observed_test,v2_2018_413_48h,,22,PCC,A,2.689500792288461,0.0,0.0,0.3637107312679291,1.149999976158142,53.24800137329102,0.19263511896133423
observed_test,v2_2018_413_48h,,22,PCC,B,2.689500792288461,0.0,0.0,0.3637107312679291,1.149999976158142,53.24800137329102,0.19263511896133423
observed_test,v2_2018_413_48h,,22,PCC,C,2.689500792288461,0.0,0.0,0.3637107312679291,1.149999976158142,53.24800137329102,0.19263511896133423
observed_test,v2_2018_413_48h,,23,PCC,A,2.666340906989589,0.0,0.0,0.34759950637817383,1.149999976158142,53.24800137329102,0.19058038294315338
observed_test,v2_2018_413_48h,,23,PCC,B,2.666340906989589,0.0,0.0,0.34759950637817383,1.149999976158142,53.24800137329102,0.19058038294315338
observed_test,v2_2018_413_48h,,23,PCC,C,2.666340906989589,0.0,0.0,0.34759950637817383,1.149999976158142,53.24800137329102,0.19058038294315338
observed_test,v2_2018_413_48h,,24,PCC,A,2.589738233557025,0.0,0.0,0.29431068897247314,1.149999976158142,53.24800137329102,0.1894691437482834
observed_test,v2_2018_413_48h,,24,PCC,B,2.589738233557025,0.0,0.0,0.29431068897247314,1.149999976158142,53.24800137329102,0.1894691437482834
observed_test,v2_2018_413_48h,,24,PCC,C,2.589738233557025,0.0,0.0,0.29431068897247314,1.149999976158142,53.24800137329102,0.1894691437482834
observed_test,v2_2018_413_48h,,25,PCC,A,2.6237012928594003,0.0,0.0,0.3179371654987335,1.149999976158142,34.72425106811524,0.1913834661245346
observed_test,v2_2018_413_48h,,25,PCC,B,2.6237012928594003,0.0,0.0,0.3179371654987335,1.149999976158142,34.72425106811524,0.1913834661245346
observed_test,v2_2018_413_48h,,25,PCC,C,2.6237012928594003,0.0,0.0,0.3179371654987335,1.149999976158142,34.72425106811524,0.1913834661245346
observed_test,v2_2018_413_48h,,26,PCC,A,2.4875831211508435,0.0,0.0,0.2232462614774704,1.149999976158142,34.72425106811524,0.1914353370666504
observed_test,v2_2018_413_48h,,26,PCC,B,2.4875831211508435,0.0,0.0,0.2232462614774704,1.149999976158142,34.72425106811524,0.1914353370666504
observed_test,v2_2018_413_48h,,26,PCC,C,2.4875831211508435,0.0,0.0,0.2232462614774704,1.149999976158142,34.72425106811524,0.1914353370666504
observed_test,v2_2018_413_48h,,27,PCC,A,2.5452259178952694,0.0,0.0,0.2633455991744995,1.149999976158142,53.24800137329102,0.20247642695903778
observed_test,v2_2018_413_48h,,27,PCC,B,2.5452259178952694,0.0,0.0,0.2633455991744995,1.149999976158142,53.24800137329102,0.20247642695903778
observed_test,v2_2018_413_48h,,27,PCC,C,2.5452259178952694,0.0,0.0,0.2633455991744995,1.149999976158142,53.24800137329102,0.20247642695903778
observed_test,v2_2018_413_48h,,28,PCC,A,2.6066056994782514,0.0,0.0,0.3060445785522461,1.149999976158142,53.24800137329102,0.2079867273569107
observed_test,v2_2018_413_48h,,28,PCC,B,2.6066056994782514,0.0,0.0,0.3060445785522461,1.149999976158142,53.24800137329102,0.2079867273569107
observed_test,v2_2018_413_48h,,28,PCC,C,2.6066056994782514,0.0,0.0,0.3060445785522461,1.149999976158142,53.24800137329102,0.2079867273569107
observed_test,v2_2018_413_48h,,29,PCC,A,2.5763726205374935,0.0,0.0,0.2850128710269928,1.149999976158142,53.24800137329102,0.20120255649089813
observed_test,v2_2018_413_48h,,29,PCC,B,2.5763726205374935,0.0,0.0,0.2850128710269928,1.149999976158142,53.24800137329102,0.20120255649089813
observed_test,v2_2018_413_48h,,29,PCC,C,2.5763726205374935,0.0,0.0,0.2850128710269928,1.149999976158142,53.24800137329102,0.20120255649089813
observed_test,v2_2018_413_48h,,30,PCC,A,2.7605416539868575,0.0,0.018841665811263595,0.4131304621696472,1.149999976158142,121.88174847412108,0.19737987220287323
observed_test,v2_2018_413_48h,,30,PCC,B,2.7605416539868575,0.0,0.018841665811263595,0.4131304621696472,1.149999976158142,121.88174847412108,0.19737987220287323
observed_test,v2_2018_413_48h,,30,PCC,C,2.7605416539868575,0.0,0.018841665811263595,0.4131304621696472,1.149999976158142,121.88174847412108,0.19737987220287323
observed_test,v2_2018_413_48h,,31,PCC,A,3.0129513006293838,0.0,0.14290833989014992,0.5887197852134705,1.149999976158142,121.88174847412108,0.1964385211467743
observed_test,v2_2018_413_48h,,31,PCC,B,3.0129513006293838,0.0,0.14290833989014992,0.5887197852134705,1.149999976158142,121.88174847412108,0.1964385211467743
observed_test,v2_2018_413_48h,,31,PCC,C,3.0129513006293838,0.0,0.14290833989014992,0.5887197852134705,1.149999976158142,121.88174847412108,0.1964385211467743
observed_test,v2_2018_413_48h,,32,PCC,A,2.7649040079514635,0.0,0.40775417135312003,0.41616514325141907,1.149999976158142,121.88174847412108,0.1956031620502472
observed_test,v2_2018_413_48h,,32,PCC,B,2.7649040079514635,0.0,0.40775417135312003,0.41616514325141907,1.149999976158142,121.88174847412108,0.1956031620502472
observed_test,v2_2018_413_48h,,32,PCC,C,2.7649040079514635,0.0,0.40775417135312003,0.41616514325141907,1.149999976158142,121.88174847412108,0.1956031620502472
observed_test,v2_2018_413_48h,,33,PCC,A,2.9051724072175276,0.0,0.8460624859883233,0.5137431621551514,1.149999976158142,121.88174847412108,0.19774229824543
observed_test,v2_2018_413_48h,,33,PCC,B,2.9051724072175276,0.0,0.8460624859883233,0.5137431621551514,1.149999976158142,121.88174847412108,0.19774229824543
observed_test,v2_2018_413_48h,,33,PCC,C,2.9051724072175276,0.0,0.8460624859883233,0.5137431621551514,1.149999976158142,121.88174847412108,0.19774229824543
observed_test,v2_2018_413_48h,,34,PCC,A,2.6904467608222724,0.0,1.1749207973480222,0.3643687963485718,1.149999976158142,53.24800137329102,0.20031452178955078
observed_test,v2_2018_413_48h,,34,PCC,B,2.6904467608222724,0.0,1.1749207973480222,0.3643687963485718,1.149999976158142,53.24800137329102,0.20031452178955078
observed_test,v2_2018_413_48h,,34,PCC,C,2.6904467608222724,0.0,1.1749207973480222,0.3643687963485718,1.149999976158142,53.24800137329102,0.20031452178955078
observed_test,v2_2018_413_48h,,35,PCC,A,2.686130632121376,0.0,1.301958354619833,0.36136627197265625,1.149999976158142,53.24800137329102,0.208522766828537
observed_test,v2_2018_413_48h,,35,PCC,B,2.686130632121376,0.0,1.301958354619833,0.36136627197265625,1.149999976158142,53.24800137329102,0.208522766828537
observed_test,v2_2018_413_48h,,35,PCC,C,2.686130632121376,0.0,1.301958354619833,0.36136627197265625,1.149999976158142,53.24800137329102,0.208522766828537
observed_test,v2_2018_413_48h,,36,PCC,A,2.940481482794702,0.0,1.334549945134383,0.5383059978485107,1.149999976158142,34.72425106811524,0.20712117850780487
observed_test,v2_2018_413_48h,,36,PCC,B,2.940481482794702,0.0,1.334549945134383,0.5383059978485107,1.149999976158142,34.72425106811524,0.20712117850780487
observed_test,v2_2018_413_48h,,36,PCC,C,2.940481482794702,0.0,1.334549945134383,0.5383059978485107,1.149999976158142,34.72425106811524,0.20712117850780487
observed_test,v2_2018_413_48h,,37,PCC,A,3.033735447282245,0.0,1.2813916573157675,0.6031783223152161,1.149999976158142,34.72425106811524,0.2024107575416565
observed_test,v2_2018_413_48h,,37,PCC,B,3.033735447282245,0.0,1.2813916573157675,0.6031783223152161,1.149999976158142,34.72425106811524,0.2024107575416565
observed_test,v2_2018_413_48h,,37,PCC,C,3.033735447282245,0.0,1.2813916573157675,0.6031783223152161,1.149999976158142,34.72425106811524,0.2024107575416565
observed_test,v2_2018_413_48h,,38,PCC,A,3.1232014249141358,0.0,1.1509291254557095,0.6654155254364014,1.149999976158142,34.72425106811524,0.2047840803861618
observed_test,v2_2018_413_48h,,38,PCC,B,3.1232014249141358,0.0,1.1509291254557095,0.6654155254364014,1.149999976158142,34.72425106811524,0.2047840803861618
observed_test,v2_2018_413_48h,,38,PCC,C,3.1232014249141358,0.0,1.1509291254557095,0.6654155254364014,1.149999976158142,34.72425106811524,0.2047840803861618
observed_test,v2_2018_413_48h,,39,PCC,A,2.915610662966831,0.0,0.9357624902175022,0.5210045576095581,1.149999976158142,34.72425106811524,0.21193580329418182
observed_test,v2_2018_413_48h,,39,PCC,B,2.915610662966831,0.0,0.9357624902175022,0.5210045576095581,1.149999976158142,34.72425106811524,0.21193580329418182
observed_test,v2_2018_413_48h,,39,PCC,C,2.915610662966831,0.0,0.9357624902175022,0.5210045576095581,1.149999976158142,34.72425106811524,0.21193580329418182
observed_test,v2_2018_413_48h,,40,PCC,A,2.9761405680146122,0.0,0.6390833510802342,0.5631123185157776,1.149999976158142,53.24800137329102,0.22226278483867645
observed_test,v2_2018_413_48h,,40,PCC,B,2.9761405680146122,0.0,0.6390833510802342,0.5631123185157776,1.149999976158142,53.24800137329102,0.22226278483867645
observed_test,v2_2018_413_48h,,40,PCC,C,2.9761405680146122,0.0,0.6390833510802342,0.5631123185157776,1.149999976158142,53.24800137329102,0.22226278483867645
observed_test,v2_2018_413_48h,,41,PCC,A,2.912059071852747,0.0,0.2951583323570398,0.5185338854789734,1.149999976158142,53.24800137329102,0.23387384414672852
observed_test,v2_2018_413_48h,,41,PCC,B,2.912059071852747,0.0,0.2951583323570398,0.5185338854789734,1.149999976158142,53.24800137329102,0.23387384414672852
observed_test,v2_2018_413_48h,,41,PCC,C,2.912059071852747,0.0,0.2951583323570398,0.5185338854789734,1.149999976158142,53.24800137329102,0.23387384414672852
observed_test,v2_2018_413_48h,,42,PCC,A,2.888165108802557,0.0,0.03732083222040763,0.501911997795105,1.149999976158142,53.24800137329102,0.24081456661224365
observed_test,v2_2018_413_48h,,42,PCC,B,2.888165108802557,0.0,0.03732083222040763,0.501911997795105,1.149999976158142,53.24800137329102,0.24081456661224365
observed_test,v2_2018_413_48h,,42,PCC,C,2.888165108802557,0.0,0.03732083222040763,0.501911997795105,1.149999976158142,53.24800137329102,0.24081456661224365
observed_test,v2_2018_413_48h,,43,PCC,A,2.9849615821466244,0.0,0.0,0.5692486763000488,1.149999976158142,53.24800137329102,0.24687857925891876
observed_test,v2_2018_413_48h,,43,PCC,B,2.9849615821466244,0.0,0.0,0.5692486763000488,1.149999976158142,53.24800137329102,0.24687857925891876
observed_test,v2_2018_413_48h,,43,PCC,C,2.9849615821466244,0.0,0.0,0.5692486763000488,1.149999976158142,53.24800137329102,0.24687857925891876
observed_test,v2_2018_413_48h,,44,PCC,A,2.825617614510635,0.0,0.0,0.458400696516037,1.149999976158142,53.24800137329102,0.25319209694862366
observed_test,v2_2018_413_48h,,44,PCC,B,2.825617614510635,0.0,0.0,0.458400696516037,1.149999976158142,53.24800137329102,0.25319209694862366
observed_test,v2_2018_413_48h,,44,PCC,C,2.825617614510635,0.0,0.0,0.458400696516037,1.149999976158142,53.24800137329102,0.25319209694862366
observed_test,v2_2018_413_48h,,45,PCC,A,2.740638571998929,0.0,0.0,0.39928483963012695,1.149999976158142,53.24800137329102,0.2537130117416382
observed_test,v2_2018_413_48h,,45,PCC,B,2.740638571998929,0.0,0.0,0.39928483963012695,1.149999976158142,53.24800137329102,0.2537130117416382
observed_test,v2_2018_413_48h,,45,PCC,C,2.740638571998929,0.0,0.0,0.39928483963012695,1.149999976158142,53.24800137329102,0.2537130117416382
observed_test,v2_2018_413_48h,,46,PCC,A,2.689500792288461,0.0,0.0,0.3637107312679291,1.149999976158142,53.24800137329102,0.24822109937667847
observed_test,v2_2018_413_48h,,46,PCC,B,2.689500792288461,0.0,0.0,0.3637107312679291,1.149999976158142,53.24800137329102,0.24822109937667847
observed_test,v2_2018_413_48h,,46,PCC,C,2.689500792288461,0.0,0.0,0.3637107312679291,1.149999976158142,53.24800137329102,0.24822109937667847
observed_test,v2_2018_413_48h,,47,PCC,A,2.666340906989589,0.0,0.0,0.34759950637817383,1.149999976158142,53.24800137329102,0.24219484627246857
observed_test,v2_2018_413_48h,,47,PCC,B,2.666340906989589,0.0,0.0,0.34759950637817383,1.149999976158142,53.24800137329102,0.24219484627246857
observed_test,v2_2018_413_48h,,47,PCC,C,2.666340906989589,0.0,0.0,0.34759950637817383,1.149999976158142,53.24800137329102,0.24219484627246857
observed_test,v2_2018_495_48h,,0,PCC,A,2.630175115631934,0.0,0.0,0.29431068897247314,1.1698750257492065,53.24800137329102,0.25296810269355774
observed_test,v2_2018_495_48h,,0,PCC,B,2.630175115631934,0.0,0.0,0.29431068897247314,1.1698750257492065,53.24800137329102,0.25296810269355774
observed_test,v2_2018_495_48h,,0,PCC,C,2.630175115631934,0.0,0.0,0.29431068897247314,1.1698750257492065,53.24800137329102,0.25296810269355774
observed_test,v2_2018_495_48h,,1,PCC,A,2.660390334454465,0.0,0.0,0.3179371654987335,1.1677749156951904,34.72425106811524,0.25566065311431885
observed_test,v2_2018_495_48h,,1,PCC,B,2.660390334454465,0.0,0.0,0.3179371654987335,1.1677749156951904,34.72425106811524,0.25566065311431885
observed_test,v2_2018_495_48h,,1,PCC,C,2.660390334454465,0.0,0.0,0.3179371654987335,1.1677749156951904,34.72425106811524,0.25566065311431885
observed_test,v2_2018_495_48h,,2,PCC,A,2.51852017140046,0.0,0.0,0.2232462614774704,1.1658999919891357,34.72425106811524,0.2623995244503021
observed_test,v2_2018_495_48h,,2,PCC,B,2.51852017140046,0.0,0.0,0.2232462614774704,1.1658999919891357,34.72425106811524,0.2623995244503021
observed_test,v2_2018_495_48h,,2,PCC,C,2.51852017140046,0.0,0.0,0.2232462614774704,1.1658999919891357,34.72425106811524,0.2623995244503021
observed_test,v2_2018_495_48h,,3,PCC,A,2.572918333358069,0.0,0.0,0.2633455991744995,1.1638749837875366,34.72425106811524,0.2584664523601532
observed_test,v2_2018_495_48h,,3,PCC,B,2.572918333358069,0.0,0.0,0.2633455991744995,1.1638749837875366,34.72425106811524,0.2584664523601532
observed_test,v2_2018_495_48h,,3,PCC,C,2.572918333358069,0.0,0.0,0.2633455991744995,1.1638749837875366,34.72425106811524,0.2584664523601532
observed_test,v2_2018_495_48h,,4,PCC,A,2.631503852356417,0.0,0.0,0.3060445785522461,1.1621500253677368,34.72425106811524,0.23289193212985992
observed_test,v2_2018_495_48h,,4,PCC,B,2.631503852356417,0.0,0.0,0.3060445785522461,1.1621500253677368,34.72425106811524,0.23289193212985992
observed_test,v2_2018_495_48h,,4,PCC,C,2.631503852356417,0.0,0.0,0.3060445785522461,1.1621500253677368,34.72425106811524,0.23289193212985992
observed_test,v2_2018_495_48h,,5,PCC,A,2.6003443725320494,0.0,0.0,0.2850128710269928,1.1618499755859375,34.72425106811524,0.21599575877189636
observed_test,v2_2018_495_48h,,5,PCC,B,2.6003443725320494,0.0,0.0,0.2850128710269928,1.1618499755859375,34.72425106811524,0.21599575877189636
observed_test,v2_2018_495_48h,,5,PCC,C,2.6003443725320494,0.0,0.0,0.2850128710269928,1.1618499755859375,34.72425106811524,0.21599575877189636
observed_test,v2_2018_495_48h,,6,PCC,A,2.7978722663998354,0.0,0.026495833522998367,0.4131304621696472,1.167099952697754,53.24800137329102,0.20850908756256104
observed_test,v2_2018_495_48h,,6,PCC,B,2.7978722663998354,0.0,0.026495833522998367,0.4131304621696472,1.167099952697754,53.24800137329102,0.20850908756256104
observed_test,v2_2018_495_48h,,6,PCC,C,2.7978722663998354,0.0,0.026495833522998367,0.4131304621696472,1.167099952697754,53.24800137329102,0.20850908756256104
observed_test,v2_2018_495_48h,,7,PCC,A,3.0839470327557295,0.0,0.2420166650643715,0.5887197852134705,1.1795499324798584,53.24800137329102,0.2057301104068756
observed_test,v2_2018_495_48h,,7,PCC,B,3.0839470327557295,0.0,0.2420166650643715,0.5887197852134705,1.1795499324798584,53.24800137329102,0.2057301104068756
observed_test,v2_2018_495_48h,,7,PCC,C,3.0839470327557295,0.0,0.2420166650643715,0.5887197852134705,1.1795499324798584,53.24800137329102,0.2057301104068756
observed_test,v2_2018_495_48h,,8,PCC,A,2.8605250640944306,0.0,0.5361750148809873,0.41616514325141907,1.1937249898910522,53.24800137329102,0.2048681378364563
observed_test,v2_2018_495_48h,,8,PCC,B,2.8605250640944306,0.0,0.5361750148809873,0.41616514325141907,1.1937249898910522,53.24800137329102,0.2048681378364563
observed_test,v2_2018_495_48h,,8,PCC,C,2.8605250640944306,0.0,0.5361750148809873,0.41616514325141907,1.1937249898910522,53.24800137329102,0.2048681378364563
observed_test,v2_2018_495_48h,,9,PCC,A,3.0352180416065053,0.0,0.8398249745368956,0.5137431621551514,1.2063249349594116,53.24800137329102,0.20575056970119476
observed_test,v2_2018_495_48h,,9,PCC,B,3.0352180416065053,0.0,0.8398249745368956,0.5137431621551514,1.2063249349594116,53.24800137329102,0.20575056970119476
observed_test,v2_2018_495_48h,,9,PCC,C,3.0352180416065053,0.0,0.8398249745368956,0.5137431621551514,1.2063249349594116,53.24800137329102,0.20575056970119476
observed_test,v2_2018_495_48h,,10,PCC,A,2.8228674917230165,0.0,1.0232625099328847,0.3643687963485718,1.212399959564209,53.24800137329102,0.20847263932228088
observed_test,v2_2018_495_48h,,10,PCC,B,2.8228674917230165,0.0,1.0232625099328847,0.3643687963485718,1.212399959564209,53.24800137329102,0.20847263932228088
observed_test,v2_2018_495_48h,,10,PCC,C,2.8228674917230165,0.0,1.0232625099328847,0.3643687963485718,1.212399959564209,53.24800137329102,0.20847263932228088
observed_test,v2_2018_495_48h,,11,PCC,A,2.82737314164198,0.0,1.1230708314822269,0.36136627197265625,1.2166749238967896,53.24800137329102,0.21990446746349335
observed_test,v2_2018_495_48h,,11,PCC,B,2.82737314164198,0.0,1.1230708314822269,0.36136627197265625,1.2166749238967896,53.24800137329102,0.21990446746349335
observed_test,v2_2018_495_48h,,11,PCC,C,2.82737314164198,0.0,1.1230708314822269,0.36136627197265625,1.2166749238967896,53.24800137329102,0.21990446746349335
observed_test,v2_2018_495_48h,,12,PCC,A,3.1017349629161024,0.0,1.1219958846385663,0.5383059978485107,1.2189249992370605,53.24800137329102,0.22282646596431732
observed_test,v2_2018_495_48h,,12,PCC,B,3.1017349629161024,0.0,1.1219958846385663,0.5383059978485107,1.2189249992370605,53.24800137329102,0.22282646596431732
observed_test,v2_2018_495_48h,,12,PCC,C,3.1017349629161024,0.0,1.1219958846385663,0.5383059978485107,1.2189249992370605,53.24800137329102,0.22282646596431732
observed_test,v2_2018_495_48h,,13,PCC,A,3.2036642638061426,0.0,1.0691333275574904,0.6031783223152161,1.2201999425888062,53.24800137329102,0.20398646593093872
observed_test,v2_2018_495_48h,,13,PCC,B,3.2036642638061426,0.0,1.0691333275574904,0.6031783223152161,1.2201999425888062,53.24800137329102,0.20398646593093872
observed_test,v2_2018_495_48h,,13,PCC,C,3.2036642638061426,0.0,1.0691333275574904,0.6031783223152161,1.2201999425888062,53.24800137329102,0.20398646593093872
observed_test,v2_2018_495_48h,,14,PCC,A,3.296530522818346,0.0,0.9170833115394298,0.6654155254364014,1.2193750143051147,53.24800137329102,0.18939992785453796
observed_test,v2_2018_495_48h,,14,PCC,B,3.296530522818346,0.0,0.9170833115394298,0.6654155254364014,1.2193750143051147,53.24800137329102,0.18939992785453796
observed_test,v2_2018_495_48h,,14,PCC,C,3.296530522818346,0.0,0.9170833115394298,0.6654155254364014,1.2193750143051147,53.24800137329102,0.18939992785453796
observed_test,v2_2018_495_48h,,15,PCC,A,3.072070411462422,0.0,0.7551416754722595,0.5210045576095581,1.2174999713897705,53.24800137329102,0.18040023744106293
observed_test,v2_2018_495_48h,,15,PCC,B,3.072070411462422,0.0,0.7551416754722595,0.5210045576095581,1.2174999713897705,53.24800137329102,0.18040023744106293
observed_test,v2_2018_495_48h,,15,PCC,C,3.072070411462422,0.0,0.7551416754722595,0.5210045576095581,1.2174999713897705,53.24800137329102,0.18040023744106293
observed_test,v2_2018_495_48h,,16,PCC,A,3.1261968623196723,0.0,0.4794083249110441,0.5631123185157776,1.2132999897003174,53.24800137329102,0.17574475705623627
observed_test,v2_2018_495_48h,,16,PCC,B,3.1261968623196723,0.0,0.4794083249110441,0.5631123185157776,1.2132999897003174,53.24800137329102,0.17574475705623627
observed_test,v2_2018_495_48h,,16,PCC,C,3.1261968623196723,0.0,0.4794083249110441,0.5631123185157776,1.2132999897003174,53.24800137329102,0.17574475705623627
observed_test,v2_2018_495_48h,,17,PCC,A,3.0334143077897977,0.0,0.16833333155283559,0.5185338854789734,1.2024250030517578,53.24800137329102,0.17540429532527924
observed_test,v2_2018_495_48h,,17,PCC,B,3.0334143077897977,0.0,0.16833333155283559,0.5185338854789734,1.2024250030517578,53.24800137329102,0.17540429532527924
observed_test,v2_2018_495_48h,,17,PCC,C,3.0334143077897977,0.0,0.16833333155283559,0.5185338854789734,1.2024250030517578,53.24800137329102,0.17540429532527924
observed_test,v2_2018_495_48h,,18,PCC,A,2.9812465209488757,0.0,0.0008708333413009173,0.501911997795105,1.1905750036239624,121.88174847412108,0.1752358376979828
observed_test,v2_2018_495_48h,,18,PCC,B,2.9812465209488757,0.0,0.0008708333413009173,0.501911997795105,1.1905750036239624,121.88174847412108,0.1752358376979828
observed_test,v2_2018_495_48h,,18,PCC,C,2.9812465209488757,0.0,0.0008708333413009173,0.501911997795105,1.1905750036239624,121.88174847412108,0.1752358376979828
observed_test,v2_2018_495_48h,,19,PCC,A,3.0645133101152453,0.0,0.0,0.5692486763000488,1.1834499835968018,121.88174847412108,0.1813947707414627
observed_test,v2_2018_495_48h,,19,PCC,B,3.0645133101152453,0.0,0.0,0.5692486763000488,1.1834499835968018,121.88174847412108,0.1813947707414627
observed_test,v2_2018_495_48h,,19,PCC,C,3.0645133101152453,0.0,0.0,0.5692486763000488,1.1834499835968018,121.88174847412108,0.1813947707414627
observed_test,v2_2018_495_48h,,20,PCC,A,2.893479588308457,0.0,0.0,0.458400696516037,1.180299997329712,121.88174847412108,0.18734949827194214
observed_test,v2_2018_495_48h,,20,PCC,B,2.893479588308457,0.0,0.0,0.458400696516037,1.180299997329712,121.88174847412108,0.18734949827194214
observed_test,v2_2018_495_48h,,20,PCC,C,2.893479588308457,0.0,0.0,0.458400696516037,1.180299997329712,121.88174847412108,0.18734949827194214
observed_test,v2_2018_495_48h,,21,PCC,A,2.8010635886460165,0.0,0.0,0.39928483963012695,1.177899956703186,53.24800137329102,0.19940844178199768
observed_test,v2_2018_495_48h,,21,PCC,B,2.8010635886460165,0.0,0.0,0.39928483963012695,1.177899956703186,53.24800137329102,0.19940844178199768
observed_test,v2_2018_495_48h,,21,PCC,C,2.8010635886460165,0.0,0.0,0.39928483963012695,1.177899956703186,53.24800137329102,0.19940844178199768
observed_test,v2_2018_495_48h,,22,PCC,A,2.7443895025849163,0.0,0.0,0.3637107312679291,1.175874948501587,53.24800137329102,0.2193792313337326
observed_test,v2_2018_495_48h,,22,PCC,B,2.7443895025849163,0.0,0.0,0.3637107312679291,1.175874948501587,53.24800137329102,0.2193792313337326
observed_test,v2_2018_495_48h,,22,PCC,C,2.7443895025849163,0.0,0.0,0.3637107312679291,1.175874948501587,53.24800137329102,0.2193792313337326
observed_test,v2_2018_495_48h,,23,PCC,A,2.716138539961449,0.0,0.0,0.34759950637817383,1.173699975013733,53.24800137329102,0.23097719252109528
observed_test,v2_2018_495_48h,,23,PCC,B,2.716138539961449,0.0,0.0,0.34759950637817383,1.173699975013733,53.24800137329102,0.23097719252109528
observed_test,v2_2018_495_48h,,23,PCC,C,2.716138539961449,0.0,0.0,0.34759950637817383,1.173699975013733,53.24800137329102,0.23097719252109528
observed_test,v2_2018_495_48h,,24,PCC,A,2.6339897510849837,0.0,0.0,0.29431068897247314,1.1717499494552612,53.24800137329102,0.23784883320331573
observed_test,v2_2018_495_48h,,24,PCC,B,2.6339897510849837,0.0,0.0,0.29431068897247314,1.1717499494552612,53.24800137329102,0.23784883320331573
observed_test,v2_2018_495_48h,,24,PCC,C,2.6339897510849837,0.0,0.0,0.29431068897247314,1.1717499494552612,53.24800137329102,0.23784883320331573
observed_test,v2_2018_495_48h,,25,PCC,A,2.6661183297819244,0.0,0.0,0.3179371654987335,1.170549988746643,34.72425106811524,0.2506254017353058
observed_test,v2_2018_495_48h,,25,PCC,B,2.6661183297819244,0.0,0.0,0.3179371654987335,1.170549988746643,34.72425106811524,0.2506254017353058
observed_test,v2_2018_495_48h,,25,PCC,C,2.6661183297819244,0.0,0.0,0.3179371654987335,1.170549988746643,34.72425106811524,0.2506254017353058
observed_test,v2_2018_495_48h,,26,PCC,A,2.5252329910442888,0.0,0.0,0.2232462614774704,1.169350028038025,34.72425106811524,0.265356183052063
observed_test,v2_2018_495_48h,,26,PCC,B,2.5252329910442888,0.0,0.0,0.2232462614774704,1.169350028038025,34.72425106811524,0.265356183052063
observed_test,v2_2018_495_48h,,26,PCC,C,2.5252329910442888,0.0,0.0,0.2232462614774704,1.169350028038025,34.72425106811524,0.265356183052063
observed_test,v2_2018_495_48h,,27,PCC,A,2.5814505152168863,0.0,0.0,0.2633455991744995,1.1681499481201172,34.72425106811524,0.27218887209892273
observed_test,v2_2018_495_48h,,27,PCC,B,2.5814505152168863,0.0,0.0,0.2633455991744995,1.1681499481201172,34.72425106811524,0.27218887209892273
observed_test,v2_2018_495_48h,,27,PCC,C,2.5814505152168863,0.0,0.0,0.2633455991744995,1.1681499481201172,34.72425106811524,0.27218887209892273
observed_test,v2_2018_495_48h,,28,PCC,A,2.6404178610937286,0.0,0.0,0.3060445785522461,1.1664999723434448,34.72425106811524,0.2499292492866516
observed_test,v2_2018_495_48h,,28,PCC,B,2.6404178610937286,0.0,0.0,0.3060445785522461,1.1664999723434448,34.72425106811524,0.2499292492866516
observed_test,v2_2018_495_48h,,28,PCC,C,2.6404178610937286,0.0,0.0,0.3060445785522461,1.1664999723434448,34.72425106811524,0.2499292492866516
observed_test,v2_2018_495_48h,,29,PCC,A,2.6076269331525777,0.0,0.0,0.2850128710269928,1.1654499769210815,34.72425106811524,0.23044362664222717
observed_test,v2_2018_495_48h,,29,PCC,B,2.6076269331525777,0.0,0.0,0.2850128710269928,1.1654499769210815,34.72425106811524,0.23044362664222717
observed_test,v2_2018_495_48h,,29,PCC,C,2.6076269331525777,0.0,0.0,0.2850128710269928,1.1654499769210815,34.72425106811524,0.23044362664222717
observed_test,v2_2018_495_48h,,30,PCC,A,2.805567663304933,0.0,0.021412499392261867,0.4131304621696472,1.1706249713897705,53.24800137329102,0.22190281748771667
observed_test,v2_2018_495_48h,,30,PCC,B,2.805567663304933,0.0,0.021412499392261867,0.4131304621696472,1.1706249713897705,53.24800137329102,0.22190281748771667
observed_test,v2_2018_495_48h,,30,PCC,C,2.805567663304933,0.0,0.021412499392261867,0.4131304621696472,1.1706249713897705,53.24800137329102,0.22190281748771667
observed_test,v2_2018_495_48h,,31,PCC,A,3.0879114955228126,0.0,0.18177499564794394,0.5887197852134705,1.1812000274658203,53.24800137329102,0.22085736691951752
observed_test,v2_2018_495_48h,,31,PCC,B,3.0879114955228126,0.0,0.18177499564794394,0.5887197852134705,1.1812000274658203,53.24800137329102,0.22085736691951752
observed_test,v2_2018_495_48h,,31,PCC,C,3.0879114955228126,0.0,0.18177499564794394,0.5887197852134705,1.1812000274658203,53.24800137329102,0.22085736691951752
observed_test,v2_2018_495_48h,,32,PCC,A,2.8531442506047155,0.0,0.47662498859258795,0.41616514325141907,1.1903499364852905,53.24800137329102,0.22085511684417725
observed_test,v2_2018_495_48h,,32,PCC,B,2.8531442506047155,0.0,0.47662498859258795,0.41616514325141907,1.1903499364852905,53.24800137329102,0.22085511684417725
observed_test,v2_2018_495_48h,,32,PCC,C,2.8531442506047155,0.0,0.47662498859258795,0.41616514325141907,1.1903499364852905,53.24800137329102,0.22085511684417725
observed_test,v2_2018_495_48h,,33,PCC,A,3.0166897149277383,0.0,0.8350999882588019,0.5137431621551514,1.1983000040054321,53.24800137329102,0.23164400458335876
observed_test,v2_2018_495_48h,,33,PCC,B,3.0166897149277383,0.0,0.8350999882588019,0.5137431621551514,1.1983000040054321,53.24800137329102,0.23164400458335876
observed_test,v2_2018_495_48h,,33,PCC,C,3.0166897149277383,0.0,0.8350999882588019,0.5137431621551514,1.1983000040054321,53.24800137329102,0.23164400458335876
observed_test,v2_2018_495_48h,,34,PCC,A,2.8064740547237483,0.0,1.0246791518651521,0.3643687963485718,1.2046749591827393,53.24800137329102,0.2592003047466278
observed_test,v2_2018_495_48h,,34,PCC,B,2.8064740547237483,0.0,1.0246791518651521,0.3643687963485718,1.2046749591827393,53.24800137329102,0.2592003047466278
observed_test,v2_2018_495_48h,,34,PCC,C,2.8064740547237483,0.0,1.0246791518651521,0.3643687963485718,1.2046749591827393,53.24800137329102,0.2592003047466278
observed_test,v2_2018_495_48h,,35,PCC,A,2.811485474258992,0.0,1.1314000074680035,0.36136627197265625,1.2091749906539917,53.24800137329102,0.27311205863952637
observed_test,v2_2018_495_48h,,35,PCC,B,2.811485474258992,0.0,1.1314000074680035,0.36136627197265625,1.2091749906539917,53.24800137329102,0.27311205863952637
observed_test,v2_2018_495_48h,,35,PCC,C,2.811485474258992,0.0,1.1314000074680035,0.36136627197265625,1.2091749906539917,53.24800137329102,0.27311205863952637
observed_test,v2_2018_495_48h,,36,PCC,A,3.0848902026881952,0.0,1.155570837167593,0.5383059978485107,1.2117249965667725,53.24800137329102,0.2986581027507782
observed_test,v2_2018_495_48h,,36,PCC,B,3.0848902026881952,0.0,1.155570837167593,0.5383059978485107,1.2117249965667725,53.24800137329102,0.2986581027507782
observed_test,v2_2018_495_48h,,36,PCC,C,3.0848902026881952,0.0,1.155570837167593,0.5383059978485107,1.2117249965667725,53.24800137329102,0.2986581027507782
observed_test,v2_2018_495_48h,,37,PCC,A,3.185328122676578,0.0,1.1078874652202313,0.6031783223152161,1.2126250267028809,53.24800137329102,0.26770296692848206
observed_test,v2_2018_495_48h,,37,PCC,B,3.185328122676578,0.0,1.1078874652202313,0.6031783223152161,1.2126250267028809,53.24800137329102,0.26770296692848206
observed_test,v2_2018_495_48h,,37,PCC,C,3.185328122676578,0.0,1.1078874652202313,0.6031783223152161,1.2126250267028809,53.24800137329102,0.26770296692848206
observed_test,v2_2018_495_48h,,38,PCC,A,3.2770427638573003,0.0,0.977458289036384,0.6654155254364014,1.2115750312805176,53.24800137329102,0.21209368109703064
observed_test,v2_2018_495_48h,,38,PCC,B,3.2770427638573003,0.0,0.977458289036384,0.6654155254364014,1.2115750312805176,53.24800137329102,0.21209368109703064
observed_test,v2_2018_495_48h,,38,PCC,C,3.2770427638573003,0.0,0.977458289036384,0.6654155254364014,1.2115750312805176,53.24800137329102,0.21209368109703064
observed_test,v2_2018_495_48h,,39,PCC,A,3.0529475563831596,0.0,0.7655375278913058,0.5210045576095581,1.2092499732971191,53.24800137329102,0.2053796797990799
observed_test,v2_2018_495_48h,,39,PCC,B,3.0529475563831596,0.0,0.7655375278913058,0.5210045576095581,1.2092499732971191,53.24800137329102,0.2053796797990799
observed_test,v2_2018_495_48h,,39,PCC,C,3.0529475563831596,0.0,0.7655375278913058,0.5210045576095581,1.2092499732971191,53.24800137329102,0.2053796797990799
observed_test,v2_2018_495_48h,,40,PCC,A,3.10486169952757,0.0,0.474541662977292,0.5631123185157776,1.2042999267578125,53.24800137329102,0.19705501198768616
observed_test,v2_2018_495_48h,,40,PCC,B,3.10486169952757,0.0,0.474541662977292,0.5631123185157776,1.2042999267578125,53.24800137329102,0.19705501198768616
observed_test,v2_2018_495_48h,,40,PCC,C,3.10486169952757,0.0,0.474541662977292,0.5631123185157776,1.2042999267578125,53.24800137329102,0.19705501198768616
observed_test,v2_2018_495_48h,,41,PCC,A,3.015879358822071,0.0,0.16185416338535455,0.5185338854789734,1.194849967956543,53.24800137329102,0.19714973866939545
observed_test,v2_2018_495_48h,,41,PCC,B,3.015879358822071,0.0,0.16185416338535455,0.5185338854789734,1.194849967956543,53.24800137329102,0.19714973866939545
observed_test,v2_2018_495_48h,,41,PCC,C,3.015879358822071,0.0,0.16185416338535455,0.5185338854789734,1.194849967956543,53.24800137329102,0.19714973866939545
observed_test,v2_2018_495_48h,,42,PCC,A,2.970751179332298,0.0,0.0,0.501911997795105,1.1859999895095825,121.88174847412108,0.19549787044525146
observed_test,v2_2018_495_48h,,42,PCC,B,2.970751179332298,0.0,0.0,0.501911997795105,1.1859999895095825,121.88174847412108,0.19549787044525146
observed_test,v2_2018_495_48h,,42,PCC,C,2.970751179332298,0.0,0.0,0.501911997795105,1.1859999895095825,121.88174847412108,0.19549787044525146
observed_test,v2_2018_495_48h,,43,PCC,A,3.0575569034667325,0.0,0.0,0.5692486763000488,1.1805249452590942,121.88174847412108,0.20548434555530548
observed_test,v2_2018_495_48h,,43,PCC,B,3.0575569034667325,0.0,0.0,0.5692486763000488,1.1805249452590942,121.88174847412108,0.20548434555530548
observed_test,v2_2018_495_48h,,43,PCC,C,3.0575569034667325,0.0,0.0,0.5692486763000488,1.1805249452590942,121.88174847412108,0.20548434555530548
observed_test,v2_2018_495_48h,,44,PCC,A,2.8872643472814503,0.0,0.0,0.458400696516037,1.1775249242782593,121.88174847412108,0.22544069588184357
observed_test,v2_2018_495_48h,,44,PCC,B,2.8872643472814503,0.0,0.0,0.458400696516037,1.1775249242782593,121.88174847412108,0.22544069588184357
observed_test,v2_2018_495_48h,,44,PCC,C,2.8872643472814503,0.0,0.0,0.458400696516037,1.1775249242782593,121.88174847412108,0.22544069588184357
observed_test,v2_2018_495_48h,,45,PCC,A,2.793754248244312,0.0,0.0,0.39928483963012695,1.1745250225067139,53.24800137329102,0.2574971914291382
observed_test,v2_2018_495_48h,,45,PCC,B,2.793754248244312,0.0,0.0,0.39928483963012695,1.1745250225067139,53.24800137329102,0.2574971914291382
observed_test,v2_2018_495_48h,,45,PCC,C,2.793754248244312,0.0,0.0,0.39928483963012695,1.1745250225067139,53.24800137329102,0.2574971914291382
observed_test,v2_2018_495_48h,,46,PCC,A,2.735798182211685,0.0,0.0,0.3637107312679291,1.1718249320983887,53.24800137329102,0.29241713881492615
observed_test,v2_2018_495_48h,,46,PCC,B,2.735798182211685,0.0,0.0,0.3637107312679291,1.1718249320983887,53.24800137329102,0.29241713881492615
observed_test,v2_2018_495_48h,,46,PCC,C,2.735798182211685,0.0,0.0,0.3637107312679291,1.1718249320983887,53.24800137329102,0.29241713881492615
observed_test,v2_2018_495_48h,,47,PCC,A,2.706053022675538,0.0,0.0,0.34759950637817383,1.1689000129699707,53.24800137329102,0.31094416975975037
observed_test,v2_2018_495_48h,,47,PCC,B,2.706053022675538,0.0,0.0,0.34759950637817383,1.1689000129699707,53.24800137329102,0.31094416975975037
observed_test,v2_2018_495_48h,,47,PCC,C,2.706053022675538,0.0,0.0,0.34759950637817383,1.1689000129699707,53.24800137329102,0.31094416975975037
observed_test,v2_2018_420_48h,,0,PCC,A,2.589738233557025,0.0,0.0,0.29431068897247314,1.149999976158142,53.24800137329102,0.22826462984085083
observed_test,v2_2018_420_48h,,0,PCC,B,2.589738233557025,0.0,0.0,0.29431068897247314,1.149999976158142,53.24800137329102,0.22826462984085083
observed_test,v2_2018_420_48h,,0,PCC,C,2.589738233557025,0.0,0.0,0.29431068897247314,1.149999976158142,53.24800137329102,0.22826462984085083
observed_test,v2_2018_420_48h,,1,PCC,A,2.6237012928594003,0.0,0.0,0.3179371654987335,1.149999976158142,34.72425106811524,0.2300264835357666
observed_test,v2_2018_420_48h,,1,PCC,B,2.6237012928594003,0.0,0.0,0.3179371654987335,1.149999976158142,34.72425106811524,0.2300264835357666
observed_test,v2_2018_420_48h,,1,PCC,C,2.6237012928594003,0.0,0.0,0.3179371654987335,1.149999976158142,34.72425106811524,0.2300264835357666
observed_test,v2_2018_420_48h,,2,PCC,A,2.4875831211508435,0.0,0.0,0.2232462614774704,1.149999976158142,34.72425106811524,0.23199740052223206
observed_test,v2_2018_420_48h,,2,PCC,B,2.4875831211508435,0.0,0.0,0.2232462614774704,1.149999976158142,34.72425106811524,0.23199740052223206
observed_test,v2_2018_420_48h,,2,PCC,C,2.4875831211508435,0.0,0.0,0.2232462614774704,1.149999976158142,34.72425106811524,0.23199740052223206
observed_test,v2_2018_420_48h,,3,PCC,A,2.5452259178952694,0.0,0.0,0.2633455991744995,1.149999976158142,53.24800137329102,0.2450748085975647
observed_test,v2_2018_420_48h,,3,PCC,B,2.5452259178952694,0.0,0.0,0.2633455991744995,1.149999976158142,53.24800137329102,0.2450748085975647
observed_test,v2_2018_420_48h,,3,PCC,C,2.5452259178952694,0.0,0.0,0.2633455991744995,1.149999976158142,53.24800137329102,0.2450748085975647
observed_test,v2_2018_420_48h,,4,PCC,A,2.6066056994782514,0.0,0.0,0.3060445785522461,1.149999976158142,53.24800137329102,0.24348342418670654
observed_test,v2_2018_420_48h,,4,PCC,B,2.6066056994782514,0.0,0.0,0.3060445785522461,1.149999976158142,53.24800137329102,0.24348342418670654
observed_test,v2_2018_420_48h,,4,PCC,C,2.6066056994782514,0.0,0.0,0.3060445785522461,1.149999976158142,53.24800137329102,0.24348342418670654
observed_test,v2_2018_420_48h,,5,PCC,A,2.5763726205374935,0.0,0.0,0.2850128710269928,1.149999976158142,53.24800137329102,0.23106816411018372
observed_test,v2_2018_420_48h,,5,PCC,B,2.5763726205374935,0.0,0.0,0.2850128710269928,1.149999976158142,53.24800137329102,0.23106816411018372
observed_test,v2_2018_420_48h,,5,PCC,C,2.5763726205374935,0.0,0.0,0.2850128710269928,1.149999976158142,53.24800137329102,0.23106816411018372
observed_test,v2_2018_420_48h,,6,PCC,A,2.7605416539868575,0.0,0.02077500013491282,0.4131304621696472,1.149999976158142,121.88174847412108,0.22681276500225067
observed_test,v2_2018_420_48h,,6,PCC,B,2.7605416539868575,0.0,0.02077500013491282,0.4131304621696472,1.149999976158142,121.88174847412108,0.22681276500225067
observed_test,v2_2018_420_48h,,6,PCC,C,2.7605416539868575,0.0,0.02077500013491282,0.4131304621696472,1.149999976158142,121.88174847412108,0.22681276500225067
observed_test,v2_2018_420_48h,,7,PCC,A,3.0129513006293838,0.0,0.06852083337994722,0.5887197852134705,1.149999976158142,121.88174847412108,0.23101766407489777
observed_test,v2_2018_420_48h,,7,PCC,B,3.0129513006293838,0.0,0.06852083337994722,0.5887197852134705,1.149999976158142,121.88174847412108,0.23101766407489777
observed_test,v2_2018_420_48h,,7,PCC,C,3.0129513006293838,0.0,0.06852083337994722,0.5887197852134705,1.149999976158142,121.88174847412108,0.23101766407489777
observed_test,v2_2018_420_48h,,8,PCC,A,2.7649040079514635,0.0,0.13574583885761407,0.41616514325141907,1.149999976158142,121.88174847412108,0.23152799904346466
observed_test,v2_2018_420_48h,,8,PCC,B,2.7649040079514635,0.0,0.13574583885761407,0.41616514325141907,1.149999976158142,121.88174847412108,0.23152799904346466
observed_test,v2_2018_420_48h,,8,PCC,C,2.7649040079514635,0.0,0.13574583885761407,0.41616514325141907,1.149999976158142,121.88174847412108,0.23152799904346466
observed_test,v2_2018_420_48h,,9,PCC,A,2.9051724072175276,0.0,0.16797917106976876,0.5137431621551514,1.149999976158142,121.88174847412108,0.23072364926338196
observed_test,v2_2018_420_48h,,9,PCC,B,2.9051724072175276,0.0,0.16797917106976876,0.5137431621551514,1.149999976158142,121.88174847412108,0.23072364926338196
observed_test,v2_2018_420_48h,,9,PCC,C,2.9051724072175276,0.0,0.16797917106976876,0.5137431621551514,1.149999976158142,121.88174847412108,0.23072364926338196
observed_test,v2_2018_420_48h,,10,PCC,A,2.6904467608222724,0.0,0.33815832665333373,0.3643687963485718,1.149999976158142,53.24800137329102,0.23165099322795868
observed_test,v2_2018_420_48h,,10,PCC,B,2.6904467608222724,0.0,0.33815832665333373,0.3643687963485718,1.149999976158142,53.24800137329102,0.23165099322795868
observed_test,v2_2018_420_48h,,10,PCC,C,2.6904467608222724,0.0,0.33815832665333373,0.3643687963485718,1.149999976158142,53.24800137329102,0.23165099322795868
observed_test,v2_2018_420_48h,,11,PCC,A,2.686130632121376,0.0,0.10508750207149065,0.36136627197265625,1.149999976158142,53.24800137329102,0.23457318544387817
observed_test,v2_2018_420_48h,,11,PCC,B,2.686130632121376,0.0,0.10508750207149065,0.36136627197265625,1.149999976158142,53.24800137329102,0.23457318544387817
observed_test,v2_2018_420_48h,,11,PCC,C,2.686130632121376,0.0,0.10508750207149065,0.36136627197265625,1.149999976158142,53.24800137329102,0.23457318544387817
observed_test,v2_2018_420_48h,,12,PCC,A,2.940481482794702,0.0,0.2691791607783391,0.5383059978485107,1.149999976158142,34.72425106811524,0.23091533780097961
observed_test,v2_2018_420_48h,,12,PCC,B,2.940481482794702,0.0,0.2691791607783391,0.5383059978485107,1.149999976158142,34.72425106811524,0.23091533780097961
observed_test,v2_2018_420_48h,,12,PCC,C,2.940481482794702,0.0,0.2691791607783391,0.5383059978485107,1.149999976158142,34.72425106811524,0.23091533780097961
observed_test,v2_2018_420_48h,,13,PCC,A,3.033735447282245,0.0,0.22187916418680775,0.6031783223152161,1.149999976158142,34.72425106811524,0.21288548409938812
observed_test,v2_2018_420_48h,,13,PCC,B,3.033735447282245,0.0,0.22187916418680775,0.6031783223152161,1.149999976158142,34.72425106811524,0.21288548409938812
observed_test,v2_2018_420_48h,,13,PCC,C,3.033735447282245,0.0,0.22187916418680775,0.6031783223152161,1.149999976158142,34.72425106811524,0.21288548409938812
observed_test,v2_2018_420_48h,,14,PCC,A,3.1232014249141358,0.0,0.20460416204654253,0.6654155254364014,1.149999976158142,34.72425106811524,0.20542694628238678
observed_test,v2_2018_420_48h,,14,PCC,B,3.1232014249141358,0.0,0.20460416204654253,0.6654155254364014,1.149999976158142,34.72425106811524,0.20542694628238678
observed_test,v2_2018_420_48h,,14,PCC,C,3.1232014249141358,0.0,0.20460416204654253,0.6654155254364014,1.149999976158142,34.72425106811524,0.20542694628238678
observed_test,v2_2018_420_48h,,15,PCC,A,2.915610662966831,0.0,0.2502041653944896,0.5210045576095581,1.149999976158142,34.72425106811524,0.19815398752689362
observed_test,v2_2018_420_48h,,15,PCC,B,2.915610662966831,0.0,0.2502041653944896,0.5210045576095581,1.149999976158142,34.72425106811524,0.19815398752689362
observed_test,v2_2018_420_48h,,15,PCC,C,2.915610662966831,0.0,0.2502041653944896,0.5210045576095581,1.149999976158142,34.72425106811524,0.19815398752689362
observed_test,v2_2018_420_48h,,16,PCC,A,2.9761405680146122,0.0,0.03888749947341589,0.5631123185157776,1.149999976158142,53.24800137329102,0.2050570547580719
observed_test,v2_2018_420_48h,,16,PCC,B,2.9761405680146122,0.0,0.03888749947341589,0.5631123185157776,1.149999976158142,53.24800137329102,0.2050570547580719
observed_test,v2_2018_420_48h,,16,PCC,C,2.9761405680146122,0.0,0.03888749947341589,0.5631123185157776,1.149999976158142,53.24800137329102,0.2050570547580719
observed_test,v2_2018_420_48h,,17,PCC,A,2.912059071852747,0.0,0.06270416510792878,0.5185338854789734,1.149999976158142,53.24800137329102,0.2133883535861969
observed_test,v2_2018_420_48h,,17,PCC,B,2.912059071852747,0.0,0.06270416510792878,0.5185338854789734,1.149999976158142,53.24800137329102,0.2133883535861969
observed_test,v2_2018_420_48h,,17,PCC,C,2.912059071852747,0.0,0.06270416510792878,0.5185338854789734,1.149999976158142,53.24800137329102,0.2133883535861969
observed_test,v2_2018_420_48h,,18,PCC,A,2.888165108802557,0.0,0.02548333364897049,0.501911997795105,1.149999976158142,53.24800137329102,0.21700935065746307
observed_test,v2_2018_420_48h,,18,PCC,B,2.888165108802557,0.0,0.02548333364897049,0.501911997795105,1.149999976158142,53.24800137329102,0.21700935065746307
observed_test,v2_2018_420_48h,,18,PCC,C,2.888165108802557,0.0,0.02548333364897049,0.501911997795105,1.149999976158142,53.24800137329102,0.21700935065746307
observed_test,v2_2018_420_48h,,19,PCC,A,2.9849615821466244,0.0,0.0,0.5692486763000488,1.149999976158142,53.24800137329102,0.2190818190574646
observed_test,v2_2018_420_48h,,19,PCC,B,2.9849615821466244,0.0,0.0,0.5692486763000488,1.149999976158142,53.24800137329102,0.2190818190574646
observed_test,v2_2018_420_48h,,19,PCC,C,2.9849615821466244,0.0,0.0,0.5692486763000488,1.149999976158142,53.24800137329102,0.2190818190574646
observed_test,v2_2018_420_48h,,20,PCC,A,2.825617614510635,0.0,0.0,0.458400696516037,1.149999976158142,53.24800137329102,0.22499531507492065
observed_test,v2_2018_420_48h,,20,PCC,B,2.825617614510635,0.0,0.0,0.458400696516037,1.149999976158142,53.24800137329102,0.22499531507492065
observed_test,v2_2018_420_48h,,20,PCC,C,2.825617614510635,0.0,0.0,0.458400696516037,1.149999976158142,53.24800137329102,0.22499531507492065
observed_test,v2_2018_420_48h,,21,PCC,A,2.740638571998929,0.0,0.0,0.39928483963012695,1.149999976158142,53.24800137329102,0.2404138743877411
observed_test,v2_2018_420_48h,,21,PCC,B,2.740638571998929,0.0,0.0,0.39928483963012695,1.149999976158142,53.24800137329102,0.2404138743877411
observed_test,v2_2018_420_48h,,21,PCC,C,2.740638571998929,0.0,0.0,0.39928483963012695,1.149999976158142,53.24800137329102,0.2404138743877411
observed_test,v2_2018_420_48h,,22,PCC,A,2.689500792288461,0.0,0.0,0.3637107312679291,1.149999976158142,53.24800137329102,0.26650428771972656
observed_test,v2_2018_420_48h,,22,PCC,B,2.689500792288461,0.0,0.0,0.3637107312679291,1.149999976158142,53.24800137329102,0.26650428771972656
observed_test,v2_2018_420_48h,,22,PCC,C,2.689500792288461,0.0,0.0,0.3637107312679291,1.149999976158142,53.24800137329102,0.26650428771972656
observed_test,v2_2018_420_48h,,23,PCC,A,2.666340906989589,0.0,0.0,0.34759950637817383,1.149999976158142,53.24800137329102,0.27035894989967346
observed_test,v2_2018_420_48h,,23,PCC,B,2.666340906989589,0.0,0.0,0.34759950637817383,1.149999976158142,53.24800137329102,0.27035894989967346
observed_test,v2_2018_420_48h,,23,PCC,C,2.666340906989589,0.0,0.0,0.34759950637817383,1.149999976158142,53.24800137329102,0.27035894989967346
observed_test,v2_2018_420_48h,,24,PCC,A,2.589738233557025,0.0,0.0,0.29431068897247314,1.149999976158142,53.24800137329102,0.27021366357803345
observed_test,v2_2018_420_48h,,24,PCC,B,2.589738233557025,0.0,0.0,0.29431068897247314,1.149999976158142,53.24800137329102,0.27021366357803345
observed_test,v2_2018_420_48h,,24,PCC,C,2.589738233557025,0.0,0.0,0.29431068897247314,1.149999976158142,53.24800137329102,0.27021366357803345
observed_test,v2_2018_420_48h,,25,PCC,A,2.6237012928594003,0.0,0.0,0.3179371654987335,1.149999976158142,34.72425106811524,0.2689494490623474
observed_test,v2_2018_420_48h,,25,PCC,B,2.6237012928594003,0.0,0.0,0.3179371654987335,1.149999976158142,34.72425106811524,0.2689494490623474
observed_test,v2_2018_420_48h,,25,PCC,C,2.6237012928594003,0.0,0.0,0.3179371654987335,1.149999976158142,34.72425106811524,0.2689494490623474
observed_test,v2_2018_420_48h,,26,PCC,A,2.4875831211508435,0.0,0.0,0.2232462614774704,1.149999976158142,34.72425106811524,0.28191912174224854
observed_test,v2_2018_420_48h,,26,PCC,B,2.4875831211508435,0.0,0.0,0.2232462614774704,1.149999976158142,34.72425106811524,0.28191912174224854
observed_test,v2_2018_420_48h,,26,PCC,C,2.4875831211508435,0.0,0.0,0.2232462614774704,1.149999976158142,34.72425106811524,0.28191912174224854
observed_test,v2_2018_420_48h,,27,PCC,A,2.5452259178952694,0.0,0.0,0.2633455991744995,1.149999976158142,53.24800137329102,0.28874415159225464
observed_test,v2_2018_420_48h,,27,PCC,B,2.5452259178952694,0.0,0.0,0.2633455991744995,1.149999976158142,53.24800137329102,0.28874415159225464
observed_test,v2_2018_420_48h,,27,PCC,C,2.5452259178952694,0.0,0.0,0.2633455991744995,1.149999976158142,53.24800137329102,0.28874415159225464
observed_test,v2_2018_420_48h,,28,PCC,A,2.6066056994782514,0.0,0.0,0.3060445785522461,1.149999976158142,53.24800137329102,0.2743911147117615
observed_test,v2_2018_420_48h,,28,PCC,B,2.6066056994782514,0.0,0.0,0.3060445785522461,1.149999976158142,53.24800137329102,0.2743911147117615
observed_test,v2_2018_420_48h,,28,PCC,C,2.6066056994782514,0.0,0.0,0.3060445785522461,1.149999976158142,53.24800137329102,0.2743911147117615
observed_test,v2_2018_420_48h,,29,PCC,A,2.5763726205374935,0.0,0.0,0.2850128710269928,1.149999976158142,53.24800137329102,0.2756700813770294
observed_test,v2_2018_420_48h,,29,PCC,B,2.5763726205374935,0.0,0.0,0.2850128710269928,1.149999976158142,53.24800137329102,0.2756700813770294
observed_test,v2_2018_420_48h,,29,PCC,C,2.5763726205374935,0.0,0.0,0.2850128710269928,1.149999976158142,53.24800137329102,0.2756700813770294
observed_test,v2_2018_420_48h,,30,PCC,A,2.7605416539868575,0.0,0.007033333307705246,0.4131304621696472,1.149999976158142,121.88174847412108,0.2627776861190796
observed_test,v2_2018_420_48h,,30,PCC,B,2.7605416539868575,0.0,0.007033333307705246,0.4131304621696472,1.149999976158142,121.88174847412108,0.2627776861190796
observed_test,v2_2018_420_48h,,30,PCC,C,2.7605416539868575,0.0,0.007033333307705246,0.4131304621696472,1.149999976158142,121.88174847412108,0.2627776861190796
observed_test,v2_2018_420_48h,,31,PCC,A,3.0129513006293838,0.0,0.044374998945456275,0.5887197852134705,1.149999976158142,121.88174847412108,0.24996161460876465
observed_test,v2_2018_420_48h,,31,PCC,B,3.0129513006293838,0.0,0.044374998945456275,0.5887197852134705,1.149999976158142,121.88174847412108,0.24996161460876465
observed_test,v2_2018_420_48h,,31,PCC,C,3.0129513006293838,0.0,0.044374998945456275,0.5887197852134705,1.149999976158142,121.88174847412108,0.24996161460876465
observed_test,v2_2018_420_48h,,32,PCC,A,2.7649040079514635,0.0,0.07812083483888552,0.41616514325141907,1.149999976158142,121.88174847412108,0.24707892537117004
observed_test,v2_2018_420_48h,,32,PCC,B,2.7649040079514635,0.0,0.07812083483888552,0.41616514325141907,1.149999976158142,121.88174847412108,0.24707892537117004
observed_test,v2_2018_420_48h,,32,PCC,C,2.7649040079514635,0.0,0.07812083483888552,0.41616514325141907,1.149999976158142,121.88174847412108,0.24707892537117004
observed_test,v2_2018_420_48h,,33,PCC,A,2.9051724072175276,0.0,0.1453249930189206,0.5137431621551514,1.149999976158142,121.88174847412108,0.2489013671875
observed_test,v2_2018_420_48h,,33,PCC,B,2.9051724072175276,0.0,0.1453249930189206,0.5137431621551514,1.149999976158142,121.88174847412108,0.2489013671875
observed_test,v2_2018_420_48h,,33,PCC,C,2.9051724072175276,0.0,0.1453249930189206,0.5137431621551514,1.149999976158142,121.88174847412108,0.2489013671875
observed_test,v2_2018_420_48h,,34,PCC,A,2.6904467608222724,0.0,0.14801250340846867,0.3643687963485718,1.149999976158142,53.24800137329102,0.25076907873153687
observed_test,v2_2018_420_48h,,34,PCC,B,2.6904467608222724,0.0,0.14801250340846867,0.3643687963485718,1.149999976158142,53.24800137329102,0.25076907873153687
observed_test,v2_2018_420_48h,,34,PCC,C,2.6904467608222724,0.0,0.14801250340846867,0.3643687963485718,1.149999976158142,53.24800137329102,0.25076907873153687
observed_test,v2_2018_420_48h,,35,PCC,A,2.686130632121376,0.0,0.1259541712128199,0.36136627197265625,1.149999976158142,53.24800137329102,0.25952115654945374
observed_test,v2_2018_420_48h,,35,PCC,B,2.686130632121376,0.0,0.1259541712128199,0.36136627197265625,1.149999976158142,53.24800137329102,0.25952115654945374
observed_test,v2_2018_420_48h,,35,PCC,C,2.686130632121376,0.0,0.1259541712128199,0.36136627197265625,1.149999976158142,53.24800137329102,0.25952115654945374
observed_test,v2_2018_420_48h,,36,PCC,A,2.940481482794702,0.0,0.10593749869328278,0.5383059978485107,1.149999976158142,34.72425106811524,0.27041664719581604
observed_test,v2_2018_420_48h,,36,PCC,B,2.940481482794702,0.0,0.10593749869328278,0.5383059978485107,1.149999976158142,34.72425106811524,0.27041664719581604
observed_test,v2_2018_420_48h,,36,PCC,C,2.940481482794702,0.0,0.10593749869328278,0.5383059978485107,1.149999976158142,34.72425106811524,0.27041664719581604
observed_test,v2_2018_420_48h,,37,PCC,A,3.033735447282245,0.0,0.11478749891886343,0.6031783223152161,1.149999976158142,34.72425106811524,0.2573597729206085
observed_test,v2_2018_420_48h,,37,PCC,B,3.033735447282245,0.0,0.11478749891886343,0.6031783223152161,1.149999976158142,34.72425106811524,0.2573597729206085
observed_test,v2_2018_420_48h,,37,PCC,C,3.033735447282245,0.0,0.11478749891886343,0.6031783223152161,1.149999976158142,34.72425106811524,0.2573597729206085
observed_test,v2_2018_420_48h,,38,PCC,A,3.1232014249141358,0.0,0.13570417291842973,0.6654155254364014,1.149999976158142,34.72425106811524,0.2475329339504242
observed_test,v2_2018_420_48h,,38,PCC,B,3.1232014249141358,0.0,0.13570417291842973,0.6654155254364014,1.149999976158142,34.72425106811524,0.2475329339504242
observed_test,v2_2018_420_48h,,38,PCC,C,3.1232014249141358,0.0,0.13570417291842973,0.6654155254364014,1.149999976158142,34.72425106811524,0.2475329339504242
observed_test,v2_2018_420_48h,,39,PCC,A,2.915610662966831,0.0,0.09556667019541447,0.5210045576095581,1.149999976158142,34.72425106811524,0.24321039021015167
observed_test,v2_2018_420_48h,,39,PCC,B,2.915610662966831,0.0,0.09556667019541447,0.5210045576095581,1.149999976158142,34.72425106811524,0.24321039021015167
observed_test,v2_2018_420_48h,,39,PCC,C,2.915610662966831,0.0,0.09556667019541447,0.5210045576095581,1.149999976158142,34.72425106811524,0.24321039021015167
observed_test,v2_2018_420_48h,,40,PCC,A,2.9761405680146122,0.0,0.1675708362689385,0.5631123185157776,1.149999976158142,53.24800137329102,0.2491816133260727
observed_test,v2_2018_420_48h,,40,PCC,B,2.9761405680146122,0.0,0.1675708362689385,0.5631123185157776,1.149999976158142,53.24800137329102,0.2491816133260727
observed_test,v2_2018_420_48h,,40,PCC,C,2.9761405680146122,0.0,0.1675708362689385,0.5631123185157776,1.149999976158142,53.24800137329102,0.2491816133260727
observed_test,v2_2018_420_48h,,41,PCC,A,2.912059071852747,0.0,0.08465417016011018,0.5185338854789734,1.149999976158142,53.24800137329102,0.2657085955142975
observed_test,v2_2018_420_48h,,41,PCC,B,2.912059071852747,0.0,0.08465417016011018,0.5185338854789734,1.149999976158142,53.24800137329102,0.2657085955142975
observed_test,v2_2018_420_48h,,41,PCC,C,2.912059071852747,0.0,0.08465417016011018,0.5185338854789734,1.149999976158142,53.24800137329102,0.2657085955142975
observed_test,v2_2018_420_48h,,42,PCC,A,2.888165108802557,0.0,0.004045833170843812,0.501911997795105,1.149999976158142,53.24800137329102,0.28442761301994324
observed_test,v2_2018_420_48h,,42,PCC,B,2.888165108802557,0.0,0.004045833170843812,0.501911997795105,1.149999976158142,53.24800137329102,0.28442761301994324
observed_test,v2_2018_420_48h,,42,PCC,C,2.888165108802557,0.0,0.004045833170843812,0.501911997795105,1.149999976158142,53.24800137329102,0.28442761301994324
observed_test,v2_2018_420_48h,,43,PCC,A,2.9849615821466244,0.0,0.0,0.5692486763000488,1.149999976158142,53.24800137329102,0.30174151062965393
observed_test,v2_2018_420_48h,,43,PCC,B,2.9849615821466244,0.0,0.0,0.5692486763000488,1.149999976158142,53.24800137329102,0.30174151062965393
observed_test,v2_2018_420_48h,,43,PCC,C,2.9849615821466244,0.0,0.0,0.5692486763000488,1.149999976158142,53.24800137329102,0.30174151062965393
observed_test,v2_2018_420_48h,,44,PCC,A,2.825617614510635,0.0,0.0,0.458400696516037,1.149999976158142,53.24800137329102,0.31503793597221375
observed_test,v2_2018_420_48h,,44,PCC,B,2.825617614510635,0.0,0.0,0.458400696516037,1.149999976158142,53.24800137329102,0.31503793597221375
observed_test,v2_2018_420_48h,,44,PCC,C,2.825617614510635,0.0,0.0,0.458400696516037,1.149999976158142,53.24800137329102,0.31503793597221375
observed_test,v2_2018_420_48h,,45,PCC,A,2.740638571998929,0.0,0.0,0.39928483963012695,1.149999976158142,53.24800137329102,0.3256334662437439
observed_test,v2_2018_420_48h,,45,PCC,B,2.740638571998929,0.0,0.0,0.39928483963012695,1.149999976158142,53.24800137329102,0.3256334662437439
observed_test,v2_2018_420_48h,,45,PCC,C,2.740638571998929,0.0,0.0,0.39928483963012695,1.149999976158142,53.24800137329102,0.3256334662437439
observed_test,v2_2018_420_48h,,46,PCC,A,2.689500792288461,0.0,0.0,0.3637107312679291,1.149999976158142,53.24800137329102,0.3141850531101227
observed_test,v2_2018_420_48h,,46,PCC,B,2.689500792288461,0.0,0.0,0.3637107312679291,1.149999976158142,53.24800137329102,0.3141850531101227
observed_test,v2_2018_420_48h,,46,PCC,C,2.689500792288461,0.0,0.0,0.3637107312679291,1.149999976158142,53.24800137329102,0.3141850531101227
observed_test,v2_2018_420_48h,,47,PCC,A,2.666340906989589,0.0,0.0,0.34759950637817383,1.149999976158142,53.24800137329102,0.30580610036849976
observed_test,v2_2018_420_48h,,47,PCC,B,2.666340906989589,0.0,0.0,0.34759950637817383,1.149999976158142,53.24800137329102,0.30580610036849976
observed_test,v2_2018_420_48h,,47,PCC,C,2.666340906989589,0.0,0.0,0.34759950637817383,1.149999976158142,53.24800137329102,0.30580610036849976
observed_test,v2_2018_517_48h,,0,PCC,A,2.589738233557025,0.0,0.0,0.29431068897247314,1.149999976158142,53.24800137329102,0.31878119707107544
observed_test,v2_2018_517_48h,,0,PCC,B,2.589738233557025,0.0,0.0,0.29431068897247314,1.149999976158142,53.24800137329102,0.31878119707107544
observed_test,v2_2018_517_48h,,0,PCC,C,2.589738233557025,0.0,0.0,0.29431068897247314,1.149999976158142,53.24800137329102,0.31878119707107544
observed_test,v2_2018_517_48h,,1,PCC,A,2.6237012928594003,0.0,0.0,0.3179371654987335,1.149999976158142,53.24800137329102,0.32118916511535645
observed_test,v2_2018_517_48h,,1,PCC,B,2.6237012928594003,0.0,0.0,0.3179371654987335,1.149999976158142,53.24800137329102,0.32118916511535645
observed_test,v2_2018_517_48h,,1,PCC,C,2.6237012928594003,0.0,0.0,0.3179371654987335,1.149999976158142,53.24800137329102,0.32118916511535645
observed_test,v2_2018_517_48h,,2,PCC,A,2.4875831211508435,0.0,0.0,0.2232462614774704,1.149999976158142,53.24800137329102,0.33704617619514465
observed_test,v2_2018_517_48h,,2,PCC,B,2.4875831211508435,0.0,0.0,0.2232462614774704,1.149999976158142,53.24800137329102,0.33704617619514465
observed_test,v2_2018_517_48h,,2,PCC,C,2.4875831211508435,0.0,0.0,0.2232462614774704,1.149999976158142,53.24800137329102,0.33704617619514465
observed_test,v2_2018_517_48h,,3,PCC,A,2.5452259178952694,0.0,0.0,0.2633455991744995,1.149999976158142,53.24800137329102,0.3459780812263489
observed_test,v2_2018_517_48h,,3,PCC,B,2.5452259178952694,0.0,0.0,0.2633455991744995,1.149999976158142,53.24800137329102,0.3459780812263489
observed_test,v2_2018_517_48h,,3,PCC,C,2.5452259178952694,0.0,0.0,0.2633455991744995,1.149999976158142,53.24800137329102,0.3459780812263489
observed_test,v2_2018_517_48h,,4,PCC,A,2.6066056994782514,0.0,0.0,0.3060445785522461,1.149999976158142,53.24800137329102,0.317017138004303
observed_test,v2_2018_517_48h,,4,PCC,B,2.6066056994782514,0.0,0.0,0.3060445785522461,1.149999976158142,53.24800137329102,0.317017138004303
observed_test,v2_2018_517_48h,,4,PCC,C,2.6066056994782514,0.0,0.0,0.3060445785522461,1.149999976158142,53.24800137329102,0.317017138004303
observed_test,v2_2018_517_48h,,5,PCC,A,2.5763726205374935,0.0,0.0,0.2850128710269928,1.149999976158142,53.24800137329102,0.2949502170085907
observed_test,v2_2018_517_48h,,5,PCC,B,2.5763726205374935,0.0,0.0,0.2850128710269928,1.149999976158142,53.24800137329102,0.2949502170085907
observed_test,v2_2018_517_48h,,5,PCC,C,2.5763726205374935,0.0,0.0,0.2850128710269928,1.149999976158142,53.24800137329102,0.2949502170085907
observed_test,v2_2018_517_48h,,6,PCC,A,2.7605416539868575,0.0,0.0,0.4131304621696472,1.149999976158142,53.24800137329102,0.2756158411502838
observed_test,v2_2018_517_48h,,6,PCC,B,2.7605416539868575,0.0,0.0,0.4131304621696472,1.149999976158142,53.24800137329102,0.2756158411502838
observed_test,v2_2018_517_48h,,6,PCC,C,2.7605416539868575,0.0,0.0,0.4131304621696472,1.149999976158142,53.24800137329102,0.2756158411502838
observed_test,v2_2018_517_48h,,7,PCC,A,3.0129513006293838,0.0,0.19284582768495265,0.5887197852134705,1.149999976158142,53.24800137329102,0.2672480344772339
observed_test,v2_2018_517_48h,,7,PCC,B,3.0129513006293838,0.0,0.19284582768495265,0.5887197852134705,1.149999976158142,53.24800137329102,0.2672480344772339
observed_test,v2_2018_517_48h,,7,PCC,C,3.0129513006293838,0.0,0.19284582768495265,0.5887197852134705,1.149999976158142,53.24800137329102,0.2672480344772339
observed_test,v2_2018_517_48h,,8,PCC,A,2.7649040079514635,0.0,0.6171041383193089,0.41616514325141907,1.149999976158142,53.24800137329102,0.2666736841201782
observed_test,v2_2018_517_48h,,8,PCC,B,2.7649040079514635,0.0,0.6171041383193089,0.41616514325141907,1.149999976158142,53.24800137329102,0.2666736841201782
observed_test,v2_2018_517_48h,,8,PCC,C,2.7649040079514635,0.0,0.6171041383193089,0.41616514325141907,1.149999976158142,53.24800137329102,0.2666736841201782
observed_test,v2_2018_517_48h,,9,PCC,A,2.9051724072175276,0.0,0.9328333231119008,0.5137431621551514,1.149999976158142,53.24800137329102,0.27404993772506714
observed_test,v2_2018_517_48h,,9,PCC,B,2.9051724072175276,0.0,0.9328333231119008,0.5137431621551514,1.149999976158142,53.24800137329102,0.27404993772506714
observed_test,v2_2018_517_48h,,9,PCC,C,2.9051724072175276,0.0,0.9328333231119008,0.5137431621551514,1.149999976158142,53.24800137329102,0.27404993772506714
observed_test,v2_2018_517_48h,,10,PCC,A,2.6904467608222724,0.0,1.128175052312704,0.3643687963485718,1.149999976158142,53.24800137329102,0.28345242142677307
observed_test,v2_2018_517_48h,,10,PCC,B,2.6904467608222724,0.0,1.128175052312704,0.3643687963485718,1.149999976158142,53.24800137329102,0.28345242142677307
observed_test,v2_2018_517_48h,,10,PCC,C,2.6904467608222724,0.0,1.128175052312704,0.3643687963485718,1.149999976158142,53.24800137329102,0.28345242142677307
observed_test,v2_2018_517_48h,,11,PCC,A,2.686130632121376,0.0,1.2329041957855222,0.36136627197265625,1.149999976158142,53.24800137329102,0.31401392817497253
observed_test,v2_2018_517_48h,,11,PCC,B,2.686130632121376,0.0,1.2329041957855222,0.36136627197265625,1.149999976158142,53.24800137329102,0.31401392817497253
observed_test,v2_2018_517_48h,,11,PCC,C,2.686130632121376,0.0,1.2329041957855222,0.36136627197265625,1.149999976158142,53.24800137329102,0.31401392817497253
observed_test,v2_2018_517_48h,,12,PCC,A,2.940481482794702,0.0,1.240691657249744,0.5383059978485107,1.149999976158142,53.24800137329102,0.33215922117233276
observed_test,v2_2018_517_48h,,12,PCC,B,2.940481482794702,0.0,1.240691657249744,0.5383059978485107,1.149999976158142,53.24800137329102,0.33215922117233276
observed_test,v2_2018_517_48h,,12,PCC,C,2.940481482794702,0.0,1.240691657249744,0.5383059978485107,1.149999976158142,53.24800137329102,0.33215922117233276
observed_test,v2_2018_517_48h,,13,PCC,A,3.033735447282245,0.0,1.1512124767670264,0.6031783223152161,1.149999976158142,53.24800137329102,0.34412243962287903
observed_test,v2_2018_517_48h,,13,PCC,B,3.033735447282245,0.0,1.1512124767670264,0.6031783223152161,1.149999976158142,53.24800137329102,0.34412243962287903
observed_test,v2_2018_517_48h,,13,PCC,C,3.033735447282245,0.0,1.1512124767670264,0.6031783223152161,1.149999976158142,53.24800137329102,0.34412243962287903
observed_test,v2_2018_517_48h,,14,PCC,A,3.1232014249141358,0.0,0.9769875269669752,0.6654155254364014,1.149999976158142,53.24800137329102,0.3076339364051819
observed_test,v2_2018_517_48h,,14,PCC,B,3.1232014249141358,0.0,0.9769875269669752,0.6654155254364014,1.149999976158142,53.24800137329102,0.3076339364051819
observed_test,v2_2018_517_48h,,14,PCC,C,3.1232014249141358,0.0,0.9769875269669752,0.6654155254364014,1.149999976158142,53.24800137329102,0.3076339364051819
observed_test,v2_2018_517_48h,,15,PCC,A,2.915610662966831,0.0,0.712874990243178,0.5210045576095581,1.149999976158142,53.24800137329102,0.2615348994731903
observed_test,v2_2018_517_48h,,15,PCC,B,2.915610662966831,0.0,0.712874990243178,0.5210045576095581,1.149999976158142,53.24800137329102,0.2615348994731903
observed_test,v2_2018_517_48h,,15,PCC,C,2.915610662966831,0.0,0.712874990243178,0.5210045576095581,1.149999976158142,53.24800137329102,0.2615348994731903
observed_test,v2_2018_517_48h,,16,PCC,A,2.9761405680146122,0.0,0.34545416442247534,0.5631123185157776,1.149999976158142,53.24800137329102,0.24569140374660492
observed_test,v2_2018_517_48h,,16,PCC,B,2.9761405680146122,0.0,0.34545416442247534,0.5631123185157776,1.149999976158142,53.24800137329102,0.24569140374660492
observed_test,v2_2018_517_48h,,16,PCC,C,2.9761405680146122,0.0,0.34545416442247534,0.5631123185157776,1.149999976158142,53.24800137329102,0.24569140374660492
observed_test,v2_2018_517_48h,,17,PCC,A,2.912059071852747,0.0,0.012487499938847927,0.5185338854789734,1.149999976158142,53.24800137329102,0.2300431877374649
observed_test,v2_2018_517_48h,,17,PCC,B,2.912059071852747,0.0,0.012487499938847927,0.5185338854789734,1.149999976158142,53.24800137329102,0.2300431877374649
observed_test,v2_2018_517_48h,,17,PCC,C,2.912059071852747,0.0,0.012487499938847927,0.5185338854789734,1.149999976158142,53.24800137329102,0.2300431877374649
observed_test,v2_2018_517_48h,,18,PCC,A,2.888165108802557,0.0,0.0,0.501911997795105,1.149999976158142,53.24800137329102,0.22895246744155884
observed_test,v2_2018_517_48h,,18,PCC,B,2.888165108802557,0.0,0.0,0.501911997795105,1.149999976158142,53.24800137329102,0.22895246744155884
observed_test,v2_2018_517_48h,,18,PCC,C,2.888165108802557,0.0,0.0,0.501911997795105,1.149999976158142,53.24800137329102,0.22895246744155884
observed_test,v2_2018_517_48h,,19,PCC,A,2.9849615821466244,0.0,0.0,0.5692486763000488,1.149999976158142,53.24800137329102,0.24547912180423737
observed_test,v2_2018_517_48h,,19,PCC,B,2.9849615821466244,0.0,0.0,0.5692486763000488,1.149999976158142,53.24800137329102,0.24547912180423737
observed_test,v2_2018_517_48h,,19,PCC,C,2.9849615821466244,0.0,0.0,0.5692486763000488,1.149999976158142,53.24800137329102,0.24547912180423737
observed_test,v2_2018_517_48h,,20,PCC,A,2.825617614510635,0.0,0.0,0.458400696516037,1.149999976158142,53.24800137329102,0.2775125801563263
observed_test,v2_2018_517_48h,,20,PCC,B,2.825617614510635,0.0,0.0,0.458400696516037,1.149999976158142,53.24800137329102,0.2775125801563263
observed_test,v2_2018_517_48h,,20,PCC,C,2.825617614510635,0.0,0.0,0.458400696516037,1.149999976158142,53.24800137329102,0.2775125801563263
observed_test,v2_2018_517_48h,,21,PCC,A,2.740638571998929,0.0,0.0,0.39928483963012695,1.149999976158142,53.24800137329102,0.329254686832428
observed_test,v2_2018_517_48h,,21,PCC,B,2.740638571998929,0.0,0.0,0.39928483963012695,1.149999976158142,53.24800137329102,0.329254686832428
observed_test,v2_2018_517_48h,,21,PCC,C,2.740638571998929,0.0,0.0,0.39928483963012695,1.149999976158142,53.24800137329102,0.329254686832428
observed_test,v2_2018_517_48h,,22,PCC,A,2.689500792288461,0.0,0.0,0.3637107312679291,1.149999976158142,53.24800137329102,0.34110918641090393
observed_test,v2_2018_517_48h,,22,PCC,B,2.689500792288461,0.0,0.0,0.3637107312679291,1.149999976158142,53.24800137329102,0.34110918641090393
observed_test,v2_2018_517_48h,,22,PCC,C,2.689500792288461,0.0,0.0,0.3637107312679291,1.149999976158142,53.24800137329102,0.34110918641090393
observed_test,v2_2018_517_48h,,23,PCC,A,2.666340906989589,0.0,0.0,0.34759950637817383,1.149999976158142,53.24800137329102,0.32101884484291077
observed_test,v2_2018_517_48h,,23,PCC,B,2.666340906989589,0.0,0.0,0.34759950637817383,1.149999976158142,53.24800137329102,0.32101884484291077
observed_test,v2_2018_517_48h,,23,PCC,C,2.666340906989589,0.0,0.0,0.34759950637817383,1.149999976158142,53.24800137329102,0.32101884484291077
observed_test,v2_2018_517_48h,,24,PCC,A,2.589738233557025,0.0,0.0,0.29431068897247314,1.149999976158142,53.24800137329102,0.32471373677253723
observed_test,v2_2018_517_48h,,24,PCC,B,2.589738233557025,0.0,0.0,0.29431068897247314,1.149999976158142,53.24800137329102,0.32471373677253723
observed_test,v2_2018_517_48h,,24,PCC,C,2.589738233557025,0.0,0.0,0.29431068897247314,1.149999976158142,53.24800137329102,0.32471373677253723
observed_test,v2_2018_517_48h,,25,PCC,A,2.6237012928594003,0.0,0.0,0.3179371654987335,1.149999976158142,53.24800137329102,0.31471502780914307
observed_test,v2_2018_517_48h,,25,PCC,B,2.6237012928594003,0.0,0.0,0.3179371654987335,1.149999976158142,53.24800137329102,0.31471502780914307
observed_test,v2_2018_517_48h,,25,PCC,C,2.6237012928594003,0.0,0.0,0.3179371654987335,1.149999976158142,53.24800137329102,0.31471502780914307
observed_test,v2_2018_517_48h,,26,PCC,A,2.4875831211508435,0.0,0.0,0.2232462614774704,1.149999976158142,53.24800137329102,0.3117430806159973
observed_test,v2_2018_517_48h,,26,PCC,B,2.4875831211508435,0.0,0.0,0.2232462614774704,1.149999976158142,53.24800137329102,0.3117430806159973
observed_test,v2_2018_517_48h,,26,PCC,C,2.4875831211508435,0.0,0.0,0.2232462614774704,1.149999976158142,53.24800137329102,0.3117430806159973
observed_test,v2_2018_517_48h,,27,PCC,A,2.5452259178952694,0.0,0.0,0.2633455991744995,1.149999976158142,53.24800137329102,0.32513874769210815
observed_test,v2_2018_517_48h,,27,PCC,B,2.5452259178952694,0.0,0.0,0.2633455991744995,1.149999976158142,53.24800137329102,0.32513874769210815
observed_test,v2_2018_517_48h,,27,PCC,C,2.5452259178952694,0.0,0.0,0.2633455991744995,1.149999976158142,53.24800137329102,0.32513874769210815
observed_test,v2_2018_517_48h,,28,PCC,A,2.6066056994782514,0.0,0.0,0.3060445785522461,1.149999976158142,53.24800137329102,0.3000279366970062
observed_test,v2_2018_517_48h,,28,PCC,B,2.6066056994782514,0.0,0.0,0.3060445785522461,1.149999976158142,53.24800137329102,0.3000279366970062
observed_test,v2_2018_517_48h,,28,PCC,C,2.6066056994782514,0.0,0.0,0.3060445785522461,1.149999976158142,53.24800137329102,0.3000279366970062
observed_test,v2_2018_517_48h,,29,PCC,A,2.5763726205374935,0.0,0.0,0.2850128710269928,1.149999976158142,53.24800137329102,0.268724262714386
observed_test,v2_2018_517_48h,,29,PCC,B,2.5763726205374935,0.0,0.0,0.2850128710269928,1.149999976158142,53.24800137329102,0.268724262714386
observed_test,v2_2018_517_48h,,29,PCC,C,2.5763726205374935,0.0,0.0,0.2850128710269928,1.149999976158142,53.24800137329102,0.268724262714386
observed_test,v2_2018_517_48h,,30,PCC,A,2.7605416539868575,0.0,0.0,0.4131304621696472,1.149999976158142,53.24800137329102,0.2541307210922241
observed_test,v2_2018_517_48h,,30,PCC,B,2.7605416539868575,0.0,0.0,0.4131304621696472,1.149999976158142,53.24800137329102,0.2541307210922241
observed_test,v2_2018_517_48h,,30,PCC,C,2.7605416539868575,0.0,0.0,0.4131304621696472,1.149999976158142,53.24800137329102,0.2541307210922241
observed_test,v2_2018_517_48h,,31,PCC,A,3.0129513006293838,0.0,0.19042916022814235,0.5887197852134705,1.149999976158142,53.24800137329102,0.24084439873695374
observed_test,v2_2018_517_48h,,31,PCC,B,3.0129513006293838,0.0,0.19042916022814235,0.5887197852134705,1.149999976158142,53.24800137329102,0.24084439873695374
observed_test,v2_2018_517_48h,,31,PCC,C,3.0129513006293838,0.0,0.19042916022814235,0.5887197852134705,1.149999976158142,53.24800137329102,0.24084439873695374
observed_test,v2_2018_517_48h,,32,PCC,A,2.7649040079514635,0.0,0.6126333314638871,0.41616514325141907,1.149999976158142,53.24800137329102,0.23771071434020996
observed_test,v2_2018_517_48h,,32,PCC,B,2.7649040079514635,0.0,0.6126333314638871,0.41616514325141907,1.149999976158142,53.24800137329102,0.23771071434020996
observed_test,v2_2018_517_48h,,32,PCC,C,2.7649040079514635,0.0,0.6126333314638871,0.41616514325141907,1.149999976158142,53.24800137329102,0.23771071434020996
observed_test,v2_2018_517_48h,,33,PCC,A,2.9051724072175276,0.0,0.9181874875838939,0.5137431621551514,1.149999976158142,53.24800137329102,0.23814091086387634
observed_test,v2_2018_517_48h,,33,PCC,B,2.9051724072175276,0.0,0.9181874875838939,0.5137431621551514,1.149999976158142,53.24800137329102,0.23814091086387634
observed_test,v2_2018_517_48h,,33,PCC,C,2.9051724072175276,0.0,0.9181874875838939,0.5137431621551514,1.149999976158142,53.24800137329102,0.23814091086387634
observed_test,v2_2018_517_48h,,34,PCC,A,2.6904467608222724,0.0,1.1087750013058002,0.3643687963485718,1.149999976158142,53.24800137329102,0.24649514257907867
observed_test,v2_2018_517_48h,,34,PCC,B,2.6904467608222724,0.0,1.1087750013058002,0.3643687963485718,1.149999976158142,53.24800137329102,0.24649514257907867
observed_test,v2_2018_517_48h,,34,PCC,C,2.6904467608222724,0.0,1.1087750013058002,0.3643687963485718,1.149999976158142,53.24800137329102,0.24649514257907867
observed_test,v2_2018_517_48h,,35,PCC,A,2.686130632121376,0.0,1.199599985892956,0.36136627197265625,1.149999976158142,53.24800137329102,0.28050360083580017
observed_test,v2_2018_517_48h,,35,PCC,B,2.686130632121376,0.0,1.199599985892956,0.36136627197265625,1.149999976158142,53.24800137329102,0.28050360083580017
observed_test,v2_2018_517_48h,,35,PCC,C,2.686130632121376,0.0,1.199599985892956,0.36136627197265625,1.149999976158142,53.24800137329102,0.28050360083580017
observed_test,v2_2018_517_48h,,36,PCC,A,2.940481482794702,0.0,1.124812547977154,0.5383059978485107,1.149999976158142,53.24800137329102,0.29443758726119995
observed_test,v2_2018_517_48h,,36,PCC,B,2.940481482794702,0.0,1.124812547977154,0.5383059978485107,1.149999976158142,53.24800137329102,0.29443758726119995
observed_test,v2_2018_517_48h,,36,PCC,C,2.940481482794702,0.0,1.124812547977154,0.5383059978485107,1.149999976158142,53.24800137329102,0.29443758726119995
observed_test,v2_2018_517_48h,,37,PCC,A,3.033735447282245,0.0,0.8060166468987098,0.6031783223152161,1.149999976158142,53.24800137329102,0.30015167593955994
observed_test,v2_2018_517_48h,,37,PCC,B,3.033735447282245,0.0,0.8060166468987098,0.6031783223152161,1.149999976158142,53.24800137329102,0.30015167593955994
observed_test,v2_2018_517_48h,,37,PCC,C,3.033735447282245,0.0,0.8060166468987098,0.6031783223152161,1.149999976158142,53.24800137329102,0.30015167593955994
observed_test,v2_2018_517_48h,,38,PCC,A,3.1232014249141358,0.0,0.5883000217951261,0.6654155254364014,1.149999976158142,53.24800137329102,0.29042699933052063
observed_test,v2_2018_517_48h,,38,PCC,B,3.1232014249141358,0.0,0.5883000217951261,0.6654155254364014,1.149999976158142,53.24800137329102,0.29042699933052063
observed_test,v2_2018_517_48h,,38,PCC,C,3.1232014249141358,0.0,0.5883000217951261,0.6654155254364014,1.149999976158142,53.24800137329102,0.29042699933052063
observed_test,v2_2018_517_48h,,39,PCC,A,2.915610662966831,0.0,0.3981916663738397,0.5210045576095581,1.149999976158142,53.24800137329102,0.2548181116580963
observed_test,v2_2018_517_48h,,39,PCC,B,2.915610662966831,0.0,0.3981916663738397,0.5210045576095581,1.149999976158142,53.24800137329102,0.2548181116580963
observed_test,v2_2018_517_48h,,39,PCC,C,2.915610662966831,0.0,0.3981916663738397,0.5210045576095581,1.149999976158142,53.24800137329102,0.2548181116580963
observed_test,v2_2018_517_48h,,40,PCC,A,2.9761405680146122,0.0,0.18224999881707704,0.5631123185157776,1.149999976158142,53.24800137329102,0.24578242003917694
observed_test,v2_2018_517_48h,,40,PCC,B,2.9761405680146122,0.0,0.18224999881707704,0.5631123185157776,1.149999976158142,53.24800137329102,0.24578242003917694
observed_test,v2_2018_517_48h,,40,PCC,C,2.9761405680146122,0.0,0.18224999881707704,0.5631123185157776,1.149999976158142,53.24800137329102,0.24578242003917694
observed_test,v2_2018_517_48h,,41,PCC,A,2.912059071852747,0.0,0.0,0.5185338854789734,1.149999976158142,53.24800137329102,0.25222280621528625
observed_test,v2_2018_517_48h,,41,PCC,B,2.912059071852747,0.0,0.0,0.5185338854789734,1.149999976158142,53.24800137329102,0.25222280621528625
observed_test,v2_2018_517_48h,,41,PCC,C,2.912059071852747,0.0,0.0,0.5185338854789734,1.149999976158142,53.24800137329102,0.25222280621528625
observed_test,v2_2018_517_48h,,42,PCC,A,2.888165108802557,0.0,0.0,0.501911997795105,1.149999976158142,53.24800137329102,0.260084331035614
observed_test,v2_2018_517_48h,,42,PCC,B,2.888165108802557,0.0,0.0,0.501911997795105,1.149999976158142,53.24800137329102,0.260084331035614
observed_test,v2_2018_517_48h,,42,PCC,C,2.888165108802557,0.0,0.0,0.501911997795105,1.149999976158142,53.24800137329102,0.260084331035614
observed_test,v2_2018_517_48h,,43,PCC,A,2.9849615821466244,0.0,0.0,0.5692486763000488,1.149999976158142,53.24800137329102,0.2643398344516754
observed_test,v2_2018_517_48h,,43,PCC,B,2.9849615821466244,0.0,0.0,0.5692486763000488,1.149999976158142,53.24800137329102,0.2643398344516754
observed_test,v2_2018_517_48h,,43,PCC,C,2.9849615821466244,0.0,0.0,0.5692486763000488,1.149999976158142,53.24800137329102,0.2643398344516754
observed_test,v2_2018_517_48h,,44,PCC,A,2.825617614510635,0.0,0.0,0.458400696516037,1.149999976158142,53.24800137329102,0.2837200462818146
observed_test,v2_2018_517_48h,,44,PCC,B,2.825617614510635,0.0,0.0,0.458400696516037,1.149999976158142,53.24800137329102,0.2837200462818146
observed_test,v2_2018_517_48h,,44,PCC,C,2.825617614510635,0.0,0.0,0.458400696516037,1.149999976158142,53.24800137329102,0.2837200462818146
observed_test,v2_2018_517_48h,,45,PCC,A,2.740638571998929,0.0,0.0,0.39928483963012695,1.149999976158142,53.24800137329102,0.2888736426830292
observed_test,v2_2018_517_48h,,45,PCC,B,2.740638571998929,0.0,0.0,0.39928483963012695,1.149999976158142,53.24800137329102,0.2888736426830292
observed_test,v2_2018_517_48h,,45,PCC,C,2.740638571998929,0.0,0.0,0.39928483963012695,1.149999976158142,53.24800137329102,0.2888736426830292
observed_test,v2_2018_517_48h,,46,PCC,A,2.689500792288461,0.0,0.0,0.3637107312679291,1.149999976158142,53.24800137329102,0.2947838306427002
observed_test,v2_2018_517_48h,,46,PCC,B,2.689500792288461,0.0,0.0,0.3637107312679291,1.149999976158142,53.24800137329102,0.2947838306427002
observed_test,v2_2018_517_48h,,46,PCC,C,2.689500792288461,0.0,0.0,0.3637107312679291,1.149999976158142,53.24800137329102,0.2947838306427002
observed_test,v2_2018_517_48h,,47,PCC,A,2.666340906989589,0.0,0.0,0.34759950637817383,1.149999976158142,53.24800137329102,0.2996383309364319
observed_test,v2_2018_517_48h,,47,PCC,B,2.666340906989589,0.0,0.0,0.34759950637817383,1.149999976158142,53.24800137329102,0.2996383309364319
observed_test,v2_2018_517_48h,,47,PCC,C,2.666340906989589,0.0,0.0,0.34759950637817383,1.149999976158142,53.24800137329102,0.2996383309364319
observed_test,v2_2018_377_48h,,0,PCC,A,2.589738233557025,0.0,0.0,0.29431068897247314,1.149999976158142,53.24800137329102,0.2552769184112549
observed_test,v2_2018_377_48h,,0,PCC,B,2.589738233557025,0.0,0.0,0.29431068897247314,1.149999976158142,53.24800137329102,0.2552769184112549
observed_test,v2_2018_377_48h,,0,PCC,C,2.589738233557025,0.0,0.0,0.29431068897247314,1.149999976158142,53.24800137329102,0.2552769184112549
observed_test,v2_2018_377_48h,,1,PCC,A,2.6237012928594003,0.0,0.0,0.3179371654987335,1.149999976158142,53.24800137329102,0.24249781668186188
observed_test,v2_2018_377_48h,,1,PCC,B,2.6237012928594003,0.0,0.0,0.3179371654987335,1.149999976158142,53.24800137329102,0.24249781668186188
observed_test,v2_2018_377_48h,,1,PCC,C,2.6237012928594003,0.0,0.0,0.3179371654987335,1.149999976158142,53.24800137329102,0.24249781668186188
observed_test,v2_2018_377_48h,,2,PCC,A,2.4875831211508435,0.0,0.0,0.2232462614774704,1.149999976158142,53.24800137329102,0.23059232532978058
observed_test,v2_2018_377_48h,,2,PCC,B,2.4875831211508435,0.0,0.0,0.2232462614774704,1.149999976158142,53.24800137329102,0.23059232532978058
observed_test,v2_2018_377_48h,,2,PCC,C,2.4875831211508435,0.0,0.0,0.2232462614774704,1.149999976158142,53.24800137329102,0.23059232532978058
observed_test,v2_2018_377_48h,,3,PCC,A,2.5452259178952694,0.0,0.0,0.2633455991744995,1.149999976158142,53.24800137329102,0.2377040535211563
observed_test,v2_2018_377_48h,,3,PCC,B,2.5452259178952694,0.0,0.0,0.2633455991744995,1.149999976158142,53.24800137329102,0.2377040535211563
observed_test,v2_2018_377_48h,,3,PCC,C,2.5452259178952694,0.0,0.0,0.2633455991744995,1.149999976158142,53.24800137329102,0.2377040535211563
observed_test,v2_2018_377_48h,,4,PCC,A,2.6066056994782514,0.0,0.0,0.3060445785522461,1.149999976158142,53.24800137329102,0.2289513200521469
observed_test,v2_2018_377_48h,,4,PCC,B,2.6066056994782514,0.0,0.0,0.3060445785522461,1.149999976158142,53.24800137329102,0.2289513200521469
observed_test,v2_2018_377_48h,,4,PCC,C,2.6066056994782514,0.0,0.0,0.3060445785522461,1.149999976158142,53.24800137329102,0.2289513200521469
observed_test,v2_2018_377_48h,,5,PCC,A,2.5763726205374935,0.0,0.0,0.2850128710269928,1.149999976158142,53.24800137329102,0.21800385415554047
observed_test,v2_2018_377_48h,,5,PCC,B,2.5763726205374935,0.0,0.0,0.2850128710269928,1.149999976158142,53.24800137329102,0.21800385415554047
observed_test,v2_2018_377_48h,,5,PCC,C,2.5763726205374935,0.0,0.0,0.2850128710269928,1.149999976158142,53.24800137329102,0.21800385415554047
observed_test,v2_2018_377_48h,,6,PCC,A,2.7605416539868575,0.0,0.0,0.4131304621696472,1.149999976158142,53.24800137329102,0.21434752643108368
observed_test,v2_2018_377_48h,,6,PCC,B,2.7605416539868575,0.0,0.0,0.4131304621696472,1.149999976158142,53.24800137329102,0.21434752643108368
observed_test,v2_2018_377_48h,,6,PCC,C,2.7605416539868575,0.0,0.0,0.4131304621696472,1.149999976158142,53.24800137329102,0.21434752643108368
observed_test,v2_2018_377_48h,,7,PCC,A,3.0129513006293838,0.0,0.0,0.5887197852134705,1.149999976158142,53.24800137329102,0.2161334902048111
observed_test,v2_2018_377_48h,,7,PCC,B,3.0129513006293838,0.0,0.0,0.5887197852134705,1.149999976158142,53.24800137329102,0.2161334902048111
observed_test,v2_2018_377_48h,,7,PCC,C,3.0129513006293838,0.0,0.0,0.5887197852134705,1.149999976158142,53.24800137329102,0.2161334902048111
observed_test,v2_2018_377_48h,,8,PCC,A,2.7649040079514635,0.0,0.057791667775465884,0.41616514325141907,1.149999976158142,53.24800137329102,0.2175157368183136
observed_test,v2_2018_377_48h,,8,PCC,B,2.7649040079514635,0.0,0.057791667775465884,0.41616514325141907,1.149999976158142,53.24800137329102,0.2175157368183136
observed_test,v2_2018_377_48h,,8,PCC,C,2.7649040079514635,0.0,0.057791667775465884,0.41616514325141907,1.149999976158142,53.24800137329102,0.2175157368183136
observed_test,v2_2018_377_48h,,9,PCC,A,2.9051724072175276,0.0,0.11622083301727587,0.5137431621551514,1.149999976158142,53.24800137329102,0.21590104699134827
observed_test,v2_2018_377_48h,,9,PCC,B,2.9051724072175276,0.0,0.11622083301727587,0.5137431621551514,1.149999976158142,53.24800137329102,0.21590104699134827
observed_test,v2_2018_377_48h,,9,PCC,C,2.9051724072175276,0.0,0.11622083301727587,0.5137431621551514,1.149999976158142,53.24800137329102,0.21590104699134827
observed_test,v2_2018_377_48h,,10,PCC,A,2.6904467608222724,0.0,0.12700000347999427,0.3643687963485718,1.149999976158142,53.24800137329102,0.2196018546819687
observed_test,v2_2018_377_48h,,10,PCC,B,2.6904467608222724,0.0,0.12700000347999427,0.3643687963485718,1.149999976158142,53.24800137329102,0.2196018546819687
observed_test,v2_2018_377_48h,,10,PCC,C,2.6904467608222724,0.0,0.12700000347999427,0.3643687963485718,1.149999976158142,53.24800137329102,0.2196018546819687
observed_test,v2_2018_377_48h,,11,PCC,A,2.686130632121376,0.0,0.1515749985208878,0.36136627197265625,1.149999976158142,53.24800137329102,0.22375181317329407
observed_test,v2_2018_377_48h,,11,PCC,B,2.686130632121376,0.0,0.1515749985208878,0.36136627197265625,1.149999976158142,53.24800137329102,0.22375181317329407
observed_test,v2_2018_377_48h,,11,PCC,C,2.686130632121376,0.0,0.1515749985208878,0.36136627197265625,1.149999976158142,53.24800137329102,0.22375181317329407
observed_test,v2_2018_377_48h,,12,PCC,A,2.940481482794702,0.0,0.19761666368979672,0.5383059978485107,1.149999976158142,53.24800137329102,0.2448161393404007
observed_test,v2_2018_377_48h,,12,PCC,B,2.940481482794702,0.0,0.19761666368979672,0.5383059978485107,1.149999976158142,53.24800137329102,0.2448161393404007
observed_test,v2_2018_377_48h,,12,PCC,C,2.940481482794702,0.0,0.19761666368979672,0.5383059978485107,1.149999976158142,53.24800137329102,0.2448161393404007
observed_test,v2_2018_377_48h,,13,PCC,A,3.033735447282245,0.0,0.14528749653926262,0.6031783223152161,1.149999976158142,53.24800137329102,0.25808030366897583
observed_test,v2_2018_377_48h,,13,PCC,B,3.033735447282245,0.0,0.14528749653926262,0.6031783223152161,1.149999976158142,53.24800137329102,0.25808030366897583
observed_test,v2_2018_377_48h,,13,PCC,C,3.033735447282245,0.0,0.14528749653926262,0.6031783223152161,1.149999976158142,53.24800137329102,0.25808030366897583
observed_test,v2_2018_377_48h,,14,PCC,A,3.1232014249141358,0.0,0.22809167320911697,0.6654155254364014,1.149999976158142,53.24800137329102,0.2755242884159088
observed_test,v2_2018_377_48h,,14,PCC,B,3.1232014249141358,0.0,0.22809167320911697,0.6654155254364014,1.149999976158142,53.24800137329102,0.2755242884159088
observed_test,v2_2018_377_48h,,14,PCC,C,3.1232014249141358,0.0,0.22809167320911697,0.6654155254364014,1.149999976158142,53.24800137329102,0.2755242884159088
observed_test,v2_2018_377_48h,,15,PCC,A,2.915610662966831,0.0,0.17960833815427923,0.5210045576095581,1.149999976158142,53.24800137329102,0.2840999364852905
observed_test,v2_2018_377_48h,,15,PCC,B,2.915610662966831,0.0,0.17960833815427923,0.5210045576095581,1.149999976158142,53.24800137329102,0.2840999364852905
observed_test,v2_2018_377_48h,,15,PCC,C,2.915610662966831,0.0,0.17960833815427923,0.5210045576095581,1.149999976158142,53.24800137329102,0.2840999364852905
observed_test,v2_2018_377_48h,,16,PCC,A,2.9761405680146122,0.0,0.06930833109296285,0.5631123185157776,1.149999976158142,53.24800137329102,0.28019776940345764
observed_test,v2_2018_377_48h,,16,PCC,B,2.9761405680146122,0.0,0.06930833109296285,0.5631123185157776,1.149999976158142,53.24800137329102,0.28019776940345764
observed_test,v2_2018_377_48h,,16,PCC,C,2.9761405680146122,0.0,0.06930833109296285,0.5631123185157776,1.149999976158142,53.24800137329102,0.28019776940345764
observed_test,v2_2018_377_48h,,17,PCC,A,2.912059071852747,0.0,0.006775000096800235,0.5185338854789734,1.149999976158142,53.24800137329102,0.2729951739311218
observed_test,v2_2018_377_48h,,17,PCC,B,2.912059071852747,0.0,0.006775000096800235,0.5185338854789734,1.149999976158142,53.24800137329102,0.2729951739311218
observed_test,v2_2018_377_48h,,17,PCC,C,2.912059071852747,0.0,0.006775000096800235,0.5185338854789734,1.149999976158142,53.24800137329102,0.2729951739311218
observed_test,v2_2018_377_48h,,18,PCC,A,2.888165108802557,0.0,0.0,0.501911997795105,1.149999976158142,53.24800137329102,0.26944294571876526
observed_test,v2_2018_377_48h,,18,PCC,B,2.888165108802557,0.0,0.0,0.501911997795105,1.149999976158142,53.24800137329102,0.26944294571876526
observed_test,v2_2018_377_48h,,18,PCC,C,2.888165108802557,0.0,0.0,0.501911997795105,1.149999976158142,53.24800137329102,0.26944294571876526
observed_test,v2_2018_377_48h,,19,PCC,A,2.9849615821466244,0.0,0.0,0.5692486763000488,1.149999976158142,53.24800137329102,0.26727524399757385
observed_test,v2_2018_377_48h,,19,PCC,B,2.9849615821466244,0.0,0.0,0.5692486763000488,1.149999976158142,53.24800137329102,0.26727524399757385
observed_test,v2_2018_377_48h,,19,PCC,C,2.9849615821466244,0.0,0.0,0.5692486763000488,1.149999976158142,53.24800137329102,0.26727524399757385
observed_test,v2_2018_377_48h,,20,PCC,A,2.825617614510635,0.0,0.0,0.458400696516037,1.149999976158142,53.24800137329102,0.26700782775878906
observed_test,v2_2018_377_48h,,20,PCC,B,2.825617614510635,0.0,0.0,0.458400696516037,1.149999976158142,53.24800137329102,0.26700782775878906
observed_test,v2_2018_377_48h,,20,PCC,C,2.825617614510635,0.0,0.0,0.458400696516037,1.149999976158142,53.24800137329102,0.26700782775878906
observed_test,v2_2018_377_48h,,21,PCC,A,2.740638571998929,0.0,0.0,0.39928483963012695,1.149999976158142,53.24800137329102,0.2686445116996765
observed_test,v2_2018_377_48h,,21,PCC,B,2.740638571998929,0.0,0.0,0.39928483963012695,1.149999976158142,53.24800137329102,0.2686445116996765
observed_test,v2_2018_377_48h,,21,PCC,C,2.740638571998929,0.0,0.0,0.39928483963012695,1.149999976158142,53.24800137329102,0.2686445116996765
observed_test,v2_2018_377_48h,,22,PCC,A,2.689500792288461,0.0,0.0,0.3637107312679291,1.149999976158142,53.24800137329102,0.25695377588272095
observed_test,v2_2018_377_48h,,22,PCC,B,2.689500792288461,0.0,0.0,0.3637107312679291,1.149999976158142,53.24800137329102,0.25695377588272095
observed_test,v2_2018_377_48h,,22,PCC,C,2.689500792288461,0.0,0.0,0.3637107312679291,1.149999976158142,53.24800137329102,0.25695377588272095
observed_test,v2_2018_377_48h,,23,PCC,A,2.666340906989589,0.0,0.0,0.34759950637817383,1.149999976158142,53.24800137329102,0.23747630417346954
observed_test,v2_2018_377_48h,,23,PCC,B,2.666340906989589,0.0,0.0,0.34759950637817383,1.149999976158142,53.24800137329102,0.23747630417346954
observed_test,v2_2018_377_48h,,23,PCC,C,2.666340906989589,0.0,0.0,0.34759950637817383,1.149999976158142,53.24800137329102,0.23747630417346954
observed_test,v2_2018_377_48h,,24,PCC,A,2.589738233557025,0.0,0.0,0.29431068897247314,1.149999976158142,53.24800137329102,0.22955088317394257
observed_test,v2_2018_377_48h,,24,PCC,B,2.589738233557025,0.0,0.0,0.29431068897247314,1.149999976158142,53.24800137329102,0.22955088317394257
observed_test,v2_2018_377_48h,,24,PCC,C,2.589738233557025,0.0,0.0,0.29431068897247314,1.149999976158142,53.24800137329102,0.22955088317394257
observed_test,v2_2018_377_48h,,25,PCC,A,2.6237012928594003,0.0,0.0,0.3179371654987335,1.149999976158142,53.24800137329102,0.2339755892753601
observed_test,v2_2018_377_48h,,25,PCC,B,2.6237012928594003,0.0,0.0,0.3179371654987335,1.149999976158142,53.24800137329102,0.2339755892753601
observed_test,v2_2018_377_48h,,25,PCC,C,2.6237012928594003,0.0,0.0,0.3179371654987335,1.149999976158142,53.24800137329102,0.2339755892753601
observed_test,v2_2018_377_48h,,26,PCC,A,2.4875831211508435,0.0,0.0,0.2232462614774704,1.149999976158142,53.24800137329102,0.23944191634655
observed_test,v2_2018_377_48h,,26,PCC,B,2.4875831211508435,0.0,0.0,0.2232462614774704,1.149999976158142,53.24800137329102,0.23944191634655
observed_test,v2_2018_377_48h,,26,PCC,C,2.4875831211508435,0.0,0.0,0.2232462614774704,1.149999976158142,53.24800137329102,0.23944191634655
observed_test,v2_2018_377_48h,,27,PCC,A,2.5452259178952694,0.0,0.0,0.2633455991744995,1.149999976158142,53.24800137329102,0.23343531787395477
observed_test,v2_2018_377_48h,,27,PCC,B,2.5452259178952694,0.0,0.0,0.2633455991744995,1.149999976158142,53.24800137329102,0.23343531787395477
observed_test,v2_2018_377_48h,,27,PCC,C,2.5452259178952694,0.0,0.0,0.2633455991744995,1.149999976158142,53.24800137329102,0.23343531787395477
observed_test,v2_2018_377_48h,,28,PCC,A,2.6066056994782514,0.0,0.0,0.3060445785522461,1.149999976158142,53.24800137329102,0.21678166091442108
observed_test,v2_2018_377_48h,,28,PCC,B,2.6066056994782514,0.0,0.0,0.3060445785522461,1.149999976158142,53.24800137329102,0.21678166091442108
observed_test,v2_2018_377_48h,,28,PCC,C,2.6066056994782514,0.0,0.0,0.3060445785522461,1.149999976158142,53.24800137329102,0.21678166091442108
observed_test,v2_2018_377_48h,,29,PCC,A,2.5763726205374935,0.0,0.0,0.2850128710269928,1.149999976158142,53.24800137329102,0.21677541732788086
observed_test,v2_2018_377_48h,,29,PCC,B,2.5763726205374935,0.0,0.0,0.2850128710269928,1.149999976158142,53.24800137329102,0.21677541732788086
observed_test,v2_2018_377_48h,,29,PCC,C,2.5763726205374935,0.0,0.0,0.2850128710269928,1.149999976158142,53.24800137329102,0.21677541732788086
observed_test,v2_2018_377_48h,,30,PCC,A,2.7605416539868575,0.0,0.0,0.4131304621696472,1.149999976158142,53.24800137329102,0.2152755856513977
observed_test,v2_2018_377_48h,,30,PCC,B,2.7605416539868575,0.0,0.0,0.4131304621696472,1.149999976158142,53.24800137329102,0.2152755856513977
observed_test,v2_2018_377_48h,,30,PCC,C,2.7605416539868575,0.0,0.0,0.4131304621696472,1.149999976158142,53.24800137329102,0.2152755856513977
observed_test,v2_2018_377_48h,,31,PCC,A,3.0129513006293838,0.0,0.0,0.5887197852134705,1.149999976158142,53.24800137329102,0.21092736721038818
observed_test,v2_2018_377_48h,,31,PCC,B,3.0129513006293838,0.0,0.0,0.5887197852134705,1.149999976158142,53.24800137329102,0.21092736721038818
observed_test,v2_2018_377_48h,,31,PCC,C,3.0129513006293838,0.0,0.0,0.5887197852134705,1.149999976158142,53.24800137329102,0.21092736721038818
observed_test,v2_2018_377_48h,,32,PCC,A,2.7649040079514635,0.0,0.02120000023681384,0.41616514325141907,1.149999976158142,53.24800137329102,0.2057240903377533
observed_test,v2_2018_377_48h,,32,PCC,B,2.7649040079514635,0.0,0.02120000023681384,0.41616514325141907,1.149999976158142,53.24800137329102,0.2057240903377533
observed_test,v2_2018_377_48h,,32,PCC,C,2.7649040079514635,0.0,0.02120000023681384,0.41616514325141907,1.149999976158142,53.24800137329102,0.2057240903377533
observed_test,v2_2018_377_48h,,33,PCC,A,2.9051724072175276,0.0,0.036733332448280774,0.5137431621551514,1.149999976158142,53.24800137329102,0.20436187088489532
observed_test,v2_2018_377_48h,,33,PCC,B,2.9051724072175276,0.0,0.036733332448280774,0.5137431621551514,1.149999976158142,53.24800137329102,0.20436187088489532
observed_test,v2_2018_377_48h,,33,PCC,C,2.9051724072175276,0.0,0.036733332448280774,0.5137431621551514,1.149999976158142,53.24800137329102,0.20436187088489532
observed_test,v2_2018_377_48h,,34,PCC,A,2.6904467608222724,0.0,0.06884999859791535,0.3643687963485718,1.149999976158142,53.24800137329102,0.21104468405246735
observed_test,v2_2018_377_48h,,34,PCC,B,2.6904467608222724,0.0,0.06884999859791535,0.3643687963485718,1.149999976158142,53.24800137329102,0.21104468405246735
observed_test,v2_2018_377_48h,,34,PCC,C,2.6904467608222724,0.0,0.06884999859791535,0.3643687963485718,1.149999976158142,53.24800137329102,0.21104468405246735
observed_test,v2_2018_377_48h,,35,PCC,A,2.686130632121376,0.0,0.0926624983549118,0.36136627197265625,1.149999976158142,53.24800137329102,0.21468019485473633
observed_test,v2_2018_377_48h,,35,PCC,B,2.686130632121376,0.0,0.0926624983549118,0.36136627197265625,1.149999976158142,53.24800137329102,0.21468019485473633
observed_test,v2_2018_377_48h,,35,PCC,C,2.686130632121376,0.0,0.0926624983549118,0.36136627197265625,1.149999976158142,53.24800137329102,0.21468019485473633
observed_test,v2_2018_377_48h,,36,PCC,A,2.940481482794702,0.0,0.12571666962825334,0.5383059978485107,1.149999976158142,53.24800137329102,0.22577159106731415
observed_test,v2_2018_377_48h,,36,PCC,B,2.940481482794702,0.0,0.12571666962825334,0.5383059978485107,1.149999976158142,53.24800137329102,0.22577159106731415
observed_test,v2_2018_377_48h,,36,PCC,C,2.940481482794702,0.0,0.12571666962825334,0.5383059978485107,1.149999976158142,53.24800137329102,0.22577159106731415
observed_test,v2_2018_377_48h,,37,PCC,A,3.033735447282245,0.0,0.10300416929217483,0.6031783223152161,1.149999976158142,53.24800137329102,0.2336217612028122
observed_test,v2_2018_377_48h,,37,PCC,B,3.033735447282245,0.0,0.10300416929217483,0.6031783223152161,1.149999976158142,53.24800137329102,0.2336217612028122
observed_test,v2_2018_377_48h,,37,PCC,C,3.033735447282245,0.0,0.10300416929217483,0.6031783223152161,1.149999976158142,53.24800137329102,0.2336217612028122
observed_test,v2_2018_377_48h,,38,PCC,A,3.1232014249141358,0.0,0.06348750052543786,0.6654155254364014,1.149999976158142,53.24800137329102,0.2335003912448883
observed_test,v2_2018_377_48h,,38,PCC,B,3.1232014249141358,0.0,0.06348750052543786,0.6654155254364014,1.149999976158142,53.24800137329102,0.2335003912448883
observed_test,v2_2018_377_48h,,38,PCC,C,3.1232014249141358,0.0,0.06348750052543786,0.6654155254364014,1.149999976158142,53.24800137329102,0.2335003912448883
observed_test,v2_2018_377_48h,,39,PCC,A,2.915610662966831,0.0,0.0275708340968077,0.5210045576095581,1.149999976158142,53.24800137329102,0.23316755890846252
observed_test,v2_2018_377_48h,,39,PCC,B,2.915610662966831,0.0,0.0275708340968077,0.5210045576095581,1.149999976158142,53.24800137329102,0.23316755890846252
observed_test,v2_2018_377_48h,,39,PCC,C,2.915610662966831,0.0,0.0275708340968077,0.5210045576095581,1.149999976158142,53.24800137329102,0.23316755890846252
observed_test,v2_2018_377_48h,,40,PCC,A,2.9761405680146122,0.0,0.011774999662660634,0.5631123185157776,1.149999976158142,53.24800137329102,0.23377668857574463
observed_test,v2_2018_377_48h,,40,PCC,B,2.9761405680146122,0.0,0.011774999662660634,0.5631123185157776,1.149999976158142,53.24800137329102,0.23377668857574463
observed_test,v2_2018_377_48h,,40,PCC,C,2.9761405680146122,0.0,0.011774999662660634,0.5631123185157776,1.149999976158142,53.24800137329102,0.23377668857574463
observed_test,v2_2018_377_48h,,41,PCC,A,2.912059071852747,0.0,0.00023749998945277182,0.5185338854789734,1.149999976158142,53.24800137329102,0.22158177196979523
observed_test,v2_2018_377_48h,,41,PCC,B,2.912059071852747,0.0,0.00023749998945277182,0.5185338854789734,1.149999976158142,53.24800137329102,0.22158177196979523
observed_test,v2_2018_377_48h,,41,PCC,C,2.912059071852747,0.0,0.00023749998945277182,0.5185338854789734,1.149999976158142,53.24800137329102,0.22158177196979523
observed_test,v2_2018_377_48h,,42,PCC,A,2.888165108802557,0.0,0.0,0.501911997795105,1.149999976158142,53.24800137329102,0.21111010015010834
observed_test,v2_2018_377_48h,,42,PCC,B,2.888165108802557,0.0,0.0,0.501911997795105,1.149999976158142,53.24800137329102,0.21111010015010834
observed_test,v2_2018_377_48h,,42,PCC,C,2.888165108802557,0.0,0.0,0.501911997795105,1.149999976158142,53.24800137329102,0.21111010015010834
observed_test,v2_2018_377_48h,,43,PCC,A,2.9849615821466244,0.0,0.0,0.5692486763000488,1.149999976158142,53.24800137329102,0.21590648591518402
observed_test,v2_2018_377_48h,,43,PCC,B,2.9849615821466244,0.0,0.0,0.5692486763000488,1.149999976158142,53.24800137329102,0.21590648591518402
observed_test,v2_2018_377_48h,,43,PCC,C,2.9849615821466244,0.0,0.0,0.5692486763000488,1.149999976158142,53.24800137329102,0.21590648591518402
observed_test,v2_2018_377_48h,,44,PCC,A,2.825617614510635,0.0,0.0,0.458400696516037,1.149999976158142,53.24800137329102,0.21534132957458496
observed_test,v2_2018_377_48h,,44,PCC,B,2.825617614510635,0.0,0.0,0.458400696516037,1.149999976158142,53.24800137329102,0.21534132957458496
observed_test,v2_2018_377_48h,,44,PCC,C,2.825617614510635,0.0,0.0,0.458400696516037,1.149999976158142,53.24800137329102,0.21534132957458496
observed_test,v2_2018_377_48h,,45,PCC,A,2.740638571998929,0.0,0.0,0.39928483963012695,1.149999976158142,53.24800137329102,0.21627335250377655
observed_test,v2_2018_377_48h,,45,PCC,B,2.740638571998929,0.0,0.0,0.39928483963012695,1.149999976158142,53.24800137329102,0.21627335250377655
observed_test,v2_2018_377_48h,,45,PCC,C,2.740638571998929,0.0,0.0,0.39928483963012695,1.149999976158142,53.24800137329102,0.21627335250377655
observed_test,v2_2018_377_48h,,46,PCC,A,2.689500792288461,0.0,0.0,0.3637107312679291,1.149999976158142,53.24800137329102,0.226584330201149
observed_test,v2_2018_377_48h,,46,PCC,B,2.689500792288461,0.0,0.0,0.3637107312679291,1.149999976158142,53.24800137329102,0.226584330201149
observed_test,v2_2018_377_48h,,46,PCC,C,2.689500792288461,0.0,0.0,0.3637107312679291,1.149999976158142,53.24800137329102,0.226584330201149
observed_test,v2_2018_377_48h,,47,PCC,A,2.666340906989589,0.0,0.0,0.34759950637817383,1.149999976158142,53.24800137329102,0.24691610038280487
observed_test,v2_2018_377_48h,,47,PCC,B,2.666340906989589,0.0,0.0,0.34759950637817383,1.149999976158142,53.24800137329102,0.24691610038280487
observed_test,v2_2018_377_48h,,47,PCC,C,2.666340906989589,0.0,0.0,0.34759950637817383,1.149999976158142,53.24800137329102,0.24691610038280487
observed_test,v2_2018_376_48h,,0,PCC,A,2.589738233557025,0.0,0.0,0.29431068897247314,1.149999976158142,53.24800137329102,0.2597626745700836
observed_test,v2_2018_376_48h,,0,PCC,B,2.589738233557025,0.0,0.0,0.29431068897247314,1.149999976158142,53.24800137329102,0.2597626745700836
observed_test,v2_2018_376_48h,,0,PCC,C,2.589738233557025,0.0,0.0,0.29431068897247314,1.149999976158142,53.24800137329102,0.2597626745700836
observed_test,v2_2018_376_48h,,1,PCC,A,2.6237012928594003,0.0,0.0,0.3179371654987335,1.149999976158142,34.72425106811524,0.24439549446105957
observed_test,v2_2018_376_48h,,1,PCC,B,2.6237012928594003,0.0,0.0,0.3179371654987335,1.149999976158142,34.72425106811524,0.24439549446105957
observed_test,v2_2018_376_48h,,1,PCC,C,2.6237012928594003,0.0,0.0,0.3179371654987335,1.149999976158142,34.72425106811524,0.24439549446105957
observed_test,v2_2018_376_48h,,2,PCC,A,2.4875831211508435,0.0,0.0,0.2232462614774704,1.149999976158142,34.72425106811524,0.2325073480606079
observed_test,v2_2018_376_48h,,2,PCC,B,2.4875831211508435,0.0,0.0,0.2232462614774704,1.149999976158142,34.72425106811524,0.2325073480606079
observed_test,v2_2018_376_48h,,2,PCC,C,2.4875831211508435,0.0,0.0,0.2232462614774704,1.149999976158142,34.72425106811524,0.2325073480606079
observed_test,v2_2018_376_48h,,3,PCC,A,2.5452259178952694,0.0,0.0,0.2633455991744995,1.149999976158142,53.24800137329102,0.23248519003391266
observed_test,v2_2018_376_48h,,3,PCC,B,2.5452259178952694,0.0,0.0,0.2633455991744995,1.149999976158142,53.24800137329102,0.23248519003391266
observed_test,v2_2018_376_48h,,3,PCC,C,2.5452259178952694,0.0,0.0,0.2633455991744995,1.149999976158142,53.24800137329102,0.23248519003391266
observed_test,v2_2018_376_48h,,4,PCC,A,2.6066056994782514,0.0,0.0,0.3060445785522461,1.149999976158142,53.24800137329102,0.23208357393741608
observed_test,v2_2018_376_48h,,4,PCC,B,2.6066056994782514,0.0,0.0,0.3060445785522461,1.149999976158142,53.24800137329102,0.23208357393741608
observed_test,v2_2018_376_48h,,4,PCC,C,2.6066056994782514,0.0,0.0,0.3060445785522461,1.149999976158142,53.24800137329102,0.23208357393741608
observed_test,v2_2018_376_48h,,5,PCC,A,2.5763726205374935,0.0,0.0,0.2850128710269928,1.149999976158142,53.24800137329102,0.22259627282619476
observed_test,v2_2018_376_48h,,5,PCC,B,2.5763726205374935,0.0,0.0,0.2850128710269928,1.149999976158142,53.24800137329102,0.22259627282619476
observed_test,v2_2018_376_48h,,5,PCC,C,2.5763726205374935,0.0,0.0,0.2850128710269928,1.149999976158142,53.24800137329102,0.22259627282619476
observed_test,v2_2018_376_48h,,6,PCC,A,2.7605416539868575,0.0,0.0,0.4131304621696472,1.149999976158142,121.88174847412108,0.21117563545703888
observed_test,v2_2018_376_48h,,6,PCC,B,2.7605416539868575,0.0,0.0,0.4131304621696472,1.149999976158142,121.88174847412108,0.21117563545703888
observed_test,v2_2018_376_48h,,6,PCC,C,2.7605416539868575,0.0,0.0,0.4131304621696472,1.149999976158142,121.88174847412108,0.21117563545703888
observed_test,v2_2018_376_48h,,7,PCC,A,3.0129513006293838,0.0,0.0,0.5887197852134705,1.149999976158142,121.88174847412108,0.21133123338222504
observed_test,v2_2018_376_48h,,7,PCC,B,3.0129513006293838,0.0,0.0,0.5887197852134705,1.149999976158142,121.88174847412108,0.21133123338222504
observed_test,v2_2018_376_48h,,7,PCC,C,3.0129513006293838,0.0,0.0,0.5887197852134705,1.149999976158142,121.88174847412108,0.21133123338222504
observed_test,v2_2018_376_48h,,8,PCC,A,2.7649040079514635,0.0,0.3758500115229533,0.41616514325141907,1.149999976158142,121.88174847412108,0.21705465018749237
observed_test,v2_2018_376_48h,,8,PCC,B,2.7649040079514635,0.0,0.3758500115229533,0.41616514325141907,1.149999976158142,121.88174847412108,0.21705465018749237
observed_test,v2_2018_376_48h,,8,PCC,C,2.7649040079514635,0.0,0.3758500115229533,0.41616514325141907,1.149999976158142,121.88174847412108,0.21705465018749237
observed_test,v2_2018_376_48h,,9,PCC,A,2.9051724072175276,0.0,0.7684750052598806,0.5137431621551514,1.149999976158142,121.88174847412108,0.22935323417186737
observed_test,v2_2018_376_48h,,9,PCC,B,2.9051724072175276,0.0,0.7684750052598806,0.5137431621551514,1.149999976158142,121.88174847412108,0.22935323417186737
observed_test,v2_2018_376_48h,,9,PCC,C,2.9051724072175276,0.0,0.7684750052598806,0.5137431621551514,1.149999976158142,121.88174847412108,0.22935323417186737
observed_test,v2_2018_376_48h,,10,PCC,A,2.6904467608222724,0.0,1.0292582787000215,0.3643687963485718,1.149999976158142,53.24800137329102,0.24294805526733398
observed_test,v2_2018_376_48h,,10,PCC,B,2.6904467608222724,0.0,1.0292582787000215,0.3643687963485718,1.149999976158142,53.24800137329102,0.24294805526733398
observed_test,v2_2018_376_48h,,10,PCC,C,2.6904467608222724,0.0,1.0292582787000215,0.3643687963485718,1.149999976158142,53.24800137329102,0.24294805526733398
observed_test,v2_2018_376_48h,,11,PCC,A,2.686130632121376,0.0,1.1780791557752168,0.36136627197265625,1.149999976158142,53.24800137329102,0.25131502747535706
observed_test,v2_2018_376_48h,,11,PCC,B,2.686130632121376,0.0,1.1780791557752168,0.36136627197265625,1.149999976158142,53.24800137329102,0.25131502747535706
observed_test,v2_2018_376_48h,,11,PCC,C,2.686130632121376,0.0,1.1780791557752168,0.36136627197265625,1.149999976158142,53.24800137329102,0.25131502747535706
observed_test,v2_2018_376_48h,,12,PCC,A,2.940481482794702,0.0,1.2306125118182254,0.5383059978485107,1.149999976158142,34.72425106811524,0.2648908197879791
observed_test,v2_2018_376_48h,,12,PCC,B,2.940481482794702,0.0,1.2306125118182254,0.5383059978485107,1.149999976158142,34.72425106811524,0.2648908197879791
observed_test,v2_2018_376_48h,,12,PCC,C,2.940481482794702,0.0,1.2306125118182254,0.5383059978485107,1.149999976158142,34.72425106811524,0.2648908197879791
observed_test,v2_2018_376_48h,,13,PCC,A,3.033735447282245,0.0,1.19011253118515,0.6031783223152161,1.149999976158142,34.72425106811524,0.26591014862060547
observed_test,v2_2018_376_48h,,13,PCC,B,3.033735447282245,0.0,1.19011253118515,0.6031783223152161,1.149999976158142,34.72425106811524,0.26591014862060547
observed_test,v2_2018_376_48h,,13,PCC,C,3.033735447282245,0.0,1.19011253118515,0.6031783223152161,1.149999976158142,34.72425106811524,0.26591014862060547
observed_test,v2_2018_376_48h,,14,PCC,A,3.1232014249141358,0.0,1.059383383164039,0.6654155254364014,1.149999976158142,34.72425106811524,0.2263147383928299
observed_test,v2_2018_376_48h,,14,PCC,B,3.1232014249141358,0.0,1.059383383164039,0.6654155254364014,1.149999976158142,34.72425106811524,0.2263147383928299
observed_test,v2_2018_376_48h,,14,PCC,C,3.1232014249141358,0.0,1.059383383164039,0.6654155254364014,1.149999976158142,34.72425106811524,0.2263147383928299
observed_test,v2_2018_376_48h,,15,PCC,A,2.915610662966831,0.0,0.8320874892748318,0.5210045576095581,1.149999976158142,34.72425106811524,0.2273654192686081
observed_test,v2_2018_376_48h,,15,PCC,B,2.915610662966831,0.0,0.8320874892748318,0.5210045576095581,1.149999976158142,34.72425106811524,0.2273654192686081
observed_test,v2_2018_376_48h,,15,PCC,C,2.915610662966831,0.0,0.8320874892748318,0.5210045576095581,1.149999976158142,34.72425106811524,0.2273654192686081
observed_test,v2_2018_376_48h,,16,PCC,A,2.9761405680146122,0.0,0.4978249852473919,0.5631123185157776,1.149999976158142,53.24800137329102,0.23022745549678802
observed_test,v2_2018_376_48h,,16,PCC,B,2.9761405680146122,0.0,0.4978249852473919,0.5631123185157776,1.149999976158142,53.24800137329102,0.23022745549678802
observed_test,v2_2018_376_48h,,16,PCC,C,2.9761405680146122,0.0,0.4978249852473919,0.5631123185157776,1.149999976158142,53.24800137329102,0.23022745549678802
observed_test,v2_2018_376_48h,,17,PCC,A,2.912059071852747,0.0,0.08339166927796143,0.5185338854789734,1.149999976158142,53.24800137329102,0.23224830627441406
observed_test,v2_2018_376_48h,,17,PCC,B,2.912059071852747,0.0,0.08339166927796143,0.5185338854789734,1.149999976158142,53.24800137329102,0.23224830627441406
observed_test,v2_2018_376_48h,,17,PCC,C,2.912059071852747,0.0,0.08339166927796143,0.5185338854789734,1.149999976158142,53.24800137329102,0.23224830627441406
observed_test,v2_2018_376_48h,,18,PCC,A,2.888165108802557,0.0,0.0,0.501911997795105,1.149999976158142,53.24800137329102,0.23508720099925995
observed_test,v2_2018_376_48h,,18,PCC,B,2.888165108802557,0.0,0.0,0.501911997795105,1.149999976158142,53.24800137329102,0.23508720099925995
observed_test,v2_2018_376_48h,,18,PCC,C,2.888165108802557,0.0,0.0,0.501911997795105,1.149999976158142,53.24800137329102,0.23508720099925995
observed_test,v2_2018_376_48h,,19,PCC,A,2.9849615821466244,0.0,0.0,0.5692486763000488,1.149999976158142,53.24800137329102,0.2324305921792984
observed_test,v2_2018_376_48h,,19,PCC,B,2.9849615821466244,0.0,0.0,0.5692486763000488,1.149999976158142,53.24800137329102,0.2324305921792984
observed_test,v2_2018_376_48h,,19,PCC,C,2.9849615821466244,0.0,0.0,0.5692486763000488,1.149999976158142,53.24800137329102,0.2324305921792984
observed_test,v2_2018_376_48h,,20,PCC,A,2.825617614510635,0.0,0.0,0.458400696516037,1.149999976158142,53.24800137329102,0.23353058099746704
observed_test,v2_2018_376_48h,,20,PCC,B,2.825617614510635,0.0,0.0,0.458400696516037,1.149999976158142,53.24800137329102,0.23353058099746704
observed_test,v2_2018_376_48h,,20,PCC,C,2.825617614510635,0.0,0.0,0.458400696516037,1.149999976158142,53.24800137329102,0.23353058099746704
observed_test,v2_2018_376_48h,,21,PCC,A,2.740638571998929,0.0,0.0,0.39928483963012695,1.149999976158142,53.24800137329102,0.24686963856220245
observed_test,v2_2018_376_48h,,21,PCC,B,2.740638571998929,0.0,0.0,0.39928483963012695,1.149999976158142,53.24800137329102,0.24686963856220245
observed_test,v2_2018_376_48h,,21,PCC,C,2.740638571998929,0.0,0.0,0.39928483963012695,1.149999976158142,53.24800137329102,0.24686963856220245
observed_test,v2_2018_376_48h,,22,PCC,A,2.689500792288461,0.0,0.0,0.3637107312679291,1.149999976158142,53.24800137329102,0.26785197854042053
observed_test,v2_2018_376_48h,,22,PCC,B,2.689500792288461,0.0,0.0,0.3637107312679291,1.149999976158142,53.24800137329102,0.26785197854042053
observed_test,v2_2018_376_48h,,22,PCC,C,2.689500792288461,0.0,0.0,0.3637107312679291,1.149999976158142,53.24800137329102,0.26785197854042053
observed_test,v2_2018_376_48h,,23,PCC,A,2.666340906989589,0.0,0.0,0.34759950637817383,1.149999976158142,53.24800137329102,0.2769745886325836
observed_test,v2_2018_376_48h,,23,PCC,B,2.666340906989589,0.0,0.0,0.34759950637817383,1.149999976158142,53.24800137329102,0.2769745886325836
observed_test,v2_2018_376_48h,,23,PCC,C,2.666340906989589,0.0,0.0,0.34759950637817383,1.149999976158142,53.24800137329102,0.2769745886325836
observed_test,v2_2018_376_48h,,24,PCC,A,2.589738233557025,0.0,0.0,0.29431068897247314,1.149999976158142,53.24800137329102,0.2671167552471161
observed_test,v2_2018_376_48h,,24,PCC,B,2.589738233557025,0.0,0.0,0.29431068897247314,1.149999976158142,53.24800137329102,0.2671167552471161
observed_test,v2_2018_376_48h,,24,PCC,C,2.589738233557025,0.0,0.0,0.29431068897247314,1.149999976158142,53.24800137329102,0.2671167552471161
observed_test,v2_2018_376_48h,,25,PCC,A,2.6237012928594003,0.0,0.0,0.3179371654987335,1.149999976158142,34.72425106811524,0.253480464220047
observed_test,v2_2018_376_48h,,25,PCC,B,2.6237012928594003,0.0,0.0,0.3179371654987335,1.149999976158142,34.72425106811524,0.253480464220047
observed_test,v2_2018_376_48h,,25,PCC,C,2.6237012928594003,0.0,0.0,0.3179371654987335,1.149999976158142,34.72425106811524,0.253480464220047
observed_test,v2_2018_376_48h,,26,PCC,A,2.4875831211508435,0.0,0.0,0.2232462614774704,1.149999976158142,34.72425106811524,0.24217432737350464
observed_test,v2_2018_376_48h,,26,PCC,B,2.4875831211508435,0.0,0.0,0.2232462614774704,1.149999976158142,34.72425106811524,0.24217432737350464
observed_test,v2_2018_376_48h,,26,PCC,C,2.4875831211508435,0.0,0.0,0.2232462614774704,1.149999976158142,34.72425106811524,0.24217432737350464
observed_test,v2_2018_376_48h,,27,PCC,A,2.5452259178952694,0.0,0.0,0.2633455991744995,1.149999976158142,53.24800137329102,0.24943625926971436
observed_test,v2_2018_376_48h,,27,PCC,B,2.5452259178952694,0.0,0.0,0.2633455991744995,1.149999976158142,53.24800137329102,0.24943625926971436
observed_test,v2_2018_376_48h,,27,PCC,C,2.5452259178952694,0.0,0.0,0.2633455991744995,1.149999976158142,53.24800137329102,0.24943625926971436
observed_test,v2_2018_376_48h,,28,PCC,A,2.6066056994782514,0.0,0.0,0.3060445785522461,1.149999976158142,53.24800137329102,0.24825505912303925
observed_test,v2_2018_376_48h,,28,PCC,B,2.6066056994782514,0.0,0.0,0.3060445785522461,1.149999976158142,53.24800137329102,0.24825505912303925
observed_test,v2_2018_376_48h,,28,PCC,C,2.6066056994782514,0.0,0.0,0.3060445785522461,1.149999976158142,53.24800137329102,0.24825505912303925
observed_test,v2_2018_376_48h,,29,PCC,A,2.5763726205374935,0.0,0.0,0.2850128710269928,1.149999976158142,53.24800137329102,0.23179291188716888
observed_test,v2_2018_376_48h,,29,PCC,B,2.5763726205374935,0.0,0.0,0.2850128710269928,1.149999976158142,53.24800137329102,0.23179291188716888
observed_test,v2_2018_376_48h,,29,PCC,C,2.5763726205374935,0.0,0.0,0.2850128710269928,1.149999976158142,53.24800137329102,0.23179291188716888
observed_test,v2_2018_376_48h,,30,PCC,A,2.7605416539868575,0.0,0.0,0.4131304621696472,1.149999976158142,121.88174847412108,0.22160188853740692
observed_test,v2_2018_376_48h,,30,PCC,B,2.7605416539868575,0.0,0.0,0.4131304621696472,1.149999976158142,121.88174847412108,0.22160188853740692
observed_test,v2_2018_376_48h,,30,PCC,C,2.7605416539868575,0.0,0.0,0.4131304621696472,1.149999976158142,121.88174847412108,0.22160188853740692
observed_test,v2_2018_376_48h,,31,PCC,A,3.0129513006293838,0.0,0.0,0.5887197852134705,1.149999976158142,121.88174847412108,0.21815140545368195
observed_test,v2_2018_376_48h,,31,PCC,B,3.0129513006293838,0.0,0.0,0.5887197852134705,1.149999976158142,121.88174847412108,0.21815140545368195
observed_test,v2_2018_376_48h,,31,PCC,C,3.0129513006293838,0.0,0.0,0.5887197852134705,1.149999976158142,121.88174847412108,0.21815140545368195
observed_test,v2_2018_376_48h,,32,PCC,A,2.7649040079514635,0.0,0.26142915280965656,0.41616514325141907,1.149999976158142,121.88174847412108,0.2183690369129181
observed_test,v2_2018_376_48h,,32,PCC,B,2.7649040079514635,0.0,0.26142915280965656,0.41616514325141907,1.149999976158142,121.88174847412108,0.2183690369129181
observed_test,v2_2018_376_48h,,32,PCC,C,2.7649040079514635,0.0,0.26142915280965656,0.41616514325141907,1.149999976158142,121.88174847412108,0.2183690369129181
observed_test,v2_2018_376_48h,,33,PCC,A,2.9051724072175276,0.0,0.5662750166196089,0.5137431621551514,1.149999976158142,121.88174847412108,0.22328698635101318
observed_test,v2_2018_376_48h,,33,PCC,B,2.9051724072175276,0.0,0.5662750166196089,0.5137431621551514,1.149999976158142,121.88174847412108,0.22328698635101318
observed_test,v2_2018_376_48h,,33,PCC,C,2.9051724072175276,0.0,0.5662750166196089,0.5137431621551514,1.149999976158142,121.88174847412108,0.22328698635101318
observed_test,v2_2018_376_48h,,34,PCC,A,2.6904467608222724,0.0,0.7705374979055843,0.3643687963485718,1.149999976158142,53.24800137329102,0.23920482397079468
observed_test,v2_2018_376_48h,,34,PCC,B,2.6904467608222724,0.0,0.7705374979055843,0.3643687963485718,1.149999976158142,53.24800137329102,0.23920482397079468
observed_test,v2_2018_376_48h,,34,PCC,C,2.6904467608222724,0.0,0.7705374979055843,0.3643687963485718,1.149999976158142,53.24800137329102,0.23920482397079468
observed_test,v2_2018_376_48h,,35,PCC,A,2.686130632121376,0.0,0.8230749804240006,0.36136627197265625,1.149999976158142,53.24800137329102,0.2592657804489136
observed_test,v2_2018_376_48h,,35,PCC,B,2.686130632121376,0.0,0.8230749804240006,0.36136627197265625,1.149999976158142,53.24800137329102,0.2592657804489136
observed_test,v2_2018_376_48h,,35,PCC,C,2.686130632121376,0.0,0.8230749804240006,0.36136627197265625,1.149999976158142,53.24800137329102,0.2592657804489136
observed_test,v2_2018_376_48h,,36,PCC,A,2.940481482794702,0.0,0.841529151568046,0.5383059978485107,1.149999976158142,34.72425106811524,0.2654508352279663
observed_test,v2_2018_376_48h,,36,PCC,B,2.940481482794702,0.0,0.841529151568046,0.5383059978485107,1.149999976158142,34.72425106811524,0.2654508352279663
observed_test,v2_2018_376_48h,,36,PCC,C,2.940481482794702,0.0,0.841529151568046,0.5383059978485107,1.149999976158142,34.72425106811524,0.2654508352279663
observed_test,v2_2018_376_48h,,37,PCC,A,3.033735447282245,0.0,0.8327999940285316,0.6031783223152161,1.149999976158142,34.72425106811524,0.26428574323654175
observed_test,v2_2018_376_48h,,37,PCC,B,3.033735447282245,0.0,0.8327999940285316,0.6031783223152161,1.149999976158142,34.72425106811524,0.26428574323654175
observed_test,v2_2018_376_48h,,37,PCC,C,3.033735447282245,0.0,0.8327999940285316,0.6031783223152161,1.149999976158142,34.72425106811524,0.26428574323654175
observed_test,v2_2018_376_48h,,38,PCC,A,3.1232014249141358,0.0,0.6688708296188941,0.6654155254364014,1.149999976158142,34.72425106811524,0.2717510163784027
observed_test,v2_2018_376_48h,,38,PCC,B,3.1232014249141358,0.0,0.6688708296188941,0.6654155254364014,1.149999976158142,34.72425106811524,0.2717510163784027
observed_test,v2_2018_376_48h,,38,PCC,C,3.1232014249141358,0.0,0.6688708296188941,0.6654155254364014,1.149999976158142,34.72425106811524,0.2717510163784027
observed_test,v2_2018_376_48h,,39,PCC,A,2.915610662966831,0.0,0.41844999560943014,0.5210045576095581,1.149999976158142,34.72425106811524,0.2733449637889862
observed_test,v2_2018_376_48h,,39,PCC,B,2.915610662966831,0.0,0.41844999560943014,0.5210045576095581,1.149999976158142,34.72425106811524,0.2733449637889862
observed_test,v2_2018_376_48h,,39,PCC,C,2.915610662966831,0.0,0.41844999560943014,0.5210045576095581,1.149999976158142,34.72425106811524,0.2733449637889862
observed_test,v2_2018_376_48h,,40,PCC,A,2.9761405680146122,0.0,0.17934583414059416,0.5631123185157776,1.149999976158142,53.24800137329102,0.2715685963630676
observed_test,v2_2018_376_48h,,40,PCC,B,2.9761405680146122,0.0,0.17934583414059416,0.5631123185157776,1.149999976158142,53.24800137329102,0.2715685963630676
observed_test,v2_2018_376_48h,,40,PCC,C,2.9761405680146122,0.0,0.17934583414059416,0.5631123185157776,1.149999976158142,53.24800137329102,0.2715685963630676
observed_test,v2_2018_376_48h,,41,PCC,A,2.912059071852747,0.0,0.03674583366284003,0.5185338854789734,1.149999976158142,53.24800137329102,0.2635834217071533
observed_test,v2_2018_376_48h,,41,PCC,B,2.912059071852747,0.0,0.03674583366284003,0.5185338854789734,1.149999976158142,53.24800137329102,0.2635834217071533
observed_test,v2_2018_376_48h,,41,PCC,C,2.912059071852747,0.0,0.03674583366284003,0.5185338854789734,1.149999976158142,53.24800137329102,0.2635834217071533
observed_test,v2_2018_376_48h,,42,PCC,A,2.888165108802557,0.0,0.0,0.501911997795105,1.149999976158142,53.24800137329102,0.2650112509727478
observed_test,v2_2018_376_48h,,42,PCC,B,2.888165108802557,0.0,0.0,0.501911997795105,1.149999976158142,53.24800137329102,0.2650112509727478
observed_test,v2_2018_376_48h,,42,PCC,C,2.888165108802557,0.0,0.0,0.501911997795105,1.149999976158142,53.24800137329102,0.2650112509727478
observed_test,v2_2018_376_48h,,43,PCC,A,2.9849615821466244,0.0,0.0,0.5692486763000488,1.149999976158142,53.24800137329102,0.2647228240966797
observed_test,v2_2018_376_48h,,43,PCC,B,2.9849615821466244,0.0,0.0,0.5692486763000488,1.149999976158142,53.24800137329102,0.2647228240966797
observed_test,v2_2018_376_48h,,43,PCC,C,2.9849615821466244,0.0,0.0,0.5692486763000488,1.149999976158142,53.24800137329102,0.2647228240966797
observed_test,v2_2018_376_48h,,44,PCC,A,2.825617614510635,0.0,0.0,0.458400696516037,1.149999976158142,53.24800137329102,0.2669733464717865
observed_test,v2_2018_376_48h,,44,PCC,B,2.825617614510635,0.0,0.0,0.458400696516037,1.149999976158142,53.24800137329102,0.2669733464717865
observed_test,v2_2018_376_48h,,44,PCC,C,2.825617614510635,0.0,0.0,0.458400696516037,1.149999976158142,53.24800137329102,0.2669733464717865
observed_test,v2_2018_376_48h,,45,PCC,A,2.740638571998929,0.0,0.0,0.39928483963012695,1.149999976158142,53.24800137329102,0.26793980598449707
observed_test,v2_2018_376_48h,,45,PCC,B,2.740638571998929,0.0,0.0,0.39928483963012695,1.149999976158142,53.24800137329102,0.26793980598449707
observed_test,v2_2018_376_48h,,45,PCC,C,2.740638571998929,0.0,0.0,0.39928483963012695,1.149999976158142,53.24800137329102,0.26793980598449707
observed_test,v2_2018_376_48h,,46,PCC,A,2.689500792288461,0.0,0.0,0.3637107312679291,1.149999976158142,53.24800137329102,0.2686484754085541
observed_test,v2_2018_376_48h,,46,PCC,B,2.689500792288461,0.0,0.0,0.3637107312679291,1.149999976158142,53.24800137329102,0.2686484754085541
observed_test,v2_2018_376_48h,,46,PCC,C,2.689500792288461,0.0,0.0,0.3637107312679291,1.149999976158142,53.24800137329102,0.2686484754085541
observed_test,v2_2018_376_48h,,47,PCC,A,2.666340906989589,0.0,0.0,0.34759950637817383,1.149999976158142,53.24800137329102,0.26784855127334595
observed_test,v2_2018_376_48h,,47,PCC,B,2.666340906989589,0.0,0.0,0.34759950637817383,1.149999976158142,53.24800137329102,0.26784855127334595
observed_test,v2_2018_376_48h,,47,PCC,C,2.666340906989589,0.0,0.0,0.34759950637817383,1.149999976158142,53.24800137329102,0.26784855127334595
observed_test,v2_2018_542_48h,,0,PCC,A,2.589738233557025,0.0,0.0,0.29431068897247314,1.149999976158142,53.24800137329102,0.3395504057407379
observed_test,v2_2018_542_48h,,0,PCC,B,2.589738233557025,0.0,0.0,0.29431068897247314,1.149999976158142,53.24800137329102,0.3395504057407379
observed_test,v2_2018_542_48h,,0,PCC,C,2.589738233557025,0.0,0.0,0.29431068897247314,1.149999976158142,53.24800137329102,0.3395504057407379
observed_test,v2_2018_542_48h,,1,PCC,A,2.6237012928594003,0.0,0.0,0.3179371654987335,1.149999976158142,53.24800137329102,0.3584844470024109
observed_test,v2_2018_542_48h,,1,PCC,B,2.6237012928594003,0.0,0.0,0.3179371654987335,1.149999976158142,53.24800137329102,0.3584844470024109
observed_test,v2_2018_542_48h,,1,PCC,C,2.6237012928594003,0.0,0.0,0.3179371654987335,1.149999976158142,53.24800137329102,0.3584844470024109
observed_test,v2_2018_542_48h,,2,PCC,A,2.4875831211508435,0.0,0.0,0.2232462614774704,1.149999976158142,53.24800137329102,0.3493867814540863
observed_test,v2_2018_542_48h,,2,PCC,B,2.4875831211508435,0.0,0.0,0.2232462614774704,1.149999976158142,53.24800137329102,0.3493867814540863
observed_test,v2_2018_542_48h,,2,PCC,C,2.4875831211508435,0.0,0.0,0.2232462614774704,1.149999976158142,53.24800137329102,0.3493867814540863
observed_test,v2_2018_542_48h,,3,PCC,A,2.5452259178952694,0.0,0.0,0.2633455991744995,1.149999976158142,53.24800137329102,0.34039369225502014
observed_test,v2_2018_542_48h,,3,PCC,B,2.5452259178952694,0.0,0.0,0.2633455991744995,1.149999976158142,53.24800137329102,0.34039369225502014
observed_test,v2_2018_542_48h,,3,PCC,C,2.5452259178952694,0.0,0.0,0.2633455991744995,1.149999976158142,53.24800137329102,0.34039369225502014
observed_test,v2_2018_542_48h,,4,PCC,A,2.6066056994782514,0.0,0.0,0.3060445785522461,1.149999976158142,53.24800137329102,0.3419335186481476
observed_test,v2_2018_542_48h,,4,PCC,B,2.6066056994782514,0.0,0.0,0.3060445785522461,1.149999976158142,53.24800137329102,0.3419335186481476
observed_test,v2_2018_542_48h,,4,PCC,C,2.6066056994782514,0.0,0.0,0.3060445785522461,1.149999976158142,53.24800137329102,0.3419335186481476
observed_test,v2_2018_542_48h,,5,PCC,A,2.5763726205374935,0.0,0.0,0.2850128710269928,1.149999976158142,53.24800137329102,0.34306105971336365
observed_test,v2_2018_542_48h,,5,PCC,B,2.5763726205374935,0.0,0.0,0.2850128710269928,1.149999976158142,53.24800137329102,0.34306105971336365
observed_test,v2_2018_542_48h,,5,PCC,C,2.5763726205374935,0.0,0.0,0.2850128710269928,1.149999976158142,53.24800137329102,0.34306105971336365
observed_test,v2_2018_542_48h,,6,PCC,A,2.7605416539868575,0.0,0.0,0.4131304621696472,1.149999976158142,53.24800137329102,0.3405168056488037
observed_test,v2_2018_542_48h,,6,PCC,B,2.7605416539868575,0.0,0.0,0.4131304621696472,1.149999976158142,53.24800137329102,0.3405168056488037
observed_test,v2_2018_542_48h,,6,PCC,C,2.7605416539868575,0.0,0.0,0.4131304621696472,1.149999976158142,53.24800137329102,0.3405168056488037
observed_test,v2_2018_542_48h,,7,PCC,A,3.0129513006293838,0.0,0.0,0.5887197852134705,1.149999976158142,53.24800137329102,0.3422624468803406
observed_test,v2_2018_542_48h,,7,PCC,B,3.0129513006293838,0.0,0.0,0.5887197852134705,1.149999976158142,53.24800137329102,0.3422624468803406
observed_test,v2_2018_542_48h,,7,PCC,C,3.0129513006293838,0.0,0.0,0.5887197852134705,1.149999976158142,53.24800137329102,0.3422624468803406
observed_test,v2_2018_542_48h,,8,PCC,A,2.7649040079514635,0.0,0.3588416541998203,0.41616514325141907,1.149999976158142,53.24800137329102,0.3416255712509155
observed_test,v2_2018_542_48h,,8,PCC,B,2.7649040079514635,0.0,0.3588416541998203,0.41616514325141907,1.149999976158142,53.24800137329102,0.3416255712509155
observed_test,v2_2018_542_48h,,8,PCC,C,2.7649040079514635,0.0,0.3588416541998203,0.41616514325141907,1.149999976158142,53.24800137329102,0.3416255712509155
observed_test,v2_2018_542_48h,,9,PCC,A,2.9051724072175276,0.0,0.72754999765983,0.5137431621551514,1.149999976158142,53.24800137329102,0.34979093074798584
observed_test,v2_2018_542_48h,,9,PCC,B,2.9051724072175276,0.0,0.72754999765983,0.5137431621551514,1.149999976158142,53.24800137329102,0.34979093074798584
observed_test,v2_2018_542_48h,,9,PCC,C,2.9051724072175276,0.0,0.72754999765983,0.5137431621551514,1.149999976158142,53.24800137329102,0.34979093074798584
observed_test,v2_2018_542_48h,,10,PCC,A,2.6904467608222724,0.0,0.953833357645915,0.3643687963485718,1.149999976158142,53.24800137329102,0.3513350784778595
observed_test,v2_2018_542_48h,,10,PCC,B,2.6904467608222724,0.0,0.953833357645915,0.3643687963485718,1.149999976158142,53.24800137329102,0.3513350784778595
observed_test,v2_2018_542_48h,,10,PCC,C,2.6904467608222724,0.0,0.953833357645915,0.3643687963485718,1.149999976158142,53.24800137329102,0.3513350784778595
observed_test,v2_2018_542_48h,,11,PCC,A,2.686130632121376,0.0,1.0817833817922151,0.36136627197265625,1.149999976158142,53.24800137329102,0.352043479681015
observed_test,v2_2018_542_48h,,11,PCC,B,2.686130632121376,0.0,1.0817833817922151,0.36136627197265625,1.149999976158142,53.24800137329102,0.352043479681015
observed_test,v2_2018_542_48h,,11,PCC,C,2.686130632121376,0.0,1.0817833817922151,0.36136627197265625,1.149999976158142,53.24800137329102,0.352043479681015
observed_test,v2_2018_542_48h,,12,PCC,A,2.940481482794702,0.0,1.118341661416567,0.5383059978485107,1.149999976158142,53.24800137329102,0.35197725892066956
observed_test,v2_2018_542_48h,,12,PCC,B,2.940481482794702,0.0,1.118341661416567,0.5383059978485107,1.149999976158142,53.24800137329102,0.35197725892066956
observed_test,v2_2018_542_48h,,12,PCC,C,2.940481482794702,0.0,1.118341661416567,0.5383059978485107,1.149999976158142,53.24800137329102,0.35197725892066956
observed_test,v2_2018_542_48h,,13,PCC,A,3.033735447282245,0.0,1.041087508201599,0.6031783223152161,1.149999976158142,53.24800137329102,0.3435025215148926
observed_test,v2_2018_542_48h,,13,PCC,B,3.033735447282245,0.0,1.041087508201599,0.6031783223152161,1.149999976158142,53.24800137329102,0.3435025215148926
observed_test,v2_2018_542_48h,,13,PCC,C,3.033735447282245,0.0,1.041087508201599,0.6031783223152161,1.149999976158142,53.24800137329102,0.3435025215148926
observed_test,v2_2018_542_48h,,14,PCC,A,3.1232014249141358,0.0,0.5646666655173668,0.6654155254364014,1.149999976158142,53.24800137329102,0.33751198649406433
observed_test,v2_2018_542_48h,,14,PCC,B,3.1232014249141358,0.0,0.5646666655173668,0.6654155254364014,1.149999976158142,53.24800137329102,0.33751198649406433
observed_test,v2_2018_542_48h,,14,PCC,C,3.1232014249141358,0.0,0.5646666655173668,0.6654155254364014,1.149999976158142,53.24800137329102,0.33751198649406433
observed_test,v2_2018_542_48h,,15,PCC,A,2.915610662966831,0.0,0.1549166698868458,0.5210045576095581,1.149999976158142,53.24800137329102,0.3310859501361847
observed_test,v2_2018_542_48h,,15,PCC,B,2.915610662966831,0.0,0.1549166698868458,0.5210045576095581,1.149999976158142,53.24800137329102,0.3310859501361847
observed_test,v2_2018_542_48h,,15,PCC,C,2.915610662966831,0.0,0.1549166698868458,0.5210045576095581,1.149999976158142,53.24800137329102,0.3310859501361847
observed_test,v2_2018_542_48h,,16,PCC,A,2.9761405680146122,0.0,0.05527916722572767,0.5631123185157776,1.149999976158142,53.24800137329102,0.32164841890335083
observed_test,v2_2018_542_48h,,16,PCC,B,2.9761405680146122,0.0,0.05527916722572767,0.5631123185157776,1.149999976158142,53.24800137329102,0.32164841890335083
observed_test,v2_2018_542_48h,,16,PCC,C,2.9761405680146122,0.0,0.05527916722572767,0.5631123185157776,1.149999976158142,53.24800137329102,0.32164841890335083
observed_test,v2_2018_542_48h,,17,PCC,A,2.912059071852747,0.0,0.0,0.5185338854789734,1.149999976158142,53.24800137329102,0.2997533977031708
observed_test,v2_2018_542_48h,,17,PCC,B,2.912059071852747,0.0,0.0,0.5185338854789734,1.149999976158142,53.24800137329102,0.2997533977031708
observed_test,v2_2018_542_48h,,17,PCC,C,2.912059071852747,0.0,0.0,0.5185338854789734,1.149999976158142,53.24800137329102,0.2997533977031708
observed_test,v2_2018_542_48h,,18,PCC,A,2.888165108802557,0.0,0.0,0.501911997795105,1.149999976158142,53.24800137329102,0.2852819263935089
observed_test,v2_2018_542_48h,,18,PCC,B,2.888165108802557,0.0,0.0,0.501911997795105,1.149999976158142,53.24800137329102,0.2852819263935089
observed_test,v2_2018_542_48h,,18,PCC,C,2.888165108802557,0.0,0.0,0.501911997795105,1.149999976158142,53.24800137329102,0.2852819263935089
observed_test,v2_2018_542_48h,,19,PCC,A,2.9849615821466244,0.0,0.0,0.5692486763000488,1.149999976158142,53.24800137329102,0.2762019634246826
observed_test,v2_2018_542_48h,,19,PCC,B,2.9849615821466244,0.0,0.0,0.5692486763000488,1.149999976158142,53.24800137329102,0.2762019634246826
observed_test,v2_2018_542_48h,,19,PCC,C,2.9849615821466244,0.0,0.0,0.5692486763000488,1.149999976158142,53.24800137329102,0.2762019634246826
observed_test,v2_2018_542_48h,,20,PCC,A,2.825617614510635,0.0,0.0,0.458400696516037,1.149999976158142,53.24800137329102,0.2631073296070099
observed_test,v2_2018_542_48h,,20,PCC,B,2.825617614510635,0.0,0.0,0.458400696516037,1.149999976158142,53.24800137329102,0.2631073296070099
observed_test,v2_2018_542_48h,,20,PCC,C,2.825617614510635,0.0,0.0,0.458400696516037,1.149999976158142,53.24800137329102,0.2631073296070099
observed_test,v2_2018_542_48h,,21,PCC,A,2.740638571998929,0.0,0.0,0.39928483963012695,1.149999976158142,53.24800137329102,0.2648462951183319
observed_test,v2_2018_542_48h,,21,PCC,B,2.740638571998929,0.0,0.0,0.39928483963012695,1.149999976158142,53.24800137329102,0.2648462951183319
observed_test,v2_2018_542_48h,,21,PCC,C,2.740638571998929,0.0,0.0,0.39928483963012695,1.149999976158142,53.24800137329102,0.2648462951183319
observed_test,v2_2018_542_48h,,22,PCC,A,2.689500792288461,0.0,0.0,0.3637107312679291,1.149999976158142,53.24800137329102,0.27600327134132385
observed_test,v2_2018_542_48h,,22,PCC,B,2.689500792288461,0.0,0.0,0.3637107312679291,1.149999976158142,53.24800137329102,0.27600327134132385
observed_test,v2_2018_542_48h,,22,PCC,C,2.689500792288461,0.0,0.0,0.3637107312679291,1.149999976158142,53.24800137329102,0.27600327134132385
observed_test,v2_2018_542_48h,,23,PCC,A,2.666340906989589,0.0,0.0,0.34759950637817383,1.149999976158142,53.24800137329102,0.279354065656662
observed_test,v2_2018_542_48h,,23,PCC,B,2.666340906989589,0.0,0.0,0.34759950637817383,1.149999976158142,53.24800137329102,0.279354065656662
observed_test,v2_2018_542_48h,,23,PCC,C,2.666340906989589,0.0,0.0,0.34759950637817383,1.149999976158142,53.24800137329102,0.279354065656662
observed_test,v2_2018_542_48h,,24,PCC,A,2.589738233557025,0.0,0.0,0.29431068897247314,1.149999976158142,53.24800137329102,0.2890777885913849
observed_test,v2_2018_542_48h,,24,PCC,B,2.589738233557025,0.0,0.0,0.29431068897247314,1.149999976158142,53.24800137329102,0.2890777885913849
observed_test,v2_2018_542_48h,,24,PCC,C,2.589738233557025,0.0,0.0,0.29431068897247314,1.149999976158142,53.24800137329102,0.2890777885913849
observed_test,v2_2018_542_48h,,25,PCC,A,2.6237012928594003,0.0,0.0,0.3179371654987335,1.149999976158142,34.72425106811524,0.3088434636592865
observed_test,v2_2018_542_48h,,25,PCC,B,2.6237012928594003,0.0,0.0,0.3179371654987335,1.149999976158142,34.72425106811524,0.3088434636592865
observed_test,v2_2018_542_48h,,25,PCC,C,2.6237012928594003,0.0,0.0,0.3179371654987335,1.149999976158142,34.72425106811524,0.3088434636592865
observed_test,v2_2018_542_48h,,26,PCC,A,2.4875831211508435,0.0,0.0,0.2232462614774704,1.149999976158142,34.72425106811524,0.3097779154777527
observed_test,v2_2018_542_48h,,26,PCC,B,2.4875831211508435,0.0,0.0,0.2232462614774704,1.149999976158142,34.72425106811524,0.3097779154777527
observed_test,v2_2018_542_48h,,26,PCC,C,2.4875831211508435,0.0,0.0,0.2232462614774704,1.149999976158142,34.72425106811524,0.3097779154777527
observed_test,v2_2018_542_48h,,27,PCC,A,2.5452259178952694,0.0,0.0,0.2633455991744995,1.149999976158142,53.24800137329102,0.31163012981414795
observed_test,v2_2018_542_48h,,27,PCC,B,2.5452259178952694,0.0,0.0,0.2633455991744995,1.149999976158142,53.24800137329102,0.31163012981414795
observed_test,v2_2018_542_48h,,27,PCC,C,2.5452259178952694,0.0,0.0,0.2633455991744995,1.149999976158142,53.24800137329102,0.31163012981414795
observed_test,v2_2018_542_48h,,28,PCC,A,2.6066056994782514,0.0,0.0,0.3060445785522461,1.149999976158142,53.24800137329102,0.32150399684906006
observed_test,v2_2018_542_48h,,28,PCC,B,2.6066056994782514,0.0,0.0,0.3060445785522461,1.149999976158142,53.24800137329102,0.32150399684906006
observed_test,v2_2018_542_48h,,28,PCC,C,2.6066056994782514,0.0,0.0,0.3060445785522461,1.149999976158142,53.24800137329102,0.32150399684906006
observed_test,v2_2018_542_48h,,29,PCC,A,2.5763726205374935,0.0,0.0,0.2850128710269928,1.149999976158142,53.24800137329102,0.3338591456413269
observed_test,v2_2018_542_48h,,29,PCC,B,2.5763726205374935,0.0,0.0,0.2850128710269928,1.149999976158142,53.24800137329102,0.3338591456413269
observed_test,v2_2018_542_48h,,29,PCC,C,2.5763726205374935,0.0,0.0,0.2850128710269928,1.149999976158142,53.24800137329102,0.3338591456413269
observed_test,v2_2018_542_48h,,30,PCC,A,2.7605416539868575,0.0,0.0,0.4131304621696472,1.149999976158142,121.88174847412108,0.3498738408088684
observed_test,v2_2018_542_48h,,30,PCC,B,2.7605416539868575,0.0,0.0,0.4131304621696472,1.149999976158142,121.88174847412108,0.3498738408088684
observed_test,v2_2018_542_48h,,30,PCC,C,2.7605416539868575,0.0,0.0,0.4131304621696472,1.149999976158142,121.88174847412108,0.3498738408088684
observed_test,v2_2018_542_48h,,31,PCC,A,3.0129513006293838,0.0,0.0,0.5887197852134705,1.149999976158142,121.88174847412108,0.3462944030761719
observed_test,v2_2018_542_48h,,31,PCC,B,3.0129513006293838,0.0,0.0,0.5887197852134705,1.149999976158142,121.88174847412108,0.3462944030761719
observed_test,v2_2018_542_48h,,31,PCC,C,3.0129513006293838,0.0,0.0,0.5887197852134705,1.149999976158142,121.88174847412108,0.3462944030761719
observed_test,v2_2018_542_48h,,32,PCC,A,2.7649040079514635,0.0,0.3556791692972183,0.41616514325141907,1.149999976158142,121.88174847412108,0.3434279263019562
observed_test,v2_2018_542_48h,,32,PCC,B,2.7649040079514635,0.0,0.3556791692972183,0.41616514325141907,1.149999976158142,121.88174847412108,0.3434279263019562
observed_test,v2_2018_542_48h,,32,PCC,C,2.7649040079514635,0.0,0.3556791692972183,0.41616514325141907,1.149999976158142,121.88174847412108,0.3434279263019562
observed_test,v2_2018_542_48h,,33,PCC,A,2.9051724072175276,0.0,0.698012514756276,0.5137431621551514,1.149999976158142,121.88174847412108,0.34227651357650757
observed_test,v2_2018_542_48h,,33,PCC,B,2.9051724072175276,0.0,0.698012514756276,0.5137431621551514,1.149999976158142,121.88174847412108,0.34227651357650757
observed_test,v2_2018_542_48h,,33,PCC,C,2.9051724072175276,0.0,0.698012514756276,0.5137431621551514,1.149999976158142,121.88174847412108,0.34227651357650757
observed_test,v2_2018_542_48h,,34,PCC,A,2.6904467608222724,0.0,1.0104208038403437,0.3643687963485718,1.149999976158142,53.24800137329102,0.34157341718673706
observed_test,v2_2018_542_48h,,34,PCC,B,2.6904467608222724,0.0,1.0104208038403437,0.3643687963485718,1.149999976158142,53.24800137329102,0.34157341718673706
observed_test,v2_2018_542_48h,,34,PCC,C,2.6904467608222724,0.0,1.0104208038403437,0.3643687963485718,1.149999976158142,53.24800137329102,0.34157341718673706
observed_test,v2_2018_542_48h,,35,PCC,A,2.686130632121376,0.0,1.1441833697832546,0.36136627197265625,1.149999976158142,53.24800137329102,0.33814752101898193
observed_test,v2_2018_542_48h,,35,PCC,B,2.686130632121376,0.0,1.1441833697832546,0.36136627197265625,1.149999976158142,53.24800137329102,0.33814752101898193
observed_test,v2_2018_542_48h,,35,PCC,C,2.686130632121376,0.0,1.1441833697832546,0.36136627197265625,1.149999976158142,53.24800137329102,0.33814752101898193
observed_test,v2_2018_542_48h,,36,PCC,A,2.940481482794702,0.0,1.17980413711988,0.5383059978485107,1.149999976158142,34.72425106811524,0.33659231662750244
observed_test,v2_2018_542_48h,,36,PCC,B,2.940481482794702,0.0,1.17980413711988,0.5383059978485107,1.149999976158142,34.72425106811524,0.33659231662750244
observed_test,v2_2018_542_48h,,36,PCC,C,2.940481482794702,0.0,1.17980413711988,0.5383059978485107,1.149999976158142,34.72425106811524,0.33659231662750244
observed_test,v2_2018_542_48h,,37,PCC,A,3.033735447282245,0.0,1.1227749861203706,0.6031783223152161,1.149999976158142,34.72425106811524,0.3255828320980072
observed_test,v2_2018_542_48h,,37,PCC,B,3.033735447282245,0.0,1.1227749861203706,0.6031783223152161,1.149999976158142,34.72425106811524,0.3255828320980072
observed_test,v2_2018_542_48h,,37,PCC,C,3.033735447282245,0.0,1.1227749861203706,0.6031783223152161,1.149999976158142,34.72425106811524,0.3255828320980072
observed_test,v2_2018_542_48h,,38,PCC,A,3.1232014249141358,0.0,0.9750958818655747,0.6654155254364014,1.149999976158142,34.72425106811524,0.31709447503089905
observed_test,v2_2018_542_48h,,38,PCC,B,3.1232014249141358,0.0,0.9750958818655747,0.6654155254364014,1.149999976158142,34.72425106811524,0.31709447503089905
observed_test,v2_2018_542_48h,,38,PCC,C,3.1232014249141358,0.0,0.9750958818655747,0.6654155254364014,1.149999976158142,34.72425106811524,0.31709447503089905
observed_test,v2_2018_542_48h,,39,PCC,A,2.915610662966831,0.0,0.7193541870667383,0.5210045576095581,1.149999976158142,34.72425106811524,0.3180161416530609
observed_test,v2_2018_542_48h,,39,PCC,B,2.915610662966831,0.0,0.7193541870667383,0.5210045576095581,1.149999976158142,34.72425106811524,0.3180161416530609
observed_test,v2_2018_542_48h,,39,PCC,C,2.915610662966831,0.0,0.7193541870667383,0.5210045576095581,1.149999976158142,34.72425106811524,0.3180161416530609
observed_test,v2_2018_542_48h,,40,PCC,A,2.9761405680146122,0.0,0.3309583434691796,0.5631123185157776,1.149999976158142,53.24800137329102,0.31527936458587646
observed_test,v2_2018_542_48h,,40,PCC,B,2.9761405680146122,0.0,0.3309583434691796,0.5631123185157776,1.149999976158142,53.24800137329102,0.31527936458587646
observed_test,v2_2018_542_48h,,40,PCC,C,2.9761405680146122,0.0,0.3309583434691796,0.5631123185157776,1.149999976158142,53.24800137329102,0.31527936458587646
observed_test,v2_2018_542_48h,,41,PCC,A,2.912059071852747,0.0,0.0,0.5185338854789734,1.149999976158142,53.24800137329102,0.2851102352142334
observed_test,v2_2018_542_48h,,41,PCC,B,2.912059071852747,0.0,0.0,0.5185338854789734,1.149999976158142,53.24800137329102,0.2851102352142334
observed_test,v2_2018_542_48h,,41,PCC,C,2.912059071852747,0.0,0.0,0.5185338854789734,1.149999976158142,53.24800137329102,0.2851102352142334
observed_test,v2_2018_542_48h,,42,PCC,A,2.888165108802557,0.0,0.0,0.501911997795105,1.149999976158142,53.24800137329102,0.2613919973373413
observed_test,v2_2018_542_48h,,42,PCC,B,2.888165108802557,0.0,0.0,0.501911997795105,1.149999976158142,53.24800137329102,0.2613919973373413
observed_test,v2_2018_542_48h,,42,PCC,C,2.888165108802557,0.0,0.0,0.501911997795105,1.149999976158142,53.24800137329102,0.2613919973373413
observed_test,v2_2018_542_48h,,43,PCC,A,2.9849615821466244,0.0,0.0,0.5692486763000488,1.149999976158142,53.24800137329102,0.24509786069393158
observed_test,v2_2018_542_48h,,43,PCC,B,2.9849615821466244,0.0,0.0,0.5692486763000488,1.149999976158142,53.24800137329102,0.24509786069393158
observed_test,v2_2018_542_48h,,43,PCC,C,2.9849615821466244,0.0,0.0,0.5692486763000488,1.149999976158142,53.24800137329102,0.24509786069393158
observed_test,v2_2018_542_48h,,44,PCC,A,2.825617614510635,0.0,0.0,0.458400696516037,1.149999976158142,53.24800137329102,0.24263539910316467
observed_test,v2_2018_542_48h,,44,PCC,B,2.825617614510635,0.0,0.0,0.458400696516037,1.149999976158142,53.24800137329102,0.24263539910316467
observed_test,v2_2018_542_48h,,44,PCC,C,2.825617614510635,0.0,0.0,0.458400696516037,1.149999976158142,53.24800137329102,0.24263539910316467
observed_test,v2_2018_542_48h,,45,PCC,A,2.740638571998929,0.0,0.0,0.39928483963012695,1.149999976158142,53.24800137329102,0.24301493167877197
observed_test,v2_2018_542_48h,,45,PCC,B,2.740638571998929,0.0,0.0,0.39928483963012695,1.149999976158142,53.24800137329102,0.24301493167877197
observed_test,v2_2018_542_48h,,45,PCC,C,2.740638571998929,0.0,0.0,0.39928483963012695,1.149999976158142,53.24800137329102,0.24301493167877197
observed_test,v2_2018_542_48h,,46,PCC,A,2.689500792288461,0.0,0.0,0.3637107312679291,1.149999976158142,53.24800137329102,0.24866795539855957
observed_test,v2_2018_542_48h,,46,PCC,B,2.689500792288461,0.0,0.0,0.3637107312679291,1.149999976158142,53.24800137329102,0.24866795539855957
observed_test,v2_2018_542_48h,,46,PCC,C,2.689500792288461,0.0,0.0,0.3637107312679291,1.149999976158142,53.24800137329102,0.24866795539855957
observed_test,v2_2018_542_48h,,47,PCC,A,2.666340906989589,0.0,0.0,0.34759950637817383,1.149999976158142,53.24800137329102,0.26080694794654846
observed_test,v2_2018_542_48h,,47,PCC,B,2.666340906989589,0.0,0.0,0.34759950637817383,1.149999976158142,53.24800137329102,0.26080694794654846
observed_test,v2_2018_542_48h,,47,PCC,C,2.666340906989589,0.0,0.0,0.34759950637817383,1.149999976158142,53.24800137329102,0.26080694794654846
observed_test,v2_2018_429_48h,,0,PCC,A,2.589738233557025,0.0,0.0,0.29431068897247314,1.149999976158142,53.24800137329102,0.29204216599464417
observed_test,v2_2018_429_48h,,0,PCC,B,2.589738233557025,0.0,0.0,0.29431068897247314,1.149999976158142,53.24800137329102,0.29204216599464417
observed_test,v2_2018_429_48h,,0,PCC,C,2.589738233557025,0.0,0.0,0.29431068897247314,1.149999976158142,53.24800137329102,0.29204216599464417
observed_test,v2_2018_429_48h,,1,PCC,A,2.6237012928594003,0.0,0.0,0.3179371654987335,1.149999976158142,34.72425106811524,0.28155291080474854
observed_test,v2_2018_429_48h,,1,PCC,B,2.6237012928594003,0.0,0.0,0.3179371654987335,1.149999976158142,34.72425106811524,0.28155291080474854
observed_test,v2_2018_429_48h,,1,PCC,C,2.6237012928594003,0.0,0.0,0.3179371654987335,1.149999976158142,34.72425106811524,0.28155291080474854
observed_test,v2_2018_429_48h,,2,PCC,A,2.4875831211508435,0.0,0.0,0.2232462614774704,1.149999976158142,34.72425106811524,0.30299630761146545
observed_test,v2_2018_429_48h,,2,PCC,B,2.4875831211508435,0.0,0.0,0.2232462614774704,1.149999976158142,34.72425106811524,0.30299630761146545
observed_test,v2_2018_429_48h,,2,PCC,C,2.4875831211508435,0.0,0.0,0.2232462614774704,1.149999976158142,34.72425106811524,0.30299630761146545
observed_test,v2_2018_429_48h,,3,PCC,A,2.5452259178952694,0.0,0.0,0.2633455991744995,1.149999976158142,34.72425106811524,0.29573163390159607
observed_test,v2_2018_429_48h,,3,PCC,B,2.5452259178952694,0.0,0.0,0.2633455991744995,1.149999976158142,34.72425106811524,0.29573163390159607
observed_test,v2_2018_429_48h,,3,PCC,C,2.5452259178952694,0.0,0.0,0.2633455991744995,1.149999976158142,34.72425106811524,0.29573163390159607
observed_test,v2_2018_429_48h,,4,PCC,A,2.6066056994782514,0.0,0.0,0.3060445785522461,1.149999976158142,34.72425106811524,0.2604200541973114
observed_test,v2_2018_429_48h,,4,PCC,B,2.6066056994782514,0.0,0.0,0.3060445785522461,1.149999976158142,34.72425106811524,0.2604200541973114
observed_test,v2_2018_429_48h,,4,PCC,C,2.6066056994782514,0.0,0.0,0.3060445785522461,1.149999976158142,34.72425106811524,0.2604200541973114
observed_test,v2_2018_429_48h,,5,PCC,A,2.5763726205374935,0.0,0.004345833216435634,0.2850128710269928,1.149999976158142,34.72425106811524,0.24564382433891296
observed_test,v2_2018_429_48h,,5,PCC,B,2.5763726205374935,0.0,0.004345833216435634,0.2850128710269928,1.149999976158142,34.72425106811524,0.24564382433891296
observed_test,v2_2018_429_48h,,5,PCC,C,2.5763726205374935,0.0,0.004345833216435634,0.2850128710269928,1.149999976158142,34.72425106811524,0.24564382433891296
observed_test,v2_2018_429_48h,,6,PCC,A,2.7605416539868575,0.0,0.09664583664674024,0.4131304621696472,1.149999976158142,53.24800137329102,0.23213675618171692
observed_test,v2_2018_429_48h,,6,PCC,B,2.7605416539868575,0.0,0.09664583664674024,0.4131304621696472,1.149999976158142,53.24800137329102,0.23213675618171692
observed_test,v2_2018_429_48h,,6,PCC,C,2.7605416539868575,0.0,0.09664583664674024,0.4131304621696472,1.149999976158142,53.24800137329102,0.23213675618171692
observed_test,v2_2018_429_48h,,7,PCC,A,3.0315111269718575,0.0,0.36419584200932426,0.5887197852134705,1.1577249765396118,53.24800137329102,0.22217637300491333
observed_test,v2_2018_429_48h,,7,PCC,B,3.0315111269718575,0.0,0.36419584200932426,0.5887197852134705,1.1577249765396118,53.24800137329102,0.22217637300491333
observed_test,v2_2018_429_48h,,7,PCC,C,3.0315111269718575,0.0,0.36419584200932426,0.5887197852134705,1.1577249765396118,53.24800137329102,0.22217637300491333
observed_test,v2_2018_429_48h,,8,PCC,A,2.824933598931836,0.0,0.6265041919854971,0.41616514325141907,1.1774499416351318,53.24800137329102,0.2238142341375351
observed_test,v2_2018_429_48h,,8,PCC,B,2.824933598931836,0.0,0.6265041919854971,0.41616514325141907,1.1774499416351318,53.24800137329102,0.2238142341375351
observed_test,v2_2018_429_48h,,8,PCC,C,2.824933598931836,0.0,0.6265041919854971,0.41616514325141907,1.1774499416351318,53.24800137329102,0.2238142341375351
observed_test,v2_2018_429_48h,,9,PCC,A,3.013399545625056,0.0,0.9129583262480221,0.5137431621551514,1.196874976158142,53.24800137329102,0.2249642014503479
observed_test,v2_2018_429_48h,,9,PCC,B,3.013399545625056,0.0,0.9129583262480221,0.5137431621551514,1.196874976158142,53.24800137329102,0.2249642014503479
observed_test,v2_2018_429_48h,,9,PCC,C,3.013399545625056,0.0,0.9129583262480221,0.5137431621551514,1.196874976158142,53.24800137329102,0.2249642014503479
observed_test,v2_2018_429_48h,,10,PCC,A,2.8083840335723096,0.0,1.0779166450867286,0.3643687963485718,1.2055749893188477,53.24800137329102,0.22651337087154388
observed_test,v2_2018_429_48h,,10,PCC,B,2.8083840335723096,0.0,1.0779166450867286,0.3643687963485718,1.2055749893188477,53.24800137329102,0.22651337087154388
observed_test,v2_2018_429_48h,,10,PCC,C,2.8083840335723096,0.0,1.0779166450867286,0.3643687963485718,1.2055749893188477,53.24800137329102,0.22651337087154388
observed_test,v2_2018_429_48h,,11,PCC,A,2.8133920751545247,0.0,1.1748875562961285,0.36136627197265625,1.2100750207901,53.24800137329102,0.23188455402851105
observed_test,v2_2018_429_48h,,11,PCC,B,2.8133920751545247,0.0,1.1748875562961285,0.36136627197265625,1.2100750207901,53.24800137329102,0.23188455402851105
observed_test,v2_2018_429_48h,,11,PCC,C,2.8133920751545247,0.0,1.1748875562961285,0.36136627197265625,1.2100750207901,53.24800137329102,0.23188455402851105
observed_test,v2_2018_429_48h,,12,PCC,A,3.0861184606444803,0.0,1.1984041103949912,0.5383059978485107,1.212249994277954,53.24800137329102,0.24851679801940918
observed_test,v2_2018_429_48h,,12,PCC,B,3.0861184606444803,0.0,1.1984041103949912,0.5383059978485107,1.212249994277954,53.24800137329102,0.24851679801940918
observed_test,v2_2018_429_48h,,12,PCC,C,3.0861184606444803,0.0,1.1984041103949912,0.5383059978485107,1.212249994277954,53.24800137329102,0.24851679801940918
observed_test,v2_2018_429_48h,,13,PCC,A,3.1862356524415003,0.0,1.1479457983603842,0.6031783223152161,1.212999939918518,53.24800137329102,0.2552449107170105
observed_test,v2_2018_429_48h,,13,PCC,B,3.1862356524415003,0.0,1.1479457983603842,0.6031783223152161,1.212999939918518,53.24800137329102,0.2552449107170105
observed_test,v2_2018_429_48h,,13,PCC,C,3.1862356524415003,0.0,1.1479457983603842,0.6031783223152161,1.212999939918518,53.24800137329102,0.2552449107170105
observed_test,v2_2018_429_48h,,14,PCC,A,3.279291133779767,0.0,1.0272750487694373,0.6654155254364014,1.2124749422073364,53.24800137329102,0.2668544054031372
observed_test,v2_2018_429_48h,,14,PCC,B,3.279291133779767,0.0,1.0272750487694373,0.6654155254364014,1.2124749422073364,53.24800137329102,0.2668544054031372
observed_test,v2_2018_429_48h,,14,PCC,C,3.279291133779767,0.0,1.0272750487694373,0.6654155254364014,1.2124749422073364,53.24800137329102,0.2668544054031372
observed_test,v2_2018_429_48h,,15,PCC,A,3.0545120682095734,0.0,0.5650750146462367,0.5210045576095581,1.2099249362945557,53.24800137329102,0.2685477137565613
observed_test,v2_2018_429_48h,,15,PCC,B,3.0545120682095734,0.0,0.5650750146462367,0.5210045576095581,1.2099249362945557,53.24800137329102,0.2685477137565613
observed_test,v2_2018_429_48h,,15,PCC,C,3.0545120682095734,0.0,0.5650750146462367,0.5210045576095581,1.2099249362945557,53.24800137329102,0.2685477137565613
observed_test,v2_2018_429_48h,,16,PCC,A,3.108773343854152,0.0,0.24580416771081773,0.5631123185157776,1.2059500217437744,53.24800137329102,0.2619698643684387
observed_test,v2_2018_429_48h,,16,PCC,B,3.108773343854152,0.0,0.24580416771081773,0.5631123185157776,1.2059500217437744,53.24800137329102,0.2619698643684387
observed_test,v2_2018_429_48h,,16,PCC,C,3.108773343854152,0.0,0.24580416771081773,0.5631123185157776,1.2059500217437744,53.24800137329102,0.2619698643684387
observed_test,v2_2018_429_48h,,17,PCC,A,3.0214350545221724,0.0,0.07404583291365549,0.5185338854789734,1.1972500085830688,53.24800137329102,0.2320890873670578
observed_test,v2_2018_429_48h,,17,PCC,B,3.0214350545221724,0.0,0.07404583291365549,0.5185338854789734,1.1972500085830688,53.24800137329102,0.2320890873670578
observed_test,v2_2018_429_48h,,17,PCC,C,3.0214350545221724,0.0,0.07404583291365549,0.5185338854789734,1.1972500085830688,53.24800137329102,0.2320890873670578
observed_test,v2_2018_429_48h,,18,PCC,A,2.9741922883937755,0.0,0.0005333333459790222,0.501911997795105,1.1875,121.88174847412108,0.21596577763557434
observed_test,v2_2018_429_48h,,18,PCC,B,2.9741922883937755,0.0,0.0005333333459790222,0.501911997795105,1.1875,121.88174847412108,0.21596577763557434
observed_test,v2_2018_429_48h,,18,PCC,C,2.9741922883937755,0.0,0.0005333333459790222,0.501911997795105,1.1875,121.88174847412108,0.21596577763557434
observed_test,v2_2018_429_48h,,19,PCC,A,3.0457848501078786,0.0,0.0,0.5692486763000488,1.1755750179290771,121.88174847412108,0.20615766942501068
observed_test,v2_2018_429_48h,,19,PCC,B,3.0457848501078786,0.0,0.0,0.5692486763000488,1.1755750179290771,121.88174847412108,0.20615766942501068
observed_test,v2_2018_429_48h,,19,PCC,C,3.0457848501078786,0.0,0.0,0.5692486763000488,1.1755750179290771,121.88174847412108,0.20615766942501068
observed_test,v2_2018_429_48h,,20,PCC,A,2.873490642683217,0.0,0.0,0.458400696516037,1.171375036239624,121.88174847412108,0.2008131742477417
observed_test,v2_2018_429_48h,,20,PCC,B,2.873490642683217,0.0,0.0,0.458400696516037,1.171375036239624,121.88174847412108,0.2008131742477417
observed_test,v2_2018_429_48h,,20,PCC,C,2.873490642683217,0.0,0.0,0.458400696516037,1.171375036239624,121.88174847412108,0.2008131742477417
observed_test,v2_2018_429_48h,,21,PCC,A,2.7778356299988283,0.0,0.0,0.39928483963012695,1.1671749353408813,53.24800137329102,0.1999589502811432
observed_test,v2_2018_429_48h,,21,PCC,B,2.7778356299988283,0.0,0.0,0.39928483963012695,1.1671749353408813,53.24800137329102,0.1999589502811432
observed_test,v2_2018_429_48h,,21,PCC,C,2.7778356299988283,0.0,0.0,0.39928483963012695,1.1671749353408813,53.24800137329102,0.1999589502811432
observed_test,v2_2018_429_48h,,22,PCC,A,2.71718373902944,0.0,0.0,0.3637107312679291,1.1630499362945557,53.24800137329102,0.20652389526367188
observed_test,v2_2018_429_48h,,22,PCC,B,2.71718373902944,0.0,0.0,0.3637107312679291,1.1630499362945557,53.24800137329102,0.20652389526367188
observed_test,v2_2018_429_48h,,22,PCC,C,2.71718373902944,0.0,0.0,0.3637107312679291,1.1630499362945557,53.24800137329102,0.20652389526367188
observed_test,v2_2018_429_48h,,23,PCC,A,2.6861968395933076,0.0,0.0,0.34759950637817383,1.1594499349594116,53.24800137329102,0.24197621643543243
observed_test,v2_2018_429_48h,,23,PCC,B,2.6861968395933076,0.0,0.0,0.34759950637817383,1.1594499349594116,53.24800137329102,0.24197621643543243
observed_test,v2_2018_429_48h,,23,PCC,C,2.6861968395933076,0.0,0.0,0.34759950637817383,1.1594499349594116,53.24800137329102,0.24197621643543243
observed_test,v2_2018_429_48h,,24,PCC,A,2.6025558743519603,0.0,0.0,0.29431068897247314,1.1562999486923218,53.24800137329102,0.2597443163394928
observed_test,v2_2018_429_48h,,24,PCC,B,2.6025558743519603,0.0,0.0,0.29431068897247314,1.1562999486923218,53.24800137329102,0.2597443163394928
observed_test,v2_2018_429_48h,,24,PCC,C,2.6025558743519603,0.0,0.0,0.29431068897247314,1.1562999486923218,53.24800137329102,0.2597443163394928
observed_test,v2_2018_429_48h,,25,PCC,A,2.6315963252094527,0.0,0.0,0.3179371654987335,1.1538249254226685,53.24800137329102,0.2683746814727783
observed_test,v2_2018_429_48h,,25,PCC,B,2.6315963252094527,0.0,0.0,0.3179371654987335,1.1538249254226685,53.24800137329102,0.2683746814727783
observed_test,v2_2018_429_48h,,25,PCC,C,2.6315963252094527,0.0,0.0,0.3179371654987335,1.1538249254226685,53.24800137329102,0.2683746814727783
observed_test,v2_2018_429_48h,,26,PCC,A,2.4893343318315697,0.0,0.0,0.2232462614774704,1.1509000062942505,53.24800137329102,0.28207725286483765
observed_test,v2_2018_429_48h,,26,PCC,B,2.4893343318315697,0.0,0.0,0.2232462614774704,1.1509000062942505,53.24800137329102,0.28207725286483765
observed_test,v2_2018_429_48h,,26,PCC,C,2.4893343318315697,0.0,0.0,0.2232462614774704,1.1509000062942505,53.24800137329102,0.28207725286483765
observed_test,v2_2018_429_48h,,27,PCC,A,2.5452259178952694,0.0,0.0,0.2633455991744995,1.149999976158142,53.24800137329102,0.29512742161750793
observed_test,v2_2018_429_48h,,27,PCC,B,2.5452259178952694,0.0,0.0,0.2633455991744995,1.149999976158142,53.24800137329102,0.29512742161750793
observed_test,v2_2018_429_48h,,27,PCC,C,2.5452259178952694,0.0,0.0,0.2633455991744995,1.149999976158142,53.24800137329102,0.29512742161750793
observed_test,v2_2018_429_48h,,28,PCC,A,2.6066056994782514,0.0,0.0,0.3060445785522461,1.149999976158142,53.24800137329102,0.2957279682159424
observed_test,v2_2018_429_48h,,28,PCC,B,2.6066056994782514,0.0,0.0,0.3060445785522461,1.149999976158142,53.24800137329102,0.2957279682159424
observed_test,v2_2018_429_48h,,28,PCC,C,2.6066056994782514,0.0,0.0,0.3060445785522461,1.149999976158142,53.24800137329102,0.2957279682159424
observed_test,v2_2018_429_48h,,29,PCC,A,2.5786483755153378,0.0,0.005070833363928474,0.2850128710269928,1.1511249542236328,53.24800137329102,0.2854676842689514
observed_test,v2_2018_429_48h,,29,PCC,B,2.5786483755153378,0.0,0.005070833363928474,0.2850128710269928,1.1511249542236328,53.24800137329102,0.2854676842689514
observed_test,v2_2018_429_48h,,29,PCC,C,2.5786483755153378,0.0,0.005070833363928474,0.2850128710269928,1.1511249542236328,53.24800137329102,0.2854676842689514
observed_test,v2_2018_429_48h,,30,PCC,A,2.7895220971371715,0.0,0.09911666409327434,0.4131304621696472,1.1632750034332275,53.24800137329102,0.27972814440727234
observed_test,v2_2018_429_48h,,30,PCC,B,2.7895220971371715,0.0,0.09911666409327434,0.4131304621696472,1.1632750034332275,53.24800137329102,0.27972814440727234
observed_test,v2_2018_429_48h,,30,PCC,C,2.7895220971371715,0.0,0.09911666409327434,0.4131304621696472,1.1632750034332275,53.24800137329102,0.27972814440727234
observed_test,v2_2018_429_48h,,31,PCC,A,3.0745771873991967,0.0,0.3630333221875704,0.5887197852134705,1.1756500005722046,53.24800137329102,0.27816811203956604
observed_test,v2_2018_429_48h,,31,PCC,B,3.0745771873991967,0.0,0.3630333221875704,0.5887197852134705,1.1756500005722046,53.24800137329102,0.27816811203956604
observed_test,v2_2018_429_48h,,31,PCC,C,3.0745771873991967,0.0,0.3630333221875704,0.5887197852134705,1.1756500005722046,53.24800137329102,0.27816811203956604
observed_test,v2_2018_429_48h,,32,PCC,A,2.855932650614817,0.0,0.6620000188167278,0.41616514325141907,1.1916249990463257,53.24800137329102,0.28536751866340637
observed_test,v2_2018_429_48h,,32,PCC,B,2.855932650614817,0.0,0.6620000188167278,0.41616514325141907,1.1916249990463257,53.24800137329102,0.28536751866340637
observed_test,v2_2018_429_48h,,32,PCC,C,2.855932650614817,0.0,0.6620000188167278,0.41616514325141907,1.1916249990463257,53.24800137329102,0.28536751866340637
observed_test,v2_2018_429_48h,,33,PCC,A,3.0324475175810073,0.0,0.905074981542734,0.5137431621551514,1.2051249742507935,53.24800137329102,0.29526129364967346
observed_test,v2_2018_429_48h,,33,PCC,B,3.0324475175810073,0.0,0.905074981542734,0.5137431621551514,1.2051249742507935,53.24800137329102,0.29526129364967346
observed_test,v2_2018_429_48h,,33,PCC,C,3.0324475175810073,0.0,0.905074981542734,0.5137431621551514,1.2051249742507935,53.24800137329102,0.29526129364967346
observed_test,v2_2018_429_48h,,34,PCC,A,2.8246183478304197,0.0,1.067508298617143,0.3643687963485718,1.21322500705719,53.24800137329102,0.30343109369277954
observed_test,v2_2018_429_48h,,34,PCC,B,2.8246183478304197,0.0,1.067508298617143,0.3643687963485718,1.21322500705719,53.24800137329102,0.30343109369277954
observed_test,v2_2018_429_48h,,34,PCC,C,2.8246183478304197,0.0,1.067508298617143,0.3643687963485718,1.21322500705719,53.24800137329102,0.30343109369277954
observed_test,v2_2018_429_48h,,35,PCC,A,2.831345184752687,0.0,1.1598833478414095,0.36136627197265625,1.2185499668121338,53.24800137329102,0.2977258265018463
observed_test,v2_2018_429_48h,,35,PCC,B,2.831345184752687,0.0,1.1598833478414095,0.36136627197265625,1.2185499668121338,53.24800137329102,0.2977258265018463
observed_test,v2_2018_429_48h,,35,PCC,C,2.831345184752687,0.0,1.1598833478414095,0.36136627197265625,1.2185499668121338,53.24800137329102,0.2977258265018463
observed_test,v2_2018_429_48h,,36,PCC,A,3.1082271038576104,0.0,1.1864416874372041,0.5383059978485107,1.2216999530792236,53.24800137329102,0.28627684712409973
observed_test,v2_2018_429_48h,,36,PCC,B,3.1082271038576104,0.0,1.1864416874372041,0.5383059978485107,1.2216999530792236,53.24800137329102,0.28627684712409973
observed_test,v2_2018_429_48h,,36,PCC,C,3.1082271038576104,0.0,1.1864416874372041,0.5383059978485107,1.2216999530792236,53.24800137329102,0.28627684712409973
observed_test,v2_2018_429_48h,,37,PCC,A,3.211107739254848,0.0,1.1450083209918094,0.6031783223152161,1.2232749462127686,53.24800137329102,0.2841779291629791
observed_test,v2_2018_429_48h,,37,PCC,B,3.211107739254848,0.0,1.1450083209918094,0.6031783223152161,1.2232749462127686,53.24800137329102,0.2841779291629791
observed_test,v2_2018_429_48h,,37,PCC,C,3.211107739254848,0.0,1.1450083209918094,0.6031783223152161,1.2232749462127686,53.24800137329102,0.2841779291629791
observed_test,v2_2018_429_48h,,38,PCC,A,3.306461592720948,0.0,1.0337916704324575,0.6654155254364014,1.223349928855896,53.24800137329102,0.283867210149765
observed_test,v2_2018_429_48h,,38,PCC,B,3.306461592720948,0.0,1.0337916704324575,0.6654155254364014,1.223349928855896,53.24800137329102,0.283867210149765
observed_test,v2_2018_429_48h,,38,PCC,C,3.306461592720948,0.0,1.0337916704324575,0.6654155254364014,1.223349928855896,53.24800137329102,0.283867210149765
observed_test,v2_2018_429_48h,,39,PCC,A,3.081805642947446,0.0,0.8514874829695774,0.5210045576095581,1.2216999530792236,53.24800137329102,0.26969581842422485
observed_test,v2_2018_429_48h,,39,PCC,B,3.081805642947446,0.0,0.8514874829695774,0.5210045576095581,1.2216999530792236,53.24800137329102,0.26969581842422485
observed_test,v2_2018_429_48h,,39,PCC,C,3.081805642947446,0.0,0.8514874829695774,0.5210045576095581,1.2216999530792236,53.24800137329102,0.26969581842422485
observed_test,v2_2018_429_48h,,40,PCC,A,3.1393535177822263,0.0,0.5943333300260397,0.5631123185157776,1.218850016593933,53.24800137329102,0.24999181926250458
observed_test,v2_2018_429_48h,,40,PCC,B,3.1393535177822263,0.0,0.5943333300260397,0.5631123185157776,1.218850016593933,53.24800137329102,0.24999181926250458
observed_test,v2_2018_429_48h,,40,PCC,C,3.1393535177822263,0.0,0.5943333300260397,0.5631123185157776,1.218850016593933,53.24800137329102,0.24999181926250458
observed_test,v2_2018_429_48h,,41,PCC,A,3.0526852564420888,0.0,0.29412917792797083,0.5185338854789734,1.2107499837875366,53.24800137329102,0.2426277995109558
observed_test,v2_2018_429_48h,,41,PCC,B,3.0526852564420888,0.0,0.29412917792797083,0.5185338854789734,1.2107499837875366,53.24800137329102,0.2426277995109558
observed_test,v2_2018_429_48h,,41,PCC,C,3.0526852564420888,0.0,0.29412917792797083,0.5185338854789734,1.2107499837875366,53.24800137329102,0.2426277995109558
observed_test,v2_2018_429_48h,,42,PCC,A,3.000344498482716,0.0,0.06545833670175992,0.501911997795105,1.1988999843597412,53.24800137329102,0.22674660384655
observed_test,v2_2018_429_48h,,42,PCC,B,3.000344498482716,0.0,0.06545833670175992,0.501911997795105,1.1988999843597412,53.24800137329102,0.22674660384655
observed_test,v2_2018_429_48h,,42,PCC,C,3.000344498482716,0.0,0.06545833670175992,0.501911997795105,1.1988999843597412,53.24800137329102,0.22674660384655
observed_test,v2_2018_429_48h,,43,PCC,A,3.061837856329452,0.0,0.0,0.5692486763000488,1.182325005531311,53.24800137329102,0.20943984389305115
observed_test,v2_2018_429_48h,,43,PCC,B,3.061837856329452,0.0,0.0,0.5692486763000488,1.182325005531311,53.24800137329102,0.20943984389305115
observed_test,v2_2018_429_48h,,43,PCC,C,3.061837856329452,0.0,0.0,0.5692486763000488,1.182325005531311,53.24800137329102,0.20943984389305115
observed_test,v2_2018_429_48h,,44,PCC,A,2.8862567301314037,0.0,0.0,0.458400696516037,1.1770750284194946,53.24800137329102,0.20312906801700592
observed_test,v2_2018_429_48h,,44,PCC,B,2.8862567301314037,0.0,0.0,0.458400696516037,1.1770750284194946,53.24800137329102,0.20312906801700592
observed_test,v2_2018_429_48h,,44,PCC,C,2.8862567301314037,0.0,0.0,0.458400696516037,1.1770750284194946,53.24800137329102,0.20312906801700592
observed_test,v2_2018_429_48h,,45,PCC,A,2.7892061453685244,0.0,0.0,0.39928483963012695,1.1724250316619873,53.24800137329102,0.1994336098432541
observed_test,v2_2018_429_48h,,45,PCC,B,2.7892061453685244,0.0,0.0,0.39928483963012695,1.1724250316619873,53.24800137329102,0.1994336098432541
observed_test,v2_2018_429_48h,,45,PCC,C,2.7892061453685244,0.0,0.0,0.39928483963012695,1.1724250316619873,53.24800137329102,0.1994336098432541
observed_test,v2_2018_429_48h,,46,PCC,A,2.7273661757795593,0.0,0.0,0.3637107312679291,1.1678500175476074,53.24800137329102,0.21388521790504456
observed_test,v2_2018_429_48h,,46,PCC,B,2.7273661757795593,0.0,0.0,0.3637107312679291,1.1678500175476074,53.24800137329102,0.21388521790504456
observed_test,v2_2018_429_48h,,46,PCC,C,2.7273661757795593,0.0,0.0,0.3637107312679291,1.1678500175476074,53.24800137329102,0.21388521790504456
observed_test,v2_2018_429_48h,,47,PCC,A,2.6962826073577304,0.0,0.0,0.34759950637817383,1.1642500162124634,53.24800137329102,0.251971572637558
observed_test,v2_2018_429_48h,,47,PCC,B,2.6962826073577304,0.0,0.0,0.34759950637817383,1.1642500162124634,53.24800137329102,0.251971572637558
observed_test,v2_2018_429_48h,,47,PCC,C,2.6962826073577304,0.0,0.0,0.34759950637817383,1.1642500162124634,53.24800137329102,0.251971572637558
observed_test,v2_2018_482_48h,,0,PCC,A,2.589738233557025,0.0,0.0,0.29431068897247314,1.149999976158142,53.24800137329102,0.3548120856285095
observed_test,v2_2018_482_48h,,0,PCC,B,2.589738233557025,0.0,0.0,0.29431068897247314,1.149999976158142,53.24800137329102,0.3548120856285095
observed_test,v2_2018_482_48h,,0,PCC,C,2.589738233557025,0.0,0.0,0.29431068897247314,1.149999976158142,53.24800137329102,0.3548120856285095
observed_test,v2_2018_482_48h,,1,PCC,A,2.6237012928594003,0.0,0.0,0.3179371654987335,1.149999976158142,53.24800137329102,0.3646826446056366
observed_test,v2_2018_482_48h,,1,PCC,B,2.6237012928594003,0.0,0.0,0.3179371654987335,1.149999976158142,53.24800137329102,0.3646826446056366
observed_test,v2_2018_482_48h,,1,PCC,C,2.6237012928594003,0.0,0.0,0.3179371654987335,1.149999976158142,53.24800137329102,0.3646826446056366
observed_test,v2_2018_482_48h,,2,PCC,A,2.4875831211508435,0.0,0.0,0.2232462614774704,1.149999976158142,53.24800137329102,0.3680115044116974
observed_test,v2_2018_482_48h,,2,PCC,B,2.4875831211508435,0.0,0.0,0.2232462614774704,1.149999976158142,53.24800137329102,0.3680115044116974
observed_test,v2_2018_482_48h,,2,PCC,C,2.4875831211508435,0.0,0.0,0.2232462614774704,1.149999976158142,53.24800137329102,0.3680115044116974
observed_test,v2_2018_482_48h,,3,PCC,A,2.5452259178952694,0.0,0.0,0.2633455991744995,1.149999976158142,53.24800137329102,0.3710765242576599
observed_test,v2_2018_482_48h,,3,PCC,B,2.5452259178952694,0.0,0.0,0.2633455991744995,1.149999976158142,53.24800137329102,0.3710765242576599
observed_test,v2_2018_482_48h,,3,PCC,C,2.5452259178952694,0.0,0.0,0.2633455991744995,1.149999976158142,53.24800137329102,0.3710765242576599
observed_test,v2_2018_482_48h,,4,PCC,A,2.6066056994782514,0.0,0.0,0.3060445785522461,1.149999976158142,53.24800137329102,0.3493121564388275
observed_test,v2_2018_482_48h,,4,PCC,B,2.6066056994782514,0.0,0.0,0.3060445785522461,1.149999976158142,53.24800137329102,0.3493121564388275
observed_test,v2_2018_482_48h,,4,PCC,C,2.6066056994782514,0.0,0.0,0.3060445785522461,1.149999976158142,53.24800137329102,0.3493121564388275
observed_test,v2_2018_482_48h,,5,PCC,A,2.5763726205374935,0.0,0.0,0.2850128710269928,1.149999976158142,53.24800137329102,0.32308244705200195
observed_test,v2_2018_482_48h,,5,PCC,B,2.5763726205374935,0.0,0.0,0.2850128710269928,1.149999976158142,53.24800137329102,0.32308244705200195
observed_test,v2_2018_482_48h,,5,PCC,C,2.5763726205374935,0.0,0.0,0.2850128710269928,1.149999976158142,53.24800137329102,0.32308244705200195
observed_test,v2_2018_482_48h,,6,PCC,A,2.7605416539868575,0.0,0.04955000029160426,0.4131304621696472,1.149999976158142,53.24800137329102,0.2904535233974457
observed_test,v2_2018_482_48h,,6,PCC,B,2.7605416539868575,0.0,0.04955000029160426,0.4131304621696472,1.149999976158142,53.24800137329102,0.2904535233974457
observed_test,v2_2018_482_48h,,6,PCC,C,2.7605416539868575,0.0,0.04955000029160426,0.4131304621696472,1.149999976158142,53.24800137329102,0.2904535233974457
observed_test,v2_2018_482_48h,,7,PCC,A,3.042142600596632,0.0,0.2414708240674092,0.5887197852134705,1.1621500253677368,53.24800137329102,0.2714405357837677
observed_test,v2_2018_482_48h,,7,PCC,B,3.042142600596632,0.0,0.2414708240674092,0.5887197852134705,1.1621500253677368,53.24800137329102,0.2714405357837677
observed_test,v2_2018_482_48h,,7,PCC,C,3.042142600596632,0.0,0.2414708240674092,0.5887197852134705,1.1621500253677368,53.24800137329102,0.2714405357837677
observed_test,v2_2018_482_48h,,8,PCC,A,2.832642367471356,0.0,0.5334250055826627,0.41616514325141907,1.1809749603271484,53.24800137329102,0.2632492184638977
observed_test,v2_2018_482_48h,,8,PCC,B,2.832642367471356,0.0,0.5334250055826627,0.41616514325141907,1.1809749603271484,53.24800137329102,0.2632492184638977
observed_test,v2_2018_482_48h,,8,PCC,C,2.832642367471356,0.0,0.5334250055826627,0.41616514325141907,1.1809749603271484,53.24800137329102,0.2632492184638977
observed_test,v2_2018_482_48h,,9,PCC,A,3.001451282315808,0.0,0.806220850119224,0.5137431621551514,1.1916999816894531,53.24800137329102,0.25602078437805176
observed_test,v2_2018_482_48h,,9,PCC,B,3.001451282315808,0.0,0.806220850119224,0.5137431621551514,1.1916999816894531,53.24800137329102,0.25602078437805176
observed_test,v2_2018_482_48h,,9,PCC,C,3.001451282315808,0.0,0.806220850119224,0.5137431621551514,1.1916999816894531,53.24800137329102,0.25602078437805176
observed_test,v2_2018_482_48h,,10,PCC,A,2.7932638314796385,0.0,0.8420291428382579,0.3643687963485718,1.198449969291687,53.24800137329102,0.27195778489112854
observed_test,v2_2018_482_48h,,10,PCC,B,2.7932638314796385,0.0,0.8420291428382579,0.3643687963485718,1.198449969291687,53.24800137329102,0.27195778489112854
observed_test,v2_2018_482_48h,,10,PCC,C,2.7932638314796385,0.0,0.8420291428382579,0.3643687963485718,1.198449969291687,53.24800137329102,0.27195778489112854
observed_test,v2_2018_482_48h,,11,PCC,A,2.800364056584916,0.0,1.0265541764406056,0.36136627197265625,1.2039250135421753,53.24800137329102,0.2934848368167877
observed_test,v2_2018_482_48h,,11,PCC,B,2.800364056584916,0.0,1.0265541764406056,0.36136627197265625,1.2039250135421753,53.24800137329102,0.2934848368167877
observed_test,v2_2018_482_48h,,11,PCC,C,2.800364056584916,0.0,1.0265541764406056,0.36136627197265625,1.2039250135421753,53.24800137329102,0.2934848368167877
observed_test,v2_2018_482_48h,,12,PCC,A,3.07559041577804,0.0,0.9688166471628041,0.5383059978485107,1.2077499628067017,53.24800137329102,0.3061053156852722
observed_test,v2_2018_482_48h,,12,PCC,B,3.07559041577804,0.0,0.9688166471628041,0.5383059978485107,1.2077499628067017,53.24800137329102,0.3061053156852722
observed_test,v2_2018_482_48h,,12,PCC,C,3.07559041577804,0.0,0.9688166471628041,0.5383059978485107,1.2077499628067017,53.24800137329102,0.3061053156852722
observed_test,v2_2018_482_48h,,13,PCC,A,3.179155477461487,0.0,0.709016678424982,0.6031783223152161,1.2100750207901,53.24800137329102,0.3092762529850006
observed_test,v2_2018_482_48h,,13,PCC,B,3.179155477461487,0.0,0.709016678424982,0.6031783223152161,1.2100750207901,53.24800137329102,0.3092762529850006
observed_test,v2_2018_482_48h,,13,PCC,C,3.179155477461487,0.0,0.709016678424982,0.6031783223152161,1.2100750207901,53.24800137329102,0.3092762529850006
observed_test,v2_2018_482_48h,,14,PCC,A,3.2734824228779424,0.0,0.7882125102556667,0.6654155254364014,1.2101500034332275,53.24800137329102,0.3121802508831024
observed_test,v2_2018_482_48h,,14,PCC,B,3.2734824228779424,0.0,0.7882125102556667,0.6654155254364014,1.2101500034332275,53.24800137329102,0.3121802508831024
observed_test,v2_2018_482_48h,,14,PCC,C,3.2734824228779424,0.0,0.7882125102556667,0.6654155254364014,1.2101500034332275,53.24800137329102,0.3121802508831024
observed_test,v2_2018_482_48h,,15,PCC,A,3.050339944566511,0.0,0.8032541435498457,0.5210045576095581,1.2081249952316284,53.24800137329102,0.331370085477829
observed_test,v2_2018_482_48h,,15,PCC,B,3.050339944566511,0.0,0.8032541435498457,0.5210045576095581,1.2081249952316284,53.24800137329102,0.331370085477829
observed_test,v2_2018_482_48h,,15,PCC,C,3.050339944566511,0.0,0.8032541435498457,0.5210045576095581,1.2081249952316284,53.24800137329102,0.331370085477829
observed_test,v2_2018_482_48h,,16,PCC,A,3.106817521690861,0.0,0.5977541781388795,0.5631123185157776,1.2051249742507935,53.24800137329102,0.3452150523662567
observed_test,v2_2018_482_48h,,16,PCC,B,3.106817521690861,0.0,0.5977541781388795,0.5631123185157776,1.2051249742507935,53.24800137329102,0.3452150523662567
observed_test,v2_2018_482_48h,,16,PCC,C,3.106817521690861,0.0,0.5977541781388795,0.5631123185157776,1.2051249742507935,53.24800137329102,0.3452150523662567
observed_test,v2_2018_482_48h,,17,PCC,A,3.023171054206737,0.0,0.2843208324450713,0.5185338854789734,1.1979999542236328,53.24800137329102,0.34414005279541016
observed_test,v2_2018_482_48h,,17,PCC,B,3.023171054206737,0.0,0.2843208324450713,0.5185338854789734,1.1979999542236328,53.24800137329102,0.34414005279541016
observed_test,v2_2018_482_48h,,17,PCC,C,3.023171054206737,0.0,0.2843208324450713,0.5185338854789734,1.1979999542236328,53.24800137329102,0.34414005279541016
observed_test,v2_2018_482_48h,,18,PCC,A,2.97333194276019,0.0,0.04158750033149352,0.501911997795105,1.1871249675750732,53.24800137329102,0.3426823019981384
observed_test,v2_2018_482_48h,,18,PCC,B,2.97333194276019,0.0,0.04158750033149352,0.501911997795105,1.1871249675750732,53.24800137329102,0.3426823019981384
observed_test,v2_2018_482_48h,,18,PCC,C,2.97333194276019,0.0,0.04158750033149352,0.501911997795105,1.1871249675750732,53.24800137329102,0.3426823019981384
observed_test,v2_2018_482_48h,,19,PCC,A,3.0345477741034586,0.0,0.0,0.5692486763000488,1.1708500385284424,53.24800137329102,0.3418526351451874
observed_test,v2_2018_482_48h,,19,PCC,B,3.0345477741034586,0.0,0.0,0.5692486763000488,1.1708500385284424,53.24800137329102,0.3418526351451874
observed_test,v2_2018_482_48h,,19,PCC,C,3.0345477741034586,0.0,0.0,0.5692486763000488,1.1708500385284424,53.24800137329102,0.3418526351451874
observed_test,v2_2018_482_48h,,20,PCC,A,2.856693018678142,0.0,0.0,0.458400696516037,1.1638749837875366,53.24800137329102,0.33651256561279297
observed_test,v2_2018_482_48h,,20,PCC,B,2.856693018678142,0.0,0.0,0.458400696516037,1.1638749837875366,53.24800137329102,0.33651256561279297
observed_test,v2_2018_482_48h,,20,PCC,C,2.856693018678142,0.0,0.0,0.458400696516037,1.1638749837875366,53.24800137329102,0.33651256561279297
observed_test,v2_2018_482_48h,,21,PCC,A,2.7625671095644955,0.0,0.0,0.39928483963012695,1.1601250171661377,53.24800137329102,0.3371344804763794
observed_test,v2_2018_482_48h,,21,PCC,B,2.7625671095644955,0.0,0.0,0.39928483963012695,1.1601250171661377,53.24800137329102,0.3371344804763794
observed_test,v2_2018_482_48h,,21,PCC,C,2.7625671095644955,0.0,0.0,0.39928483963012695,1.1601250171661377,53.24800137329102,0.3371344804763794
observed_test,v2_2018_482_48h,,22,PCC,A,2.704615133472533,0.0,0.0,0.3637107312679291,1.1571249961853027,53.24800137329102,0.33799830079078674
observed_test,v2_2018_482_48h,,22,PCC,B,2.704615133472533,0.0,0.0,0.3637107312679291,1.1571249961853027,53.24800137329102,0.33799830079078674
observed_test,v2_2018_482_48h,,22,PCC,C,2.704615133472533,0.0,0.0,0.3637107312679291,1.1571249961853027,53.24800137329102,0.33799830079078674
observed_test,v2_2018_482_48h,,23,PCC,A,2.6757962203392935,0.0,0.0,0.34759950637817383,1.1545000076293945,53.24800137329102,0.3385236859321594
observed_test,v2_2018_482_48h,,23,PCC,B,2.6757962203392935,0.0,0.0,0.34759950637817383,1.1545000076293945,53.24800137329102,0.3385236859321594
observed_test,v2_2018_482_48h,,23,PCC,C,2.6757962203392935,0.0,0.0,0.34759950637817383,1.1545000076293945,53.24800137329102,0.3385236859321594
observed_test,v2_2018_482_48h,,24,PCC,A,2.5949263609080027,0.0,0.0,0.29431068897247314,1.1525499820709229,53.24800137329102,0.3395809233188629
observed_test,v2_2018_482_48h,,24,PCC,B,2.5949263609080027,0.0,0.0,0.29431068897247314,1.1525499820709229,53.24800137329102,0.3395809233188629
observed_test,v2_2018_482_48h,,24,PCC,C,2.5949263609080027,0.0,0.0,0.29431068897247314,1.1525499820709229,53.24800137329102,0.3395809233188629
observed_test,v2_2018_482_48h,,25,PCC,A,2.628190629804694,0.0,0.0,0.3179371654987335,1.152174949645996,53.24800137329102,0.3408880829811096
observed_test,v2_2018_482_48h,,25,PCC,B,2.628190629804694,0.0,0.0,0.3179371654987335,1.152174949645996,53.24800137329102,0.3408880829811096
observed_test,v2_2018_482_48h,,25,PCC,C,2.628190629804694,0.0,0.0,0.3179371654987335,1.152174949645996,53.24800137329102,0.3408880829811096
observed_test,v2_2018_482_48h,,26,PCC,A,2.491377333642939,0.0,0.0,0.2232462614774704,1.1519500017166138,53.24800137329102,0.3375415503978729
observed_test,v2_2018_482_48h,,26,PCC,B,2.491377333642939,0.0,0.0,0.2232462614774704,1.1519500017166138,53.24800137329102,0.3375415503978729
observed_test,v2_2018_482_48h,,26,PCC,C,2.491377333642939,0.0,0.0,0.2232462614774704,1.1519500017166138,53.24800137329102,0.3375415503978729
observed_test,v2_2018_482_48h,,27,PCC,A,2.546573041893056,0.0,0.0,0.2633455991744995,1.1506749391555786,53.24800137329102,0.3414383828639984
observed_test,v2_2018_482_48h,,27,PCC,B,2.546573041893056,0.0,0.0,0.2633455991744995,1.1506749391555786,53.24800137329102,0.3414383828639984
observed_test,v2_2018_482_48h,,27,PCC,C,2.546573041893056,0.0,0.0,0.2633455991744995,1.1506749391555786,53.24800137329102,0.3414383828639984
observed_test,v2_2018_482_48h,,28,PCC,A,2.6066056994782514,0.0,0.0,0.3060445785522461,1.149999976158142,53.24800137329102,0.3527320623397827
observed_test,v2_2018_482_48h,,28,PCC,B,2.6066056994782514,0.0,0.0,0.3060445785522461,1.149999976158142,53.24800137329102,0.3527320623397827
observed_test,v2_2018_482_48h,,28,PCC,C,2.6066056994782514,0.0,0.0,0.3060445785522461,1.149999976158142,53.24800137329102,0.3527320623397827
observed_test,v2_2018_482_48h,,29,PCC,A,2.5772829707591067,0.0,0.0,0.2850128710269928,1.1504499912261963,53.24800137329102,0.3338092565536499
observed_test,v2_2018_482_48h,,29,PCC,B,2.5772829707591067,0.0,0.0,0.2850128710269928,1.1504499912261963,53.24800137329102,0.3338092565536499
observed_test,v2_2018_482_48h,,29,PCC,C,2.5772829707591067,0.0,0.0,0.2850128710269928,1.1504499912261963,53.24800137329102,0.3338092565536499
observed_test,v2_2018_482_48h,,30,PCC,A,2.779534476493822,0.0,0.046854165311043076,0.4131304621696472,1.1586999893188477,53.24800137329102,0.30465564131736755
observed_test,v2_2018_482_48h,,30,PCC,B,2.779534476493822,0.0,0.046854165311043076,0.4131304621696472,1.1586999893188477,53.24800137329102,0.30465564131736755
observed_test,v2_2018_482_48h,,30,PCC,C,2.779534476493822,0.0,0.046854165311043076,0.4131304621696472,1.1586999893188477,53.24800137329102,0.30465564131736755
observed_test,v2_2018_482_48h,,31,PCC,A,3.0689910812144556,0.0,0.2927708224608348,0.5887197852134705,1.1733249425888062,53.24800137329102,0.28409716486930847
observed_test,v2_2018_482_48h,,31,PCC,B,3.0689910812144556,0.0,0.2927708224608348,0.5887197852134705,1.1733249425888062,53.24800137329102,0.28409716486930847
observed_test,v2_2018_482_48h,,31,PCC,C,3.0689910812144556,0.0,0.2927708224608348,0.5887197852134705,1.1733249425888062,53.24800137329102,0.28409716486930847
observed_test,v2_2018_482_48h,,32,PCC,A,2.85183216970991,0.0,0.6052708396544823,0.41616514325141907,1.1897499561309814,53.24800137329102,0.27186769247055054
observed_test,v2_2018_482_48h,,32,PCC,B,2.85183216970991,0.0,0.6052708396544823,0.41616514325141907,1.1897499561309814,53.24800137329102,0.27186769247055054
observed_test,v2_2018_482_48h,,32,PCC,C,2.85183216970991,0.0,0.6052708396544823,0.41616514325141907,1.1897499561309814,53.24800137329102,0.27186769247055054
observed_test,v2_2018_482_48h,,33,PCC,A,3.0244819169628934,0.0,0.8580833100355587,0.5137431621551514,1.2016749382019043,53.24800137329102,0.2652413845062256
observed_test,v2_2018_482_48h,,33,PCC,B,3.0244819169628934,0.0,0.8580833100355587,0.5137431621551514,1.2016749382019043,53.24800137329102,0.2652413845062256
observed_test,v2_2018_482_48h,,33,PCC,C,3.0244819169628934,0.0,0.8580833100355587,0.5137431621551514,1.2016749382019043,53.24800137329102,0.2652413845062256
observed_test,v2_2018_482_48h,,34,PCC,A,2.8198434007090163,0.0,1.036295867883242,0.3643687963485718,1.210974931716919,53.24800137329102,0.27402129769325256
observed_test,v2_2018_482_48h,,34,PCC,B,2.8198434007090163,0.0,1.036295867883242,0.3643687963485718,1.210974931716919,53.24800137329102,0.27402129769325256
observed_test,v2_2018_482_48h,,34,PCC,C,2.8198434007090163,0.0,1.036295867883242,0.3643687963485718,1.210974931716919,53.24800137329102,0.27402129769325256
observed_test,v2_2018_482_48h,,35,PCC,A,2.830709819474123,0.0,1.1309541188753567,0.36136627197265625,1.218250036239624,53.24800137329102,0.291171669960022
observed_test,v2_2018_482_48h,,35,PCC,B,2.830709819474123,0.0,1.1309541188753567,0.36136627197265625,1.218250036239624,53.24800137329102,0.291171669960022
observed_test,v2_2018_482_48h,,35,PCC,C,2.830709819474123,0.0,1.1309541188753567,0.36136627197265625,1.218250036239624,53.24800137329102,0.291171669960022
observed_test,v2_2018_482_48h,,36,PCC,A,3.1120873033065073,0.0,1.1581166432454035,0.5383059978485107,1.223349928855896,53.24800137329102,0.3156188428401947
observed_test,v2_2018_482_48h,,36,PCC,B,3.1120873033065073,0.0,1.1581166432454035,0.5383059978485107,1.223349928855896,53.24800137329102,0.3156188428401947
observed_test,v2_2018_482_48h,,36,PCC,C,3.1120873033065073,0.0,1.1581166432454035,0.5383059978485107,1.223349928855896,53.24800137329102,0.3156188428401947
observed_test,v2_2018_482_48h,,37,PCC,A,3.2178251908916162,0.0,1.1164207871143634,0.6031783223152161,1.2260500192642212,53.24800137329102,0.32237645983695984
observed_test,v2_2018_482_48h,,37,PCC,B,3.2178251908916162,0.0,1.1164207871143634,0.6031783223152161,1.2260500192642212,53.24800137329102,0.32237645983695984
observed_test,v2_2018_482_48h,,37,PCC,C,3.2178251908916162,0.0,1.1164207871143634,0.6031783223152161,1.2260500192642212,53.24800137329102,0.32237645983695984
observed_test,v2_2018_482_48h,,38,PCC,A,3.314893947899764,0.0,0.9880541608883783,0.6654155254364014,1.2267249822616577,53.24800137329102,0.3223702907562256
observed_test,v2_2018_482_48h,,38,PCC,B,3.314893947899764,0.0,0.9880541608883783,0.6654155254364014,1.2267249822616577,53.24800137329102,0.3223702907562256
observed_test,v2_2018_482_48h,,38,PCC,C,3.314893947899764,0.0,0.9880541608883783,0.6654155254364014,1.2267249822616577,53.24800137329102,0.3223702907562256
observed_test,v2_2018_482_48h,,39,PCC,A,3.089976362606057,0.0,0.7958166874372042,0.5210045576095581,1.2252249717712402,53.24800137329102,0.34285256266593933
observed_test,v2_2018_482_48h,,39,PCC,B,3.089976362606057,0.0,0.7958166874372042,0.5210045576095581,1.2252249717712402,53.24800137329102,0.34285256266593933
observed_test,v2_2018_482_48h,,39,PCC,C,3.089976362606057,0.0,0.7958166874372042,0.5210045576095581,1.2252249717712402,53.24800137329102,0.34285256266593933
observed_test,v2_2018_482_48h,,40,PCC,A,3.1453984523140797,0.0,0.48868747857900763,0.5631123185157776,1.2214000225067139,53.24800137329102,0.34777942299842834
observed_test,v2_2018_482_48h,,40,PCC,B,3.1453984523140797,0.0,0.48868747857900763,0.5631123185157776,1.2214000225067139,53.24800137329102,0.34777942299842834
observed_test,v2_2018_482_48h,,40,PCC,C,3.1453984523140797,0.0,0.48868747857900763,0.5631123185157776,1.2214000225067139,53.24800137329102,0.34777942299842834
observed_test,v2_2018_482_48h,,41,PCC,A,3.055810387013968,0.0,0.26478750201372,0.5185338854789734,1.2121000289916992,53.24800137329102,0.3465540111064911
observed_test,v2_2018_482_48h,,41,PCC,B,3.055810387013968,0.0,0.26478750201372,0.5185338854789734,1.2121000289916992,53.24800137329102,0.3465540111064911
observed_test,v2_2018_482_48h,,41,PCC,C,3.055810387013968,0.0,0.26478750201372,0.5185338854789734,1.2121000289916992,53.24800137329102,0.3465540111064911
observed_test,v2_2018_482_48h,,42,PCC,A,3.0032692907748966,0.0,0.04223333313488043,0.501911997795105,1.2001749277114868,53.24800137329102,0.3442908227443695
observed_test,v2_2018_482_48h,,42,PCC,B,3.0032692907748966,0.0,0.04223333313488043,0.501911997795105,1.2001749277114868,53.24800137329102,0.3442908227443695
observed_test,v2_2018_482_48h,,42,PCC,C,3.0032692907748966,0.0,0.04223333313488043,0.501911997795105,1.2001749277114868,53.24800137329102,0.3442908227443695
observed_test,v2_2018_482_48h,,43,PCC,A,3.0753937345500426,0.0,0.0,0.5692486763000488,1.1880249977111816,53.24800137329102,0.34267792105674744
observed_test,v2_2018_482_48h,,43,PCC,B,3.0753937345500426,0.0,0.0,0.5692486763000488,1.1880249977111816,53.24800137329102,0.34267792105674744
observed_test,v2_2018_482_48h,,43,PCC,C,3.0753937345500426,0.0,0.0,0.5692486763000488,1.1880249977111816,53.24800137329102,0.34267792105674744
observed_test,v2_2018_482_48h,,44,PCC,A,2.899526626154614,0.0,0.0,0.458400696516037,1.1829999685287476,53.24800137329102,0.3412202000617981
observed_test,v2_2018_482_48h,,44,PCC,B,2.899526626154614,0.0,0.0,0.458400696516037,1.1829999685287476,53.24800137329102,0.3412202000617981
observed_test,v2_2018_482_48h,,44,PCC,C,2.899526626154614,0.0,0.0,0.458400696516037,1.1829999685287476,53.24800137329102,0.3412202000617981
observed_test,v2_2018_482_48h,,45,PCC,A,2.8026880586332132,0.0,0.0,0.39928483963012695,1.1786500215530396,53.24800137329102,0.33866459131240845
observed_test,v2_2018_482_48h,,45,PCC,B,2.8026880586332132,0.0,0.0,0.39928483963012695,1.1786500215530396,53.24800137329102,0.33866459131240845
observed_test,v2_2018_482_48h,,45,PCC,C,2.8026880586332132,0.0,0.0,0.39928483963012695,1.1786500215530396,53.24800137329102,0.33866459131240845
observed_test,v2_2018_482_48h,,46,PCC,A,2.7435939443964728,0.0,0.0,0.3637107312679291,1.1754999160766602,53.24800137329102,0.3380708396434784
observed_test,v2_2018_482_48h,,46,PCC,B,2.7435939443964728,0.0,0.0,0.3637107312679291,1.1754999160766602,53.24800137329102,0.3380708396434784
observed_test,v2_2018_482_48h,,46,PCC,C,2.7435939443964728,0.0,0.0,0.3637107312679291,1.1754999160766602,53.24800137329102,0.3380708396434784
observed_test,v2_2018_482_48h,,47,PCC,A,2.714877881610524,0.0,0.0,0.34759950637817383,1.1730999946594238,53.24800137329102,0.33799898624420166
observed_test,v2_2018_482_48h,,47,PCC,B,2.714877881610524,0.0,0.0,0.34759950637817383,1.1730999946594238,53.24800137329102,0.33799898624420166
observed_test,v2_2018_482_48h,,47,PCC,C,2.714877881610524,0.0,0.0,0.34759950637817383,1.1730999946594238,53.24800137329102,0.33799898624420166
observed_test,v2_2018_509_48h,,0,PCC,A,2.589738233557025,0.0,0.0,0.29431068897247314,1.149999976158142,53.24800137329102,0.3283029794692993
observed_test,v2_2018_509_48h,,0,PCC,B,2.589738233557025,0.0,0.0,0.29431068897247314,1.149999976158142,53.24800137329102,0.3283029794692993
observed_test,v2_2018_509_48h,,0,PCC,C,2.589738233557025,0.0,0.0,0.29431068897247314,1.149999976158142,53.24800137329102,0.3283029794692993
observed_test,v2_2018_509_48h,,1,PCC,A,2.6237012928594003,0.0,0.0,0.3179371654987335,1.149999976158142,34.72425106811524,0.32183223962783813
observed_test,v2_2018_509_48h,,1,PCC,B,2.6237012928594003,0.0,0.0,0.3179371654987335,1.149999976158142,34.72425106811524,0.32183223962783813
observed_test,v2_2018_509_48h,,1,PCC,C,2.6237012928594003,0.0,0.0,0.3179371654987335,1.149999976158142,34.72425106811524,0.32183223962783813
observed_test,v2_2018_509_48h,,2,PCC,A,2.4875831211508435,0.0,0.0,0.2232462614774704,1.149999976158142,34.72425106811524,0.30385276675224304
observed_test,v2_2018_509_48h,,2,PCC,B,2.4875831211508435,0.0,0.0,0.2232462614774704,1.149999976158142,34.72425106811524,0.30385276675224304
observed_test,v2_2018_509_48h,,2,PCC,C,2.4875831211508435,0.0,0.0,0.2232462614774704,1.149999976158142,34.72425106811524,0.30385276675224304
observed_test,v2_2018_509_48h,,3,PCC,A,2.5452259178952694,0.0,0.0,0.2633455991744995,1.149999976158142,53.24800137329102,0.27850639820098877
observed_test,v2_2018_509_48h,,3,PCC,B,2.5452259178952694,0.0,0.0,0.2633455991744995,1.149999976158142,53.24800137329102,0.27850639820098877
observed_test,v2_2018_509_48h,,3,PCC,C,2.5452259178952694,0.0,0.0,0.2633455991744995,1.149999976158142,53.24800137329102,0.27850639820098877
observed_test,v2_2018_509_48h,,4,PCC,A,2.6066056994782514,0.0,0.0,0.3060445785522461,1.149999976158142,53.24800137329102,0.2660975158214569
observed_test,v2_2018_509_48h,,4,PCC,B,2.6066056994782514,0.0,0.0,0.3060445785522461,1.149999976158142,53.24800137329102,0.2660975158214569
observed_test,v2_2018_509_48h,,4,PCC,C,2.6066056994782514,0.0,0.0,0.3060445785522461,1.149999976158142,53.24800137329102,0.2660975158214569
observed_test,v2_2018_509_48h,,5,PCC,A,2.5763726205374935,0.0,0.0,0.2850128710269928,1.149999976158142,53.24800137329102,0.2621997594833374
observed_test,v2_2018_509_48h,,5,PCC,B,2.5763726205374935,0.0,0.0,0.2850128710269928,1.149999976158142,53.24800137329102,0.2621997594833374
observed_test,v2_2018_509_48h,,5,PCC,C,2.5763726205374935,0.0,0.0,0.2850128710269928,1.149999976158142,53.24800137329102,0.2621997594833374
observed_test,v2_2018_509_48h,,6,PCC,A,2.7605416539868575,0.0,0.0,0.4131304621696472,1.149999976158142,121.88174847412108,0.25578537583351135
observed_test,v2_2018_509_48h,,6,PCC,B,2.7605416539868575,0.0,0.0,0.4131304621696472,1.149999976158142,121.88174847412108,0.25578537583351135
observed_test,v2_2018_509_48h,,6,PCC,C,2.7605416539868575,0.0,0.0,0.4131304621696472,1.149999976158142,121.88174847412108,0.25578537583351135
observed_test,v2_2018_509_48h,,7,PCC,A,3.0129513006293838,0.0,0.2612916609415641,0.5887197852134705,1.149999976158142,121.88174847412108,0.2414793074131012
observed_test,v2_2018_509_48h,,7,PCC,B,3.0129513006293838,0.0,0.2612916609415641,0.5887197852134705,1.149999976158142,121.88174847412108,0.2414793074131012
observed_test,v2_2018_509_48h,,7,PCC,C,3.0129513006293838,0.0,0.2612916609415641,0.5887197852134705,1.149999976158142,121.88174847412108,0.2414793074131012
observed_test,v2_2018_509_48h,,8,PCC,A,2.7649040079514635,0.0,0.6569750033892118,0.41616514325141907,1.149999976158142,121.88174847412108,0.23656603693962097
observed_test,v2_2018_509_48h,,8,PCC,B,2.7649040079514635,0.0,0.6569750033892118,0.41616514325141907,1.149999976158142,121.88174847412108,0.23656603693962097
observed_test,v2_2018_509_48h,,8,PCC,C,2.7649040079514635,0.0,0.6569750033892118,0.41616514325141907,1.149999976158142,121.88174847412108,0.23656603693962097
observed_test,v2_2018_509_48h,,9,PCC,A,2.9051724072175276,0.0,0.9361499777207007,0.5137431621551514,1.149999976158142,121.88174847412108,0.23691198229789734
observed_test,v2_2018_509_48h,,9,PCC,B,2.9051724072175276,0.0,0.9361499777207007,0.5137431621551514,1.149999976158142,121.88174847412108,0.23691198229789734
observed_test,v2_2018_509_48h,,9,PCC,C,2.9051724072175276,0.0,0.9361499777207007,0.5137431621551514,1.149999976158142,121.88174847412108,0.23691198229789734
observed_test,v2_2018_509_48h,,10,PCC,A,2.6904467608222724,0.0,1.1640708033855145,0.3643687963485718,1.149999976158142,53.24800137329102,0.24951933324337006
observed_test,v2_2018_509_48h,,10,PCC,B,2.6904467608222724,0.0,1.1640708033855145,0.3643687963485718,1.149999976158142,53.24800137329102,0.24951933324337006
observed_test,v2_2018_509_48h,,10,PCC,C,2.6904467608222724,0.0,1.1640708033855145,0.3643687963485718,1.149999976158142,53.24800137329102,0.24951933324337006
observed_test,v2_2018_509_48h,,11,PCC,A,2.686130632121376,0.0,1.2692041121996365,0.36136627197265625,1.149999976158142,53.24800137329102,0.2664293944835663
observed_test,v2_2018_509_48h,,11,PCC,B,2.686130632121376,0.0,1.2692041121996365,0.36136627197265625,1.149999976158142,53.24800137329102,0.2664293944835663
observed_test,v2_2018_509_48h,,11,PCC,C,2.686130632121376,0.0,1.2692041121996365,0.36136627197265625,1.149999976158142,53.24800137329102,0.2664293944835663
observed_test,v2_2018_509_48h,,12,PCC,A,2.940481482794702,0.0,1.2726875451894906,0.5383059978485107,1.149999976158142,34.72425106811524,0.2777911424636841
observed_test,v2_2018_509_48h,,12,PCC,B,2.940481482794702,0.0,1.2726875451894906,0.5383059978485107,1.149999976158142,34.72425106811524,0.2777911424636841
observed_test,v2_2018_509_48h,,12,PCC,C,2.940481482794702,0.0,1.2726875451894906,0.5383059978485107,1.149999976158142,34.72425106811524,0.2777911424636841
observed_test,v2_2018_509_48h,,13,PCC,A,3.033735447282245,0.0,1.1883167120126576,0.6031783223152161,1.149999976158142,34.72425106811524,0.27098700404167175
observed_test,v2_2018_509_48h,,13,PCC,B,3.033735447282245,0.0,1.1883167120126576,0.6031783223152161,1.149999976158142,34.72425106811524,0.27098700404167175
observed_test,v2_2018_509_48h,,13,PCC,C,3.033735447282245,0.0,1.1883167120126576,0.6031783223152161,1.149999976158142,34.72425106811524,0.27098700404167175
observed_test,v2_2018_509_48h,,14,PCC,A,3.1232014249141358,0.0,1.02835836318823,0.6654155254364014,1.149999976158142,34.72425106811524,0.25144168734550476
observed_test,v2_2018_509_48h,,14,PCC,B,3.1232014249141358,0.0,1.02835836318823,0.6654155254364014,1.149999976158142,34.72425106811524,0.25144168734550476
observed_test,v2_2018_509_48h,,14,PCC,C,3.1232014249141358,0.0,1.02835836318823,0.6654155254364014,1.149999976158142,34.72425106811524,0.25144168734550476
observed_test,v2_2018_509_48h,,15,PCC,A,2.915610662966831,0.0,0.7799250002090746,0.5210045576095581,1.149999976158142,34.72425106811524,0.2531518042087555
observed_test,v2_2018_509_48h,,15,PCC,B,2.915610662966831,0.0,0.7799250002090746,0.5210045576095581,1.149999976158142,34.72425106811524,0.2531518042087555
observed_test,v2_2018_509_48h,,15,PCC,C,2.915610662966831,0.0,0.7799250002090746,0.5210045576095581,1.149999976158142,34.72425106811524,0.2531518042087555
observed_test,v2_2018_509_48h,,16,PCC,A,2.9761405680146122,0.0,0.4337458369823602,0.5631123185157776,1.149999976158142,53.24800137329102,0.2589070200920105
observed_test,v2_2018_509_48h,,16,PCC,B,2.9761405680146122,0.0,0.4337458369823602,0.5631123185157776,1.149999976158142,53.24800137329102,0.2589070200920105
observed_test,v2_2018_509_48h,,16,PCC,C,2.9761405680146122,0.0,0.4337458369823602,0.5631123185157776,1.149999976158142,53.24800137329102,0.2589070200920105
observed_test,v2_2018_509_48h,,17,PCC,A,2.912059071852747,0.0,0.06636666993682201,0.5185338854789734,1.149999976158142,53.24800137329102,0.2724916338920593
observed_test,v2_2018_509_48h,,17,PCC,B,2.912059071852747,0.0,0.06636666993682201,0.5185338854789734,1.149999976158142,53.24800137329102,0.2724916338920593
observed_test,v2_2018_509_48h,,17,PCC,C,2.912059071852747,0.0,0.06636666993682201,0.5185338854789734,1.149999976158142,53.24800137329102,0.2724916338920593
observed_test,v2_2018_509_48h,,18,PCC,A,2.888165108802557,0.0,0.0,0.501911997795105,1.149999976158142,53.24800137329102,0.2840218245983124
observed_test,v2_2018_509_48h,,18,PCC,B,2.888165108802557,0.0,0.0,0.501911997795105,1.149999976158142,53.24800137329102,0.2840218245983124
observed_test,v2_2018_509_48h,,18,PCC,C,2.888165108802557,0.0,0.0,0.501911997795105,1.149999976158142,53.24800137329102,0.2840218245983124
observed_test,v2_2018_509_48h,,19,PCC,A,2.9849615821466244,0.0,0.0,0.5692486763000488,1.149999976158142,53.24800137329102,0.28442564606666565
observed_test,v2_2018_509_48h,,19,PCC,B,2.9849615821466244,0.0,0.0,0.5692486763000488,1.149999976158142,53.24800137329102,0.28442564606666565
observed_test,v2_2018_509_48h,,19,PCC,C,2.9849615821466244,0.0,0.0,0.5692486763000488,1.149999976158142,53.24800137329102,0.28442564606666565
observed_test,v2_2018_509_48h,,20,PCC,A,2.825617614510635,0.0,0.0,0.458400696516037,1.149999976158142,53.24800137329102,0.2950979769229889
observed_test,v2_2018_509_48h,,20,PCC,B,2.825617614510635,0.0,0.0,0.458400696516037,1.149999976158142,53.24800137329102,0.2950979769229889
observed_test,v2_2018_509_48h,,20,PCC,C,2.825617614510635,0.0,0.0,0.458400696516037,1.149999976158142,53.24800137329102,0.2950979769229889
observed_test,v2_2018_509_48h,,21,PCC,A,2.740638571998929,0.0,0.0,0.39928483963012695,1.149999976158142,53.24800137329102,0.29421675205230713
observed_test,v2_2018_509_48h,,21,PCC,B,2.740638571998929,0.0,0.0,0.39928483963012695,1.149999976158142,53.24800137329102,0.29421675205230713
observed_test,v2_2018_509_48h,,21,PCC,C,2.740638571998929,0.0,0.0,0.39928483963012695,1.149999976158142,53.24800137329102,0.29421675205230713
observed_test,v2_2018_509_48h,,22,PCC,A,2.689500792288461,0.0,0.0,0.3637107312679291,1.149999976158142,53.24800137329102,0.297757089138031
observed_test,v2_2018_509_48h,,22,PCC,B,2.689500792288461,0.0,0.0,0.3637107312679291,1.149999976158142,53.24800137329102,0.297757089138031
observed_test,v2_2018_509_48h,,22,PCC,C,2.689500792288461,0.0,0.0,0.3637107312679291,1.149999976158142,53.24800137329102,0.297757089138031
observed_test,v2_2018_509_48h,,23,PCC,A,2.666340906989589,0.0,0.0,0.34759950637817383,1.149999976158142,53.24800137329102,0.3050990402698517
observed_test,v2_2018_509_48h,,23,PCC,B,2.666340906989589,0.0,0.0,0.34759950637817383,1.149999976158142,53.24800137329102,0.3050990402698517
observed_test,v2_2018_509_48h,,23,PCC,C,2.666340906989589,0.0,0.0,0.34759950637817383,1.149999976158142,53.24800137329102,0.3050990402698517
observed_test,v2_2018_509_48h,,24,PCC,A,2.589738233557025,0.0,0.0,0.29431068897247314,1.149999976158142,53.24800137329102,0.30887773633003235
observed_test,v2_2018_509_48h,,24,PCC,B,2.589738233557025,0.0,0.0,0.29431068897247314,1.149999976158142,53.24800137329102,0.30887773633003235
observed_test,v2_2018_509_48h,,24,PCC,C,2.589738233557025,0.0,0.0,0.29431068897247314,1.149999976158142,53.24800137329102,0.30887773633003235
observed_test,v2_2018_509_48h,,25,PCC,A,2.6237012928594003,0.0,0.0,0.3179371654987335,1.149999976158142,34.72425106811524,0.30848458409309387
observed_test,v2_2018_509_48h,,25,PCC,B,2.6237012928594003,0.0,0.0,0.3179371654987335,1.149999976158142,34.72425106811524,0.30848458409309387
observed_test,v2_2018_509_48h,,25,PCC,C,2.6237012928594003,0.0,0.0,0.3179371654987335,1.149999976158142,34.72425106811524,0.30848458409309387
observed_test,v2_2018_509_48h,,26,PCC,A,2.4875831211508435,0.0,0.0,0.2232462614774704,1.149999976158142,34.72425106811524,0.29789969325065613
observed_test,v2_2018_509_48h,,26,PCC,B,2.4875831211508435,0.0,0.0,0.2232462614774704,1.149999976158142,34.72425106811524,0.29789969325065613
observed_test,v2_2018_509_48h,,26,PCC,C,2.4875831211508435,0.0,0.0,0.2232462614774704,1.149999976158142,34.72425106811524,0.29789969325065613
observed_test,v2_2018_509_48h,,27,PCC,A,2.5452259178952694,0.0,0.0,0.2633455991744995,1.149999976158142,53.24800137329102,0.2821500599384308
observed_test,v2_2018_509_48h,,27,PCC,B,2.5452259178952694,0.0,0.0,0.2633455991744995,1.149999976158142,53.24800137329102,0.2821500599384308
observed_test,v2_2018_509_48h,,27,PCC,C,2.5452259178952694,0.0,0.0,0.2633455991744995,1.149999976158142,53.24800137329102,0.2821500599384308
observed_test,v2_2018_509_48h,,28,PCC,A,2.6066056994782514,0.0,0.0,0.3060445785522461,1.149999976158142,53.24800137329102,0.2802436947822571
observed_test,v2_2018_509_48h,,28,PCC,B,2.6066056994782514,0.0,0.0,0.3060445785522461,1.149999976158142,53.24800137329102,0.2802436947822571
observed_test,v2_2018_509_48h,,28,PCC,C,2.6066056994782514,0.0,0.0,0.3060445785522461,1.149999976158142,53.24800137329102,0.2802436947822571
observed_test,v2_2018_509_48h,,29,PCC,A,2.5763726205374935,0.0,0.0,0.2850128710269928,1.149999976158142,53.24800137329102,0.2548019289970398
observed_test,v2_2018_509_48h,,29,PCC,B,2.5763726205374935,0.0,0.0,0.2850128710269928,1.149999976158142,53.24800137329102,0.2548019289970398
observed_test,v2_2018_509_48h,,29,PCC,C,2.5763726205374935,0.0,0.0,0.2850128710269928,1.149999976158142,53.24800137329102,0.2548019289970398
observed_test,v2_2018_509_48h,,30,PCC,A,2.7605416539868575,0.0,0.0,0.4131304621696472,1.149999976158142,121.88174847412108,0.23749005794525146
observed_test,v2_2018_509_48h,,30,PCC,B,2.7605416539868575,0.0,0.0,0.4131304621696472,1.149999976158142,121.88174847412108,0.23749005794525146
observed_test,v2_2018_509_48h,,30,PCC,C,2.7605416539868575,0.0,0.0,0.4131304621696472,1.149999976158142,121.88174847412108,0.23749005794525146
observed_test,v2_2018_509_48h,,31,PCC,A,3.0129513006293838,0.0,0.26870000247771925,0.5887197852134705,1.149999976158142,121.88174847412108,0.21759577095508575
observed_test,v2_2018_509_48h,,31,PCC,B,3.0129513006293838,0.0,0.26870000247771925,0.5887197852134705,1.149999976158142,121.88174847412108,0.21759577095508575
observed_test,v2_2018_509_48h,,31,PCC,C,3.0129513006293838,0.0,0.26870000247771925,0.5887197852134705,1.149999976158142,121.88174847412108,0.21759577095508575
observed_test,v2_2018_509_48h,,32,PCC,A,2.7649040079514635,0.0,0.6493166662179506,0.41616514325141907,1.149999976158142,121.88174847412108,0.20714296400547028
observed_test,v2_2018_509_48h,,32,PCC,B,2.7649040079514635,0.0,0.6493166662179506,0.41616514325141907,1.149999976158142,121.88174847412108,0.20714296400547028
observed_test,v2_2018_509_48h,,32,PCC,C,2.7649040079514635,0.0,0.6493166662179506,0.41616514325141907,1.149999976158142,121.88174847412108,0.20714296400547028
observed_test,v2_2018_509_48h,,33,PCC,A,2.9051724072175276,0.0,0.9366583365660447,0.5137431621551514,1.149999976158142,121.88174847412108,0.21006016433238983
observed_test,v2_2018_509_48h,,33,PCC,B,2.9051724072175276,0.0,0.9366583365660447,0.5137431621551514,1.149999976158142,121.88174847412108,0.21006016433238983
observed_test,v2_2018_509_48h,,33,PCC,C,2.9051724072175276,0.0,0.9366583365660447,0.5137431621551514,1.149999976158142,121.88174847412108,0.21006016433238983
observed_test,v2_2018_509_48h,,34,PCC,A,2.6904467608222724,0.0,1.1230916931078982,0.3643687963485718,1.149999976158142,53.24800137329102,0.23078852891921997
observed_test,v2_2018_509_48h,,34,PCC,B,2.6904467608222724,0.0,1.1230916931078982,0.3643687963485718,1.149999976158142,53.24800137329102,0.23078852891921997
observed_test,v2_2018_509_48h,,34,PCC,C,2.6904467608222724,0.0,1.1230916931078982,0.3643687963485718,1.149999976158142,53.24800137329102,0.23078852891921997
observed_test,v2_2018_509_48h,,35,PCC,A,2.686130632121376,0.0,1.2181499829659093,0.36136627197265625,1.149999976158142,53.24800137329102,0.2465364784002304
observed_test,v2_2018_509_48h,,35,PCC,B,2.686130632121376,0.0,1.2181499829659093,0.36136627197265625,1.149999976158142,53.24800137329102,0.2465364784002304
observed_test,v2_2018_509_48h,,35,PCC,C,2.686130632121376,0.0,1.2181499829659093,0.36136627197265625,1.149999976158142,53.24800137329102,0.2465364784002304
observed_test,v2_2018_509_48h,,36,PCC,A,2.940481482794702,0.0,1.2306333734438968,0.5383059978485107,1.149999976158142,34.72425106811524,0.2510838210582733
observed_test,v2_2018_509_48h,,36,PCC,B,2.940481482794702,0.0,1.2306333734438968,0.5383059978485107,1.149999976158142,34.72425106811524,0.2510838210582733
observed_test,v2_2018_509_48h,,36,PCC,C,2.940481482794702,0.0,1.2306333734438968,0.5383059978485107,1.149999976158142,34.72425106811524,0.2510838210582733
observed_test,v2_2018_509_48h,,37,PCC,A,3.033735447282245,0.0,1.1592333133404071,0.6031783223152161,1.149999976158142,34.72425106811524,0.2372344434261322
observed_test,v2_2018_509_48h,,37,PCC,B,3.033735447282245,0.0,1.1592333133404071,0.6031783223152161,1.149999976158142,34.72425106811524,0.2372344434261322
observed_test,v2_2018_509_48h,,37,PCC,C,3.033735447282245,0.0,1.1592333133404071,0.6031783223152161,1.149999976158142,34.72425106811524,0.2372344434261322
observed_test,v2_2018_509_48h,,38,PCC,A,3.123763442935555,0.0,1.0012208269192622,0.6654155254364014,1.1502249240875244,34.72425106811524,0.22046156227588654
observed_test,v2_2018_509_48h,,38,PCC,B,3.123763442935555,0.0,1.0012208269192622,0.6654155254364014,1.1502249240875244,34.72425106811524,0.22046156227588654
observed_test,v2_2018_509_48h,,38,PCC,C,3.123763442935555,0.0,1.0012208269192622,0.6654155254364014,1.1502249240875244,34.72425106811524,0.22046156227588654
observed_test,v2_2018_509_48h,,39,PCC,A,2.915610662966831,0.0,0.7547541879690609,0.5210045576095581,1.149999976158142,34.72425106811524,0.21257410943508148
observed_test,v2_2018_509_48h,,39,PCC,B,2.915610662966831,0.0,0.7547541879690609,0.5210045576095581,1.149999976158142,34.72425106811524,0.21257410943508148
observed_test,v2_2018_509_48h,,39,PCC,C,2.915610662966831,0.0,0.7547541879690609,0.5210045576095581,1.149999976158142,34.72425106811524,0.21257410943508148
observed_test,v2_2018_509_48h,,40,PCC,A,2.9761405680146122,0.0,0.40694165688294626,0.5631123185157776,1.149999976158142,53.24800137329102,0.21133701503276825
observed_test,v2_2018_509_48h,,40,PCC,B,2.9761405680146122,0.0,0.40694165688294626,0.5631123185157776,1.149999976158142,53.24800137329102,0.21133701503276825
observed_test,v2_2018_509_48h,,40,PCC,C,2.9761405680146122,0.0,0.40694165688294626,0.5631123185157776,1.149999976158142,53.24800137329102,0.21133701503276825
observed_test,v2_2018_509_48h,,41,PCC,A,2.912059071852747,0.0,0.05749583315963928,0.5185338854789734,1.149999976158142,53.24800137329102,0.21489055454730988
observed_test,v2_2018_509_48h,,41,PCC,B,2.912059071852747,0.0,0.05749583315963928,0.5185338854789734,1.149999976158142,53.24800137329102,0.21489055454730988
observed_test,v2_2018_509_48h,,41,PCC,C,2.912059071852747,0.0,0.05749583315963928,0.5185338854789734,1.149999976158142,53.24800137329102,0.21489055454730988
observed_test,v2_2018_509_48h,,42,PCC,A,2.888165108802557,0.0,0.0,0.501911997795105,1.149999976158142,53.24800137329102,0.21920259296894073
observed_test,v2_2018_509_48h,,42,PCC,B,2.888165108802557,0.0,0.0,0.501911997795105,1.149999976158142,53.24800137329102,0.21920259296894073
observed_test,v2_2018_509_48h,,42,PCC,C,2.888165108802557,0.0,0.0,0.501911997795105,1.149999976158142,53.24800137329102,0.21920259296894073
observed_test,v2_2018_509_48h,,43,PCC,A,2.9849615821466244,0.0,0.0,0.5692486763000488,1.149999976158142,53.24800137329102,0.23164419829845428
observed_test,v2_2018_509_48h,,43,PCC,B,2.9849615821466244,0.0,0.0,0.5692486763000488,1.149999976158142,53.24800137329102,0.23164419829845428
observed_test,v2_2018_509_48h,,43,PCC,C,2.9849615821466244,0.0,0.0,0.5692486763000488,1.149999976158142,53.24800137329102,0.23164419829845428
observed_test,v2_2018_509_48h,,44,PCC,A,2.825617614510635,0.0,0.0,0.458400696516037,1.149999976158142,53.24800137329102,0.24770797789096832
observed_test,v2_2018_509_48h,,44,PCC,B,2.825617614510635,0.0,0.0,0.458400696516037,1.149999976158142,53.24800137329102,0.24770797789096832
observed_test,v2_2018_509_48h,,44,PCC,C,2.825617614510635,0.0,0.0,0.458400696516037,1.149999976158142,53.24800137329102,0.24770797789096832
observed_test,v2_2018_509_48h,,45,PCC,A,2.740638571998929,0.0,0.0,0.39928483963012695,1.149999976158142,53.24800137329102,0.2684735953807831
observed_test,v2_2018_509_48h,,45,PCC,B,2.740638571998929,0.0,0.0,0.39928483963012695,1.149999976158142,53.24800137329102,0.2684735953807831
observed_test,v2_2018_509_48h,,45,PCC,C,2.740638571998929,0.0,0.0,0.39928483963012695,1.149999976158142,53.24800137329102,0.2684735953807831
observed_test,v2_2018_509_48h,,46,PCC,A,2.689500792288461,0.0,0.0,0.3637107312679291,1.149999976158142,53.24800137329102,0.2757553458213806
observed_test,v2_2018_509_48h,,46,PCC,B,2.689500792288461,0.0,0.0,0.3637107312679291,1.149999976158142,53.24800137329102,0.2757553458213806
observed_test,v2_2018_509_48h,,46,PCC,C,2.689500792288461,0.0,0.0,0.3637107312679291,1.149999976158142,53.24800137329102,0.2757553458213806
observed_test,v2_2018_509_48h,,47,PCC,A,2.666340906989589,0.0,0.0,0.34759950637817383,1.149999976158142,53.24800137329102,0.2743472754955292
observed_test,v2_2018_509_48h,,47,PCC,B,2.666340906989589,0.0,0.0,0.34759950637817383,1.149999976158142,53.24800137329102,0.2743472754955292
observed_test,v2_2018_509_48h,,47,PCC,C,2.666340906989589,0.0,0.0,0.34759950637817383,1.149999976158142,53.24800137329102,0.2743472754955292
observed_test,v2_2018_417_48h,,0,PCC,A,2.589738233557025,0.0,0.0,0.29431068897247314,1.149999976158142,53.24800137329102,0.3240935206413269
observed_test,v2_2018_417_48h,,0,PCC,B,2.589738233557025,0.0,0.0,0.29431068897247314,1.149999976158142,53.24800137329102,0.3240935206413269
observed_test,v2_2018_417_48h,,0,PCC,C,2.589738233557025,0.0,0.0,0.29431068897247314,1.149999976158142,53.24800137329102,0.3240935206413269
observed_test,v2_2018_417_48h,,1,PCC,A,2.6237012928594003,0.0,0.0,0.3179371654987335,1.149999976158142,34.72425106811524,0.3257555365562439
observed_test,v2_2018_417_48h,,1,PCC,B,2.6237012928594003,0.0,0.0,0.3179371654987335,1.149999976158142,34.72425106811524,0.3257555365562439
observed_test,v2_2018_417_48h,,1,PCC,C,2.6237012928594003,0.0,0.0,0.3179371654987335,1.149999976158142,34.72425106811524,0.3257555365562439
observed_test,v2_2018_417_48h,,2,PCC,A,2.4875831211508435,0.0,0.0,0.2232462614774704,1.149999976158142,34.72425106811524,0.331983745098114
observed_test,v2_2018_417_48h,,2,PCC,B,2.4875831211508435,0.0,0.0,0.2232462614774704,1.149999976158142,34.72425106811524,0.331983745098114
observed_test,v2_2018_417_48h,,2,PCC,C,2.4875831211508435,0.0,0.0,0.2232462614774704,1.149999976158142,34.72425106811524,0.331983745098114
observed_test,v2_2018_417_48h,,3,PCC,A,2.5452259178952694,0.0,0.0,0.2633455991744995,1.149999976158142,53.24800137329102,0.33688339591026306
observed_test,v2_2018_417_48h,,3,PCC,B,2.5452259178952694,0.0,0.0,0.2633455991744995,1.149999976158142,53.24800137329102,0.33688339591026306
observed_test,v2_2018_417_48h,,3,PCC,C,2.5452259178952694,0.0,0.0,0.2633455991744995,1.149999976158142,53.24800137329102,0.33688339591026306
observed_test,v2_2018_417_48h,,4,PCC,A,2.6066056994782514,0.0,0.0,0.3060445785522461,1.149999976158142,53.24800137329102,0.31151601672172546
observed_test,v2_2018_417_48h,,4,PCC,B,2.6066056994782514,0.0,0.0,0.3060445785522461,1.149999976158142,53.24800137329102,0.31151601672172546
observed_test,v2_2018_417_48h,,4,PCC,C,2.6066056994782514,0.0,0.0,0.3060445785522461,1.149999976158142,53.24800137329102,0.31151601672172546
observed_test,v2_2018_417_48h,,5,PCC,A,2.5763726205374935,0.0,0.0,0.2850128710269928,1.149999976158142,53.24800137329102,0.29745304584503174
observed_test,v2_2018_417_48h,,5,PCC,B,2.5763726205374935,0.0,0.0,0.2850128710269928,1.149999976158142,53.24800137329102,0.29745304584503174
observed_test,v2_2018_417_48h,,5,PCC,C,2.5763726205374935,0.0,0.0,0.2850128710269928,1.149999976158142,53.24800137329102,0.29745304584503174
observed_test,v2_2018_417_48h,,6,PCC,A,2.7605416539868575,0.0,0.02869583415583922,0.4131304621696472,1.149999976158142,121.88174847412108,0.28338560461997986
observed_test,v2_2018_417_48h,,6,PCC,B,2.7605416539868575,0.0,0.02869583415583922,0.4131304621696472,1.149999976158142,121.88174847412108,0.28338560461997986
observed_test,v2_2018_417_48h,,6,PCC,C,2.7605416539868575,0.0,0.02869583415583922,0.4131304621696472,1.149999976158142,121.88174847412108,0.28338560461997986
observed_test,v2_2018_417_48h,,7,PCC,A,3.0129513006293838,0.0,0.2581916749477386,0.5887197852134705,1.149999976158142,121.88174847412108,0.28136149048805237
observed_test,v2_2018_417_48h,,7,PCC,B,3.0129513006293838,0.0,0.2581916749477386,0.5887197852134705,1.149999976158142,121.88174847412108,0.28136149048805237
observed_test,v2_2018_417_48h,,7,PCC,C,3.0129513006293838,0.0,0.2581916749477386,0.5887197852134705,1.149999976158142,121.88174847412108,0.28136149048805237
observed_test,v2_2018_417_48h,,8,PCC,A,2.7649040079514635,0.0,0.705941651876156,0.41616514325141907,1.149999976158142,121.88174847412108,0.28054937720298767
observed_test,v2_2018_417_48h,,8,PCC,B,2.7649040079514635,0.0,0.705941651876156,0.41616514325141907,1.149999976158142,121.88174847412108,0.28054937720298767
observed_test,v2_2018_417_48h,,8,PCC,C,2.7649040079514635,0.0,0.705941651876156,0.41616514325141907,1.149999976158142,121.88174847412108,0.28054937720298767
observed_test,v2_2018_417_48h,,9,PCC,A,2.9051724072175276,0.0,0.9025958295051867,0.5137431621551514,1.149999976158142,121.88174847412108,0.2806977927684784
observed_test,v2_2018_417_48h,,9,PCC,B,2.9051724072175276,0.0,0.9025958295051867,0.5137431621551514,1.149999976158142,121.88174847412108,0.2806977927684784
observed_test,v2_2018_417_48h,,9,PCC,C,2.9051724072175276,0.0,0.9025958295051867,0.5137431621551514,1.149999976158142,121.88174847412108,0.2806977927684784
observed_test,v2_2018_417_48h,,10,PCC,A,2.6904467608222724,0.0,1.2545374723581166,0.3643687963485718,1.149999976158142,53.24800137329102,0.2847466468811035
observed_test,v2_2018_417_48h,,10,PCC,B,2.6904467608222724,0.0,1.2545374723581166,0.3643687963485718,1.149999976158142,53.24800137329102,0.2847466468811035
observed_test,v2_2018_417_48h,,10,PCC,C,2.6904467608222724,0.0,1.2545374723581166,0.3643687963485718,1.149999976158142,53.24800137329102,0.2847466468811035
observed_test,v2_2018_417_48h,,11,PCC,A,2.686130632121376,0.0,1.3785083706562336,0.36136627197265625,1.149999976158142,53.24800137329102,0.30140700936317444
observed_test,v2_2018_417_48h,,11,PCC,B,2.686130632121376,0.0,1.3785083706562336,0.36136627197265625,1.149999976158142,53.24800137329102,0.30140700936317444
observed_test,v2_2018_417_48h,,11,PCC,C,2.686130632121376,0.0,1.3785083706562336,0.36136627197265625,1.149999976158142,53.24800137329102,0.30140700936317444
observed_test,v2_2018_417_48h,,12,PCC,A,2.940481482794702,0.0,1.416700046796065,0.5383059978485107,1.149999976158142,34.72425106811524,0.30838295817375183
observed_test,v2_2018_417_48h,,12,PCC,B,2.940481482794702,0.0,1.416700046796065,0.5383059978485107,1.149999976158142,34.72425106811524,0.30838295817375183
observed_test,v2_2018_417_48h,,12,PCC,C,2.940481482794702,0.0,1.416700046796065,0.5383059978485107,1.149999976158142,34.72425106811524,0.30838295817375183
observed_test,v2_2018_417_48h,,13,PCC,A,3.033735447282245,0.0,1.3586416840553284,0.6031783223152161,1.149999976158142,34.72425106811524,0.28811511397361755
observed_test,v2_2018_417_48h,,13,PCC,B,3.033735447282245,0.0,1.3586416840553284,0.6031783223152161,1.149999976158142,34.72425106811524,0.28811511397361755
observed_test,v2_2018_417_48h,,13,PCC,C,3.033735447282245,0.0,1.3586416840553284,0.6031783223152161,1.149999976158142,34.72425106811524,0.28811511397361755
observed_test,v2_2018_417_48h,,14,PCC,A,3.1232014249141358,0.0,1.2130999794373145,0.6654155254364014,1.149999976158142,34.72425106811524,0.27196237444877625
observed_test,v2_2018_417_48h,,14,PCC,B,3.1232014249141358,0.0,1.2130999794373145,0.6654155254364014,1.149999976158142,34.72425106811524,0.27196237444877625
observed_test,v2_2018_417_48h,,14,PCC,C,3.1232014249141358,0.0,1.2130999794373145,0.6654155254364014,1.149999976158142,34.72425106811524,0.27196237444877625
observed_test,v2_2018_417_48h,,15,PCC,A,2.915610662966831,0.0,0.9863832822212806,0.5210045576095581,1.149999976158142,34.72425106811524,0.2654355466365814
observed_test,v2_2018_417_48h,,15,PCC,B,2.915610662966831,0.0,0.9863832822212806,0.5210045576095581,1.149999976158142,34.72425106811524,0.2654355466365814
observed_test,v2_2018_417_48h,,15,PCC,C,2.915610662966831,0.0,0.9863832822212806,0.5210045576095581,1.149999976158142,34.72425106811524,0.2654355466365814
observed_test,v2_2018_417_48h,,16,PCC,A,2.9761405680146122,0.0,0.6686708101859459,0.5631123185157776,1.149999976158142,53.24800137329102,0.2577410638332367
observed_test,v2_2018_417_48h,,16,PCC,B,2.9761405680146122,0.0,0.6686708101859459,0.5631123185157776,1.149999976158142,53.24800137329102,0.2577410638332367
observed_test,v2_2018_417_48h,,16,PCC,C,2.9761405680146122,0.0,0.6686708101859459,0.5631123185157776,1.149999976158142,53.24800137329102,0.2577410638332367
observed_test,v2_2018_417_48h,,17,PCC,A,2.912059071852747,0.0,0.3063916586912595,0.5185338854789734,1.149999976158142,53.24800137329102,0.25563478469848633
observed_test,v2_2018_417_48h,,17,PCC,B,2.912059071852747,0.0,0.3063916586912595,0.5185338854789734,1.149999976158142,53.24800137329102,0.25563478469848633
observed_test,v2_2018_417_48h,,17,PCC,C,2.912059071852747,0.0,0.3063916586912595,0.5185338854789734,1.149999976158142,53.24800137329102,0.25563478469848633
observed_test,v2_2018_417_48h,,18,PCC,A,2.888165108802557,0.0,0.043995832451261006,0.501911997795105,1.149999976158142,53.24800137329102,0.2592598795890808
observed_test,v2_2018_417_48h,,18,PCC,B,2.888165108802557,0.0,0.043995832451261006,0.501911997795105,1.149999976158142,53.24800137329102,0.2592598795890808
observed_test,v2_2018_417_48h,,18,PCC,C,2.888165108802557,0.0,0.043995832451261006,0.501911997795105,1.149999976158142,53.24800137329102,0.2592598795890808
observed_test,v2_2018_417_48h,,19,PCC,A,2.9849615821466244,0.0,0.0,0.5692486763000488,1.149999976158142,53.24800137329102,0.2766875922679901
observed_test,v2_2018_417_48h,,19,PCC,B,2.9849615821466244,0.0,0.0,0.5692486763000488,1.149999976158142,53.24800137329102,0.2766875922679901
observed_test,v2_2018_417_48h,,19,PCC,C,2.9849615821466244,0.0,0.0,0.5692486763000488,1.149999976158142,53.24800137329102,0.2766875922679901
observed_test,v2_2018_417_48h,,20,PCC,A,2.825617614510635,0.0,0.0,0.458400696516037,1.149999976158142,53.24800137329102,0.29759371280670166
observed_test,v2_2018_417_48h,,20,PCC,B,2.825617614510635,0.0,0.0,0.458400696516037,1.149999976158142,53.24800137329102,0.29759371280670166
observed_test,v2_2018_417_48h,,20,PCC,C,2.825617614510635,0.0,0.0,0.458400696516037,1.149999976158142,53.24800137329102,0.29759371280670166
observed_test,v2_2018_417_48h,,21,PCC,A,2.740638571998929,0.0,0.0,0.39928483963012695,1.149999976158142,53.24800137329102,0.29918307065963745
observed_test,v2_2018_417_48h,,21,PCC,B,2.740638571998929,0.0,0.0,0.39928483963012695,1.149999976158142,53.24800137329102,0.29918307065963745
observed_test,v2_2018_417_48h,,21,PCC,C,2.740638571998929,0.0,0.0,0.39928483963012695,1.149999976158142,53.24800137329102,0.29918307065963745
observed_test,v2_2018_417_48h,,22,PCC,A,2.689500792288461,0.0,0.0,0.3637107312679291,1.149999976158142,53.24800137329102,0.2935025990009308
observed_test,v2_2018_417_48h,,22,PCC,B,2.689500792288461,0.0,0.0,0.3637107312679291,1.149999976158142,53.24800137329102,0.2935025990009308
observed_test,v2_2018_417_48h,,22,PCC,C,2.689500792288461,0.0,0.0,0.3637107312679291,1.149999976158142,53.24800137329102,0.2935025990009308
observed_test,v2_2018_417_48h,,23,PCC,A,2.666340906989589,0.0,0.0,0.34759950637817383,1.149999976158142,53.24800137329102,0.28960120677948
observed_test,v2_2018_417_48h,,23,PCC,B,2.666340906989589,0.0,0.0,0.34759950637817383,1.149999976158142,53.24800137329102,0.28960120677948
observed_test,v2_2018_417_48h,,23,PCC,C,2.666340906989589,0.0,0.0,0.34759950637817383,1.149999976158142,53.24800137329102,0.28960120677948
observed_test,v2_2018_417_48h,,24,PCC,A,2.589738233557025,0.0,0.0,0.29431068897247314,1.149999976158142,53.24800137329102,0.2904060482978821
observed_test,v2_2018_417_48h,,24,PCC,B,2.589738233557025,0.0,0.0,0.29431068897247314,1.149999976158142,53.24800137329102,0.2904060482978821
observed_test,v2_2018_417_48h,,24,PCC,C,2.589738233557025,0.0,0.0,0.29431068897247314,1.149999976158142,53.24800137329102,0.2904060482978821
observed_test,v2_2018_417_48h,,25,PCC,A,2.6237012928594003,0.0,0.0,0.3179371654987335,1.149999976158142,34.72425106811524,0.296613872051239
observed_test,v2_2018_417_48h,,25,PCC,B,2.6237012928594003,0.0,0.0,0.3179371654987335,1.149999976158142,34.72425106811524,0.296613872051239
observed_test,v2_2018_417_48h,,25,PCC,C,2.6237012928594003,0.0,0.0,0.3179371654987335,1.149999976158142,34.72425106811524,0.296613872051239
observed_test,v2_2018_417_48h,,26,PCC,A,2.4875831211508435,0.0,0.0,0.2232462614774704,1.149999976158142,34.72425106811524,0.3104727864265442
observed_test,v2_2018_417_48h,,26,PCC,B,2.4875831211508435,0.0,0.0,0.2232462614774704,1.149999976158142,34.72425106811524,0.3104727864265442
observed_test,v2_2018_417_48h,,26,PCC,C,2.4875831211508435,0.0,0.0,0.2232462614774704,1.149999976158142,34.72425106811524,0.3104727864265442
observed_test,v2_2018_417_48h,,27,PCC,A,2.5452259178952694,0.0,0.0,0.2633455991744995,1.149999976158142,53.24800137329102,0.33049213886260986
observed_test,v2_2018_417_48h,,27,PCC,B,2.5452259178952694,0.0,0.0,0.2633455991744995,1.149999976158142,53.24800137329102,0.33049213886260986
observed_test,v2_2018_417_48h,,27,PCC,C,2.5452259178952694,0.0,0.0,0.2633455991744995,1.149999976158142,53.24800137329102,0.33049213886260986
observed_test,v2_2018_417_48h,,28,PCC,A,2.6066056994782514,0.0,0.0,0.3060445785522461,1.149999976158142,53.24800137329102,0.3265937566757202
observed_test,v2_2018_417_48h,,28,PCC,B,2.6066056994782514,0.0,0.0,0.3060445785522461,1.149999976158142,53.24800137329102,0.3265937566757202
observed_test,v2_2018_417_48h,,28,PCC,C,2.6066056994782514,0.0,0.0,0.3060445785522461,1.149999976158142,53.24800137329102,0.3265937566757202
observed_test,v2_2018_417_48h,,29,PCC,A,2.5763726205374935,0.0,0.0,0.2850128710269928,1.149999976158142,53.24800137329102,0.32408881187438965
observed_test,v2_2018_417_48h,,29,PCC,B,2.5763726205374935,0.0,0.0,0.2850128710269928,1.149999976158142,53.24800137329102,0.32408881187438965
observed_test,v2_2018_417_48h,,29,PCC,C,2.5763726205374935,0.0,0.0,0.2850128710269928,1.149999976158142,53.24800137329102,0.32408881187438965
observed_test,v2_2018_417_48h,,30,PCC,A,2.7605416539868575,0.0,0.05896250144220316,0.4131304621696472,1.149999976158142,121.88174847412108,0.30246126651763916
observed_test,v2_2018_417_48h,,30,PCC,B,2.7605416539868575,0.0,0.05896250144220316,0.4131304621696472,1.149999976158142,121.88174847412108,0.30246126651763916
observed_test,v2_2018_417_48h,,30,PCC,C,2.7605416539868575,0.0,0.05896250144220316,0.4131304621696472,1.149999976158142,121.88174847412108,0.30246126651763916
observed_test,v2_2018_417_48h,,31,PCC,A,3.0129513006293838,0.0,0.2768458368686529,0.5887197852134705,1.149999976158142,121.88174847412108,0.2702350914478302
observed_test,v2_2018_417_48h,,31,PCC,B,3.0129513006293838,0.0,0.2768458368686529,0.5887197852134705,1.149999976158142,121.88174847412108,0.2702350914478302
observed_test,v2_2018_417_48h,,31,PCC,C,3.0129513006293838,0.0,0.2768458368686529,0.5887197852134705,1.149999976158142,121.88174847412108,0.2702350914478302
observed_test,v2_2018_417_48h,,32,PCC,A,2.7649040079514635,0.0,0.5969249858306004,0.41616514325141907,1.149999976158142,121.88174847412108,0.26409101486206055
observed_test,v2_2018_417_48h,,32,PCC,B,2.7649040079514635,0.0,0.5969249858306004,0.41616514325141907,1.149999976158142,121.88174847412108,0.26409101486206055
observed_test,v2_2018_417_48h,,32,PCC,C,2.7649040079514635,0.0,0.5969249858306004,0.41616514325141907,1.149999976158142,121.88174847412108,0.26409101486206055
observed_test,v2_2018_417_48h,,33,PCC,A,2.907250437854574,0.0,0.9364458230825571,0.5137431621551514,1.1509000062942505,121.88174847412108,0.2646627426147461
observed_test,v2_2018_417_48h,,33,PCC,B,2.907250437854574,0.0,0.9364458230825571,0.5137431621551514,1.1509000062942505,121.88174847412108,0.2646627426147461
observed_test,v2_2018_417_48h,,33,PCC,C,2.907250437854574,0.0,0.9364458230825571,0.5137431621551514,1.1509000062942505,121.88174847412108,0.2646627426147461
observed_test,v2_2018_417_48h,,34,PCC,A,2.7260986030936514,0.0,1.1315124539228585,0.3643687963485718,1.1668000221252441,53.24800137329102,0.2743819057941437
observed_test,v2_2018_417_48h,,34,PCC,B,2.7260986030936514,0.0,1.1315124539228585,0.3643687963485718,1.1668000221252441,53.24800137329102,0.2743819057941437
observed_test,v2_2018_417_48h,,34,PCC,C,2.7260986030936514,0.0,1.1315124539228585,0.3643687963485718,1.1668000221252441,53.24800137329102,0.2743819057941437
observed_test,v2_2018_417_48h,,35,PCC,A,2.7484108236261213,0.0,1.239004158056699,0.36136627197265625,1.1793999671936035,53.24800137329102,0.2967167794704437
observed_test,v2_2018_417_48h,,35,PCC,B,2.7484108236261213,0.0,1.239004158056699,0.36136627197265625,1.1793999671936035,53.24800137329102,0.2967167794704437
observed_test,v2_2018_417_48h,,35,PCC,C,2.7484108236261213,0.0,1.239004158056699,0.36136627197265625,1.1793999671936035,53.24800137329102,0.2967167794704437
observed_test,v2_2018_417_48h,,36,PCC,A,3.028565483383133,0.0,1.2732041569856496,0.5383059978485107,1.1876499652862549,34.72425106811524,0.30099955201148987
observed_test,v2_2018_417_48h,,36,PCC,B,3.028565483383133,0.0,1.2732041569856496,0.5383059978485107,1.1876499652862549,34.72425106811524,0.30099955201148987
observed_test,v2_2018_417_48h,,36,PCC,C,3.028565483383133,0.0,1.2732041569856496,0.5383059978485107,1.1876499652862549,34.72425106811524,0.30099955201148987
observed_test,v2_2018_417_48h,,37,PCC,A,3.1352206485811895,0.0,1.2219874904705927,0.6031783223152161,1.1919249296188354,34.72425106811524,0.27176740765571594
observed_test,v2_2018_417_48h,,37,PCC,B,3.1352206485811895,0.0,1.2219874904705927,0.6031783223152161,1.1919249296188354,34.72425106811524,0.27176740765571594
observed_test,v2_2018_417_48h,,37,PCC,C,3.1352206485811895,0.0,1.2219874904705927,0.6031783223152161,1.1919249296188354,34.72425106811524,0.27176740765571594
observed_test,v2_2018_417_48h,,38,PCC,A,3.22888523555771,0.0,1.1135416535230782,0.6654155254364014,1.1922999620437622,34.72425106811524,0.250858336687088
observed_test,v2_2018_417_48h,,38,PCC,B,3.22888523555771,0.0,1.1135416535230782,0.6654155254364014,1.1922999620437622,34.72425106811524,0.250858336687088
observed_test,v2_2018_417_48h,,38,PCC,C,3.22888523555771,0.0,1.1135416535230782,0.6654155254364014,1.1922999620437622,34.72425106811524,0.250858336687088
observed_test,v2_2018_417_48h,,39,PCC,A,3.005835910784453,0.0,0.9123041652716122,0.5210045576095581,1.18892502784729,34.72425106811524,0.24566330015659332
observed_test,v2_2018_417_48h,,39,PCC,B,3.005835910784453,0.0,0.9123041652716122,0.5210045576095581,1.18892502784729,34.72425106811524,0.24566330015659332
observed_test,v2_2018_417_48h,,39,PCC,C,3.005835910784453,0.0,0.9123041652716122,0.5210045576095581,1.18892502784729,34.72425106811524,0.24566330015659332
observed_test,v2_2018_417_48h,,40,PCC,A,3.0504575713333146,0.0,0.6269833216300377,0.5631123185157776,1.1813499927520752,53.24800137329102,0.2558567225933075
observed_test,v2_2018_417_48h,,40,PCC,B,3.0504575713333146,0.0,0.6269833216300377,0.5631123185157776,1.1813499927520752,53.24800137329102,0.2558567225933075
observed_test,v2_2018_417_48h,,40,PCC,C,3.0504575713333146,0.0,0.6269833216300377,0.5631123185157776,1.1813499927520752,53.24800137329102,0.2558567225933075
observed_test,v2_2018_417_48h,,41,PCC,A,2.957545519795026,0.0,0.2915166604977387,0.5185338854789734,1.1696499586105347,53.24800137329102,0.26320913434028625
observed_test,v2_2018_417_48h,,41,PCC,B,2.957545519795026,0.0,0.2915166604977387,0.5185338854789734,1.1696499586105347,53.24800137329102,0.26320913434028625
observed_test,v2_2018_417_48h,,41,PCC,C,2.957545519795026,0.0,0.2915166604977387,0.5185338854789734,1.1696499586105347,53.24800137329102,0.26320913434028625
observed_test,v2_2018_417_48h,,42,PCC,A,2.9120805843278936,0.0,0.04336250086243335,0.501911997795105,1.1604249477386475,53.24800137329102,0.2816186845302582
observed_test,v2_2018_417_48h,,42,PCC,B,2.9120805843278936,0.0,0.04336250086243335,0.501911997795105,1.1604249477386475,53.24800137329102,0.2816186845302582
observed_test,v2_2018_417_48h,,42,PCC,C,2.9120805843278936,0.0,0.04336250086243335,0.501911997795105,1.1604249477386475,53.24800137329102,0.2816186845302582
observed_test,v2_2018_417_48h,,43,PCC,A,2.9901341639334,0.0,0.0,0.5692486763000488,1.152174949645996,53.24800137329102,0.29727253317832947
observed_test,v2_2018_417_48h,,43,PCC,B,2.9901341639334,0.0,0.0,0.5692486763000488,1.152174949645996,53.24800137329102,0.29727253317832947
observed_test,v2_2018_417_48h,,43,PCC,C,2.9901341639334,0.0,0.0,0.5692486763000488,1.152174949645996,53.24800137329102,0.29727253317832947
observed_test,v2_2018_417_48h,,44,PCC,A,2.825617614510635,0.0,0.0,0.458400696516037,1.149999976158142,53.24800137329102,0.30820977687835693
observed_test,v2_2018_417_48h,,44,PCC,B,2.825617614510635,0.0,0.0,0.458400696516037,1.149999976158142,53.24800137329102,0.30820977687835693
observed_test,v2_2018_417_48h,,44,PCC,C,2.825617614510635,0.0,0.0,0.458400696516037,1.149999976158142,53.24800137329102,0.30820977687835693
observed_test,v2_2018_417_48h,,45,PCC,A,2.740638571998929,0.0,0.0,0.39928483963012695,1.149999976158142,53.24800137329102,0.31189200282096863
observed_test,v2_2018_417_48h,,45,PCC,B,2.740638571998929,0.0,0.0,0.39928483963012695,1.149999976158142,53.24800137329102,0.31189200282096863
observed_test,v2_2018_417_48h,,45,PCC,C,2.740638571998929,0.0,0.0,0.39928483963012695,1.149999976158142,53.24800137329102,0.31189200282096863
observed_test,v2_2018_417_48h,,46,PCC,A,2.689500792288461,0.0,0.0,0.3637107312679291,1.149999976158142,53.24800137329102,0.30508312582969666
observed_test,v2_2018_417_48h,,46,PCC,B,2.689500792288461,0.0,0.0,0.3637107312679291,1.149999976158142,53.24800137329102,0.30508312582969666
observed_test,v2_2018_417_48h,,46,PCC,C,2.689500792288461,0.0,0.0,0.3637107312679291,1.149999976158142,53.24800137329102,0.30508312582969666
observed_test,v2_2018_417_48h,,47,PCC,A,2.666340906989589,0.0,0.0,0.34759950637817383,1.149999976158142,53.24800137329102,0.3041776418685913
observed_test,v2_2018_417_48h,,47,PCC,B,2.666340906989589,0.0,0.0,0.34759950637817383,1.149999976158142,53.24800137329102,0.3041776418685913
observed_test,v2_2018_417_48h,,47,PCC,C,2.666340906989589,0.0,0.0,0.34759950637817383,1.149999976158142,53.24800137329102,0.3041776418685913
observed_test,v2_2018_493_48h,,0,PCC,A,2.6239188515480456,0.0,0.0,0.29431068897247314,1.1668000221252441,53.24800137329102,0.31429949402809143
observed_test,v2_2018_493_48h,,0,PCC,B,2.6239188515480456,0.0,0.0,0.29431068897247314,1.1668000221252441,53.24800137329102,0.31429949402809143
observed_test,v2_2018_493_48h,,0,PCC,C,2.6239188515480456,0.0,0.0,0.29431068897247314,1.1668000221252441,53.24800137329102,0.31429949402809143
observed_test,v2_2018_493_48h,,1,PCC,A,2.6593066929139293,0.0,0.0,0.3179371654987335,1.1672499179840088,53.24800137329102,0.3190944790840149
observed_test,v2_2018_493_48h,,1,PCC,B,2.6593066929139293,0.0,0.0,0.3179371654987335,1.1672499179840088,53.24800137329102,0.3190944790840149
observed_test,v2_2018_493_48h,,1,PCC,C,2.6593066929139293,0.0,0.0,0.3179371654987335,1.1672499179840088,53.24800137329102,0.3190944790840149
observed_test,v2_2018_493_48h,,2,PCC,A,2.5226061750231987,0.0,0.0,0.2232462614774704,1.1679999828338623,53.24800137329102,0.3179285526275635
observed_test,v2_2018_493_48h,,2,PCC,B,2.5226061750231987,0.0,0.0,0.2232462614774704,1.1679999828338623,53.24800137329102,0.3179285526275635
observed_test,v2_2018_493_48h,,2,PCC,C,2.5226061750231987,0.0,0.0,0.2232462614774704,1.1679999828338623,53.24800137329102,0.3179285526275635
observed_test,v2_2018_493_48h,,3,PCC,A,2.581151207200423,0.0,0.0,0.2633455991744995,1.1679999828338623,53.24800137329102,0.3199610114097595
observed_test,v2_2018_493_48h,,3,PCC,B,2.581151207200423,0.0,0.0,0.2633455991744995,1.1679999828338623,53.24800137329102,0.3199610114097595
observed_test,v2_2018_493_48h,,3,PCC,C,2.581151207200423,0.0,0.0,0.2633455991744995,1.1679999828338623,53.24800137329102,0.3199610114097595
observed_test,v2_2018_493_48h,,4,PCC,A,2.64272319133363,0.0,0.0,0.3060445785522461,1.1676249504089355,53.24800137329102,0.30600374937057495
observed_test,v2_2018_493_48h,,4,PCC,B,2.64272319133363,0.0,0.0,0.3060445785522461,1.1676249504089355,53.24800137329102,0.30600374937057495
observed_test,v2_2018_493_48h,,4,PCC,C,2.64272319133363,0.0,0.0,0.3060445785522461,1.1676249504089355,53.24800137329102,0.30600374937057495
observed_test,v2_2018_493_48h,,5,PCC,A,2.6115717037287753,0.0,0.0,0.2850128710269928,1.1674000024795532,53.24800137329102,0.2811015546321869
observed_test,v2_2018_493_48h,,5,PCC,B,2.6115717037287753,0.0,0.0,0.2850128710269928,1.1674000024795532,53.24800137329102,0.2811015546321869
observed_test,v2_2018_493_48h,,5,PCC,C,2.6115717037287753,0.0,0.0,0.2850128710269928,1.1674000024795532,53.24800137329102,0.2811015546321869
observed_test,v2_2018_493_48h,,6,PCC,A,2.8003281832274785,0.0,0.003587500004169459,0.4131304621696472,1.1682249307632446,53.24800137329102,0.2562400698661804
observed_test,v2_2018_493_48h,,6,PCC,B,2.8003281832274785,0.0,0.003587500004169459,0.4131304621696472,1.1682249307632446,53.24800137329102,0.2562400698661804
observed_test,v2_2018_493_48h,,6,PCC,C,2.8003281832274785,0.0,0.003587500004169459,0.4131304621696472,1.1682249307632446,53.24800137329102,0.2562400698661804
observed_test,v2_2018_493_48h,,7,PCC,A,3.061423030054406,0.0,0.03185833159547585,0.5887197852134705,1.1701749563217163,53.24800137329102,0.24238398671150208
observed_test,v2_2018_493_48h,,7,PCC,B,3.061423030054406,0.0,0.03185833159547585,0.5887197852134705,1.1701749563217163,53.24800137329102,0.24238398671150208
observed_test,v2_2018_493_48h,,7,PCC,C,3.061423030054406,0.0,0.03185833159547585,0.5887197852134705,1.1701749563217163,53.24800137329102,0.24238398671150208
observed_test,v2_2018_493_48h,,8,PCC,A,2.816404942767805,0.0,0.04922083507363612,0.41616514325141907,1.173550009727478,53.24800137329102,0.23888331651687622
observed_test,v2_2018_493_48h,,8,PCC,B,2.816404942767805,0.0,0.04922083507363612,0.41616514325141907,1.173550009727478,53.24800137329102,0.23888331651687622
observed_test,v2_2018_493_48h,,8,PCC,C,2.816404942767805,0.0,0.04922083507363612,0.41616514325141907,1.173550009727478,53.24800137329102,0.23888331651687622
observed_test,v2_2018_493_48h,,9,PCC,A,2.9687232631077882,0.0,0.08463749948602456,0.5137431621551514,1.1775249242782593,53.24800137329102,0.25215375423431396
observed_test,v2_2018_493_48h,,9,PCC,B,2.9687232631077882,0.0,0.08463749948602456,0.5137431621551514,1.1775249242782593,53.24800137329102,0.25215375423431396
observed_test,v2_2018_493_48h,,9,PCC,C,2.9687232631077882,0.0,0.08463749948602456,0.5137431621551514,1.1775249242782593,53.24800137329102,0.25215375423431396
observed_test,v2_2018_493_48h,,10,PCC,A,2.7568163755024684,0.0,0.25911250939735997,0.3643687963485718,1.1812750101089478,53.24800137329102,0.2698062062263489
observed_test,v2_2018_493_48h,,10,PCC,B,2.7568163755024684,0.0,0.25911250939735997,0.3643687963485718,1.1812750101089478,53.24800137329102,0.2698062062263489
observed_test,v2_2018_493_48h,,10,PCC,C,2.7568163755024684,0.0,0.25911250939735997,0.3643687963485718,1.1812750101089478,53.24800137329102,0.2698062062263489
observed_test,v2_2018_493_48h,,11,PCC,A,2.7587380347019916,0.0,0.20632917204728493,0.36136627197265625,1.1842750310897827,53.24800137329102,0.28875672817230225
observed_test,v2_2018_493_48h,,11,PCC,B,2.7587380347019916,0.0,0.20632917204728493,0.36136627197265625,1.1842750310897827,53.24800137329102,0.28875672817230225
observed_test,v2_2018_493_48h,,11,PCC,C,2.7587380347019916,0.0,0.20632917204728493,0.36136627197265625,1.1842750310897827,53.24800137329102,0.28875672817230225
observed_test,v2_2018_493_48h,,12,PCC,A,3.0247052839342365,0.0,0.12401666205662946,0.5383059978485107,1.1859999895095825,53.24800137329102,0.3051593005657196
observed_test,v2_2018_493_48h,,12,PCC,B,3.0247052839342365,0.0,0.12401666205662946,0.5383059978485107,1.1859999895095825,53.24800137329102,0.3051593005657196
observed_test,v2_2018_493_48h,,12,PCC,C,3.0247052839342365,0.0,0.12401666205662946,0.5383059978485107,1.1859999895095825,53.24800137329102,0.3051593005657196
observed_test,v2_2018_493_48h,,13,PCC,A,3.11960767387184,0.0,0.09828333098154801,0.6031783223152161,1.1854749917984009,53.24800137329102,0.32414522767066956
observed_test,v2_2018_493_48h,,13,PCC,B,3.11960767387184,0.0,0.09828333098154801,0.6031783223152161,1.1854749917984009,53.24800137329102,0.32414522767066956
observed_test,v2_2018_493_48h,,13,PCC,C,3.11960767387184,0.0,0.09828333098154801,0.6031783223152161,1.1854749917984009,53.24800137329102,0.32414522767066956
observed_test,v2_2018_493_48h,,14,PCC,A,3.2063994514755145,0.0,0.0665375031530857,0.6654155254364014,1.1833000183105469,53.24800137329102,0.33393537998199463
observed_test,v2_2018_493_48h,,14,PCC,B,3.2063994514755145,0.0,0.0665375031530857,0.6654155254364014,1.1833000183105469,53.24800137329102,0.33393537998199463
observed_test,v2_2018_493_48h,,14,PCC,C,3.2063994514755145,0.0,0.0665375031530857,0.6654155254364014,1.1833000183105469,53.24800137329102,0.33393537998199463
observed_test,v2_2018_493_48h,,15,PCC,A,2.9872344675413687,0.0,0.06649166775437501,0.5210045576095581,1.180899977684021,53.24800137329102,0.33610498905181885
observed_test,v2_2018_493_48h,,15,PCC,B,2.9872344675413687,0.0,0.06649166775437501,0.5210045576095581,1.180899977684021,53.24800137329102,0.33610498905181885
observed_test,v2_2018_493_48h,,15,PCC,C,2.9872344675413687,0.0,0.06649166775437501,0.5210045576095581,1.180899977684021,53.24800137329102,0.33610498905181885
observed_test,v2_2018_493_48h,,16,PCC,A,3.0437013516714218,0.0,0.04955416616912071,0.5631123185157776,1.1784999370574951,53.24800137329102,0.3331435024738312
observed_test,v2_2018_493_48h,,16,PCC,B,3.0437013516714218,0.0,0.04955416616912071,0.5631123185157776,1.1784999370574951,53.24800137329102,0.3331435024738312
observed_test,v2_2018_493_48h,,16,PCC,C,3.0437013516714218,0.0,0.04955416616912071,0.5631123185157776,1.1784999370574951,53.24800137329102,0.3331435024738312
observed_test,v2_2018_493_48h,,17,PCC,A,2.9724763312610456,0.0,0.07918333061612569,0.5185338854789734,1.1761000156402588,53.24800137329102,0.33335667848587036
observed_test,v2_2018_493_48h,,17,PCC,B,2.9724763312610456,0.0,0.07918333061612569,0.5185338854789734,1.1761000156402588,53.24800137329102,0.33335667848587036
observed_test,v2_2018_493_48h,,17,PCC,C,2.9724763312610456,0.0,0.07918333061612569,0.5185338854789734,1.1761000156402588,53.24800137329102,0.33335667848587036
observed_test,v2_2018_493_48h,,18,PCC,A,2.944426954811213,0.0,0.003691666643135249,0.501911997795105,1.1745250225067139,53.24800137329102,0.33116862177848816
observed_test,v2_2018_493_48h,,18,PCC,B,2.944426954811213,0.0,0.003691666643135249,0.501911997795105,1.1745250225067139,53.24800137329102,0.33116862177848816
observed_test,v2_2018_493_48h,,18,PCC,C,2.944426954811213,0.0,0.003691666643135249,0.501911997795105,1.1745250225067139,53.24800137329102,0.33116862177848816
observed_test,v2_2018_493_48h,,19,PCC,A,3.0420391581064052,0.0,0.0,0.5692486763000488,1.1740000247955322,53.24800137329102,0.3232167661190033
observed_test,v2_2018_493_48h,,19,PCC,B,3.0420391581064052,0.0,0.0,0.5692486763000488,1.1740000247955322,53.24800137329102,0.3232167661190033
observed_test,v2_2018_493_48h,,19,PCC,C,3.0420391581064052,0.0,0.0,0.5692486763000488,1.1740000247955322,53.24800137329102,0.3232167661190033
observed_test,v2_2018_493_48h,,20,PCC,A,2.879537680529374,0.0,0.0,0.458400696516037,1.1740750074386597,53.24800137329102,0.3166375756263733
observed_test,v2_2018_493_48h,,20,PCC,B,2.879537680529374,0.0,0.0,0.458400696516037,1.1740750074386597,53.24800137329102,0.3166375756263733
observed_test,v2_2018_493_48h,,20,PCC,C,2.879537680529374,0.0,0.0,0.458400696516037,1.1740750074386597,53.24800137329102,0.3166375756263733
observed_test,v2_2018_493_48h,,21,PCC,A,2.794891273963259,0.0,0.0,0.39928483963012695,1.1750500202178955,53.24800137329102,0.31091925501823425
observed_test,v2_2018_493_48h,,21,PCC,B,2.794891273963259,0.0,0.0,0.39928483963012695,1.1750500202178955,53.24800137329102,0.31091925501823425
observed_test,v2_2018_493_48h,,21,PCC,C,2.794891273963259,0.0,0.0,0.39928483963012695,1.1750500202178955,53.24800137329102,0.31091925501823425
observed_test,v2_2018_493_48h,,22,PCC,A,2.7451850607733603,0.0,0.0,0.3637107312679291,1.1762499809265137,53.24800137329102,0.3104761242866516
observed_test,v2_2018_493_48h,,22,PCC,B,2.7451850607733603,0.0,0.0,0.3637107312679291,1.1762499809265137,53.24800137329102,0.3104761242866516
observed_test,v2_2018_493_48h,,22,PCC,C,2.7451850607733603,0.0,0.0,0.3637107312679291,1.1762499809265137,53.24800137329102,0.3104761242866516
observed_test,v2_2018_493_48h,,23,PCC,A,2.7257514042952047,0.0,0.0,0.34759950637817383,1.1782749891281128,53.24800137329102,0.3111721873283386
observed_test,v2_2018_493_48h,,23,PCC,B,2.7257514042952047,0.0,0.0,0.34759950637817383,1.1782749891281128,53.24800137329102,0.3111721873283386
observed_test,v2_2018_493_48h,,23,PCC,C,2.7257514042952047,0.0,0.0,0.34759950637817383,1.1782749891281128,53.24800137329102,0.3111721873283386
observed_test,v2_2018_493_48h,,24,PCC,A,2.652605987023071,0.0,0.0,0.29431068897247314,1.180899977684021,53.24800137329102,0.30889201164245605
observed_test,v2_2018_493_48h,,24,PCC,B,2.652605987023071,0.0,0.0,0.29431068897247314,1.180899977684021,53.24800137329102,0.30889201164245605
observed_test,v2_2018_493_48h,,24,PCC,C,2.652605987023071,0.0,0.0,0.29431068897247314,1.180899977684021,53.24800137329102,0.30889201164245605
observed_test,v2_2018_493_48h,,25,PCC,A,2.6915066436221786,0.0,0.0,0.3179371654987335,1.1828500032424927,34.72425106811524,0.3114953935146332
observed_test,v2_2018_493_48h,,25,PCC,B,2.6915066436221786,0.0,0.0,0.3179371654987335,1.1828500032424927,34.72425106811524,0.3114953935146332
observed_test,v2_2018_493_48h,,25,PCC,C,2.6915066436221786,0.0,0.0,0.3179371654987335,1.1828500032424927,34.72425106811524,0.3114953935146332
observed_test,v2_2018_493_48h,,26,PCC,A,2.553689120838137,0.0,0.0,0.2232462614774704,1.1839749813079834,34.72425106811524,0.30886760354042053
observed_test,v2_2018_493_48h,,26,PCC,B,2.553689120838137,0.0,0.0,0.2232462614774704,1.1839749813079834,34.72425106811524,0.30886760354042053
observed_test,v2_2018_493_48h,,26,PCC,C,2.553689120838137,0.0,0.0,0.2232462614774704,1.1839749813079834,34.72425106811524,0.30886760354042053
observed_test,v2_2018_493_48h,,27,PCC,A,2.6134838486132104,0.0,0.0,0.2633455991744995,1.1841999292373657,34.72425106811524,0.31217098236083984
observed_test,v2_2018_493_48h,,27,PCC,B,2.6134838486132104,0.0,0.0,0.2633455991744995,1.1841999292373657,34.72425106811524,0.31217098236083984
observed_test,v2_2018_493_48h,,27,PCC,C,2.6134838486132104,0.0,0.0,0.2633455991744995,1.1841999292373657,34.72425106811524,0.31217098236083984
observed_test,v2_2018_493_48h,,28,PCC,A,2.676535352949107,0.0,0.0,0.3060445785522461,1.1841249465942383,34.72425106811524,0.2956193685531616
observed_test,v2_2018_493_48h,,28,PCC,B,2.676535352949107,0.0,0.0,0.3060445785522461,1.1841249465942383,34.72425106811524,0.2956193685531616
observed_test,v2_2018_493_48h,,28,PCC,C,2.676535352949107,0.0,0.0,0.3060445785522461,1.1841249465942383,34.72425106811524,0.2956193685531616
observed_test,v2_2018_493_48h,,29,PCC,A,2.6443431059449636,0.0,0.0,0.2850128710269928,1.1835999488830566,34.72425106811524,0.25929492712020874
observed_test,v2_2018_493_48h,,29,PCC,B,2.6443431059449636,0.0,0.0,0.2850128710269928,1.1835999488830566,34.72425106811524,0.25929492712020874
observed_test,v2_2018_493_48h,,29,PCC,C,2.6443431059449636,0.0,0.0,0.2850128710269928,1.1835999488830566,34.72425106811524,0.25929492712020874
observed_test,v2_2018_493_48h,,30,PCC,A,2.8368403301934992,0.0,0.013058333514401546,0.4131304621696472,1.1849499940872192,53.24800137329102,0.23812608420848846
observed_test,v2_2018_493_48h,,30,PCC,B,2.8368403301934992,0.0,0.013058333514401546,0.4131304621696472,1.1849499940872192,53.24800137329102,0.23812608420848846
observed_test,v2_2018_493_48h,,30,PCC,C,2.8368403301934992,0.0,0.013058333514401546,0.4131304621696472,1.1849499940872192,53.24800137329102,0.23812608420848846
observed_test,v2_2018_493_48h,,31,PCC,A,3.1066514726441117,0.0,0.14935833616898608,0.5887197852134705,1.1890000104904175,53.24800137329102,0.2374788075685501
observed_test,v2_2018_493_48h,,31,PCC,B,3.1066514726441117,0.0,0.14935833616898608,0.5887197852134705,1.1890000104904175,53.24800137329102,0.2374788075685501
observed_test,v2_2018_493_48h,,31,PCC,C,3.1066514726441117,0.0,0.14935833616898608,0.5887197852134705,1.1890000104904175,53.24800137329102,0.2374788075685501
observed_test,v2_2018_493_48h,,32,PCC,A,2.861673167464334,0.0,0.13339583976910663,0.41616514325141907,1.1942499876022339,53.24800137329102,0.2384095937013626
observed_test,v2_2018_493_48h,,32,PCC,B,2.861673167464334,0.0,0.13339583976910663,0.41616514325141907,1.1942499876022339,53.24800137329102,0.2384095937013626
observed_test,v2_2018_493_48h,,32,PCC,C,2.861673167464334,0.0,0.13339583976910663,0.41616514325141907,1.1942499876022339,53.24800137329102,0.2384095937013626
observed_test,v2_2018_493_48h,,33,PCC,A,3.0222307629787344,0.0,0.2715833198565703,0.5137431621551514,1.2006999254226685,53.24800137329102,0.24782107770442963
observed_test,v2_2018_493_48h,,33,PCC,B,3.0222307629787344,0.0,0.2715833198565703,0.5137431621551514,1.2006999254226685,53.24800137329102,0.24782107770442963
observed_test,v2_2018_493_48h,,33,PCC,C,3.0222307629787344,0.0,0.2715833198565703,0.5137431621551514,1.2006999254226685,53.24800137329102,0.24782107770442963
observed_test,v2_2018_493_48h,,34,PCC,A,2.8123631140105907,0.0,0.8582750192055335,0.3643687963485718,1.207450032234192,53.24800137329102,0.27238571643829346
observed_test,v2_2018_493_48h,,34,PCC,B,2.8123631140105907,0.0,0.8582750192055335,0.3643687963485718,1.207450032234192,53.24800137329102,0.27238571643829346
observed_test,v2_2018_493_48h,,34,PCC,C,2.8123631140105907,0.0,0.8582750192055335,0.3643687963485718,1.207450032234192,53.24800137329102,0.27238571643829346
observed_test,v2_2018_493_48h,,35,PCC,A,2.8186348488223607,0.0,0.7286374958661885,0.36136627197265625,1.2125499248504639,53.24800137329102,0.2993454933166504
observed_test,v2_2018_493_48h,,35,PCC,B,2.8186348488223607,0.0,0.7286374958661885,0.36136627197265625,1.2125499248504639,53.24800137329102,0.2993454933166504
observed_test,v2_2018_493_48h,,35,PCC,C,2.8186348488223607,0.0,0.7286374958661885,0.36136627197265625,1.2125499248504639,53.24800137329102,0.2993454933166504
observed_test,v2_2018_493_48h,,36,PCC,A,3.0931371572221074,0.0,0.8265666663646698,0.5383059978485107,1.215250015258789,53.24800137329102,0.3172948658466339
observed_test,v2_2018_493_48h,,36,PCC,B,3.0931371572221074,0.0,0.8265666663646698,0.5383059978485107,1.215250015258789,53.24800137329102,0.3172948658466339
observed_test,v2_2018_493_48h,,36,PCC,C,3.0931371572221074,0.0,0.8265666663646698,0.5383059978485107,1.215250015258789,53.24800137329102,0.3172948658466339
observed_test,v2_2018_493_48h,,37,PCC,A,3.1936791278902064,0.0,1.0726999778013961,0.6031783223152161,1.2160749435424805,53.24800137329102,0.3176347613334656
observed_test,v2_2018_493_48h,,37,PCC,B,3.1936791278902064,0.0,1.0726999778013961,0.6031783223152161,1.2160749435424805,53.24800137329102,0.3176347613334656
observed_test,v2_2018_493_48h,,37,PCC,C,3.1936791278902064,0.0,1.0726999778013961,0.6031783223152161,1.2160749435424805,53.24800137329102,0.3176347613334656
observed_test,v2_2018_493_48h,,38,PCC,A,3.287348810277637,0.0,0.8142000207534202,0.6654155254364014,1.2157000303268433,53.24800137329102,0.30647626519203186
observed_test,v2_2018_493_48h,,38,PCC,B,3.287348810277637,0.0,0.8142000207534202,0.6654155254364014,1.2157000303268433,53.24800137329102,0.30647626519203186
observed_test,v2_2018_493_48h,,38,PCC,C,3.287348810277637,0.0,0.8142000207534202,0.6654155254364014,1.2157000303268433,53.24800137329102,0.30647626519203186
observed_test,v2_2018_493_48h,,39,PCC,A,3.061292079987163,0.0,0.751354144169734,0.5210045576095581,1.2128499746322632,53.24800137329102,0.28549402952194214
observed_test,v2_2018_493_48h,,39,PCC,B,3.061292079987163,0.0,0.751354144169734,0.5210045576095581,1.2128499746322632,53.24800137329102,0.28549402952194214
observed_test,v2_2018_493_48h,,39,PCC,C,3.061292079987163,0.0,0.751354144169734,0.5210045576095581,1.2128499746322632,53.24800137329102,0.28549402952194214
observed_test,v2_2018_493_48h,,40,PCC,A,3.114462494524774,0.0,0.47527915583207053,0.5631123185157776,1.2083499431610107,53.24800137329102,0.2766748368740082
observed_test,v2_2018_493_48h,,40,PCC,B,3.114462494524774,0.0,0.47527915583207053,0.5631123185157776,1.2083499431610107,53.24800137329102,0.2766748368740082
observed_test,v2_2018_493_48h,,40,PCC,C,3.114462494524774,0.0,0.47527915583207053,0.5631123185157776,1.2083499431610107,53.24800137329102,0.2766748368740082
observed_test,v2_2018_493_48h,,41,PCC,A,3.0302891772179184,0.0,0.18225833773612976,0.5185338854789734,1.2010749578475952,53.24800137329102,0.2770940661430359
observed_test,v2_2018_493_48h,,41,PCC,B,3.0302891772179184,0.0,0.18225833773612976,0.5185338854789734,1.2010749578475952,53.24800137329102,0.2770940661430359
observed_test,v2_2018_493_48h,,41,PCC,C,3.0302891772179184,0.0,0.18225833773612976,0.5185338854789734,1.2010749578475952,53.24800137329102,0.2770940661430359
observed_test,v2_2018_493_48h,,42,PCC,A,2.9917418625654535,0.0,0.006070833366650801,0.501911997795105,1.1951500177383423,121.88174847412108,0.2801923453807831
observed_test,v2_2018_493_48h,,42,PCC,B,2.9917418625654535,0.0,0.006070833366650801,0.501911997795105,1.1951500177383423,121.88174847412108,0.2801923453807831
observed_test,v2_2018_493_48h,,42,PCC,C,2.9917418625654535,0.0,0.006070833366650801,0.501911997795105,1.1951500177383423,121.88174847412108,0.2801923453807831
observed_test,v2_2018_493_48h,,43,PCC,A,3.0828851185529893,0.0,0.0,0.5692486763000488,1.1911749839782715,121.88174847412108,0.286238431930542
observed_test,v2_2018_493_48h,,43,PCC,B,3.0828851185529893,0.0,0.0,0.5692486763000488,1.1911749839782715,121.88174847412108,0.286238431930542
observed_test,v2_2018_493_48h,,43,PCC,C,3.0828851185529893,0.0,0.0,0.5692486763000488,1.1911749839782715,121.88174847412108,0.286238431930542
observed_test,v2_2018_493_48h,,44,PCC,A,2.913636470125372,0.0,0.0,0.458400696516037,1.1892999410629272,121.88174847412108,0.28883904218673706
observed_test,v2_2018_493_48h,,44,PCC,B,2.913636470125372,0.0,0.0,0.458400696516037,1.1892999410629272,121.88174847412108,0.28883904218673706
observed_test,v2_2018_493_48h,,44,PCC,C,2.913636470125372,0.0,0.0,0.458400696516037,1.1892999410629272,121.88174847412108,0.28883904218673706
observed_test,v2_2018_493_48h,,45,PCC,A,2.820555679411015,0.0,0.0,0.39928483963012695,1.186900019645691,53.24800137329102,0.2975204885005951
observed_test,v2_2018_493_48h,,45,PCC,B,2.820555679411015,0.0,0.0,0.39928483963012695,1.186900019645691,53.24800137329102,0.2975204885005951
observed_test,v2_2018_493_48h,,45,PCC,C,2.820555679411015,0.0,0.0,0.39928483963012695,1.186900019645691,53.24800137329102,0.2975204885005951
observed_test,v2_2018_493_48h,,46,PCC,A,2.7625267625816576,0.0,0.0,0.3637107312679291,1.1844249963760376,53.24800137329102,0.3060232102870941
observed_test,v2_2018_493_48h,,46,PCC,B,2.7625267625816576,0.0,0.0,0.3637107312679291,1.1844249963760376,53.24800137329102,0.3060232102870941
observed_test,v2_2018_493_48h,,46,PCC,C,2.7625267625816576,0.0,0.0,0.3637107312679291,1.1844249963760376,53.24800137329102,0.3060232102870941
observed_test,v2_2018_493_48h,,47,PCC,A,2.7317395940817257,0.0,0.0,0.34759950637817383,1.1811249256134033,53.24800137329102,0.30275729298591614
observed_test,v2_2018_493_48h,,47,PCC,B,2.7317395940817257,0.0,0.0,0.34759950637817383,1.1811249256134033,53.24800137329102,0.30275729298591614
observed_test,v2_2018_493_48h,,47,PCC,C,2.7317395940817257,0.0,0.0,0.34759950637817383,1.1811249256134033,53.24800137329102,0.30275729298591614
observed_test,v2_2018_455_48h,,0,PCC,A,2.668322925389583,0.0,0.0,0.29431068897247314,1.1886249780654907,53.24800137329102,0.34276068210601807
observed_test,v2_2018_455_48h,,0,PCC,B,2.668322925389583,0.0,0.0,0.29431068897247314,1.1886249780654907,53.24800137329102,0.34276068210601807
observed_test,v2_2018_455_48h,,0,PCC,C,2.668322925389583,0.0,0.0,0.29431068897247314,1.1886249780654907,53.24800137329102,0.34276068210601807
observed_test,v2_2018_455_48h,,1,PCC,A,2.6973891636743104,0.0,0.0,0.3179371654987335,1.1856999397277832,34.72425106811524,0.33996203541755676
observed_test,v2_2018_455_48h,,1,PCC,B,2.6973891636743104,0.0,0.0,0.3179371654987335,1.1856999397277832,34.72425106811524,0.33996203541755676
observed_test,v2_2018_455_48h,,1,PCC,C,2.6973891636743104,0.0,0.0,0.3179371654987335,1.1856999397277832,34.72425106811524,0.33996203541755676
observed_test,v2_2018_455_48h,,2,PCC,A,2.553105306628417,0.0,0.0,0.2232462614774704,1.183674931526184,34.72425106811524,0.3366945683956146
observed_test,v2_2018_455_48h,,2,PCC,B,2.553105306628417,0.0,0.0,0.2232462614774704,1.183674931526184,34.72425106811524,0.3366945683956146
observed_test,v2_2018_455_48h,,2,PCC,C,2.553105306628417,0.0,0.0,0.2232462614774704,1.183674931526184,34.72425106811524,0.3366945683956146
observed_test,v2_2018_455_48h,,3,PCC,A,2.6082447687065944,0.0,0.0,0.2633455991744995,1.1815749406814575,34.72425106811524,0.34762367606163025
observed_test,v2_2018_455_48h,,3,PCC,B,2.6082447687065944,0.0,0.0,0.2633455991744995,1.1815749406814575,34.72425106811524,0.34762367606163025
observed_test,v2_2018_455_48h,,3,PCC,C,2.6082447687065944,0.0,0.0,0.2633455991744995,1.1815749406814575,34.72425106811524,0.34762367606163025
observed_test,v2_2018_455_48h,,4,PCC,A,2.670233986673992,0.0,0.0,0.3060445785522461,1.1810499429702759,34.72425106811524,0.3358742594718933
observed_test,v2_2018_455_48h,,4,PCC,B,2.670233986673992,0.0,0.0,0.3060445785522461,1.1810499429702759,34.72425106811524,0.3358742594718933
observed_test,v2_2018_455_48h,,4,PCC,C,2.670233986673992,0.0,0.0,0.3060445785522461,1.1810499429702759,34.72425106811524,0.3358742594718933
observed_test,v2_2018_455_48h,,5,PCC,A,2.6454051410114494,0.0,0.000945833296729968,0.2850128710269928,1.1841249465942383,34.72425106811524,0.30183544754981995
observed_test,v2_2018_455_48h,,5,PCC,B,2.6454051410114494,0.0,0.000945833296729968,0.2850128710269928,1.1841249465942383,34.72425106811524,0.30183544754981995
observed_test,v2_2018_455_48h,,5,PCC,C,2.6454051410114494,0.0,0.000945833296729968,0.2850128710269928,1.1841249465942383,34.72425106811524,0.30183544754981995
observed_test,v2_2018_455_48h,,6,PCC,A,2.8512487052239606,0.0,0.03732500167993399,0.4131304621696472,1.1915500164031982,53.24800137329102,0.2928365170955658
observed_test,v2_2018_455_48h,,6,PCC,B,2.8512487052239606,0.0,0.03732500167993399,0.4131304621696472,1.1915500164031982,53.24800137329102,0.2928365170955658
observed_test,v2_2018_455_48h,,6,PCC,C,2.8512487052239606,0.0,0.03732500167993399,0.4131304621696472,1.1915500164031982,53.24800137329102,0.2928365170955658
observed_test,v2_2018_455_48h,,7,PCC,A,3.1340406920066433,0.0,0.1915499997826723,0.5887197852134705,1.2003999948501587,53.24800137329102,0.2831554710865021
observed_test,v2_2018_455_48h,,7,PCC,B,3.1340406920066433,0.0,0.1915499997826723,0.5887197852134705,1.2003999948501587,53.24800137329102,0.2831554710865021
observed_test,v2_2018_455_48h,,7,PCC,C,3.1340406920066433,0.0,0.1915499997826723,0.5887197852134705,1.2003999948501587,53.24800137329102,0.2831554710865021
observed_test,v2_2018_455_48h,,8,PCC,A,2.8943122550919256,0.0,0.4467083284488091,0.41616514325141907,1.2091749906539917,53.24800137329102,0.27899616956710815
observed_test,v2_2018_455_48h,,8,PCC,B,2.8943122550919256,0.0,0.4467083284488091,0.41616514325141907,1.2091749906539917,53.24800137329102,0.27899616956710815
observed_test,v2_2018_455_48h,,8,PCC,C,2.8943122550919256,0.0,0.4467083284488091,0.41616514325141907,1.2091749906539917,53.24800137329102,0.27899616956710815
observed_test,v2_2018_455_48h,,9,PCC,A,3.0587683215307755,0.0,0.6951500016909379,0.5137431621551514,1.2165249586105347,53.24800137329102,0.28237292170524597
observed_test,v2_2018_455_48h,,9,PCC,B,3.0587683215307755,0.0,0.6951500016909379,0.5137431621551514,1.2165249586105347,53.24800137329102,0.28237292170524597
observed_test,v2_2018_455_48h,,9,PCC,C,3.0587683215307755,0.0,0.6951500016909379,0.5137431621551514,1.2165249586105347,53.24800137329102,0.28237292170524597
observed_test,v2_2018_455_48h,,10,PCC,A,2.8433991319017244,0.0,0.8370625285001901,0.3643687963485718,1.2220749855041504,53.24800137329102,0.29163238406181335
observed_test,v2_2018_455_48h,,10,PCC,B,2.8433991319017244,0.0,0.8370625285001901,0.3643687963485718,1.2220749855041504,53.24800137329102,0.29163238406181335
observed_test,v2_2018_455_48h,,10,PCC,C,2.8433991319017244,0.0,0.8370625285001901,0.3643687963485718,1.2220749855041504,53.24800137329102,0.29163238406181335
observed_test,v2_2018_455_48h,,11,PCC,A,2.8434199028745297,0.0,0.8834583254960866,0.36136627197265625,1.2242499589920044,53.24800137329102,0.3122522830963135
observed_test,v2_2018_455_48h,,11,PCC,B,2.8434199028745297,0.0,0.8834583254960866,0.36136627197265625,1.2242499589920044,53.24800137329102,0.3122522830963135
observed_test,v2_2018_455_48h,,11,PCC,C,2.8434199028745297,0.0,0.8834583254960866,0.36136627197265625,1.2242499589920044,53.24800137329102,0.3122522830963135
observed_test,v2_2018_455_48h,,12,PCC,A,3.1170006140276407,0.0,0.9930333265891441,0.5383059978485107,1.225450038909912,53.24800137329102,0.3309154510498047
observed_test,v2_2018_455_48h,,12,PCC,B,3.1170006140276407,0.0,0.9930333265891441,0.5383059978485107,1.225450038909912,53.24800137329102,0.3309154510498047
observed_test,v2_2018_455_48h,,12,PCC,C,3.1170006140276407,0.0,0.9930333265891441,0.5383059978485107,1.225450038909912,53.24800137329102,0.3309154510498047
observed_test,v2_2018_455_48h,,13,PCC,A,3.21836970875057,0.0,0.9853875407805809,0.6031783223152161,1.2262749671936035,53.24800137329102,0.3257731795310974
observed_test,v2_2018_455_48h,,13,PCC,B,3.21836970875057,0.0,0.9853875407805809,0.6031783223152161,1.2262749671936035,53.24800137329102,0.3257731795310974
observed_test,v2_2018_455_48h,,13,PCC,C,3.21836970875057,0.0,0.9853875407805809,0.6031783223152161,1.2262749671936035,53.24800137329102,0.3257731795310974
observed_test,v2_2018_455_48h,,14,PCC,A,3.3139569533606092,0.0,0.8003333440193763,0.6654155254364014,1.226349949836731,53.24800137329102,0.31888633966445923
observed_test,v2_2018_455_48h,,14,PCC,B,3.3139569533606092,0.0,0.8003333440193763,0.6654155254364014,1.226349949836731,53.24800137329102,0.31888633966445923
observed_test,v2_2018_455_48h,,14,PCC,C,3.3139569533606092,0.0,0.8003333440193763,0.6654155254364014,1.226349949836731,53.24800137329102,0.31888633966445923
observed_test,v2_2018_455_48h,,15,PCC,A,3.0898025586606637,0.0,0.7359416438983036,0.5210045576095581,1.2251499891281128,53.24800137329102,0.3320882022380829
observed_test,v2_2018_455_48h,,15,PCC,B,3.0898025586606637,0.0,0.7359416438983036,0.5210045576095581,1.2251499891281128,53.24800137329102,0.3320882022380829
observed_test,v2_2018_455_48h,,15,PCC,C,3.0898025586606637,0.0,0.7359416438983036,0.5210045576095581,1.2251499891281128,53.24800137329102,0.3320882022380829
observed_test,v2_2018_455_48h,,16,PCC,A,3.1512653536191055,0.0,0.5880374747973222,0.5631123185157776,1.2238749265670776,53.24800137329102,0.3351948857307434
observed_test,v2_2018_455_48h,,16,PCC,B,3.1512653536191055,0.0,0.5880374747973222,0.5631123185157776,1.2238749265670776,53.24800137329102,0.3351948857307434
observed_test,v2_2018_455_48h,,16,PCC,C,3.1512653536191055,0.0,0.5880374747973222,0.5631123185157776,1.2238749265670776,53.24800137329102,0.3351948857307434
observed_test,v2_2018_455_48h,,17,PCC,A,3.0749077632927744,0.0,0.33685415983200073,0.5185338854789734,1.2203500270843506,53.24800137329102,0.339530885219574
observed_test,v2_2018_455_48h,,17,PCC,B,3.0749077632927744,0.0,0.33685415983200073,0.5185338854789734,1.2203500270843506,53.24800137329102,0.339530885219574
observed_test,v2_2018_455_48h,,17,PCC,C,3.0749077632927744,0.0,0.33685415983200073,0.5185338854789734,1.2203500270843506,53.24800137329102,0.339530885219574
observed_test,v2_2018_455_48h,,18,PCC,A,3.0383684391182526,0.0,0.10193333459588196,0.501911997795105,1.2154749631881714,121.88174847412108,0.3364403545856476
observed_test,v2_2018_455_48h,,18,PCC,B,3.0383684391182526,0.0,0.10193333459588196,0.501911997795105,1.2154749631881714,121.88174847412108,0.3364403545856476
observed_test,v2_2018_455_48h,,18,PCC,C,3.0383684391182526,0.0,0.10193333459588196,0.501911997795105,1.2154749631881714,121.88174847412108,0.3364403545856476
observed_test,v2_2018_455_48h,,19,PCC,A,3.1176665847819294,0.0,0.011920833136313235,0.5692486763000488,1.20579993724823,121.88174847412108,0.34987059235572815
observed_test,v2_2018_455_48h,,19,PCC,B,3.1176665847819294,0.0,0.011920833136313235,0.5692486763000488,1.20579993724823,121.88174847412108,0.34987059235572815
observed_test,v2_2018_455_48h,,19,PCC,C,3.1176665847819294,0.0,0.011920833136313235,0.5692486763000488,1.20579993724823,121.88174847412108,0.34987059235572815
observed_test,v2_2018_455_48h,,20,PCC,A,2.9408485409168406,0.0,0.0,0.458400696516037,1.201449990272522,121.88174847412108,0.36810052394866943
observed_test,v2_2018_455_48h,,20,PCC,B,2.9408485409168406,0.0,0.0,0.458400696516037,1.201449990272522,121.88174847412108,0.36810052394866943
observed_test,v2_2018_455_48h,,20,PCC,C,2.9408485409168406,0.0,0.0,0.458400696516037,1.201449990272522,121.88174847412108,0.36810052394866943
observed_test,v2_2018_455_48h,,21,PCC,A,2.8444332195089004,0.0,0.0,0.39928483963012695,1.1979249715805054,53.24800137329102,0.3760484457015991
observed_test,v2_2018_455_48h,,21,PCC,B,2.8444332195089004,0.0,0.0,0.39928483963012695,1.1979249715805054,53.24800137329102,0.3760484457015991
observed_test,v2_2018_455_48h,,21,PCC,C,2.8444332195089004,0.0,0.0,0.39928483963012695,1.1979249715805054,53.24800137329102,0.3760484457015991
observed_test,v2_2018_455_48h,,22,PCC,A,2.785754988074187,0.0,0.0,0.3637107312679291,1.1953749656677246,53.24800137329102,0.37326011061668396
observed_test,v2_2018_455_48h,,22,PCC,B,2.785754988074187,0.0,0.0,0.3637107312679291,1.1953749656677246,53.24800137329102,0.37326011061668396
observed_test,v2_2018_455_48h,,22,PCC,C,2.785754988074187,0.0,0.0,0.3637107312679291,1.1953749656677246,53.24800137329102,0.37326011061668396
observed_test,v2_2018_455_48h,,23,PCC,A,2.756796212030219,0.0,0.0,0.34759950637817383,1.1930500268936157,53.24800137329102,0.36769899725914
observed_test,v2_2018_455_48h,,23,PCC,B,2.756796212030219,0.0,0.0,0.34759950637817383,1.1930500268936157,53.24800137329102,0.36769899725914
observed_test,v2_2018_455_48h,,23,PCC,C,2.756796212030219,0.0,0.0,0.34759950637817383,1.1930500268936157,53.24800137329102,0.36769899725914
observed_test,v2_2018_455_48h,,24,PCC,A,2.669238505808915,0.0,0.0,0.29431068897247314,1.189074993133545,53.24800137329102,0.37295687198638916
observed_test,v2_2018_455_48h,,24,PCC,B,2.669238505808915,0.0,0.0,0.29431068897247314,1.189074993133545,53.24800137329102,0.37295687198638916
observed_test,v2_2018_455_48h,,24,PCC,C,2.669238505808915,0.0,0.0,0.29431068897247314,1.189074993133545,53.24800137329102,0.37295687198638916
observed_test,v2_2018_455_48h,,25,PCC,A,2.696460292916926,0.0,0.0,0.3179371654987335,1.185249924659729,34.72425106811524,0.36424681544303894
observed_test,v2_2018_455_48h,,25,PCC,B,2.696460292916926,0.0,0.0,0.3179371654987335,1.185249924659729,34.72425106811524,0.36424681544303894
observed_test,v2_2018_455_48h,,25,PCC,C,2.696460292916926,0.0,0.0,0.3179371654987335,1.185249924659729,34.72425106811524,0.36424681544303894
observed_test,v2_2018_455_48h,,26,PCC,A,2.550040803911363,0.0,0.0,0.2232462614774704,1.1820999383926392,34.72425106811524,0.36309880018234253
observed_test,v2_2018_455_48h,,26,PCC,B,2.550040803911363,0.0,0.0,0.2232462614774704,1.1820999383926392,34.72425106811524,0.36309880018234253
observed_test,v2_2018_455_48h,,26,PCC,C,2.550040803911363,0.0,0.0,0.2232462614774704,1.1820999383926392,34.72425106811524,0.36309880018234253
observed_test,v2_2018_455_48h,,27,PCC,A,2.6046523587379298,0.0,0.0,0.2633455991744995,1.1797749996185303,34.72425106811524,0.36774942278862
observed_test,v2_2018_455_48h,,27,PCC,B,2.6046523587379298,0.0,0.0,0.2633455991744995,1.1797749996185303,34.72425106811524,0.36774942278862
observed_test,v2_2018_455_48h,,27,PCC,C,2.6046523587379298,0.0,0.0,0.2633455991744995,1.1797749996185303,34.72425106811524,0.36774942278862
observed_test,v2_2018_455_48h,,28,PCC,A,2.6674676881006483,0.0,0.0,0.3060445785522461,1.1797000169754028,34.72425106811524,0.36273154616355896
observed_test,v2_2018_455_48h,,28,PCC,B,2.6674676881006483,0.0,0.0,0.3060445785522461,1.1797000169754028,34.72425106811524,0.36273154616355896
observed_test,v2_2018_455_48h,,28,PCC,C,2.6674676881006483,0.0,0.0,0.3060445785522461,1.1797000169754028,34.72425106811524,0.36273154616355896
observed_test,v2_2018_455_48h,,29,PCC,A,2.648439561366034,0.0,0.007087500013697606,0.2850128710269928,1.1856249570846558,34.72425106811524,0.3521607518196106
observed_test,v2_2018_455_48h,,29,PCC,B,2.648439561366034,0.0,0.007087500013697606,0.2850128710269928,1.1856249570846558,34.72425106811524,0.3521607518196106
observed_test,v2_2018_455_48h,,29,PCC,C,2.648439561366034,0.0,0.007087500013697606,0.2850128710269928,1.1856249570846558,34.72425106811524,0.3521607518196106
observed_test,v2_2018_455_48h,,30,PCC,A,2.8682766901714563,0.0,0.09211250222646272,0.4131304621696472,1.1993499994277954,53.24800137329102,0.32330453395843506
observed_test,v2_2018_455_48h,,30,PCC,B,2.8682766901714563,0.0,0.09211250222646272,0.4131304621696472,1.1993499994277954,53.24800137329102,0.32330453395843506
observed_test,v2_2018_455_48h,,30,PCC,C,2.8682766901714563,0.0,0.09211250222646272,0.4131304621696472,1.1993499994277954,53.24800137329102,0.32330453395843506
observed_test,v2_2018_455_48h,,31,PCC,A,3.174944370271616,0.0,0.3229791728349832,0.5887197852134705,1.217424988746643,53.24800137329102,0.3190268874168396
observed_test,v2_2018_455_48h,,31,PCC,B,3.174944370271616,0.0,0.3229791728349832,0.5887197852134705,1.217424988746643,53.24800137329102,0.3190268874168396
observed_test,v2_2018_455_48h,,31,PCC,C,3.174944370271616,0.0,0.3229791728349832,0.5887197852134705,1.217424988746643,53.24800137329102,0.3190268874168396
observed_test,v2_2018_455_48h,,32,PCC,A,2.9451570191130703,0.0,0.6059333108938657,0.41616514325141907,1.2324249744415283,53.24800137329102,0.31302687525749207
observed_test,v2_2018_455_48h,,32,PCC,B,2.9451570191130703,0.0,0.6059333108938657,0.41616514325141907,1.2324249744415283,53.24800137329102,0.31302687525749207
observed_test,v2_2018_455_48h,,32,PCC,C,2.9451570191130703,0.0,0.6059333108938657,0.41616514325141907,1.2324249744415283,53.24800137329102,0.31302687525749207
observed_test,v2_2018_455_48h,,33,PCC,A,3.1150466206630654,0.0,0.8317708395994625,0.5137431621551514,1.2409000396728516,53.24800137329102,0.3080359697341919
observed_test,v2_2018_455_48h,,33,PCC,B,3.1150466206630654,0.0,0.8317708395994625,0.5137431621551514,1.2409000396728516,53.24800137329102,0.3080359697341919
observed_test,v2_2018_455_48h,,33,PCC,C,3.1150466206630654,0.0,0.8317708395994625,0.5137431621551514,1.2409000396728516,53.24800137329102,0.3080359697341919
observed_test,v2_2018_455_48h,,34,PCC,A,2.898468249209041,0.0,0.93189999461174,0.3643687963485718,1.2480249404907227,53.24800137329102,0.31461378931999207
observed_test,v2_2018_455_48h,,34,PCC,B,2.898468249209041,0.0,0.93189999461174,0.3643687963485718,1.2480249404907227,53.24800137329102,0.31461378931999207
observed_test,v2_2018_455_48h,,34,PCC,C,2.898468249209041,0.0,0.93189999461174,0.3643687963485718,1.2480249404907227,53.24800137329102,0.31461378931999207
observed_test,v2_2018_455_48h,,35,PCC,A,2.906017777018557,0.0,1.0434457888970008,0.36136627197265625,1.2537999153137207,53.24800137329102,0.3251783847808838
observed_test,v2_2018_455_48h,,35,PCC,B,2.906017777018557,0.0,1.0434457888970008,0.36136627197265625,1.2537999153137207,53.24800137329102,0.3251783847808838
observed_test,v2_2018_455_48h,,35,PCC,C,2.906017777018557,0.0,1.0434457888970008,0.36136627197265625,1.2537999153137207,53.24800137329102,0.3251783847808838
observed_test,v2_2018_455_48h,,36,PCC,A,3.1926263305771863,0.0,1.0718416709166305,0.5383059978485107,1.2577749490737915,53.24800137329102,0.32520467042922974
observed_test,v2_2018_455_48h,,36,PCC,B,3.1926263305771863,0.0,1.0718416709166305,0.5383059978485107,1.2577749490737915,53.24800137329102,0.32520467042922974
observed_test,v2_2018_455_48h,,36,PCC,C,3.1926263305771863,0.0,1.0718416709166305,0.5383059978485107,1.2577749490737915,53.24800137329102,0.32520467042922974
observed_test,v2_2018_455_48h,,37,PCC,A,3.300429444639319,0.0,1.0088583597770102,0.6031783223152161,1.2601749897003174,53.24800137329102,0.31682246923446655
observed_test,v2_2018_455_48h,,37,PCC,B,3.300429444639319,0.0,1.0088583597770102,0.6031783223152161,1.2601749897003174,53.24800137329102,0.31682246923446655
observed_test,v2_2018_455_48h,,37,PCC,C,3.300429444639319,0.0,1.0088583597770102,0.6031783223152161,1.2601749897003174,53.24800137329102,0.31682246923446655
observed_test,v2_2018_455_48h,,38,PCC,A,3.397904337283881,0.0,0.9389291589076701,0.6654155254364014,1.2599499225616455,53.24800137329102,0.30711761116981506
observed_test,v2_2018_455_48h,,38,PCC,B,3.397904337283881,0.0,0.9389291589076701,0.6654155254364014,1.2599499225616455,53.24800137329102,0.30711761116981506
observed_test,v2_2018_455_48h,,38,PCC,C,3.397904337283881,0.0,0.9389291589076701,0.6654155254364014,1.2599499225616455,53.24800137329102,0.30711761116981506
observed_test,v2_2018_455_48h,,39,PCC,A,3.1645556632059075,0.0,0.8456291487583747,0.5210045576095581,1.2574000358581543,53.24800137329102,0.30297839641571045
observed_test,v2_2018_455_48h,,39,PCC,B,3.1645556632059075,0.0,0.8456291487583747,0.5210045576095581,1.2574000358581543,53.24800137329102,0.30297839641571045
observed_test,v2_2018_455_48h,,39,PCC,C,3.1645556632059075,0.0,0.8456291487583747,0.5210045576095581,1.2574000358581543,53.24800137329102,0.30297839641571045
observed_test,v2_2018_455_48h,,40,PCC,A,3.2170483483394516,0.0,0.615929181759174,0.5631123185157776,1.2516249418258667,53.24800137329102,0.31344354152679443
observed_test,v2_2018_455_48h,,40,PCC,B,3.2170483483394516,0.0,0.615929181759174,0.5631123185157776,1.2516249418258667,53.24800137329102,0.31344354152679443
observed_test,v2_2018_455_48h,,40,PCC,C,3.2170483483394516,0.0,0.615929181759174,0.5631123185157776,1.2516249418258667,53.24800137329102,0.31344354152679443
observed_test,v2_2018_455_48h,,41,PCC,A,3.125255341491497,0.0,0.3414083272218704,0.5185338854789734,1.2421000003814697,53.24800137329102,0.32317930459976196
observed_test,v2_2018_455_48h,,41,PCC,B,3.125255341491497,0.0,0.3414083272218704,0.5185338854789734,1.2421000003814697,53.24800137329102,0.32317930459976196
observed_test,v2_2018_455_48h,,41,PCC,C,3.125255341491497,0.0,0.3414083272218704,0.5185338854789734,1.2421000003814697,53.24800137329102,0.32317930459976196
observed_test,v2_2018_455_48h,,42,PCC,A,3.076392379753789,0.0,0.1019666687800334,0.501911997795105,1.2320499420166016,121.88174847412108,0.33190372586250305
observed_test,v2_2018_455_48h,,42,PCC,B,3.076392379753789,0.0,0.1019666687800334,0.501911997795105,1.2320499420166016,121.88174847412108,0.33190372586250305
observed_test,v2_2018_455_48h,,42,PCC,C,3.076392379753789,0.0,0.1019666687800334,0.501911997795105,1.2320499420166016,121.88174847412108,0.33190372586250305
observed_test,v2_2018_455_48h,,43,PCC,A,3.1301525082936528,0.0,0.01122083317918273,0.5692486763000488,1.211050033569336,121.88174847412108,0.35107919573783875
observed_test,v2_2018_455_48h,,43,PCC,B,3.1301525082936528,0.0,0.01122083317918273,0.5692486763000488,1.211050033569336,121.88174847412108,0.35107919573783875
observed_test,v2_2018_455_48h,,43,PCC,C,3.1301525082936528,0.0,0.01122083317918273,0.5692486763000488,1.211050033569336,121.88174847412108,0.35107919573783875
observed_test,v2_2018_455_48h,,44,PCC,A,2.9463917701879745,0.0,0.0,0.458400696516037,1.2039250135421753,121.88174847412108,0.3593016564846039
observed_test,v2_2018_455_48h,,44,PCC,B,2.9463917701879745,0.0,0.0,0.458400696516037,1.2039250135421753,121.88174847412108,0.3593016564846039
observed_test,v2_2018_455_48h,,44,PCC,C,2.9463917701879745,0.0,0.0,0.458400696516037,1.2039250135421753,121.88174847412108,0.3593016564846039
observed_test,v2_2018_455_48h,,45,PCC,A,2.8449204055969233,0.0,0.0,0.39928483963012695,1.1981499195098877,53.24800137329102,0.36071404814720154
observed_test,v2_2018_455_48h,,45,PCC,B,2.8449204055969233,0.0,0.0,0.39928483963012695,1.1981499195098877,53.24800137329102,0.36071404814720154
observed_test,v2_2018_455_48h,,45,PCC,C,2.8449204055969233,0.0,0.0,0.39928483963012695,1.1981499195098877,53.24800137329102,0.36071404814720154
observed_test,v2_2018_455_48h,,46,PCC,A,2.779709403328121,0.0,0.0,0.3637107312679291,1.192525029182434,53.24800137329102,0.3595772385597229
observed_test,v2_2018_455_48h,,46,PCC,B,2.779709403328121,0.0,0.0,0.3637107312679291,1.192525029182434,53.24800137329102,0.3595772385597229
observed_test,v2_2018_455_48h,,46,PCC,C,2.779709403328121,0.0,0.0,0.3637107312679291,1.192525029182434,53.24800137329102,0.3595772385597229
observed_test,v2_2018_455_48h,,47,PCC,A,2.74529223493082,0.0,0.0,0.34759950637817383,1.1875749826431274,53.24800137329102,0.3599590063095093
observed_test,v2_2018_455_48h,,47,PCC,B,2.74529223493082,0.0,0.0,0.34759950637817383,1.1875749826431274,53.24800137329102,0.3599590063095093
observed_test,v2_2018_455_48h,,47,PCC,C,2.74529223493082,0.0,0.0,0.34759950637817383,1.1875749826431274,53.24800137329102,0.3599590063095093
dfl_generated,dfl_evaluation_00,0.19858039915561676,0,PCC,A,2.6051008701324463,0.0,1.919746637213393e-06,0.29431068897247314,1.1576262712478638,53.24800109863281,0.32104095816612244
dfl_generated,dfl_evaluation_00,0.19858039915561676,0,PCC,B,2.6049506664276123,0.0,0.0,0.29431068897247314,1.1576262712478638,53.24800109863281,0.32104095816612244
dfl_generated,dfl_evaluation_00,0.19858039915561676,0,PCC,C,2.606194496154785,0.0,0.0,0.29431068897247314,1.1576262712478638,53.24800109863281,0.32104095816612244
dfl_generated,dfl_evaluation_00,0.19858039915561676,1,PCC,A,2.6368186473846436,0.0,1.4643259191871039e-06,0.3179371654987335,1.1562316417694092,53.24800109863281,0.32065707445144653
dfl_generated,dfl_evaluation_00,0.19858039915561676,1,PCC,B,2.6371054649353027,0.0,7.263583938765805e-07,0.3179371654987335,1.1562316417694092,53.24800109863281,0.32065707445144653
dfl_generated,dfl_evaluation_00,0.19858039915561676,1,PCC,C,2.6378047466278076,0.0,0.0,0.3179371654987335,1.1562316417694092,53.24800109863281,0.32065707445144653
dfl_generated,dfl_evaluation_00,0.19858039915561676,2,PCC,A,2.4982380867004395,0.0,0.0,0.2232462614774704,1.1557118892669678,53.24800109863281,0.3400258719921112
dfl_generated,dfl_evaluation_00,0.19858039915561676,2,PCC,B,2.49825382232666,0.0,2.797502816065389e-07,0.2232462614774704,1.1557118892669678,53.24800109863281,0.3400258719921112
dfl_generated,dfl_evaluation_00,0.19858039915561676,2,PCC,C,2.498274326324463,0.0,0.0,0.2232462614774704,1.1557118892669678,53.24800109863281,0.3400258719921112
dfl_generated,dfl_evaluation_00,0.19858039915561676,3,PCC,A,2.5559446811676025,0.0,0.0,0.2633455991744995,1.1555309295654297,53.24800109863281,0.31879207491874695
dfl_generated,dfl_evaluation_00,0.19858039915561676,3,PCC,B,2.555924892425537,0.0,0.0,0.2633455991744995,1.1555309295654297,53.24800109863281,0.31879207491874695
dfl_generated,dfl_evaluation_00,0.19858039915561676,3,PCC,C,2.5560109615325928,0.0,0.0,0.2633455991744995,1.1555309295654297,53.24800109863281,0.31879207491874695
dfl_generated,dfl_evaluation_00,0.19858039915561676,4,PCC,A,2.616992712020874,0.0,2.428958225664246e-07,0.3060445785522461,1.1548258066177368,53.24800109863281,0.3093149662017822
dfl_generated,dfl_evaluation_00,0.19858039915561676,4,PCC,B,2.6166186332702637,0.0,5.873452550986258e-07,0.3060445785522461,1.1548258066177368,53.24800109863281,0.3093149662017822
dfl_generated,dfl_evaluation_00,0.19858039915561676,4,PCC,C,2.6165060997009277,0.0,0.0,0.3060445785522461,1.1548258066177368,53.24800109863281,0.3093149662017822
dfl_generated,dfl_evaluation_00,0.19858039915561676,5,PCC,A,2.587876081466675,0.0,0.00020666734781116247,0.2850128710269928,1.1553844213485718,53.24800109863281,0.3003183603286743
dfl_generated,dfl_evaluation_00,0.19858039915561676,5,PCC,B,2.58739972114563,0.0,8.25977185741067e-05,0.2850128710269928,1.1553844213485718,53.24800109863281,0.3003183603286743
dfl_generated,dfl_evaluation_00,0.19858039915561676,5,PCC,C,2.58689284324646,0.0,0.00010487379040569067,0.2850128710269928,1.1553844213485718,53.24800109863281,0.3003183603286743
dfl_generated,dfl_evaluation_00,0.19858039915561676,6,PCC,A,2.778928518295288,0.0,0.02030811831355095,0.4131304621696472,1.1583199501037598,53.24800109863281,0.2911008596420288
dfl_generated,dfl_evaluation_00,0.19858039915561676,6,PCC,B,2.779766082763672,0.0,0.023014644160866737,0.4131304621696472,1.1583199501037598,53.24800109863281,0.2911008596420288
dfl_generated,dfl_evaluation_00,0.19858039915561676,6,PCC,C,2.7786858081817627,0.0,0.022944511845707893,0.4131304621696472,1.1583199501037598,53.24800109863281,0.2911008596420288
dfl_generated,dfl_evaluation_00,0.19858039915561676,7,PCC,A,3.044105291366577,0.0,0.2112886905670166,0.5887197852134705,1.1628519296646118,53.24800109863281,0.28684836626052856
dfl_generated,dfl_evaluation_00,0.19858039915561676,7,PCC,B,3.0429959297180176,0.0,0.21177434921264648,0.5887197852134705,1.1628519296646118,53.24800109863281,0.28684836626052856
dfl_generated,dfl_evaluation_00,0.19858039915561676,7,PCC,C,3.0444931983947754,0.0,0.21023017168045044,0.5887197852134705,1.1628519296646118,53.24800109863281,0.28684836626052856
dfl_generated,dfl_evaluation_00,0.19858039915561676,8,PCC,A,2.8052256107330322,0.0,0.3704794943332672,0.41616514325141907,1.1672505140304565,53.24800109863281,0.2812497317790985
dfl_generated,dfl_evaluation_00,0.19858039915561676,8,PCC,B,2.80254864692688,0.0,0.38359448313713074,0.41616514325141907,1.1672505140304565,53.24800109863281,0.2812497317790985
dfl_generated,dfl_evaluation_00,0.19858039915561676,8,PCC,C,2.8037033081054688,0.0,0.3869812786579132,0.41616514325141907,1.1672505140304565,53.24800109863281,0.2812497317790985
dfl_generated,dfl_evaluation_00,0.19858039915561676,9,PCC,A,2.9731388092041016,0.0,0.6202947497367859,0.5137431621551514,1.1771386861801147,53.24800109863281,0.22468304634094238
dfl_generated,dfl_evaluation_00,0.19858039915561676,9,PCC,B,2.9700465202331543,0.0,0.6428706645965576,0.5137431621551514,1.1771386861801147,53.24800109863281,0.22468304634094238
dfl_generated,dfl_evaluation_00,0.19858039915561676,9,PCC,C,2.968622922897339,0.0,0.6340817213058472,0.5137431621551514,1.1771386861801147,53.24800109863281,0.22468304634094238
dfl_generated,dfl_evaluation_00,0.19858039915561676,10,PCC,A,2.76029896736145,0.0,0.7732211351394653,0.3643687963485718,1.1845014095306396,53.24800109863281,0.2846386730670929
dfl_generated,dfl_evaluation_00,0.19858039915561676,10,PCC,B,2.762895345687866,0.0,0.7817296981811523,0.3643687963485718,1.1845014095306396,53.24800109863281,0.2846386730670929
dfl_generated,dfl_evaluation_00,0.19858039915561676,10,PCC,C,2.762756824493408,0.0,0.7785129547119141,0.3643687963485718,1.1845014095306396,53.24800109863281,0.2846386730670929
dfl_generated,dfl_evaluation_00,0.19858039915561676,11,PCC,A,2.771507978439331,0.0,0.690575122833252,0.36136627197265625,1.1900742053985596,53.24800109863281,0.30678531527519226
dfl_generated,dfl_evaluation_00,0.19858039915561676,11,PCC,B,2.771423816680908,0.0,0.6986389756202698,0.36136627197265625,1.1900742053985596,53.24800109863281,0.30678531527519226
dfl_generated,dfl_evaluation_00,0.19858039915561676,11,PCC,C,2.7717535495758057,0.0,0.7003313302993774,0.36136627197265625,1.1900742053985596,53.24800109863281,0.30678531527519226
dfl_generated,dfl_evaluation_00,0.19858039915561676,12,PCC,A,3.045046329498291,0.0,0.6300163865089417,0.5383059978485107,1.1971756219863892,53.24800109863281,0.30274906754493713
dfl_generated,dfl_evaluation_00,0.19858039915561676,12,PCC,B,3.048800230026245,0.0,0.6355068683624268,0.5383059978485107,1.1971756219863892,53.24800109863281,0.30274906754493713
dfl_generated,dfl_evaluation_00,0.19858039915561676,12,PCC,C,3.049802303314209,0.0,0.6065483093261719,0.5383059978485107,1.1971756219863892,53.24800109863281,0.30274906754493713
dfl_generated,dfl_evaluation_00,0.19858039915561676,13,PCC,A,3.152963876724243,0.0,0.6728613376617432,0.6031783223152161,1.1997475624084473,53.24800109863281,0.30233630537986755
dfl_generated,dfl_evaluation_00,0.19858039915561676,13,PCC,B,3.155186891555786,0.0,0.6802607774734497,0.6031783223152161,1.1997475624084473,53.24800109863281,0.30233630537986755
dfl_generated,dfl_evaluation_00,0.19858039915561676,13,PCC,C,3.156497001647949,0.0,0.6606673002243042,0.6031783223152161,1.1997475624084473,53.24800109863281,0.30233630537986755
dfl_generated,dfl_evaluation_00,0.19858039915561676,14,PCC,A,3.2405738830566406,0.0,0.7605457305908203,0.6654155254364014,1.199157953262329,53.24800109863281,0.30002662539482117
dfl_generated,dfl_evaluation_00,0.19858039915561676,14,PCC,B,3.2396702766418457,0.0,0.7610616087913513,0.6654155254364014,1.199157953262329,53.24800109863281,0.30002662539482117
dfl_generated,dfl_evaluation_00,0.19858039915561676,14,PCC,C,3.2433507442474365,0.0,0.7576242685317993,0.6654155254364014,1.199157953262329,53.24800109863281,0.30002662539482117
dfl_generated,dfl_evaluation_00,0.19858039915561676,15,PCC,A,3.0136585235595703,0.0,0.6168172359466553,0.5210045576095581,1.1938023567199707,53.24800109863281,0.2862110435962677
dfl_generated,dfl_evaluation_00,0.19858039915561676,15,PCC,B,3.0134897232055664,0.0,0.608400821685791,0.5210045576095581,1.1938023567199707,53.24800109863281,0.2862110435962677
dfl_generated,dfl_evaluation_00,0.19858039915561676,15,PCC,C,3.0098769664764404,0.0,0.6074758172035217,0.5210045576095581,1.1938023567199707,53.24800109863281,0.2862110435962677
dfl_generated,dfl_evaluation_00,0.19858039915561676,16,PCC,A,3.05631685256958,0.0,0.37248313426971436,0.5631123185157776,1.1846147775650024,53.24800109863281,0.28369247913360596
dfl_generated,dfl_evaluation_00,0.19858039915561676,16,PCC,B,3.0556066036224365,0.0,0.36485040187835693,0.5631123185157776,1.1846147775650024,53.24800109863281,0.28369247913360596
dfl_generated,dfl_evaluation_00,0.19858039915561676,16,PCC,C,3.0581254959106445,0.0,0.37090539932250977,0.5631123185157776,1.1846147775650024,53.24800109863281,0.28369247913360596
dfl_generated,dfl_evaluation_00,0.19858039915561676,17,PCC,A,2.9715404510498047,0.0,0.13290567696094513,0.5185338854789734,1.1753817796707153,53.24800109863281,0.2790152132511139
dfl_generated,dfl_evaluation_00,0.19858039915561676,17,PCC,B,2.9692909717559814,0.0,0.13168194890022278,0.5185338854789734,1.1753817796707153,53.24800109863281,0.2790152132511139
dfl_generated,dfl_evaluation_00,0.19858039915561676,17,PCC,C,2.9694197177886963,0.0,0.1295151263475418,0.5185338854789734,1.1753817796707153,53.24800109863281,0.2790152132511139
dfl_generated,dfl_evaluation_00,0.19858039915561676,18,PCC,A,2.931736469268799,0.0,0.019827187061309814,0.501911997795105,1.1686489582061768,53.24800109863281,0.27305951714515686
dfl_generated,dfl_evaluation_00,0.19858039915561676,18,PCC,B,2.9308831691741943,0.0,0.020543789491057396,0.501911997795105,1.1686489582061768,53.24800109863281,0.27305951714515686
dfl_generated,dfl_evaluation_00,0.19858039915561676,18,PCC,C,2.9308815002441406,0.0,0.020258160308003426,0.501911997795105,1.1686489582061768,53.24800109863281,0.27305951714515686
dfl_generated,dfl_evaluation_00,0.19858039915561676,19,PCC,A,3.0196399688720703,0.0,0.0001769032096490264,0.5692486763000488,1.1645714044570923,53.24800109863281,0.2740640640258789
dfl_generated,dfl_evaluation_00,0.19858039915561676,19,PCC,B,3.0194904804229736,0.0,0.0001989126903936267,0.5692486763000488,1.1645714044570923,53.24800109863281,0.2740640640258789
dfl_generated,dfl_evaluation_00,0.19858039915561676,19,PCC,C,3.017296314239502,0.0,0.00013693526852875948,0.5692486763000488,1.1645714044570923,53.24800109863281,0.2740640640258789
dfl_generated,dfl_evaluation_00,0.19858039915561676,20,PCC,A,2.854043483734131,0.0,2.8861190912721213e-06,0.458400696516037,1.162212610244751,53.24800109863281,0.27794626355171204
dfl_generated,dfl_evaluation_00,0.19858039915561676,20,PCC,B,2.851959228515625,0.0,2.641637593114865e-06,0.458400696516037,1.162212610244751,53.24800109863281,0.27794626355171204
dfl_generated,dfl_evaluation_00,0.19858039915561676,20,PCC,C,2.8527917861938477,0.0,4.5792347691531177e-07,0.458400696516037,1.162212610244751,53.24800109863281,0.27794626355171204
dfl_generated,dfl_evaluation_00,0.19858039915561676,21,PCC,A,2.763079881668091,0.0,2.3763580259128503e-07,0.39928483963012695,1.1601824760437012,53.24800109863281,0.2889617681503296
dfl_generated,dfl_evaluation_00,0.19858039915561676,21,PCC,B,2.762974500656128,0.0,7.848880159144755e-07,0.39928483963012695,1.1601824760437012,53.24800109863281,0.2889617681503296
dfl_generated,dfl_evaluation_00,0.19858039915561676,21,PCC,C,2.7635512351989746,0.0,1.2535601889851478e-08,0.39928483963012695,1.1601824760437012,53.24800109863281,0.2889617681503296
dfl_generated,dfl_evaluation_00,0.19858039915561676,22,PCC,A,2.709550619125366,0.0,7.925510914219558e-08,0.3637107312679291,1.1596451997756958,53.24800109863281,0.29197055101394653
dfl_generated,dfl_evaluation_00,0.19858039915561676,22,PCC,B,2.7096757888793945,0.0,0.0,0.3637107312679291,1.1596451997756958,53.24800109863281,0.29197055101394653
dfl_generated,dfl_evaluation_00,0.19858039915561676,22,PCC,C,2.7092270851135254,0.0,3.558601946451745e-08,0.3637107312679291,1.1596451997756958,53.24800109863281,0.29197055101394653
dfl_generated,dfl_evaluation_00,0.19858039915561676,23,PCC,A,2.682220220565796,0.0,1.056619112205226e-06,0.34759950637817383,1.1578854322433472,53.24800109863281,0.29329097270965576
dfl_generated,dfl_evaluation_00,0.19858039915561676,23,PCC,B,2.6836698055267334,0.0,0.0,0.34759950637817383,1.1578854322433472,53.24800109863281,0.29329097270965576
dfl_generated,dfl_evaluation_00,0.19858039915561676,23,PCC,C,2.6825990676879883,0.0,3.6445518958316825e-07,0.34759950637817383,1.1578854322433472,53.24800109863281,0.29329097270965576
dfl_generated,dfl_evaluation_00,0.19858039915561676,24,PCC,A,2.6039392948150635,0.0,0.0,0.29431068897247314,1.157270073890686,53.24800109863281,0.30114832520484924
dfl_generated,dfl_evaluation_00,0.19858039915561676,24,PCC,B,2.603451728820801,0.0,0.0,0.29431068897247314,1.157270073890686,53.24800109863281,0.30114832520484924
dfl_generated,dfl_evaluation_00,0.19858039915561676,24,PCC,C,2.6041691303253174,0.0,9.60912871050823e-07,0.29431068897247314,1.157270073890686,53.24800109863281,0.30114832520484924
dfl_generated,dfl_evaluation_00,0.19858039915561676,25,PCC,A,2.636472225189209,0.0,7.605275413880008e-07,0.3179371654987335,1.1559079885482788,53.24800109863281,0.2969374358654022
dfl_generated,dfl_evaluation_00,0.19858039915561676,25,PCC,B,2.6366002559661865,0.0,6.869872208881134e-07,0.3179371654987335,1.1559079885482788,53.24800109863281,0.2969374358654022
dfl_generated,dfl_evaluation_00,0.19858039915561676,25,PCC,C,2.6359810829162598,0.0,1.3975867432236555e-06,0.3179371654987335,1.1559079885482788,53.24800109863281,0.2969374358654022
dfl_generated,dfl_evaluation_00,0.19858039915561676,26,PCC,A,2.4968671798706055,0.0,0.0,0.2232462614774704,1.1550999879837036,53.24800109863281,0.30523809790611267
dfl_generated,dfl_evaluation_00,0.19858039915561676,26,PCC,B,2.497525453567505,0.0,3.9688868014309264e-07,0.2232462614774704,1.1550999879837036,53.24800109863281,0.30523809790611267
dfl_generated,dfl_evaluation_00,0.19858039915561676,26,PCC,C,2.4965438842773438,0.0,1.47683704199153e-06,0.2232462614774704,1.1550999879837036,53.24800109863281,0.30523809790611267
dfl_generated,dfl_evaluation_00,0.19858039915561676,27,PCC,A,2.555490016937256,0.0,0.0,0.2633455991744995,1.1546852588653564,53.24800109863281,0.29475292563438416
dfl_generated,dfl_evaluation_00,0.19858039915561676,27,PCC,B,2.55480694770813,0.0,1.469233978923512e-07,0.2633455991744995,1.1546852588653564,53.24800109863281,0.29475292563438416
dfl_generated,dfl_evaluation_00,0.19858039915561676,27,PCC,C,2.555149793624878,0.0,6.167545620883175e-07,0.2633455991744995,1.1546852588653564,53.24800109863281,0.29475292563438416
dfl_generated,dfl_evaluation_00,0.19858039915561676,28,PCC,A,2.6158032417297363,0.0,0.0,0.3060445785522461,1.1540743112564087,53.24800109863281,0.28856804966926575
dfl_generated,dfl_evaluation_00,0.19858039915561676,28,PCC,B,2.6150219440460205,0.0,0.0,0.3060445785522461,1.1540743112564087,53.24800109863281,0.28856804966926575
dfl_generated,dfl_evaluation_00,0.19858039915561676,28,PCC,C,2.6147849559783936,0.0,0.0,0.3060445785522461,1.1540743112564087,53.24800109863281,0.28856804966926575
dfl_generated,dfl_evaluation_00,0.19858039915561676,29,PCC,A,2.5867221355438232,0.0,0.0003758426755666733,0.2850128710269928,1.1554577350616455,53.24800109863281,0.2730255722999573
dfl_generated,dfl_evaluation_00,0.19858039915561676,29,PCC,B,2.5872304439544678,0.0,0.00030241149943321943,0.2850128710269928,1.1554577350616455,53.24800109863281,0.2730255722999573
dfl_generated,dfl_evaluation_00,0.19858039915561676,29,PCC,C,2.5872483253479004,0.0,0.00023363763466477394,0.2850128710269928,1.1554577350616455,53.24800109863281,0.2730255722999573
dfl_generated,dfl_evaluation_00,0.19858039915561676,30,PCC,A,2.7798657417297363,0.0,0.022120214998722076,0.4131304621696472,1.1589055061340332,53.24800109863281,0.2656136453151703
dfl_generated,dfl_evaluation_00,0.19858039915561676,30,PCC,B,2.780369997024536,0.0,0.02366657182574272,0.4131304621696472,1.1589055061340332,53.24800109863281,0.2656136453151703
dfl_generated,dfl_evaluation_00,0.19858039915561676,30,PCC,C,2.780026912689209,0.0,0.02406901866197586,0.4131304621696472,1.1589055061340332,53.24800109863281,0.2656136453151703
dfl_generated,dfl_evaluation_00,0.19858039915561676,31,PCC,A,3.0490169525146484,0.0,0.26475560665130615,0.5887197852134705,1.1651233434677124,53.24800109863281,0.2545718848705292
dfl_generated,dfl_evaluation_00,0.19858039915561676,31,PCC,B,3.0494632720947266,0.0,0.25681158900260925,0.5887197852134705,1.1651233434677124,53.24800109863281,0.2545718848705292
dfl_generated,dfl_evaluation_00,0.19858039915561676,31,PCC,C,3.048146963119507,0.0,0.25610172748565674,0.5887197852134705,1.1651233434677124,53.24800109863281,0.2545718848705292
dfl_generated,dfl_evaluation_00,0.19858039915561676,32,PCC,A,2.815704107284546,0.0,0.5623738765716553,0.41616514325141907,1.1735907793045044,53.24800109863281,0.25336167216300964
dfl_generated,dfl_evaluation_00,0.19858039915561676,32,PCC,B,2.816357374191284,0.0,0.5612642168998718,0.41616514325141907,1.1735907793045044,53.24800109863281,0.25336167216300964
dfl_generated,dfl_evaluation_00,0.19858039915561676,32,PCC,C,2.816664934158325,0.0,0.5705770254135132,0.41616514325141907,1.1735907793045044,53.24800109863281,0.25336167216300964
dfl_generated,dfl_evaluation_00,0.19858039915561676,33,PCC,A,2.9820473194122314,0.0,0.8080594539642334,0.5137431621551514,1.1806912422180176,53.24800109863281,0.25363579392433167
dfl_generated,dfl_evaluation_00,0.19858039915561676,33,PCC,B,2.9801764488220215,0.0,0.8085018396377563,0.5137431621551514,1.1806912422180176,53.24800109863281,0.25363579392433167
dfl_generated,dfl_evaluation_00,0.19858039915561676,33,PCC,C,2.9781334400177,0.0,0.7964950203895569,0.5137431621551514,1.1806912422180176,53.24800109863281,0.25363579392433167
dfl_generated,dfl_evaluation_00,0.19858039915561676,34,PCC,A,2.7805416584014893,0.0,0.8906002044677734,0.3643687963485718,1.1911343336105347,53.24800109863281,0.25488054752349854
dfl_generated,dfl_evaluation_00,0.19858039915561676,34,PCC,B,2.780446767807007,0.0,0.8836900591850281,0.3643687963485718,1.1911343336105347,53.24800109863281,0.25488054752349854
dfl_generated,dfl_evaluation_00,0.19858039915561676,34,PCC,C,2.780430316925049,0.0,0.8880786895751953,0.3643687963485718,1.1911343336105347,53.24800109863281,0.25488054752349854
dfl_generated,dfl_evaluation_00,0.19858039915561676,35,PCC,A,2.792243242263794,0.0,1.0858333110809326,0.36136627197265625,1.1994962692260742,53.24800109863281,0.26077020168304443
dfl_generated,dfl_evaluation_00,0.19858039915561676,35,PCC,B,2.7916977405548096,0.0,1.1158168315887451,0.36136627197265625,1.1994962692260742,53.24800109863281,0.26077020168304443
dfl_generated,dfl_evaluation_00,0.19858039915561676,35,PCC,C,2.7921292781829834,0.0,1.1136703491210938,0.36136627197265625,1.1994962692260742,53.24800109863281,0.26077020168304443
dfl_generated,dfl_evaluation_00,0.19858039915561676,36,PCC,A,3.0673322677612305,0.0,1.169140100479126,0.5383059978485107,1.2040116786956787,53.24800109863281,0.2684142589569092
dfl_generated,dfl_evaluation_00,0.19858039915561676,36,PCC,B,3.067399501800537,0.0,1.1711490154266357,0.5383059978485107,1.2040116786956787,53.24800109863281,0.2684142589569092
dfl_generated,dfl_evaluation_00,0.19858039915561676,36,PCC,C,3.066845655441284,0.0,1.1880111694335938,0.5383059978485107,1.2040116786956787,53.24800109863281,0.2684142589569092
dfl_generated,dfl_evaluation_00,0.19858039915561676,37,PCC,A,3.1750435829162598,0.0,0.9984281659126282,0.6031783223152161,1.2052736282348633,53.24800109863281,0.27201709151268005
dfl_generated,dfl_evaluation_00,0.19858039915561676,37,PCC,B,3.171757459640503,0.0,1.0076998472213745,0.6031783223152161,1.2052736282348633,53.24800109863281,0.27201709151268005
dfl_generated,dfl_evaluation_00,0.19858039915561676,37,PCC,C,3.1752147674560547,0.0,1.006791591644287,0.6031783223152161,1.2052736282348633,53.24800109863281,0.27201709151268005
dfl_generated,dfl_evaluation_00,0.19858039915561676,38,PCC,A,3.2655067443847656,0.0,0.8535775542259216,0.6654155254364014,1.2062063217163086,53.24800109863281,0.2688640058040619
dfl_generated,dfl_evaluation_00,0.19858039915561676,38,PCC,B,3.2637195587158203,0.0,0.8615689873695374,0.6654155254364014,1.2062063217163086,53.24800109863281,0.2688640058040619
dfl_generated,dfl_evaluation_00,0.19858039915561676,38,PCC,C,3.265106201171875,0.0,0.8501148819923401,0.6654155254364014,1.2062063217163086,53.24800109863281,0.2688640058040619
dfl_generated,dfl_evaluation_00,0.19858039915561676,39,PCC,A,3.0369298458099365,0.0,0.7236496806144714,0.5210045576095581,1.2033365964889526,53.24800109863281,0.2572208344936371
dfl_generated,dfl_evaluation_00,0.19858039915561676,39,PCC,B,3.0395045280456543,0.0,0.7227169275283813,0.5210045576095581,1.2033365964889526,53.24800109863281,0.2572208344936371
dfl_generated,dfl_evaluation_00,0.19858039915561676,39,PCC,C,3.039647340774536,0.0,0.7298280000686646,0.5210045576095581,1.2033365964889526,53.24800109863281,0.2572208344936371
dfl_generated,dfl_evaluation_00,0.19858039915561676,40,PCC,A,3.081911087036133,0.0,0.4961625933647156,0.5631123185157776,1.1951441764831543,53.24800109863281,0.254334956407547
dfl_generated,dfl_evaluation_00,0.19858039915561676,40,PCC,B,3.0835957527160645,0.0,0.48693913221359253,0.5631123185157776,1.1951441764831543,53.24800109863281,0.254334956407547
dfl_generated,dfl_evaluation_00,0.19858039915561676,40,PCC,C,3.0842297077178955,0.0,0.502906322479248,0.5631123185157776,1.1951441764831543,53.24800109863281,0.254334956407547
dfl_generated,dfl_evaluation_00,0.19858039915561676,41,PCC,A,2.991116523742676,0.0,0.1441885381937027,0.5185338854789734,1.182822585105896,53.24800109863281,0.2496144324541092
dfl_generated,dfl_evaluation_00,0.19858039915561676,41,PCC,B,2.988309860229492,0.0,0.14766553044319153,0.5185338854789734,1.182822585105896,53.24800109863281,0.2496144324541092
dfl_generated,dfl_evaluation_00,0.19858039915561676,41,PCC,C,2.9886419773101807,0.0,0.14082986116409302,0.5185338854789734,1.182822585105896,53.24800109863281,0.2496144324541092
dfl_generated,dfl_evaluation_00,0.19858039915561676,42,PCC,A,2.943486213684082,0.0,0.022574838250875473,0.501911997795105,1.1731237173080444,53.24800109863281,0.2581864893436432
dfl_generated,dfl_evaluation_00,0.19858039915561676,42,PCC,B,2.942523717880249,0.0,0.020056400448083878,0.501911997795105,1.1731237173080444,53.24800109863281,0.2581864893436432
dfl_generated,dfl_evaluation_00,0.19858039915561676,42,PCC,C,2.940988540649414,0.0,0.022125648334622383,0.501911997795105,1.1731237173080444,53.24800109863281,0.2581864893436432
dfl_generated,dfl_evaluation_00,0.19858039915561676,43,PCC,A,3.032283067703247,0.0,0.00019937858451157808,0.5692486763000488,1.169061303138733,53.24800109863281,0.2588222920894623
dfl_generated,dfl_evaluation_00,0.19858039915561676,43,PCC,B,3.030845880508423,0.0,0.00022090855054557323,0.5692486763000488,1.169061303138733,53.24800109863281,0.2588222920894623
dfl_generated,dfl_evaluation_00,0.19858039915561676,43,PCC,C,3.0340054035186768,0.0,0.00020887830760329962,0.5692486763000488,1.169061303138733,53.24800109863281,0.2588222920894623
dfl_generated,dfl_evaluation_00,0.19858039915561676,44,PCC,A,2.863301992416382,0.0,0.0,0.458400696516037,1.166445255279541,53.24800109863281,0.25784358382225037
dfl_generated,dfl_evaluation_00,0.19858039915561676,44,PCC,B,2.864849090576172,0.0,1.2116719290133915e-06,0.458400696516037,1.166445255279541,53.24800109863281,0.25784358382225037
dfl_generated,dfl_evaluation_00,0.19858039915561676,44,PCC,C,2.863105058670044,0.0,0.0,0.458400696516037,1.166445255279541,53.24800109863281,0.25784358382225037
dfl_generated,dfl_evaluation_00,0.19858039915561676,45,PCC,A,2.770646572113037,0.0,4.001868774139439e-07,0.39928483963012695,1.1639294624328613,53.24800109863281,0.2686033844947815
dfl_generated,dfl_evaluation_00,0.19858039915561676,45,PCC,B,2.771599292755127,0.0,0.0,0.39928483963012695,1.1639294624328613,53.24800109863281,0.2686033844947815
dfl_generated,dfl_evaluation_00,0.19858039915561676,45,PCC,C,2.7716078758239746,0.0,4.264546475951647e-07,0.39928483963012695,1.1639294624328613,53.24800109863281,0.2686033844947815
dfl_generated,dfl_evaluation_00,0.19858039915561676,46,PCC,A,2.714956283569336,0.0,5.296092240314465e-07,0.3637107312679291,1.162327527999878,53.24800109863281,0.26701703667640686
dfl_generated,dfl_evaluation_00,0.19858039915561676,46,PCC,B,2.715272903442383,0.0,1.2696491467067972e-06,0.3637107312679291,1.162327527999878,53.24800109863281,0.26701703667640686
dfl_generated,dfl_evaluation_00,0.19858039915561676,46,PCC,C,2.7152726650238037,0.0,0.0,0.3637107312679291,1.162327527999878,53.24800109863281,0.26701703667640686
dfl_generated,dfl_evaluation_00,0.19858039915561676,47,PCC,A,2.6900582313537598,0.0,5.654200094795669e-07,0.34759950637817383,1.1616706848144531,53.24800109863281,0.2729450464248657
dfl_generated,dfl_evaluation_00,0.19858039915561676,47,PCC,B,2.689708948135376,0.0,0.0,0.34759950637817383,1.1616706848144531,53.24800109863281,0.2729450464248657
dfl_generated,dfl_evaluation_00,0.19858039915561676,47,PCC,C,2.68977689743042,0.0,0.0,0.34759950637817383,1.1616706848144531,53.24800109863281,0.2729450464248657
dfl_generated,dfl_evaluation_01,0.0023659924045205116,0,PCC,A,2.5761234760284424,0.0,1.3359889408093295e-06,0.29431068897247314,1.1438231468200684,53.24800109863281,0.3153840899467468
dfl_generated,dfl_evaluation_01,0.0023659924045205116,0,PCC,B,2.5749542713165283,0.0,0.0,0.29431068897247314,1.1438231468200684,53.24800109863281,0.3153840899467468
dfl_generated,dfl_evaluation_01,0.0023659924045205116,0,PCC,C,2.5747501850128174,0.0,1.4810669313192193e-07,0.29431068897247314,1.1438231468200684,53.24800109863281,0.3153840899467468
dfl_generated,dfl_evaluation_01,0.0023659924045205116,1,PCC,A,2.6123082637786865,0.0,0.0,0.3179371654987335,1.144403100013733,34.72425079345703,0.31469041109085083
dfl_generated,dfl_evaluation_01,0.0023659924045205116,1,PCC,B,2.6121740341186523,0.0,0.0,0.3179371654987335,1.144403100013733,34.72425079345703,0.31469041109085083
dfl_generated,dfl_evaluation_01,0.0023659924045205116,1,PCC,C,2.611787796020508,0.0,0.0,0.3179371654987335,1.144403100013733,34.72425079345703,0.31469041109085083
dfl_generated,dfl_evaluation_01,0.0023659924045205116,2,PCC,A,2.4801273345947266,0.0,9.833585181695526e-07,0.2232462614774704,1.1457178592681885,34.72425079345703,0.3084847033023834
dfl_generated,dfl_evaluation_01,0.0023659924045205116,2,PCC,B,2.4801008701324463,0.0,0.0,0.2232462614774704,1.1457178592681885,34.72425079345703,0.3084847033023834
dfl_generated,dfl_evaluation_01,0.0023659924045205116,2,PCC,C,2.479168653488159,0.0,0.0,0.2232462614774704,1.1457178592681885,34.72425079345703,0.3084847033023834
dfl_generated,dfl_evaluation_01,0.0023659924045205116,3,PCC,A,2.5396907329559326,0.0,0.0,0.2633455991744995,1.1472173929214478,53.24800109863281,0.30779388546943665
dfl_generated,dfl_evaluation_01,0.0023659924045205116,3,PCC,B,2.5395169258117676,0.0,0.0,0.2633455991744995,1.1472173929214478,53.24800109863281,0.30779388546943665
dfl_generated,dfl_evaluation_01,0.0023659924045205116,3,PCC,C,2.5396888256073,0.0,3.8481647379740025e-07,0.2633455991744995,1.1472173929214478,53.24800109863281,0.30779388546943665
dfl_generated,dfl_evaluation_01,0.0023659924045205116,4,PCC,A,2.6014292240142822,0.0,3.917066351277754e-06,0.3060445785522461,1.1470434665679932,53.24800109863281,0.2938138544559479
dfl_generated,dfl_evaluation_01,0.0023659924045205116,4,PCC,B,2.6012418270111084,0.0,0.0,0.3060445785522461,1.1470434665679932,53.24800109863281,0.2938138544559479
dfl_generated,dfl_evaluation_01,0.0023659924045205116,4,PCC,C,2.6009037494659424,0.0,2.5896692932292353e-06,0.3060445785522461,1.1470434665679932,53.24800109863281,0.2938138544559479
dfl_generated,dfl_evaluation_01,0.0023659924045205116,5,PCC,A,2.569790840148926,0.0,0.004469963721930981,0.2850128710269928,1.146891713142395,53.24800109863281,0.28504320979118347
dfl_generated,dfl_evaluation_01,0.0023659924045205116,5,PCC,B,2.569952964782715,0.0,0.0044351546093821526,0.2850128710269928,1.146891713142395,53.24800109863281,0.28504320979118347
dfl_generated,dfl_evaluation_01,0.0023659924045205116,5,PCC,C,2.5699403285980225,0.0,0.0045320093631744385,0.2850128710269928,1.146891713142395,53.24800109863281,0.28504320979118347
dfl_generated,dfl_evaluation_01,0.0023659924045205116,6,PCC,A,2.74922776222229,0.0,0.04833615571260452,0.4131304621696472,1.1445823907852173,121.88175201416016,0.26410868763923645
dfl_generated,dfl_evaluation_01,0.0023659924045205116,6,PCC,B,2.7489013671875,0.0,0.05105505511164665,0.4131304621696472,1.1445823907852173,121.88175201416016,0.26410868763923645
dfl_generated,dfl_evaluation_01,0.0023659924045205116,6,PCC,C,2.7484021186828613,0.0,0.04913432151079178,0.4131304621696472,1.1445823907852173,121.88175201416016,0.26410868763923645
dfl_generated,dfl_evaluation_01,0.0023659924045205116,7,PCC,A,2.9927022457122803,0.0,0.19021683931350708,0.5887197852134705,1.1419970989227295,121.88175201416016,0.255593866109848
dfl_generated,dfl_evaluation_01,0.0023659924045205116,7,PCC,B,2.9946346282958984,0.0,0.19037702679634094,0.5887197852134705,1.1419970989227295,121.88175201416016,0.255593866109848
dfl_generated,dfl_evaluation_01,0.0023659924045205116,7,PCC,C,2.995368242263794,0.0,0.18450553715229034,0.5887197852134705,1.1419970989227295,121.88175201416016,0.255593866109848
dfl_generated,dfl_evaluation_01,0.0023659924045205116,8,PCC,A,2.7501461505889893,0.0,0.5433215498924255,0.41616514325141907,1.1443214416503906,121.88175201416016,0.24223971366882324
dfl_generated,dfl_evaluation_01,0.0023659924045205116,8,PCC,B,2.7525787353515625,0.0,0.5441807508468628,0.41616514325141907,1.1443214416503906,121.88175201416016,0.24223971366882324
dfl_generated,dfl_evaluation_01,0.0023659924045205116,8,PCC,C,2.7503974437713623,0.0,0.5314464569091797,0.41616514325141907,1.1443214416503906,121.88175201416016,0.24223971366882324
dfl_generated,dfl_evaluation_01,0.0023659924045205116,9,PCC,A,2.8972666263580322,0.0,0.8716078996658325,0.5137431621551514,1.1471189260482788,121.88175201416016,0.21712906658649445
dfl_generated,dfl_evaluation_01,0.0023659924045205116,9,PCC,B,2.8976047039031982,0.0,0.8527997136116028,0.5137431621551514,1.1471189260482788,121.88175201416016,0.21712906658649445
dfl_generated,dfl_evaluation_01,0.0023659924045205116,9,PCC,C,2.899879217147827,0.0,0.8572185039520264,0.5137431621551514,1.1471189260482788,121.88175201416016,0.21712906658649445
dfl_generated,dfl_evaluation_01,0.0023659924045205116,10,PCC,A,2.699110507965088,0.0,0.9389382600784302,0.3643687963485718,1.1525076627731323,53.24800109863281,0.2563101351261139
dfl_generated,dfl_evaluation_01,0.0023659924045205116,10,PCC,B,2.6974191665649414,0.0,0.9241510629653931,0.3643687963485718,1.1525076627731323,53.24800109863281,0.2563101351261139
dfl_generated,dfl_evaluation_01,0.0023659924045205116,10,PCC,C,2.695479393005371,0.0,0.9427492618560791,0.3643687963485718,1.1525076627731323,53.24800109863281,0.2563101351261139
dfl_generated,dfl_evaluation_01,0.0023659924045205116,11,PCC,A,2.7008306980133057,0.0,1.0570820569992065,0.36136627197265625,1.1570202112197876,53.24800109863281,0.2752896249294281
dfl_generated,dfl_evaluation_01,0.0023659924045205116,11,PCC,B,2.6978445053100586,0.0,1.0690995454788208,0.36136627197265625,1.1570202112197876,53.24800109863281,0.2752896249294281
dfl_generated,dfl_evaluation_01,0.0023659924045205116,11,PCC,C,2.6981170177459717,0.0,1.0587481260299683,0.36136627197265625,1.1570202112197876,53.24800109863281,0.2752896249294281
dfl_generated,dfl_evaluation_01,0.0023659924045205116,12,PCC,A,2.964564800262451,0.0,1.1220424175262451,0.5383059978485107,1.1587039232254028,34.72425079345703,0.2789670526981354
dfl_generated,dfl_evaluation_01,0.0023659924045205116,12,PCC,B,2.965711832046509,0.0,1.1112979650497437,0.5383059978485107,1.1587039232254028,34.72425079345703,0.2789670526981354
dfl_generated,dfl_evaluation_01,0.0023659924045205116,12,PCC,C,2.9659106731414795,0.0,1.1107852458953857,0.5383059978485107,1.1587039232254028,34.72425079345703,0.2789670526981354
dfl_generated,dfl_evaluation_01,0.0023659924045205116,13,PCC,A,3.0668089389801025,0.0,1.0492208003997803,0.6031783223152161,1.1608184576034546,34.72425079345703,0.27809834480285645
dfl_generated,dfl_evaluation_01,0.0023659924045205116,13,PCC,B,3.0650360584259033,0.0,1.0415196418762207,0.6031783223152161,1.1608184576034546,34.72425079345703,0.27809834480285645
dfl_generated,dfl_evaluation_01,0.0023659924045205116,13,PCC,C,3.0651767253875732,0.0,1.0552374124526978,0.6031783223152161,1.1608184576034546,34.72425079345703,0.27809834480285645
dfl_generated,dfl_evaluation_01,0.0023659924045205116,14,PCC,A,3.153322696685791,0.0,0.9636558294296265,0.6654155254364014,1.1631666421890259,34.72425079345703,0.267164945602417
dfl_generated,dfl_evaluation_01,0.0023659924045205116,14,PCC,B,3.1604957580566406,0.0,0.9673506617546082,0.6654155254364014,1.1631666421890259,34.72425079345703,0.267164945602417
dfl_generated,dfl_evaluation_01,0.0023659924045205116,14,PCC,C,3.156398296356201,0.0,0.9934628009796143,0.6654155254364014,1.1631666421890259,34.72425079345703,0.267164945602417
dfl_generated,dfl_evaluation_01,0.0023659924045205116,15,PCC,A,2.943647623062134,0.0,0.797410249710083,0.5210045576095581,1.1642543077468872,34.72425079345703,0.2737700641155243
dfl_generated,dfl_evaluation_01,0.0023659924045205116,15,PCC,B,2.9442343711853027,0.0,0.8018988370895386,0.5210045576095581,1.1642543077468872,34.72425079345703,0.2737700641155243
dfl_generated,dfl_evaluation_01,0.0023659924045205116,15,PCC,C,2.948110818862915,0.0,0.8124163150787354,0.5210045576095581,1.1642543077468872,34.72425079345703,0.2737700641155243
dfl_generated,dfl_evaluation_01,0.0023659924045205116,16,PCC,A,3.0038414001464844,0.0,0.5625196695327759,0.5631123185157776,1.1614952087402344,53.24800109863281,0.26534152030944824
dfl_generated,dfl_evaluation_01,0.0023659924045205116,16,PCC,B,3.000131845474243,0.0,0.5605772733688354,0.5631123185157776,1.1614952087402344,53.24800109863281,0.26534152030944824
dfl_generated,dfl_evaluation_01,0.0023659924045205116,16,PCC,C,2.9970881938934326,0.0,0.5648652911186218,0.5631123185157776,1.1614952087402344,53.24800109863281,0.26534152030944824
dfl_generated,dfl_evaluation_01,0.0023659924045205116,17,PCC,A,2.9212801456451416,0.0,0.22173090279102325,0.5185338854789734,1.1541250944137573,53.24800109863281,0.2629443407058716
dfl_generated,dfl_evaluation_01,0.0023659924045205116,17,PCC,B,2.9214534759521484,0.0,0.21855542063713074,0.5185338854789734,1.1541250944137573,53.24800109863281,0.2629443407058716
dfl_generated,dfl_evaluation_01,0.0023659924045205116,17,PCC,C,2.9238569736480713,0.0,0.2206965982913971,0.5185338854789734,1.1541250944137573,53.24800109863281,0.2629443407058716
dfl_generated,dfl_evaluation_01,0.0023659924045205116,18,PCC,A,2.885712146759033,0.0,0.03708917275071144,0.501911997795105,1.1486974954605103,53.24800109863281,0.26169610023498535
dfl_generated,dfl_evaluation_01,0.0023659924045205116,18,PCC,B,2.8851020336151123,0.0,0.03557513654232025,0.501911997795105,1.1486974954605103,53.24800109863281,0.26169610023498535
dfl_generated,dfl_evaluation_01,0.0023659924045205116,18,PCC,C,2.886486530303955,0.0,0.037209056317806244,0.501911997795105,1.1486974954605103,53.24800109863281,0.26169610023498535
dfl_generated,dfl_evaluation_01,0.0023659924045205116,19,PCC,A,2.973294734954834,0.0,0.0011873510666191578,0.5692486763000488,1.1456115245819092,53.24800109863281,0.2713368535041809
dfl_generated,dfl_evaluation_01,0.0023659924045205116,19,PCC,B,2.973034381866455,0.0,0.0012268584687262774,0.5692486763000488,1.1456115245819092,53.24800109863281,0.2713368535041809
dfl_generated,dfl_evaluation_01,0.0023659924045205116,19,PCC,C,2.9747707843780518,0.0,0.0012887289049103856,0.5692486763000488,1.1456115245819092,53.24800109863281,0.2713368535041809
dfl_generated,dfl_evaluation_01,0.0023659924045205116,20,PCC,A,2.815159797668457,0.0,0.0,0.458400696516037,1.1459239721298218,53.24800109863281,0.2735893130302429
dfl_generated,dfl_evaluation_01,0.0023659924045205116,20,PCC,B,2.814352035522461,0.0,2.7874762054125313e-07,0.458400696516037,1.1459239721298218,53.24800109863281,0.2735893130302429
dfl_generated,dfl_evaluation_01,0.0023659924045205116,20,PCC,C,2.8140997886657715,0.0,0.0,0.458400696516037,1.1459239721298218,53.24800109863281,0.2735893130302429
dfl_generated,dfl_evaluation_01,0.0023659924045205116,21,PCC,A,2.7313168048858643,0.0,3.5934866104980756e-07,0.39928483963012695,1.1462523937225342,53.24800109863281,0.27923691272735596
dfl_generated,dfl_evaluation_01,0.0023659924045205116,21,PCC,B,2.7313425540924072,0.0,7.647675488442474e-07,0.39928483963012695,1.1462523937225342,53.24800109863281,0.27923691272735596
dfl_generated,dfl_evaluation_01,0.0023659924045205116,21,PCC,C,2.73189640045166,0.0,5.589514557868824e-07,0.39928483963012695,1.1462523937225342,53.24800109863281,0.27923691272735596
dfl_generated,dfl_evaluation_01,0.0023659924045205116,22,PCC,A,2.6809070110321045,0.0,0.0,0.3637107312679291,1.1462887525558472,53.24800109863281,0.28301990032196045
dfl_generated,dfl_evaluation_01,0.0023659924045205116,22,PCC,B,2.6805191040039062,0.0,0.0,0.3637107312679291,1.1462887525558472,53.24800109863281,0.28301990032196045
dfl_generated,dfl_evaluation_01,0.0023659924045205116,22,PCC,C,2.68064284324646,0.0,0.0,0.3637107312679291,1.1462887525558472,53.24800109863281,0.28301990032196045
dfl_generated,dfl_evaluation_01,0.0023659924045205116,23,PCC,A,2.6608784198760986,0.0,1.0908916436846994e-07,0.34759950637817383,1.1473450660705566,53.24800109863281,0.28685927391052246
dfl_generated,dfl_evaluation_01,0.0023659924045205116,23,PCC,B,2.65921688079834,0.0,5.630726604977099e-07,0.34759950637817383,1.1473450660705566,53.24800109863281,0.28685927391052246
dfl_generated,dfl_evaluation_01,0.0023659924045205116,23,PCC,C,2.659503936767578,0.0,2.4027971790019365e-07,0.34759950637817383,1.1473450660705566,53.24800109863281,0.28685927391052246
dfl_generated,dfl_evaluation_01,0.0023659924045205116,24,PCC,A,2.5865635871887207,0.0,0.0,0.29431068897247314,1.1485358476638794,53.24800109863281,0.29060453176498413
dfl_generated,dfl_evaluation_01,0.0023659924045205116,24,PCC,B,2.586466073989868,0.0,1.93433447748248e-06,0.29431068897247314,1.1485358476638794,53.24800109863281,0.29060453176498413
dfl_generated,dfl_evaluation_01,0.0023659924045205116,24,PCC,C,2.5858373641967773,0.0,1.358646812832376e-07,0.29431068897247314,1.1485358476638794,53.24800109863281,0.29060453176498413
dfl_generated,dfl_evaluation_01,0.0023659924045205116,25,PCC,A,2.6200315952301025,0.0,0.0,0.3179371654987335,1.1482123136520386,34.72425079345703,0.29842206835746765
dfl_generated,dfl_evaluation_01,0.0023659924045205116,25,PCC,B,2.6211726665496826,0.0,0.0,0.3179371654987335,1.1482123136520386,34.72425079345703,0.29842206835746765
dfl_generated,dfl_evaluation_01,0.0023659924045205116,25,PCC,C,2.621225595474243,0.0,0.0,0.3179371654987335,1.1482123136520386,34.72425079345703,0.29842206835746765
dfl_generated,dfl_evaluation_01,0.0023659924045205116,26,PCC,A,2.4853100776672363,0.0,3.378696646905155e-06,0.2232462614774704,1.1496363878250122,34.72425079345703,0.328887939453125
dfl_generated,dfl_evaluation_01,0.0023659924045205116,26,PCC,B,2.4853198528289795,0.0,7.367970056293416e-07,0.2232462614774704,1.1496363878250122,34.72425079345703,0.328887939453125
dfl_generated,dfl_evaluation_01,0.0023659924045205116,26,PCC,C,2.486292600631714,0.0,2.1031976302765543e-06,0.2232462614774704,1.1496363878250122,34.72425079345703,0.328887939453125
dfl_generated,dfl_evaluation_01,0.0023659924045205116,27,PCC,A,2.5450046062469482,0.0,1.0326132127147503e-07,0.2633455991744995,1.1498713493347168,53.24800109863281,0.2927713394165039
dfl_generated,dfl_evaluation_01,0.0023659924045205116,27,PCC,B,2.5448734760284424,0.0,7.152541456889594e-07,0.2633455991744995,1.1498713493347168,53.24800109863281,0.2927713394165039
dfl_generated,dfl_evaluation_01,0.0023659924045205116,27,PCC,C,2.5446972846984863,0.0,1.6119777512813016e-07,0.2633455991744995,1.1498713493347168,53.24800109863281,0.2927713394165039
dfl_generated,dfl_evaluation_01,0.0023659924045205116,28,PCC,A,2.6075210571289062,0.0,0.0,0.3060445785522461,1.1505860090255737,53.24800109863281,0.2693375051021576
dfl_generated,dfl_evaluation_01,0.0023659924045205116,28,PCC,B,2.606976270675659,0.0,0.0,0.3060445785522461,1.1505860090255737,53.24800109863281,0.2693375051021576
dfl_generated,dfl_evaluation_01,0.0023659924045205116,28,PCC,C,2.606506586074829,0.0,7.818601943654357e-07,0.3060445785522461,1.1505860090255737,53.24800109863281,0.2693375051021576
dfl_generated,dfl_evaluation_01,0.0023659924045205116,29,PCC,A,2.574949026107788,0.0,0.004530461970716715,0.2850128710269928,1.149202585220337,53.24800109863281,0.2539983093738556
dfl_generated,dfl_evaluation_01,0.0023659924045205116,29,PCC,B,2.5751492977142334,0.0,0.0045514837838709354,0.2850128710269928,1.149202585220337,53.24800109863281,0.2539983093738556
dfl_generated,dfl_evaluation_01,0.0023659924045205116,29,PCC,C,2.574760675430298,0.0,0.004670899827033281,0.2850128710269928,1.149202585220337,53.24800109863281,0.2539983093738556
dfl_generated,dfl_evaluation_01,0.0023659924045205116,30,PCC,A,2.756294012069702,0.0,0.05488300323486328,0.4131304621696472,1.148256778717041,121.88175201416016,0.23372340202331543
dfl_generated,dfl_evaluation_01,0.0023659924045205116,30,PCC,B,2.756258010864258,0.0,0.054800309240818024,0.4131304621696472,1.148256778717041,121.88175201416016,0.23372340202331543
dfl_generated,dfl_evaluation_01,0.0023659924045205116,30,PCC,C,2.7573282718658447,0.0,0.05580875277519226,0.4131304621696472,1.148256778717041,121.88175201416016,0.23372340202331543
dfl_generated,dfl_evaluation_01,0.0023659924045205116,31,PCC,A,3.011279582977295,0.0,0.1947423815727234,0.5887197852134705,1.149338722229004,121.88175201416016,0.22756291925907135
dfl_generated,dfl_evaluation_01,0.0023659924045205116,31,PCC,B,3.0127968788146973,0.0,0.1971001923084259,0.5887197852134705,1.149338722229004,121.88175201416016,0.22756291925907135
dfl_generated,dfl_evaluation_01,0.0023659924045205116,31,PCC,C,3.0102756023406982,0.0,0.19028769433498383,0.5887197852134705,1.149338722229004,121.88175201416016,0.22756291925907135
dfl_generated,dfl_evaluation_01,0.0023659924045205116,32,PCC,A,2.7736949920654297,0.0,0.4349919855594635,0.41616514325141907,1.153664231300354,121.88175201416016,0.22890448570251465
dfl_generated,dfl_evaluation_01,0.0023659924045205116,32,PCC,B,2.772557020187378,0.0,0.441570907831192,0.41616514325141907,1.153664231300354,121.88175201416016,0.22890448570251465
dfl_generated,dfl_evaluation_01,0.0023659924045205116,32,PCC,C,2.772430181503296,0.0,0.43635207414627075,0.41616514325141907,1.153664231300354,121.88175201416016,0.22890448570251465
dfl_generated,dfl_evaluation_01,0.0023659924045205116,33,PCC,A,2.926243543624878,0.0,0.6813478469848633,0.5137431621551514,1.1593469381332397,121.88175201416016,0.2290516346693039
dfl_generated,dfl_evaluation_01,0.0023659924045205116,33,PCC,B,2.9282217025756836,0.0,0.6977807283401489,0.5137431621551514,1.1593469381332397,121.88175201416016,0.2290516346693039
dfl_generated,dfl_evaluation_01,0.0023659924045205116,33,PCC,C,2.9270150661468506,0.0,0.6856573224067688,0.5137431621551514,1.1593469381332397,121.88175201416016,0.2290516346693039
dfl_generated,dfl_evaluation_01,0.0023659924045205116,34,PCC,A,2.729867458343506,0.0,0.8361294269561768,0.3643687963485718,1.1673156023025513,53.24800109863281,0.23478524386882782
dfl_generated,dfl_evaluation_01,0.0023659924045205116,34,PCC,B,2.7274210453033447,0.0,0.8504855632781982,0.3643687963485718,1.1673156023025513,53.24800109863281,0.23478524386882782
dfl_generated,dfl_evaluation_01,0.0023659924045205116,34,PCC,C,2.7299532890319824,0.0,0.825663149356842,0.3643687963485718,1.1673156023025513,53.24800109863281,0.23478524386882782
dfl_generated,dfl_evaluation_01,0.0023659924045205116,35,PCC,A,2.732964277267456,0.0,0.9208655953407288,0.36136627197265625,1.1709275245666504,53.24800109863281,0.23873743414878845
dfl_generated,dfl_evaluation_01,0.0023659924045205116,35,PCC,B,2.7324421405792236,0.0,0.9124486446380615,0.36136627197265625,1.1709275245666504,53.24800109863281,0.23873743414878845
dfl_generated,dfl_evaluation_01,0.0023659924045205116,35,PCC,C,2.731438398361206,0.0,0.9319913387298584,0.36136627197265625,1.1709275245666504,53.24800109863281,0.23873743414878845
dfl_generated,dfl_evaluation_01,0.0023659924045205116,36,PCC,A,2.998061418533325,0.0,0.8886592984199524,0.5383059978485107,1.1754473447799683,34.72425079345703,0.2468923032283783
dfl_generated,dfl_evaluation_01,0.0023659924045205116,36,PCC,B,2.995476722717285,0.0,0.9079821109771729,0.5383059978485107,1.1754473447799683,34.72425079345703,0.2468923032283783
dfl_generated,dfl_evaluation_01,0.0023659924045205116,36,PCC,C,2.996588706970215,0.0,0.914533257484436,0.5383059978485107,1.1754473447799683,34.72425079345703,0.2468923032283783
dfl_generated,dfl_evaluation_01,0.0023659924045205116,37,PCC,A,3.095574140548706,0.0,1.0246111154556274,0.6031783223152161,1.1768486499786377,34.72425079345703,0.2407216578722
dfl_generated,dfl_evaluation_01,0.0023659924045205116,37,PCC,B,3.094822406768799,0.0,0.9973607659339905,0.6031783223152161,1.1768486499786377,34.72425079345703,0.2407216578722
dfl_generated,dfl_evaluation_01,0.0023659924045205116,37,PCC,C,3.0980372428894043,0.0,1.0424034595489502,0.6031783223152161,1.1768486499786377,34.72425079345703,0.2407216578722
dfl_generated,dfl_evaluation_01,0.0023659924045205116,38,PCC,A,3.1831767559051514,0.0,0.7839545011520386,0.6654155254364014,1.1764025688171387,34.72425079345703,0.2510121166706085
dfl_generated,dfl_evaluation_01,0.0023659924045205116,38,PCC,B,3.180004835128784,0.0,0.8138203620910645,0.6654155254364014,1.1764025688171387,34.72425079345703,0.2510121166706085
dfl_generated,dfl_evaluation_01,0.0023659924045205116,38,PCC,C,3.1833508014678955,0.0,0.8081429600715637,0.6654155254364014,1.1764025688171387,34.72425079345703,0.2510121166706085
dfl_generated,dfl_evaluation_01,0.0023659924045205116,39,PCC,A,2.9633307456970215,0.0,0.671870768070221,0.5210045576095581,1.1718794107437134,34.72425079345703,0.25771263241767883
dfl_generated,dfl_evaluation_01,0.0023659924045205116,39,PCC,B,2.970456838607788,0.0,0.6779384016990662,0.5210045576095581,1.1718794107437134,34.72425079345703,0.25771263241767883
dfl_generated,dfl_evaluation_01,0.0023659924045205116,39,PCC,C,2.9677047729492188,0.0,0.683937668800354,0.5210045576095581,1.1718794107437134,34.72425079345703,0.25771263241767883
dfl_generated,dfl_evaluation_01,0.0023659924045205116,40,PCC,A,3.0167911052703857,0.0,0.4864802658557892,0.5631123185157776,1.168131709098816,53.24800109863281,0.2537088692188263
dfl_generated,dfl_evaluation_01,0.0023659924045205116,40,PCC,B,3.0163826942443848,0.0,0.48240038752555847,0.5631123185157776,1.168131709098816,53.24800109863281,0.2537088692188263
dfl_generated,dfl_evaluation_01,0.0023659924045205116,40,PCC,C,3.0182619094848633,0.0,0.47796502709388733,0.5631123185157776,1.168131709098816,53.24800109863281,0.2537088692188263
dfl_generated,dfl_evaluation_01,0.0023659924045205116,41,PCC,A,2.9419705867767334,0.0,0.17939627170562744,0.5185338854789734,1.1625550985336304,53.24800109863281,0.260782927274704
dfl_generated,dfl_evaluation_01,0.0023659924045205116,41,PCC,B,2.942641019821167,0.0,0.16906346380710602,0.5185338854789734,1.1625550985336304,53.24800109863281,0.260782927274704
dfl_generated,dfl_evaluation_01,0.0023659924045205116,41,PCC,C,2.9433772563934326,0.0,0.17980365455150604,0.5185338854789734,1.1625550985336304,53.24800109863281,0.260782927274704
dfl_generated,dfl_evaluation_01,0.0023659924045205116,42,PCC,A,2.9067344665527344,0.0,0.03510307893157005,0.501911997795105,1.158131718635559,53.24800109863281,0.2618328630924225
dfl_generated,dfl_evaluation_01,0.0023659924045205116,42,PCC,B,2.908518075942993,0.0,0.0375869981944561,0.501911997795105,1.158131718635559,53.24800109863281,0.2618328630924225
dfl_generated,dfl_evaluation_01,0.0023659924045205116,42,PCC,C,2.9078946113586426,0.0,0.03896216303110123,0.501911997795105,1.158131718635559,53.24800109863281,0.2618328630924225
dfl_generated,dfl_evaluation_01,0.0023659924045205116,43,PCC,A,2.989856004714966,0.0,0.0013023155042901635,0.5692486763000488,1.1537983417510986,53.24800109863281,0.26394179463386536
dfl_generated,dfl_evaluation_01,0.0023659924045205116,43,PCC,B,2.9902455806732178,0.0,0.0013773466926068068,0.5692486763000488,1.1537983417510986,53.24800109863281,0.26394179463386536
dfl_generated,dfl_evaluation_01,0.0023659924045205116,43,PCC,C,2.993967294692993,0.0,0.0012448563938960433,0.5692486763000488,1.1537983417510986,53.24800109863281,0.26394179463386536
dfl_generated,dfl_evaluation_01,0.0023659924045205116,44,PCC,A,2.8279433250427246,0.0,2.4639914499857696e-06,0.458400696516037,1.151417851448059,53.24800109863281,0.27961212396621704
dfl_generated,dfl_evaluation_01,0.0023659924045205116,44,PCC,B,2.8308017253875732,0.0,0.0,0.458400696516037,1.151417851448059,53.24800109863281,0.27961212396621704
dfl_generated,dfl_evaluation_01,0.0023659924045205116,44,PCC,C,2.829664945602417,0.0,9.022071481012972e-07,0.458400696516037,1.151417851448059,53.24800109863281,0.27961212396621704
dfl_generated,dfl_evaluation_01,0.0023659924045205116,45,PCC,A,2.7415337562561035,0.0,6.224308179980653e-09,0.39928483963012695,1.1502739191055298,53.24800109863281,0.2750672399997711
dfl_generated,dfl_evaluation_01,0.0023659924045205116,45,PCC,B,2.7411696910858154,0.0,1.130447913055832e-06,0.39928483963012695,1.1502739191055298,53.24800109863281,0.2750672399997711
dfl_generated,dfl_evaluation_01,0.0023659924045205116,45,PCC,C,2.7413253784179688,0.0,0.0,0.39928483963012695,1.1502739191055298,53.24800109863281,0.2750672399997711
dfl_generated,dfl_evaluation_01,0.0023659924045205116,46,PCC,A,2.690476179122925,0.0,0.0,0.3637107312679291,1.1501445770263672,53.24800109863281,0.29026278853416443
dfl_generated,dfl_evaluation_01,0.0023659924045205116,46,PCC,B,2.6896257400512695,0.0,0.0,0.3637107312679291,1.1501445770263672,53.24800109863281,0.29026278853416443
dfl_generated,dfl_evaluation_01,0.0023659924045205116,46,PCC,C,2.690673589706421,0.0,0.0,0.3637107312679291,1.1501445770263672,53.24800109863281,0.29026278853416443
dfl_generated,dfl_evaluation_01,0.0023659924045205116,47,PCC,A,2.6648552417755127,0.0,0.0,0.34759950637817383,1.1493927240371704,53.24800109863281,0.29892805218696594
dfl_generated,dfl_evaluation_01,0.0023659924045205116,47,PCC,B,2.663827657699585,0.0,0.0,0.34759950637817383,1.1493927240371704,53.24800109863281,0.29892805218696594
dfl_generated,dfl_evaluation_01,0.0023659924045205116,47,PCC,C,2.664560556411743,0.0,0.0,0.34759950637817383,1.1493927240371704,53.24800109863281,0.29892805218696594
dfl_generated,dfl_evaluation_02,0.0023659924045205116,0,PCC,A,2.6083192825317383,0.0,0.0,0.29431068897247314,1.1596370935440063,53.24800109863281,0.34675389528274536
dfl_generated,dfl_evaluation_02,0.0023659924045205116,0,PCC,B,2.608769178390503,0.0,0.0,0.29431068897247314,1.1596370935440063,53.24800109863281,0.34675389528274536
dfl_generated,dfl_evaluation_02,0.0023659924045205116,0,PCC,C,2.6089391708374023,0.0,0.0,0.29431068897247314,1.1596370935440063,53.24800109863281,0.34675389528274536
dfl_generated,dfl_evaluation_02,0.0023659924045205116,1,PCC,A,2.637770891189575,0.0,0.0,0.3179371654987335,1.157354474067688,34.72425079345703,0.3525454103946686
dfl_generated,dfl_evaluation_02,0.0023659924045205116,1,PCC,B,2.6382968425750732,0.0,1.1216642405997845e-06,0.3179371654987335,1.157354474067688,34.72425079345703,0.3525454103946686
dfl_generated,dfl_evaluation_02,0.0023659924045205116,1,PCC,C,2.6386172771453857,0.0,2.9472883511516557e-07,0.3179371654987335,1.157354474067688,34.72425079345703,0.3525454103946686
dfl_generated,dfl_evaluation_02,0.0023659924045205116,2,PCC,A,2.500065565109253,0.0,0.0,0.2232462614774704,1.1561129093170166,34.72425079345703,0.36092710494995117
dfl_generated,dfl_evaluation_02,0.0023659924045205116,2,PCC,B,2.499429702758789,0.0,4.3289696805004496e-07,0.2232462614774704,1.1561129093170166,34.72425079345703,0.36092710494995117
dfl_generated,dfl_evaluation_02,0.0023659924045205116,2,PCC,C,2.499720335006714,0.0,0.0,0.2232462614774704,1.1561129093170166,34.72425079345703,0.36092710494995117
dfl_generated,dfl_evaluation_02,0.0023659924045205116,3,PCC,A,2.553912878036499,0.0,0.0,0.2633455991744995,1.1545547246932983,34.72425079345703,0.3524872064590454
dfl_generated,dfl_evaluation_02,0.0023659924045205116,3,PCC,B,2.554222583770752,0.0,0.0,0.2633455991744995,1.1545547246932983,34.72425079345703,0.3524872064590454
dfl_generated,dfl_evaluation_02,0.0023659924045205116,3,PCC,C,2.5541768074035645,0.0,2.9861614621040644e-06,0.2633455991744995,1.1545547246932983,34.72425079345703,0.3524872064590454
dfl_generated,dfl_evaluation_02,0.0023659924045205116,4,PCC,A,2.613138198852539,0.0,4.799363068741513e-06,0.3060445785522461,1.1531589031219482,34.72425079345703,0.3439406752586365
dfl_generated,dfl_evaluation_02,0.0023659924045205116,4,PCC,B,2.613269805908203,0.0,4.597369752445957e-06,0.3060445785522461,1.1531589031219482,34.72425079345703,0.3439406752586365
dfl_generated,dfl_evaluation_02,0.0023659924045205116,4,PCC,C,2.613124370574951,0.0,2.9122684281901456e-06,0.3060445785522461,1.1531589031219482,34.72425079345703,0.3439406752586365
dfl_generated,dfl_evaluation_02,0.0023659924045205116,5,PCC,A,2.5850002765655518,0.0,0.0007935125613585114,0.2850128710269928,1.1540284156799316,34.72425079345703,0.33192700147628784
dfl_generated,dfl_evaluation_02,0.0023659924045205116,5,PCC,B,2.584744453430176,0.0,0.0008651944226585329,0.2850128710269928,1.1540284156799316,34.72425079345703,0.33192700147628784
dfl_generated,dfl_evaluation_02,0.0023659924045205116,5,PCC,C,2.584918260574341,0.0,0.0008797207265160978,0.2850128710269928,1.1540284156799316,34.72425079345703,0.33192700147628784
dfl_generated,dfl_evaluation_02,0.0023659924045205116,6,PCC,A,2.7788503170013428,0.0,0.031542710959911346,0.4131304621696472,1.1579279899597168,53.24800109863281,0.3150222897529602
dfl_generated,dfl_evaluation_02,0.0023659924045205116,6,PCC,B,2.7787840366363525,0.0,0.03311141952872276,0.4131304621696472,1.1579279899597168,53.24800109863281,0.3150222897529602
dfl_generated,dfl_evaluation_02,0.0023659924045205116,6,PCC,C,2.7793843746185303,0.0,0.03103378228843212,0.4131304621696472,1.1579279899597168,53.24800109863281,0.3150222897529602
dfl_generated,dfl_evaluation_02,0.0023659924045205116,7,PCC,A,3.0568034648895264,0.0,0.2595108151435852,0.5887197852134705,1.1681827306747437,53.24800109863281,0.2995228171348572
dfl_generated,dfl_evaluation_02,0.0023659924045205116,7,PCC,B,3.0563268661499023,0.0,0.2633728086948395,0.5887197852134705,1.1681827306747437,53.24800109863281,0.2995228171348572
dfl_generated,dfl_evaluation_02,0.0023659924045205116,7,PCC,C,3.0548629760742188,0.0,0.2552245259284973,0.5887197852134705,1.1681827306747437,53.24800109863281,0.2995228171348572
dfl_generated,dfl_evaluation_02,0.0023659924045205116,8,PCC,A,2.8267805576324463,0.0,0.5667834281921387,0.41616514325141907,1.1786538362503052,53.24800109863281,0.29231882095336914
dfl_generated,dfl_evaluation_02,0.0023659924045205116,8,PCC,B,2.8262839317321777,0.0,0.5828229188919067,0.41616514325141907,1.1786538362503052,53.24800109863281,0.29231882095336914
dfl_generated,dfl_evaluation_02,0.0023659924045205116,8,PCC,C,2.828080177307129,0.0,0.5784244537353516,0.41616514325141907,1.1786538362503052,53.24800109863281,0.29231882095336914
dfl_generated,dfl_evaluation_02,0.0023659924045205116,9,PCC,A,2.9946374893188477,0.0,0.8330379724502563,0.5137431621551514,1.1887151002883911,53.24800109863281,0.2735629975795746
dfl_generated,dfl_evaluation_02,0.0023659924045205116,9,PCC,B,2.9945483207702637,0.0,0.8498684167861938,0.5137431621551514,1.1887151002883911,53.24800109863281,0.2735629975795746
dfl_generated,dfl_evaluation_02,0.0023659924045205116,9,PCC,C,2.9937736988067627,0.0,0.8522783517837524,0.5137431621551514,1.1887151002883911,53.24800109863281,0.2735629975795746
dfl_generated,dfl_evaluation_02,0.0023659924045205116,10,PCC,A,2.7913520336151123,0.0,0.9723680019378662,0.3643687963485718,1.1987344026565552,53.24800109863281,0.2952398955821991
dfl_generated,dfl_evaluation_02,0.0023659924045205116,10,PCC,B,2.792383909225464,0.0,0.9810051918029785,0.3643687963485718,1.1987344026565552,53.24800109863281,0.2952398955821991
dfl_generated,dfl_evaluation_02,0.0023659924045205116,10,PCC,C,2.7943334579467773,0.0,0.976340651512146,0.3643687963485718,1.1987344026565552,53.24800109863281,0.2952398955821991
dfl_generated,dfl_evaluation_02,0.0023659924045205116,11,PCC,A,2.8039186000823975,0.0,1.0368342399597168,0.36136627197265625,1.2047913074493408,53.24800109863281,0.3024502098560333
dfl_generated,dfl_evaluation_02,0.0023659924045205116,11,PCC,B,2.8026652336120605,0.0,1.0524598360061646,0.36136627197265625,1.2047913074493408,53.24800109863281,0.3024502098560333
dfl_generated,dfl_evaluation_02,0.0023659924045205116,11,PCC,C,2.803889274597168,0.0,1.0338718891143799,0.36136627197265625,1.2047913074493408,53.24800109863281,0.3024502098560333
dfl_generated,dfl_evaluation_02,0.0023659924045205116,12,PCC,A,3.0765810012817383,0.0,1.1098899841308594,0.5383059978485107,1.2085652351379395,53.24800109863281,0.3053244650363922
dfl_generated,dfl_evaluation_02,0.0023659924045205116,12,PCC,B,3.0769875049591064,0.0,1.1171801090240479,0.5383059978485107,1.2085652351379395,53.24800109863281,0.3053244650363922
dfl_generated,dfl_evaluation_02,0.0023659924045205116,12,PCC,C,3.077181577682495,0.0,1.1182351112365723,0.5383059978485107,1.2085652351379395,53.24800109863281,0.3053244650363922
dfl_generated,dfl_evaluation_02,0.0023659924045205116,13,PCC,A,3.1804263591766357,0.0,1.078190565109253,0.6031783223152161,1.210836410522461,53.24800109863281,0.30948105454444885
dfl_generated,dfl_evaluation_02,0.0023659924045205116,13,PCC,B,3.1800613403320312,0.0,1.083447813987732,0.6031783223152161,1.210836410522461,53.24800109863281,0.30948105454444885
dfl_generated,dfl_evaluation_02,0.0023659924045205116,13,PCC,C,3.1802074909210205,0.0,1.085115909576416,0.6031783223152161,1.210836410522461,53.24800109863281,0.30948105454444885
dfl_generated,dfl_evaluation_02,0.0023659924045205116,14,PCC,A,3.2709689140319824,0.0,0.9362246990203857,0.6654155254364014,1.210932731628418,53.24800109863281,0.31820935010910034
dfl_generated,dfl_evaluation_02,0.0023659924045205116,14,PCC,B,3.266422748565674,0.0,0.95791095495224,0.6654155254364014,1.210932731628418,53.24800109863281,0.31820935010910034
dfl_generated,dfl_evaluation_02,0.0023659924045205116,14,PCC,C,3.2697556018829346,0.0,0.9523630142211914,0.6654155254364014,1.210932731628418,53.24800109863281,0.31820935010910034
dfl_generated,dfl_evaluation_02,0.0023659924045205116,15,PCC,A,3.0424203872680664,0.0,0.7028940916061401,0.5210045576095581,1.2044378519058228,53.24800109863281,0.31823718547821045
dfl_generated,dfl_evaluation_02,0.0023659924045205116,15,PCC,B,3.0442497730255127,0.0,0.7031943798065186,0.5210045576095581,1.2044378519058228,53.24800109863281,0.31823718547821045
dfl_generated,dfl_evaluation_02,0.0023659924045205116,15,PCC,C,3.04508638381958,0.0,0.6994196176528931,0.5210045576095581,1.2044378519058228,53.24800109863281,0.31823718547821045
dfl_generated,dfl_evaluation_02,0.0023659924045205116,16,PCC,A,3.094686508178711,0.0,0.39423543214797974,0.5631123185157776,1.1998646259307861,53.24800109863281,0.3313678205013275
dfl_generated,dfl_evaluation_02,0.0023659924045205116,16,PCC,B,3.0963289737701416,0.0,0.40522831678390503,0.5631123185157776,1.1998646259307861,53.24800109863281,0.3313678205013275
dfl_generated,dfl_evaluation_02,0.0023659924045205116,16,PCC,C,3.093008041381836,0.0,0.39147064089775085,0.5631123185157776,1.1998646259307861,53.24800109863281,0.3313678205013275
dfl_generated,dfl_evaluation_02,0.0023659924045205116,17,PCC,A,3.0108795166015625,0.0,0.14348268508911133,0.5185338854789734,1.1921706199645996,53.24800109863281,0.3331523537635803
dfl_generated,dfl_evaluation_02,0.0023659924045205116,17,PCC,B,3.0085294246673584,0.0,0.1457207053899765,0.5185338854789734,1.1921706199645996,53.24800109863281,0.3331523537635803
dfl_generated,dfl_evaluation_02,0.0023659924045205116,17,PCC,C,3.0105135440826416,0.0,0.14903613924980164,0.5185338854789734,1.1921706199645996,53.24800109863281,0.3331523537635803
dfl_generated,dfl_evaluation_02,0.0023659924045205116,18,PCC,A,2.959130048751831,0.0,0.026141677051782608,0.501911997795105,1.1808621883392334,121.88175201416016,0.3370960056781769
dfl_generated,dfl_evaluation_02,0.0023659924045205116,18,PCC,B,2.960845708847046,0.0,0.028042733669281006,0.501911997795105,1.1808621883392334,121.88175201416016,0.3370960056781769
dfl_generated,dfl_evaluation_02,0.0023659924045205116,18,PCC,C,2.957615852355957,0.0,0.02738400734961033,0.501911997795105,1.1808621883392334,121.88175201416016,0.3370960056781769
dfl_generated,dfl_evaluation_02,0.0023659924045205116,19,PCC,A,3.039682626724243,0.0,0.0008784579113125801,0.5692486763000488,1.1728253364562988,121.88175201416016,0.34097936749458313
dfl_generated,dfl_evaluation_02,0.0023659924045205116,19,PCC,B,3.0398995876312256,0.0,0.0009768604068085551,0.5692486763000488,1.1728253364562988,121.88175201416016,0.34097936749458313
dfl_generated,dfl_evaluation_02,0.0023659924045205116,19,PCC,C,3.040201425552368,0.0,0.0008502708515152335,0.5692486763000488,1.1728253364562988,121.88175201416016,0.34097936749458313
dfl_generated,dfl_evaluation_02,0.0023659924045205116,20,PCC,A,2.86952805519104,0.0,0.0,0.458400696516037,1.1687486171722412,121.88175201416016,0.34626320004463196
dfl_generated,dfl_evaluation_02,0.0023659924045205116,20,PCC,B,2.8689467906951904,0.0,0.0,0.458400696516037,1.1687486171722412,121.88175201416016,0.34626320004463196
dfl_generated,dfl_evaluation_02,0.0023659924045205116,20,PCC,C,2.8700993061065674,0.0,0.0,0.458400696516037,1.1687486171722412,121.88175201416016,0.34626320004463196
dfl_generated,dfl_evaluation_02,0.0023659924045205116,21,PCC,A,2.77492094039917,0.0,0.0,0.39928483963012695,1.165392518043518,53.24800109863281,0.3499176502227783
dfl_generated,dfl_evaluation_02,0.0023659924045205116,21,PCC,B,2.7759299278259277,0.0,0.0,0.39928483963012695,1.165392518043518,53.24800109863281,0.3499176502227783
dfl_generated,dfl_evaluation_02,0.0023659924045205116,21,PCC,C,2.7743992805480957,0.0,0.0,0.39928483963012695,1.165392518043518,53.24800109863281,0.3499176502227783
dfl_generated,dfl_evaluation_02,0.0023659924045205116,22,PCC,A,2.7166454792022705,0.0,0.0,0.3637107312679291,1.163084864616394,53.24800109863281,0.34807369112968445
dfl_generated,dfl_evaluation_02,0.0023659924045205116,22,PCC,B,2.71709942817688,0.0,0.0,0.3637107312679291,1.163084864616394,53.24800109863281,0.34807369112968445
dfl_generated,dfl_evaluation_02,0.0023659924045205116,22,PCC,C,2.7171452045440674,0.0,1.2768185797540355e-06,0.3637107312679291,1.163084864616394,53.24800109863281,0.34807369112968445
dfl_generated,dfl_evaluation_02,0.0023659924045205116,23,PCC,A,2.6882359981536865,0.0,5.790373052150244e-07,0.34759950637817383,1.16065514087677,53.24800109863281,0.3474622368812561
dfl_generated,dfl_evaluation_02,0.0023659924045205116,23,PCC,B,2.687756061553955,0.0,0.0,0.34759950637817383,1.16065514087677,53.24800109863281,0.3474622368812561
dfl_generated,dfl_evaluation_02,0.0023659924045205116,23,PCC,C,2.6887800693511963,0.0,1.2532713071777835e-06,0.34759950637817383,1.16065514087677,53.24800109863281,0.3474622368812561
dfl_generated,dfl_evaluation_02,0.0023659924045205116,24,PCC,A,2.607548952102661,0.0,0.0,0.29431068897247314,1.158582091331482,53.24800109863281,0.35669031739234924
dfl_generated,dfl_evaluation_02,0.0023659924045205116,24,PCC,B,2.6079699993133545,0.0,0.0,0.29431068897247314,1.158582091331482,53.24800109863281,0.35669031739234924
dfl_generated,dfl_evaluation_02,0.0023659924045205116,24,PCC,C,2.607116222381592,0.0,0.0,0.29431068897247314,1.158582091331482,53.24800109863281,0.35669031739234924
dfl_generated,dfl_evaluation_02,0.0023659924045205116,25,PCC,A,2.6372437477111816,0.0,0.0,0.3179371654987335,1.1568855047225952,34.72425079345703,0.35301288962364197
dfl_generated,dfl_evaluation_02,0.0023659924045205116,25,PCC,B,2.6381187438964844,0.0,0.0,0.3179371654987335,1.1568855047225952,34.72425079345703,0.35301288962364197
dfl_generated,dfl_evaluation_02,0.0023659924045205116,25,PCC,C,2.6375930309295654,0.0,0.0,0.3179371654987335,1.1568855047225952,34.72425079345703,0.35301288962364197
dfl_generated,dfl_evaluation_02,0.0023659924045205116,26,PCC,A,2.49900221824646,0.0,0.0,0.2232462614774704,1.155949592590332,34.72425079345703,0.34367015957832336
dfl_generated,dfl_evaluation_02,0.0023659924045205116,26,PCC,B,2.4984548091888428,0.0,1.9708907927906694e-07,0.2232462614774704,1.155949592590332,34.72425079345703,0.34367015957832336
dfl_generated,dfl_evaluation_02,0.0023659924045205116,26,PCC,C,2.498307466506958,0.0,1.124550522035861e-06,0.2232462614774704,1.155949592590332,34.72425079345703,0.34367015957832336
dfl_generated,dfl_evaluation_02,0.0023659924045205116,27,PCC,A,2.5558722019195557,0.0,1.7009004693591123e-07,0.2633455991744995,1.1552653312683105,34.72425079345703,0.3692706823348999
dfl_generated,dfl_evaluation_02,0.0023659924045205116,27,PCC,B,2.555898666381836,0.0,6.491356430160522e-07,0.2633455991744995,1.1552653312683105,34.72425079345703,0.3692706823348999
dfl_generated,dfl_evaluation_02,0.0023659924045205116,27,PCC,C,2.5563080310821533,0.0,1.3947669685876463e-06,0.2633455991744995,1.1552653312683105,34.72425079345703,0.3692706823348999
dfl_generated,dfl_evaluation_02,0.0023659924045205116,28,PCC,A,2.6163394451141357,0.0,0.0,0.3060445785522461,1.1545183658599854,34.72425079345703,0.34448832273483276
dfl_generated,dfl_evaluation_02,0.0023659924045205116,28,PCC,B,2.6165831089019775,0.0,0.0,0.3060445785522461,1.1545183658599854,34.72425079345703,0.34448832273483276
dfl_generated,dfl_evaluation_02,0.0023659924045205116,28,PCC,C,2.6159934997558594,0.0,1.7304192851952394e-06,0.3060445785522461,1.1545183658599854,34.72425079345703,0.34448832273483276
dfl_generated,dfl_evaluation_02,0.0023659924045205116,29,PCC,A,2.5876986980438232,0.0,0.0014210788067430258,0.2850128710269928,1.1553213596343994,34.72425079345703,0.3252744674682617
dfl_generated,dfl_evaluation_02,0.0023659924045205116,29,PCC,B,2.5875132083892822,0.0,0.0013692862121388316,0.2850128710269928,1.1553213596343994,34.72425079345703,0.3252744674682617
dfl_generated,dfl_evaluation_02,0.0023659924045205116,29,PCC,C,2.587388277053833,0.0,0.001398287946358323,0.2850128710269928,1.1553213596343994,34.72425079345703,0.3252744674682617
dfl_generated,dfl_evaluation_02,0.0023659924045205116,30,PCC,A,2.7838547229766846,0.0,0.03534916415810585,0.4131304621696472,1.1609925031661987,53.24800109863281,0.31127485632896423
dfl_generated,dfl_evaluation_02,0.0023659924045205116,30,PCC,B,2.782792806625366,0.0,0.03365359082818031,0.4131304621696472,1.1609925031661987,53.24800109863281,0.31127485632896423
dfl_generated,dfl_evaluation_02,0.0023659924045205116,30,PCC,C,2.7843801975250244,0.0,0.0346653014421463,0.4131304621696472,1.1609925031661987,53.24800109863281,0.31127485632896423
dfl_generated,dfl_evaluation_02,0.0023659924045205116,31,PCC,A,3.060624599456787,0.0,0.2319461852312088,0.5887197852134705,1.169608235359192,53.24800109863281,0.30050575733184814
dfl_generated,dfl_evaluation_02,0.0023659924045205116,31,PCC,B,3.0609068870544434,0.0,0.22996097803115845,0.5887197852134705,1.169608235359192,53.24800109863281,0.30050575733184814
dfl_generated,dfl_evaluation_02,0.0023659924045205116,31,PCC,C,3.0614941120147705,0.0,0.23836183547973633,0.5887197852134705,1.169608235359192,53.24800109863281,0.30050575733184814
dfl_generated,dfl_evaluation_02,0.0023659924045205116,32,PCC,A,2.8329505920410156,0.0,0.5411038994789124,0.41616514325141907,1.1819655895233154,53.24800109863281,0.30549824237823486
dfl_generated,dfl_evaluation_02,0.0023659924045205116,32,PCC,B,2.835211753845215,0.0,0.528200089931488,0.41616514325141907,1.1819655895233154,53.24800109863281,0.30549824237823486
dfl_generated,dfl_evaluation_02,0.0023659924045205116,32,PCC,C,2.834782361984253,0.0,0.5360715389251709,0.41616514325141907,1.1819655895233154,53.24800109863281,0.30549824237823486
dfl_generated,dfl_evaluation_02,0.0023659924045205116,33,PCC,A,3.007512331008911,0.0,0.7712063193321228,0.5137431621551514,1.1951104402542114,53.24800109863281,0.28968292474746704
dfl_generated,dfl_evaluation_02,0.0023659924045205116,33,PCC,B,3.0078492164611816,0.0,0.7547323703765869,0.5137431621551514,1.1951104402542114,53.24800109863281,0.28968292474746704
dfl_generated,dfl_evaluation_02,0.0023659924045205116,33,PCC,C,3.0087599754333496,0.0,0.7624590992927551,0.5137431621551514,1.1951104402542114,53.24800109863281,0.28968292474746704
dfl_generated,dfl_evaluation_02,0.0023659924045205116,34,PCC,A,2.806696891784668,0.0,0.874393880367279,0.3643687963485718,1.205994725227356,53.24800109863281,0.2960282862186432
dfl_generated,dfl_evaluation_02,0.0023659924045205116,34,PCC,B,2.8098998069763184,0.0,0.8750141859054565,0.3643687963485718,1.205994725227356,53.24800109863281,0.2960282862186432
dfl_generated,dfl_evaluation_02,0.0023659924045205116,34,PCC,C,2.807116985321045,0.0,0.8932067155838013,0.3643687963485718,1.205994725227356,53.24800109863281,0.2960282862186432
dfl_generated,dfl_evaluation_02,0.0023659924045205116,35,PCC,A,2.814822196960449,0.0,0.8884325623512268,0.36136627197265625,1.210337519645691,53.24800109863281,0.30384543538093567
dfl_generated,dfl_evaluation_02,0.0023659924045205116,35,PCC,B,2.810610771179199,0.0,0.8785097002983093,0.36136627197265625,1.210337519645691,53.24800109863281,0.30384543538093567
dfl_generated,dfl_evaluation_02,0.0023659924045205116,35,PCC,C,2.8148226737976074,0.0,0.8817915320396423,0.36136627197265625,1.210337519645691,53.24800109863281,0.30384543538093567
dfl_generated,dfl_evaluation_02,0.0023659924045205116,36,PCC,A,3.0894389152526855,0.0,0.9522548317909241,0.5383059978485107,1.21405827999115,53.24800109863281,0.31049156188964844
dfl_generated,dfl_evaluation_02,0.0023659924045205116,36,PCC,B,3.0923328399658203,0.0,0.9405972957611084,0.5383059978485107,1.21405827999115,53.24800109863281,0.31049156188964844
dfl_generated,dfl_evaluation_02,0.0023659924045205116,36,PCC,C,3.0909242630004883,0.0,0.9336517453193665,0.5383059978485107,1.21405827999115,53.24800109863281,0.31049156188964844
dfl_generated,dfl_evaluation_02,0.0023659924045205116,37,PCC,A,3.1892151832580566,0.0,0.8772718906402588,0.6031783223152161,1.2151767015457153,53.24800109863281,0.31063345074653625
dfl_generated,dfl_evaluation_02,0.0023659924045205116,37,PCC,B,3.1905012130737305,0.0,0.8847604990005493,0.6031783223152161,1.2151767015457153,53.24800109863281,0.31063345074653625
dfl_generated,dfl_evaluation_02,0.0023659924045205116,37,PCC,C,3.191298246383667,0.0,0.873808741569519,0.6031783223152161,1.2151767015457153,53.24800109863281,0.31063345074653625
dfl_generated,dfl_evaluation_02,0.0023659924045205116,38,PCC,A,3.285104990005493,0.0,0.8469380140304565,0.6654155254364014,1.215539574623108,53.24800109863281,0.3161661922931671
dfl_generated,dfl_evaluation_02,0.0023659924045205116,38,PCC,B,3.285402774810791,0.0,0.8486636281013489,0.6654155254364014,1.215539574623108,53.24800109863281,0.3161661922931671
dfl_generated,dfl_evaluation_02,0.0023659924045205116,38,PCC,C,3.286005973815918,0.0,0.8397922515869141,0.6654155254364014,1.215539574623108,53.24800109863281,0.3161661922931671
dfl_generated,dfl_evaluation_02,0.0023659924045205116,39,PCC,A,3.0559351444244385,0.0,0.670932948589325,0.5210045576095581,1.2106428146362305,53.24800109863281,0.3219360411167145
dfl_generated,dfl_evaluation_02,0.0023659924045205116,39,PCC,B,3.056562662124634,0.0,0.682292640209198,0.5210045576095581,1.2106428146362305,53.24800109863281,0.3219360411167145
dfl_generated,dfl_evaluation_02,0.0023659924045205116,39,PCC,C,3.0587620735168457,0.0,0.6797306537628174,0.5210045576095581,1.2106428146362305,53.24800109863281,0.3219360411167145
dfl_generated,dfl_evaluation_02,0.0023659924045205116,40,PCC,A,3.1043596267700195,0.0,0.36831051111221313,0.5631123185157776,1.2050139904022217,53.24800109863281,0.33310797810554504
dfl_generated,dfl_evaluation_02,0.0023659924045205116,40,PCC,B,3.1062986850738525,0.0,0.3614595830440521,0.5631123185157776,1.2050139904022217,53.24800109863281,0.33310797810554504
dfl_generated,dfl_evaluation_02,0.0023659924045205116,40,PCC,C,3.1035678386688232,0.0,0.36032891273498535,0.5631123185157776,1.2050139904022217,53.24800109863281,0.33310797810554504
dfl_generated,dfl_evaluation_02,0.0023659924045205116,41,PCC,A,3.0163967609405518,0.0,0.13823933899402618,0.5185338854789734,1.1945472955703735,53.24800109863281,0.3352763056755066
dfl_generated,dfl_evaluation_02,0.0023659924045205116,41,PCC,B,3.0167126655578613,0.0,0.13948321342468262,0.5185338854789734,1.1945472955703735,53.24800109863281,0.3352763056755066
dfl_generated,dfl_evaluation_02,0.0023659924045205116,41,PCC,C,3.0183331966400146,0.0,0.1341039091348648,0.5185338854789734,1.1945472955703735,53.24800109863281,0.3352763056755066
dfl_generated,dfl_evaluation_02,0.0023659924045205116,42,PCC,A,2.9695675373077393,0.0,0.020514801144599915,0.501911997795105,1.185205340385437,121.88175201416016,0.3339093029499054
dfl_generated,dfl_evaluation_02,0.0023659924045205116,42,PCC,B,2.9685399532318115,0.0,0.02097713202238083,0.501911997795105,1.185205340385437,121.88175201416016,0.3339093029499054
dfl_generated,dfl_evaluation_02,0.0023659924045205116,42,PCC,C,2.9684221744537354,0.0,0.02140488661825657,0.501911997795105,1.185205340385437,121.88175201416016,0.3339093029499054
dfl_generated,dfl_evaluation_02,0.0023659924045205116,43,PCC,A,3.0464231967926025,0.0,0.0006775049841962755,0.5692486763000488,1.1762056350708008,121.88175201416016,0.339883029460907
dfl_generated,dfl_evaluation_02,0.0023659924045205116,43,PCC,B,3.048170804977417,0.0,0.000611927593126893,0.5692486763000488,1.1762056350708008,121.88175201416016,0.339883029460907
dfl_generated,dfl_evaluation_02,0.0023659924045205116,43,PCC,C,3.04783296585083,0.0,0.0007516755140386522,0.5692486763000488,1.1762056350708008,121.88175201416016,0.339883029460907
dfl_generated,dfl_evaluation_02,0.0023659924045205116,44,PCC,A,2.871779441833496,0.0,0.0,0.458400696516037,1.1711622476577759,121.88175201416016,0.3402727246284485
dfl_generated,dfl_evaluation_02,0.0023659924045205116,44,PCC,B,2.8743956089019775,0.0,0.0,0.458400696516037,1.1711622476577759,121.88175201416016,0.3402727246284485
dfl_generated,dfl_evaluation_02,0.0023659924045205116,44,PCC,C,2.873063564300537,0.0,0.0,0.458400696516037,1.1711622476577759,121.88175201416016,0.3402727246284485
dfl_generated,dfl_evaluation_02,0.0023659924045205116,45,PCC,A,2.7790889739990234,0.0,0.0,0.39928483963012695,1.1672531366348267,53.24800109863281,0.3437114953994751
dfl_generated,dfl_evaluation_02,0.0023659924045205116,45,PCC,B,2.779289722442627,0.0,0.0,0.39928483963012695,1.1672531366348267,53.24800109863281,0.3437114953994751
dfl_generated,dfl_evaluation_02,0.0023659924045205116,45,PCC,C,2.7789337635040283,0.0,0.0,0.39928483963012695,1.1672531366348267,53.24800109863281,0.3437114953994751
dfl_generated,dfl_evaluation_02,0.0023659924045205116,46,PCC,A,2.7228028774261475,0.0,0.0,0.3637107312679291,1.165881633758545,53.24800109863281,0.34145885705947876
dfl_generated,dfl_evaluation_02,0.0023659924045205116,46,PCC,B,2.7216556072235107,0.0,5.288217153065489e-08,0.3637107312679291,1.165881633758545,53.24800109863281,0.34145885705947876
dfl_generated,dfl_evaluation_02,0.0023659924045205116,46,PCC,C,2.7223358154296875,0.0,0.0,0.3637107312679291,1.165881633758545,53.24800109863281,0.34145885705947876
dfl_generated,dfl_evaluation_02,0.0023659924045205116,47,PCC,A,2.6910505294799805,0.0,3.3042746849787363e-07,0.34759950637817383,1.1622200012207031,53.24800109863281,0.3519881069660187
dfl_generated,dfl_evaluation_02,0.0023659924045205116,47,PCC,B,2.69150972366333,0.0,9.965224307961762e-07,0.34759950637817383,1.1622200012207031,53.24800109863281,0.3519881069660187
dfl_generated,dfl_evaluation_02,0.0023659924045205116,47,PCC,C,2.692127227783203,0.0,0.0,0.34759950637817383,1.1622200012207031,53.24800109863281,0.3519881069660187
dfl_generated,dfl_evaluation_03,0.19858039915561676,0,PCC,A,2.5930206775665283,0.0,0.0,0.29431068897247314,1.1517565250396729,53.24800109863281,0.2929791808128357
dfl_generated,dfl_evaluation_03,0.19858039915561676,0,PCC,B,2.5939126014709473,0.0,1.6469124375362298e-06,0.29431068897247314,1.1517565250396729,53.24800109863281,0.2929791808128357
dfl_generated,dfl_evaluation_03,0.19858039915561676,0,PCC,C,2.5931127071380615,0.0,0.0,0.29431068897247314,1.1517565250396729,53.24800109863281,0.2929791808128357
dfl_generated,dfl_evaluation_03,0.19858039915561676,1,PCC,A,2.626729726791382,0.0,2.5187154051309335e-07,0.3179371654987335,1.1517499685287476,53.24800109863281,0.292282372713089
dfl_generated,dfl_evaluation_03,0.19858039915561676,1,PCC,B,2.6268417835235596,0.0,0.0,0.3179371654987335,1.1517499685287476,53.24800109863281,0.292282372713089
dfl_generated,dfl_evaluation_03,0.19858039915561676,1,PCC,C,2.626370906829834,0.0,7.924916758383915e-07,0.3179371654987335,1.1517499685287476,53.24800109863281,0.292282372713089
dfl_generated,dfl_evaluation_03,0.19858039915561676,2,PCC,A,2.4891746044158936,0.0,0.0,0.2232462614774704,1.1509729623794556,53.24800109863281,0.3095681667327881
dfl_generated,dfl_evaluation_03,0.19858039915561676,2,PCC,B,2.489064931869507,0.0,0.0,0.2232462614774704,1.1509729623794556,53.24800109863281,0.3095681667327881
dfl_generated,dfl_evaluation_03,0.19858039915561676,2,PCC,C,2.4896903038024902,0.0,0.0,0.2232462614774704,1.1509729623794556,53.24800109863281,0.3095681667327881
dfl_generated,dfl_evaluation_03,0.19858039915561676,3,PCC,A,2.5472123622894287,0.0,4.394888719616574e-07,0.2633455991744995,1.1509062051773071,53.24800109863281,0.29913222789764404
dfl_generated,dfl_evaluation_03,0.19858039915561676,3,PCC,B,2.547504186630249,0.0,0.0,0.2633455991744995,1.1509062051773071,53.24800109863281,0.29913222789764404
dfl_generated,dfl_evaluation_03,0.19858039915561676,3,PCC,C,2.5469114780426025,0.0,0.0,0.2633455991744995,1.1509062051773071,53.24800109863281,0.29913222789764404
dfl_generated,dfl_evaluation_03,0.19858039915561676,4,PCC,A,2.608276128768921,0.0,4.20932519773487e-06,0.3060445785522461,1.1505359411239624,53.24800109863281,0.29498764872550964
dfl_generated,dfl_evaluation_03,0.19858039915561676,4,PCC,B,2.608887195587158,0.0,8.920704885895248e-07,0.3060445785522461,1.1505359411239624,53.24800109863281,0.29498764872550964
dfl_generated,dfl_evaluation_03,0.19858039915561676,4,PCC,C,2.6081759929656982,0.0,1.233195462191361e-06,0.3060445785522461,1.1505359411239624,53.24800109863281,0.29498764872550964
dfl_generated,dfl_evaluation_03,0.19858039915561676,5,PCC,A,2.576770544052124,0.0,0.0004393442068248987,0.2850128710269928,1.1505141258239746,53.24800109863281,0.29795050621032715
dfl_generated,dfl_evaluation_03,0.19858039915561676,5,PCC,B,2.5768649578094482,0.0,0.0003218085039407015,0.2850128710269928,1.1505141258239746,53.24800109863281,0.29795050621032715
dfl_generated,dfl_evaluation_03,0.19858039915561676,5,PCC,C,2.5772011280059814,0.0,0.0005250719841569662,0.2850128710269928,1.1505141258239746,53.24800109863281,0.29795050621032715
dfl_generated,dfl_evaluation_03,0.19858039915561676,6,PCC,A,2.7615597248077393,0.0,0.003990601748228073,0.4131304621696472,1.1501237154006958,53.24800109863281,0.2967647314071655
dfl_generated,dfl_evaluation_03,0.19858039915561676,6,PCC,B,2.760864496231079,0.0,0.0047551896423101425,0.4131304621696472,1.1501237154006958,53.24800109863281,0.2967647314071655
dfl_generated,dfl_evaluation_03,0.19858039915561676,6,PCC,C,2.7610700130462646,0.0,0.005032256245613098,0.4131304621696472,1.1501237154006958,53.24800109863281,0.2967647314071655
dfl_generated,dfl_evaluation_03,0.19858039915561676,7,PCC,A,3.0150065422058105,0.0,0.0814928412437439,0.5887197852134705,1.1513969898223877,53.24800109863281,0.29226523637771606
dfl_generated,dfl_evaluation_03,0.19858039915561676,7,PCC,B,3.0153212547302246,0.0,0.08405947685241699,0.5887197852134705,1.1513969898223877,53.24800109863281,0.29226523637771606
dfl_generated,dfl_evaluation_03,0.19858039915561676,7,PCC,C,3.0147719383239746,0.0,0.08120685815811157,0.5887197852134705,1.1513969898223877,53.24800109863281,0.29226523637771606
dfl_generated,dfl_evaluation_03,0.19858039915561676,8,PCC,A,2.7695565223693848,0.0,0.35960087180137634,0.41616514325141907,1.1520555019378662,53.24800109863281,0.29319727420806885
dfl_generated,dfl_evaluation_03,0.19858039915561676,8,PCC,B,2.769249200820923,0.0,0.3529791831970215,0.41616514325141907,1.1520555019378662,53.24800109863281,0.29319727420806885
dfl_generated,dfl_evaluation_03,0.19858039915561676,8,PCC,C,2.7697980403900146,0.0,0.35121598839759827,0.41616514325141907,1.1520555019378662,53.24800109863281,0.29319727420806885
dfl_generated,dfl_evaluation_03,0.19858039915561676,9,PCC,A,2.911426305770874,0.0,0.7333617806434631,0.5137431621551514,1.1533540487289429,53.24800109863281,0.25159013271331787
dfl_generated,dfl_evaluation_03,0.19858039915561676,9,PCC,B,2.9113411903381348,0.0,0.7152431607246399,0.5137431621551514,1.1533540487289429,53.24800109863281,0.25159013271331787
dfl_generated,dfl_evaluation_03,0.19858039915561676,9,PCC,C,2.9132821559906006,0.0,0.7173329591751099,0.5137431621551514,1.1533540487289429,53.24800109863281,0.25159013271331787
dfl_generated,dfl_evaluation_03,0.19858039915561676,10,PCC,A,2.700809955596924,0.0,0.9215967655181885,0.3643687963485718,1.1560763120651245,53.24800109863281,0.2944897413253784
dfl_generated,dfl_evaluation_03,0.19858039915561676,10,PCC,B,2.705723285675049,0.0,0.9099792242050171,0.3643687963485718,1.1560763120651245,53.24800109863281,0.2944897413253784
dfl_generated,dfl_evaluation_03,0.19858039915561676,10,PCC,C,2.700913667678833,0.0,0.9203896522521973,0.3643687963485718,1.1560763120651245,53.24800109863281,0.2944897413253784
dfl_generated,dfl_evaluation_03,0.19858039915561676,11,PCC,A,2.702927827835083,0.0,1.0097459554672241,0.36136627197265625,1.1578803062438965,53.24800109863281,0.3118460774421692
dfl_generated,dfl_evaluation_03,0.19858039915561676,11,PCC,B,2.7035908699035645,0.0,0.99760502576828,0.36136627197265625,1.1578803062438965,53.24800109863281,0.3118460774421692
dfl_generated,dfl_evaluation_03,0.19858039915561676,11,PCC,C,2.7036099433898926,0.0,1.0009018182754517,0.36136627197265625,1.1578803062438965,53.24800109863281,0.3118460774421692
dfl_generated,dfl_evaluation_03,0.19858039915561676,12,PCC,A,2.9667892456054688,0.0,1.1338987350463867,0.5383059978485107,1.1629000902175903,53.24800109863281,0.31540098786354065
dfl_generated,dfl_evaluation_03,0.19858039915561676,12,PCC,B,2.967498779296875,0.0,1.1367381811141968,0.5383059978485107,1.1629000902175903,53.24800109863281,0.31540098786354065
dfl_generated,dfl_evaluation_03,0.19858039915561676,12,PCC,C,2.965900182723999,0.0,1.1498831510543823,0.5383059978485107,1.1629000902175903,53.24800109863281,0.31540098786354065
dfl_generated,dfl_evaluation_03,0.19858039915561676,13,PCC,A,3.064093828201294,0.0,1.2160284519195557,0.6031783223152161,1.1634695529937744,53.24800109863281,0.3211207389831543
dfl_generated,dfl_evaluation_03,0.19858039915561676,13,PCC,B,3.0657191276550293,0.0,1.2341228723526,0.6031783223152161,1.1634695529937744,53.24800109863281,0.3211207389831543
dfl_generated,dfl_evaluation_03,0.19858039915561676,13,PCC,C,3.064178228378296,0.0,1.2271372079849243,0.6031783223152161,1.1634695529937744,53.24800109863281,0.3211207389831543
dfl_generated,dfl_evaluation_03,0.19858039915561676,14,PCC,A,3.1592118740081787,0.0,1.0249137878417969,0.6654155254364014,1.1653989553451538,53.24800109863281,0.3213464915752411
dfl_generated,dfl_evaluation_03,0.19858039915561676,14,PCC,B,3.1607766151428223,0.0,1.0381629467010498,0.6654155254364014,1.1653989553451538,53.24800109863281,0.3213464915752411
dfl_generated,dfl_evaluation_03,0.19858039915561676,14,PCC,C,3.1592323780059814,0.0,1.038782000541687,0.6654155254364014,1.1653989553451538,53.24800109863281,0.3213464915752411
dfl_generated,dfl_evaluation_03,0.19858039915561676,15,PCC,A,2.9420735836029053,0.0,0.8157185316085815,0.5210045576095581,1.1627240180969238,53.24800109863281,0.31094929575920105
dfl_generated,dfl_evaluation_03,0.19858039915561676,15,PCC,B,2.944295883178711,0.0,0.8168666362762451,0.5210045576095581,1.1627240180969238,53.24800109863281,0.31094929575920105
dfl_generated,dfl_evaluation_03,0.19858039915561676,15,PCC,C,2.945796489715576,0.0,0.8236685395240784,0.5210045576095581,1.1627240180969238,53.24800109863281,0.31094929575920105
dfl_generated,dfl_evaluation_03,0.19858039915561676,16,PCC,A,2.997359037399292,0.0,0.45287084579467773,0.5631123185157776,1.1564772129058838,53.24800109863281,0.28834787011146545
dfl_generated,dfl_evaluation_03,0.19858039915561676,16,PCC,B,2.9932444095611572,0.0,0.4477071762084961,0.5631123185157776,1.1564772129058838,53.24800109863281,0.28834787011146545
dfl_generated,dfl_evaluation_03,0.19858039915561676,16,PCC,C,2.9962821006774902,0.0,0.4468810558319092,0.5631123185157776,1.1564772129058838,53.24800109863281,0.28834787011146545
dfl_generated,dfl_evaluation_03,0.19858039915561676,17,PCC,A,2.923797845840454,0.0,0.0759657546877861,0.5185338854789734,1.155731439590454,53.24800109863281,0.2736920416355133
dfl_generated,dfl_evaluation_03,0.19858039915561676,17,PCC,B,2.924973487854004,0.0,0.0696084126830101,0.5185338854789734,1.155731439590454,53.24800109863281,0.2736920416355133
dfl_generated,dfl_evaluation_03,0.19858039915561676,17,PCC,C,2.9246103763580322,0.0,0.07073235511779785,0.5185338854789734,1.155731439590454,53.24800109863281,0.2736920416355133
dfl_generated,dfl_evaluation_03,0.19858039915561676,18,PCC,A,2.9027178287506104,0.0,0.011457499116659164,0.501911997795105,1.1562737226486206,53.24800109863281,0.26510679721832275
dfl_generated,dfl_evaluation_03,0.19858039915561676,18,PCC,B,2.9021942615509033,0.0,0.011260760948061943,0.501911997795105,1.1562737226486206,53.24800109863281,0.26510679721832275
dfl_generated,dfl_evaluation_03,0.19858039915561676,18,PCC,C,2.900885581970215,0.0,0.011274855583906174,0.501911997795105,1.1562737226486206,53.24800109863281,0.26510679721832275
dfl_generated,dfl_evaluation_03,0.19858039915561676,19,PCC,A,2.9960451126098633,0.0,0.0006426394684240222,0.5692486763000488,1.1549428701400757,53.24800109863281,0.25774505734443665
dfl_generated,dfl_evaluation_03,0.19858039915561676,19,PCC,B,2.9962682723999023,0.0,0.0008069103350862861,0.5692486763000488,1.1549428701400757,53.24800109863281,0.25774505734443665
dfl_generated,dfl_evaluation_03,0.19858039915561676,19,PCC,C,2.996901750564575,0.0,0.000678045442327857,0.5692486763000488,1.1549428701400757,53.24800109863281,0.25774505734443665
dfl_generated,dfl_evaluation_03,0.19858039915561676,20,PCC,A,2.834256887435913,0.0,0.0,0.458400696516037,1.153347373008728,53.24800109863281,0.2604159712791443
dfl_generated,dfl_evaluation_03,0.19858039915561676,20,PCC,B,2.8348228931427,0.0,7.474549761354865e-07,0.458400696516037,1.153347373008728,53.24800109863281,0.2604159712791443
dfl_generated,dfl_evaluation_03,0.19858039915561676,20,PCC,C,2.8345279693603516,0.0,1.0349397143727401e-06,0.458400696516037,1.153347373008728,53.24800109863281,0.2604159712791443
dfl_generated,dfl_evaluation_03,0.19858039915561676,21,PCC,A,2.7489938735961914,0.0,0.0,0.39928483963012695,1.1537773609161377,53.24800109863281,0.2753092348575592
dfl_generated,dfl_evaluation_03,0.19858039915561676,21,PCC,B,2.7486281394958496,0.0,8.512139260119511e-08,0.39928483963012695,1.1537773609161377,53.24800109863281,0.2753092348575592
dfl_generated,dfl_evaluation_03,0.19858039915561676,21,PCC,C,2.748633861541748,0.0,2.1911550902586896e-06,0.39928483963012695,1.1537773609161377,53.24800109863281,0.2753092348575592
dfl_generated,dfl_evaluation_03,0.19858039915561676,22,PCC,A,2.695277214050293,0.0,3.960817025472352e-07,0.3637107312679291,1.1523869037628174,53.24800109863281,0.2845654785633087
dfl_generated,dfl_evaluation_03,0.19858039915561676,22,PCC,B,2.6947171688079834,0.0,0.0,0.3637107312679291,1.1523869037628174,53.24800109863281,0.2845654785633087
dfl_generated,dfl_evaluation_03,0.19858039915561676,22,PCC,C,2.6950440406799316,0.0,0.0,0.3637107312679291,1.1523869037628174,53.24800109863281,0.2845654785633087
dfl_generated,dfl_evaluation_03,0.19858039915561676,23,PCC,A,2.6713149547576904,0.0,0.0,0.34759950637817383,1.1521437168121338,53.24800109863281,0.2909945547580719
dfl_generated,dfl_evaluation_03,0.19858039915561676,23,PCC,B,2.671416759490967,0.0,0.0,0.34759950637817383,1.1521437168121338,53.24800109863281,0.2909945547580719
dfl_generated,dfl_evaluation_03,0.19858039915561676,23,PCC,C,2.671760082244873,0.0,0.0,0.34759950637817383,1.1521437168121338,53.24800109863281,0.2909945547580719
dfl_generated,dfl_evaluation_03,0.19858039915561676,24,PCC,A,2.595212936401367,0.0,0.0,0.29431068897247314,1.1526780128479004,53.24800109863281,0.29435399174690247
dfl_generated,dfl_evaluation_03,0.19858039915561676,24,PCC,B,2.5948946475982666,0.0,0.0,0.29431068897247314,1.1526780128479004,53.24800109863281,0.29435399174690247
dfl_generated,dfl_evaluation_03,0.19858039915561676,24,PCC,C,2.5938708782196045,0.0,8.441870846809252e-08,0.29431068897247314,1.1526780128479004,53.24800109863281,0.29435399174690247
dfl_generated,dfl_evaluation_03,0.19858039915561676,25,PCC,A,2.628391742706299,0.0,0.0,0.3179371654987335,1.151882290840149,53.24800109863281,0.28733396530151367
dfl_generated,dfl_evaluation_03,0.19858039915561676,25,PCC,B,2.627643585205078,0.0,1.5890076383584528e-06,0.3179371654987335,1.151882290840149,53.24800109863281,0.28733396530151367
dfl_generated,dfl_evaluation_03,0.19858039915561676,25,PCC,C,2.6282424926757812,0.0,6.084890742386051e-07,0.3179371654987335,1.151882290840149,53.24800109863281,0.28733396530151367
dfl_generated,dfl_evaluation_03,0.19858039915561676,26,PCC,A,2.489861488342285,0.0,0.0,0.2232462614774704,1.151379942893982,53.24800109863281,0.3201378881931305
dfl_generated,dfl_evaluation_03,0.19858039915561676,26,PCC,B,2.490046739578247,0.0,9.100196507461078e-07,0.2232462614774704,1.151379942893982,53.24800109863281,0.3201378881931305
dfl_generated,dfl_evaluation_03,0.19858039915561676,26,PCC,C,2.490159034729004,0.0,0.0,0.2232462614774704,1.151379942893982,53.24800109863281,0.3201378881931305
dfl_generated,dfl_evaluation_03,0.19858039915561676,27,PCC,A,2.548208475112915,0.0,0.0,0.2633455991744995,1.1515988111495972,53.24800109863281,0.3101767897605896
dfl_generated,dfl_evaluation_03,0.19858039915561676,27,PCC,B,2.5479180812835693,0.0,3.058089816931897e-07,0.2633455991744995,1.1515988111495972,53.24800109863281,0.3101767897605896
dfl_generated,dfl_evaluation_03,0.19858039915561676,27,PCC,C,2.5481839179992676,0.0,0.0,0.2633455991744995,1.1515988111495972,53.24800109863281,0.3101767897605896
dfl_generated,dfl_evaluation_03,0.19858039915561676,28,PCC,A,2.608407497406006,0.0,8.407767495555163e-07,0.3060445785522461,1.1508878469467163,53.24800109863281,0.3025971055030823
dfl_generated,dfl_evaluation_03,0.19858039915561676,28,PCC,B,2.6087486743927,0.0,2.182449208021353e-07,0.3060445785522461,1.1508878469467163,53.24800109863281,0.3025971055030823
dfl_generated,dfl_evaluation_03,0.19858039915561676,28,PCC,C,2.6081860065460205,0.0,2.901210564232315e-06,0.3060445785522461,1.1508878469467163,53.24800109863281,0.3025971055030823
dfl_generated,dfl_evaluation_03,0.19858039915561676,29,PCC,A,2.578460693359375,0.0,0.00042083102744072676,0.2850128710269928,1.150749683380127,53.24800109863281,0.29671549797058105
dfl_generated,dfl_evaluation_03,0.19858039915561676,29,PCC,B,2.5779147148132324,0.0,0.00037006079219281673,0.2850128710269928,1.150749683380127,53.24800109863281,0.29671549797058105
dfl_generated,dfl_evaluation_03,0.19858039915561676,29,PCC,C,2.5782876014709473,0.0,0.0003729240270331502,0.2850128710269928,1.150749683380127,53.24800109863281,0.29671549797058105
dfl_generated,dfl_evaluation_03,0.19858039915561676,30,PCC,A,2.765902042388916,0.0,0.0007341373711824417,0.4131304621696472,1.152271032333374,53.24800109863281,0.28961098194122314
dfl_generated,dfl_evaluation_03,0.19858039915561676,30,PCC,B,2.765004873275757,0.0,0.0008388254791498184,0.4131304621696472,1.152271032333374,53.24800109863281,0.28961098194122314
dfl_generated,dfl_evaluation_03,0.19858039915561676,30,PCC,C,2.764618396759033,0.0,0.0009311605244874954,0.4131304621696472,1.152271032333374,53.24800109863281,0.28961098194122314
dfl_generated,dfl_evaluation_03,0.19858039915561676,31,PCC,A,3.018239736557007,0.0,0.048410624265670776,0.5887197852134705,1.1533130407333374,53.24800109863281,0.2811228930950165
dfl_generated,dfl_evaluation_03,0.19858039915561676,31,PCC,B,3.017427444458008,0.0,0.048063963651657104,0.5887197852134705,1.1533130407333374,53.24800109863281,0.2811228930950165
dfl_generated,dfl_evaluation_03,0.19858039915561676,31,PCC,C,3.017775774002075,0.0,0.05010680854320526,0.5887197852134705,1.1533130407333374,53.24800109863281,0.2811228930950165
dfl_generated,dfl_evaluation_03,0.19858039915561676,32,PCC,A,2.77172589302063,0.0,0.2791351079940796,0.41616514325141907,1.1534113883972168,53.24800109863281,0.25424039363861084
dfl_generated,dfl_evaluation_03,0.19858039915561676,32,PCC,B,2.7722017765045166,0.0,0.2661571204662323,0.41616514325141907,1.1534113883972168,53.24800109863281,0.25424039363861084
dfl_generated,dfl_evaluation_03,0.19858039915561676,32,PCC,C,2.773308038711548,0.0,0.2737676203250885,0.41616514325141907,1.1534113883972168,53.24800109863281,0.25424039363861084
dfl_generated,dfl_evaluation_03,0.19858039915561676,33,PCC,A,2.9125285148620605,0.0,0.3866882622241974,0.5137431621551514,1.1536825895309448,53.24800109863281,0.27864447236061096
dfl_generated,dfl_evaluation_03,0.19858039915561676,33,PCC,B,2.9124202728271484,0.0,0.38790595531463623,0.5137431621551514,1.1536825895309448,53.24800109863281,0.27864447236061096
dfl_generated,dfl_evaluation_03,0.19858039915561676,33,PCC,C,2.9144227504730225,0.0,0.3918532729148865,0.5137431621551514,1.1536825895309448,53.24800109863281,0.27864447236061096
dfl_generated,dfl_evaluation_03,0.19858039915561676,34,PCC,A,2.7020366191864014,0.0,0.3141655921936035,0.3643687963485718,1.155008316040039,53.24800109863281,0.2839261591434479
dfl_generated,dfl_evaluation_03,0.19858039915561676,34,PCC,B,2.7019805908203125,0.0,0.3026650547981262,0.3643687963485718,1.155008316040039,53.24800109863281,0.2839261591434479
dfl_generated,dfl_evaluation_03,0.19858039915561676,34,PCC,C,2.7010200023651123,0.0,0.31211769580841064,0.3643687963485718,1.155008316040039,53.24800109863281,0.2839261591434479
dfl_generated,dfl_evaluation_03,0.19858039915561676,35,PCC,A,2.69918155670166,0.0,0.5113691687583923,0.36136627197265625,1.1558936834335327,53.24800109863281,0.2951797842979431
dfl_generated,dfl_evaluation_03,0.19858039915561676,35,PCC,B,2.698050022125244,0.0,0.5114960074424744,0.36136627197265625,1.1558936834335327,53.24800109863281,0.2951797842979431
dfl_generated,dfl_evaluation_03,0.19858039915561676,35,PCC,C,2.697108268737793,0.0,0.5051602125167847,0.36136627197265625,1.1558936834335327,53.24800109863281,0.2951797842979431
dfl_generated,dfl_evaluation_03,0.19858039915561676,36,PCC,A,2.9556286334991455,0.0,0.6012005805969238,0.5383059978485107,1.156270146369934,53.24800109863281,0.29756465554237366
dfl_generated,dfl_evaluation_03,0.19858039915561676,36,PCC,B,2.953888416290283,0.0,0.6011397838592529,0.5383059978485107,1.156270146369934,53.24800109863281,0.29756465554237366
dfl_generated,dfl_evaluation_03,0.19858039915561676,36,PCC,C,2.955280303955078,0.0,0.5979979634284973,0.5383059978485107,1.156270146369934,53.24800109863281,0.29756465554237366
dfl_generated,dfl_evaluation_03,0.19858039915561676,37,PCC,A,3.041527271270752,0.0,0.6072929501533508,0.6031783223152161,1.1539465188980103,53.24800109863281,0.2979646325111389
dfl_generated,dfl_evaluation_03,0.19858039915561676,37,PCC,B,3.0416345596313477,0.0,0.623093843460083,0.6031783223152161,1.1539465188980103,53.24800109863281,0.2979646325111389
dfl_generated,dfl_evaluation_03,0.19858039915561676,37,PCC,C,3.0418267250061035,0.0,0.6089580059051514,0.6031783223152161,1.1539465188980103,53.24800109863281,0.2979646325111389
dfl_generated,dfl_evaluation_03,0.19858039915561676,38,PCC,A,3.131493091583252,0.0,0.6180253028869629,0.6654155254364014,1.153363585472107,53.24800109863281,0.2961098849773407
dfl_generated,dfl_evaluation_03,0.19858039915561676,38,PCC,B,3.1338143348693848,0.0,0.6277199387550354,0.6654155254364014,1.153363585472107,53.24800109863281,0.2961098849773407
dfl_generated,dfl_evaluation_03,0.19858039915561676,38,PCC,C,3.1328682899475098,0.0,0.6331890225410461,0.6654155254364014,1.153363585472107,53.24800109863281,0.2961098849773407
dfl_generated,dfl_evaluation_03,0.19858039915561676,39,PCC,A,2.9201762676239014,0.0,0.6799782514572144,0.5210045576095581,1.1526037454605103,53.24800109863281,0.29531610012054443
dfl_generated,dfl_evaluation_03,0.19858039915561676,39,PCC,B,2.9227938652038574,0.0,0.673608124256134,0.5210045576095581,1.1526037454605103,53.24800109863281,0.29531610012054443
dfl_generated,dfl_evaluation_03,0.19858039915561676,39,PCC,C,2.9221158027648926,0.0,0.6861878037452698,0.5210045576095581,1.1526037454605103,53.24800109863281,0.29531610012054443
dfl_generated,dfl_evaluation_03,0.19858039915561676,40,PCC,A,2.9789860248565674,0.0,0.30517977476119995,0.5631123185157776,1.1495064496994019,53.24800109863281,0.27652257680892944
dfl_generated,dfl_evaluation_03,0.19858039915561676,40,PCC,B,2.9790375232696533,0.0,0.29707345366477966,0.5631123185157776,1.1495064496994019,53.24800109863281,0.27652257680892944
dfl_generated,dfl_evaluation_03,0.19858039915561676,40,PCC,C,2.9786899089813232,0.0,0.2981065511703491,0.5631123185157776,1.1495064496994019,53.24800109863281,0.27652257680892944
dfl_generated,dfl_evaluation_03,0.19858039915561676,41,PCC,A,2.913977861404419,0.0,0.005461603403091431,0.5185338854789734,1.1509015560150146,53.24800109863281,0.2607659697532654
dfl_generated,dfl_evaluation_03,0.19858039915561676,41,PCC,B,2.914250135421753,0.0,0.006155058741569519,0.5185338854789734,1.1509015560150146,53.24800109863281,0.2607659697532654
dfl_generated,dfl_evaluation_03,0.19858039915561676,41,PCC,C,2.915039539337158,0.0,0.006016373634338379,0.5185338854789734,1.1509015560150146,53.24800109863281,0.2607659697532654
dfl_generated,dfl_evaluation_03,0.19858039915561676,42,PCC,A,2.8917317390441895,0.0,0.001635141670703888,0.501911997795105,1.151652216911316,53.24800109863281,0.25230246782302856
dfl_generated,dfl_evaluation_03,0.19858039915561676,42,PCC,B,2.8906850814819336,0.0,0.0020438302308321,0.501911997795105,1.151652216911316,53.24800109863281,0.25230246782302856
dfl_generated,dfl_evaluation_03,0.19858039915561676,42,PCC,C,2.890493392944336,0.0,0.002163417637348175,0.501911997795105,1.151652216911316,53.24800109863281,0.25230246782302856
dfl_generated,dfl_evaluation_03,0.19858039915561676,43,PCC,A,2.9854016304016113,0.0,0.0,0.5692486763000488,1.1507983207702637,53.24800109863281,0.24373368918895721
dfl_generated,dfl_evaluation_03,0.19858039915561676,43,PCC,B,2.985731363296509,0.0,0.0,0.5692486763000488,1.1507983207702637,53.24800109863281,0.24373368918895721
dfl_generated,dfl_evaluation_03,0.19858039915561676,43,PCC,C,2.9843666553497314,0.0,0.0,0.5692486763000488,1.1507983207702637,53.24800109863281,0.24373368918895721
dfl_generated,dfl_evaluation_03,0.19858039915561676,44,PCC,A,2.825612783432007,0.0,0.0,0.458400696516037,1.1509438753128052,53.24800109863281,0.24344715476036072
dfl_generated,dfl_evaluation_03,0.19858039915561676,44,PCC,B,2.825871706008911,0.0,1.4367509493240505e-06,0.458400696516037,1.1509438753128052,53.24800109863281,0.24344715476036072
dfl_generated,dfl_evaluation_03,0.19858039915561676,44,PCC,C,2.8266775608062744,0.0,1.438287881683209e-06,0.458400696516037,1.1509438753128052,53.24800109863281,0.24344715476036072
dfl_generated,dfl_evaluation_03,0.19858039915561676,45,PCC,A,2.7421252727508545,0.0,0.0,0.39928483963012695,1.1498197317123413,53.24800109863281,0.25776606798171997
dfl_generated,dfl_evaluation_03,0.19858039915561676,45,PCC,B,2.740565776824951,0.0,0.0,0.39928483963012695,1.1498197317123413,53.24800109863281,0.25776606798171997
dfl_generated,dfl_evaluation_03,0.19858039915561676,45,PCC,C,2.7420549392700195,0.0,0.0,0.39928483963012695,1.1498197317123413,53.24800109863281,0.25776606798171997
dfl_generated,dfl_evaluation_03,0.19858039915561676,46,PCC,A,2.690948486328125,0.0,0.0,0.3637107312679291,1.149868130683899,53.24800109863281,0.27022573351860046
dfl_generated,dfl_evaluation_03,0.19858039915561676,46,PCC,B,2.6897449493408203,0.0,1.355139573888664e-07,0.3637107312679291,1.149868130683899,53.24800109863281,0.27022573351860046
dfl_generated,dfl_evaluation_03,0.19858039915561676,46,PCC,C,2.6894571781158447,0.0,0.0,0.3637107312679291,1.149868130683899,53.24800109863281,0.27022573351860046
dfl_generated,dfl_evaluation_03,0.19858039915561676,47,PCC,A,2.6653332710266113,0.0,0.0,0.34759950637817383,1.149830937385559,53.24800109863281,0.27545565366744995
dfl_generated,dfl_evaluation_03,0.19858039915561676,47,PCC,B,2.6666362285614014,0.0,0.0,0.34759950637817383,1.149830937385559,53.24800109863281,0.27545565366744995
dfl_generated,dfl_evaluation_03,0.19858039915561676,47,PCC,C,2.666771411895752,0.0,8.219841447498766e-07,0.34759950637817383,1.149830937385559,53.24800109863281,0.27545565366744995
dfl_generated,dfl_evaluation_04,0.19858039915561676,0,PCC,A,2.586345911026001,0.0,0.0,0.29431068897247314,1.148175835609436,53.24800109863281,0.28746187686920166
dfl_generated,dfl_evaluation_04,0.19858039915561676,0,PCC,B,2.586526393890381,0.0,7.458455684172804e-07,0.29431068897247314,1.148175835609436,53.24800109863281,0.28746187686920166
dfl_generated,dfl_evaluation_04,0.19858039915561676,0,PCC,C,2.5860066413879395,0.0,5.754108087785426e-07,0.29431068897247314,1.148175835609436,53.24800109863281,0.28746187686920166
dfl_generated,dfl_evaluation_04,0.19858039915561676,1,PCC,A,2.620349645614624,0.0,7.706295264142682e-07,0.3179371654987335,1.1480828523635864,53.24800109863281,0.29053598642349243
dfl_generated,dfl_evaluation_04,0.19858039915561676,1,PCC,B,2.6206600666046143,0.0,8.599445209256373e-07,0.3179371654987335,1.1480828523635864,53.24800109863281,0.29053598642349243
dfl_generated,dfl_evaluation_04,0.19858039915561676,1,PCC,C,2.620316982269287,0.0,0.0,0.3179371654987335,1.1480828523635864,53.24800109863281,0.29053598642349243
dfl_generated,dfl_evaluation_04,0.19858039915561676,2,PCC,A,2.484694242477417,0.0,0.0,0.2232462614774704,1.1481274366378784,53.24800109863281,0.2897436022758484
dfl_generated,dfl_evaluation_04,0.19858039915561676,2,PCC,B,2.4845407009124756,0.0,3.476268659596826e-07,0.2232462614774704,1.1481274366378784,53.24800109863281,0.2897436022758484
dfl_generated,dfl_evaluation_04,0.19858039915561676,2,PCC,C,2.484497308731079,0.0,0.0,0.2232462614774704,1.1481274366378784,53.24800109863281,0.2897436022758484
dfl_generated,dfl_evaluation_04,0.19858039915561676,3,PCC,A,2.5423004627227783,0.0,7.061250073547853e-08,0.2633455991744995,1.14860999584198,53.24800109863281,0.28187817335128784
dfl_generated,dfl_evaluation_04,0.19858039915561676,3,PCC,B,2.542607545852661,0.0,1.2042382877552882e-06,0.2633455991744995,1.14860999584198,53.24800109863281,0.28187817335128784
dfl_generated,dfl_evaluation_04,0.19858039915561676,3,PCC,C,2.5429234504699707,0.0,1.0937561683022068e-06,0.2633455991744995,1.14860999584198,53.24800109863281,0.28187817335128784
dfl_generated,dfl_evaluation_04,0.19858039915561676,4,PCC,A,2.60448956489563,0.0,1.8753279107386334e-07,0.3060445785522461,1.1488672494888306,53.24800109863281,0.27736392617225647
dfl_generated,dfl_evaluation_04,0.19858039915561676,4,PCC,B,2.6038765907287598,0.0,1.5659778682675096e-06,0.3060445785522461,1.1488672494888306,53.24800109863281,0.27736392617225647
dfl_generated,dfl_evaluation_04,0.19858039915561676,4,PCC,C,2.604048490524292,0.0,5.845987516295281e-07,0.3060445785522461,1.1488672494888306,53.24800109863281,0.27736392617225647
dfl_generated,dfl_evaluation_04,0.19858039915561676,5,PCC,A,2.5742037296295166,0.0,0.0003641531802713871,0.2850128710269928,1.1489135026931763,53.24800109863281,0.2644718289375305
dfl_generated,dfl_evaluation_04,0.19858039915561676,5,PCC,B,2.574389696121216,0.0,0.0003029555082321167,0.2850128710269928,1.1489135026931763,53.24800109863281,0.2644718289375305
dfl_generated,dfl_evaluation_04,0.19858039915561676,5,PCC,C,2.574335813522339,0.0,0.00034786423202604055,0.2850128710269928,1.1489135026931763,53.24800109863281,0.2644718289375305
dfl_generated,dfl_evaluation_04,0.19858039915561676,6,PCC,A,2.7578649520874023,0.0,0.0,0.4131304621696472,1.148738145828247,53.24800109863281,0.25890815258026123
dfl_generated,dfl_evaluation_04,0.19858039915561676,6,PCC,B,2.757002592086792,0.0,0.0,0.4131304621696472,1.148738145828247,53.24800109863281,0.25890815258026123
dfl_generated,dfl_evaluation_04,0.19858039915561676,6,PCC,C,2.758068561553955,0.0,0.0,0.4131304621696472,1.148738145828247,53.24800109863281,0.25890815258026123
dfl_generated,dfl_evaluation_04,0.19858039915561676,7,PCC,A,3.0076100826263428,0.0,0.0,0.5887197852134705,1.1480019092559814,53.24800109863281,0.2592051327228546
dfl_generated,dfl_evaluation_04,0.19858039915561676,7,PCC,B,3.006739377975464,0.0,0.0,0.5887197852134705,1.1480019092559814,53.24800109863281,0.2592051327228546
dfl_generated,dfl_evaluation_04,0.19858039915561676,7,PCC,C,3.006711006164551,0.0,0.0,0.5887197852134705,1.1480019092559814,53.24800109863281,0.2592051327228546
dfl_generated,dfl_evaluation_04,0.19858039915561676,8,PCC,A,2.7602782249450684,0.0,0.1547088921070099,0.41616514325141907,1.14825439453125,53.24800109863281,0.2592524290084839
dfl_generated,dfl_evaluation_04,0.19858039915561676,8,PCC,B,2.759737253189087,0.0,0.1541619896888733,0.41616514325141907,1.14825439453125,53.24800109863281,0.2592524290084839
dfl_generated,dfl_evaluation_04,0.19858039915561676,8,PCC,C,2.759369373321533,0.0,0.1512829065322876,0.41616514325141907,1.14825439453125,53.24800109863281,0.2592524290084839
dfl_generated,dfl_evaluation_04,0.19858039915561676,9,PCC,A,2.900916337966919,0.0,0.35330483317375183,0.5137431621551514,1.1483235359191895,53.24800109863281,0.22170767188072205
dfl_generated,dfl_evaluation_04,0.19858039915561676,9,PCC,B,2.9014992713928223,0.0,0.36068686842918396,0.5137431621551514,1.1483235359191895,53.24800109863281,0.22170767188072205
dfl_generated,dfl_evaluation_04,0.19858039915561676,9,PCC,C,2.901880979537964,0.0,0.3504323959350586,0.5137431621551514,1.1483235359191895,53.24800109863281,0.22170767188072205
dfl_generated,dfl_evaluation_04,0.19858039915561676,10,PCC,A,2.6893603801727295,0.0,0.5187132358551025,0.3643687963485718,1.1492937803268433,53.24800109863281,0.26734960079193115
dfl_generated,dfl_evaluation_04,0.19858039915561676,10,PCC,B,2.689779281616211,0.0,0.51810622215271,0.3643687963485718,1.1492937803268433,53.24800109863281,0.26734960079193115
dfl_generated,dfl_evaluation_04,0.19858039915561676,10,PCC,C,2.687351942062378,0.0,0.5066486597061157,0.3643687963485718,1.1492937803268433,53.24800109863281,0.26734960079193115
dfl_generated,dfl_evaluation_04,0.19858039915561676,11,PCC,A,2.688296318054199,0.0,0.5068693161010742,0.36136627197265625,1.15149986743927,53.24800109863281,0.27565881609916687
dfl_generated,dfl_evaluation_04,0.19858039915561676,11,PCC,B,2.687394857406616,0.0,0.5095727443695068,0.36136627197265625,1.15149986743927,53.24800109863281,0.27565881609916687
dfl_generated,dfl_evaluation_04,0.19858039915561676,11,PCC,C,2.6884243488311768,0.0,0.5017116069793701,0.36136627197265625,1.15149986743927,53.24800109863281,0.27565881609916687
dfl_generated,dfl_evaluation_04,0.19858039915561676,12,PCC,A,2.946639060974121,0.0,0.5467026829719543,0.5383059978485107,1.152758002281189,53.24800109863281,0.28112900257110596
dfl_generated,dfl_evaluation_04,0.19858039915561676,12,PCC,B,2.9430408477783203,0.0,0.5519230365753174,0.5383059978485107,1.152758002281189,53.24800109863281,0.28112900257110596
dfl_generated,dfl_evaluation_04,0.19858039915561676,12,PCC,C,2.9441990852355957,0.0,0.5462338924407959,0.5383059978485107,1.152758002281189,53.24800109863281,0.28112900257110596
dfl_generated,dfl_evaluation_04,0.19858039915561676,13,PCC,A,3.0366408824920654,0.0,0.5644686818122864,0.6031783223152161,1.1526676416397095,53.24800109863281,0.2818133234977722
dfl_generated,dfl_evaluation_04,0.19858039915561676,13,PCC,B,3.0352120399475098,0.0,0.5751170516014099,0.6031783223152161,1.1526676416397095,53.24800109863281,0.2818133234977722
dfl_generated,dfl_evaluation_04,0.19858039915561676,13,PCC,C,3.037907600402832,0.0,0.5662498474121094,0.6031783223152161,1.1526676416397095,53.24800109863281,0.2818133234977722
dfl_generated,dfl_evaluation_04,0.19858039915561676,14,PCC,A,3.126150131225586,0.0,0.42804306745529175,0.6654155254364014,1.1530444622039795,53.24800109863281,0.2790583074092865
dfl_generated,dfl_evaluation_04,0.19858039915561676,14,PCC,B,3.128288984298706,0.0,0.4494461715221405,0.6654155254364014,1.1530444622039795,53.24800109863281,0.2790583074092865
dfl_generated,dfl_evaluation_04,0.19858039915561676,14,PCC,C,3.1280221939086914,0.0,0.4432005286216736,0.6654155254364014,1.1530444622039795,53.24800109863281,0.2790583074092865
dfl_generated,dfl_evaluation_04,0.19858039915561676,15,PCC,A,2.9190402030944824,0.0,0.25626373291015625,0.5210045576095581,1.1508979797363281,53.24800109863281,0.2804013788700104
dfl_generated,dfl_evaluation_04,0.19858039915561676,15,PCC,B,2.9178357124328613,0.0,0.2506805658340454,0.5210045576095581,1.1508979797363281,53.24800109863281,0.2804013788700104
dfl_generated,dfl_evaluation_04,0.19858039915561676,15,PCC,C,2.917387008666992,0.0,0.23957842588424683,0.5210045576095581,1.1508979797363281,53.24800109863281,0.2804013788700104
dfl_generated,dfl_evaluation_04,0.19858039915561676,16,PCC,A,2.975235939025879,0.0,0.0732550323009491,0.5631123185157776,1.149322509765625,53.24800109863281,0.27847886085510254
dfl_generated,dfl_evaluation_04,0.19858039915561676,16,PCC,B,2.975830078125,0.0,0.06762662529945374,0.5631123185157776,1.149322509765625,53.24800109863281,0.27847886085510254
dfl_generated,dfl_evaluation_04,0.19858039915561676,16,PCC,C,2.9749526977539062,0.0,0.07205519080162048,0.5631123185157776,1.149322509765625,53.24800109863281,0.27847886085510254
dfl_generated,dfl_evaluation_04,0.19858039915561676,17,PCC,A,2.9051687717437744,0.0,0.0,0.5185338854789734,1.1477612257003784,53.24800109863281,0.27099868655204773
dfl_generated,dfl_evaluation_04,0.19858039915561676,17,PCC,B,2.9048993587493896,0.0,0.0,0.5185338854789734,1.1477612257003784,53.24800109863281,0.27099868655204773
dfl_generated,dfl_evaluation_04,0.19858039915561676,17,PCC,C,2.9070639610290527,0.0,0.0,0.5185338854789734,1.1477612257003784,53.24800109863281,0.27099868655204773
dfl_generated,dfl_evaluation_04,0.19858039915561676,18,PCC,A,2.882291793823242,0.0,1.0874122381210327e-05,0.501911997795105,1.1467540264129639,53.24800109863281,0.26350265741348267
dfl_generated,dfl_evaluation_04,0.19858039915561676,18,PCC,B,2.880959987640381,0.0,0.0,0.501911997795105,1.1467540264129639,53.24800109863281,0.26350265741348267
dfl_generated,dfl_evaluation_04,0.19858039915561676,18,PCC,C,2.8816702365875244,0.0,0.0,0.501911997795105,1.1467540264129639,53.24800109863281,0.26350265741348267
dfl_generated,dfl_evaluation_04,0.19858039915561676,19,PCC,A,2.9788501262664795,0.0,0.000383801874704659,0.5692486763000488,1.147137999534607,53.24800109863281,0.26125597953796387
dfl_generated,dfl_evaluation_04,0.19858039915561676,19,PCC,B,2.979055643081665,0.0,0.000554010970517993,0.5692486763000488,1.147137999534607,53.24800109863281,0.26125597953796387
dfl_generated,dfl_evaluation_04,0.19858039915561676,19,PCC,C,2.9789459705352783,0.0,0.0005180493462830782,0.5692486763000488,1.147137999534607,53.24800109863281,0.26125597953796387
dfl_generated,dfl_evaluation_04,0.19858039915561676,20,PCC,A,2.819657564163208,0.0,6.239066010493843e-07,0.458400696516037,1.1471151113510132,53.24800109863281,0.2647705674171448
dfl_generated,dfl_evaluation_04,0.19858039915561676,20,PCC,B,2.8192341327667236,0.0,5.319382694324304e-07,0.458400696516037,1.1471151113510132,53.24800109863281,0.2647705674171448
dfl_generated,dfl_evaluation_04,0.19858039915561676,20,PCC,C,2.8189749717712402,0.0,5.081301424070261e-07,0.458400696516037,1.1471151113510132,53.24800109863281,0.2647705674171448
dfl_generated,dfl_evaluation_04,0.19858039915561676,21,PCC,A,2.7354772090911865,0.0,1.863923841938231e-07,0.39928483963012695,1.1469305753707886,53.24800109863281,0.2700382471084595
dfl_generated,dfl_evaluation_04,0.19858039915561676,21,PCC,B,2.734017848968506,0.0,6.453623768720718e-07,0.39928483963012695,1.1469305753707886,53.24800109863281,0.2700382471084595
dfl_generated,dfl_evaluation_04,0.19858039915561676,21,PCC,C,2.7335317134857178,0.0,6.165502668409317e-07,0.39928483963012695,1.1469305753707886,53.24800109863281,0.2700382471084595
dfl_generated,dfl_evaluation_04,0.19858039915561676,22,PCC,A,2.68471097946167,0.0,9.763336947798962e-07,0.3637107312679291,1.1479336023330688,53.24800109863281,0.279806524515152
dfl_generated,dfl_evaluation_04,0.19858039915561676,22,PCC,B,2.684511184692383,0.0,1.3209842109063175e-07,0.3637107312679291,1.1479336023330688,53.24800109863281,0.279806524515152
dfl_generated,dfl_evaluation_04,0.19858039915561676,22,PCC,C,2.6852643489837646,0.0,1.2689315553870983e-06,0.3637107312679291,1.1479336023330688,53.24800109863281,0.279806524515152
dfl_generated,dfl_evaluation_04,0.19858039915561676,23,PCC,A,2.6614816188812256,0.0,8.759035381444846e-07,0.34759950637817383,1.1477808952331543,53.24800109863281,0.285888135433197
dfl_generated,dfl_evaluation_04,0.19858039915561676,23,PCC,B,2.661932945251465,0.0,1.9306018828046945e-07,0.34759950637817383,1.1477808952331543,53.24800109863281,0.285888135433197
dfl_generated,dfl_evaluation_04,0.19858039915561676,23,PCC,C,2.6619341373443604,0.0,2.743622360412701e-07,0.34759950637817383,1.1477808952331543,53.24800109863281,0.285888135433197
dfl_generated,dfl_evaluation_04,0.19858039915561676,24,PCC,A,2.586137294769287,0.0,2.3318379760439711e-07,0.29431068897247314,1.1476675271987915,53.24800109863281,0.2843521237373352
dfl_generated,dfl_evaluation_04,0.19858039915561676,24,PCC,B,2.5857651233673096,0.0,3.696037254030671e-08,0.29431068897247314,1.1476675271987915,53.24800109863281,0.2843521237373352
dfl_generated,dfl_evaluation_04,0.19858039915561676,24,PCC,C,2.585785150527954,0.0,8.677353093844431e-07,0.29431068897247314,1.1476675271987915,53.24800109863281,0.2843521237373352
dfl_generated,dfl_evaluation_04,0.19858039915561676,25,PCC,A,2.620279550552368,0.0,0.0,0.3179371654987335,1.1485940217971802,34.72425079345703,0.28773728013038635
dfl_generated,dfl_evaluation_04,0.19858039915561676,25,PCC,B,2.620356559753418,0.0,0.0,0.3179371654987335,1.1485940217971802,34.72425079345703,0.28773728013038635
dfl_generated,dfl_evaluation_04,0.19858039915561676,25,PCC,C,2.620403528213501,0.0,7.930753440632543e-07,0.3179371654987335,1.1485940217971802,34.72425079345703,0.28773728013038635
dfl_generated,dfl_evaluation_04,0.19858039915561676,26,PCC,A,2.4855005741119385,0.0,0.0,0.2232462614774704,1.1487780809402466,34.72425079345703,0.30464714765548706
dfl_generated,dfl_evaluation_04,0.19858039915561676,26,PCC,B,2.484482526779175,0.0,6.68384359414631e-07,0.2232462614774704,1.1487780809402466,34.72425079345703,0.30464714765548706
dfl_generated,dfl_evaluation_04,0.19858039915561676,26,PCC,C,2.4854209423065186,0.0,2.4906184989959e-06,0.2232462614774704,1.1487780809402466,34.72425079345703,0.30464714765548706
dfl_generated,dfl_evaluation_04,0.19858039915561676,27,PCC,A,2.5434138774871826,0.0,4.6098548978079634e-07,0.2633455991744995,1.1489012241363525,53.24800109863281,0.2879347503185272
dfl_generated,dfl_evaluation_04,0.19858039915561676,27,PCC,B,2.5426149368286133,0.0,0.0,0.2633455991744995,1.1489012241363525,53.24800109863281,0.2879347503185272
dfl_generated,dfl_evaluation_04,0.19858039915561676,27,PCC,C,2.5428943634033203,0.0,3.201279810127744e-07,0.2633455991744995,1.1489012241363525,53.24800109863281,0.2879347503185272
dfl_generated,dfl_evaluation_04,0.19858039915561676,28,PCC,A,2.6045405864715576,0.0,1.2398760418363963e-06,0.3060445785522461,1.149126410484314,53.24800109863281,0.26534295082092285
dfl_generated,dfl_evaluation_04,0.19858039915561676,28,PCC,B,2.6048057079315186,0.0,1.1947389566557831e-06,0.3060445785522461,1.149126410484314,53.24800109863281,0.26534295082092285
dfl_generated,dfl_evaluation_04,0.19858039915561676,28,PCC,C,2.6045777797698975,0.0,1.0103352678925148e-06,0.3060445785522461,1.149126410484314,53.24800109863281,0.26534295082092285
dfl_generated,dfl_evaluation_04,0.19858039915561676,29,PCC,A,2.575362205505371,0.0,0.00019899127073585987,0.2850128710269928,1.149429440498352,53.24800109863281,0.25122353434562683
dfl_generated,dfl_evaluation_04,0.19858039915561676,29,PCC,B,2.5757083892822266,0.0,0.0002271737903356552,0.2850128710269928,1.149429440498352,53.24800109863281,0.25122353434562683
dfl_generated,dfl_evaluation_04,0.19858039915561676,29,PCC,C,2.575486183166504,0.0,0.0001974807819351554,0.2850128710269928,1.149429440498352,53.24800109863281,0.25122353434562683
dfl_generated,dfl_evaluation_04,0.19858039915561676,30,PCC,A,2.7594685554504395,0.0,0.0,0.4131304621696472,1.1491259336471558,121.88175201416016,0.24222272634506226
dfl_generated,dfl_evaluation_04,0.19858039915561676,30,PCC,B,2.7591357231140137,0.0,0.0,0.4131304621696472,1.1491259336471558,121.88175201416016,0.24222272634506226
dfl_generated,dfl_evaluation_04,0.19858039915561676,30,PCC,C,2.7589802742004395,0.0,0.0,0.4131304621696472,1.1491259336471558,121.88175201416016,0.24222272634506226
dfl_generated,dfl_evaluation_04,0.19858039915561676,31,PCC,A,3.0079092979431152,0.0,0.0,0.5887197852134705,1.1478723287582397,121.88175201416016,0.23837584257125854
dfl_generated,dfl_evaluation_04,0.19858039915561676,31,PCC,B,3.0083751678466797,0.0,0.0,0.5887197852134705,1.1478723287582397,121.88175201416016,0.23837584257125854
dfl_generated,dfl_evaluation_04,0.19858039915561676,31,PCC,C,3.0076324939727783,0.0,0.0,0.5887197852134705,1.1478723287582397,121.88175201416016,0.23837584257125854
dfl_generated,dfl_evaluation_04,0.19858039915561676,32,PCC,A,2.75862455368042,0.0,0.29792940616607666,0.41616514325141907,1.1469048261642456,121.88175201416016,0.24227800965309143
dfl_generated,dfl_evaluation_04,0.19858039915561676,32,PCC,B,2.7579522132873535,0.0,0.30059316754341125,0.41616514325141907,1.1469048261642456,121.88175201416016,0.24227800965309143
dfl_generated,dfl_evaluation_04,0.19858039915561676,32,PCC,C,2.7594573497772217,0.0,0.2986255884170532,0.41616514325141907,1.1469048261642456,121.88175201416016,0.24227800965309143
dfl_generated,dfl_evaluation_04,0.19858039915561676,33,PCC,A,2.900360107421875,0.0,0.6212220191955566,0.5137431621551514,1.148511528968811,121.88175201416016,0.23743654787540436
dfl_generated,dfl_evaluation_04,0.19858039915561676,33,PCC,B,2.902438163757324,0.0,0.607782244682312,0.5137431621551514,1.148511528968811,121.88175201416016,0.23743654787540436
dfl_generated,dfl_evaluation_04,0.19858039915561676,33,PCC,C,2.9025354385375977,0.0,0.6131196618080139,0.5137431621551514,1.148511528968811,121.88175201416016,0.23743654787540436
dfl_generated,dfl_evaluation_04,0.19858039915561676,34,PCC,A,2.693848133087158,0.0,0.674225926399231,0.3643687963485718,1.152095079421997,53.24800109863281,0.23857653141021729
dfl_generated,dfl_evaluation_04,0.19858039915561676,34,PCC,B,2.6963765621185303,0.0,0.6688730716705322,0.3643687963485718,1.152095079421997,53.24800109863281,0.23857653141021729
dfl_generated,dfl_evaluation_04,0.19858039915561676,34,PCC,C,2.695307731628418,0.0,0.6642167568206787,0.3643687963485718,1.152095079421997,53.24800109863281,0.23857653141021729
dfl_generated,dfl_evaluation_04,0.19858039915561676,35,PCC,A,2.696467876434326,0.0,0.8221823573112488,0.36136627197265625,1.155102252960205,53.24800109863281,0.24643772840499878
dfl_generated,dfl_evaluation_04,0.19858039915561676,35,PCC,B,2.6952147483825684,0.0,0.8122484087944031,0.36136627197265625,1.155102252960205,53.24800109863281,0.24643772840499878
dfl_generated,dfl_evaluation_04,0.19858039915561676,35,PCC,C,2.6964480876922607,0.0,0.8173462152481079,0.36136627197265625,1.155102252960205,53.24800109863281,0.24643772840499878
dfl_generated,dfl_evaluation_04,0.19858039915561676,36,PCC,A,2.953829050064087,0.0,0.9056062698364258,0.5383059978485107,1.154736876487732,34.72425079345703,0.2594447731971741
dfl_generated,dfl_evaluation_04,0.19858039915561676,36,PCC,B,2.951554298400879,0.0,0.9018184542655945,0.5383059978485107,1.154736876487732,34.72425079345703,0.2594447731971741
dfl_generated,dfl_evaluation_04,0.19858039915561676,36,PCC,C,2.9517760276794434,0.0,0.8928663730621338,0.5383059978485107,1.154736876487732,34.72425079345703,0.2594447731971741
dfl_generated,dfl_evaluation_04,0.19858039915561676,37,PCC,A,3.0448169708251953,0.0,1.0094854831695557,0.6031783223152161,1.1549334526062012,34.72425079345703,0.26025381684303284
dfl_generated,dfl_evaluation_04,0.19858039915561676,37,PCC,B,3.0398974418640137,0.0,1.007327675819397,0.6031783223152161,1.1549334526062012,34.72425079345703,0.26025381684303284
dfl_generated,dfl_evaluation_04,0.19858039915561676,37,PCC,C,3.0421435832977295,0.0,1.0100736618041992,0.6031783223152161,1.1549334526062012,34.72425079345703,0.26025381684303284
dfl_generated,dfl_evaluation_04,0.19858039915561676,38,PCC,A,3.138627767562866,0.0,0.8652085661888123,0.6654155254364014,1.1563392877578735,34.72425079345703,0.2605738341808319
dfl_generated,dfl_evaluation_04,0.19858039915561676,38,PCC,B,3.136162281036377,0.0,0.8580496907234192,0.6654155254364014,1.1563392877578735,34.72425079345703,0.2605738341808319
dfl_generated,dfl_evaluation_04,0.19858039915561676,38,PCC,C,3.1358351707458496,0.0,0.857617199420929,0.6654155254364014,1.1563392877578735,34.72425079345703,0.2605738341808319
dfl_generated,dfl_evaluation_04,0.19858039915561676,39,PCC,A,2.924008846282959,0.0,0.753182590007782,0.5210045576095581,1.1541147232055664,34.72425079345703,0.26026102900505066
dfl_generated,dfl_evaluation_04,0.19858039915561676,39,PCC,B,2.9227898120880127,0.0,0.7569441795349121,0.5210045576095581,1.1541147232055664,34.72425079345703,0.26026102900505066
dfl_generated,dfl_evaluation_04,0.19858039915561676,39,PCC,C,2.926405429840088,0.0,0.7649977803230286,0.5210045576095581,1.1541147232055664,34.72425079345703,0.26026102900505066
dfl_generated,dfl_evaluation_04,0.19858039915561676,40,PCC,A,2.981576442718506,0.0,0.34759610891342163,0.5631123185157776,1.1526223421096802,53.24800109863281,0.2507377564907074
dfl_generated,dfl_evaluation_04,0.19858039915561676,40,PCC,B,2.9795515537261963,0.0,0.3434109687805176,0.5631123185157776,1.1526223421096802,53.24800109863281,0.2507377564907074
dfl_generated,dfl_evaluation_04,0.19858039915561676,40,PCC,C,2.9830322265625,0.0,0.34735992550849915,0.5631123185157776,1.1526223421096802,53.24800109863281,0.2507377564907074
dfl_generated,dfl_evaluation_04,0.19858039915561676,41,PCC,A,2.9104056358337402,0.0,0.0001767575740814209,0.5185338854789734,1.1488393545150757,53.24800109863281,0.23805470764636993
dfl_generated,dfl_evaluation_04,0.19858039915561676,41,PCC,B,2.9095983505249023,0.0,0.007514938712120056,0.5185338854789734,1.1488393545150757,53.24800109863281,0.23805470764636993
dfl_generated,dfl_evaluation_04,0.19858039915561676,41,PCC,C,2.9105477333068848,0.0,0.003880426287651062,0.5185338854789734,1.1488393545150757,53.24800109863281,0.23805470764636993
dfl_generated,dfl_evaluation_04,0.19858039915561676,42,PCC,A,2.886528491973877,0.0,0.0005584061145782471,0.501911997795105,1.148323893547058,53.24800109863281,0.235676109790802
dfl_generated,dfl_evaluation_04,0.19858039915561676,42,PCC,B,2.884730339050293,0.0,0.0007213801145553589,0.501911997795105,1.148323893547058,53.24800109863281,0.235676109790802
dfl_generated,dfl_evaluation_04,0.19858039915561676,42,PCC,C,2.884143114089966,0.0,0.0011651180684566498,0.501911997795105,1.148323893547058,53.24800109863281,0.235676109790802
dfl_generated,dfl_evaluation_04,0.19858039915561676,43,PCC,A,2.981419801712036,0.0,0.0004064030363224447,0.5692486763000488,1.148474931716919,53.24800109863281,0.24258634448051453
dfl_generated,dfl_evaluation_04,0.19858039915561676,43,PCC,B,2.9804344177246094,0.0,0.00039913784712553024,0.5692486763000488,1.148474931716919,53.24800109863281,0.24258634448051453
dfl_generated,dfl_evaluation_04,0.19858039915561676,43,PCC,C,2.9808950424194336,0.0,0.0004323863540776074,0.5692486763000488,1.148474931716919,53.24800109863281,0.24258634448051453
dfl_generated,dfl_evaluation_04,0.19858039915561676,44,PCC,A,2.8210034370422363,0.0,1.2331066727711004e-06,0.458400696516037,1.1472845077514648,53.24800109863281,0.23306114971637726
dfl_generated,dfl_evaluation_04,0.19858039915561676,44,PCC,B,2.820462703704834,0.0,0.0,0.458400696516037,1.1472845077514648,53.24800109863281,0.23306114971637726
dfl_generated,dfl_evaluation_04,0.19858039915561676,44,PCC,C,2.8208532333374023,0.0,2.0178977138129994e-06,0.458400696516037,1.1472845077514648,53.24800109863281,0.23306114971637726
dfl_generated,dfl_evaluation_04,0.19858039915561676,45,PCC,A,2.7357211112976074,0.0,1.755274752213154e-07,0.39928483963012695,1.1475090980529785,53.24800109863281,0.23768436908721924
dfl_generated,dfl_evaluation_04,0.19858039915561676,45,PCC,B,2.7355294227600098,0.0,9.49375703385158e-07,0.39928483963012695,1.1475090980529785,53.24800109863281,0.23768436908721924
dfl_generated,dfl_evaluation_04,0.19858039915561676,45,PCC,C,2.7345964908599854,0.0,2.4983714297377446e-07,0.39928483963012695,1.1475090980529785,53.24800109863281,0.23768436908721924
dfl_generated,dfl_evaluation_04,0.19858039915561676,46,PCC,A,2.6854004859924316,0.0,1.8850377614398894e-07,0.3637107312679291,1.1480752229690552,53.24800109863281,0.2528668940067291
dfl_generated,dfl_evaluation_04,0.19858039915561676,46,PCC,B,2.6845004558563232,0.0,0.0,0.3637107312679291,1.1480752229690552,53.24800109863281,0.2528668940067291
dfl_generated,dfl_evaluation_04,0.19858039915561676,46,PCC,C,2.684950113296509,0.0,1.4821670220044325e-06,0.3637107312679291,1.1480752229690552,53.24800109863281,0.2528668940067291
dfl_generated,dfl_evaluation_04,0.19858039915561676,47,PCC,A,2.662437915802002,0.0,2.8365673188091023e-07,0.34759950637817383,1.1485155820846558,53.24800109863281,0.2586407959461212
dfl_generated,dfl_evaluation_04,0.19858039915561676,47,PCC,B,2.6616601943969727,0.0,5.073292186352774e-07,0.34759950637817383,1.1485155820846558,53.24800109863281,0.2586407959461212
dfl_generated,dfl_evaluation_04,0.19858039915561676,47,PCC,C,2.6624066829681396,0.0,8.86767168140068e-07,0.34759950637817383,1.1485155820846558,53.24800109863281,0.2586407959461212
dfl_generated,dfl_evaluation_05,0.19858039915561676,0,PCC,A,2.6096417903900146,0.0,1.6657827472954523e-06,0.29431068897247314,1.1603031158447266,53.24800109863281,0.31670859456062317
dfl_generated,dfl_evaluation_05,0.19858039915561676,0,PCC,B,2.610903024673462,0.0,3.0489246682918747e-07,0.29431068897247314,1.1603031158447266,53.24800109863281,0.31670859456062317
dfl_generated,dfl_evaluation_05,0.19858039915561676,0,PCC,C,2.6101505756378174,0.0,0.0,0.29431068897247314,1.1603031158447266,53.24800109863281,0.31670859456062317
dfl_generated,dfl_evaluation_05,0.19858039915561676,1,PCC,A,2.640958547592163,0.0,7.145544600462017e-07,0.3179371654987335,1.1582549810409546,34.72425079345703,0.3126838803291321
dfl_generated,dfl_evaluation_05,0.19858039915561676,1,PCC,B,2.642195701599121,0.0,6.498233915408491e-07,0.3179371654987335,1.1582549810409546,34.72425079345703,0.3126838803291321
dfl_generated,dfl_evaluation_05,0.19858039915561676,1,PCC,C,2.641288995742798,0.0,1.2442765751075058e-07,0.3179371654987335,1.1582549810409546,34.72425079345703,0.3126838803291321
dfl_generated,dfl_evaluation_05,0.19858039915561676,2,PCC,A,2.5014095306396484,0.0,2.317774033144815e-06,0.2232462614774704,1.1572691202163696,34.72425079345703,0.34256088733673096
dfl_generated,dfl_evaluation_05,0.19858039915561676,2,PCC,B,2.5018575191497803,0.0,0.0,0.2232462614774704,1.1572691202163696,34.72425079345703,0.34256088733673096
dfl_generated,dfl_evaluation_05,0.19858039915561676,2,PCC,C,2.5018749237060547,0.0,6.54503480745916e-07,0.2232462614774704,1.1572691202163696,34.72425079345703,0.34256088733673096
dfl_generated,dfl_evaluation_05,0.19858039915561676,3,PCC,A,2.557704448699951,0.0,0.0,0.2633455991744995,1.156238317489624,34.72425079345703,0.3187049627304077
dfl_generated,dfl_evaluation_05,0.19858039915561676,3,PCC,B,2.557410478591919,0.0,0.0,0.2633455991744995,1.156238317489624,34.72425079345703,0.3187049627304077
dfl_generated,dfl_evaluation_05,0.19858039915561676,3,PCC,C,2.5562527179718018,0.0,0.0,0.2633455991744995,1.156238317489624,34.72425079345703,0.3187049627304077
dfl_generated,dfl_evaluation_05,0.19858039915561676,4,PCC,A,2.616507053375244,0.0,3.267271722506848e-06,0.3060445785522461,1.1549378633499146,34.72425079345703,0.30795106291770935
dfl_generated,dfl_evaluation_05,0.19858039915561676,4,PCC,B,2.6166865825653076,0.0,0.0,0.3060445785522461,1.1549378633499146,34.72425079345703,0.30795106291770935
dfl_generated,dfl_evaluation_05,0.19858039915561676,4,PCC,C,2.617184638977051,0.0,0.0,0.3060445785522461,1.1549378633499146,34.72425079345703,0.30795106291770935
dfl_generated,dfl_evaluation_05,0.19858039915561676,5,PCC,A,2.5909926891326904,0.0,0.003612734843045473,0.2850128710269928,1.1571662425994873,34.72425079345703,0.30734366178512573
dfl_generated,dfl_evaluation_05,0.19858039915561676,5,PCC,B,2.5903067588806152,0.0,0.0038094145711511374,0.2850128710269928,1.1571662425994873,34.72425079345703,0.30734366178512573
dfl_generated,dfl_evaluation_05,0.19858039915561676,5,PCC,C,2.591162919998169,0.0,0.003652513027191162,0.2850128710269928,1.1571662425994873,34.72425079345703,0.30734366178512573
dfl_generated,dfl_evaluation_05,0.19858039915561676,6,PCC,A,2.789233922958374,0.0,0.05506056919693947,0.4131304621696472,1.1627814769744873,53.24800109863281,0.28430476784706116
dfl_generated,dfl_evaluation_05,0.19858039915561676,6,PCC,B,2.789400100708008,0.0,0.05526897311210632,0.4131304621696472,1.1627814769744873,53.24800109863281,0.28430476784706116
dfl_generated,dfl_evaluation_05,0.19858039915561676,6,PCC,C,2.7883381843566895,0.0,0.05636642128229141,0.4131304621696472,1.1627814769744873,53.24800109863281,0.28430476784706116
dfl_generated,dfl_evaluation_05,0.19858039915561676,7,PCC,A,3.056967258453369,0.0,0.26621749997138977,0.5887197852134705,1.1679515838623047,53.24800109863281,0.27350202202796936
dfl_generated,dfl_evaluation_05,0.19858039915561676,7,PCC,B,3.0547680854797363,0.0,0.2719728946685791,0.5887197852134705,1.1679515838623047,53.24800109863281,0.27350202202796936
dfl_generated,dfl_evaluation_05,0.19858039915561676,7,PCC,C,3.057426691055298,0.0,0.25466346740722656,0.5887197852134705,1.1679515838623047,53.24800109863281,0.27350202202796936
dfl_generated,dfl_evaluation_05,0.19858039915561676,8,PCC,A,2.81847882270813,0.0,0.5174563527107239,0.41616514325141907,1.1747803688049316,53.24800109863281,0.27035924792289734
dfl_generated,dfl_evaluation_05,0.19858039915561676,8,PCC,B,2.8177597522735596,0.0,0.5431949496269226,0.41616514325141907,1.1747803688049316,53.24800109863281,0.27035924792289734
dfl_generated,dfl_evaluation_05,0.19858039915561676,8,PCC,C,2.8181188106536865,0.0,0.5289645195007324,0.41616514325141907,1.1747803688049316,53.24800109863281,0.27035924792289734
dfl_generated,dfl_evaluation_05,0.19858039915561676,9,PCC,A,2.9820048809051514,0.0,0.7751790285110474,0.5137431621551514,1.1853801012039185,53.24800109863281,0.24262605607509613
dfl_generated,dfl_evaluation_05,0.19858039915561676,9,PCC,B,2.983246326446533,0.0,0.7932325601577759,0.5137431621551514,1.1853801012039185,53.24800109863281,0.24262605607509613
dfl_generated,dfl_evaluation_05,0.19858039915561676,9,PCC,C,2.984724521636963,0.0,0.7754048109054565,0.5137431621551514,1.1853801012039185,53.24800109863281,0.24262605607509613
dfl_generated,dfl_evaluation_05,0.19858039915561676,10,PCC,A,2.782240152359009,0.0,0.9952418804168701,0.3643687963485718,1.1926130056381226,53.24800109863281,0.2711540460586548
dfl_generated,dfl_evaluation_05,0.19858039915561676,10,PCC,B,2.778640031814575,0.0,1.0102015733718872,0.3643687963485718,1.1926130056381226,53.24800109863281,0.2711540460586548
dfl_generated,dfl_evaluation_05,0.19858039915561676,10,PCC,C,2.781057119369507,0.0,0.9983428716659546,0.3643687963485718,1.1926130056381226,53.24800109863281,0.2711540460586548
dfl_generated,dfl_evaluation_05,0.19858039915561676,11,PCC,A,2.7948856353759766,0.0,0.9220641255378723,0.36136627197265625,1.1988868713378906,53.24800109863281,0.2935181260108948
dfl_generated,dfl_evaluation_05,0.19858039915561676,11,PCC,B,2.788996696472168,0.0,0.9405713677406311,0.36136627197265625,1.1988868713378906,53.24800109863281,0.2935181260108948
dfl_generated,dfl_evaluation_05,0.19858039915561676,11,PCC,C,2.789294958114624,0.0,0.9369628429412842,0.36136627197265625,1.1988868713378906,53.24800109863281,0.2935181260108948
dfl_generated,dfl_evaluation_05,0.19858039915561676,12,PCC,A,3.065033435821533,0.0,0.9478258490562439,0.5383059978485107,1.20607328414917,53.24800109863281,0.3010929822921753
dfl_generated,dfl_evaluation_05,0.19858039915561676,12,PCC,B,3.071352481842041,0.0,0.9182895421981812,0.5383059978485107,1.20607328414917,53.24800109863281,0.3010929822921753
dfl_generated,dfl_evaluation_05,0.19858039915561676,12,PCC,C,3.067805767059326,0.0,0.9128225445747375,0.5383059978485107,1.20607328414917,53.24800109863281,0.3010929822921753
dfl_generated,dfl_evaluation_05,0.19858039915561676,13,PCC,A,3.1757357120513916,0.0,1.042527198791504,0.6031783223152161,1.2089582681655884,53.24800109863281,0.30818691849708557
dfl_generated,dfl_evaluation_05,0.19858039915561676,13,PCC,B,3.1778993606567383,0.0,0.9995324015617371,0.6031783223152161,1.2089582681655884,53.24800109863281,0.30818691849708557
dfl_generated,dfl_evaluation_05,0.19858039915561676,13,PCC,C,3.171346664428711,0.0,1.0100462436676025,0.6031783223152161,1.2089582681655884,53.24800109863281,0.30818691849708557
dfl_generated,dfl_evaluation_05,0.19858039915561676,14,PCC,A,3.271969795227051,0.0,0.9470323920249939,0.6654155254364014,1.211634635925293,53.24800109863281,0.3194071650505066
dfl_generated,dfl_evaluation_05,0.19858039915561676,14,PCC,B,3.2674052715301514,0.0,0.9464101791381836,0.6654155254364014,1.211634635925293,53.24800109863281,0.3194071650505066
dfl_generated,dfl_evaluation_05,0.19858039915561676,14,PCC,C,3.270599842071533,0.0,0.9386121034622192,0.6654155254364014,1.211634635925293,53.24800109863281,0.3194071650505066
dfl_generated,dfl_evaluation_05,0.19858039915561676,15,PCC,A,3.0479767322540283,0.0,0.7434511184692383,0.5210045576095581,1.2071599960327148,53.24800109863281,0.3256298303604126
dfl_generated,dfl_evaluation_05,0.19858039915561676,15,PCC,B,3.0445711612701416,0.0,0.7442393898963928,0.5210045576095581,1.2071599960327148,53.24800109863281,0.3256298303604126
dfl_generated,dfl_evaluation_05,0.19858039915561676,15,PCC,C,3.048337459564209,0.0,0.7375290989875793,0.5210045576095581,1.2071599960327148,53.24800109863281,0.3256298303604126
dfl_generated,dfl_evaluation_05,0.19858039915561676,16,PCC,A,3.097581624984741,0.0,0.43072354793548584,0.5631123185157776,1.1997675895690918,53.24800109863281,0.32837823033332825
dfl_generated,dfl_evaluation_05,0.19858039915561676,16,PCC,B,3.096539258956909,0.0,0.4213363826274872,0.5631123185157776,1.1997675895690918,53.24800109863281,0.32837823033332825
dfl_generated,dfl_evaluation_05,0.19858039915561676,16,PCC,C,3.1008903980255127,0.0,0.42683830857276917,0.5631123185157776,1.1997675895690918,53.24800109863281,0.32837823033332825
dfl_generated,dfl_evaluation_05,0.19858039915561676,17,PCC,A,3.0085668563842773,0.0,0.23988881707191467,0.5185338854789734,1.1914622783660889,53.24800109863281,0.32212021946907043
dfl_generated,dfl_evaluation_05,0.19858039915561676,17,PCC,B,3.0094759464263916,0.0,0.23600295186042786,0.5185338854789734,1.1914622783660889,53.24800109863281,0.32212021946907043
dfl_generated,dfl_evaluation_05,0.19858039915561676,17,PCC,C,3.011277675628662,0.0,0.248032808303833,0.5185338854789734,1.1914622783660889,53.24800109863281,0.32212021946907043
dfl_generated,dfl_evaluation_05,0.19858039915561676,18,PCC,A,2.961726427078247,0.0,0.06997107714414597,0.501911997795105,1.1823551654815674,121.88175201416016,0.3162519037723541
dfl_generated,dfl_evaluation_05,0.19858039915561676,18,PCC,B,2.9595305919647217,0.0,0.06668485701084137,0.501911997795105,1.1823551654815674,121.88175201416016,0.3162519037723541
dfl_generated,dfl_evaluation_05,0.19858039915561676,18,PCC,C,2.9607906341552734,0.0,0.0663582906126976,0.501911997795105,1.1823551654815674,121.88175201416016,0.3162519037723541
dfl_generated,dfl_evaluation_05,0.19858039915561676,19,PCC,A,3.0372889041900635,0.0,0.0049035632982850075,0.5692486763000488,1.1710011959075928,121.88175201416016,0.30873236060142517
dfl_generated,dfl_evaluation_05,0.19858039915561676,19,PCC,B,3.0368175506591797,0.0,0.005182943772524595,0.5692486763000488,1.1710011959075928,121.88175201416016,0.30873236060142517
dfl_generated,dfl_evaluation_05,0.19858039915561676,19,PCC,C,3.037761688232422,0.0,0.004784092772752047,0.5692486763000488,1.1710011959075928,121.88175201416016,0.30873236060142517
dfl_generated,dfl_evaluation_05,0.19858039915561676,20,PCC,A,2.8622007369995117,0.0,0.0,0.458400696516037,1.1657825708389282,121.88175201416016,0.3125755488872528
dfl_generated,dfl_evaluation_05,0.19858039915561676,20,PCC,B,2.861553192138672,0.0,1.7024831322487444e-06,0.458400696516037,1.1657825708389282,121.88175201416016,0.3125755488872528
dfl_generated,dfl_evaluation_05,0.19858039915561676,20,PCC,C,2.862476348876953,0.0,3.445250911227049e-07,0.458400696516037,1.1657825708389282,121.88175201416016,0.3125755488872528
dfl_generated,dfl_evaluation_05,0.19858039915561676,21,PCC,A,2.765899896621704,0.0,0.0,0.39928483963012695,1.1623876094818115,53.24800109863281,0.3157402276992798
dfl_generated,dfl_evaluation_05,0.19858039915561676,21,PCC,B,2.7688097953796387,0.0,0.0,0.39928483963012695,1.1623876094818115,53.24800109863281,0.3157402276992798
dfl_generated,dfl_evaluation_05,0.19858039915561676,21,PCC,C,2.769258737564087,0.0,0.0,0.39928483963012695,1.1623876094818115,53.24800109863281,0.3157402276992798
dfl_generated,dfl_evaluation_05,0.19858039915561676,22,PCC,A,2.7123234272003174,0.0,0.0,0.3637107312679291,1.161942481994629,53.24800109863281,0.3139056861400604
dfl_generated,dfl_evaluation_05,0.19858039915561676,22,PCC,B,2.7130043506622314,0.0,0.0,0.3637107312679291,1.161942481994629,53.24800109863281,0.3139056861400604
dfl_generated,dfl_evaluation_05,0.19858039915561676,22,PCC,C,2.7123374938964844,0.0,0.0,0.3637107312679291,1.161942481994629,53.24800109863281,0.3139056861400604
dfl_generated,dfl_evaluation_05,0.19858039915561676,23,PCC,A,2.687227249145508,0.0,0.0,0.34759950637817383,1.1606417894363403,53.24800109863281,0.31242460012435913
dfl_generated,dfl_evaluation_05,0.19858039915561676,23,PCC,B,2.6882433891296387,0.0,0.0,0.34759950637817383,1.1606417894363403,53.24800109863281,0.31242460012435913
dfl_generated,dfl_evaluation_05,0.19858039915561676,23,PCC,C,2.6881039142608643,0.0,0.0,0.34759950637817383,1.1606417894363403,53.24800109863281,0.31242460012435913
dfl_generated,dfl_evaluation_05,0.19858039915561676,24,PCC,A,2.6076552867889404,0.0,0.0,0.29431068897247314,1.1593799591064453,53.24800109863281,0.3169052004814148
dfl_generated,dfl_evaluation_05,0.19858039915561676,24,PCC,B,2.608793258666992,0.0,0.0,0.29431068897247314,1.1593799591064453,53.24800109863281,0.3169052004814148
dfl_generated,dfl_evaluation_05,0.19858039915561676,24,PCC,C,2.6074306964874268,0.0,5.261080104901339e-07,0.29431068897247314,1.1593799591064453,53.24800109863281,0.3169052004814148
dfl_generated,dfl_evaluation_05,0.19858039915561676,25,PCC,A,2.6393284797668457,0.0,0.0,0.3179371654987335,1.1571890115737915,34.72425079345703,0.31326010823249817
dfl_generated,dfl_evaluation_05,0.19858039915561676,25,PCC,B,2.6387100219726562,0.0,1.287722511733591e-06,0.3179371654987335,1.1571890115737915,34.72425079345703,0.31326010823249817
dfl_generated,dfl_evaluation_05,0.19858039915561676,25,PCC,C,2.6398558616638184,0.0,2.32386582865729e-07,0.3179371654987335,1.1571890115737915,34.72425079345703,0.31326010823249817
dfl_generated,dfl_evaluation_05,0.19858039915561676,26,PCC,A,2.499049425125122,0.0,1.4188061641107197e-06,0.2232462614774704,1.1558085680007935,34.72425079345703,0.3248175084590912
dfl_generated,dfl_evaluation_05,0.19858039915561676,26,PCC,B,2.4989261627197266,0.0,1.5682698517593963e-07,0.2232462614774704,1.1558085680007935,34.72425079345703,0.3248175084590912
dfl_generated,dfl_evaluation_05,0.19858039915561676,26,PCC,C,2.498039960861206,0.0,8.786383887127158e-07,0.2232462614774704,1.1558085680007935,34.72425079345703,0.3248175084590912
dfl_generated,dfl_evaluation_05,0.19858039915561676,27,PCC,A,2.5576982498168945,0.0,0.0,0.2633455991744995,1.1561228036880493,34.72425079345703,0.3278568983078003
dfl_generated,dfl_evaluation_05,0.19858039915561676,27,PCC,B,2.557541608810425,0.0,1.9753329070226755e-06,0.2633455991744995,1.1561228036880493,34.72425079345703,0.3278568983078003
dfl_generated,dfl_evaluation_05,0.19858039915561676,27,PCC,C,2.5573668479919434,0.0,0.0,0.2633455991744995,1.1561228036880493,34.72425079345703,0.3278568983078003
dfl_generated,dfl_evaluation_05,0.19858039915561676,28,PCC,A,2.618833065032959,0.0,0.0,0.3060445785522461,1.155774474143982,34.72425079345703,0.31713271141052246
dfl_generated,dfl_evaluation_05,0.19858039915561676,28,PCC,B,2.618833303451538,0.0,4.966763640368299e-07,0.3060445785522461,1.155774474143982,34.72425079345703,0.31713271141052246
dfl_generated,dfl_evaluation_05,0.19858039915561676,28,PCC,C,2.618471384048462,0.0,0.0,0.3060445785522461,1.155774474143982,34.72425079345703,0.31713271141052246
dfl_generated,dfl_evaluation_05,0.19858039915561676,29,PCC,A,2.589627504348755,0.0,0.003155616344884038,0.2850128710269928,1.156708836555481,34.72425079345703,0.3048948347568512
dfl_generated,dfl_evaluation_05,0.19858039915561676,29,PCC,B,2.59073543548584,0.0,0.003171185962855816,0.2850128710269928,1.156708836555481,34.72425079345703,0.3048948347568512
dfl_generated,dfl_evaluation_05,0.19858039915561676,29,PCC,C,2.590374708175659,0.0,0.0030811941251158714,0.2850128710269928,1.156708836555481,34.72425079345703,0.3048948347568512
dfl_generated,dfl_evaluation_05,0.19858039915561676,30,PCC,A,2.785439968109131,0.0,0.04686640575528145,0.4131304621696472,1.1610281467437744,53.24800109863281,0.29335030913352966
dfl_generated,dfl_evaluation_05,0.19858039915561676,30,PCC,B,2.7842612266540527,0.0,0.04612593352794647,0.4131304621696472,1.1610281467437744,53.24800109863281,0.29335030913352966
dfl_generated,dfl_evaluation_05,0.19858039915561676,30,PCC,C,2.7837910652160645,0.0,0.047229308634996414,0.4131304621696472,1.1610281467437744,53.24800109863281,0.29335030913352966
dfl_generated,dfl_evaluation_05,0.19858039915561676,31,PCC,A,3.0596559047698975,0.0,0.2113242745399475,0.5887197852134705,1.1697748899459839,53.24800109863281,0.2851502001285553
dfl_generated,dfl_evaluation_05,0.19858039915561676,31,PCC,B,3.0600061416625977,0.0,0.21629920601844788,0.5887197852134705,1.1697748899459839,53.24800109863281,0.2851502001285553
dfl_generated,dfl_evaluation_05,0.19858039915561676,31,PCC,C,3.057213544845581,0.0,0.2056884765625,0.5887197852134705,1.1697748899459839,53.24800109863281,0.2851502001285553
dfl_generated,dfl_evaluation_05,0.19858039915561676,32,PCC,A,2.823683500289917,0.0,0.42885351181030273,0.41616514325141907,1.1762367486953735,53.24800109863281,0.2851932644844055
dfl_generated,dfl_evaluation_05,0.19858039915561676,32,PCC,B,2.824284076690674,0.0,0.4109010100364685,0.41616514325141907,1.1762367486953735,53.24800109863281,0.2851932644844055
dfl_generated,dfl_evaluation_05,0.19858039915561676,32,PCC,C,2.824038028717041,0.0,0.41474658250808716,0.41616514325141907,1.1762367486953735,53.24800109863281,0.2851932644844055
dfl_generated,dfl_evaluation_05,0.19858039915561676,33,PCC,A,2.9865071773529053,0.0,0.5010528564453125,0.5137431621551514,1.1841238737106323,53.24800109863281,0.2749924957752228
dfl_generated,dfl_evaluation_05,0.19858039915561676,33,PCC,B,2.987217664718628,0.0,0.5024544596672058,0.5137431621551514,1.1841238737106323,53.24800109863281,0.2749924957752228
dfl_generated,dfl_evaluation_05,0.19858039915561676,33,PCC,C,2.984975576400757,0.0,0.4824060797691345,0.5137431621551514,1.1841238737106323,53.24800109863281,0.2749924957752228
dfl_generated,dfl_evaluation_05,0.19858039915561676,34,PCC,A,2.780163526535034,0.0,0.6271514892578125,0.3643687963485718,1.1918264627456665,53.24800109863281,0.2803196907043457
dfl_generated,dfl_evaluation_05,0.19858039915561676,34,PCC,B,2.7824971675872803,0.0,0.6075195670127869,0.3643687963485718,1.1918264627456665,53.24800109863281,0.2803196907043457
dfl_generated,dfl_evaluation_05,0.19858039915561676,34,PCC,C,2.7781965732574463,0.0,0.6233978867530823,0.3643687963485718,1.1918264627456665,53.24800109863281,0.2803196907043457
dfl_generated,dfl_evaluation_05,0.19858039915561676,35,PCC,A,2.7874484062194824,0.0,0.7646960616111755,0.36136627197265625,1.1969294548034668,53.24800109863281,0.2910118103027344
dfl_generated,dfl_evaluation_05,0.19858039915561676,35,PCC,B,2.784921884536743,0.0,0.7516168355941772,0.36136627197265625,1.1969294548034668,53.24800109863281,0.2910118103027344
dfl_generated,dfl_evaluation_05,0.19858039915561676,35,PCC,C,2.7875313758850098,0.0,0.7711248993873596,0.36136627197265625,1.1969294548034668,53.24800109863281,0.2910118103027344
dfl_generated,dfl_evaluation_05,0.19858039915561676,36,PCC,A,3.0661401748657227,0.0,0.778574526309967,0.5383059978485107,1.2024039030075073,53.24800109863281,0.30823132395744324
dfl_generated,dfl_evaluation_05,0.19858039915561676,36,PCC,B,3.067028522491455,0.0,0.807022213935852,0.5383059978485107,1.2024039030075073,53.24800109863281,0.30823132395744324
dfl_generated,dfl_evaluation_05,0.19858039915561676,36,PCC,C,3.0621187686920166,0.0,0.7704741954803467,0.5383059978485107,1.2024039030075073,53.24800109863281,0.30823132395744324
dfl_generated,dfl_evaluation_05,0.19858039915561676,37,PCC,A,3.1656665802001953,0.0,0.7366015911102295,0.6031783223152161,1.2040915489196777,53.24800109863281,0.31929531693458557
dfl_generated,dfl_evaluation_05,0.19858039915561676,37,PCC,B,3.16257643699646,0.0,0.737203061580658,0.6031783223152161,1.2040915489196777,53.24800109863281,0.31929531693458557
dfl_generated,dfl_evaluation_05,0.19858039915561676,37,PCC,C,3.1662721633911133,0.0,0.7566306591033936,0.6031783223152161,1.2040915489196777,53.24800109863281,0.31929531693458557
dfl_generated,dfl_evaluation_05,0.19858039915561676,38,PCC,A,3.258518695831299,0.0,0.6326239109039307,0.6654155254364014,1.2051695585250854,53.24800109863281,0.32137224078178406
dfl_generated,dfl_evaluation_05,0.19858039915561676,38,PCC,B,3.2609055042266846,0.0,0.6309026479721069,0.6654155254364014,1.2051695585250854,53.24800109863281,0.32137224078178406
dfl_generated,dfl_evaluation_05,0.19858039915561676,38,PCC,C,3.2615535259246826,0.0,0.622990608215332,0.6654155254364014,1.2051695585250854,53.24800109863281,0.32137224078178406
dfl_generated,dfl_evaluation_05,0.19858039915561676,39,PCC,A,3.03623104095459,0.0,0.5193280577659607,0.5210045576095581,1.2012251615524292,53.24800109863281,0.31325429677963257
dfl_generated,dfl_evaluation_05,0.19858039915561676,39,PCC,B,3.035654067993164,0.0,0.5134117007255554,0.5210045576095581,1.2012251615524292,53.24800109863281,0.31325429677963257
dfl_generated,dfl_evaluation_05,0.19858039915561676,39,PCC,C,3.0352838039398193,0.0,0.5356464385986328,0.5210045576095581,1.2012251615524292,53.24800109863281,0.31325429677963257
dfl_generated,dfl_evaluation_05,0.19858039915561676,40,PCC,A,3.0809319019317627,0.0,0.39740562438964844,0.5631123185157776,1.196558952331543,53.24800109863281,0.3178091049194336
dfl_generated,dfl_evaluation_05,0.19858039915561676,40,PCC,B,3.0864672660827637,0.0,0.3777411878108978,0.5631123185157776,1.196558952331543,53.24800109863281,0.3178091049194336
dfl_generated,dfl_evaluation_05,0.19858039915561676,40,PCC,C,3.0822980403900146,0.0,0.38932374119758606,0.5631123185157776,1.196558952331543,53.24800109863281,0.3178091049194336
dfl_generated,dfl_evaluation_05,0.19858039915561676,41,PCC,A,3.0030763149261475,0.0,0.17757287621498108,0.5185338854789734,1.1894233226776123,53.24800109863281,0.3136378228664398
dfl_generated,dfl_evaluation_05,0.19858039915561676,41,PCC,B,3.002817153930664,0.0,0.17425642907619476,0.5185338854789734,1.1894233226776123,53.24800109863281,0.3136378228664398
dfl_generated,dfl_evaluation_05,0.19858039915561676,41,PCC,C,3.0031540393829346,0.0,0.17367371916770935,0.5185338854789734,1.1894233226776123,53.24800109863281,0.3136378228664398
dfl_generated,dfl_evaluation_05,0.19858039915561676,42,PCC,A,2.9557976722717285,0.0,0.054476141929626465,0.501911997795105,1.1807177066802979,121.88175201416016,0.30272457003593445
dfl_generated,dfl_evaluation_05,0.19858039915561676,42,PCC,B,2.9545252323150635,0.0,0.05390079319477081,0.501911997795105,1.1807177066802979,121.88175201416016,0.30272457003593445
dfl_generated,dfl_evaluation_05,0.19858039915561676,42,PCC,C,2.955461025238037,0.0,0.05356370657682419,0.501911997795105,1.1807177066802979,121.88175201416016,0.30272457003593445
dfl_generated,dfl_evaluation_05,0.19858039915561676,43,PCC,A,3.0396339893341064,0.0,0.0035163185093551874,0.5692486763000488,1.1727514266967773,121.88175201416016,0.29440656304359436
dfl_generated,dfl_evaluation_05,0.19858039915561676,43,PCC,B,3.0381884574890137,0.0,0.003560176119208336,0.5692486763000488,1.1727514266967773,121.88175201416016,0.29440656304359436
dfl_generated,dfl_evaluation_05,0.19858039915561676,43,PCC,C,3.042556047439575,0.0,0.0035698795691132545,0.5692486763000488,1.1727514266967773,121.88175201416016,0.29440656304359436
dfl_generated,dfl_evaluation_05,0.19858039915561676,44,PCC,A,2.8708441257476807,0.0,1.5666618082832429e-06,0.458400696516037,1.169552206993103,121.88175201416016,0.2943388521671295
dfl_generated,dfl_evaluation_05,0.19858039915561676,44,PCC,B,2.8710527420043945,0.0,0.0,0.458400696516037,1.169552206993103,121.88175201416016,0.2943388521671295
dfl_generated,dfl_evaluation_05,0.19858039915561676,44,PCC,C,2.869091749191284,0.0,0.0,0.458400696516037,1.169552206993103,121.88175201416016,0.2943388521671295
dfl_generated,dfl_evaluation_05,0.19858039915561676,45,PCC,A,2.7788352966308594,0.0,1.6221107443925575e-06,0.39928483963012695,1.1669505834579468,53.24800109863281,0.3012949824333191
dfl_generated,dfl_evaluation_05,0.19858039915561676,45,PCC,B,2.778477668762207,0.0,0.0,0.39928483963012695,1.1669505834579468,53.24800109863281,0.3012949824333191
dfl_generated,dfl_evaluation_05,0.19858039915561676,45,PCC,C,2.778517723083496,0.0,3.7467113997990964e-06,0.39928483963012695,1.1669505834579468,53.24800109863281,0.3012949824333191
dfl_generated,dfl_evaluation_05,0.19858039915561676,46,PCC,A,2.7219038009643555,0.0,2.8787192150048213e-06,0.3637107312679291,1.1654248237609863,53.24800109863281,0.3037216067314148
dfl_generated,dfl_evaluation_05,0.19858039915561676,46,PCC,B,2.7214741706848145,0.0,4.923147685076401e-07,0.3637107312679291,1.1654248237609863,53.24800109863281,0.3037216067314148
dfl_generated,dfl_evaluation_05,0.19858039915561676,46,PCC,C,2.7229363918304443,0.0,2.124568112549241e-07,0.3637107312679291,1.1654248237609863,53.24800109863281,0.3037216067314148
dfl_generated,dfl_evaluation_05,0.19858039915561676,47,PCC,A,2.6949257850646973,0.0,3.4660891401472327e-07,0.34759950637817383,1.1632589101791382,53.24800109863281,0.31121826171875
dfl_generated,dfl_evaluation_05,0.19858039915561676,47,PCC,B,2.6966044902801514,0.0,0.0,0.34759950637817383,1.1632589101791382,53.24800109863281,0.31121826171875
dfl_generated,dfl_evaluation_05,0.19858039915561676,47,PCC,C,2.6965110301971436,0.0,1.2882237570011057e-06,0.34759950637817383,1.1632589101791382,53.24800109863281,0.31121826171875
dfl_generated,dfl_evaluation_06,0.0023659924045205116,0,PCC,A,2.6212050914764404,0.0,0.0,0.29431068897247314,1.1643732786178589,53.24800109863281,0.31494438648223877
dfl_generated,dfl_evaluation_06,0.0023659924045205116,0,PCC,B,2.6199254989624023,0.0,0.0,0.29431068897247314,1.1643732786178589,53.24800109863281,0.31494438648223877
dfl_generated,dfl_evaluation_06,0.0023659924045205116,0,PCC,C,2.6197762489318848,0.0,0.0,0.29431068897247314,1.1643732786178589,53.24800109863281,0.31494438648223877
dfl_generated,dfl_evaluation_06,0.0023659924045205116,1,PCC,A,2.651503562927246,0.0,3.735042923835863e-07,0.3179371654987335,1.1629283428192139,53.24800109863281,0.31302571296691895
dfl_generated,dfl_evaluation_06,0.0023659924045205116,1,PCC,B,2.6501853466033936,0.0,1.0946113349064035e-07,0.3179371654987335,1.1629283428192139,53.24800109863281,0.31302571296691895
dfl_generated,dfl_evaluation_06,0.0023659924045205116,1,PCC,C,2.6514978408813477,0.0,0.0,0.3179371654987335,1.1629283428192139,53.24800109863281,0.31302571296691895
dfl_generated,dfl_evaluation_06,0.0023659924045205116,2,PCC,A,2.510096549987793,0.0,0.0,0.2232462614774704,1.1619492769241333,53.24800109863281,0.3383968472480774
dfl_generated,dfl_evaluation_06,0.0023659924045205116,2,PCC,B,2.5110785961151123,0.0,1.3616340766020585e-06,0.2232462614774704,1.1619492769241333,53.24800109863281,0.3383968472480774
dfl_generated,dfl_evaluation_06,0.0023659924045205116,2,PCC,C,2.5116968154907227,0.0,0.0,0.2232462614774704,1.1619492769241333,53.24800109863281,0.3383968472480774
dfl_generated,dfl_evaluation_06,0.0023659924045205116,3,PCC,A,2.567481517791748,0.0,1.9837254967569606e-06,0.2633455991744995,1.1613792181015015,53.24800109863281,0.31935930252075195
dfl_generated,dfl_evaluation_06,0.0023659924045205116,3,PCC,B,2.5679805278778076,0.0,0.0,0.2633455991744995,1.1613792181015015,53.24800109863281,0.31935930252075195
dfl_generated,dfl_evaluation_06,0.0023659924045205116,3,PCC,C,2.569138288497925,0.0,0.0,0.2633455991744995,1.1613792181015015,53.24800109863281,0.31935930252075195
dfl_generated,dfl_evaluation_06,0.0023659924045205116,4,PCC,A,2.6293790340423584,0.0,0.0,0.3060445785522461,1.160805106163025,53.24800109863281,0.3088534474372864
dfl_generated,dfl_evaluation_06,0.0023659924045205116,4,PCC,B,2.6280620098114014,0.0,3.650732196547324e-07,0.3060445785522461,1.160805106163025,53.24800109863281,0.3088534474372864
dfl_generated,dfl_evaluation_06,0.0023659924045205116,4,PCC,C,2.62996768951416,0.0,0.0,0.3060445785522461,1.160805106163025,53.24800109863281,0.3088534474372864
dfl_generated,dfl_evaluation_06,0.0023659924045205116,5,PCC,A,2.598315715789795,0.0,0.004862305708229542,0.2850128710269928,1.1606214046478271,53.24800109863281,0.3063271939754486
dfl_generated,dfl_evaluation_06,0.0023659924045205116,5,PCC,B,2.5982072353363037,0.0,0.00446335831657052,0.2850128710269928,1.1606214046478271,53.24800109863281,0.3063271939754486
dfl_generated,dfl_evaluation_06,0.0023659924045205116,5,PCC,C,2.59757137298584,0.0,0.0046186307445168495,0.2850128710269928,1.1606214046478271,53.24800109863281,0.3063271939754486
dfl_generated,dfl_evaluation_06,0.0023659924045205116,6,PCC,A,2.800276756286621,0.0,0.08204765617847443,0.4131304621696472,1.1669673919677734,53.24800109863281,0.29271095991134644
dfl_generated,dfl_evaluation_06,0.0023659924045205116,6,PCC,B,2.7991957664489746,0.0,0.0844879150390625,0.4131304621696472,1.1669673919677734,53.24800109863281,0.29271095991134644
dfl_generated,dfl_evaluation_06,0.0023659924045205116,6,PCC,C,2.7994563579559326,0.0,0.08491921424865723,0.4131304621696472,1.1669673919677734,53.24800109863281,0.29271095991134644
dfl_generated,dfl_evaluation_06,0.0023659924045205116,7,PCC,A,3.077599048614502,0.0,0.23614788055419922,0.5887197852134705,1.1771554946899414,53.24800109863281,0.2941063344478607
dfl_generated,dfl_evaluation_06,0.0023659924045205116,7,PCC,B,3.0775492191314697,0.0,0.2448151707649231,0.5887197852134705,1.1771554946899414,53.24800109863281,0.2941063344478607
dfl_generated,dfl_evaluation_06,0.0023659924045205116,7,PCC,C,3.078704833984375,0.0,0.2531331777572632,0.5887197852134705,1.1771554946899414,53.24800109863281,0.2941063344478607
dfl_generated,dfl_evaluation_06,0.0023659924045205116,8,PCC,A,2.8412270545959473,0.0,0.45628029108047485,0.41616514325141907,1.183925747871399,53.24800109863281,0.2834094166755676
dfl_generated,dfl_evaluation_06,0.0023659924045205116,8,PCC,B,2.8419301509857178,0.0,0.4609858989715576,0.41616514325141907,1.183925747871399,53.24800109863281,0.2834094166755676
dfl_generated,dfl_evaluation_06,0.0023659924045205116,8,PCC,C,2.8438313007354736,0.0,0.47794610261917114,0.41616514325141907,1.183925747871399,53.24800109863281,0.2834094166755676
dfl_generated,dfl_evaluation_06,0.0023659924045205116,9,PCC,A,3.0128350257873535,0.0,0.7068155407905579,0.5137431621551514,1.1956793069839478,53.24800109863281,0.24102354049682617
dfl_generated,dfl_evaluation_06,0.0023659924045205116,9,PCC,B,3.0113558769226074,0.0,0.7235981822013855,0.5137431621551514,1.1956793069839478,53.24800109863281,0.24102354049682617
dfl_generated,dfl_evaluation_06,0.0023659924045205116,9,PCC,C,3.0082430839538574,0.0,0.7151528596878052,0.5137431621551514,1.1956793069839478,53.24800109863281,0.24102354049682617
dfl_generated,dfl_evaluation_06,0.0023659924045205116,10,PCC,A,2.807572364807129,0.0,0.7720484137535095,0.3643687963485718,1.2028934955596924,53.24800109863281,0.27714550495147705
dfl_generated,dfl_evaluation_06,0.0023659924045205116,10,PCC,B,2.8095076084136963,0.0,0.763550877571106,0.3643687963485718,1.2028934955596924,53.24800109863281,0.27714550495147705
dfl_generated,dfl_evaluation_06,0.0023659924045205116,10,PCC,C,2.8052029609680176,0.0,0.7831598520278931,0.3643687963485718,1.2028934955596924,53.24800109863281,0.27714550495147705
dfl_generated,dfl_evaluation_06,0.0023659924045205116,11,PCC,A,2.8072450160980225,0.0,0.7840984463691711,0.36136627197265625,1.2077301740646362,53.24800109863281,0.31055116653442383
dfl_generated,dfl_evaluation_06,0.0023659924045205116,11,PCC,B,2.8116109371185303,0.0,0.8076711893081665,0.36136627197265625,1.2077301740646362,53.24800109863281,0.31055116653442383
dfl_generated,dfl_evaluation_06,0.0023659924045205116,11,PCC,C,2.811436414718628,0.0,0.7915947437286377,0.36136627197265625,1.2077301740646362,53.24800109863281,0.31055116653442383
dfl_generated,dfl_evaluation_06,0.0023659924045205116,12,PCC,A,3.0793707370758057,0.0,0.6640119552612305,0.5383059978485107,1.21125066280365,53.24800109863281,0.3248632550239563
dfl_generated,dfl_evaluation_06,0.0023659924045205116,12,PCC,B,3.0868942737579346,0.0,0.6973479390144348,0.5383059978485107,1.21125066280365,53.24800109863281,0.3248632550239563
dfl_generated,dfl_evaluation_06,0.0023659924045205116,12,PCC,C,3.080427646636963,0.0,0.6993472576141357,0.5383059978485107,1.21125066280365,53.24800109863281,0.3248632550239563
dfl_generated,dfl_evaluation_06,0.0023659924045205116,13,PCC,A,3.1890084743499756,0.0,0.706794798374176,0.6031783223152161,1.2108824253082275,53.24800109863281,0.3226774334907532
dfl_generated,dfl_evaluation_06,0.0023659924045205116,13,PCC,B,3.1807126998901367,0.0,0.7252883911132812,0.6031783223152161,1.2108824253082275,53.24800109863281,0.3226774334907532
dfl_generated,dfl_evaluation_06,0.0023659924045205116,13,PCC,C,3.1899971961975098,0.0,0.7376306056976318,0.6031783223152161,1.2108824253082275,53.24800109863281,0.3226774334907532
dfl_generated,dfl_evaluation_06,0.0023659924045205116,14,PCC,A,3.2782256603240967,0.0,0.7306953072547913,0.6654155254364014,1.210984230041504,53.24800109863281,0.30545181035995483
dfl_generated,dfl_evaluation_06,0.0023659924045205116,14,PCC,B,3.2753031253814697,0.0,0.7166242599487305,0.6654155254364014,1.210984230041504,53.24800109863281,0.30545181035995483
dfl_generated,dfl_evaluation_06,0.0023659924045205116,14,PCC,C,3.278329849243164,0.0,0.74192875623703,0.6654155254364014,1.210984230041504,53.24800109863281,0.30545181035995483
dfl_generated,dfl_evaluation_06,0.0023659924045205116,15,PCC,A,3.0543880462646484,0.0,0.7052776217460632,0.5210045576095581,1.2100452184677124,53.24800109863281,0.29097387194633484
dfl_generated,dfl_evaluation_06,0.0023659924045205116,15,PCC,B,3.0544614791870117,0.0,0.709844172000885,0.5210045576095581,1.2100452184677124,53.24800109863281,0.29097387194633484
dfl_generated,dfl_evaluation_06,0.0023659924045205116,15,PCC,C,3.0486624240875244,0.0,0.7048066854476929,0.5210045576095581,1.2100452184677124,53.24800109863281,0.29097387194633484
dfl_generated,dfl_evaluation_06,0.0023659924045205116,16,PCC,A,3.1048903465270996,0.0,0.4473726153373718,0.5631123185157776,1.2019109725952148,53.24800109863281,0.2813260555267334
dfl_generated,dfl_evaluation_06,0.0023659924045205116,16,PCC,B,3.1106443405151367,0.0,0.4591115713119507,0.5631123185157776,1.2019109725952148,53.24800109863281,0.2813260555267334
dfl_generated,dfl_evaluation_06,0.0023659924045205116,16,PCC,C,3.109363317489624,0.0,0.4478375017642975,0.5631123185157776,1.2019109725952148,53.24800109863281,0.2813260555267334
dfl_generated,dfl_evaluation_06,0.0023659924045205116,17,PCC,A,3.023773670196533,0.0,0.19886019825935364,0.5185338854789734,1.1963310241699219,53.24800109863281,0.2715575397014618
dfl_generated,dfl_evaluation_06,0.0023659924045205116,17,PCC,B,3.024456739425659,0.0,0.1879298835992813,0.5185338854789734,1.1963310241699219,53.24800109863281,0.2715575397014618
dfl_generated,dfl_evaluation_06,0.0023659924045205116,17,PCC,C,3.0206830501556396,0.0,0.1907348483800888,0.5185338854789734,1.1963310241699219,53.24800109863281,0.2715575397014618
dfl_generated,dfl_evaluation_06,0.0023659924045205116,18,PCC,A,2.9804294109344482,0.0,0.07949550449848175,0.501911997795105,1.1913063526153564,53.24800109863281,0.2655666768550873
dfl_generated,dfl_evaluation_06,0.0023659924045205116,18,PCC,B,2.9839909076690674,0.0,0.08319397270679474,0.501911997795105,1.1913063526153564,53.24800109863281,0.2655666768550873
dfl_generated,dfl_evaluation_06,0.0023659924045205116,18,PCC,C,2.9838013648986816,0.0,0.07853790372610092,0.501911997795105,1.1913063526153564,53.24800109863281,0.2655666768550873
dfl_generated,dfl_evaluation_06,0.0023659924045205116,19,PCC,A,3.060497999191284,0.0,0.003352026455104351,0.5692486763000488,1.1837390661239624,53.24800109863281,0.26415443420410156
dfl_generated,dfl_evaluation_06,0.0023659924045205116,19,PCC,B,3.0635786056518555,0.0,0.0034013879485428333,0.5692486763000488,1.1837390661239624,53.24800109863281,0.26415443420410156
dfl_generated,dfl_evaluation_06,0.0023659924045205116,19,PCC,C,3.0652916431427,0.0,0.003474233206361532,0.5692486763000488,1.1837390661239624,53.24800109863281,0.26415443420410156
dfl_generated,dfl_evaluation_06,0.0023659924045205116,20,PCC,A,2.8964383602142334,0.0,1.4543936686095549e-06,0.458400696516037,1.1818050146102905,53.24800109863281,0.26916322112083435
dfl_generated,dfl_evaluation_06,0.0023659924045205116,20,PCC,B,2.8959877490997314,0.0,0.0,0.458400696516037,1.1818050146102905,53.24800109863281,0.26916322112083435
dfl_generated,dfl_evaluation_06,0.0023659924045205116,20,PCC,C,2.89639949798584,0.0,0.0,0.458400696516037,1.1818050146102905,53.24800109863281,0.26916322112083435
dfl_generated,dfl_evaluation_06,0.0023659924045205116,21,PCC,A,2.8030383586883545,0.0,1.5779215800648672e-06,0.39928483963012695,1.1800289154052734,53.24800109863281,0.2763088047504425
dfl_generated,dfl_evaluation_06,0.0023659924045205116,21,PCC,B,2.8093068599700928,0.0,3.15263741867966e-06,0.39928483963012695,1.1800289154052734,53.24800109863281,0.2763088047504425
dfl_generated,dfl_evaluation_06,0.0023659924045205116,21,PCC,C,2.807384729385376,0.0,0.0,0.39928483963012695,1.1800289154052734,53.24800109863281,0.2763088047504425
dfl_generated,dfl_evaluation_06,0.0023659924045205116,22,PCC,A,2.7470364570617676,0.0,0.0,0.3637107312679291,1.1771880388259888,53.24800109863281,0.2844756543636322
dfl_generated,dfl_evaluation_06,0.0023659924045205116,22,PCC,B,2.746563673019409,0.0,7.041852541078697e-07,0.3637107312679291,1.1771880388259888,53.24800109863281,0.2844756543636322
dfl_generated,dfl_evaluation_06,0.0023659924045205116,22,PCC,C,2.746654510498047,0.0,4.1873323652907857e-07,0.3637107312679291,1.1771880388259888,53.24800109863281,0.2844756543636322
dfl_generated,dfl_evaluation_06,0.0023659924045205116,23,PCC,A,2.718277931213379,0.0,0.0,0.34759950637817383,1.175401210784912,53.24800109863281,0.29560351371765137
dfl_generated,dfl_evaluation_06,0.0023659924045205116,23,PCC,B,2.71901273727417,0.0,0.0,0.34759950637817383,1.175401210784912,53.24800109863281,0.29560351371765137
dfl_generated,dfl_evaluation_06,0.0023659924045205116,23,PCC,C,2.718691825866699,0.0,7.412791092065163e-07,0.34759950637817383,1.175401210784912,53.24800109863281,0.29560351371765137
dfl_generated,dfl_evaluation_06,0.0023659924045205116,24,PCC,A,2.6360223293304443,0.0,0.0,0.29431068897247314,1.1730668544769287,53.24800109863281,0.30144742131233215
dfl_generated,dfl_evaluation_06,0.0023659924045205116,24,PCC,B,2.637571334838867,0.0,0.0,0.29431068897247314,1.1730668544769287,53.24800109863281,0.30144742131233215
dfl_generated,dfl_evaluation_06,0.0023659924045205116,24,PCC,C,2.6373090744018555,0.0,3.973671937274048e-06,0.29431068897247314,1.1730668544769287,53.24800109863281,0.30144742131233215
dfl_generated,dfl_evaluation_06,0.0023659924045205116,25,PCC,A,2.6666741371154785,0.0,0.0,0.3179371654987335,1.1705970764160156,53.24800109863281,0.3063807487487793
dfl_generated,dfl_evaluation_06,0.0023659924045205116,25,PCC,B,2.666160821914673,0.0,0.0,0.3179371654987335,1.1705970764160156,53.24800109863281,0.3063807487487793
dfl_generated,dfl_evaluation_06,0.0023659924045205116,25,PCC,C,2.6667301654815674,0.0,0.0,0.3179371654987335,1.1705970764160156,53.24800109863281,0.3063807487487793
dfl_generated,dfl_evaluation_06,0.0023659924045205116,26,PCC,A,2.5236573219299316,0.0,0.0,0.2232462614774704,1.1684212684631348,53.24800109863281,0.3213198482990265
dfl_generated,dfl_evaluation_06,0.0023659924045205116,26,PCC,B,2.5247793197631836,0.0,1.5474868177989265e-06,0.2232462614774704,1.1684212684631348,53.24800109863281,0.3213198482990265
dfl_generated,dfl_evaluation_06,0.0023659924045205116,26,PCC,C,2.5242152214050293,0.0,0.0,0.2232462614774704,1.1684212684631348,53.24800109863281,0.3213198482990265
dfl_generated,dfl_evaluation_06,0.0023659924045205116,27,PCC,A,2.5798425674438477,0.0,0.0,0.2633455991744995,1.1672770977020264,53.24800109863281,0.3123573958873749
dfl_generated,dfl_evaluation_06,0.0023659924045205116,27,PCC,B,2.5806803703308105,0.0,0.0,0.2633455991744995,1.1672770977020264,53.24800109863281,0.3123573958873749
dfl_generated,dfl_evaluation_06,0.0023659924045205116,27,PCC,C,2.580272674560547,0.0,0.0,0.2633455991744995,1.1672770977020264,53.24800109863281,0.3123573958873749
dfl_generated,dfl_evaluation_06,0.0023659924045205116,28,PCC,A,2.6402359008789062,0.0,0.0,0.3060445785522461,1.1665165424346924,53.24800109863281,0.3029278516769409
dfl_generated,dfl_evaluation_06,0.0023659924045205116,28,PCC,B,2.6389293670654297,0.0,0.0,0.3060445785522461,1.1665165424346924,53.24800109863281,0.3029278516769409
dfl_generated,dfl_evaluation_06,0.0023659924045205116,28,PCC,C,2.6400420665740967,0.0,0.0,0.3060445785522461,1.1665165424346924,53.24800109863281,0.3029278516769409
dfl_generated,dfl_evaluation_06,0.0023659924045205116,29,PCC,A,2.6103546619415283,0.0,0.005130629986524582,0.2850128710269928,1.1668201684951782,53.24800109863281,0.30335181951522827
dfl_generated,dfl_evaluation_06,0.0023659924045205116,29,PCC,B,2.6109185218811035,0.0,0.0050576599314808846,0.2850128710269928,1.1668201684951782,53.24800109863281,0.30335181951522827
dfl_generated,dfl_evaluation_06,0.0023659924045205116,29,PCC,C,2.610450267791748,0.0,0.004978781566023827,0.2850128710269928,1.1668201684951782,53.24800109863281,0.30335181951522827
dfl_generated,dfl_evaluation_06,0.0023659924045205116,30,PCC,A,2.80997633934021,0.0,0.0896896943449974,0.4131304621696472,1.173316240310669,53.24800109863281,0.2898843288421631
dfl_generated,dfl_evaluation_06,0.0023659924045205116,30,PCC,B,2.8090856075286865,0.0,0.08811081200838089,0.4131304621696472,1.173316240310669,53.24800109863281,0.2898843288421631
dfl_generated,dfl_evaluation_06,0.0023659924045205116,30,PCC,C,2.8101468086242676,0.0,0.08868207037448883,0.4131304621696472,1.173316240310669,53.24800109863281,0.2898843288421631
dfl_generated,dfl_evaluation_06,0.0023659924045205116,31,PCC,A,3.087367534637451,0.0,0.2980189323425293,0.5887197852134705,1.1811569929122925,53.24800109863281,0.27801716327667236
dfl_generated,dfl_evaluation_06,0.0023659924045205116,31,PCC,B,3.0821642875671387,0.0,0.2968371510505676,0.5887197852134705,1.1811569929122925,53.24800109863281,0.27801716327667236
dfl_generated,dfl_evaluation_06,0.0023659924045205116,31,PCC,C,3.0850071907043457,0.0,0.2924446761608124,0.5887197852134705,1.1811569929122925,53.24800109863281,0.27801716327667236
dfl_generated,dfl_evaluation_06,0.0023659924045205116,32,PCC,A,2.845280647277832,0.0,0.5276620984077454,0.41616514325141907,1.1878248453140259,53.24800109863281,0.25818607211112976
dfl_generated,dfl_evaluation_06,0.0023659924045205116,32,PCC,B,2.844472885131836,0.0,0.5215907692909241,0.41616514325141907,1.1878248453140259,53.24800109863281,0.25818607211112976
dfl_generated,dfl_evaluation_06,0.0023659924045205116,32,PCC,C,2.8489205837249756,0.0,0.5255804061889648,0.41616514325141907,1.1878248453140259,53.24800109863281,0.25818607211112976
dfl_generated,dfl_evaluation_06,0.0023659924045205116,33,PCC,A,3.00929856300354,0.0,0.6284222602844238,0.5137431621551514,1.1929001808166504,53.24800109863281,0.2728520631790161
dfl_generated,dfl_evaluation_06,0.0023659924045205116,33,PCC,B,3.0100133419036865,0.0,0.6666051745414734,0.5137431621551514,1.1929001808166504,53.24800109863281,0.2728520631790161
dfl_generated,dfl_evaluation_06,0.0023659924045205116,33,PCC,C,3.0058162212371826,0.0,0.6419358849525452,0.5137431621551514,1.1929001808166504,53.24800109863281,0.2728520631790161
dfl_generated,dfl_evaluation_06,0.0023659924045205116,34,PCC,A,2.7950499057769775,0.0,0.6934685111045837,0.3643687963485718,1.197946310043335,53.24800109863281,0.28466370701789856
dfl_generated,dfl_evaluation_06,0.0023659924045205116,34,PCC,B,2.7944014072418213,0.0,0.6907022595405579,0.3643687963485718,1.197946310043335,53.24800109863281,0.28466370701789856
dfl_generated,dfl_evaluation_06,0.0023659924045205116,34,PCC,C,2.795133590698242,0.0,0.6879064440727234,0.3643687963485718,1.197946310043335,53.24800109863281,0.28466370701789856
dfl_generated,dfl_evaluation_06,0.0023659924045205116,35,PCC,A,2.7969672679901123,0.0,0.7717650532722473,0.36136627197265625,1.2028239965438843,53.24800109863281,0.30253714323043823
dfl_generated,dfl_evaluation_06,0.0023659924045205116,35,PCC,B,2.7998178005218506,0.0,0.8061451315879822,0.36136627197265625,1.2028239965438843,53.24800109863281,0.30253714323043823
dfl_generated,dfl_evaluation_06,0.0023659924045205116,35,PCC,C,2.79968523979187,0.0,0.7771470546722412,0.36136627197265625,1.2028239965438843,53.24800109863281,0.30253714323043823
dfl_generated,dfl_evaluation_06,0.0023659924045205116,36,PCC,A,3.069627523422241,0.0,0.8699272274971008,0.5383059978485107,1.204606294631958,53.24800109863281,0.3126595914363861
dfl_generated,dfl_evaluation_06,0.0023659924045205116,36,PCC,B,3.0769429206848145,0.0,0.8891700506210327,0.5383059978485107,1.204606294631958,53.24800109863281,0.3126595914363861
dfl_generated,dfl_evaluation_06,0.0023659924045205116,36,PCC,C,3.074627161026001,0.0,0.9090702533721924,0.5383059978485107,1.204606294631958,53.24800109863281,0.3126595914363861
dfl_generated,dfl_evaluation_06,0.0023659924045205116,37,PCC,A,3.178818464279175,0.0,0.9882720708847046,0.6031783223152161,1.2111976146697998,53.24800109863281,0.3109731078147888
dfl_generated,dfl_evaluation_06,0.0023659924045205116,37,PCC,B,3.182776927947998,0.0,0.9798874855041504,0.6031783223152161,1.2111976146697998,53.24800109863281,0.3109731078147888
dfl_generated,dfl_evaluation_06,0.0023659924045205116,37,PCC,C,3.1765966415405273,0.0,0.9695395231246948,0.6031783223152161,1.2111976146697998,53.24800109863281,0.3109731078147888
dfl_generated,dfl_evaluation_06,0.0023659924045205116,38,PCC,A,3.2745378017425537,0.0,0.7846543788909912,0.6654155254364014,1.2125940322875977,53.24800109863281,0.29921337962150574
dfl_generated,dfl_evaluation_06,0.0023659924045205116,38,PCC,B,3.2805230617523193,0.0,0.7932512164115906,0.6654155254364014,1.2125940322875977,53.24800109863281,0.29921337962150574
dfl_generated,dfl_evaluation_06,0.0023659924045205116,38,PCC,C,3.277916669845581,0.0,0.7639984488487244,0.6654155254364014,1.2125940322875977,53.24800109863281,0.29921337962150574
dfl_generated,dfl_evaluation_06,0.0023659924045205116,39,PCC,A,3.0544326305389404,0.0,0.7617824077606201,0.5210045576095581,1.213850498199463,53.24800109863281,0.28946834802627563
dfl_generated,dfl_evaluation_06,0.0023659924045205116,39,PCC,B,3.062318801879883,0.0,0.7457998394966125,0.5210045576095581,1.213850498199463,53.24800109863281,0.28946834802627563
dfl_generated,dfl_evaluation_06,0.0023659924045205116,39,PCC,C,3.0542876720428467,0.0,0.7257813215255737,0.5210045576095581,1.213850498199463,53.24800109863281,0.28946834802627563
dfl_generated,dfl_evaluation_06,0.0023659924045205116,40,PCC,A,3.105909824371338,0.0,0.5707337260246277,0.5631123185157776,1.2048680782318115,53.24800109863281,0.28542304039001465
dfl_generated,dfl_evaluation_06,0.0023659924045205116,40,PCC,B,3.115063190460205,0.0,0.5863936543464661,0.5631123185157776,1.2048680782318115,53.24800109863281,0.28542304039001465
dfl_generated,dfl_evaluation_06,0.0023659924045205116,40,PCC,C,3.1088411808013916,0.0,0.5904315710067749,0.5631123185157776,1.2048680782318115,53.24800109863281,0.28542304039001465
dfl_generated,dfl_evaluation_06,0.0023659924045205116,41,PCC,A,3.034353733062744,0.0,0.310122549533844,0.5185338854789734,1.2009574174880981,53.24800109863281,0.29128462076187134
dfl_generated,dfl_evaluation_06,0.0023659924045205116,41,PCC,B,3.032782554626465,0.0,0.2959597110748291,0.5185338854789734,1.2009574174880981,53.24800109863281,0.29128462076187134
dfl_generated,dfl_evaluation_06,0.0023659924045205116,41,PCC,C,3.0325703620910645,0.0,0.306576132774353,0.5185338854789734,1.2009574174880981,53.24800109863281,0.29128462076187134
dfl_generated,dfl_evaluation_06,0.0023659924045205116,42,PCC,A,2.9853527545928955,0.0,0.0971158966422081,0.501911997795105,1.1916050910949707,53.24800109863281,0.2820011079311371
dfl_generated,dfl_evaluation_06,0.0023659924045205116,42,PCC,B,2.986736536026001,0.0,0.1002771407365799,0.501911997795105,1.1916050910949707,53.24800109863281,0.2820011079311371
dfl_generated,dfl_evaluation_06,0.0023659924045205116,42,PCC,C,2.984186887741089,0.0,0.09801021218299866,0.501911997795105,1.1916050910949707,53.24800109863281,0.2820011079311371
dfl_generated,dfl_evaluation_06,0.0023659924045205116,43,PCC,A,3.060650110244751,0.0,0.003935780841857195,0.5692486763000488,1.1826117038726807,53.24800109863281,0.27727168798446655
dfl_generated,dfl_evaluation_06,0.0023659924045205116,43,PCC,B,3.0581743717193604,0.0,0.004076744895428419,0.5692486763000488,1.1826117038726807,53.24800109863281,0.27727168798446655
dfl_generated,dfl_evaluation_06,0.0023659924045205116,43,PCC,C,3.063236713409424,0.0,0.003949660807847977,0.5692486763000488,1.1826117038726807,53.24800109863281,0.27727168798446655
dfl_generated,dfl_evaluation_06,0.0023659924045205116,44,PCC,A,2.889065742492676,0.0,1.0940108268187032e-06,0.458400696516037,1.1783132553100586,53.24800109863281,0.28117626905441284
dfl_generated,dfl_evaluation_06,0.0023659924045205116,44,PCC,B,2.893653392791748,0.0,1.1237334547331557e-06,0.458400696516037,1.1783132553100586,53.24800109863281,0.28117626905441284
dfl_generated,dfl_evaluation_06,0.0023659924045205116,44,PCC,C,2.8905184268951416,0.0,0.0,0.458400696516037,1.1783132553100586,53.24800109863281,0.28117626905441284
dfl_generated,dfl_evaluation_06,0.0023659924045205116,45,PCC,A,2.7953813076019287,0.0,0.0,0.39928483963012695,1.1771289110183716,53.24800109863281,0.28663966059684753
dfl_generated,dfl_evaluation_06,0.0023659924045205116,45,PCC,B,2.797333240509033,0.0,0.0,0.39928483963012695,1.1771289110183716,53.24800109863281,0.28663966059684753
dfl_generated,dfl_evaluation_06,0.0023659924045205116,45,PCC,C,2.7995009422302246,0.0,0.0,0.39928483963012695,1.1771289110183716,53.24800109863281,0.28663966059684753
dfl_generated,dfl_evaluation_06,0.0023659924045205116,46,PCC,A,2.7400875091552734,0.0,9.033362857735483e-07,0.3637107312679291,1.1742264032363892,53.24800109863281,0.30116748809814453
dfl_generated,dfl_evaluation_06,0.0023659924045205116,46,PCC,B,2.7422592639923096,0.0,0.0,0.3637107312679291,1.1742264032363892,53.24800109863281,0.30116748809814453
dfl_generated,dfl_evaluation_06,0.0023659924045205116,46,PCC,C,2.739619493484497,0.0,0.0,0.3637107312679291,1.1742264032363892,53.24800109863281,0.30116748809814453
dfl_generated,dfl_evaluation_06,0.0023659924045205116,47,PCC,A,2.711477041244507,0.0,1.6278976318062632e-06,0.34759950637817383,1.1712647676467896,53.24800109863281,0.31097713112831116
dfl_generated,dfl_evaluation_06,0.0023659924045205116,47,PCC,B,2.7128970623016357,0.0,4.503112194242931e-08,0.34759950637817383,1.1712647676467896,53.24800109863281,0.31097713112831116
dfl_generated,dfl_evaluation_06,0.0023659924045205116,47,PCC,C,2.7121238708496094,0.0,2.0545319330267375e-06,0.34759950637817383,1.1712647676467896,53.24800109863281,0.31097713112831116
dfl_generated,dfl_evaluation_07,0.19858039915561676,0,PCC,A,2.590492010116577,0.0,4.4016464926244225e-06,0.29431068897247314,1.1495110988616943,53.24800109863281,0.2601408362388611
dfl_generated,dfl_evaluation_07,0.19858039915561676,0,PCC,B,2.589704990386963,0.0,3.538850705808727e-07,0.29431068897247314,1.1495110988616943,53.24800109863281,0.2601408362388611
dfl_generated,dfl_evaluation_07,0.19858039915561676,0,PCC,C,2.5892765522003174,0.0,0.0,0.29431068897247314,1.1495110988616943,53.24800109863281,0.2601408362388611
dfl_generated,dfl_evaluation_07,0.19858039915561676,1,PCC,A,2.623272180557251,0.0,0.0,0.3179371654987335,1.1499086618423462,34.72425079345703,0.2540624439716339
dfl_generated,dfl_evaluation_07,0.19858039915561676,1,PCC,B,2.624053716659546,0.0,4.661153809593088e-07,0.3179371654987335,1.1499086618423462,34.72425079345703,0.2540624439716339
dfl_generated,dfl_evaluation_07,0.19858039915561676,1,PCC,C,2.6240527629852295,0.0,1.850330022534763e-06,0.3179371654987335,1.1499086618423462,34.72425079345703,0.2540624439716339
dfl_generated,dfl_evaluation_07,0.19858039915561676,2,PCC,A,2.4876203536987305,0.0,0.0,0.2232462614774704,1.1505049467086792,34.72425079345703,0.2566521465778351
dfl_generated,dfl_evaluation_07,0.19858039915561676,2,PCC,B,2.487394094467163,0.0,1.092647323730489e-07,0.2232462614774704,1.1505049467086792,34.72425079345703,0.2566521465778351
dfl_generated,dfl_evaluation_07,0.19858039915561676,2,PCC,C,2.488084554672241,0.0,0.0,0.2232462614774704,1.1505049467086792,34.72425079345703,0.2566521465778351
dfl_generated,dfl_evaluation_07,0.19858039915561676,3,PCC,A,2.5456440448760986,0.0,1.8456094039720483e-06,0.2633455991744995,1.1502796411514282,53.24800109863281,0.2636984884738922
dfl_generated,dfl_evaluation_07,0.19858039915561676,3,PCC,B,2.546337604522705,0.0,1.5911749642327777e-06,0.2633455991744995,1.1502796411514282,53.24800109863281,0.2636984884738922
dfl_generated,dfl_evaluation_07,0.19858039915561676,3,PCC,C,2.5463478565216064,0.0,0.0,0.2633455991744995,1.1502796411514282,53.24800109863281,0.2636984884738922
dfl_generated,dfl_evaluation_07,0.19858039915561676,4,PCC,A,2.608869791030884,0.0,0.0,0.3060445785522461,1.1505796909332275,53.24800109863281,0.26108258962631226
dfl_generated,dfl_evaluation_07,0.19858039915561676,4,PCC,B,2.608027219772339,0.0,0.0,0.3060445785522461,1.1505796909332275,53.24800109863281,0.26108258962631226
dfl_generated,dfl_evaluation_07,0.19858039915561676,4,PCC,C,2.6085877418518066,0.0,0.0,0.3060445785522461,1.1505796909332275,53.24800109863281,0.26108258962631226
dfl_generated,dfl_evaluation_07,0.19858039915561676,5,PCC,A,2.5774433612823486,0.0,1.2655509635806084e-05,0.2850128710269928,1.1504884958267212,53.24800109863281,0.2586251497268677
dfl_generated,dfl_evaluation_07,0.19858039915561676,5,PCC,B,2.577554225921631,0.0,0.0,0.2850128710269928,1.1504884958267212,53.24800109863281,0.2586251497268677
dfl_generated,dfl_evaluation_07,0.19858039915561676,5,PCC,C,2.5770325660705566,0.0,0.0,0.2850128710269928,1.1504884958267212,53.24800109863281,0.2586251497268677
dfl_generated,dfl_evaluation_07,0.19858039915561676,6,PCC,A,2.760906934738159,0.0,0.0,0.4131304621696472,1.1492317914962769,121.88175201416016,0.2603406310081482
dfl_generated,dfl_evaluation_07,0.19858039915561676,6,PCC,B,2.759201765060425,0.0,0.0,0.4131304621696472,1.1492317914962769,121.88175201416016,0.2603406310081482
dfl_generated,dfl_evaluation_07,0.19858039915561676,6,PCC,C,2.7595953941345215,0.0,0.0,0.4131304621696472,1.1492317914962769,121.88175201416016,0.2603406310081482
dfl_generated,dfl_evaluation_07,0.19858039915561676,7,PCC,A,3.0094432830810547,0.0,0.10369019955396652,0.5887197852134705,1.1491714715957642,121.88175201416016,0.26217445731163025
dfl_generated,dfl_evaluation_07,0.19858039915561676,7,PCC,B,3.0104727745056152,0.0,0.11457720398902893,0.5887197852134705,1.1491714715957642,121.88175201416016,0.26217445731163025
dfl_generated,dfl_evaluation_07,0.19858039915561676,7,PCC,C,3.008917808532715,0.0,0.10691754519939423,0.5887197852134705,1.1491714715957642,121.88175201416016,0.26217445731163025
dfl_generated,dfl_evaluation_07,0.19858039915561676,8,PCC,A,2.7614126205444336,0.0,0.5123547315597534,0.41616514325141907,1.1482383012771606,121.88175201416016,0.2558729946613312
dfl_generated,dfl_evaluation_07,0.19858039915561676,8,PCC,B,2.7625138759613037,0.0,0.5147758722305298,0.41616514325141907,1.1482383012771606,121.88175201416016,0.2558729946613312
dfl_generated,dfl_evaluation_07,0.19858039915561676,8,PCC,C,2.761415958404541,0.0,0.5103591084480286,0.41616514325141907,1.1482383012771606,121.88175201416016,0.2558729946613312
dfl_generated,dfl_evaluation_07,0.19858039915561676,9,PCC,A,2.8990232944488525,0.0,0.8791818022727966,0.5137431621551514,1.1476882696151733,121.88175201416016,0.2199142873287201
dfl_generated,dfl_evaluation_07,0.19858039915561676,9,PCC,B,2.8989171981811523,0.0,0.8882520794868469,0.5137431621551514,1.1476882696151733,121.88175201416016,0.2199142873287201
dfl_generated,dfl_evaluation_07,0.19858039915561676,9,PCC,C,2.8997280597686768,0.0,0.8895969390869141,0.5137431621551514,1.1476882696151733,121.88175201416016,0.2199142873287201
dfl_generated,dfl_evaluation_07,0.19858039915561676,10,PCC,A,2.677044153213501,0.0,1.1306653022766113,0.3643687963485718,1.1429493427276611,53.24800109863281,0.261587917804718
dfl_generated,dfl_evaluation_07,0.19858039915561676,10,PCC,B,2.6787452697753906,0.0,1.096956491470337,0.3643687963485718,1.1429493427276611,53.24800109863281,0.261587917804718
dfl_generated,dfl_evaluation_07,0.19858039915561676,10,PCC,C,2.675708055496216,0.0,1.0993609428405762,0.3643687963485718,1.1429493427276611,53.24800109863281,0.261587917804718
dfl_generated,dfl_evaluation_07,0.19858039915561676,11,PCC,A,2.6658096313476562,0.0,1.2249044179916382,0.36136627197265625,1.140122413635254,53.24800109863281,0.2748105525970459
dfl_generated,dfl_evaluation_07,0.19858039915561676,11,PCC,B,2.6673696041107178,0.0,1.1943670511245728,0.36136627197265625,1.140122413635254,53.24800109863281,0.2748105525970459
dfl_generated,dfl_evaluation_07,0.19858039915561676,11,PCC,C,2.666980743408203,0.0,1.2390985488891602,0.36136627197265625,1.140122413635254,53.24800109863281,0.2748105525970459
dfl_generated,dfl_evaluation_07,0.19858039915561676,12,PCC,A,2.9202609062194824,0.0,1.2413699626922607,0.5383059978485107,1.1395107507705688,34.72425079345703,0.27761000394821167
dfl_generated,dfl_evaluation_07,0.19858039915561676,12,PCC,B,2.918393611907959,0.0,1.2681453227996826,0.5383059978485107,1.1395107507705688,34.72425079345703,0.27761000394821167
dfl_generated,dfl_evaluation_07,0.19858039915561676,12,PCC,C,2.918915033340454,0.0,1.2499462366104126,0.5383059978485107,1.1395107507705688,34.72425079345703,0.27761000394821167
dfl_generated,dfl_evaluation_07,0.19858039915561676,13,PCC,A,3.005368947982788,0.0,1.2322310209274292,0.6031783223152161,1.1366183757781982,34.72425079345703,0.2750909626483917
dfl_generated,dfl_evaluation_07,0.19858039915561676,13,PCC,B,2.9993245601654053,0.0,1.2025392055511475,0.6031783223152161,1.1366183757781982,34.72425079345703,0.2750909626483917
dfl_generated,dfl_evaluation_07,0.19858039915561676,13,PCC,C,3.000359535217285,0.0,1.2202882766723633,0.6031783223152161,1.1366183757781982,34.72425079345703,0.2750909626483917
dfl_generated,dfl_evaluation_07,0.19858039915561676,14,PCC,A,3.0910322666168213,0.0,1.1306334733963013,0.6654155254364014,1.1375784873962402,34.72425079345703,0.2716251611709595
dfl_generated,dfl_evaluation_07,0.19858039915561676,14,PCC,B,3.0913474559783936,0.0,1.130018711090088,0.6654155254364014,1.1375784873962402,34.72425079345703,0.2716251611709595
dfl_generated,dfl_evaluation_07,0.19858039915561676,14,PCC,C,3.094128131866455,0.0,1.1162358522415161,0.6654155254364014,1.1375784873962402,34.72425079345703,0.2716251611709595
dfl_generated,dfl_evaluation_07,0.19858039915561676,15,PCC,A,2.885666847229004,0.0,0.8931417465209961,0.5210045576095581,1.1375157833099365,34.72425079345703,0.25524282455444336
dfl_generated,dfl_evaluation_07,0.19858039915561676,15,PCC,B,2.889708995819092,0.0,0.8951542377471924,0.5210045576095581,1.1375157833099365,34.72425079345703,0.25524282455444336
dfl_generated,dfl_evaluation_07,0.19858039915561676,15,PCC,C,2.8865742683410645,0.0,0.8960133790969849,0.5210045576095581,1.1375157833099365,34.72425079345703,0.25524282455444336
dfl_generated,dfl_evaluation_07,0.19858039915561676,16,PCC,A,2.9481475353240967,0.0,0.5235369205474854,0.5631123185157776,1.1395421028137207,53.24800109863281,0.24149560928344727
dfl_generated,dfl_evaluation_07,0.19858039915561676,16,PCC,B,2.9498281478881836,0.0,0.5342847108840942,0.5631123185157776,1.1395421028137207,53.24800109863281,0.24149560928344727
dfl_generated,dfl_evaluation_07,0.19858039915561676,16,PCC,C,2.9511682987213135,0.0,0.5340803265571594,0.5631123185157776,1.1395421028137207,53.24800109863281,0.24149560928344727
dfl_generated,dfl_evaluation_07,0.19858039915561676,17,PCC,A,2.898777484893799,0.0,0.08354996889829636,0.5185338854789734,1.1447428464889526,53.24800109863281,0.23305381834506989
dfl_generated,dfl_evaluation_07,0.19858039915561676,17,PCC,B,2.899418830871582,0.0,0.08766598254442215,0.5185338854789734,1.1447428464889526,53.24800109863281,0.23305381834506989
dfl_generated,dfl_evaluation_07,0.19858039915561676,17,PCC,C,2.901766538619995,0.0,0.08464627712965012,0.5185338854789734,1.1447428464889526,53.24800109863281,0.23305381834506989
dfl_generated,dfl_evaluation_07,0.19858039915561676,18,PCC,A,2.8839809894561768,0.0,0.0,0.501911997795105,1.1493101119995117,53.24800109863281,0.2313046157360077
dfl_generated,dfl_evaluation_07,0.19858039915561676,18,PCC,B,2.885364055633545,0.0,0.0,0.501911997795105,1.1493101119995117,53.24800109863281,0.2313046157360077
dfl_generated,dfl_evaluation_07,0.19858039915561676,18,PCC,C,2.885930299758911,0.0,0.0,0.501911997795105,1.1493101119995117,53.24800109863281,0.2313046157360077
dfl_generated,dfl_evaluation_07,0.19858039915561676,19,PCC,A,2.984631061553955,0.0,0.0002604051260277629,0.5692486763000488,1.1498563289642334,53.24800109863281,0.22844469547271729
dfl_generated,dfl_evaluation_07,0.19858039915561676,19,PCC,B,2.9834721088409424,0.0,0.00025697931414470077,0.5692486763000488,1.1498563289642334,53.24800109863281,0.22844469547271729
dfl_generated,dfl_evaluation_07,0.19858039915561676,19,PCC,C,2.984656572341919,0.0,0.00029344012727960944,0.5692486763000488,1.1498563289642334,53.24800109863281,0.22844469547271729
dfl_generated,dfl_evaluation_07,0.19858039915561676,20,PCC,A,2.8274476528167725,0.0,0.0,0.458400696516037,1.151753306388855,53.24800109863281,0.23015962541103363
dfl_generated,dfl_evaluation_07,0.19858039915561676,20,PCC,B,2.8269803524017334,0.0,0.0,0.458400696516037,1.151753306388855,53.24800109863281,0.23015962541103363
dfl_generated,dfl_evaluation_07,0.19858039915561676,20,PCC,C,2.828852891921997,0.0,0.0,0.458400696516037,1.151753306388855,53.24800109863281,0.23015962541103363
dfl_generated,dfl_evaluation_07,0.19858039915561676,21,PCC,A,2.7429089546203613,0.0,0.0,0.39928483963012695,1.151225209236145,53.24800109863281,0.24710234999656677
dfl_generated,dfl_evaluation_07,0.19858039915561676,21,PCC,B,2.743596315383911,0.0,1.877190925370087e-06,0.39928483963012695,1.151225209236145,53.24800109863281,0.24710234999656677
dfl_generated,dfl_evaluation_07,0.19858039915561676,21,PCC,C,2.743288040161133,0.0,1.001197233563289e-06,0.39928483963012695,1.151225209236145,53.24800109863281,0.24710234999656677
dfl_generated,dfl_evaluation_07,0.19858039915561676,22,PCC,A,2.6916215419769287,0.0,0.0,0.3637107312679291,1.1506919860839844,53.24800109863281,0.2598196268081665
dfl_generated,dfl_evaluation_07,0.19858039915561676,22,PCC,B,2.6909127235412598,0.0,0.0,0.3637107312679291,1.1506919860839844,53.24800109863281,0.2598196268081665
dfl_generated,dfl_evaluation_07,0.19858039915561676,22,PCC,C,2.691542625427246,0.0,7.802782420185395e-07,0.3637107312679291,1.1506919860839844,53.24800109863281,0.2598196268081665
dfl_generated,dfl_evaluation_07,0.19858039915561676,23,PCC,A,2.6675472259521484,0.0,1.5341979633376468e-06,0.34759950637817383,1.1506372690200806,53.24800109863281,0.26348236203193665
dfl_generated,dfl_evaluation_07,0.19858039915561676,23,PCC,B,2.6676714420318604,0.0,0.0,0.34759950637817383,1.1506372690200806,53.24800109863281,0.26348236203193665
dfl_generated,dfl_evaluation_07,0.19858039915561676,23,PCC,C,2.667600154876709,0.0,0.0,0.34759950637817383,1.1506372690200806,53.24800109863281,0.26348236203193665
dfl_generated,dfl_evaluation_07,0.19858039915561676,24,PCC,A,2.5917091369628906,0.0,0.0,0.29431068897247314,1.1514363288879395,53.24800109863281,0.264909952878952
dfl_generated,dfl_evaluation_07,0.19858039915561676,24,PCC,B,2.592665195465088,0.0,8.244613809438306e-07,0.29431068897247314,1.1514363288879395,53.24800109863281,0.264909952878952
dfl_generated,dfl_evaluation_07,0.19858039915561676,24,PCC,C,2.591986656188965,0.0,1.3035794381721644e-06,0.29431068897247314,1.1514363288879395,53.24800109863281,0.264909952878952
dfl_generated,dfl_evaluation_07,0.19858039915561676,25,PCC,A,2.627761125564575,0.0,1.7342725868729758e-06,0.3179371654987335,1.1514172554016113,34.72425079345703,0.2703832685947418
dfl_generated,dfl_evaluation_07,0.19858039915561676,25,PCC,B,2.62796950340271,0.0,7.545910563067082e-08,0.3179371654987335,1.1514172554016113,34.72425079345703,0.2703832685947418
dfl_generated,dfl_evaluation_07,0.19858039915561676,25,PCC,C,2.626457691192627,0.0,4.241250337599922e-07,0.3179371654987335,1.1514172554016113,34.72425079345703,0.2703832685947418
dfl_generated,dfl_evaluation_07,0.19858039915561676,26,PCC,A,2.4927423000335693,0.0,0.0,0.2232462614774704,1.1527304649353027,34.72425079345703,0.2934468388557434
dfl_generated,dfl_evaluation_07,0.19858039915561676,26,PCC,B,2.492866277694702,0.0,4.914589180060602e-09,0.2232462614774704,1.1527304649353027,34.72425079345703,0.2934468388557434
dfl_generated,dfl_evaluation_07,0.19858039915561676,26,PCC,C,2.4925973415374756,0.0,0.0,0.2232462614774704,1.1527304649353027,34.72425079345703,0.2934468388557434
dfl_generated,dfl_evaluation_07,0.19858039915561676,27,PCC,A,2.551584005355835,0.0,1.1040400238471193e-07,0.2633455991744995,1.1530531644821167,53.24800109863281,0.2687513530254364
dfl_generated,dfl_evaluation_07,0.19858039915561676,27,PCC,B,2.5513665676116943,0.0,0.0,0.2633455991744995,1.1530531644821167,53.24800109863281,0.2687513530254364
dfl_generated,dfl_evaluation_07,0.19858039915561676,27,PCC,C,2.551135540008545,0.0,1.4738192248842097e-06,0.2633455991744995,1.1530531644821167,53.24800109863281,0.2687513530254364
dfl_generated,dfl_evaluation_07,0.19858039915561676,28,PCC,A,2.611694097518921,0.0,0.0,0.3060445785522461,1.1522198915481567,53.24800109863281,0.2625119090080261
dfl_generated,dfl_evaluation_07,0.19858039915561676,28,PCC,B,2.6105642318725586,0.0,0.0,0.3060445785522461,1.1522198915481567,53.24800109863281,0.2625119090080261
dfl_generated,dfl_evaluation_07,0.19858039915561676,28,PCC,C,2.6109514236450195,0.0,0.0,0.3060445785522461,1.1522198915481567,53.24800109863281,0.2625119090080261
dfl_generated,dfl_evaluation_07,0.19858039915561676,29,PCC,A,2.579228639602661,0.0,0.0,0.2850128710269928,1.1518524885177612,53.24800109863281,0.2583581209182739
dfl_generated,dfl_evaluation_07,0.19858039915561676,29,PCC,B,2.5793914794921875,0.0,0.0,0.2850128710269928,1.1518524885177612,53.24800109863281,0.2583581209182739
dfl_generated,dfl_evaluation_07,0.19858039915561676,29,PCC,C,2.580141067504883,0.0,0.0,0.2850128710269928,1.1518524885177612,53.24800109863281,0.2583581209182739
dfl_generated,dfl_evaluation_07,0.19858039915561676,30,PCC,A,2.7634341716766357,0.0,0.0,0.4131304621696472,1.1516375541687012,121.88175201416016,0.25350093841552734
dfl_generated,dfl_evaluation_07,0.19858039915561676,30,PCC,B,2.764472246170044,0.0,0.0,0.4131304621696472,1.1516375541687012,121.88175201416016,0.25350093841552734
dfl_generated,dfl_evaluation_07,0.19858039915561676,30,PCC,C,2.7660019397735596,0.0,0.0,0.4131304621696472,1.1516375541687012,121.88175201416016,0.25350093841552734
dfl_generated,dfl_evaluation_07,0.19858039915561676,31,PCC,A,3.0151121616363525,0.0,0.11894825100898743,0.5887197852134705,1.151847004890442,121.88175201416016,0.24806556105613708
dfl_generated,dfl_evaluation_07,0.19858039915561676,31,PCC,B,3.0139858722686768,0.0,0.12145434319972992,0.5887197852134705,1.151847004890442,121.88175201416016,0.24806556105613708
dfl_generated,dfl_evaluation_07,0.19858039915561676,31,PCC,C,3.0148961544036865,0.0,0.12414693832397461,0.5887197852134705,1.151847004890442,121.88175201416016,0.24806556105613708
dfl_generated,dfl_evaluation_07,0.19858039915561676,32,PCC,A,2.7653400897979736,0.0,0.5800049901008606,0.41616514325141907,1.1503926515579224,121.88175201416016,0.21797001361846924
dfl_generated,dfl_evaluation_07,0.19858039915561676,32,PCC,B,2.7676124572753906,0.0,0.5801633596420288,0.41616514325141907,1.1503926515579224,121.88175201416016,0.21797001361846924
dfl_generated,dfl_evaluation_07,0.19858039915561676,32,PCC,C,2.765298843383789,0.0,0.581603467464447,0.41616514325141907,1.1503926515579224,121.88175201416016,0.21797001361846924
dfl_generated,dfl_evaluation_07,0.19858039915561676,33,PCC,A,2.8982627391815186,0.0,0.9087983965873718,0.5137431621551514,1.1471037864685059,121.88175201416016,0.2461148500442505
dfl_generated,dfl_evaluation_07,0.19858039915561676,33,PCC,B,2.8965377807617188,0.0,0.9163907766342163,0.5137431621551514,1.1471037864685059,121.88175201416016,0.2461148500442505
dfl_generated,dfl_evaluation_07,0.19858039915561676,33,PCC,C,2.897097110748291,0.0,0.9098645448684692,0.5137431621551514,1.1471037864685059,121.88175201416016,0.2461148500442505
dfl_generated,dfl_evaluation_07,0.19858039915561676,34,PCC,A,2.6718103885650635,0.0,1.0278786420822144,0.3643687963485718,1.1401594877243042,53.24800109863281,0.2527036666870117
dfl_generated,dfl_evaluation_07,0.19858039915561676,34,PCC,B,2.6710150241851807,0.0,1.02122962474823,0.3643687963485718,1.1401594877243042,53.24800109863281,0.2527036666870117
dfl_generated,dfl_evaluation_07,0.19858039915561676,34,PCC,C,2.6676266193389893,0.0,1.0505859851837158,0.3643687963485718,1.1401594877243042,53.24800109863281,0.2527036666870117
dfl_generated,dfl_evaluation_07,0.19858039915561676,35,PCC,A,2.6560440063476562,0.0,1.1566518545150757,0.36136627197265625,1.1353029012680054,53.24800109863281,0.26102355122566223
dfl_generated,dfl_evaluation_07,0.19858039915561676,35,PCC,B,2.655343770980835,0.0,1.166032314300537,0.36136627197265625,1.1353029012680054,53.24800109863281,0.26102355122566223
dfl_generated,dfl_evaluation_07,0.19858039915561676,35,PCC,C,2.6534786224365234,0.0,1.166039228439331,0.36136627197265625,1.1353029012680054,53.24800109863281,0.26102355122566223
dfl_generated,dfl_evaluation_07,0.19858039915561676,36,PCC,A,2.9022951126098633,0.0,1.2306029796600342,0.5383059978485107,1.1329680681228638,34.72425079345703,0.2639329135417938
dfl_generated,dfl_evaluation_07,0.19858039915561676,36,PCC,B,2.907794237136841,0.0,1.242047905921936,0.5383059978485107,1.1329680681228638,34.72425079345703,0.2639329135417938
dfl_generated,dfl_evaluation_07,0.19858039915561676,36,PCC,C,2.906257152557373,0.0,1.2341358661651611,0.5383059978485107,1.1329680681228638,34.72425079345703,0.2639329135417938
dfl_generated,dfl_evaluation_07,0.19858039915561676,37,PCC,A,2.9951088428497314,0.0,1.287430763244629,0.6031783223152161,1.1349085569381714,34.72425079345703,0.25593137741088867
dfl_generated,dfl_evaluation_07,0.19858039915561676,37,PCC,B,2.991814136505127,0.0,1.2761965990066528,0.6031783223152161,1.1349085569381714,34.72425079345703,0.25593137741088867
dfl_generated,dfl_evaluation_07,0.19858039915561676,37,PCC,C,2.991729974746704,0.0,1.2765916585922241,0.6031783223152161,1.1349085569381714,34.72425079345703,0.25593137741088867
dfl_generated,dfl_evaluation_07,0.19858039915561676,38,PCC,A,3.082763910293579,0.0,1.2552632093429565,0.6654155254364014,1.1350141763687134,34.72425079345703,0.2524203062057495
dfl_generated,dfl_evaluation_07,0.19858039915561676,38,PCC,B,3.0833637714385986,0.0,1.2458889484405518,0.6654155254364014,1.1350141763687134,34.72425079345703,0.2524203062057495
dfl_generated,dfl_evaluation_07,0.19858039915561676,38,PCC,C,3.0857324600219727,0.0,1.2457456588745117,0.6654155254364014,1.1350141763687134,34.72425079345703,0.2524203062057495
dfl_generated,dfl_evaluation_07,0.19858039915561676,39,PCC,A,2.885645866394043,0.0,0.8941656947135925,0.5210045576095581,1.1372060775756836,34.72425079345703,0.24445398151874542
dfl_generated,dfl_evaluation_07,0.19858039915561676,39,PCC,B,2.887638807296753,0.0,0.891656756401062,0.5210045576095581,1.1372060775756836,34.72425079345703,0.24445398151874542
dfl_generated,dfl_evaluation_07,0.19858039915561676,39,PCC,C,2.8874762058258057,0.0,0.8787586092948914,0.5210045576095581,1.1372060775756836,34.72425079345703,0.24445398151874542
dfl_generated,dfl_evaluation_07,0.19858039915561676,40,PCC,A,2.9520692825317383,0.0,0.47747915983200073,0.5631123185157776,1.1379121541976929,53.24800109863281,0.22410465776920319
dfl_generated,dfl_evaluation_07,0.19858039915561676,40,PCC,B,2.954174280166626,0.0,0.49784350395202637,0.5631123185157776,1.1379121541976929,53.24800109863281,0.22410465776920319
dfl_generated,dfl_evaluation_07,0.19858039915561676,40,PCC,C,2.9541447162628174,0.0,0.49083125591278076,0.5631123185157776,1.1379121541976929,53.24800109863281,0.22410465776920319
dfl_generated,dfl_evaluation_07,0.19858039915561676,41,PCC,A,2.904191255569458,0.0,0.06800235062837601,0.5185338854789734,1.1465073823928833,53.24800109863281,0.21171121299266815
dfl_generated,dfl_evaluation_07,0.19858039915561676,41,PCC,B,2.9017107486724854,0.0,0.06425085663795471,0.5185338854789734,1.1465073823928833,53.24800109863281,0.21171121299266815
dfl_generated,dfl_evaluation_07,0.19858039915561676,41,PCC,C,2.9040353298187256,0.0,0.06805552542209625,0.5185338854789734,1.1465073823928833,53.24800109863281,0.21171121299266815
dfl_generated,dfl_evaluation_07,0.19858039915561676,42,PCC,A,2.8866047859191895,0.0,0.0005224961787462234,0.501911997795105,1.1508740186691284,53.24800109863281,0.20712503790855408
dfl_generated,dfl_evaluation_07,0.19858039915561676,42,PCC,B,2.8880414962768555,0.0,0.0,0.501911997795105,1.1508740186691284,53.24800109863281,0.20712503790855408
dfl_generated,dfl_evaluation_07,0.19858039915561676,42,PCC,C,2.8893325328826904,0.0,0.0,0.501911997795105,1.1508740186691284,53.24800109863281,0.20712503790855408
dfl_generated,dfl_evaluation_07,0.19858039915561676,43,PCC,A,2.9859230518341064,0.0,0.0,0.5692486763000488,1.1516793966293335,53.24800109863281,0.20773299038410187
dfl_generated,dfl_evaluation_07,0.19858039915561676,43,PCC,B,2.9844913482666016,0.0,0.0,0.5692486763000488,1.1516793966293335,53.24800109863281,0.20773299038410187
dfl_generated,dfl_evaluation_07,0.19858039915561676,43,PCC,C,2.9839415550231934,0.0,0.0,0.5692486763000488,1.1516793966293335,53.24800109863281,0.20773299038410187
dfl_generated,dfl_evaluation_07,0.19858039915561676,44,PCC,A,2.8270087242126465,0.0,0.0,0.458400696516037,1.151375651359558,53.24800109863281,0.21181043982505798
dfl_generated,dfl_evaluation_07,0.19858039915561676,44,PCC,B,2.8277268409729004,0.0,0.0,0.458400696516037,1.151375651359558,53.24800109863281,0.21181043982505798
dfl_generated,dfl_evaluation_07,0.19858039915561676,44,PCC,C,2.8271820545196533,0.0,0.0,0.458400696516037,1.151375651359558,53.24800109863281,0.21181043982505798
dfl_generated,dfl_evaluation_07,0.19858039915561676,45,PCC,A,2.7431275844573975,0.0,0.0,0.39928483963012695,1.1517196893692017,53.24800109863281,0.2187085896730423
dfl_generated,dfl_evaluation_07,0.19858039915561676,45,PCC,B,2.7430808544158936,0.0,0.0,0.39928483963012695,1.1517196893692017,53.24800109863281,0.2187085896730423
dfl_generated,dfl_evaluation_07,0.19858039915561676,45,PCC,C,2.7437291145324707,0.0,0.0,0.39928483963012695,1.1517196893692017,53.24800109863281,0.2187085896730423
dfl_generated,dfl_evaluation_07,0.19858039915561676,46,PCC,A,2.6921420097351074,0.0,0.0,0.3637107312679291,1.1510320901870728,53.24800109863281,0.23459672927856445
dfl_generated,dfl_evaluation_07,0.19858039915561676,46,PCC,B,2.692490577697754,0.0,4.4333941673357913e-07,0.3637107312679291,1.1510320901870728,53.24800109863281,0.23459672927856445
dfl_generated,dfl_evaluation_07,0.19858039915561676,46,PCC,C,2.6912498474121094,0.0,0.0,0.3637107312679291,1.1510320901870728,53.24800109863281,0.23459672927856445
dfl_generated,dfl_evaluation_07,0.19858039915561676,47,PCC,A,2.6677088737487793,0.0,0.0,0.34759950637817383,1.1512577533721924,53.24800109863281,0.24314402043819427
dfl_generated,dfl_evaluation_07,0.19858039915561676,47,PCC,B,2.6689374446868896,0.0,0.0,0.34759950637817383,1.1512577533721924,53.24800109863281,0.24314402043819427
dfl_generated,dfl_evaluation_07,0.19858039915561676,47,PCC,C,2.6693835258483887,0.0,0.0,0.34759950637817383,1.1512577533721924,53.24800109863281,0.24314402043819427
