source,scenario_name,scenario_weight,time,bus,phase,active_load_mw,reactive_load_mvar,pv_available_mw,workload_arrival,pue,grid_price_per_mwh,grid_carbon_t_per_mwh
observed_test,v2_2018_388_48h,,0,PCC,A,2.589738233557025,0.0,0.0,0.29431068897247314,1.149999976158142,53.24800137329102,0.24671828746795654
observed_test,v2_2018_388_48h,,0,PCC,B,2.589738233557025,0.0,0.0,0.29431068897247314,1.149999976158142,53.24800137329102,0.24671828746795654
observed_test,v2_2018_388_48h,,0,PCC,C,2.589738233557025,0.0,0.0,0.29431068897247314,1.149999976158142,53.24800137329102,0.24671828746795654
observed_test,v2_2018_388_48h,,1,PCC,A,2.6237012928594003,0.0,0.0,0.3179371654987335,1.149999976158142,53.24800137329102,0.24198617041110992
observed_test,v2_2018_388_48h,,1,PCC,B,2.6237012928594003,0.0,0.0,0.3179371654987335,1.149999976158142,53.24800137329102,0.24198617041110992
observed_test,v2_2018_388_48h,,1,PCC,C,2.6237012928594003,0.0,0.0,0.3179371654987335,1.149999976158142,53.24800137329102,0.24198617041110992
observed_test,v2_2018_388_48h,,2,PCC,A,2.4875831211508435,0.0,0.0,0.2232462614774704,1.149999976158142,53.24800137329102,0.24508506059646606
observed_test,v2_2018_388_48h,,2,PCC,B,2.4875831211508435,0.0,0.0,0.2232462614774704,1.149999976158142,53.24800137329102,0.24508506059646606
observed_test,v2_2018_388_48h,,2,PCC,C,2.4875831211508435,0.0,0.0,0.2232462614774704,1.149999976158142,53.24800137329102,0.24508506059646606
observed_test,v2_2018_388_48h,,3,PCC,A,2.5452259178952694,0.0,0.0,0.2633455991744995,1.149999976158142,53.24800137329102,0.25559377670288086
observed_test,v2_2018_388_48h,,3,PCC,B,2.5452259178952694,0.0,0.0,0.2633455991744995,1.149999976158142,53.24800137329102,0.25559377670288086
observed_test,v2_2018_388_48h,,3,PCC,C,2.5452259178952694,0.0,0.0,0.2633455991744995,1.149999976158142,53.24800137329102,0.25559377670288086
observed_test,v2_2018_388_48h,,4,PCC,A,2.6066056994782514,0.0,0.0,0.3060445785522461,1.149999976158142,53.24800137329102,0.247085839509964
observed_test,v2_2018_388_48h,,4,PCC,B,2.6066056994782514,0.0,0.0,0.3060445785522461,1.149999976158142,53.24800137329102,0.247085839509964
observed_test,v2_2018_388_48h,,4,PCC,C,2.6066056994782514,0.0,0.0,0.3060445785522461,1.149999976158142,53.24800137329102,0.247085839509964
observed_test,v2_2018_388_48h,,5,PCC,A,2.5763726205374935,0.0,0.0,0.2850128710269928,1.149999976158142,53.24800137329102,0.24306049942970276
observed_test,v2_2018_388_48h,,5,PCC,B,2.5763726205374935,0.0,0.0,0.2850128710269928,1.149999976158142,53.24800137329102,0.24306049942970276
observed_test,v2_2018_388_48h,,5,PCC,C,2.5763726205374935,0.0,0.0,0.2850128710269928,1.149999976158142,53.24800137329102,0.24306049942970276
observed_test,v2_2018_388_48h,,6,PCC,A,2.7605416539868575,0.0,0.0,0.4131304621696472,1.149999976158142,53.24800137329102,0.24511682987213135
observed_test,v2_2018_388_48h,,6,PCC,B,2.7605416539868575,0.0,0.0,0.4131304621696472,1.149999976158142,53.24800137329102,0.24511682987213135
observed_test,v2_2018_388_48h,,6,PCC,C,2.7605416539868575,0.0,0.0,0.4131304621696472,1.149999976158142,53.24800137329102,0.24511682987213135
observed_test,v2_2018_388_48h,,7,PCC,A,3.0129513006293838,0.0,0.08162083104252814,0.5887197852134705,1.149999976158142,53.24800137329102,0.23770040273666382
observed_test,v2_2018_388_48h,,7,PCC,B,3.0129513006293838,0.0,0.08162083104252814,0.5887197852134705,1.149999976158142,53.24800137329102,0.23770040273666382
observed_test,v2_2018_388_48h,,7,PCC,C,3.0129513006293838,0.0,0.08162083104252814,0.5887197852134705,1.149999976158142,53.24800137329102,0.23770040273666382
observed_test,v2_2018_388_48h,,8,PCC,A,2.7649040079514635,0.0,0.49498333380772513,0.41616514325141907,1.149999976158142,53.24800137329102,0.23350167274475098
observed_test,v2_2018_388_48h,,8,PCC,B,2.7649040079514635,0.0,0.49498333380772513,0.41616514325141907,1.149999976158142,53.24800137329102,0.23350167274475098
observed_test,v2_2018_388_48h,,8,PCC,C,2.7649040079514635,0.0,0.49498333380772513,0.41616514325141907,1.149999976158142,53.24800137329102,0.23350167274475098
observed_test,v2_2018_388_48h,,9,PCC,A,2.9051724072175276,0.0,0.8703458194549266,0.5137431621551514,1.149999976158142,53.24800137329102,0.2296794354915619
observed_test,v2_2018_388_48h,,9,PCC,B,2.9051724072175276,0.0,0.8703458194549266,0.5137431621551514,1.149999976158142,53.24800137329102,0.2296794354915619
observed_test,v2_2018_388_48h,,9,PCC,C,2.9051724072175276,0.0,0.8703458194549266,0.5137431621551514,1.149999976158142,53.24800137329102,0.2296794354915619
observed_test,v2_2018_388_48h,,10,PCC,A,2.6904467608222724,0.0,1.1239917232440066,0.3643687963485718,1.149999976158142,53.24800137329102,0.24029983580112457
observed_test,v2_2018_388_48h,,10,PCC,B,2.6904467608222724,0.0,1.1239917232440066,0.3643687963485718,1.149999976158142,53.24800137329102,0.24029983580112457
observed_test,v2_2018_388_48h,,10,PCC,C,2.6904467608222724,0.0,1.1239917232440066,0.3643687963485718,1.149999976158142,53.24800137329102,0.24029983580112457
observed_test,v2_2018_388_48h,,11,PCC,A,2.686130632121376,0.0,1.2637832990059483,0.36136627197265625,1.149999976158142,53.24800137329102,0.25352588295936584
observed_test,v2_2018_388_48h,,11,PCC,B,2.686130632121376,0.0,1.2637832990059483,0.36136627197265625,1.149999976158142,53.24800137329102,0.25352588295936584
observed_test,v2_2018_388_48h,,11,PCC,C,2.686130632121376,0.0,1.2637832990059483,0.36136627197265625,1.149999976158142,53.24800137329102,0.25352588295936584
observed_test,v2_2018_388_48h,,12,PCC,A,2.940481482794702,0.0,1.3124582859186025,0.5383059978485107,1.149999976158142,53.24800137329102,0.24791784584522247
observed_test,v2_2018_388_48h,,12,PCC,B,2.940481482794702,0.0,1.3124582859186025,0.5383059978485107,1.149999976158142,53.24800137329102,0.24791784584522247
observed_test,v2_2018_388_48h,,12,PCC,C,2.940481482794702,0.0,1.3124582859186025,0.5383059978485107,1.149999976158142,53.24800137329102,0.24791784584522247
observed_test,v2_2018_388_48h,,13,PCC,A,3.033735447282245,0.0,1.2732791212888863,0.6031783223152161,1.149999976158142,53.24800137329102,0.25111281871795654
observed_test,v2_2018_388_48h,,13,PCC,B,3.033735447282245,0.0,1.2732791212888863,0.6031783223152161,1.149999976158142,53.24800137329102,0.25111281871795654
observed_test,v2_2018_388_48h,,13,PCC,C,3.033735447282245,0.0,1.2732791212888863,0.6031783223152161,1.149999976158142,53.24800137329102,0.25111281871795654
observed_test,v2_2018_388_48h,,14,PCC,A,3.1232014249141358,0.0,1.14254172031696,0.6654155254364014,1.149999976158142,53.24800137329102,0.24972565472126007
observed_test,v2_2018_388_48h,,14,PCC,B,3.1232014249141358,0.0,1.14254172031696,0.6654155254364014,1.149999976158142,53.24800137329102,0.24972565472126007
observed_test,v2_2018_388_48h,,14,PCC,C,3.1232014249141358,0.0,1.14254172031696,0.6654155254364014,1.149999976158142,53.24800137329102,0.24972565472126007
observed_test,v2_2018_388_48h,,15,PCC,A,2.915610662966831,0.0,0.9134708115687736,0.5210045576095581,1.149999976158142,53.24800137329102,0.23570667207241058
observed_test,v2_2018_388_48h,,15,PCC,B,2.915610662966831,0.0,0.9134708115687736,0.5210045576095581,1.149999976158142,53.24800137329102,0.23570667207241058
observed_test,v2_2018_388_48h,,15,PCC,C,2.915610662966831,0.0,0.9134708115687736,0.5210045576095581,1.149999976158142,53.24800137329102,0.23570667207241058
observed_test,v2_2018_388_48h,,16,PCC,A,2.9761405680146122,0.0,0.6154708564281463,0.5631123185157776,1.149999976158142,53.24800137329102,0.23233109712600708
observed_test,v2_2018_388_48h,,16,PCC,B,2.9761405680146122,0.0,0.6154708564281463,0.5631123185157776,1.149999976158142,53.24800137329102,0.23233109712600708
observed_test,v2_2018_388_48h,,16,PCC,C,2.9761405680146122,0.0,0.6154708564281463,0.5631123185157776,1.149999976158142,53.24800137329102,0.23233109712600708
observed_test,v2_2018_388_48h,,17,PCC,A,2.912059071852747,0.0,0.20080416534955683,0.5185338854789734,1.149999976158142,53.24800137329102,0.2382412552833557
observed_test,v2_2018_388_48h,,17,PCC,B,2.912059071852747,0.0,0.20080416534955683,0.5185338854789734,1.149999976158142,53.24800137329102,0.2382412552833557
observed_test,v2_2018_388_48h,,17,PCC,C,2.912059071852747,0.0,0.20080416534955683,0.5185338854789734,1.149999976158142,53.24800137329102,0.2382412552833557
observed_test,v2_2018_388_48h,,18,PCC,A,2.888165108802557,0.0,0.0,0.501911997795105,1.149999976158142,53.24800137329102,0.23994769155979156
observed_test,v2_2018_388_48h,,18,PCC,B,2.888165108802557,0.0,0.0,0.501911997795105,1.149999976158142,53.24800137329102,0.23994769155979156
observed_test,v2_2018_388_48h,,18,PCC,C,2.888165108802557,0.0,0.0,0.501911997795105,1.149999976158142,53.24800137329102,0.23994769155979156
observed_test,v2_2018_388_48h,,19,PCC,A,2.9849615821466244,0.0,0.0,0.5692486763000488,1.149999976158142,53.24800137329102,0.24096694588661194
observed_test,v2_2018_388_48h,,19,PCC,B,2.9849615821466244,0.0,0.0,0.5692486763000488,1.149999976158142,53.24800137329102,0.24096694588661194
observed_test,v2_2018_388_48h,,19,PCC,C,2.9849615821466244,0.0,0.0,0.5692486763000488,1.149999976158142,53.24800137329102,0.24096694588661194
observed_test,v2_2018_388_48h,,20,PCC,A,2.825617614510635,0.0,0.0,0.458400696516037,1.149999976158142,53.24800137329102,0.23986519873142242
observed_test,v2_2018_388_48h,,20,PCC,B,2.825617614510635,0.0,0.0,0.458400696516037,1.149999976158142,53.24800137329102,0.23986519873142242
observed_test,v2_2018_388_48h,,20,PCC,C,2.825617614510635,0.0,0.0,0.458400696516037,1.149999976158142,53.24800137329102,0.23986519873142242
observed_test,v2_2018_388_48h,,21,PCC,A,2.740638571998929,0.0,0.0,0.39928483963012695,1.149999976158142,53.24800137329102,0.24225591123104095
observed_test,v2_2018_388_48h,,21,PCC,B,2.740638571998929,0.0,0.0,0.39928483963012695,1.149999976158142,53.24800137329102,0.24225591123104095
observed_test,v2_2018_388_48h,,21,PCC,C,2.740638571998929,0.0,0.0,0.39928483963012695,1.149999976158142,53.24800137329102,0.24225591123104095
observed_test,v2_2018_388_48h,,22,PCC,A,2.689500792288461,0.0,0.0,0.3637107312679291,1.149999976158142,53.24800137329102,0.24607731401920319
observed_test,v2_2018_388_48h,,22,PCC,B,2.689500792288461,0.0,0.0,0.3637107312679291,1.149999976158142,53.24800137329102,0.24607731401920319
observed_test,v2_2018_388_48h,,22,PCC,C,2.689500792288461,0.0,0.0,0.3637107312679291,1.149999976158142,53.24800137329102,0.24607731401920319
observed_test,v2_2018_388_48h,,23,PCC,A,2.666340906989589,0.0,0.0,0.34759950637817383,1.149999976158142,53.24800137329102,0.23703929781913757
observed_test,v2_2018_388_48h,,23,PCC,B,2.666340906989589,0.0,0.0,0.34759950637817383,1.149999976158142,53.24800137329102,0.23703929781913757
observed_test,v2_2018_388_48h,,23,PCC,C,2.666340906989589,0.0,0.0,0.34759950637817383,1.149999976158142,53.24800137329102,0.23703929781913757
observed_test,v2_2018_388_48h,,24,PCC,A,2.589738233557025,0.0,0.0,0.29431068897247314,1.149999976158142,53.24800137329102,0.22771701216697693
observed_test,v2_2018_388_48h,,24,PCC,B,2.589738233557025,0.0,0.0,0.29431068897247314,1.149999976158142,53.24800137329102,0.22771701216697693
observed_test,v2_2018_388_48h,,24,PCC,C,2.589738233557025,0.0,0.0,0.29431068897247314,1.149999976158142,53.24800137329102,0.22771701216697693
observed_test,v2_2018_388_48h,,25,PCC,A,2.6237012928594003,0.0,0.0,0.3179371654987335,1.149999976158142,34.72425106811524,0.23294779658317566
observed_test,v2_2018_388_48h,,25,PCC,B,2.6237012928594003,0.0,0.0,0.3179371654987335,1.149999976158142,34.72425106811524,0.23294779658317566
observed_test,v2_2018_388_48h,,25,PCC,C,2.6237012928594003,0.0,0.0,0.3179371654987335,1.149999976158142,34.72425106811524,0.23294779658317566
observed_test,v2_2018_388_48h,,26,PCC,A,2.4875831211508435,0.0,0.0,0.2232462614774704,1.149999976158142,34.72425106811524,0.24029092490673065
observed_test,v2_2018_388_48h,,26,PCC,B,2.4875831211508435,0.0,0.0,0.2232462614774704,1.149999976158142,34.72425106811524,0.24029092490673065
observed_test,v2_2018_388_48h,,26,PCC,C,2.4875831211508435,0.0,0.0,0.2232462614774704,1.149999976158142,34.72425106811524,0.24029092490673065
observed_test,v2_2018_388_48h,,27,PCC,A,2.5452259178952694,0.0,0.0,0.2633455991744995,1.149999976158142,53.24800137329102,0.2553369104862213
observed_test,v2_2018_388_48h,,27,PCC,B,2.5452259178952694,0.0,0.0,0.2633455991744995,1.149999976158142,53.24800137329102,0.2553369104862213
observed_test,v2_2018_388_48h,,27,PCC,C,2.5452259178952694,0.0,0.0,0.2633455991744995,1.149999976158142,53.24800137329102,0.2553369104862213
observed_test,v2_2018_388_48h,,28,PCC,A,2.6066056994782514,0.0,0.0,0.3060445785522461,1.149999976158142,53.24800137329102,0.24331751465797424
observed_test,v2_2018_388_48h,,28,PCC,B,2.6066056994782514,0.0,0.0,0.3060445785522461,1.149999976158142,53.24800137329102,0.24331751465797424
observed_test,v2_2018_388_48h,,28,PCC,C,2.6066056994782514,0.0,0.0,0.3060445785522461,1.149999976158142,53.24800137329102,0.24331751465797424
observed_test,v2_2018_388_48h,,29,PCC,A,2.5763726205374935,0.0,0.0,0.2850128710269928,1.149999976158142,53.24800137329102,0.2392493337392807
observed_test,v2_2018_388_48h,,29,PCC,B,2.5763726205374935,0.0,0.0,0.2850128710269928,1.149999976158142,53.24800137329102,0.2392493337392807
observed_test,v2_2018_388_48h,,29,PCC,C,2.5763726205374935,0.0,0.0,0.2850128710269928,1.149999976158142,53.24800137329102,0.2392493337392807
observed_test,v2_2018_388_48h,,30,PCC,A,2.7605416539868575,0.0,0.0,0.4131304621696472,1.149999976158142,121.88174847412108,0.2353132963180542
observed_test,v2_2018_388_48h,,30,PCC,B,2.7605416539868575,0.0,0.0,0.4131304621696472,1.149999976158142,121.88174847412108,0.2353132963180542
observed_test,v2_2018_388_48h,,30,PCC,C,2.7605416539868575,0.0,0.0,0.4131304621696472,1.149999976158142,121.88174847412108,0.2353132963180542
observed_test,v2_2018_388_48h,,31,PCC,A,3.0129513006293838,0.0,0.0,0.5887197852134705,1.149999976158142,121.88174847412108,0.2276950627565384
observed_test,v2_2018_388_48h,,31,PCC,B,3.0129513006293838,0.0,0.0,0.5887197852134705,1.149999976158142,121.88174847412108,0.2276950627565384
observed_test,v2_2018_388_48h,,31,PCC,C,3.0129513006293838,0.0,0.0,0.5887197852134705,1.149999976158142,121.88174847412108,0.2276950627565384
observed_test,v2_2018_388_48h,,32,PCC,A,2.7649040079514635,0.0,0.03301250175214731,0.41616514325141907,1.149999976158142,121.88174847412108,0.22493602335453033
observed_test,v2_2018_388_48h,,32,PCC,B,2.7649040079514635,0.0,0.03301250175214731,0.41616514325141907,1.149999976158142,121.88174847412108,0.22493602335453033
observed_test,v2_2018_388_48h,,32,PCC,C,2.7649040079514635,0.0,0.03301250175214731,0.41616514325141907,1.149999976158142,121.88174847412108,0.22493602335453033
observed_test,v2_2018_388_48h,,33,PCC,A,2.9051724072175276,0.0,0.10426250071479724,0.5137431621551514,1.149999976158142,121.88174847412108,0.22441977262496948
observed_test,v2_2018_388_48h,,33,PCC,B,2.9051724072175276,0.0,0.10426250071479724,0.5137431621551514,1.149999976158142,121.88174847412108,0.22441977262496948
observed_test,v2_2018_388_48h,,33,PCC,C,2.9051724072175276,0.0,0.10426250071479724,0.5137431621551514,1.149999976158142,121.88174847412108,0.22441977262496948
observed_test,v2_2018_388_48h,,34,PCC,A,2.6904467608222724,0.0,0.14302499878865021,0.3643687963485718,1.149999976158142,53.24800137329102,0.22870786488056183
observed_test,v2_2018_388_48h,,34,PCC,B,2.6904467608222724,0.0,0.14302499878865021,0.3643687963485718,1.149999976158142,53.24800137329102,0.22870786488056183
observed_test,v2_2018_388_48h,,34,PCC,C,2.6904467608222724,0.0,0.14302499878865021,0.3643687963485718,1.149999976158142,53.24800137329102,0.22870786488056183
observed_test,v2_2018_388_48h,,35,PCC,A,2.686130632121376,0.0,0.17625832786926854,0.36136627197265625,1.149999976158142,53.24800137329102,0.24854876101016998
observed_test,v2_2018_388_48h,,35,PCC,B,2.686130632121376,0.0,0.17625832786926854,0.36136627197265625,1.149999976158142,53.24800137329102,0.24854876101016998
observed_test,v2_2018_388_48h,,35,PCC,C,2.686130632121376,0.0,0.17625832786926854,0.36136627197265625,1.149999976158142,53.24800137329102,0.24854876101016998
observed_test,v2_2018_388_48h,,36,PCC,A,2.940481482794702,0.0,0.18425833147305706,0.5383059978485107,1.149999976158142,34.72425106811524,0.24416804313659668
observed_test,v2_2018_388_48h,,36,PCC,B,2.940481482794702,0.0,0.18425833147305706,0.5383059978485107,1.149999976158142,34.72425106811524,0.24416804313659668
observed_test,v2_2018_388_48h,,36,PCC,C,2.940481482794702,0.0,0.18425833147305706,0.5383059978485107,1.149999976158142,34.72425106811524,0.24416804313659668
observed_test,v2_2018_388_48h,,37,PCC,A,3.033735447282245,0.0,0.1744041649194864,0.6031783223152161,1.149999976158142,34.72425106811524,0.2661290466785431
observed_test,v2_2018_388_48h,,37,PCC,B,3.033735447282245,0.0,0.1744041649194864,0.6031783223152161,1.149999976158142,34.72425106811524,0.2661290466785431
observed_test,v2_2018_388_48h,,37,PCC,C,3.033735447282245,0.0,0.1744041649194864,0.6031783223152161,1.149999976158142,34.72425106811524,0.2661290466785431
observed_test,v2_2018_388_48h,,38,PCC,A,3.1232014249141358,0.0,0.17437083789935479,0.6654155254364014,1.149999976158142,34.72425106811524,0.2540435791015625
observed_test,v2_2018_388_48h,,38,PCC,B,3.1232014249141358,0.0,0.17437083789935479,0.6654155254364014,1.149999976158142,34.72425106811524,0.2540435791015625
observed_test,v2_2018_388_48h,,38,PCC,C,3.1232014249141358,0.0,0.17437083789935479,0.6654155254364014,1.149999976158142,34.72425106811524,0.2540435791015625
observed_test,v2_2018_388_48h,,39,PCC,A,2.915610662966831,0.0,0.11933749684920676,0.5210045576095581,1.149999976158142,34.72425106811524,0.23779939115047455
observed_test,v2_2018_388_48h,,39,PCC,B,2.915610662966831,0.0,0.11933749684920676,0.5210045576095581,1.149999976158142,34.72425106811524,0.23779939115047455
observed_test,v2_2018_388_48h,,39,PCC,C,2.915610662966831,0.0,0.11933749684920676,0.5210045576095581,1.149999976158142,34.72425106811524,0.23779939115047455
observed_test,v2_2018_388_48h,,40,PCC,A,2.9761405680146122,0.0,0.034620834944339894,0.5631123185157776,1.149999976158142,53.24800137329102,0.22166375815868378
observed_test,v2_2018_388_48h,,40,PCC,B,2.9761405680146122,0.0,0.034620834944339894,0.5631123185157776,1.149999976158142,53.24800137329102,0.22166375815868378
observed_test,v2_2018_388_48h,,40,PCC,C,2.9761405680146122,0.0,0.034620834944339894,0.5631123185157776,1.149999976158142,53.24800137329102,0.22166375815868378
observed_test,v2_2018_388_48h,,41,PCC,A,2.912059071852747,0.0,0.012616666320424812,0.5185338854789734,1.149999976158142,53.24800137329102,0.21319834887981415
observed_test,v2_2018_388_48h,,41,PCC,B,2.912059071852747,0.0,0.012616666320424812,0.5185338854789734,1.149999976158142,53.24800137329102,0.21319834887981415
observed_test,v2_2018_388_48h,,41,PCC,C,2.912059071852747,0.0,0.012616666320424812,0.5185338854789734,1.149999976158142,53.24800137329102,0.21319834887981415
observed_test,v2_2018_388_48h,,42,PCC,A,2.888165108802557,0.0,0.0,0.501911997795105,1.149999976158142,53.24800137329102,0.21256838738918304
observed_test,v2_2018_388_48h,,42,PCC,B,2.888165108802557,0.0,0.0,0.501911997795105,1.149999976158142,53.24800137329102,0.21256838738918304
observed_test,v2_2018_388_48h,,42,PCC,C,2.888165108802557,0.0,0.0,0.501911997795105,1.149999976158142,53.24800137329102,0.21256838738918304
observed_test,v2_2018_388_48h,,43,PCC,A,2.9849615821466244,0.0,0.0,0.5692486763000488,1.149999976158142,53.24800137329102,0.20752853155136108
observed_test,v2_2018_388_48h,,43,PCC,B,2.9849615821466244,0.0,0.0,0.5692486763000488,1.149999976158142,53.24800137329102,0.20752853155136108
observed_test,v2_2018_388_48h,,43,PCC,C,2.9849615821466244,0.0,0.0,0.5692486763000488,1.149999976158142,53.24800137329102,0.20752853155136108
observed_test,v2_2018_388_48h,,44,PCC,A,2.825617614510635,0.0,0.0,0.458400696516037,1.149999976158142,53.24800137329102,0.2079969197511673
observed_test,v2_2018_388_48h,,44,PCC,B,2.825617614510635,0.0,0.0,0.458400696516037,1.149999976158142,53.24800137329102,0.2079969197511673
observed_test,v2_2018_388_48h,,44,PCC,C,2.825617614510635,0.0,0.0,0.458400696516037,1.149999976158142,53.24800137329102,0.2079969197511673
observed_test,v2_2018_388_48h,,45,PCC,A,2.740638571998929,0.0,0.0,0.39928483963012695,1.149999976158142,53.24800137329102,0.21502450108528137
observed_test,v2_2018_388_48h,,45,PCC,B,2.740638571998929,0.0,0.0,0.39928483963012695,1.149999976158142,53.24800137329102,0.21502450108528137
observed_test,v2_2018_388_48h,,45,PCC,C,2.740638571998929,0.0,0.0,0.39928483963012695,1.149999976158142,53.24800137329102,0.21502450108528137
observed_test,v2_2018_388_48h,,46,PCC,A,2.689500792288461,0.0,0.0,0.3637107312679291,1.149999976158142,53.24800137329102,0.229417085647583
observed_test,v2_2018_388_48h,,46,PCC,B,2.689500792288461,0.0,0.0,0.3637107312679291,1.149999976158142,53.24800137329102,0.229417085647583
observed_test,v2_2018_388_48h,,46,PCC,C,2.689500792288461,0.0,0.0,0.3637107312679291,1.149999976158142,53.24800137329102,0.229417085647583
observed_test,v2_2018_388_48h,,47,PCC,A,2.666340906989589,0.0,0.0,0.34759950637817383,1.149999976158142,53.24800137329102,0.24800129234790802
observed_test,v2_2018_388_48h,,47,PCC,B,2.666340906989589,0.0,0.0,0.34759950637817383,1.149999976158142,53.24800137329102,0.24800129234790802
observed_test,v2_2018_388_48h,,47,PCC,C,2.666340906989589,0.0,0.0,0.34759950637817383,1.149999976158142,53.24800137329102,0.24800129234790802
observed_test,v2_2018_475_48h,,0,PCC,A,2.6530636559638077,0.0,0.0,0.29431068897247314,1.1811249256134033,53.24800137329102,0.24150371551513672
observed_test,v2_2018_475_48h,,0,PCC,B,2.6530636559638077,0.0,0.0,0.29431068897247314,1.1811249256134033,53.24800137329102,0.24150371551513672
observed_test,v2_2018_475_48h,,0,PCC,C,2.6530636559638077,0.0,0.0,0.29431068897247314,1.1811249256134033,53.24800137329102,0.24150371551513672
observed_test,v2_2018_475_48h,,1,PCC,A,2.6815988529157266,0.0,0.0,0.3179371654987335,1.178049921989441,53.24800137329102,0.2552565932273865
observed_test,v2_2018_475_48h,,1,PCC,B,2.6815988529157266,0.0,0.0,0.3179371654987335,1.178049921989441,53.24800137329102,0.2552565932273865
observed_test,v2_2018_475_48h,,1,PCC,C,2.6815988529157266,0.0,0.0,0.3179371654987335,1.178049921989441,53.24800137329102,0.2552565932273865
observed_test,v2_2018_475_48h,,2,PCC,A,2.535885686797099,0.0,0.0,0.2232462614774704,1.1748249530792236,53.24800137329102,0.25145015120506287
observed_test,v2_2018_475_48h,,2,PCC,B,2.535885686797099,0.0,0.0,0.2232462614774704,1.1748249530792236,53.24800137329102,0.25145015120506287
observed_test,v2_2018_475_48h,,2,PCC,C,2.535885686797099,0.0,0.0,0.2232462614774704,1.1748249530792236,53.24800137329102,0.25145015120506287
observed_test,v2_2018_475_48h,,3,PCC,A,2.588935119018082,0.0,0.0,0.2633455991744995,1.1719000339508057,53.24800137329102,0.23128750920295715
observed_test,v2_2018_475_48h,,3,PCC,B,2.588935119018082,0.0,0.0,0.2633455991744995,1.1719000339508057,53.24800137329102,0.23128750920295715
observed_test,v2_2018_475_48h,,3,PCC,C,2.588935119018082,0.0,0.0,0.2633455991744995,1.1719000339508057,53.24800137329102,0.23128750920295715
observed_test,v2_2018_475_48h,,4,PCC,A,2.6467192273688434,0.0,0.0,0.3060445785522461,1.1695749759674072,53.24800137329102,0.22230955958366394
observed_test,v2_2018_475_48h,,4,PCC,B,2.6467192273688434,0.0,0.0,0.3060445785522461,1.1695749759674072,53.24800137329102,0.22230955958366394
observed_test,v2_2018_475_48h,,4,PCC,C,2.6467192273688434,0.0,0.0,0.3060445785522461,1.1695749759674072,53.24800137329102,0.22230955958366394
observed_test,v2_2018_475_48h,,5,PCC,A,2.6196129297260438,0.0,0.0,0.2850128710269928,1.171375036239624,53.24800137329102,0.22133493423461914
observed_test,v2_2018_475_48h,,5,PCC,B,2.6196129297260438,0.0,0.0,0.2850128710269928,1.171375036239624,53.24800137329102,0.22133493423461914
observed_test,v2_2018_475_48h,,5,PCC,C,2.6196129297260438,0.0,0.0,0.2850128710269928,1.171375036239624,53.24800137329102,0.22133493423461914
observed_test,v2_2018_475_48h,,6,PCC,A,2.8270164026395412,0.0,0.06037499898901352,0.4131304621696472,1.1804499626159668,53.24800137329102,0.2222871631383896
observed_test,v2_2018_475_48h,,6,PCC,B,2.8270164026395412,0.0,0.06037499898901352,0.4131304621696472,1.1804499626159668,53.24800137329102,0.2222871631383896
observed_test,v2_2018_475_48h,,6,PCC,C,2.8270164026395412,0.0,0.06037499898901352,0.4131304621696472,1.1804499626159668,53.24800137329102,0.2222871631383896
observed_test,v2_2018_475_48h,,7,PCC,A,3.109894759479428,0.0,0.2899500039907602,0.5887197852134705,1.1903499364852905,53.24800137329102,0.2206457108259201
observed_test,v2_2018_475_48h,,7,PCC,B,3.109894759479428,0.0,0.2899500039907602,0.5887197852134705,1.1903499364852905,53.24800137329102,0.2206457108259201
observed_test,v2_2018_475_48h,,7,PCC,C,3.109894759479428,0.0,0.2899500039907602,0.5887197852134705,1.1903499364852905,53.24800137329102,0.2206457108259201
observed_test,v2_2018_475_48h,,8,PCC,A,2.8713499269982687,0.0,0.5776624840039473,0.41616514325141907,1.1986749172210693,53.24800137329102,0.21722935140132904
observed_test,v2_2018_475_48h,,8,PCC,B,2.8713499269982687,0.0,0.5776624840039473,0.41616514325141907,1.1986749172210693,53.24800137329102,0.21722935140132904
observed_test,v2_2018_475_48h,,8,PCC,C,2.8713499269982687,0.0,0.5776624840039473,0.41616514325141907,1.1986749172210693,53.24800137329102,0.21722935140132904
observed_test,v2_2018_475_48h,,9,PCC,A,3.034525548218054,0.0,0.6368791827788719,0.5137431621551514,1.2060250043869019,53.24800137329102,0.21934925019741058
observed_test,v2_2018_475_48h,,9,PCC,B,3.034525548218054,0.0,0.6368791827788719,0.5137431621551514,1.2060250043869019,53.24800137329102,0.21934925019741058
observed_test,v2_2018_475_48h,,9,PCC,C,3.034525548218054,0.0,0.6368791827788719,0.5137431621551514,1.2060250043869019,53.24800137329102,0.21934925019741058
observed_test,v2_2018_475_48h,,10,PCC,A,2.821435134075261,0.0,0.6238583188790541,0.3643687963485718,1.2117249965667725,53.24800137329102,0.2243833690881729
observed_test,v2_2018_475_48h,,10,PCC,B,2.821435134075261,0.0,0.6238583188790541,0.3643687963485718,1.2117249965667725,53.24800137329102,0.2243833690881729
observed_test,v2_2018_475_48h,,10,PCC,C,2.821435134075261,0.0,0.6238583188790541,0.3643687963485718,1.2117249965667725,53.24800137329102,0.2243833690881729
observed_test,v2_2018_475_48h,,11,PCC,A,2.8240367163397573,0.0,0.9453958616806909,0.36136627197265625,1.2150999307632446,53.24800137329102,0.22723731398582458
observed_test,v2_2018_475_48h,,11,PCC,B,2.8240367163397573,0.0,0.9453958616806909,0.36136627197265625,1.2150999307632446,53.24800137329102,0.22723731398582458
observed_test,v2_2018_475_48h,,11,PCC,C,2.8240367163397573,0.0,0.9453958616806909,0.36136627197265625,1.2150999307632446,53.24800137329102,0.22723731398582458
observed_test,v2_2018_475_48h,,12,PCC,A,3.0971727822510453,0.0,1.040508311528426,0.5383059978485107,1.2169749736785889,53.24800137329102,0.22889673709869385
observed_test,v2_2018_475_48h,,12,PCC,B,3.0971727822510453,0.0,1.040508311528426,0.5383059978485107,1.2169749736785889,53.24800137329102,0.22889673709869385
observed_test,v2_2018_475_48h,,12,PCC,C,3.0971727822510453,0.0,1.040508311528426,0.5383059978485107,1.2169749736785889,53.24800137329102,0.22889673709869385
observed_test,v2_2018_475_48h,,13,PCC,A,3.1942239343118835,0.0,0.9628374989216143,0.6031783223152161,1.2163000106811523,53.24800137329102,0.22818779945373535
observed_test,v2_2018_475_48h,,13,PCC,B,3.1942239343118835,0.0,0.9628374989216143,0.6031783223152161,1.2163000106811523,53.24800137329102,0.22818779945373535
observed_test,v2_2018_475_48h,,13,PCC,C,3.1942239343118835,0.0,0.9628374989216143,0.6031783223152161,1.2163000106811523,53.24800137329102,0.22818779945373535
observed_test,v2_2018_475_48h,,14,PCC,A,3.2826641354186514,0.0,0.45389584623850304,0.6654155254364014,1.213824987411499,53.24800137329102,0.22140124440193176
observed_test,v2_2018_475_48h,,14,PCC,B,3.2826641354186514,0.0,0.45389584623850304,0.6654155254364014,1.213824987411499,53.24800137329102,0.22140124440193176
observed_test,v2_2018_475_48h,,14,PCC,C,3.2826641354186514,0.0,0.45389584623850304,0.6654155254364014,1.213824987411499,53.24800137329102,0.22140124440193176
observed_test,v2_2018_475_48h,,15,PCC,A,3.0565982681900437,0.0,0.26103332638740534,0.5210045576095581,1.210824966430664,53.24800137329102,0.21364735066890717
observed_test,v2_2018_475_48h,,15,PCC,B,3.0565982681900437,0.0,0.26103332638740534,0.5210045576095581,1.210824966430664,53.24800137329102,0.21364735066890717
observed_test,v2_2018_475_48h,,15,PCC,C,3.0565982681900437,0.0,0.26103332638740534,0.5210045576095581,1.210824966430664,53.24800137329102,0.21364735066890717
observed_test,v2_2018_475_48h,,16,PCC,A,3.1123292043195026,0.0,0.17422083765268326,0.5631123185157776,1.207450032234192,53.24800137329102,0.20802083611488342
observed_test,v2_2018_475_48h,,16,PCC,B,3.1123292043195026,0.0,0.17422083765268326,0.5631123185157776,1.207450032234192,53.24800137329102,0.20802083611488342
observed_test,v2_2018_475_48h,,16,PCC,C,3.1123292043195026,0.0,0.17422083765268326,0.5631123185157776,1.207450032234192,53.24800137329102,0.20802083611488342
observed_test,v2_2018_475_48h,,17,PCC,A,3.032546169972656,0.0,0.10158749870382822,0.5185338854789734,1.202049970626831,53.24800137329102,0.21844016015529633
observed_test,v2_2018_475_48h,,17,PCC,B,3.032546169972656,0.0,0.10158749870382822,0.5185338854789734,1.202049970626831,53.24800137329102,0.21844016015529633
observed_test,v2_2018_475_48h,,17,PCC,C,3.032546169972656,0.0,0.10158749870382822,0.5185338854789734,1.202049970626831,53.24800137329102,0.21844016015529633
observed_test,v2_2018_475_48h,,18,PCC,A,2.992085891429742,0.0,0.028370833024382588,0.501911997795105,1.1952999830245972,53.24800137329102,0.22912158071994781
observed_test,v2_2018_475_48h,,18,PCC,B,2.992085891429742,0.0,0.028370833024382588,0.501911997795105,1.1952999830245972,53.24800137329102,0.22912158071994781
observed_test,v2_2018_475_48h,,18,PCC,C,2.992085891429742,0.0,0.028370833024382588,0.501911997795105,1.1952999830245972,53.24800137329102,0.22912158071994781
observed_test,v2_2018_475_48h,,19,PCC,A,3.064334984330434,0.0,0.0,0.5692486763000488,1.1833750009536743,53.24800137329102,0.24189895391464233
observed_test,v2_2018_475_48h,,19,PCC,B,3.064334984330434,0.0,0.0,0.5692486763000488,1.1833750009536743,53.24800137329102,0.24189895391464233
observed_test,v2_2018_475_48h,,19,PCC,C,3.064334984330434,0.0,0.0,0.5692486763000488,1.1833750009536743,53.24800137329102,0.24189895391464233
observed_test,v2_2018_475_48h,,20,PCC,A,2.891967895594212,0.0,0.0,0.458400696516037,1.1796250343322754,53.24800137329102,0.2459821254014969
observed_test,v2_2018_475_48h,,20,PCC,B,2.891967895594212,0.0,0.0,0.458400696516037,1.1796250343322754,53.24800137329102,0.2459821254014969
observed_test,v2_2018_475_48h,,20,PCC,C,2.891967895594212,0.0,0.0,0.458400696516037,1.1796250343322754,53.24800137329102,0.2459821254014969
observed_test,v2_2018_475_48h,,21,PCC,A,2.798464746482774,0.0,0.0,0.39928483963012695,1.1766999959945679,53.24800137329102,0.254844069480896
observed_test,v2_2018_475_48h,,21,PCC,B,2.798464746482774,0.0,0.0,0.39928483963012695,1.1766999959945679,53.24800137329102,0.254844069480896
observed_test,v2_2018_475_48h,,21,PCC,C,2.798464746482774,0.0,0.0,0.39928483963012695,1.1766999959945679,53.24800137329102,0.254844069480896
observed_test,v2_2018_475_48h,,22,PCC,A,2.7410484616485786,0.0,0.0,0.3637107312679291,1.174299955368042,53.24800137329102,0.2803404927253723
observed_test,v2_2018_475_48h,,22,PCC,B,2.7410484616485786,0.0,0.0,0.3637107312679291,1.174299955368042,53.24800137329102,0.2803404927253723
observed_test,v2_2018_475_48h,,22,PCC,C,2.7410484616485786,0.0,0.0,0.3637107312679291,1.174299955368042,53.24800137329102,0.2803404927253723
observed_test,v2_2018_475_48h,,23,PCC,A,2.7121987634461107,0.0,0.0,0.34759950637817383,1.1718249320983887,53.24800137329102,0.301544725894928
observed_test,v2_2018_475_48h,,23,PCC,B,2.7121987634461107,0.0,0.0,0.34759950637817383,1.1718249320983887,53.24800137329102,0.301544725894928
observed_test,v2_2018_475_48h,,23,PCC,C,2.7121987634461107,0.0,0.0,0.34759950637817383,1.1718249320983887,53.24800137329102,0.301544725894928
observed_test,v2_2018_475_48h,,24,PCC,A,2.627275818060358,0.0,0.0,0.29431068897247314,1.1684499979019165,53.24800137329102,0.3112027049064636
observed_test,v2_2018_475_48h,,24,PCC,B,2.627275818060358,0.0,0.0,0.29431068897247314,1.1684499979019165,53.24800137329102,0.3112027049064636
observed_test,v2_2018_475_48h,,24,PCC,C,2.627275818060358,0.0,0.0,0.29431068897247314,1.1684499979019165,53.24800137329102,0.3112027049064636
observed_test,v2_2018_475_48h,,25,PCC,A,2.654353043619182,0.0,0.0,0.3179371654987335,1.1648499965667725,53.24800137329102,0.31398385763168335
observed_test,v2_2018_475_48h,,25,PCC,B,2.654353043619182,0.0,0.0,0.3179371654987335,1.1648499965667725,53.24800137329102,0.31398385763168335
observed_test,v2_2018_475_48h,,25,PCC,C,2.654353043619182,0.0,0.0,0.3179371654987335,1.1648499965667725,53.24800137329102,0.31398385763168335
observed_test,v2_2018_475_48h,,26,PCC,A,2.5102022685896617,0.0,0.0,0.2232462614774704,1.1616250276565552,53.24800137329102,0.3048606812953949
observed_test,v2_2018_475_48h,,26,PCC,B,2.5102022685896617,0.0,0.0,0.2232462614774704,1.1616250276565552,53.24800137329102,0.3048606812953949
observed_test,v2_2018_475_48h,,26,PCC,C,2.5102022685896617,0.0,0.0,0.2232462614774704,1.1616250276565552,53.24800137329102,0.3048606812953949
observed_test,v2_2018_475_48h,,27,PCC,A,2.5633383355179284,0.0,0.0,0.2633455991744995,1.1590750217437744,53.24800137329102,0.29333972930908203
observed_test,v2_2018_475_48h,,27,PCC,B,2.5633383355179284,0.0,0.0,0.2633455991744995,1.1590750217437744,53.24800137329102,0.29333972930908203
observed_test,v2_2018_475_48h,,27,PCC,C,2.5633383355179284,0.0,0.0,0.2633455991744995,1.1590750217437744,53.24800137329102,0.29333972930908203
observed_test,v2_2018_475_48h,,28,PCC,A,2.6216674183795305,0.0,0.0,0.3060445785522461,1.157349944114685,53.24800137329102,0.2601999342441559
observed_test,v2_2018_475_48h,,28,PCC,B,2.6216674183795305,0.0,0.0,0.3060445785522461,1.157349944114685,53.24800137329102,0.2601999342441559
observed_test,v2_2018_475_48h,,28,PCC,C,2.6216674183795305,0.0,0.0,0.3060445785522461,1.157349944114685,53.24800137329102,0.2601999342441559
observed_test,v2_2018_475_48h,,29,PCC,A,2.597916932709332,0.0,0.0,0.2850128710269928,1.1606500148773193,53.24800137329102,0.24825310707092285
observed_test,v2_2018_475_48h,,29,PCC,B,2.597916932709332,0.0,0.0,0.2850128710269928,1.1606500148773193,53.24800137329102,0.24825310707092285
observed_test,v2_2018_475_48h,,29,PCC,C,2.597916932709332,0.0,0.0,0.2850128710269928,1.1606500148773193,53.24800137329102,0.24825310707092285
observed_test,v2_2018_475_48h,,30,PCC,A,2.807205114685619,0.0,0.05938333387558276,0.4131304621696472,1.171375036239624,53.24800137329102,0.23572802543640137
observed_test,v2_2018_475_48h,,30,PCC,B,2.807205114685619,0.0,0.05938333387558276,0.4131304621696472,1.171375036239624,53.24800137329102,0.23572802543640137
observed_test,v2_2018_475_48h,,30,PCC,C,2.807205114685619,0.0,0.05938333387558276,0.4131304621696472,1.171375036239624,53.24800137329102,0.23572802543640137
observed_test,v2_2018_475_48h,,31,PCC,A,3.0952993959040374,0.0,0.293970824434207,0.5887197852134705,1.1842750310897827,53.24800137329102,0.2278219312429428
observed_test,v2_2018_475_48h,,31,PCC,B,3.0952993959040374,0.0,0.293970824434207,0.5887197852134705,1.1842750310897827,53.24800137329102,0.2278219312429428
observed_test,v2_2018_475_48h,,31,PCC,C,3.0952993959040374,0.0,0.293970824434207,0.5887197852134705,1.1842750310897827,53.24800137329102,0.2278219312429428
observed_test,v2_2018_475_48h,,32,PCC,A,2.8721700753183677,0.0,0.5861375194329481,0.41616514325141907,1.199049949645996,53.24800137329102,0.22451649606227875
observed_test,v2_2018_475_48h,,32,PCC,B,2.8721700753183677,0.0,0.5861375194329481,0.41616514325141907,1.199049949645996,53.24800137329102,0.22451649606227875
observed_test,v2_2018_475_48h,,32,PCC,C,2.8721700753183677,0.0,0.5861375194329481,0.41616514325141907,1.199049949645996,53.24800137329102,0.22451649606227875
observed_test,v2_2018_475_48h,,33,PCC,A,3.0402399948520085,0.0,0.824854179070546,0.5137431621551514,1.2085000276565552,53.24800137329102,0.22739911079406738
observed_test,v2_2018_475_48h,,33,PCC,B,3.0402399948520085,0.0,0.824854179070546,0.5137431621551514,1.2085000276565552,53.24800137329102,0.22739911079406738
observed_test,v2_2018_475_48h,,33,PCC,C,3.0402399948520085,0.0,0.824854179070546,0.5137431621551514,1.2085000276565552,53.24800137329102,0.22739911079406738
observed_test,v2_2018_475_48h,,34,PCC,A,2.827005694902456,0.0,0.9852917148516728,0.3643687963485718,1.2143499851226807,53.24800137329102,0.2333221286535263
observed_test,v2_2018_475_48h,,34,PCC,B,2.827005694902456,0.0,0.9852917148516728,0.3643687963485718,1.2143499851226807,53.24800137329102,0.2333221286535263
observed_test,v2_2018_475_48h,,34,PCC,C,2.827005694902456,0.0,0.9852917148516728,0.3643687963485718,1.2143499851226807,53.24800137329102,0.2333221286535263
observed_test,v2_2018_475_48h,,35,PCC,A,2.829120901217872,0.0,1.0149708160987265,0.36136627197265625,1.2174999713897705,53.24800137329102,0.23899239301681519
observed_test,v2_2018_475_48h,,35,PCC,B,2.829120901217872,0.0,1.0149708160987265,0.36136627197265625,1.2174999713897705,53.24800137329102,0.23899239301681519
observed_test,v2_2018_475_48h,,35,PCC,C,2.829120901217872,0.0,1.0149708160987265,0.36136627197265625,1.2174999713897705,53.24800137329102,0.23899239301681519
observed_test,v2_2018_475_48h,,36,PCC,A,3.1029632208723874,0.0,0.9539624819388756,0.5383059978485107,1.2194499969482422,53.24800137329102,0.2420308142900467
observed_test,v2_2018_475_48h,,36,PCC,B,3.1029632208723874,0.0,0.9539624819388756,0.5383059978485107,1.2194499969482422,53.24800137329102,0.2420308142900467
observed_test,v2_2018_475_48h,,36,PCC,C,3.1029632208723874,0.0,0.9539624819388756,0.5383059978485107,1.2194499969482422,53.24800137329102,0.2420308142900467
observed_test,v2_2018_475_48h,,37,PCC,A,3.203845769759127,0.0,0.9417083400946397,0.6031783223152161,1.2202749252319336,53.24800137329102,0.24318714439868927
observed_test,v2_2018_475_48h,,37,PCC,B,3.203845769759127,0.0,0.9417083400946397,0.6031783223152161,1.2202749252319336,53.24800137329102,0.24318714439868927
observed_test,v2_2018_475_48h,,37,PCC,C,3.203845769759127,0.0,0.9417083400946397,0.6031783223152161,1.2202749252319336,53.24800137329102,0.24318714439868927
observed_test,v2_2018_475_48h,,38,PCC,A,3.2989665299180757,0.0,0.8284708055166097,0.6654155254364014,1.2203500270843506,53.24800137329102,0.254604309797287
observed_test,v2_2018_475_48h,,38,PCC,B,3.2989665299180757,0.0,0.8284708055166097,0.6654155254364014,1.2203500270843506,53.24800137329102,0.254604309797287
observed_test,v2_2018_475_48h,,38,PCC,C,3.2989665299180757,0.0,0.8284708055166097,0.6654155254364014,1.2203500270843506,53.24800137329102,0.254604309797287
observed_test,v2_2018_475_48h,,39,PCC,A,3.074851827224464,0.0,0.4265916748688771,0.5210045576095581,1.2186999320983887,53.24800137329102,0.2590092718601227
observed_test,v2_2018_475_48h,,39,PCC,B,3.074851827224464,0.0,0.4265916748688771,0.5210045576095581,1.2186999320983887,53.24800137329102,0.2590092718601227
observed_test,v2_2018_475_48h,,39,PCC,C,3.074851827224464,0.0,0.4265916748688771,0.5210045576095581,1.2186999320983887,53.24800137329102,0.2590092718601227
observed_test,v2_2018_475_48h,,40,PCC,A,3.131175010452678,0.0,0.22111666890291068,0.5631123185157776,1.215399980545044,53.24800137329102,0.2726680636405945
observed_test,v2_2018_475_48h,,40,PCC,B,3.131175010452678,0.0,0.22111666890291068,0.5631123185157776,1.215399980545044,53.24800137329102,0.2726680636405945
observed_test,v2_2018_475_48h,,40,PCC,C,3.131175010452678,0.0,0.22111666890291068,0.5631123185157776,1.215399980545044,53.24800137329102,0.2726680636405945
observed_test,v2_2018_475_48h,,41,PCC,A,3.0462616988745648,0.0,0.11507916765717359,0.5185338854789734,1.2079750299453735,53.24800137329102,0.2878139019012451
observed_test,v2_2018_475_48h,,41,PCC,B,3.0462616988745648,0.0,0.11507916765717359,0.5185338854789734,1.2079750299453735,53.24800137329102,0.2878139019012451
observed_test,v2_2018_475_48h,,41,PCC,C,3.0462616988745648,0.0,0.11507916765717359,0.5185338854789734,1.2079750299453735,53.24800137329102,0.2878139019012451
observed_test,v2_2018_475_48h,,42,PCC,A,3.001892901844878,0.0,0.0159541664358515,0.501911997795105,1.1995749473571777,53.24800137329102,0.29619458317756653
observed_test,v2_2018_475_48h,,42,PCC,B,3.001892901844878,0.0,0.0159541664358515,0.501911997795105,1.1995749473571777,53.24800137329102,0.29619458317756653
observed_test,v2_2018_475_48h,,42,PCC,C,3.001892901844878,0.0,0.0159541664358515,0.501911997795105,1.1995749473571777,53.24800137329102,0.29619458317756653
observed_test,v2_2018_475_48h,,43,PCC,A,3.073788518979929,0.0,0.0,0.5692486763000488,1.1873500347137451,53.24800137329102,0.3040914833545685
observed_test,v2_2018_475_48h,,43,PCC,B,3.073788518979929,0.0,0.0,0.5692486763000488,1.1873500347137451,53.24800137329102,0.3040914833545685
observed_test,v2_2018_475_48h,,43,PCC,C,3.073788518979929,0.0,0.0,0.5692486763000488,1.1873500347137451,53.24800137329102,0.3040914833545685
observed_test,v2_2018_475_48h,,44,PCC,A,2.89583122897025,0.0,0.0,0.458400696516037,1.1813499927520752,53.24800137329102,0.29918941855430603
observed_test,v2_2018_475_48h,,44,PCC,B,2.89583122897025,0.0,0.0,0.458400696516037,1.1813499927520752,53.24800137329102,0.29918941855430603
observed_test,v2_2018_475_48h,,44,PCC,C,2.89583122897025,0.0,0.0,0.458400696516037,1.1813499927520752,53.24800137329102,0.29918941855430603
observed_test,v2_2018_475_48h,,45,PCC,A,2.796515485770229,0.0,0.0,0.39928483963012695,1.1757999658584595,53.24800137329102,0.2978053689002991
observed_test,v2_2018_475_48h,,45,PCC,B,2.796515485770229,0.0,0.0,0.39928483963012695,1.1757999658584595,53.24800137329102,0.2978053689002991
observed_test,v2_2018_475_48h,,45,PCC,C,2.796515485770229,0.0,0.0,0.39928483963012695,1.1757999658584595,53.24800137329102,0.2978053689002991
observed_test,v2_2018_475_48h,,46,PCC,A,2.735957496152791,0.0,0.0,0.3637107312679291,1.1719000339508057,53.24800137329102,0.29706329107284546
observed_test,v2_2018_475_48h,,46,PCC,B,2.735957496152791,0.0,0.0,0.3637107312679291,1.1719000339508057,53.24800137329102,0.29706329107284546
observed_test,v2_2018_475_48h,,46,PCC,C,2.735957496152791,0.0,0.0,0.3637107312679291,1.1719000339508057,53.24800137329102,0.29706329107284546
observed_test,v2_2018_475_48h,,47,PCC,A,2.7074712320105143,0.0,0.0,0.34759950637817383,1.1695749759674072,53.24800137329102,0.2957090437412262
observed_test,v2_2018_475_48h,,47,PCC,B,2.7074712320105143,0.0,0.0,0.34759950637817383,1.1695749759674072,53.24800137329102,0.2957090437412262
observed_test,v2_2018_475_48h,,47,PCC,C,2.7074712320105143,0.0,0.0,0.34759950637817383,1.1695749759674072,53.24800137329102,0.2957090437412262
observed_test,v2_2018_477_48h,,0,PCC,A,2.627275818060358,0.0,0.0,0.29431068897247314,1.1684499979019165,53.24800137329102,0.36483490467071533
observed_test,v2_2018_477_48h,,0,PCC,B,2.627275818060358,0.0,0.0,0.29431068897247314,1.1684499979019165,53.24800137329102,0.36483490467071533
observed_test,v2_2018_477_48h,,0,PCC,C,2.627275818060358,0.0,0.0,0.29431068897247314,1.1684499979019165,53.24800137329102,0.36483490467071533
observed_test,v2_2018_477_48h,,1,PCC,A,2.655127143593416,0.0,0.0,0.3179371654987335,1.1652250289916992,34.72425106811524,0.36075425148010254
observed_test,v2_2018_477_48h,,1,PCC,B,2.655127143593416,0.0,0.0,0.3179371654987335,1.1652250289916992,34.72425106811524,0.36075425148010254
observed_test,v2_2018_477_48h,,1,PCC,C,2.655127143593416,0.0,0.0,0.3179371654987335,1.1652250289916992,34.72425106811524,0.36075425148010254
observed_test,v2_2018_477_48h,,2,PCC,A,2.5107858508509473,0.0,0.0,0.2232462614774704,1.161924958229065,34.72425106811524,0.35972312092781067
observed_test,v2_2018_477_48h,,2,PCC,B,2.5107858508509473,0.0,0.0,0.2232462614774704,1.161924958229065,34.72425106811524,0.35972312092781067
observed_test,v2_2018_477_48h,,2,PCC,C,2.5107858508509473,0.0,0.0,0.2232462614774704,1.161924958229065,34.72425106811524,0.35972312092781067
observed_test,v2_2018_477_48h,,3,PCC,A,2.5630387895777638,0.0,0.0,0.2633455991744995,1.15892493724823,34.72425106811524,0.358291894197464
observed_test,v2_2018_477_48h,,3,PCC,B,2.5630387895777638,0.0,0.0,0.2633455991744995,1.15892493724823,34.72425106811524,0.358291894197464
observed_test,v2_2018_477_48h,,3,PCC,C,2.5630387895777638,0.0,0.0,0.2633455991744995,1.15892493724823,34.72425106811524,0.358291894197464
observed_test,v2_2018_477_48h,,4,PCC,A,2.619362088139629,0.0,0.0,0.3060445785522461,1.1562249660491943,34.72425106811524,0.33894482254981995
observed_test,v2_2018_477_48h,,4,PCC,B,2.619362088139629,0.0,0.0,0.3060445785522461,1.1562249660491943,34.72425106811524,0.33894482254981995
observed_test,v2_2018_477_48h,,4,PCC,C,2.619362088139629,0.0,0.0,0.3060445785522461,1.1562249660491943,34.72425106811524,0.33894482254981995
observed_test,v2_2018_477_48h,,5,PCC,A,2.5919997768450354,0.0,0.0,0.2850128710269928,1.1577249765396118,34.72425106811524,0.3224259614944458
observed_test,v2_2018_477_48h,,5,PCC,B,2.5919997768450354,0.0,0.0,0.2850128710269928,1.1577249765396118,34.72425106811524,0.3224259614944458
observed_test,v2_2018_477_48h,,5,PCC,C,2.5919997768450354,0.0,0.0,0.2850128710269928,1.1577249765396118,34.72425106811524,0.3224259614944458
observed_test,v2_2018_477_48h,,6,PCC,A,2.7970535407094927,0.0,0.0572958316367406,0.4131304621696472,1.1667249202728271,53.24800137329102,0.30066433548927307
observed_test,v2_2018_477_48h,,6,PCC,B,2.7970535407094927,0.0,0.0572958316367406,0.4131304621696472,1.1667249202728271,53.24800137329102,0.30066433548927307
observed_test,v2_2018_477_48h,,6,PCC,C,2.7970535407094927,0.0,0.0572958316367406,0.4131304621696472,1.1667249202728271,53.24800137329102,0.30066433548927307
observed_test,v2_2018_477_48h,,7,PCC,A,3.08034315795453,0.0,0.29245832791695225,0.5887197852134705,1.178049921989441,53.24800137329102,0.28425970673561096
observed_test,v2_2018_477_48h,,7,PCC,B,3.08034315795453,0.0,0.29245832791695225,0.5887197852134705,1.178049921989441,53.24800137329102,0.28425970673561096
observed_test,v2_2018_477_48h,,7,PCC,C,3.08034315795453,0.0,0.29245832791695225,0.5887197852134705,1.178049921989441,53.24800137329102,0.28425970673561096
observed_test,v2_2018_477_48h,,8,PCC,A,2.8595409382494297,0.0,0.5777083337306975,0.41616514325141907,1.193274974822998,53.24800137329102,0.27591580152511597
observed_test,v2_2018_477_48h,,8,PCC,B,2.8595409382494297,0.0,0.5777083337306975,0.41616514325141907,1.193274974822998,53.24800137329102,0.27591580152511597
observed_test,v2_2018_477_48h,,8,PCC,C,2.8595409382494297,0.0,0.5777083337306975,0.41616514325141907,1.193274974822998,53.24800137329102,0.27591580152511597
observed_test,v2_2018_477_48h,,9,PCC,A,3.0310622555682585,0.0,0.8148250098411852,0.5137431621551514,1.2045249938964844,53.24800137329102,0.27366191148757935
observed_test,v2_2018_477_48h,,9,PCC,B,3.0310622555682585,0.0,0.8148250098411852,0.5137431621551514,1.2045249938964844,53.24800137329102,0.27366191148757935
observed_test,v2_2018_477_48h,,9,PCC,C,3.0310622555682585,0.0,0.8148250098411852,0.5137431621551514,1.2045249938964844,53.24800137329102,0.27366191148757935
observed_test,v2_2018_477_48h,,10,PCC,A,2.8131587277163823,0.0,0.9374458056229811,0.3643687963485718,1.207824945449829,53.24800137329102,0.2816779613494873
observed_test,v2_2018_477_48h,,10,PCC,B,2.8131587277163823,0.0,0.9374458056229811,0.3643687963485718,1.207824945449829,53.24800137329102,0.2816779613494873
observed_test,v2_2018_477_48h,,10,PCC,C,2.8131587277163823,0.0,0.9374458056229811,0.3643687963485718,1.207824945449829,53.24800137329102,0.2816779613494873
observed_test,v2_2018_477_48h,,11,PCC,A,2.811644315578633,0.0,0.9740832906502943,0.36136627197265625,1.2092499732971191,53.24800137329102,0.3064112663269043
observed_test,v2_2018_477_48h,,11,PCC,B,2.811644315578633,0.0,0.9740832906502943,0.36136627197265625,1.2092499732971191,53.24800137329102,0.3064112663269043
observed_test,v2_2018_477_48h,,11,PCC,C,2.811644315578633,0.0,0.9740832906502943,0.36136627197265625,1.2092499732971191,53.24800137329102,0.3064112663269043
observed_test,v2_2018_477_48h,,12,PCC,A,3.0840127958919936,0.0,1.0060750521146333,0.5383059978485107,1.2113499641418457,53.24800137329102,0.3105011582374573
observed_test,v2_2018_477_48h,,12,PCC,B,3.0840127958919936,0.0,1.0060750521146333,0.5383059978485107,1.2113499641418457,53.24800137329102,0.3105011582374573
observed_test,v2_2018_477_48h,,12,PCC,C,3.0840127958919936,0.0,1.0060750521146333,0.5383059978485107,1.2113499641418457,53.24800137329102,0.3105011582374573
observed_test,v2_2018_477_48h,,13,PCC,A,3.189866637189361,0.0,0.7865708607893723,0.6031783223152161,1.2144999504089355,53.24800137329102,0.29495617747306824
observed_test,v2_2018_477_48h,,13,PCC,B,3.189866637189361,0.0,0.7865708607893723,0.6031783223152161,1.2144999504089355,53.24800137329102,0.29495617747306824
observed_test,v2_2018_477_48h,,13,PCC,C,3.189866637189361,0.0,0.7865708607893723,0.6031783223152161,1.2144999504089355,53.24800137329102,0.29495617747306824
observed_test,v2_2018_477_48h,,14,PCC,A,3.289222501519158,0.0,0.7577416415397936,0.6654155254364014,1.2164499759674072,53.24800137329102,0.27724555134773254
observed_test,v2_2018_477_48h,,14,PCC,B,3.289222501519158,0.0,0.7577416415397936,0.6654155254364014,1.2164499759674072,53.24800137329102,0.27724555134773254
observed_test,v2_2018_477_48h,,14,PCC,C,3.289222501519158,0.0,0.7577416415397936,0.6654155254364014,1.2164499759674072,53.24800137329102,0.27724555134773254
observed_test,v2_2018_477_48h,,15,PCC,A,3.0692889957003806,0.0,0.7155875173898844,0.5210045576095581,1.2163000106811523,53.24800137329102,0.27965736389160156
observed_test,v2_2018_477_48h,,15,PCC,B,3.0692889957003806,0.0,0.7155875173898844,0.5210045576095581,1.2163000106811523,53.24800137329102,0.27965736389160156
observed_test,v2_2018_477_48h,,15,PCC,C,3.0692889957003806,0.0,0.7155875173898844,0.5210045576095581,1.2163000106811523,53.24800137329102,0.27965736389160156
observed_test,v2_2018_477_48h,,16,PCC,A,3.1285081857517714,0.0,0.5151374981953547,0.5631123185157776,1.2142750024795532,53.24800137329102,0.2869911193847656
observed_test,v2_2018_477_48h,,16,PCC,B,3.1285081857517714,0.0,0.5151374981953547,0.5631123185157776,1.2142750024795532,53.24800137329102,0.2869911193847656
observed_test,v2_2018_477_48h,,16,PCC,C,3.1285081857517714,0.0,0.5151374981953547,0.5631123185157776,1.2142750024795532,53.24800137329102,0.2869911193847656
observed_test,v2_2018_477_48h,,17,PCC,A,3.0493865534967246,0.0,0.29370833474856156,0.5185338854789734,1.2093249559402466,53.24800137329102,0.2951517403125763
observed_test,v2_2018_477_48h,,17,PCC,B,3.0493865534967246,0.0,0.29370833474856156,0.5185338854789734,1.2093249559402466,53.24800137329102,0.2951517403125763
observed_test,v2_2018_477_48h,,17,PCC,C,3.0493865534967246,0.0,0.29370833474856156,0.5185338854789734,1.2093249559402466,53.24800137329102,0.2951517403125763
observed_test,v2_2018_477_48h,,18,PCC,A,3.007054702173528,0.0,0.0662958321089928,0.501911997795105,1.2018250226974487,121.88174847412108,0.3107438087463379
observed_test,v2_2018_477_48h,,18,PCC,B,3.007054702173528,0.0,0.0662958321089928,0.501911997795105,1.2018250226974487,121.88174847412108,0.3107438087463379
observed_test,v2_2018_477_48h,,18,PCC,C,3.007054702173528,0.0,0.0662958321089928,0.501911997795105,1.2018250226974487,121.88174847412108,0.3107438087463379
observed_test,v2_2018_477_48h,,19,PCC,A,3.0887712869858226,0.0,0.0,0.5692486763000488,1.1936500072479248,121.88174847412108,0.3241565525531769
observed_test,v2_2018_477_48h,,19,PCC,B,3.0887712869858226,0.0,0.0,0.5692486763000488,1.1936500072479248,121.88174847412108,0.3241565525531769
observed_test,v2_2018_477_48h,,19,PCC,C,3.0887712869858226,0.0,0.0,0.5692486763000488,1.1936500072479248,121.88174847412108,0.3241565525531769
observed_test,v2_2018_477_48h,,20,PCC,A,2.9153163660204675,0.0,0.0,0.458400696516037,1.1900500059127808,121.88174847412108,0.3228759467601776
observed_test,v2_2018_477_48h,,20,PCC,B,2.9153163660204675,0.0,0.0,0.458400696516037,1.1900500059127808,121.88174847412108,0.3228759467601776
observed_test,v2_2018_477_48h,,20,PCC,C,2.9153163660204675,0.0,0.0,0.458400696516037,1.1900500059127808,121.88174847412108,0.3228759467601776
observed_test,v2_2018_477_48h,,21,PCC,A,2.818768814061144,0.0,0.0,0.39928483963012695,1.18607497215271,53.24800137329102,0.3177696466445923
observed_test,v2_2018_477_48h,,21,PCC,B,2.818768814061144,0.0,0.0,0.39928483963012695,1.18607497215271,53.24800137329102,0.3177696466445923
observed_test,v2_2018_477_48h,,21,PCC,C,2.818768814061144,0.0,0.0,0.39928483963012695,1.18607497215271,53.24800137329102,0.3177696466445923
observed_test,v2_2018_477_48h,,22,PCC,A,2.757912980271373,0.0,0.0,0.3637107312679291,1.1822500228881836,53.24800137329102,0.319837749004364
observed_test,v2_2018_477_48h,,22,PCC,B,2.757912980271373,0.0,0.0,0.3637107312679291,1.1822500228881836,53.24800137329102,0.319837749004364
observed_test,v2_2018_477_48h,,22,PCC,C,2.757912980271373,0.0,0.0,0.3637107312679291,1.1822500228881836,53.24800137329102,0.319837749004364
observed_test,v2_2018_477_48h,,23,PCC,A,2.7266969606780265,0.0,0.0,0.34759950637817383,1.178725004196167,53.24800137329102,0.32414963841438293
observed_test,v2_2018_477_48h,,23,PCC,B,2.7266969606780265,0.0,0.0,0.34759950637817383,1.178725004196167,53.24800137329102,0.32414963841438293
observed_test,v2_2018_477_48h,,23,PCC,C,2.7266969606780265,0.0,0.0,0.34759950637817383,1.178725004196167,53.24800137329102,0.32414963841438293
observed_test,v2_2018_477_48h,,24,PCC,A,2.642840200113291,0.0,0.0,0.29431068897247314,1.1761000156402588,53.24800137329102,0.33228906989097595
observed_test,v2_2018_477_48h,,24,PCC,B,2.642840200113291,0.0,0.0,0.29431068897247314,1.1761000156402588,53.24800137329102,0.33228906989097595
observed_test,v2_2018_477_48h,,24,PCC,C,2.642840200113291,0.0,0.0,0.29431068897247314,1.1761000156402588,53.24800137329102,0.33228906989097595
observed_test,v2_2018_477_48h,,25,PCC,A,2.673549049782524,0.0,0.0,0.3179371654987335,1.174149990081787,34.72425106811524,0.33377763628959656
observed_test,v2_2018_477_48h,,25,PCC,B,2.673549049782524,0.0,0.0,0.3179371654987335,1.174149990081787,34.72425106811524,0.33377763628959656
observed_test,v2_2018_477_48h,,25,PCC,C,2.673549049782524,0.0,0.0,0.3179371654987335,1.174149990081787,34.72425106811524,0.33377763628959656
observed_test,v2_2018_477_48h,,26,PCC,A,2.5323834973840813,0.0,0.0,0.2232462614774704,1.1730250120162964,34.72425106811524,0.33147165179252625
observed_test,v2_2018_477_48h,,26,PCC,B,2.5323834973840813,0.0,0.0,0.2232462614774704,1.1730250120162964,34.72425106811524,0.33147165179252625
observed_test,v2_2018_477_48h,,26,PCC,C,2.5323834973840813,0.0,0.0,0.2232462614774704,1.1730250120162964,34.72425106811524,0.33147165179252625
observed_test,v2_2018_477_48h,,27,PCC,A,2.589833043067472,0.0,0.0,0.2633455991744995,1.1723499298095703,34.72425106811524,0.32121407985687256
observed_test,v2_2018_477_48h,,27,PCC,B,2.589833043067472,0.0,0.0,0.2633455991744995,1.1723499298095703,34.72425106811524,0.32121407985687256
observed_test,v2_2018_477_48h,,27,PCC,C,2.589833043067472,0.0,0.0,0.2633455991744995,1.1723499298095703,34.72425106811524,0.32121407985687256
observed_test,v2_2018_477_48h,,28,PCC,A,2.6490245576087452,0.0,0.0,0.3060445785522461,1.170699954032898,34.72425106811524,0.2928297519683838
observed_test,v2_2018_477_48h,,28,PCC,B,2.6490245576087452,0.0,0.0,0.3060445785522461,1.170699954032898,34.72425106811524,0.2928297519683838
observed_test,v2_2018_477_48h,,28,PCC,C,2.6490245576087452,0.0,0.0,0.3060445785522461,1.170699954032898,34.72425106811524,0.2928297519683838
observed_test,v2_2018_477_48h,,29,PCC,A,2.619005949194176,0.0,0.0,0.2850128710269928,1.1710749864578247,34.72425106811524,0.2800494432449341
observed_test,v2_2018_477_48h,,29,PCC,B,2.619005949194176,0.0,0.0,0.2850128710269928,1.1710749864578247,34.72425106811524,0.2800494432449341
observed_test,v2_2018_477_48h,,29,PCC,C,2.619005949194176,0.0,0.0,0.2850128710269928,1.1710749864578247,34.72425106811524,0.2800494432449341
observed_test,v2_2018_477_48h,,30,PCC,A,2.8211221502045203,0.0,0.05626250058412551,0.4131304621696472,1.1777499914169312,53.24800137329102,0.2751381993293762
observed_test,v2_2018_477_48h,,30,PCC,B,2.8211221502045203,0.0,0.05626250058412551,0.4131304621696472,1.1777499914169312,53.24800137329102,0.2751381993293762
observed_test,v2_2018_477_48h,,30,PCC,C,2.8211221502045203,0.0,0.05626250058412551,0.4131304621696472,1.1777499914169312,53.24800137329102,0.2751381993293762
observed_test,v2_2018_477_48h,,31,PCC,A,3.1062908846782284,0.0,0.2860583364963531,0.5887197852134705,1.188849925994873,53.24800137329102,0.273440420627594
observed_test,v2_2018_477_48h,,31,PCC,B,3.1062908846782284,0.0,0.2860583364963531,0.5887197852134705,1.188849925994873,53.24800137329102,0.273440420627594
observed_test,v2_2018_477_48h,,31,PCC,C,3.1062908846782284,0.0,0.2860583364963531,0.5887197852134705,1.188849925994873,53.24800137329102,0.273440420627594
observed_test,v2_2018_477_48h,,32,PCC,A,2.881026947227791,0.0,0.5808708186332996,0.41616514325141907,1.2030999660491943,53.24800137329102,0.2749433219432831
observed_test,v2_2018_477_48h,,32,PCC,B,2.881026947227791,0.0,0.5808708186332996,0.41616514325141907,1.2030999660491943,53.24800137329102,0.2749433219432831
observed_test,v2_2018_477_48h,,32,PCC,C,2.881026947227791,0.0,0.5808708186332996,0.41616514325141907,1.2030999660491943,53.24800137329102,0.2749433219432831
observed_test,v2_2018_477_48h,,33,PCC,A,3.051322366189846,0.0,0.835704173033054,0.5137431621551514,1.2132999897003174,53.24800137329102,0.2761172354221344
observed_test,v2_2018_477_48h,,33,PCC,B,3.051322366189846,0.0,0.835704173033054,0.5137431621551514,1.2132999897003174,53.24800137329102,0.2761172354221344
observed_test,v2_2018_477_48h,,33,PCC,C,3.051322366189846,0.0,0.835704173033054,0.5137431621551514,1.2132999897003174,53.24800137329102,0.2761172354221344
observed_test,v2_2018_477_48h,,34,PCC,A,2.8381468165568458,0.0,1.0165458688369162,0.3643687963485718,1.219599962234497,53.24800137329102,0.280690461397171
observed_test,v2_2018_477_48h,,34,PCC,B,2.8381468165568458,0.0,1.0165458688369162,0.3643687963485718,1.219599962234497,53.24800137329102,0.280690461397171
observed_test,v2_2018_477_48h,,34,PCC,C,2.8381468165568458,0.0,1.0165458688369162,0.3643687963485718,1.219599962234497,53.24800137329102,0.280690461397171
observed_test,v2_2018_477_48h,,35,PCC,A,2.8427845375959655,0.0,1.1189333521402798,0.36136627197265625,1.2239500284194946,53.24800137329102,0.28519904613494873
observed_test,v2_2018_477_48h,,35,PCC,B,2.8427845375959655,0.0,1.1189333521402798,0.36136627197265625,1.2239500284194946,53.24800137329102,0.28519904613494873
observed_test,v2_2018_477_48h,,35,PCC,C,2.8427845375959655,0.0,1.1189333521402798,0.36136627197265625,1.2239500284194946,53.24800137329102,0.28519904613494873
observed_test,v2_2018_477_48h,,36,PCC,A,3.1208608134765377,0.0,1.088020778619326,0.5383059978485107,1.2271000146865845,53.24800137329102,0.2889251112937927
observed_test,v2_2018_477_48h,,36,PCC,B,3.1208608134765377,0.0,1.088020778619326,0.5383059978485107,1.2271000146865845,53.24800137329102,0.2889251112937927
observed_test,v2_2018_477_48h,,36,PCC,C,3.1208608134765377,0.0,1.088020778619326,0.5383059978485107,1.2271000146865845,53.24800137329102,0.2889251112937927
observed_test,v2_2018_477_48h,,37,PCC,A,3.2241793420596916,0.0,1.042191684246063,0.6031783223152161,1.2286750078201294,53.24800137329102,0.2811610698699951
observed_test,v2_2018_477_48h,,37,PCC,B,3.2241793420596916,0.0,1.042191684246063,0.6031783223152161,1.2286750078201294,53.24800137329102,0.2811610698699951
observed_test,v2_2018_477_48h,,37,PCC,C,3.2241793420596916,0.0,1.042191684246063,0.6031783223152161,1.2286750078201294,53.24800137329102,0.2811610698699951
observed_test,v2_2018_477_48h,,38,PCC,A,3.3199533014396962,0.0,1.0020332840772774,0.6654155254364014,1.2287499904632568,53.24800137329102,0.2821037173271179
observed_test,v2_2018_477_48h,,38,PCC,B,3.3199533014396962,0.0,1.0020332840772774,0.6654155254364014,1.2287499904632568,53.24800137329102,0.2821037173271179
observed_test,v2_2018_477_48h,,38,PCC,C,3.3199533014396962,0.0,1.0020332840772774,0.6654155254364014,1.2287499904632568,53.24800137329102,0.2821037173271179
observed_test,v2_2018_477_48h,,39,PCC,A,3.0943225665123903,0.0,0.8216750163298386,0.5210045576095581,1.2271000146865845,53.24800137329102,0.28912773728370667
observed_test,v2_2018_477_48h,,39,PCC,B,3.0943225665123903,0.0,0.8216750163298386,0.5210045576095581,1.2271000146865845,53.24800137329102,0.28912773728370667
observed_test,v2_2018_477_48h,,39,PCC,C,3.0943225665123903,0.0,0.8216750163298386,0.5210045576095581,1.2271000146865845,53.24800137329102,0.28912773728370667
observed_test,v2_2018_477_48h,,40,PCC,A,3.154465712815648,0.0,0.568649975153116,0.5631123185157776,1.2252249717712402,53.24800137329102,0.3023739159107208
observed_test,v2_2018_477_48h,,40,PCC,B,3.154465712815648,0.0,0.568649975153116,0.5631123185157776,1.2252249717712402,53.24800137329102,0.3023739159107208
observed_test,v2_2018_477_48h,,40,PCC,C,3.154465712815648,0.0,0.568649975153116,0.5631123185157776,1.2252249717712402,53.24800137329102,0.3023739159107208
observed_test,v2_2018_477_48h,,41,PCC,A,3.073345060031975,0.0,0.2993708333143821,0.5185338854789734,1.2196749448776245,53.24800137329102,0.3217485249042511
observed_test,v2_2018_477_48h,,41,PCC,B,3.073345060031975,0.0,0.2993708333143821,0.5185338854789734,1.2196749448776245,53.24800137329102,0.3217485249042511
observed_test,v2_2018_477_48h,,41,PCC,C,3.073345060031975,0.0,0.2993708333143821,0.5185338854789734,1.2196749448776245,53.24800137329102,0.3217485249042511
observed_test,v2_2018_477_48h,,42,PCC,A,3.0251203196416383,0.0,0.0637083314359188,0.501911997795105,1.2096999883651733,121.88174847412108,0.34076350927352905
observed_test,v2_2018_477_48h,,42,PCC,B,3.0251203196416383,0.0,0.0637083314359188,0.501911997795105,1.2096999883651733,121.88174847412108,0.34076350927352905
observed_test,v2_2018_477_48h,,42,PCC,C,3.0251203196416383,0.0,0.0637083314359188,0.501911997795105,1.2096999883651733,121.88174847412108,0.34076350927352905
observed_test,v2_2018_477_48h,,43,PCC,A,3.0966193225583916,0.0,0.0,0.5692486763000488,1.1969499588012695,121.88174847412108,0.3609183728694916
observed_test,v2_2018_477_48h,,43,PCC,B,3.0966193225583916,0.0,0.0,0.5692486763000488,1.1969499588012695,121.88174847412108,0.3609183728694916
observed_test,v2_2018_477_48h,,43,PCC,C,3.0966193225583916,0.0,0.0,0.5692486763000488,1.1969499588012695,121.88174847412108,0.3609183728694916
observed_test,v2_2018_477_48h,,44,PCC,A,2.917500070490586,0.0,0.0,0.458400696516037,1.1910250186920166,121.88174847412108,0.3623015284538269
observed_test,v2_2018_477_48h,,44,PCC,B,2.917500070490586,0.0,0.0,0.458400696516037,1.1910250186920166,121.88174847412108,0.3623015284538269
observed_test,v2_2018_477_48h,,44,PCC,C,2.917500070490586,0.0,0.0,0.458400696516037,1.1910250186920166,121.88174847412108,0.3623015284538269
observed_test,v2_2018_477_48h,,45,PCC,A,2.8177941837048714,0.0,0.0,0.39928483963012695,1.1856249570846558,53.24800137329102,0.3601513206958771
observed_test,v2_2018_477_48h,,45,PCC,B,2.8177941837048714,0.0,0.0,0.39928483963012695,1.1856249570846558,53.24800137329102,0.3601513206958771
observed_test,v2_2018_477_48h,,45,PCC,C,2.8177941837048714,0.0,0.0,0.39928483963012695,1.1856249570846558,53.24800137329102,0.3601513206958771
observed_test,v2_2018_477_48h,,46,PCC,A,2.7553672446442072,0.0,0.0,0.3637107312679291,1.1810499429702759,53.24800137329102,0.36570608615875244
observed_test,v2_2018_477_48h,,46,PCC,B,2.7553672446442072,0.0,0.0,0.3637107312679291,1.1810499429702759,53.24800137329102,0.36570608615875244
observed_test,v2_2018_477_48h,,46,PCC,C,2.7553672446442072,0.0,0.0,0.3637107312679291,1.1810499429702759,53.24800137329102,0.36570608615875244
observed_test,v2_2018_477_48h,,47,PCC,A,2.724963398896435,0.0,0.0,0.34759950637817383,1.177899956703186,53.24800137329102,0.3693509101867676
observed_test,v2_2018_477_48h,,47,PCC,B,2.724963398896435,0.0,0.0,0.34759950637817383,1.177899956703186,53.24800137329102,0.3693509101867676
observed_test,v2_2018_477_48h,,47,PCC,C,2.724963398896435,0.0,0.0,0.34759950637817383,1.177899956703186,53.24800137329102,0.3693509101867676
observed_test,v2_2018_413_48h,,0,PCC,A,2.589738233557025,0.0,0.0,0.29431068897247314,1.149999976158142,53.24800137329102,0.21771878004074097
observed_test,v2_2018_413_48h,,0,PCC,B,2.589738233557025,0.0,0.0,0.29431068897247314,1.149999976158142,53.24800137329102,0.21771878004074097
observed_test,v2_2018_413_48h,,0,PCC,C,2.589738233557025,0.0,0.0,0.29431068897247314,1.149999976158142,53.24800137329102,0.21771878004074097
observed_test,v2_2018_413_48h,,1,PCC,A,2.6237012928594003,0.0,0.0,0.3179371654987335,1.149999976158142,34.72425106811524,0.2178233563899994
observed_test,v2_2018_413_48h,,1,PCC,B,2.6237012928594003,0.0,0.0,0.3179371654987335,1.149999976158142,34.72425106811524,0.2178233563899994
observed_test,v2_2018_413_48h,,1,PCC,C,2.6237012928594003,0.0,0.0,0.3179371654987335,1.149999976158142,34.72425106811524,0.2178233563899994
observed_test,v2_2018_413_48h,,2,PCC,A,2.4875831211508435,0.0,0.0,0.2232462614774704,1.149999976158142,34.72425106811524,0.21782971918582916
observed_test,v2_2018_413_48h,,2,PCC,B,2.4875831211508435,0.0,0.0,0.2232462614774704,1.149999976158142,34.72425106811524,0.21782971918582916
observed_test,v2_2018_413_48h,,2,PCC,C,2.4875831211508435,0.0,0.0,0.2232462614774704,1.149999976158142,34.72425106811524,0.21782971918582916
observed_test,v2_2018_413_48h,,3,PCC,A,2.5452259178952694,0.0,0.0,0.2633455991744995,1.149999976158142,53.24800137329102,0.21496570110321045
observed_test,v2_2018_413_48h,,3,PCC,B,2.5452259178952694,0.0,0.0,0.2633455991744995,1.149999976158142,53.24800137329102,0.21496570110321045
observed_test,v2_2018_413_48h,,3,PCC,C,2.5452259178952694,0.0,0.0,0.2633455991744995,1.149999976158142,53.24800137329102,0.21496570110321045
observed_test,v2_2018_413_48h,,4,PCC,A,2.6066056994782514,0.0,0.0,0.3060445785522461,1.149999976158142,53.24800137329102,0.2117515504360199
observed_test,v2_2018_413_48h,,4,PCC,B,2.6066056994782514,0.0,0.0,0.3060445785522461,1.149999976158142,53.24800137329102,0.2117515504360199
observed_test,v2_2018_413_48h,,4,PCC,C,2.6066056994782514,0.0,0.0,0.3060445785522461,1.149999976158142,53.24800137329102,0.2117515504360199
observed_test,v2_2018_413_48h,,5,PCC,A,2.5763726205374935,0.0,0.0,0.2850128710269928,1.149999976158142,53.24800137329102,0.20906536281108856
observed_test,v2_2018_413_48h,,5,PCC,B,2.5763726205374935,0.0,0.0,0.2850128710269928,1.149999976158142,53.24800137329102,0.20906536281108856
observed_test,v2_2018_413_48h,,5,PCC,C,2.5763726205374935,0.0,0.0,0.2850128710269928,1.149999976158142,53.24800137329102,0.20906536281108856
observed_test,v2_2018_413_48h,,6,PCC,A,2.7605416539868575,0.0,0.00582083325403241,0.4131304621696472,1.149999976158142,121.88174847412108,0.20757518708705902
observed_test,v2_2018_413_48h,,6,PCC,B,2.7605416539868575,0.0,0.00582083325403241,0.4131304621696472,1.149999976158142,121.88174847412108,0.20757518708705902
observed_test,v2_2018_413_48h,,6,PCC,C,2.7605416539868575,0.0,0.00582083325403241,0.4131304621696472,1.149999976158142,121.88174847412108,0.20757518708705902
observed_test,v2_2018_413_48h,,7,PCC,A,3.0129513006293838,0.0,0.09079583419057037,0.5887197852134705,1.149999976158142,121.88174847412108,0.20708438754081726
observed_test,v2_2018_413_48h,,7,PCC,B,3.0129513006293838,0.0,0.09079583419057037,0.5887197852134705,1.149999976158142,121.88174847412108,0.20708438754081726
observed_test,v2_2018_413_48h,,7,PCC,C,3.0129513006293838,0.0,0.09079583419057037,0.5887197852134705,1.149999976158142,121.88174847412108,0.20708438754081726
observed_test,v2_2018_413_48h,,8,PCC,A,2.7649040079514635,0.0,0.23767499682994986,0.41616514325141907,1.149999976158142,121.88174847412108,0.20617340505123138
observed_test,v2_2018_413_48h,,8,PCC,B,2.7649040079514635,0.0,0.23767499682994986,0.41616514325141907,1.149999976158142,121.88174847412108,0.20617340505123138
observed_test,v2_2018_413_48h,,8,PCC,C,2.7649040079514635,0.0,0.23767499682994986,0.41616514325141907,1.149999976158142,121.88174847412108,0.20617340505123138
observed_test,v2_2018_413_48h,,9,PCC,A,2.9051724072175276,0.0,0.5785791919781611,0.5137431621551514,1.149999976158142,121.88174847412108,0.20462235808372498
observed_test,v2_2018_413_48h,,9,PCC,B,2.9051724072175276,0.0,0.5785791919781611,0.5137431621551514,1.149999976158142,121.88174847412108,0.20462235808372498
observed_test,v2_2018_413_48h,,9,PCC,C,2.9051724072175276,0.0,0.5785791919781611,0.5137431621551514,1.149999976158142,121.88174847412108,0.20462235808372498
observed_test,v2_2018_413_48h,,10,PCC,A,2.6904467608222724,0.0,0.978950009896205,0.3643687963485718,1.149999976158142,53.24800137329102,0.20639781653881073
observed_test,v2_2018_413_48h,,10,PCC,B,2.6904467608222724,0.0,0.978950009896205,0.3643687963485718,1.149999976158142,53.24800137329102,0.20639781653881073
observed_test,v2_2018_413_48h,,10,PCC,C,2.6904467608222724,0.0,0.978950009896205,0.3643687963485718,1.149999976158142,53.24800137329102,0.20639781653881073
observed_test,v2_2018_413_48h,,11,PCC,A,2.686130632121376,0.0,0.9042666508601261,0.36136627197265625,1.149999976158142,53.24800137329102,0.20330826938152313
observed_test,v2_2018_413_48h,,11,PCC,B,2.686130632121376,0.0,0.9042666508601261,0.36136627197265625,1.149999976158142,53.24800137329102,0.20330826938152313
observed_test,v2_2018_413_48h,,11,PCC,C,2.686130632121376,0.0,0.9042666508601261,0.36136627197265625,1.149999976158142,53.24800137329102,0.20330826938152313
observed_test,v2_2018_413_48h,,12,PCC,A,2.940481482794702,0.0,0.8166708052158356,0.5383059978485107,1.149999976158142,34.72425106811524,0.20102594792842865
observed_test,v2_2018_413_48h,,12,PCC,B,2.940481482794702,0.0,0.8166708052158356,0.5383059978485107,1.149999976158142,34.72425106811524,0.20102594792842865
observed_test,v2_2018_413_48h,,12,PCC,C,2.940481482794702,0.0,0.8166708052158356,0.5383059978485107,1.149999976158142,34.72425106811524,0.20102594792842865
observed_test,v2_2018_413_48h,,13,PCC,A,3.033735447282245,0.0,0.6619666631405169,0.6031783223152161,1.149999976158142,34.72425106811524,0.2000219225883484
observed_test,v2_2018_413_48h,,13,PCC,B,3.033735447282245,0.0,0.6619666631405169,0.6031783223152161,1.149999976158142,34.72425106811524,0.2000219225883484
observed_test,v2_2018_413_48h,,13,PCC,C,3.033735447282245,0.0,0.6619666631405169,0.6031783223152161,1.149999976158142,34.72425106811524,0.2000219225883484
observed_test,v2_2018_413_48h,,14,PCC,A,3.1232014249141358,0.0,0.5004416864651899,0.6654155254364014,1.149999976158142,34.72425106811524,0.19797030091285706
observed_test,v2_2018_413_48h,,14,PCC,B,3.1232014249141358,0.0,0.5004416864651899,0.6654155254364014,1.149999976158142,34.72425106811524,0.19797030091285706
observed_test,v2_2018_413_48h,,14,PCC,C,3.1232014249141358,0.0,0.5004416864651899,0.6654155254364014,1.149999976158142,34.72425106811524,0.19797030091285706
observed_test,v2_2018_413_48h,,15,PCC,A,2.915610662966831,0.0,0.43628333279719717,0.5210045576095581,1.149999976158142,34.72425106811524,0.20236140489578247
observed_test,v2_2018_413_48h,,15,PCC,B,2.915610662966831,0.0,0.43628333279719717,0.5210045576095581,1.149999976158142,34.72425106811524,0.20236140489578247
observed_test,v2_2018_413_48h,,15,PCC,C,2.915610662966831,0.0,0.43628333279719717,0.5210045576095581,1.149999976158142,34.72425106811524,0.20236140489578247
observed_test,v2_2018_413_48h,,16,PCC,A,2.9761405680146122,0.0,0.35247917358691877,0.5631123185157776,1.149999976158142,53.24800137329102,0.19844406843185425
observed_test,v2_2018_413_48h,,16,PCC,B,2.9761405680146122,0.0,0.35247917358691877,0.5631123185157776,1.149999976158142,53.24800137329102,0.19844406843185425
observed_test,v2_2018_413_48h,,16,PCC,C,2.9761405680146122,0.0,0.35247917358691877,0.5631123185157776,1.149999976158142,53.24800137329102,0.19844406843185425
observed_test,v2_2018_413_48h,,17,PCC,A,2.912059071852747,0.0,0.24273750873712388,0.5185338854789734,1.149999976158142,53.24800137329102,0.1992831975221634
observed_test,v2_2018_413_48h,,17,PCC,B,2.912059071852747,0.0,0.24273750873712388,0.5185338854789734,1.149999976158142,53.24800137329102,0.1992831975221634
observed_test,v2_2018_413_48h,,17,PCC,C,2.912059071852747,0.0,0.24273750873712388,0.5185338854789734,1.149999976158142,53.24800137329102,0.1992831975221634
observed_test,v2_2018_413_48h,,18,PCC,A,2.888165108802557,0.0,0.021674999823937047,0.501911997795105,1.149999976158142,53.24800137329102,0.20021723210811615
observed_test,v2_2018_413_48h,,18,PCC,B,2.888165108802557,0.0,0.021674999823937047,0.501911997795105,1.149999976158142,53.24800137329102,0.20021723210811615
observed_test,v2_2018_413_48h,,18,PCC,C,2.888165108802557,0.0,0.021674999823937047,0.501911997795105,1.149999976158142,53.24800137329102,0.20021723210811615
observed_test,v2_2018_413_48h,,19,PCC,A,2.9849615821466244,0.0,0.0,0.5692486763000488,1.149999976158142,53.24800137329102,0.20215867459774017
observed_test,v2_2018_413_48h,,19,PCC,B,2.9849615821466244,0.0,0.0,0.5692486763000488,1.149999976158142,53.24800137329102,0.20215867459774017
observed_test,v2_2018_413_48h,,19,PCC,C,2.9849615821466244,0.0,0.0,0.5692486763000488,1.149999976158142,53.24800137329102,0.20215867459774017
observed_test,v2_2018_413_48h,,20,PCC,A,2.825617614510635,0.0,0.0,0.458400696516037,1.149999976158142,53.24800137329102,0.1986563503742218
observed_test,v2_2018_413_48h,,20,PCC,B,2.825617614510635,0.0,0.0,0.458400696516037,1.149999976158142,53.24800137329102,0.1986563503742218
observed_test,v2_2018_413_48h,,20,PCC,C,2.825617614510635,0.0,0.0,0.458400696516037,1.149999976158142,53.24800137329102,0.1986563503742218
observed_test,v2_2018_413_48h,,21,PCC,A,2.740638571998929,0.0,0.0,0.39928483963012695,1.149999976158142,53.24800137329102,0.19589941203594208
observed_test,v2_2018_413_48h,,21,PCC,B,2.740638571998929,0.0,0.0,0.39928483963012695,1.149999976158142,53.24800137329102,0.19589941203594208
observed_test,v2_2018_413_48h,,21,PCC,C,2.740638571998929,0.0,0.0,0.39928483963012695,1.149999976158142,53.24800137329102,0.19589941203594208
observed_test,v2_2018_413_48h,,22,PCC,A,2.689500792288461,0.0,0.0,0.3637107312679291,1.149999976158142,53.24800137329102,0.19263511896133423
observed_test,v2_2018_413_48h,,22,PCC,B,2.689500792288461,0.0,0.0,0.3637107312679291,1.149999976158142,53.24800137329102,0.19263511896133423
observed_test,v2_2018_413_48h,,22,PCC,C,2.689500792288461,0.0,0.0,0.3637107312679291,1.149999976158142,53.24800137329102,0.19263511896133423
observed_test,v2_2018_413_48h,,23,PCC,A,2.666340906989589,0.0,0.0,0.34759950637817383,1.149999976158142,53.24800137329102,0.19058038294315338
observed_test,v2_2018_413_48h,,23,PCC,B,2.666340906989589,0.0,0.0,0.34759950637817383,1.149999976158142,53.24800137329102,0.19058038294315338
observed_test,v2_2018_413_48h,,23,PCC,C,2.666340906989589,0.0,0.0,0.34759950637817383,1.149999976158142,53.24800137329102,0.19058038294315338
observed_test,v2_2018_413_48h,,24,PCC,A,2.589738233557025,0.0,0.0,0.29431068897247314,1.149999976158142,53.24800137329102,0.1894691437482834
observed_test,v2_2018_413_48h,,24,PCC,B,2.589738233557025,0.0,0.0,0.29431068897247314,1.149999976158142,53.24800137329102,0.1894691437482834
observed_test,v2_2018_413_48h,,24,PCC,C,2.589738233557025,0.0,0.0,0.29431068897247314,1.149999976158142,53.24800137329102,0.1894691437482834
observed_test,v2_2018_413_48h,,25,PCC,A,2.6237012928594003,0.0,0.0,0.3179371654987335,1.149999976158142,34.72425106811524,0.1913834661245346
observed_test,v2_2018_413_48h,,25,PCC,B,2.6237012928594003,0.0,0.0,0.3179371654987335,1.149999976158142,34.72425106811524,0.1913834661245346
observed_test,v2_2018_413_48h,,25,PCC,C,2.6237012928594003,0.0,0.0,0.3179371654987335,1.149999976158142,34.72425106811524,0.1913834661245346
observed_test,v2_2018_413_48h,,26,PCC,A,2.4875831211508435,0.0,0.0,0.2232462614774704,1.149999976158142,34.72425106811524,0.1914353370666504
observed_test,v2_2018_413_48h,,26,PCC,B,2.4875831211508435,0.0,0.0,0.2232462614774704,1.149999976158142,34.72425106811524,0.1914353370666504
observed_test,v2_2018_413_48h,,26,PCC,C,2.4875831211508435,0.0,0.0,0.2232462614774704,1.149999976158142,34.72425106811524,0.1914353370666504
observed_test,v2_2018_413_48h,,27,PCC,A,2.5452259178952694,0.0,0.0,0.2633455991744995,1.149999976158142,53.24800137329102,0.20247642695903778
observed_test,v2_2018_413_48h,,27,PCC,B,2.5452259178952694,0.0,0.0,0.2633455991744995,1.149999976158142,53.24800137329102,0.20247642695903778
observed_test,v2_2018_413_48h,,27,PCC,C,2.5452259178952694,0.0,0.0,0.2633455991744995,1.149999976158142,53.24800137329102,0.20247642695903778
observed_test,v2_2018_413_48h,,28,PCC,A,2.6066056994782514,0.0,0.0,0.3060445785522461,1.149999976158142,53.24800137329102,0.2079867273569107
observed_test,v2_2018_413_48h,,28,PCC,B,2.6066056994782514,0.0,0.0,0.3060445785522461,1.149999976158142,53.24800137329102,0.2079867273569107
observed_test,v2_2018_413_48h,,28,PCC,C,2.6066056994782514,0.0,0.0,0.3060445785522461,1.149999976158142,53.24800137329102,0.2079867273569107
observed_test,v2_2018_413_48h,,29,PCC,A,2.5763726205374935,0.0,0.0,0.2850128710269928,1.149999976158142,53.24800137329102,0.20120255649089813
observed_test,v2_2018_413_48h,,29,PCC,B,2.5763726205374935,0.0,0.0,0.2850128710269928,1.149999976158142,53.24800137329102,0.20120255649089813
observed_test,v2_2018_413_48h,,29,PCC,C,2.5763726205374935,0.0,0.0,0.2850128710269928,1.149999976158142,53.24800137329102,0.20120255649089813
observed_test,v2_2018_413_48h,,30,PCC,A,2.7605416539868575,0.0,0.018841665811263595,0.4131304621696472,1.149999976158142,121.88174847412108,0.19737987220287323
observed_test,v2_2018_413_48h,,30,PCC,B,2.7605416539868575,0.0,0.018841665811263595,0.4131304621696472,1.149999976158142,121.88174847412108,0.19737987220287323
observed_test,v2_2018_413_48h,,30,PCC,C,2.7605416539868575,0.0,0.018841665811263595,0.4131304621696472,1.149999976158142,121.88174847412108,0.19737987220287323
observed_test,v2_2018_413_48h,,31,PCC,A,3.0129513006293838,0.0,0.14290833989014992,0.5887197852134705,1.149999976158142,121.88174847412108,0.1964385211467743
observed_test,v2_2018_413_48h,,31,PCC,B,3.0129513006293838,0.0,0.14290833989014992,0.5887197852134705,1.149999976158142,121.88174847412108,0.1964385211467743
observed_test,v2_2018_413_48h,,31,PCC,C,3.0129513006293838,0.0,0.14290833989014992,0.5887197852134705,1.149999976158142,121.88174847412108,0.1964385211467743
observed_test,v2_2018_413_48h,,32,PCC,A,2.7649040079514635,0.0,0.40775417135312003,0.41616514325141907,1.149999976158142,121.88174847412108,0.1956031620502472
observed_test,v2_2018_413_48h,,32,PCC,B,2.7649040079514635,0.0,0.40775417135312003,0.41616514325141907,1.149999976158142,121.88174847412108,0.1956031620502472
observed_test,v2_2018_413_48h,,32,PCC,C,2.7649040079514635,0.0,0.40775417135312003,0.41616514325141907,1.149999976158142,121.88174847412108,0.1956031620502472
observed_test,v2_2018_413_48h,,33,PCC,A,2.9051724072175276,0.0,0.8460624859883233,0.5137431621551514,1.149999976158142,121.88174847412108,0.19774229824543
observed_test,v2_2018_413_48h,,33,PCC,B,2.9051724072175276,0.0,0.8460624859883233,0.5137431621551514,1.149999976158142,121.88174847412108,0.19774229824543
observed_test,v2_2018_413_48h,,33,PCC,C,2.9051724072175276,0.0,0.8460624859883233,0.5137431621551514,1.149999976158142,121.88174847412108,0.19774229824543
observed_test,v2_2018_413_48h,,34,PCC,A,2.6904467608222724,0.0,1.1749207973480222,0.3643687963485718,1.149999976158142,53.24800137329102,0.20031452178955078
observed_test,v2_2018_413_48h,,34,PCC,B,2.6904467608222724,0.0,1.1749207973480222,0.3643687963485718,1.149999976158142,53.24800137329102,0.20031452178955078
observed_test,v2_2018_413_48h,,34,PCC,C,2.6904467608222724,0.0,1.1749207973480222,0.3643687963485718,1.149999976158142,53.24800137329102,0.20031452178955078
observed_test,v2_2018_413_48h,,35,PCC,A,2.686130632121376,0.0,1.301958354619833,0.36136627197265625,1.149999976158142,53.24800137329102,0.208522766828537
observed_test,v2_2018_413_48h,,35,PCC,B,2.686130632121376,0.0,1.301958354619833,0.36136627197265625,1.149999976158142,53.24800137329102,0.208522766828537
observed_test,v2_2018_413_48h,,35,PCC,C,2.686130632121376,0.0,1.301958354619833,0.36136627197265625,1.149999976158142,53.24800137329102,0.208522766828537
observed_test,v2_2018_413_48h,,36,PCC,A,2.940481482794702,0.0,1.334549945134383,0.5383059978485107,1.149999976158142,34.72425106811524,0.20712117850780487
observed_test,v2_2018_413_48h,,36,PCC,B,2.940481482794702,0.0,1.334549945134383,0.5383059978485107,1.149999976158142,34.72425106811524,0.20712117850780487
observed_test,v2_2018_413_48h,,36,PCC,C,2.940481482794702,0.0,1.334549945134383,0.5383059978485107,1.149999976158142,34.72425106811524,0.20712117850780487
observed_test,v2_2018_413_48h,,37,PCC,A,3.033735447282245,0.0,1.2813916573157675,0.6031783223152161,1.149999976158142,34.72425106811524,0.2024107575416565
observed_test,v2_2018_413_48h,,37,PCC,B,3.033735447282245,0.0,1.2813916573157675,0.6031783223152161,1.149999976158142,34.72425106811524,0.2024107575416565
observed_test,v2_2018_413_48h,,37,PCC,C,3.033735447282245,0.0,1.2813916573157675,0.6031783223152161,1.149999976158142,34.72425106811524,0.2024107575416565
observed_test,v2_2018_413_48h,,38,PCC,A,3.1232014249141358,0.0,1.1509291254557095,0.6654155254364014,1.149999976158142,34.72425106811524,0.2047840803861618
observed_test,v2_2018_413_48h,,38,PCC,B,3.1232014249141358,0.0,1.1509291254557095,0.6654155254364014,1.149999976158142,34.72425106811524,0.2047840803861618
observed_test,v2_2018_413_48h,,38,PCC,C,3.1232014249141358,0.0,1.1509291254557095,0.6654155254364014,1.149999976158142,34.72425106811524,0.2047840803861618
observed_test,v2_2018_413_48h,,39,PCC,A,2.915610662966831,0.0,0.9357624902175022,0.5210045576095581,1.149999976158142,34.72425106811524,0.21193580329418182
observed_test,v2_2018_413_48h,,39,PCC,B,2.915610662966831,0.0,0.9357624902175022,0.5210045576095581,1.149999976158142,34.72425106811524,0.21193580329418182
observed_test,v2_2018_413_48h,,39,PCC,C,2.915610662966831,0.0,0.9357624902175022,0.5210045576095581,1.149999976158142,34.72425106811524,0.21193580329418182
observed_test,v2_2018_413_48h,,40,PCC,A,2.9761405680146122,0.0,0.6390833510802342,0.5631123185157776,1.149999976158142,53.24800137329102,0.22226278483867645
observed_test,v2_2018_413_48h,,40,PCC,B,2.9761405680146122,0.0,0.6390833510802342,0.5631123185157776,1.149999976158142,53.24800137329102,0.22226278483867645
observed_test,v2_2018_413_48h,,40,PCC,C,2.9761405680146122,0.0,0.6390833510802342,0.5631123185157776,1.149999976158142,53.24800137329102,0.22226278483867645
observed_test,v2_2018_413_48h,,41,PCC,A,2.912059071852747,0.0,0.2951583323570398,0.5185338854789734,1.149999976158142,53.24800137329102,0.23387384414672852
observed_test,v2_2018_413_48h,,41,PCC,B,2.912059071852747,0.0,0.2951583323570398,0.5185338854789734,1.149999976158142,53.24800137329102,0.23387384414672852
observed_test,v2_2018_413_48h,,41,PCC,C,2.912059071852747,0.0,0.2951583323570398,0.5185338854789734,1.149999976158142,53.24800137329102,0.23387384414672852
observed_test,v2_2018_413_48h,,42,PCC,A,2.888165108802557,0.0,0.03732083222040763,0.501911997795105,1.149999976158142,53.24800137329102,0.24081456661224365
observed_test,v2_2018_413_48h,,42,PCC,B,2.888165108802557,0.0,0.03732083222040763,0.501911997795105,1.149999976158142,53.24800137329102,0.24081456661224365
observed_test,v2_2018_413_48h,,42,PCC,C,2.888165108802557,0.0,0.03732083222040763,0.501911997795105,1.149999976158142,53.24800137329102,0.24081456661224365
observed_test,v2_2018_413_48h,,43,PCC,A,2.9849615821466244,0.0,0.0,0.5692486763000488,1.149999976158142,53.24800137329102,0.24687857925891876
observed_test,v2_2018_413_48h,,43,PCC,B,2.9849615821466244,0.0,0.0,0.5692486763000488,1.149999976158142,53.24800137329102,0.24687857925891876
observed_test,v2_2018_413_48h,,43,PCC,C,2.9849615821466244,0.0,0.0,0.5692486763000488,1.149999976158142,53.24800137329102,0.24687857925891876
observed_test,v2_2018_413_48h,,44,PCC,A,2.825617614510635,0.0,0.0,0.458400696516037,1.149999976158142,53.24800137329102,0.25319209694862366
observed_test,v2_2018_413_48h,,44,PCC,B,2.825617614510635,0.0,0.0,0.458400696516037,1.149999976158142,53.24800137329102,0.25319209694862366
observed_test,v2_2018_413_48h,,44,PCC,C,2.825617614510635,0.0,0.0,0.458400696516037,1.149999976158142,53.24800137329102,0.25319209694862366
observed_test,v2_2018_413_48h,,45,PCC,A,2.740638571998929,0.0,0.0,0.39928483963012695,1.149999976158142,53.24800137329102,0.2537130117416382
observed_test,v2_2018_413_48h,,45,PCC,B,2.740638571998929,0.0,0.0,0.39928483963012695,1.149999976158142,53.24800137329102,0.2537130117416382
observed_test,v2_2018_413_48h,,45,PCC,C,2.740638571998929,0.0,0.0,0.39928483963012695,1.149999976158142,53.24800137329102,0.2537130117416382
observed_test,v2_2018_413_48h,,46,PCC,A,2.689500792288461,0.0,0.0,0.3637107312679291,1.149999976158142,53.24800137329102,0.24822109937667847
observed_test,v2_2018_413_48h,,46,PCC,B,2.689500792288461,0.0,0.0,0.3637107312679291,1.149999976158142,53.24800137329102,0.24822109937667847
observed_test,v2_2018_413_48h,,46,PCC,C,2.689500792288461,0.0,0.0,0.3637107312679291,1.149999976158142,53.24800137329102,0.24822109937667847
observed_test,v2_2018_413_48h,,47,PCC,A,2.666340906989589,0.0,0.0,0.34759950637817383,1.149999976158142,53.24800137329102,0.24219484627246857
observed_test,v2_2018_413_48h,,47,PCC,B,2.666340906989589,0.0,0.0,0.34759950637817383,1.149999976158142,53.24800137329102,0.24219484627246857
observed_test,v2_2018_413_48h,,47,PCC,C,2.666340906989589,0.0,0.0,0.34759950637817383,1.149999976158142,53.24800137329102,0.24219484627246857
observed_test,v2_2018_495_48h,,0,PCC,A,2.630175115631934,0.0,0.0,0.29431068897247314,1.1698750257492065,53.24800137329102,0.25296810269355774
observed_test,v2_2018_495_48h,,0,PCC,B,2.630175115631934,0.0,0.0,0.29431068897247314,1.1698750257492065,53.24800137329102,0.25296810269355774
observed_test,v2_2018_495_48h,,0,PCC,C,2.630175115631934,0.0,0.0,0.29431068897247314,1.1698750257492065,53.24800137329102,0.25296810269355774
observed_test,v2_2018_495_48h,,1,PCC,A,2.660390334454465,0.0,0.0,0.3179371654987335,1.1677749156951904,34.72425106811524,0.25566065311431885
observed_test,v2_2018_495_48h,,1,PCC,B,2.660390334454465,0.0,0.0,0.3179371654987335,1.1677749156951904,34.72425106811524,0.25566065311431885
observed_test,v2_2018_495_48h,,1,PCC,C,2.660390334454465,0.0,0.0,0.3179371654987335,1.1677749156951904,34.72425106811524,0.25566065311431885
observed_test,v2_2018_495_48h,,2,PCC,A,2.51852017140046,0.0,0.0,0.2232462614774704,1.1658999919891357,34.72425106811524,0.2623995244503021
observed_test,v2_2018_495_48h,,2,PCC,B,2.51852017140046,0.0,0.0,0.2232462614774704,1.1658999919891357,34.72425106811524,0.2623995244503021
observed_test,v2_2018_495_48h,,2,PCC,C,2.51852017140046,0.0,0.0,0.2232462614774704,1.1658999919891357,34.72425106811524,0.2623995244503021
observed_test,v2_2018_495_48h,,3,PCC,A,2.572918333358069,0.0,0.0,0.2633455991744995,1.1638749837875366,34.72425106811524,0.2584664523601532
observed_test,v2_2018_495_48h,,3,PCC,B,2.572918333358069,0.0,0.0,0.2633455991744995,1.1638749837875366,34.72425106811524,0.2584664523601532
observed_test,v2_2018_495_48h,,3,PCC,C,2.572918333358069,0.0,0.0,0.2633455991744995,1.1638749837875366,34.72425106811524,0.2584664523601532
observed_test,v2_2018_495_48h,,4,PCC,A,2.631503852356417,0.0,0.0,0.3060445785522461,1.1621500253677368,34.72425106811524,0.23289193212985992
observed_test,v2_2018_495_48h,,4,PCC,B,2.631503852356417,0.0,0.0,0.3060445785522461,1.1621500253677368,34.72425106811524,0.23289193212985992
observed_test,v2_2018_495_48h,,4,PCC,C,2.631503852356417,0.0,0.0,0.3060445785522461,1.1621500253677368,34.72425106811524,0.23289193212985992
observed_test,v2_2018_495_48h,,5,PCC,A,2.6003443725320494,0.0,0.0,0.2850128710269928,1.1618499755859375,34.72425106811524,0.21599575877189636
observed_test,v2_2018_495_48h,,5,PCC,B,2.6003443725320494,0.0,0.0,0.2850128710269928,1.1618499755859375,34.72425106811524,0.21599575877189636
observed_test,v2_2018_495_48h,,5,PCC,C,2.6003443725320494,0.0,0.0,0.2850128710269928,1.1618499755859375,34.72425106811524,0.21599575877189636
observed_test,v2_2018_495_48h,,6,PCC,A,2.7978722663998354,0.0,0.026495833522998367,0.4131304621696472,1.167099952697754,53.24800137329102,0.20850908756256104
observed_test,v2_2018_495_48h,,6,PCC,B,2.7978722663998354,0.0,0.026495833522998367,0.4131304621696472,1.167099952697754,53.24800137329102,0.20850908756256104
observed_test,v2_2018_495_48h,,6,PCC,C,2.7978722663998354,0.0,0.026495833522998367,0.4131304621696472,1.167099952697754,53.24800137329102,0.20850908756256104
observed_test,v2_2018_495_48h,,7,PCC,A,3.0839470327557295,0.0,0.2420166650643715,0.5887197852134705,1.1795499324798584,53.24800137329102,0.2057301104068756
observed_test,v2_2018_495_48h,,7,PCC,B,3.0839470327557295,0.0,0.2420166650643715,0.5887197852134705,1.1795499324798584,53.24800137329102,0.2057301104068756
observed_test,v2_2018_495_48h,,7,PCC,C,3.0839470327557295,0.0,0.2420166650643715,0.5887197852134705,1.1795499324798584,53.24800137329102,0.2057301104068756
observed_test,v2_2018_495_48h,,8,PCC,A,2.8605250640944306,0.0,0.5361750148809873,0.41616514325141907,1.1937249898910522,53.24800137329102,0.2048681378364563
observed_test,v2_2018_495_48h,,8,PCC,B,2.8605250640944306,0.0,0.5361750148809873,0.41616514325141907,1.1937249898910522,53.24800137329102,0.2048681378364563
observed_test,v2_2018_495_48h,,8,PCC,C,2.8605250640944306,0.0,0.5361750148809873,0.41616514325141907,1.1937249898910522,53.24800137329102,0.2048681378364563
observed_test,v2_2018_495_48h,,9,PCC,A,3.0352180416065053,0.0,0.8398249745368956,0.5137431621551514,1.2063249349594116,53.24800137329102,0.20575056970119476
observed_test,v2_2018_495_48h,,9,PCC,B,3.0352180416065053,0.0,0.8398249745368956,0.5137431621551514,1.2063249349594116,53.24800137329102,0.20575056970119476
observed_test,v2_2018_495_48h,,9,PCC,C,3.0352180416065053,0.0,0.8398249745368956,0.5137431621551514,1.2063249349594116,53.24800137329102,0.20575056970119476
observed_test,v2_2018_495_48h,,10,PCC,A,2.8228674917230165,0.0,1.0232625099328847,0.3643687963485718,1.212399959564209,53.24800137329102,0.20847263932228088
observed_test,v2_2018_495_48h,,10,PCC,B,2.8228674917230165,0.0,1.0232625099328847,0.3643687963485718,1.212399959564209,53.24800137329102,0.20847263932228088
observed_test,v2_2018_495_48h,,10,PCC,C,2.8228674917230165,0.0,1.0232625099328847,0.3643687963485718,1.212399959564209,53.24800137329102,0.20847263932228088
observed_test,v2_2018_495_48h,,11,PCC,A,2.82737314164198,0.0,1.1230708314822269,0.36136627197265625,1.2166749238967896,53.24800137329102,0.21990446746349335
observed_test,v2_2018_495_48h,,11,PCC,B,2.82737314164198,0.0,1.1230708314822269,0.36136627197265625,1.2166749238967896,53.24800137329102,0.21990446746349335
observed_test,v2_2018_495_48h,,11,PCC,C,2.82737314164198,0.0,1.1230708314822269,0.36136627197265625,1.2166749238967896,53.24800137329102,0.21990446746349335
observed_test,v2_2018_495_48h,,12,PCC,A,3.1017349629161024,0.0,1.1219958846385663,0.5383059978485107,1.2189249992370605,53.24800137329102,0.22282646596431732
observed_test,v2_2018_495_48h,,12,PCC,B,3.1017349629161024,0.0,1.1219958846385663,0.5383059978485107,1.2189249992370605,53.24800137329102,0.22282646596431732
observed_test,v2_2018_495_48h,,12,PCC,C,3.1017349629161024,0.0,1.1219958846385663,0.5383059978485107,1.2189249992370605,53.24800137329102,0.22282646596431732
observed_test,v2_2018_495_48h,,13,PCC,A,3.2036642638061426,0.0,1.0691333275574904,0.6031783223152161,1.2201999425888062,53.24800137329102,0.20398646593093872
observed_test,v2_2018_495_48h,,13,PCC,B,3.2036642638061426,0.0,1.0691333275574904,0.6031783223152161,1.2201999425888062,53.24800137329102,0.20398646593093872
observed_test,v2_2018_495_48h,,13,PCC,C,3.2036642638061426,0.0,1.0691333275574904,0.6031783223152161,1.2201999425888062,53.24800137329102,0.20398646593093872
observed_test,v2_2018_495_48h,,14,PCC,A,3.296530522818346,0.0,0.9170833115394298,0.6654155254364014,1.2193750143051147,53.24800137329102,0.18939992785453796
observed_test,v2_2018_495_48h,,14,PCC,B,3.296530522818346,0.0,0.9170833115394298,0.6654155254364014,1.2193750143051147,53.24800137329102,0.18939992785453796
observed_test,v2_2018_495_48h,,14,PCC,C,3.296530522818346,0.0,0.9170833115394298,0.6654155254364014,1.2193750143051147,53.24800137329102,0.18939992785453796
observed_test,v2_2018_495_48h,,15,PCC,A,3.072070411462422,0.0,0.7551416754722595,0.5210045576095581,1.2174999713897705,53.24800137329102,0.18040023744106293
observed_test,v2_2018_495_48h,,15,PCC,B,3.072070411462422,0.0,0.7551416754722595,0.5210045576095581,1.2174999713897705,53.24800137329102,0.18040023744106293
observed_test,v2_2018_495_48h,,15,PCC,C,3.072070411462422,0.0,0.7551416754722595,0.5210045576095581,1.2174999713897705,53.24800137329102,0.18040023744106293
observed_test,v2_2018_495_48h,,16,PCC,A,3.1261968623196723,0.0,0.4794083249110441,0.5631123185157776,1.2132999897003174,53.24800137329102,0.17574475705623627
observed_test,v2_2018_495_48h,,16,PCC,B,3.1261968623196723,0.0,0.4794083249110441,0.5631123185157776,1.2132999897003174,53.24800137329102,0.17574475705623627
observed_test,v2_2018_495_48h,,16,PCC,C,3.1261968623196723,0.0,0.4794083249110441,0.5631123185157776,1.2132999897003174,53.24800137329102,0.17574475705623627
observed_test,v2_2018_495_48h,,17,PCC,A,3.0334143077897977,0.0,0.16833333155283559,0.5185338854789734,1.2024250030517578,53.24800137329102,0.17540429532527924
observed_test,v2_2018_495_48h,,17,PCC,B,3.0334143077897977,0.0,0.16833333155283559,0.5185338854789734,1.2024250030517578,53.24800137329102,0.17540429532527924
observed_test,v2_2018_495_48h,,17,PCC,C,3.0334143077897977,0.0,0.16833333155283559,0.5185338854789734,1.2024250030517578,53.24800137329102,0.17540429532527924
observed_test,v2_2018_495_48h,,18,PCC,A,2.9812465209488757,0.0,0.0008708333413009173,0.501911997795105,1.1905750036239624,121.88174847412108,0.1752358376979828
observed_test,v2_2018_495_48h,,18,PCC,B,2.9812465209488757,0.0,0.0008708333413009173,0.501911997795105,1.1905750036239624,121.88174847412108,0.1752358376979828
observed_test,v2_2018_495_48h,,18,PCC,C,2.9812465209488757,0.0,0.0008708333413009173,0.501911997795105,1.1905750036239624,121.88174847412108,0.1752358376979828
observed_test,v2_2018_495_48h,,19,PCC,A,3.0645133101152453,0.0,0.0,0.5692486763000488,1.1834499835968018,121.88174847412108,0.1813947707414627
observed_test,v2_2018_495_48h,,19,PCC,B,3.0645133101152453,0.0,0.0,0.5692486763000488,1.1834499835968018,121.88174847412108,0.1813947707414627
observed_test,v2_2018_495_48h,,19,PCC,C,3.0645133101152453,0.0,0.0,0.5692486763000488,1.1834499835968018,121.88174847412108,0.1813947707414627
observed_test,v2_2018_495_48h,,20,PCC,A,2.893479588308457,0.0,0.0,0.458400696516037,1.180299997329712,121.88174847412108,0.18734949827194214
observed_test,v2_2018_495_48h,,20,PCC,B,2.893479588308457,0.0,0.0,0.458400696516037,1.180299997329712,121.88174847412108,0.18734949827194214
observed_test,v2_2018_495_48h,,20,PCC,C,2.893479588308457,0.0,0.0,0.458400696516037,1.180299997329712,121.88174847412108,0.18734949827194214
observed_test,v2_2018_495_48h,,21,PCC,A,2.8010635886460165,0.0,0.0,0.39928483963012695,1.177899956703186,53.24800137329102,0.19940844178199768
observed_test,v2_2018_495_48h,,21,PCC,B,2.8010635886460165,0.0,0.0,0.39928483963012695,1.177899956703186,53.24800137329102,0.19940844178199768
observed_test,v2_2018_495_48h,,21,PCC,C,2.8010635886460165,0.0,0.0,0.39928483963012695,1.177899956703186,53.24800137329102,0.19940844178199768
observed_test,v2_2018_495_48h,,22,PCC,A,2.7443895025849163,0.0,0.0,0.3637107312679291,1.175874948501587,53.24800137329102,0.2193792313337326
observed_test,v2_2018_495_48h,,22,PCC,B,2.7443895025849163,0.0,0.0,0.3637107312679291,1.175874948501587,53.24800137329102,0.2193792313337326
observed_test,v2_2018_495_48h,,22,PCC,C,2.7443895025849163,0.0,0.0,0.3637107312679291,1.175874948501587,53.24800137329102,0.2193792313337326
observed_test,v2_2018_495_48h,,23,PCC,A,2.716138539961449,0.0,0.0,0.34759950637817383,1.173699975013733,53.24800137329102,0.23097719252109528
observed_test,v2_2018_495_48h,,23,PCC,B,2.716138539961449,0.0,0.0,0.34759950637817383,1.173699975013733,53.24800137329102,0.23097719252109528
observed_test,v2_2018_495_48h,,23,PCC,C,2.716138539961449,0.0,0.0,0.34759950637817383,1.173699975013733,53.24800137329102,0.23097719252109528
observed_test,v2_2018_495_48h,,24,PCC,A,2.6339897510849837,0.0,0.0,0.29431068897247314,1.1717499494552612,53.24800137329102,0.23784883320331573
observed_test,v2_2018_495_48h,,24,PCC,B,2.6339897510849837,0.0,0.0,0.29431068897247314,1.1717499494552612,53.24800137329102,0.23784883320331573
observed_test,v2_2018_495_48h,,24,PCC,C,2.6339897510849837,0.0,0.0,0.29431068897247314,1.1717499494552612,53.24800137329102,0.23784883320331573
observed_test,v2_2018_495_48h,,25,PCC,A,2.6661183297819244,0.0,0.0,0.3179371654987335,1.170549988746643,34.72425106811524,0.2506254017353058
observed_test,v2_2018_495_48h,,25,PCC,B,2.6661183297819244,0.0,0.0,0.3179371654987335,1.170549988746643,34.72425106811524,0.2506254017353058
observed_test,v2_2018_495_48h,,25,PCC,C,2.6661183297819244,0.0,0.0,0.3179371654987335,1.170549988746643,34.72425106811524,0.2506254017353058
observed_test,v2_2018_495_48h,,26,PCC,A,2.5252329910442888,0.0,0.0,0.2232462614774704,1.169350028038025,34.72425106811524,0.265356183052063
observed_test,v2_2018_495_48h,,26,PCC,B,2.5252329910442888,0.0,0.0,0.2232462614774704,1.169350028038025,34.72425106811524,0.265356183052063
observed_test,v2_2018_495_48h,,26,PCC,C,2.5252329910442888,0.0,0.0,0.2232462614774704,1.169350028038025,34.72425106811524,0.265356183052063
observed_test,v2_2018_495_48h,,27,PCC,A,2.5814505152168863,0.0,0.0,0.2633455991744995,1.1681499481201172,34.72425106811524,0.27218887209892273
observed_test,v2_2018_495_48h,,27,PCC,B,2.5814505152168863,0.0,0.0,0.2633455991744995,1.1681499481201172,34.72425106811524,0.27218887209892273
observed_test,v2_2018_495_48h,,27,PCC,C,2.5814505152168863,0.0,0.0,0.2633455991744995,1.1681499481201172,34.72425106811524,0.27218887209892273
observed_test,v2_2018_495_48h,,28,PCC,A,2.6404178610937286,0.0,0.0,0.3060445785522461,1.1664999723434448,34.72425106811524,0.2499292492866516
observed_test,v2_2018_495_48h,,28,PCC,B,2.6404178610937286,0.0,0.0,0.3060445785522461,1.1664999723434448,34.72425106811524,0.2499292492866516
observed_test,v2_2018_495_48h,,28,PCC,C,2.6404178610937286,0.0,0.0,0.3060445785522461,1.1664999723434448,34.72425106811524,0.2499292492866516
observed_test,v2_2018_495_48h,,29,PCC,A,2.6076269331525777,0.0,0.0,0.2850128710269928,1.1654499769210815,34.72425106811524,0.23044362664222717
observed_test,v2_2018_495_48h,,29,PCC,B,2.6076269331525777,0.0,0.0,0.2850128710269928,1.1654499769210815,34.72425106811524,0.23044362664222717
observed_test,v2_2018_495_48h,,29,PCC,C,2.6076269331525777,0.0,0.0,0.2850128710269928,1.1654499769210815,34.72425106811524,0.23044362664222717
observed_test,v2_2018_495_48h,,30,PCC,A,2.805567663304933,0.0,0.021412499392261867,0.4131304621696472,1.1706249713897705,53.24800137329102,0.22190281748771667
observed_test,v2_2018_495_48h,,30,PCC,B,2.805567663304933,0.0,0.021412499392261867,0.4131304621696472,1.1706249713897705,53.24800137329102,0.22190281748771667
observed_test,v2_2018_495_48h,,30,PCC,C,2.805567663304933,0.0,0.021412499392261867,0.4131304621696472,1.1706249713897705,53.24800137329102,0.22190281748771667
observed_test,v2_2018_495_48h,,31,PCC,A,3.0879114955228126,0.0,0.18177499564794394,0.5887197852134705,1.1812000274658203,53.24800137329102,0.22085736691951752
observed_test,v2_2018_495_48h,,31,PCC,B,3.0879114955228126,0.0,0.18177499564794394,0.5887197852134705,1.1812000274658203,53.24800137329102,0.22085736691951752
observed_test,v2_2018_495_48h,,31,PCC,C,3.0879114955228126,0.0,0.18177499564794394,0.5887197852134705,1.1812000274658203,53.24800137329102,0.22085736691951752
observed_test,v2_2018_495_48h,,32,PCC,A,2.8531442506047155,0.0,0.47662498859258795,0.41616514325141907,1.1903499364852905,53.24800137329102,0.22085511684417725
observed_test,v2_2018_495_48h,,32,PCC,B,2.8531442506047155,0.0,0.47662498859258795,0.41616514325141907,1.1903499364852905,53.24800137329102,0.22085511684417725
observed_test,v2_2018_495_48h,,32,PCC,C,2.8531442506047155,0.0,0.47662498859258795,0.41616514325141907,1.1903499364852905,53.24800137329102,0.22085511684417725
observed_test,v2_2018_495_48h,,33,PCC,A,3.0166897149277383,0.0,0.8350999882588019,0.5137431621551514,1.1983000040054321,53.24800137329102,0.23164400458335876
observed_test,v2_2018_495_48h,,33,PCC,B,3.0166897149277383,0.0,0.8350999882588019,0.5137431621551514,1.1983000040054321,53.24800137329102,0.23164400458335876
observed_test,v2_2018_495_48h,,33,PCC,C,3.0166897149277383,0.0,0.8350999882588019,0.5137431621551514,1.1983000040054321,53.24800137329102,0.23164400458335876
observed_test,v2_2018_495_48h,,34,PCC,A,2.8064740547237483,0.0,1.0246791518651521,0.3643687963485718,1.2046749591827393,53.24800137329102,0.2592003047466278
observed_test,v2_2018_495_48h,,34,PCC,B,2.8064740547237483,0.0,1.0246791518651521,0.3643687963485718,1.2046749591827393,53.24800137329102,0.2592003047466278
observed_test,v2_2018_495_48h,,34,PCC,C,2.8064740547237483,0.0,1.0246791518651521,0.3643687963485718,1.2046749591827393,53.24800137329102,0.2592003047466278
observed_test,v2_2018_495_48h,,35,PCC,A,2.811485474258992,0.0,1.1314000074680035,0.36136627197265625,1.2091749906539917,53.24800137329102,0.27311205863952637
observed_test,v2_2018_495_48h,,35,PCC,B,2.811485474258992,0.0,1.1314000074680035,0.36136627197265625,1.2091749906539917,53.24800137329102,0.27311205863952637
observed_test,v2_2018_495_48h,,35,PCC,C,2.811485474258992,0.0,1.1314000074680035,0.36136627197265625,1.2091749906539917,53.24800137329102,0.27311205863952637
observed_test,v2_2018_495_48h,,36,PCC,A,3.0848902026881952,0.0,1.155570837167593,0.5383059978485107,1.2117249965667725,53.24800137329102,0.2986581027507782
observed_test,v2_2018_495_48h,,36,PCC,B,3.0848902026881952,0.0,1.155570837167593,0.5383059978485107,1.2117249965667725,53.24800137329102,0.2986581027507782
observed_test,v2_2018_495_48h,,36,PCC,C,3.0848902026881952,0.0,1.155570837167593,0.5383059978485107,1.2117249965667725,53.24800137329102,0.2986581027507782
observed_test,v2_2018_495_48h,,37,PCC,A,3.185328122676578,0.0,1.1078874652202313,0.6031783223152161,1.2126250267028809,53.24800137329102,0.26770296692848206
observed_test,v2_2018_495_48h,,37,PCC,B,3.185328122676578,0.0,1.1078874652202313,0.6031783223152161,1.2126250267028809,53.24800137329102,0.26770296692848206
observed_test,v2_2018_495_48h,,37,PCC,C,3.185328122676578,0.0,1.1078874652202313,0.6031783223152161,1.2126250267028809,53.24800137329102,0.26770296692848206
observed_test,v2_2018_495_48h,,38,PCC,A,3.2770427638573003,0.0,0.977458289036384,0.6654155254364014,1.2115750312805176,53.24800137329102,0.21209368109703064
observed_test,v2_2018_495_48h,,38,PCC,B,3.2770427638573003,0.0,0.977458289036384,0.6654155254364014,1.2115750312805176,53.24800137329102,0.21209368109703064
observed_test,v2_2018_495_48h,,38,PCC,C,3.2770427638573003,0.0,0.977458289036384,0.6654155254364014,1.2115750312805176,53.24800137329102,0.21209368109703064
observed_test,v2_2018_495_48h,,39,PCC,A,3.0529475563831596,0.0,0.7655375278913058,0.5210045576095581,1.2092499732971191,53.24800137329102,0.2053796797990799
observed_test,v2_2018_495_48h,,39,PCC,B,3.0529475563831596,0.0,0.7655375278913058,0.5210045576095581,1.2092499732971191,53.24800137329102,0.2053796797990799
observed_test,v2_2018_495_48h,,39,PCC,C,3.0529475563831596,0.0,0.7655375278913058,0.5210045576095581,1.2092499732971191,53.24800137329102,0.2053796797990799
observed_test,v2_2018_495_48h,,40,PCC,A,3.10486169952757,0.0,0.474541662977292,0.5631123185157776,1.2042999267578125,53.24800137329102,0.19705501198768616
observed_test,v2_2018_495_48h,,40,PCC,B,3.10486169952757,0.0,0.474541662977292,0.5631123185157776,1.2042999267578125,53.24800137329102,0.19705501198768616
observed_test,v2_2018_495_48h,,40,PCC,C,3.10486169952757,0.0,0.474541662977292,0.5631123185157776,1.2042999267578125,53.24800137329102,0.19705501198768616
observed_test,v2_2018_495_48h,,41,PCC,A,3.015879358822071,0.0,0.16185416338535455,0.5185338854789734,1.194849967956543,53.24800137329102,0.19714973866939545
observed_test,v2_2018_495_48h,,41,PCC,B,3.015879358822071,0.0,0.16185416338535455,0.5185338854789734,1.194849967956543,53.24800137329102,0.19714973866939545
observed_test,v2_2018_495_48h,,41,PCC,C,3.015879358822071,0.0,0.16185416338535455,0.5185338854789734,1.194849967956543,53.24800137329102,0.19714973866939545
observed_test,v2_2018_495_48h,,42,PCC,A,2.970751179332298,0.0,0.0,0.501911997795105,1.1859999895095825,121.88174847412108,0.19549787044525146
observed_test,v2_2018_495_48h,,42,PCC,B,2.970751179332298,0.0,0.0,0.501911997795105,1.1859999895095825,121.88174847412108,0.19549787044525146
observed_test,v2_2018_495_48h,,42,PCC,C,2.970751179332298,0.0,0.0,0.501911997795105,1.1859999895095825,121.88174847412108,0.19549787044525146
observed_test,v2_2018_495_48h,,43,PCC,A,3.0575569034667325,0.0,0.0,0.5692486763000488,1.1805249452590942,121.88174847412108,0.20548434555530548
observed_test,v2_2018_495_48h,,43,PCC,B,3.0575569034667325,0.0,0.0,0.5692486763000488,1.1805249452590942,121.88174847412108,0.20548434555530548
observed_test,v2_2018_495_48h,,43,PCC,C,3.0575569034667325,0.0,0.0,0.5692486763000488,1.1805249452590942,121.88174847412108,0.20548434555530548
observed_test,v2_2018_495_48h,,44,PCC,A,2.8872643472814503,0.0,0.0,0.458400696516037,1.1775249242782593,121.88174847412108,0.22544069588184357
observed_test,v2_2018_495_48h,,44,PCC,B,2.8872643472814503,0.0,0.0,0.458400696516037,1.1775249242782593,121.88174847412108,0.22544069588184357
observed_test,v2_2018_495_48h,,44,PCC,C,2.8872643472814503,0.0,0.0,0.458400696516037,1.1775249242782593,121.88174847412108,0.22544069588184357
observed_test,v2_2018_495_48h,,45,PCC,A,2.793754248244312,0.0,0.0,0.39928483963012695,1.1745250225067139,53.24800137329102,0.2574971914291382
observed_test,v2_2018_495_48h,,45,PCC,B,2.793754248244312,0.0,0.0,0.39928483963012695,1.1745250225067139,53.24800137329102,0.2574971914291382
observed_test,v2_2018_495_48h,,45,PCC,C,2.793754248244312,0.0,0.0,0.39928483963012695,1.1745250225067139,53.24800137329102,0.2574971914291382
observed_test,v2_2018_495_48h,,46,PCC,A,2.735798182211685,0.0,0.0,0.3637107312679291,1.1718249320983887,53.24800137329102,0.29241713881492615
observed_test,v2_2018_495_48h,,46,PCC,B,2.735798182211685,0.0,0.0,0.3637107312679291,1.1718249320983887,53.24800137329102,0.29241713881492615
observed_test,v2_2018_495_48h,,46,PCC,C,2.735798182211685,0.0,0.0,0.3637107312679291,1.1718249320983887,53.24800137329102,0.29241713881492615
observed_test,v2_2018_495_48h,,47,PCC,A,2.706053022675538,0.0,0.0,0.34759950637817383,1.1689000129699707,53.24800137329102,0.31094416975975037
observed_test,v2_2018_495_48h,,47,PCC,B,2.706053022675538,0.0,0.0,0.34759950637817383,1.1689000129699707,53.24800137329102,0.31094416975975037
observed_test,v2_2018_495_48h,,47,PCC,C,2.706053022675538,0.0,0.0,0.34759950637817383,1.1689000129699707,53.24800137329102,0.31094416975975037
observed_test,v2_2018_420_48h,,0,PCC,A,2.589738233557025,0.0,0.0,0.29431068897247314,1.149999976158142,53.24800137329102,0.22826462984085083
observed_test,v2_2018_420_48h,,0,PCC,B,2.589738233557025,0.0,0.0,0.29431068897247314,1.149999976158142,53.24800137329102,0.22826462984085083
observed_test,v2_2018_420_48h,,0,PCC,C,2.589738233557025,0.0,0.0,0.29431068897247314,1.149999976158142,53.24800137329102,0.22826462984085083
observed_test,v2_2018_420_48h,,1,PCC,A,2.6237012928594003,0.0,0.0,0.3179371654987335,1.149999976158142,34.72425106811524,0.2300264835357666
observed_test,v2_2018_420_48h,,1,PCC,B,2.6237012928594003,0.0,0.0,0.3179371654987335,1.149999976158142,34.72425106811524,0.2300264835357666
observed_test,v2_2018_420_48h,,1,PCC,C,2.6237012928594003,0.0,0.0,0.3179371654987335,1.149999976158142,34.72425106811524,0.2300264835357666
observed_test,v2_2018_420_48h,,2,PCC,A,2.4875831211508435,0.0,0.0,0.2232462614774704,1.149999976158142,34.72425106811524,0.23199740052223206
observed_test,v2_2018_420_48h,,2,PCC,B,2.4875831211508435,0.0,0.0,0.2232462614774704,1.149999976158142,34.72425106811524,0.23199740052223206
observed_test,v2_2018_420_48h,,2,PCC,C,2.4875831211508435,0.0,0.0,0.2232462614774704,1.149999976158142,34.72425106811524,0.23199740052223206
observed_test,v2_2018_420_48h,,3,PCC,A,2.5452259178952694,0.0,0.0,0.2633455991744995,1.149999976158142,53.24800137329102,0.2450748085975647
observed_test,v2_2018_420_48h,,3,PCC,B,2.5452259178952694,0.0,0.0,0.2633455991744995,1.149999976158142,53.24800137329102,0.2450748085975647
observed_test,v2_2018_420_48h,,3,PCC,C,2.5452259178952694,0.0,0.0,0.2633455991744995,1.149999976158142,53.24800137329102,0.2450748085975647
observed_test,v2_2018_420_48h,,4,PCC,A,2.6066056994782514,0.0,0.0,0.3060445785522461,1.149999976158142,53.24800137329102,0.24348342418670654
observed_test,v2_2018_420_48h,,4,PCC,B,2.6066056994782514,0.0,0.0,0.3060445785522461,1.149999976158142,53.24800137329102,0.24348342418670654
observed_test,v2_2018_420_48h,,4,PCC,C,2.6066056994782514,0.0,0.0,0.3060445785522461,1.149999976158142,53.24800137329102,0.24348342418670654
observed_test,v2_2018_420_48h,,5,PCC,A,2.5763726205374935,0.0,0.0,0.2850128710269928,1.149999976158142,53.24800137329102,0.23106816411018372
observed_test,v2_2018_420_48h,,5,PCC,B,2.5763726205374935,0.0,0.0,0.2850128710269928,1.149999976158142,53.24800137329102,0.23106816411018372
observed_test,v2_2018_420_48h,,5,PCC,C,2.5763726205374935,0.0,0.0,0.2850128710269928,1.149999976158142,53.24800137329102,0.23106816411018372
observed_test,v2_2018_420_48h,,6,PCC,A,2.7605416539868575,0.0,0.02077500013491282,0.4131304621696472,1.149999976158142,121.88174847412108,0.22681276500225067
observed_test,v2_2018_420_48h,,6,PCC,B,2.7605416539868575,0.0,0.02077500013491282,0.4131304621696472,1.149999976158142,121.88174847412108,0.22681276500225067
observed_test,v2_2018_420_48h,,6,PCC,C,2.7605416539868575,0.0,0.02077500013491282,0.4131304621696472,1.149999976158142,121.88174847412108,0.22681276500225067
observed_test,v2_2018_420_48h,,7,PCC,A,3.0129513006293838,0.0,0.06852083337994722,0.5887197852134705,1.149999976158142,121.88174847412108,0.23101766407489777
observed_test,v2_2018_420_48h,,7,PCC,B,3.0129513006293838,0.0,0.06852083337994722,0.5887197852134705,1.149999976158142,121.88174847412108,0.23101766407489777
observed_test,v2_2018_420_48h,,7,PCC,C,3.0129513006293838,0.0,0.06852083337994722,0.5887197852134705,1.149999976158142,121.88174847412108,0.23101766407489777
observed_test,v2_2018_420_48h,,8,PCC,A,2.7649040079514635,0.0,0.13574583885761407,0.41616514325141907,1.149999976158142,121.88174847412108,0.23152799904346466
observed_test,v2_2018_420_48h,,8,PCC,B,2.7649040079514635,0.0,0.13574583885761407,0.41616514325141907,1.149999976158142,121.88174847412108,0.23152799904346466
observed_test,v2_2018_420_48h,,8,PCC,C,2.7649040079514635,0.0,0.13574583885761407,0.41616514325141907,1.149999976158142,121.88174847412108,0.23152799904346466
observed_test,v2_2018_420_48h,,9,PCC,A,2.9051724072175276,0.0,0.16797917106976876,0.5137431621551514,1.149999976158142,121.88174847412108,0.23072364926338196
observed_test,v2_2018_420_48h,,9,PCC,B,2.9051724072175276,0.0,0.16797917106976876,0.5137431621551514,1.149999976158142,121.88174847412108,0.23072364926338196
observed_test,v2_2018_420_48h,,9,PCC,C,2.9051724072175276,0.0,0.16797917106976876,0.5137431621551514,1.149999976158142,121.88174847412108,0.23072364926338196
observed_test,v2_2018_420_48h,,10,PCC,A,2.6904467608222724,0.0,0.33815832665333373,0.3643687963485718,1.149999976158142,53.24800137329102,0.23165099322795868
observed_test,v2_2018_420_48h,,10,PCC,B,2.6904467608222724,0.0,0.33815832665333373,0.3643687963485718,1.149999976158142,53.24800137329102,0.23165099322795868
observed_test,v2_2018_420_48h,,10,PCC,C,2.6904467608222724,0.0,0.33815832665333373,0.3643687963485718,1.149999976158142,53.24800137329102,0.23165099322795868
observed_test,v2_2018_420_48h,,11,PCC,A,2.686130632121376,0.0,0.10508750207149065,0.36136627197265625,1.149999976158142,53.24800137329102,0.23457318544387817
observed_test,v2_2018_420_48h,,11,PCC,B,2.686130632121376,0.0,0.10508750207149065,0.36136627197265625,1.149999976158142,53.24800137329102,0.23457318544387817
observed_test,v2_2018_420_48h,,11,PCC,C,2.686130632121376,0.0,0.10508750207149065,0.36136627197265625,1.149999976158142,53.24800137329102,0.23457318544387817
observed_test,v2_2018_420_48h,,12,PCC,A,2.940481482794702,0.0,0.2691791607783391,0.5383059978485107,1.149999976158142,34.72425106811524,0.23091533780097961
observed_test,v2_2018_420_48h,,12,PCC,B,2.940481482794702,0.0,0.2691791607783391,0.5383059978485107,1.149999976158142,34.72425106811524,0.23091533780097961
observed_test,v2_2018_420_48h,,12,PCC,C,2.940481482794702,0.0,0.2691791607783391,0.5383059978485107,1.149999976158142,34.72425106811524,0.23091533780097961
observed_test,v2_2018_420_48h,,13,PCC,A,3.033735447282245,0.0,0.22187916418680775,0.6031783223152161,1.149999976158142,34.72425106811524,0.21288548409938812
observed_test,v2_2018_420_48h,,13,PCC,B,3.033735447282245,0.0,0.22187916418680775,0.6031783223152161,1.149999976158142,34.72425106811524,0.21288548409938812
observed_test,v2_2018_420_48h,,13,PCC,C,3.033735447282245,0.0,0.22187916418680775,0.6031783223152161,1.149999976158142,34.72425106811524,0.21288548409938812
observed_test,v2_2018_420_48h,,14,PCC,A,3.1232014249141358,0.0,0.20460416204654253,0.6654155254364014,1.149999976158142,34.72425106811524,0.20542694628238678
observed_test,v2_2018_420_48h,,14,PCC,B,3.1232014249141358,0.0,0.20460416204654253,0.6654155254364014,1.149999976158142,34.72425106811524,0.20542694628238678
observed_test,v2_2018_420_48h,,14,PCC,C,3.1232014249141358,0.0,0.20460416204654253,0.6654155254364014,1.149999976158142,34.72425106811524,0.20542694628238678
observed_test,v2_2018_420_48h,,15,PCC,A,2.915610662966831,0.0,0.2502041653944896,0.5210045576095581,1.149999976158142,34.72425106811524,0.19815398752689362
observed_test,v2_2018_420_48h,,15,PCC,B,2.915610662966831,0.0,0.2502041653944896,0.5210045576095581,1.149999976158142,34.72425106811524,0.19815398752689362
observed_test,v2_2018_420_48h,,15,PCC,C,2.915610662966831,0.0,0.2502041653944896,0.5210045576095581,1.149999976158142,34.72425106811524,0.19815398752689362
observed_test,v2_2018_420_48h,,16,PCC,A,2.9761405680146122,0.0,0.03888749947341589,0.5631123185157776,1.149999976158142,53.24800137329102,0.2050570547580719
observed_test,v2_2018_420_48h,,16,PCC,B,2.9761405680146122,0.0,0.03888749947341589,0.5631123185157776,1.149999976158142,53.24800137329102,0.2050570547580719
observed_test,v2_2018_420_48h,,16,PCC,C,2.9761405680146122,0.0,0.03888749947341589,0.5631123185157776,1.149999976158142,53.24800137329102,0.2050570547580719
observed_test,v2_2018_420_48h,,17,PCC,A,2.912059071852747,0.0,0.06270416510792878,0.5185338854789734,1.149999976158142,53.24800137329102,0.2133883535861969
observed_test,v2_2018_420_48h,,17,PCC,B,2.912059071852747,0.0,0.06270416510792878,0.5185338854789734,1.149999976158142,53.24800137329102,0.2133883535861969
observed_test,v2_2018_420_48h,,17,PCC,C,2.912059071852747,0.0,0.06270416510792878,0.5185338854789734,1.149999976158142,53.24800137329102,0.2133883535861969
observed_test,v2_2018_420_48h,,18,PCC,A,2.888165108802557,0.0,0.02548333364897049,0.501911997795105,1.149999976158142,53.24800137329102,0.21700935065746307
observed_test,v2_2018_420_48h,,18,PCC,B,2.888165108802557,0.0,0.02548333364897049,0.501911997795105,1.149999976158142,53.24800137329102,0.21700935065746307
observed_test,v2_2018_420_48h,,18,PCC,C,2.888165108802557,0.0,0.02548333364897049,0.501911997795105,1.149999976158142,53.24800137329102,0.21700935065746307
observed_test,v2_2018_420_48h,,19,PCC,A,2.9849615821466244,0.0,0.0,0.5692486763000488,1.149999976158142,53.24800137329102,0.2190818190574646
observed_test,v2_2018_420_48h,,19,PCC,B,2.9849615821466244,0.0,0.0,0.5692486763000488,1.149999976158142,53.24800137329102,0.2190818190574646
observed_test,v2_2018_420_48h,,19,PCC,C,2.9849615821466244,0.0,0.0,0.5692486763000488,1.149999976158142,53.24800137329102,0.2190818190574646
observed_test,v2_2018_420_48h,,20,PCC,A,2.825617614510635,0.0,0.0,0.458400696516037,1.149999976158142,53.24800137329102,0.22499531507492065
observed_test,v2_2018_420_48h,,20,PCC,B,2.825617614510635,0.0,0.0,0.458400696516037,1.149999976158142,53.24800137329102,0.22499531507492065
observed_test,v2_2018_420_48h,,20,PCC,C,2.825617614510635,0.0,0.0,0.458400696516037,1.149999976158142,53.24800137329102,0.22499531507492065
observed_test,v2_2018_420_48h,,21,PCC,A,2.740638571998929,0.0,0.0,0.39928483963012695,1.149999976158142,53.24800137329102,0.2404138743877411
observed_test,v2_2018_420_48h,,21,PCC,B,2.740638571998929,0.0,0.0,0.39928483963012695,1.149999976158142,53.24800137329102,0.2404138743877411
observed_test,v2_2018_420_48h,,21,PCC,C,2.740638571998929,0.0,0.0,0.39928483963012695,1.149999976158142,53.24800137329102,0.2404138743877411
observed_test,v2_2018_420_48h,,22,PCC,A,2.689500792288461,0.0,0.0,0.3637107312679291,1.149999976158142,53.24800137329102,0.26650428771972656
observed_test,v2_2018_420_48h,,22,PCC,B,2.689500792288461,0.0,0.0,0.3637107312679291,1.149999976158142,53.24800137329102,0.26650428771972656
observed_test,v2_2018_420_48h,,22,PCC,C,2.689500792288461,0.0,0.0,0.3637107312679291,1.149999976158142,53.24800137329102,0.26650428771972656
observed_test,v2_2018_420_48h,,23,PCC,A,2.666340906989589,0.0,0.0,0.34759950637817383,1.149999976158142,53.24800137329102,0.27035894989967346
observed_test,v2_2018_420_48h,,23,PCC,B,2.666340906989589,0.0,0.0,0.34759950637817383,1.149999976158142,53.24800137329102,0.27035894989967346
observed_test,v2_2018_420_48h,,23,PCC,C,2.666340906989589,0.0,0.0,0.34759950637817383,1.149999976158142,53.24800137329102,0.27035894989967346
observed_test,v2_2018_420_48h,,24,PCC,A,2.589738233557025,0.0,0.0,0.29431068897247314,1.149999976158142,53.24800137329102,0.27021366357803345
observed_test,v2_2018_420_48h,,24,PCC,B,2.589738233557025,0.0,0.0,0.29431068897247314,1.149999976158142,53.24800137329102,0.27021366357803345
observed_test,v2_2018_420_48h,,24,PCC,C,2.589738233557025,0.0,0.0,0.29431068897247314,1.149999976158142,53.24800137329102,0.27021366357803345
observed_test,v2_2018_420_48h,,25,PCC,A,2.6237012928594003,0.0,0.0,0.3179371654987335,1.149999976158142,34.72425106811524,0.2689494490623474
observed_test,v2_2018_420_48h,,25,PCC,B,2.6237012928594003,0.0,0.0,0.3179371654987335,1.149999976158142,34.72425106811524,0.2689494490623474
observed_test,v2_2018_420_48h,,25,PCC,C,2.6237012928594003,0.0,0.0,0.3179371654987335,1.149999976158142,34.72425106811524,0.2689494490623474
observed_test,v2_2018_420_48h,,26,PCC,A,2.4875831211508435,0.0,0.0,0.2232462614774704,1.149999976158142,34.72425106811524,0.28191912174224854
observed_test,v2_2018_420_48h,,26,PCC,B,2.4875831211508435,0.0,0.0,0.2232462614774704,1.149999976158142,34.72425106811524,0.28191912174224854
observed_test,v2_2018_420_48h,,26,PCC,C,2.4875831211508435,0.0,0.0,0.2232462614774704,1.149999976158142,34.72425106811524,0.28191912174224854
observed_test,v2_2018_420_48h,,27,PCC,A,2.5452259178952694,0.0,0.0,0.2633455991744995,1.149999976158142,53.24800137329102,0.28874415159225464
observed_test,v2_2018_420_48h,,27,PCC,B,2.5452259178952694,0.0,0.0,0.2633455991744995,1.149999976158142,53.24800137329102,0.28874415159225464
observed_test,v2_2018_420_48h,,27,PCC,C,2.5452259178952694,0.0,0.0,0.2633455991744995,1.149999976158142,53.24800137329102,0.28874415159225464
observed_test,v2_2018_420_48h,,28,PCC,A,2.6066056994782514,0.0,0.0,0.3060445785522461,1.149999976158142,53.24800137329102,0.2743911147117615
observed_test,v2_2018_420_48h,,28,PCC,B,2.6066056994782514,0.0,0.0,0.3060445785522461,1.149999976158142,53.24800137329102,0.2743911147117615
observed_test,v2_2018_420_48h,,28,PCC,C,2.6066056994782514,0.0,0.0,0.3060445785522461,1.149999976158142,53.24800137329102,0.2743911147117615
observed_test,v2_2018_420_48h,,29,PCC,A,2.5763726205374935,0.0,0.0,0.2850128710269928,1.149999976158142,53.24800137329102,0.2756700813770294
observed_test,v2_2018_420_48h,,29,PCC,B,2.5763726205374935,0.0,0.0,0.2850128710269928,1.149999976158142,53.24800137329102,0.2756700813770294
observed_test,v2_2018_420_48h,,29,PCC,C,2.5763726205374935,0.0,0.0,0.2850128710269928,1.149999976158142,53.24800137329102,0.2756700813770294
observed_test,v2_2018_420_48h,,30,PCC,A,2.7605416539868575,0.0,0.007033333307705246,0.4131304621696472,1.149999976158142,121.88174847412108,0.2627776861190796
observed_test,v2_2018_420_48h,,30,PCC,B,2.7605416539868575,0.0,0.007033333307705246,0.4131304621696472,1.149999976158142,121.88174847412108,0.2627776861190796
observed_test,v2_2018_420_48h,,30,PCC,C,2.7605416539868575,0.0,0.007033333307705246,0.4131304621696472,1.149999976158142,121.88174847412108,0.2627776861190796
observed_test,v2_2018_420_48h,,31,PCC,A,3.0129513006293838,0.0,0.044374998945456275,0.5887197852134705,1.149999976158142,121.88174847412108,0.24996161460876465
observed_test,v2_2018_420_48h,,31,PCC,B,3.0129513006293838,0.0,0.044374998945456275,0.5887197852134705,1.149999976158142,121.88174847412108,0.24996161460876465
observed_test,v2_2018_420_48h,,31,PCC,C,3.0129513006293838,0.0,0.044374998945456275,0.5887197852134705,1.149999976158142,121.88174847412108,0.24996161460876465
observed_test,v2_2018_420_48h,,32,PCC,A,2.7649040079514635,0.0,0.07812083483888552,0.41616514325141907,1.149999976158142,121.88174847412108,0.24707892537117004
observed_test,v2_2018_420_48h,,32,PCC,B,2.7649040079514635,0.0,0.07812083483888552,0.41616514325141907,1.149999976158142,121.88174847412108,0.24707892537117004
observed_test,v2_2018_420_48h,,32,PCC,C,2.7649040079514635,0.0,0.07812083483888552,0.41616514325141907,1.149999976158142,121.88174847412108,0.24707892537117004
observed_test,v2_2018_420_48h,,33,PCC,A,2.9051724072175276,0.0,0.1453249930189206,0.5137431621551514,1.149999976158142,121.88174847412108,0.2489013671875
observed_test,v2_2018_420_48h,,33,PCC,B,2.9051724072175276,0.0,0.1453249930189206,0.5137431621551514,1.149999976158142,121.88174847412108,0.2489013671875
observed_test,v2_2018_420_48h,,33,PCC,C,2.9051724072175276,0.0,0.1453249930189206,0.5137431621551514,1.149999976158142,121.88174847412108,0.2489013671875
observed_test,v2_2018_420_48h,,34,PCC,A,2.6904467608222724,0.0,0.14801250340846867,0.3643687963485718,1.149999976158142,53.24800137329102,0.25076907873153687
observed_test,v2_2018_420_48h,,34,PCC,B,2.6904467608222724,0.0,0.14801250340846867,0.3643687963485718,1.149999976158142,53.24800137329102,0.25076907873153687
observed_test,v2_2018_420_48h,,34,PCC,C,2.6904467608222724,0.0,0.14801250340846867,0.3643687963485718,1.149999976158142,53.24800137329102,0.25076907873153687
observed_test,v2_2018_420_48h,,35,PCC,A,2.686130632121376,0.0,0.1259541712128199,0.36136627197265625,1.149999976158142,53.24800137329102,0.25952115654945374
observed_test,v2_2018_420_48h,,35,PCC,B,2.686130632121376,0.0,0.1259541712128199,0.36136627197265625,1.149999976158142,53.24800137329102,0.25952115654945374
observed_test,v2_2018_420_48h,,35,PCC,C,2.686130632121376,0.0,0.1259541712128199,0.36136627197265625,1.149999976158142,53.24800137329102,0.25952115654945374
observed_test,v2_2018_420_48h,,36,PCC,A,2.940481482794702,0.0,0.10593749869328278,0.5383059978485107,1.149999976158142,34.72425106811524,0.27041664719581604
observed_test,v2_2018_420_48h,,36,PCC,B,2.940481482794702,0.0,0.10593749869328278,0.5383059978485107,1.149999976158142,34.72425106811524,0.27041664719581604
observed_test,v2_2018_420_48h,,36,PCC,C,2.940481482794702,0.0,0.10593749869328278,0.5383059978485107,1.149999976158142,34.72425106811524,0.27041664719581604
observed_test,v2_2018_420_48h,,37,PCC,A,3.033735447282245,0.0,0.11478749891886343,0.6031783223152161,1.149999976158142,34.72425106811524,0.2573597729206085
observed_test,v2_2018_420_48h,,37,PCC,B,3.033735447282245,0.0,0.11478749891886343,0.6031783223152161,1.149999976158142,34.72425106811524,0.2573597729206085
observed_test,v2_2018_420_48h,,37,PCC,C,3.033735447282245,0.0,0.11478749891886343,0.6031783223152161,1.149999976158142,34.72425106811524,0.2573597729206085
observed_test,v2_2018_420_48h,,38,PCC,A,3.1232014249141358,0.0,0.13570417291842973,0.6654155254364014,1.149999976158142,34.72425106811524,0.2475329339504242
observed_test,v2_2018_420_48h,,38,PCC,B,3.1232014249141358,0.0,0.13570417291842973,0.6654155254364014,1.149999976158142,34.72425106811524,0.2475329339504242
observed_test,v2_2018_420_48h,,38,PCC,C,3.1232014249141358,0.0,0.13570417291842973,0.6654155254364014,1.149999976158142,34.72425106811524,0.2475329339504242
observed_test,v2_2018_420_48h,,39,PCC,A,2.915610662966831,0.0,0.09556667019541447,0.5210045576095581,1.149999976158142,34.72425106811524,0.24321039021015167
observed_test,v2_2018_420_48h,,39,PCC,B,2.915610662966831,0.0,0.09556667019541447,0.5210045576095581,1.149999976158142,34.72425106811524,0.24321039021015167
observed_test,v2_2018_420_48h,,39,PCC,C,2.915610662966831,0.0,0.09556667019541447,0.5210045576095581,1.149999976158142,34.72425106811524,0.24321039021015167
observed_test,v2_2018_420_48h,,40,PCC,A,2.9761405680146122,0.0,0.1675708362689385,0.5631123185157776,1.149999976158142,53.24800137329102,0.2491816133260727
observed_test,v2_2018_420_48h,,40,PCC,B,2.9761405680146122,0.0,0.1675708362689385,0.5631123185157776,1.149999976158142,53.24800137329102,0.2491816133260727
observed_test,v2_2018_420_48h,,40,PCC,C,2.9761405680146122,0.0,0.1675708362689385,0.5631123185157776,1.149999976158142,53.24800137329102,0.2491816133260727
observed_test,v2_2018_420_48h,,41,PCC,A,2.912059071852747,0.0,0.08465417016011018,0.5185338854789734,1.149999976158142,53.24800137329102,0.2657085955142975
observed_test,v2_2018_420_48h,,41,PCC,B,2.912059071852747,0.0,0.08465417016011018,0.5185338854789734,1.149999976158142,53.24800137329102,0.2657085955142975
observed_test,v2_2018_420_48h,,41,PCC,C,2.912059071852747,0.0,0.08465417016011018,0.5185338854789734,1.149999976158142,53.24800137329102,0.2657085955142975
observed_test,v2_2018_420_48h,,42,PCC,A,2.888165108802557,0.0,0.004045833170843812,0.501911997795105,1.149999976158142,53.24800137329102,0.28442761301994324
observed_test,v2_2018_420_48h,,42,PCC,B,2.888165108802557,0.0,0.004045833170843812,0.501911997795105,1.149999976158142,53.24800137329102,0.28442761301994324
observed_test,v2_2018_420_48h,,42,PCC,C,2.888165108802557,0.0,0.004045833170843812,0.501911997795105,1.149999976158142,53.24800137329102,0.28442761301994324
observed_test,v2_2018_420_48h,,43,PCC,A,2.9849615821466244,0.0,0.0,0.5692486763000488,1.149999976158142,53.24800137329102,0.30174151062965393
observed_test,v2_2018_420_48h,,43,PCC,B,2.9849615821466244,0.0,0.0,0.5692486763000488,1.149999976158142,53.24800137329102,0.30174151062965393
observed_test,v2_2018_420_48h,,43,PCC,C,2.9849615821466244,0.0,0.0,0.5692486763000488,1.149999976158142,53.24800137329102,0.30174151062965393
observed_test,v2_2018_420_48h,,44,PCC,A,2.825617614510635,0.0,0.0,0.458400696516037,1.149999976158142,53.24800137329102,0.31503793597221375
observed_test,v2_2018_420_48h,,44,PCC,B,2.825617614510635,0.0,0.0,0.458400696516037,1.149999976158142,53.24800137329102,0.31503793597221375
observed_test,v2_2018_420_48h,,44,PCC,C,2.825617614510635,0.0,0.0,0.458400696516037,1.149999976158142,53.24800137329102,0.31503793597221375
observed_test,v2_2018_420_48h,,45,PCC,A,2.740638571998929,0.0,0.0,0.39928483963012695,1.149999976158142,53.24800137329102,0.3256334662437439
observed_test,v2_2018_420_48h,,45,PCC,B,2.740638571998929,0.0,0.0,0.39928483963012695,1.149999976158142,53.24800137329102,0.3256334662437439
observed_test,v2_2018_420_48h,,45,PCC,C,2.740638571998929,0.0,0.0,0.39928483963012695,1.149999976158142,53.24800137329102,0.3256334662437439
observed_test,v2_2018_420_48h,,46,PCC,A,2.689500792288461,0.0,0.0,0.3637107312679291,1.149999976158142,53.24800137329102,0.3141850531101227
observed_test,v2_2018_420_48h,,46,PCC,B,2.689500792288461,0.0,0.0,0.3637107312679291,1.149999976158142,53.24800137329102,0.3141850531101227
observed_test,v2_2018_420_48h,,46,PCC,C,2.689500792288461,0.0,0.0,0.3637107312679291,1.149999976158142,53.24800137329102,0.3141850531101227
observed_test,v2_2018_420_48h,,47,PCC,A,2.666340906989589,0.0,0.0,0.34759950637817383,1.149999976158142,53.24800137329102,0.30580610036849976
observed_test,v2_2018_420_48h,,47,PCC,B,2.666340906989589,0.0,0.0,0.34759950637817383,1.149999976158142,53.24800137329102,0.30580610036849976
observed_test,v2_2018_420_48h,,47,PCC,C,2.666340906989589,0.0,0.0,0.34759950637817383,1.149999976158142,53.24800137329102,0.30580610036849976
observed_test,v2_2018_517_48h,,0,PCC,A,2.589738233557025,0.0,0.0,0.29431068897247314,1.149999976158142,53.24800137329102,0.31878119707107544
observed_test,v2_2018_517_48h,,0,PCC,B,2.589738233557025,0.0,0.0,0.29431068897247314,1.149999976158142,53.24800137329102,0.31878119707107544
observed_test,v2_2018_517_48h,,0,PCC,C,2.589738233557025,0.0,0.0,0.29431068897247314,1.149999976158142,53.24800137329102,0.31878119707107544
observed_test,v2_2018_517_48h,,1,PCC,A,2.6237012928594003,0.0,0.0,0.3179371654987335,1.149999976158142,53.24800137329102,0.32118916511535645
observed_test,v2_2018_517_48h,,1,PCC,B,2.6237012928594003,0.0,0.0,0.3179371654987335,1.149999976158142,53.24800137329102,0.32118916511535645
observed_test,v2_2018_517_48h,,1,PCC,C,2.6237012928594003,0.0,0.0,0.3179371654987335,1.149999976158142,53.24800137329102,0.32118916511535645
observed_test,v2_2018_517_48h,,2,PCC,A,2.4875831211508435,0.0,0.0,0.2232462614774704,1.149999976158142,53.24800137329102,0.33704617619514465
observed_test,v2_2018_517_48h,,2,PCC,B,2.4875831211508435,0.0,0.0,0.2232462614774704,1.149999976158142,53.24800137329102,0.33704617619514465
observed_test,v2_2018_517_48h,,2,PCC,C,2.4875831211508435,0.0,0.0,0.2232462614774704,1.149999976158142,53.24800137329102,0.33704617619514465
observed_test,v2_2018_517_48h,,3,PCC,A,2.5452259178952694,0.0,0.0,0.2633455991744995,1.149999976158142,53.24800137329102,0.3459780812263489
observed_test,v2_2018_517_48h,,3,PCC,B,2.5452259178952694,0.0,0.0,0.2633455991744995,1.149999976158142,53.24800137329102,0.3459780812263489
observed_test,v2_2018_517_48h,,3,PCC,C,2.5452259178952694,0.0,0.0,0.2633455991744995,1.149999976158142,53.24800137329102,0.3459780812263489
observed_test,v2_2018_517_48h,,4,PCC,A,2.6066056994782514,0.0,0.0,0.3060445785522461,1.149999976158142,53.24800137329102,0.317017138004303
observed_test,v2_2018_517_48h,,4,PCC,B,2.6066056994782514,0.0,0.0,0.3060445785522461,1.149999976158142,53.24800137329102,0.317017138004303
observed_test,v2_2018_517_48h,,4,PCC,C,2.6066056994782514,0.0,0.0,0.3060445785522461,1.149999976158142,53.24800137329102,0.317017138004303
observed_test,v2_2018_517_48h,,5,PCC,A,2.5763726205374935,0.0,0.0,0.2850128710269928,1.149999976158142,53.24800137329102,0.2949502170085907
observed_test,v2_2018_517_48h,,5,PCC,B,2.5763726205374935,0.0,0.0,0.2850128710269928,1.149999976158142,53.24800137329102,0.2949502170085907
observed_test,v2_2018_517_48h,,5,PCC,C,2.5763726205374935,0.0,0.0,0.2850128710269928,1.149999976158142,53.24800137329102,0.2949502170085907
observed_test,v2_2018_517_48h,,6,PCC,A,2.7605416539868575,0.0,0.0,0.4131304621696472,1.149999976158142,53.24800137329102,0.2756158411502838
observed_test,v2_2018_517_48h,,6,PCC,B,2.7605416539868575,0.0,0.0,0.4131304621696472,1.149999976158142,53.24800137329102,0.2756158411502838
observed_test,v2_2018_517_48h,,6,PCC,C,2.7605416539868575,0.0,0.0,0.4131304621696472,1.149999976158142,53.24800137329102,0.2756158411502838
observed_test,v2_2018_517_48h,,7,PCC,A,3.0129513006293838,0.0,0.19284582768495265,0.5887197852134705,1.149999976158142,53.24800137329102,0.2672480344772339
observed_test,v2_2018_517_48h,,7,PCC,B,3.0129513006293838,0.0,0.19284582768495265,0.5887197852134705,1.149999976158142,53.24800137329102,0.2672480344772339
observed_test,v2_2018_517_48h,,7,PCC,C,3.0129513006293838,0.0,0.19284582768495265,0.5887197852134705,1.149999976158142,53.24800137329102,0.2672480344772339
observed_test,v2_2018_517_48h,,8,PCC,A,2.7649040079514635,0.0,0.6171041383193089,0.41616514325141907,1.149999976158142,53.24800137329102,0.2666736841201782
observed_test,v2_2018_517_48h,,8,PCC,B,2.7649040079514635,0.0,0.6171041383193089,0.41616514325141907,1.149999976158142,53.24800137329102,0.2666736841201782
observed_test,v2_2018_517_48h,,8,PCC,C,2.7649040079514635,0.0,0.6171041383193089,0.41616514325141907,1.149999976158142,53.24800137329102,0.2666736841201782
observed_test,v2_2018_517_48h,,9,PCC,A,2.9051724072175276,0.0,0.9328333231119008,0.5137431621551514,1.149999976158142,53.24800137329102,0.27404993772506714
observed_test,v2_2018_517_48h,,9,PCC,B,2.9051724072175276,0.0,0.9328333231119008,0.5137431621551514,1.149999976158142,53.24800137329102,0.27404993772506714
observed_test,v2_2018_517_48h,,9,PCC,C,2.9051724072175276,0.0,0.9328333231119008,0.5137431621551514,1.149999976158142,53.24800137329102,0.27404993772506714
observed_test,v2_2018_517_48h,,10,PCC,A,2.6904467608222724,0.0,1.128175052312704,0.3643687963485718,1.149999976158142,53.24800137329102,0.28345242142677307
observed_test,v2_2018_517_48h,,10,PCC,B,2.6904467608222724,0.0,1.128175052312704,0.3643687963485718,1.149999976158142,53.24800137329102,0.28345242142677307
observed_test,v2_2018_517_48h,,10,PCC,C,2.6904467608222724,0.0,1.128175052312704,0.3643687963485718,1.149999976158142,53.24800137329102,0.28345242142677307
observed_test,v2_2018_517_48h,,11,PCC,A,2.686130632121376,0.0,1.2329041957855222,0.36136627197265625,1.149999976158142,53.24800137329102,0.31401392817497253
observed_test,v2_2018_517_48h,,11,PCC,B,2.686130632121376,0.0,1.2329041957855222,0.36136627197265625,1.149999976158142,53.24800137329102,0.31401392817497253
observed_test,v2_2018_517_48h,,11,PCC,C,2.686130632121376,0.0,1.2329041957855222,0.36136627197265625,1.149999976158142,53.24800137329102,0.31401392817497253
observed_test,v2_2018_517_48h,,12,PCC,A,2.940481482794702,0.0,1.240691657249744,0.5383059978485107,1.149999976158142,53.24800137329102,0.33215922117233276
observed_test,v2_2018_517_48h,,12,PCC,B,2.940481482794702,0.0,1.240691657249744,0.5383059978485107,1.149999976158142,53.24800137329102,0.33215922117233276
observed_test,v2_2018_517_48h,,12,PCC,C,2.940481482794702,0.0,1.240691657249744,0.5383059978485107,1.149999976158142,53.24800137329102,0.33215922117233276
observed_test,v2_2018_517_48h,,13,PCC,A,3.033735447282245,0.0,1.1512124767670264,0.6031783223152161,1.149999976158142,53.24800137329102,0.34412243962287903
observed_test,v2_2018_517_48h,,13,PCC,B,3.033735447282245,0.0,1.1512124767670264,0.6031783223152161,1.149999976158142,53.24800137329102,0.34412243962287903
observed_test,v2_2018_517_48h,,13,PCC,C,3.033735447282245,0.0,1.1512124767670264,0.6031783223152161,1.149999976158142,53.24800137329102,0.34412243962287903
observed_test,v2_2018_517_48h,,14,PCC,A,3.1232014249141358,0.0,0.9769875269669752,0.6654155254364014,1.149999976158142,53.24800137329102,0.3076339364051819
observed_test,v2_2018_517_48h,,14,PCC,B,3.1232014249141358,0.0,0.9769875269669752,0.6654155254364014,1.149999976158142,53.24800137329102,0.3076339364051819
observed_test,v2_2018_517_48h,,14,PCC,C,3.1232014249141358,0.0,0.9769875269669752,0.6654155254364014,1.149999976158142,53.24800137329102,0.3076339364051819
observed_test,v2_2018_517_48h,,15,PCC,A,2.915610662966831,0.0,0.712874990243178,0.5210045576095581,1.149999976158142,53.24800137329102,0.2615348994731903
observed_test,v2_2018_517_48h,,15,PCC,B,2.915610662966831,0.0,0.712874990243178,0.5210045576095581,1.149999976158142,53.24800137329102,0.2615348994731903
observed_test,v2_2018_517_48h,,15,PCC,C,2.915610662966831,0.0,0.712874990243178,0.5210045576095581,1.149999976158142,53.24800137329102,0.2615348994731903
observed_test,v2_2018_517_48h,,16,PCC,A,2.9761405680146122,0.0,0.34545416442247534,0.5631123185157776,1.149999976158142,53.24800137329102,0.24569140374660492
observed_test,v2_2018_517_48h,,16,PCC,B,2.9761405680146122,0.0,0.34545416442247534,0.5631123185157776,1.149999976158142,53.24800137329102,0.24569140374660492
observed_test,v2_2018_517_48h,,16,PCC,C,2.9761405680146122,0.0,0.34545416442247534,0.5631123185157776,1.149999976158142,53.24800137329102,0.24569140374660492
observed_test,v2_2018_517_48h,,17,PCC,A,2.912059071852747,0.0,0.012487499938847927,0.5185338854789734,1.149999976158142,53.24800137329102,0.2300431877374649
observed_test,v2_2018_517_48h,,17,PCC,B,2.912059071852747,0.0,0.012487499938847927,0.5185338854789734,1.149999976158142,53.24800137329102,0.2300431877374649
observed_test,v2_2018_517_48h,,17,PCC,C,2.912059071852747,0.0,0.012487499938847927,0.5185338854789734,1.149999976158142,53.24800137329102,0.2300431877374649
observed_test,v2_2018_517_48h,,18,PCC,A,2.888165108802557,0.0,0.0,0.501911997795105,1.149999976158142,53.24800137329102,0.22895246744155884
observed_test,v2_2018_517_48h,,18,PCC,B,2.888165108802557,0.0,0.0,0.501911997795105,1.149999976158142,53.24800137329102,0.22895246744155884
observed_test,v2_2018_517_48h,,18,PCC,C,2.888165108802557,0.0,0.0,0.501911997795105,1.149999976158142,53.24800137329102,0.22895246744155884
observed_test,v2_2018_517_48h,,19,PCC,A,2.9849615821466244,0.0,0.0,0.5692486763000488,1.149999976158142,53.24800137329102,0.24547912180423737
observed_test,v2_2018_517_48h,,19,PCC,B,2.9849615821466244,0.0,0.0,0.5692486763000488,1.149999976158142,53.24800137329102,0.24547912180423737
observed_test,v2_2018_517_48h,,19,PCC,C,2.9849615821466244,0.0,0.0,0.5692486763000488,1.149999976158142,53.24800137329102,0.24547912180423737
observed_test,v2_2018_517_48h,,20,PCC,A,2.825617614510635,0.0,0.0,0.458400696516037,1.149999976158142,53.24800137329102,0.2775125801563263
observed_test,v2_2018_517_48h,,20,PCC,B,2.825617614510635,0.0,0.0,0.458400696516037,1.149999976158142,53.24800137329102,0.2775125801563263
observed_test,v2_2018_517_48h,,20,PCC,C,2.825617614510635,0.0,0.0,0.458400696516037,1.149999976158142,53.24800137329102,0.2775125801563263
observed_test,v2_2018_517_48h,,21,PCC,A,2.740638571998929,0.0,0.0,0.39928483963012695,1.149999976158142,53.24800137329102,0.329254686832428
observed_test,v2_2018_517_48h,,21,PCC,B,2.740638571998929,0.0,0.0,0.39928483963012695,1.149999976158142,53.24800137329102,0.329254686832428
observed_test,v2_2018_517_48h,,21,PCC,C,2.740638571998929,0.0,0.0,0.39928483963012695,1.149999976158142,53.24800137329102,0.329254686832428
observed_test,v2_2018_517_48h,,22,PCC,A,2.689500792288461,0.0,0.0,0.3637107312679291,1.149999976158142,53.24800137329102,0.34110918641090393
observed_test,v2_2018_517_48h,,22,PCC,B,2.689500792288461,0.0,0.0,0.3637107312679291,1.149999976158142,53.24800137329102,0.34110918641090393
observed_test,v2_2018_517_48h,,22,PCC,C,2.689500792288461,0.0,0.0,0.3637107312679291,1.149999976158142,53.24800137329102,0.34110918641090393
observed_test,v2_2018_517_48h,,23,PCC,A,2.666340906989589,0.0,0.0,0.34759950637817383,1.149999976158142,53.24800137329102,0.32101884484291077
observed_test,v2_2018_517_48h,,23,PCC,B,2.666340906989589,0.0,0.0,0.34759950637817383,1.149999976158142,53.24800137329102,0.32101884484291077
observed_test,v2_2018_517_48h,,23,PCC,C,2.666340906989589,0.0,0.0,0.34759950637817383,1.149999976158142,53.24800137329102,0.32101884484291077
observed_test,v2_2018_517_48h,,24,PCC,A,2.589738233557025,0.0,0.0,0.29431068897247314,1.149999976158142,53.24800137329102,0.32471373677253723
observed_test,v2_2018_517_48h,,24,PCC,B,2.589738233557025,0.0,0.0,0.29431068897247314,1.149999976158142,53.24800137329102,0.32471373677253723
observed_test,v2_2018_517_48h,,24,PCC,C,2.589738233557025,0.0,0.0,0.29431068897247314,1.149999976158142,53.24800137329102,0.32471373677253723
observed_test,v2_2018_517_48h,,25,PCC,A,2.6237012928594003,0.0,0.0,0.3179371654987335,1.149999976158142,53.24800137329102,0.31471502780914307
observed_test,v2_2018_517_48h,,25,PCC,B,2.6237012928594003,0.0,0.0,0.3179371654987335,1.149999976158142,53.24800137329102,0.31471502780914307
observed_test,v2_2018_517_48h,,25,PCC,C,2.6237012928594003,0.0,0.0,0.3179371654987335,1.149999976158142,53.24800137329102,0.31471502780914307
observed_test,v2_2018_517_48h,,26,PCC,A,2.4875831211508435,0.0,0.0,0.2232462614774704,1.149999976158142,53.24800137329102,0.3117430806159973
observed_test,v2_2018_517_48h,,26,PCC,B,2.4875831211508435,0.0,0.0,0.2232462614774704,1.149999976158142,53.24800137329102,0.3117430806159973
observed_test,v2_2018_517_48h,,26,PCC,C,2.4875831211508435,0.0,0.0,0.2232462614774704,1.149999976158142,53.24800137329102,0.3117430806159973
observed_test,v2_2018_517_48h,,27,PCC,A,2.5452259178952694,0.0,0.0,0.2633455991744995,1.149999976158142,53.24800137329102,0.32513874769210815
observed_test,v2_2018_517_48h,,27,PCC,B,2.5452259178952694,0.0,0.0,0.2633455991744995,1.149999976158142,53.24800137329102,0.32513874769210815
observed_test,v2_2018_517_48h,,27,PCC,C,2.5452259178952694,0.0,0.0,0.2633455991744995,1.149999976158142,53.24800137329102,0.32513874769210815
observed_test,v2_2018_517_48h,,28,PCC,A,2.6066056994782514,0.0,0.0,0.3060445785522461,1.149999976158142,53.24800137329102,0.3000279366970062
observed_test,v2_2018_517_48h,,28,PCC,B,2.6066056994782514,0.0,0.0,0.3060445785522461,1.149999976158142,53.24800137329102,0.3000279366970062
observed_test,v2_2018_517_48h,,28,PCC,C,2.6066056994782514,0.0,0.0,0.3060445785522461,1.149999976158142,53.24800137329102,0.3000279366970062
observed_test,v2_2018_517_48h,,29,PCC,A,2.5763726205374935,0.0,0.0,0.2850128710269928,1.149999976158142,53.24800137329102,0.268724262714386
observed_test,v2_2018_517_48h,,29,PCC,B,2.5763726205374935,0.0,0.0,0.2850128710269928,1.149999976158142,53.24800137329102,0.268724262714386
observed_test,v2_2018_517_48h,,29,PCC,C,2.5763726205374935,0.0,0.0,0.2850128710269928,1.149999976158142,53.24800137329102,0.268724262714386
observed_test,v2_2018_517_48h,,30,PCC,A,2.7605416539868575,0.0,0.0,0.4131304621696472,1.149999976158142,53.24800137329102,0.2541307210922241
observed_test,v2_2018_517_48h,,30,PCC,B,2.7605416539868575,0.0,0.0,0.4131304621696472,1.149999976158142,53.24800137329102,0.2541307210922241
observed_test,v2_2018_517_48h,,30,PCC,C,2.7605416539868575,0.0,0.0,0.4131304621696472,1.149999976158142,53.24800137329102,0.2541307210922241
observed_test,v2_2018_517_48h,,31,PCC,A,3.0129513006293838,0.0,0.19042916022814235,0.5887197852134705,1.149999976158142,53.24800137329102,0.24084439873695374
observed_test,v2_2018_517_48h,,31,PCC,B,3.0129513006293838,0.0,0.19042916022814235,0.5887197852134705,1.149999976158142,53.24800137329102,0.24084439873695374
observed_test,v2_2018_517_48h,,31,PCC,C,3.0129513006293838,0.0,0.19042916022814235,0.5887197852134705,1.149999976158142,53.24800137329102,0.24084439873695374
observed_test,v2_2018_517_48h,,32,PCC,A,2.7649040079514635,0.0,0.6126333314638871,0.41616514325141907,1.149999976158142,53.24800137329102,0.23771071434020996
observed_test,v2_2018_517_48h,,32,PCC,B,2.7649040079514635,0.0,0.6126333314638871,0.41616514325141907,1.149999976158142,53.24800137329102,0.23771071434020996
observed_test,v2_2018_517_48h,,32,PCC,C,2.7649040079514635,0.0,0.6126333314638871,0.41616514325141907,1.149999976158142,53.24800137329102,0.23771071434020996
observed_test,v2_2018_517_48h,,33,PCC,A,2.9051724072175276,0.0,0.9181874875838939,0.5137431621551514,1.149999976158142,53.24800137329102,0.23814091086387634
observed_test,v2_2018_517_48h,,33,PCC,B,2.9051724072175276,0.0,0.9181874875838939,0.5137431621551514,1.149999976158142,53.24800137329102,0.23814091086387634
observed_test,v2_2018_517_48h,,33,PCC,C,2.9051724072175276,0.0,0.9181874875838939,0.5137431621551514,1.149999976158142,53.24800137329102,0.23814091086387634
observed_test,v2_2018_517_48h,,34,PCC,A,2.6904467608222724,0.0,1.1087750013058002,0.3643687963485718,1.149999976158142,53.24800137329102,0.24649514257907867
observed_test,v2_2018_517_48h,,34,PCC,B,2.6904467608222724,0.0,1.1087750013058002,0.3643687963485718,1.149999976158142,53.24800137329102,0.24649514257907867
observed_test,v2_2018_517_48h,,34,PCC,C,2.6904467608222724,0.0,1.1087750013058002,0.3643687963485718,1.149999976158142,53.24800137329102,0.24649514257907867
observed_test,v2_2018_517_48h,,35,PCC,A,2.686130632121376,0.0,1.199599985892956,0.36136627197265625,1.149999976158142,53.24800137329102,0.28050360083580017
observed_test,v2_2018_517_48h,,35,PCC,B,2.686130632121376,0.0,1.199599985892956,0.36136627197265625,1.149999976158142,53.24800137329102,0.28050360083580017
observed_test,v2_2018_517_48h,,35,PCC,C,2.686130632121376,0.0,1.199599985892956,0.36136627197265625,1.149999976158142,53.24800137329102,0.28050360083580017
observed_test,v2_2018_517_48h,,36,PCC,A,2.940481482794702,0.0,1.124812547977154,0.5383059978485107,1.149999976158142,53.24800137329102,0.29443758726119995
observed_test,v2_2018_517_48h,,36,PCC,B,2.940481482794702,0.0,1.124812547977154,0.5383059978485107,1.149999976158142,53.24800137329102,0.29443758726119995
observed_test,v2_2018_517_48h,,36,PCC,C,2.940481482794702,0.0,1.124812547977154,0.5383059978485107,1.149999976158142,53.24800137329102,0.29443758726119995
observed_test,v2_2018_517_48h,,37,PCC,A,3.033735447282245,0.0,0.8060166468987098,0.6031783223152161,1.149999976158142,53.24800137329102,0.30015167593955994
observed_test,v2_2018_517_48h,,37,PCC,B,3.033735447282245,0.0,0.8060166468987098,0.6031783223152161,1.149999976158142,53.24800137329102,0.30015167593955994
observed_test,v2_2018_517_48h,,37,PCC,C,3.033735447282245,0.0,0.8060166468987098,0.6031783223152161,1.149999976158142,53.24800137329102,0.30015167593955994
observed_test,v2_2018_517_48h,,38,PCC,A,3.1232014249141358,0.0,0.5883000217951261,0.6654155254364014,1.149999976158142,53.24800137329102,0.29042699933052063
observed_test,v2_2018_517_48h,,38,PCC,B,3.1232014249141358,0.0,0.5883000217951261,0.6654155254364014,1.149999976158142,53.24800137329102,0.29042699933052063
observed_test,v2_2018_517_48h,,38,PCC,C,3.1232014249141358,0.0,0.5883000217951261,0.6654155254364014,1.149999976158142,53.24800137329102,0.29042699933052063
observed_test,v2_2018_517_48h,,39,PCC,A,2.915610662966831,0.0,0.3981916663738397,0.5210045576095581,1.149999976158142,53.24800137329102,0.2548181116580963
observed_test,v2_2018_517_48h,,39,PCC,B,2.915610662966831,0.0,0.3981916663738397,0.5210045576095581,1.149999976158142,53.24800137329102,0.2548181116580963
observed_test,v2_2018_517_48h,,39,PCC,C,2.915610662966831,0.0,0.3981916663738397,0.5210045576095581,1.149999976158142,53.24800137329102,0.2548181116580963
observed_test,v2_2018_517_48h,,40,PCC,A,2.9761405680146122,0.0,0.18224999881707704,0.5631123185157776,1.149999976158142,53.24800137329102,0.24578242003917694
observed_test,v2_2018_517_48h,,40,PCC,B,2.9761405680146122,0.0,0.18224999881707704,0.5631123185157776,1.149999976158142,53.24800137329102,0.24578242003917694
observed_test,v2_2018_517_48h,,40,PCC,C,2.9761405680146122,0.0,0.18224999881707704,0.5631123185157776,1.149999976158142,53.24800137329102,0.24578242003917694
observed_test,v2_2018_517_48h,,41,PCC,A,2.912059071852747,0.0,0.0,0.5185338854789734,1.149999976158142,53.24800137329102,0.25222280621528625
observed_test,v2_2018_517_48h,,41,PCC,B,2.912059071852747,0.0,0.0,0.5185338854789734,1.149999976158142,53.24800137329102,0.25222280621528625
observed_test,v2_2018_517_48h,,41,PCC,C,2.912059071852747,0.0,0.0,0.5185338854789734,1.149999976158142,53.24800137329102,0.25222280621528625
observed_test,v2_2018_517_48h,,42,PCC,A,2.888165108802557,0.0,0.0,0.501911997795105,1.149999976158142,53.24800137329102,0.260084331035614
observed_test,v2_2018_517_48h,,42,PCC,B,2.888165108802557,0.0,0.0,0.501911997795105,1.149999976158142,53.24800137329102,0.260084331035614
observed_test,v2_2018_517_48h,,42,PCC,C,2.888165108802557,0.0,0.0,0.501911997795105,1.149999976158142,53.24800137329102,0.260084331035614
observed_test,v2_2018_517_48h,,43,PCC,A,2.9849615821466244,0.0,0.0,0.5692486763000488,1.149999976158142,53.24800137329102,0.2643398344516754
observed_test,v2_2018_517_48h,,43,PCC,B,2.9849615821466244,0.0,0.0,0.5692486763000488,1.149999976158142,53.24800137329102,0.2643398344516754
observed_test,v2_2018_517_48h,,43,PCC,C,2.9849615821466244,0.0,0.0,0.5692486763000488,1.149999976158142,53.24800137329102,0.2643398344516754
observed_test,v2_2018_517_48h,,44,PCC,A,2.825617614510635,0.0,0.0,0.458400696516037,1.149999976158142,53.24800137329102,0.2837200462818146
observed_test,v2_2018_517_48h,,44,PCC,B,2.825617614510635,0.0,0.0,0.458400696516037,1.149999976158142,53.24800137329102,0.2837200462818146
observed_test,v2_2018_517_48h,,44,PCC,C,2.825617614510635,0.0,0.0,0.458400696516037,1.149999976158142,53.24800137329102,0.2837200462818146
observed_test,v2_2018_517_48h,,45,PCC,A,2.740638571998929,0.0,0.0,0.39928483963012695,1.149999976158142,53.24800137329102,0.2888736426830292
observed_test,v2_2018_517_48h,,45,PCC,B,2.740638571998929,0.0,0.0,0.39928483963012695,1.149999976158142,53.24800137329102,0.2888736426830292
observed_test,v2_2018_517_48h,,45,PCC,C,2.740638571998929,0.0,0.0,0.39928483963012695,1.149999976158142,53.24800137329102,0.2888736426830292
observed_test,v2_2018_517_48h,,46,PCC,A,2.689500792288461,0.0,0.0,0.3637107312679291,1.149999976158142,53.24800137329102,0.2947838306427002
observed_test,v2_2018_517_48h,,46,PCC,B,2.689500792288461,0.0,0.0,0.3637107312679291,1.149999976158142,53.24800137329102,0.2947838306427002
observed_test,v2_2018_517_48h,,46,PCC,C,2.689500792288461,0.0,0.0,0.3637107312679291,1.149999976158142,53.24800137329102,0.2947838306427002
observed_test,v2_2018_517_48h,,47,PCC,A,2.666340906989589,0.0,0.0,0.34759950637817383,1.149999976158142,53.24800137329102,0.2996383309364319
observed_test,v2_2018_517_48h,,47,PCC,B,2.666340906989589,0.0,0.0,0.34759950637817383,1.149999976158142,53.24800137329102,0.2996383309364319
observed_test,v2_2018_517_48h,,47,PCC,C,2.666340906989589,0.0,0.0,0.34759950637817383,1.149999976158142,53.24800137329102,0.2996383309364319
observed_test,v2_2018_377_48h,,0,PCC,A,2.589738233557025,0.0,0.0,0.29431068897247314,1.149999976158142,53.24800137329102,0.2552769184112549
observed_test,v2_2018_377_48h,,0,PCC,B,2.589738233557025,0.0,0.0,0.29431068897247314,1.149999976158142,53.24800137329102,0.2552769184112549
observed_test,v2_2018_377_48h,,0,PCC,C,2.589738233557025,0.0,0.0,0.29431068897247314,1.149999976158142,53.24800137329102,0.2552769184112549
observed_test,v2_2018_377_48h,,1,PCC,A,2.6237012928594003,0.0,0.0,0.3179371654987335,1.149999976158142,53.24800137329102,0.24249781668186188
observed_test,v2_2018_377_48h,,1,PCC,B,2.6237012928594003,0.0,0.0,0.3179371654987335,1.149999976158142,53.24800137329102,0.24249781668186188
observed_test,v2_2018_377_48h,,1,PCC,C,2.6237012928594003,0.0,0.0,0.3179371654987335,1.149999976158142,53.24800137329102,0.24249781668186188
observed_test,v2_2018_377_48h,,2,PCC,A,2.4875831211508435,0.0,0.0,0.2232462614774704,1.149999976158142,53.24800137329102,0.23059232532978058
observed_test,v2_2018_377_48h,,2,PCC,B,2.4875831211508435,0.0,0.0,0.2232462614774704,1.149999976158142,53.24800137329102,0.23059232532978058
observed_test,v2_2018_377_48h,,2,PCC,C,2.4875831211508435,0.0,0.0,0.2232462614774704,1.149999976158142,53.24800137329102,0.23059232532978058
observed_test,v2_2018_377_48h,,3,PCC,A,2.5452259178952694,0.0,0.0,0.2633455991744995,1.149999976158142,53.24800137329102,0.2377040535211563
observed_test,v2_2018_377_48h,,3,PCC,B,2.5452259178952694,0.0,0.0,0.2633455991744995,1.149999976158142,53.24800137329102,0.2377040535211563
observed_test,v2_2018_377_48h,,3,PCC,C,2.5452259178952694,0.0,0.0,0.2633455991744995,1.149999976158142,53.24800137329102,0.2377040535211563
observed_test,v2_2018_377_48h,,4,PCC,A,2.6066056994782514,0.0,0.0,0.3060445785522461,1.149999976158142,53.24800137329102,0.2289513200521469
observed_test,v2_2018_377_48h,,4,PCC,B,2.6066056994782514,0.0,0.0,0.3060445785522461,1.149999976158142,53.24800137329102,0.2289513200521469
observed_test,v2_2018_377_48h,,4,PCC,C,2.6066056994782514,0.0,0.0,0.3060445785522461,1.149999976158142,53.24800137329102,0.2289513200521469
observed_test,v2_2018_377_48h,,5,PCC,A,2.5763726205374935,0.0,0.0,0.2850128710269928,1.149999976158142,53.24800137329102,0.21800385415554047
observed_test,v2_2018_377_48h,,5,PCC,B,2.5763726205374935,0.0,0.0,0.2850128710269928,1.149999976158142,53.24800137329102,0.21800385415554047
observed_test,v2_2018_377_48h,,5,PCC,C,2.5763726205374935,0.0,0.0,0.2850128710269928,1.149999976158142,53.24800137329102,0.21800385415554047
observed_test,v2_2018_377_48h,,6,PCC,A,2.7605416539868575,0.0,0.0,0.4131304621696472,1.149999976158142,53.24800137329102,0.21434752643108368
observed_test,v2_2018_377_48h,,6,PCC,B,2.7605416539868575,0.0,0.0,0.4131304621696472,1.149999976158142,53.24800137329102,0.21434752643108368
observed_test,v2_2018_377_48h,,6,PCC,C,2.7605416539868575,0.0,0.0,0.4131304621696472,1.149999976158142,53.24800137329102,0.21434752643108368
observed_test,v2_2018_377_48h,,7,PCC,A,3.0129513006293838,0.0,0.0,0.5887197852134705,1.149999976158142,53.24800137329102,0.2161334902048111
observed_test,v2_2018_377_48h,,7,PCC,B,3.0129513006293838,0.0,0.0,0.5887197852134705,1.149999976158142,53.24800137329102,0.2161334902048111
observed_test,v2_2018_377_48h,,7,PCC,C,3.0129513006293838,0.0,0.0,0.5887197852134705,1.149999976158142,53.24800137329102,0.2161334902048111
observed_test,v2_2018_377_48h,,8,PCC,A,2.7649040079514635,0.0,0.057791667775465884,0.41616514325141907,1.149999976158142,53.24800137329102,0.2175157368183136
observed_test,v2_2018_377_48h,,8,PCC,B,2.7649040079514635,0.0,0.057791667775465884,0.41616514325141907,1.149999976158142,53.24800137329102,0.2175157368183136
observed_test,v2_2018_377_48h,,8,PCC,C,2.7649040079514635,0.0,0.057791667775465884,0.41616514325141907,1.149999976158142,53.24800137329102,0.2175157368183136
observed_test,v2_2018_377_48h,,9,PCC,A,2.9051724072175276,0.0,0.11622083301727587,0.5137431621551514,1.149999976158142,53.24800137329102,0.21590104699134827
observed_test,v2_2018_377_48h,,9,PCC,B,2.9051724072175276,0.0,0.11622083301727587,0.5137431621551514,1.149999976158142,53.24800137329102,0.21590104699134827
observed_test,v2_2018_377_48h,,9,PCC,C,2.9051724072175276,0.0,0.11622083301727587,0.5137431621551514,1.149999976158142,53.24800137329102,0.21590104699134827
observed_test,v2_2018_377_48h,,10,PCC,A,2.6904467608222724,0.0,0.12700000347999427,0.3643687963485718,1.149999976158142,53.24800137329102,0.2196018546819687
observed_test,v2_2018_377_48h,,10,PCC,B,2.6904467608222724,0.0,0.12700000347999427,0.3643687963485718,1.149999976158142,53.24800137329102,0.2196018546819687
observed_test,v2_2018_377_48h,,10,PCC,C,2.6904467608222724,0.0,0.12700000347999427,0.3643687963485718,1.149999976158142,53.24800137329102,0.2196018546819687
observed_test,v2_2018_377_48h,,11,PCC,A,2.686130632121376,0.0,0.1515749985208878,0.36136627197265625,1.149999976158142,53.24800137329102,0.22375181317329407
observed_test,v2_2018_377_48h,,11,PCC,B,2.686130632121376,0.0,0.1515749985208878,0.36136627197265625,1.149999976158142,53.24800137329102,0.22375181317329407
observed_test,v2_2018_377_48h,,11,PCC,C,2.686130632121376,0.0,0.1515749985208878,0.36136627197265625,1.149999976158142,53.24800137329102,0.22375181317329407
observed_test,v2_2018_377_48h,,12,PCC,A,2.940481482794702,0.0,0.19761666368979672,0.5383059978485107,1.149999976158142,53.24800137329102,0.2448161393404007
observed_test,v2_2018_377_48h,,12,PCC,B,2.940481482794702,0.0,0.19761666368979672,0.5383059978485107,1.149999976158142,53.24800137329102,0.2448161393404007
observed_test,v2_2018_377_48h,,12,PCC,C,2.940481482794702,0.0,0.19761666368979672,0.5383059978485107,1.149999976158142,53.24800137329102,0.2448161393404007
observed_test,v2_2018_377_48h,,13,PCC,A,3.033735447282245,0.0,0.14528749653926262,0.6031783223152161,1.149999976158142,53.24800137329102,0.25808030366897583
observed_test,v2_2018_377_48h,,13,PCC,B,3.033735447282245,0.0,0.14528749653926262,0.6031783223152161,1.149999976158142,53.24800137329102,0.25808030366897583
observed_test,v2_2018_377_48h,,13,PCC,C,3.033735447282245,0.0,0.14528749653926262,0.6031783223152161,1.149999976158142,53.24800137329102,0.25808030366897583
observed_test,v2_2018_377_48h,,14,PCC,A,3.1232014249141358,0.0,0.22809167320911697,0.6654155254364014,1.149999976158142,53.24800137329102,0.2755242884159088
observed_test,v2_2018_377_48h,,14,PCC,B,3.1232014249141358,0.0,0.22809167320911697,0.6654155254364014,1.149999976158142,53.24800137329102,0.2755242884159088
observed_test,v2_2018_377_48h,,14,PCC,C,3.1232014249141358,0.0,0.22809167320911697,0.6654155254364014,1.149999976158142,53.24800137329102,0.2755242884159088
observed_test,v2_2018_377_48h,,15,PCC,A,2.915610662966831,0.0,0.17960833815427923,0.5210045576095581,1.149999976158142,53.24800137329102,0.2840999364852905
observed_test,v2_2018_377_48h,,15,PCC,B,2.915610662966831,0.0,0.17960833815427923,0.5210045576095581,1.149999976158142,53.24800137329102,0.2840999364852905
observed_test,v2_2018_377_48h,,15,PCC,C,2.915610662966831,0.0,0.17960833815427923,0.5210045576095581,1.149999976158142,53.24800137329102,0.2840999364852905
observed_test,v2_2018_377_48h,,16,PCC,A,2.9761405680146122,0.0,0.06930833109296285,0.5631123185157776,1.149999976158142,53.24800137329102,0.28019776940345764
observed_test,v2_2018_377_48h,,16,PCC,B,2.9761405680146122,0.0,0.06930833109296285,0.5631123185157776,1.149999976158142,53.24800137329102,0.28019776940345764
observed_test,v2_2018_377_48h,,16,PCC,C,2.9761405680146122,0.0,0.06930833109296285,0.5631123185157776,1.149999976158142,53.24800137329102,0.28019776940345764
observed_test,v2_2018_377_48h,,17,PCC,A,2.912059071852747,0.0,0.006775000096800235,0.5185338854789734,1.149999976158142,53.24800137329102,0.2729951739311218
observed_test,v2_2018_377_48h,,17,PCC,B,2.912059071852747,0.0,0.006775000096800235,0.5185338854789734,1.149999976158142,53.24800137329102,0.2729951739311218
observed_test,v2_2018_377_48h,,17,PCC,C,2.912059071852747,0.0,0.006775000096800235,0.5185338854789734,1.149999976158142,53.24800137329102,0.2729951739311218
observed_test,v2_2018_377_48h,,18,PCC,A,2.888165108802557,0.0,0.0,0.501911997795105,1.149999976158142,53.24800137329102,0.26944294571876526
observed_test,v2_2018_377_48h,,18,PCC,B,2.888165108802557,0.0,0.0,0.501911997795105,1.149999976158142,53.24800137329102,0.26944294571876526
observed_test,v2_2018_377_48h,,18,PCC,C,2.888165108802557,0.0,0.0,0.501911997795105,1.149999976158142,53.24800137329102,0.26944294571876526
observed_test,v2_2018_377_48h,,19,PCC,A,2.9849615821466244,0.0,0.0,0.5692486763000488,1.149999976158142,53.24800137329102,0.26727524399757385
observed_test,v2_2018_377_48h,,19,PCC,B,2.9849615821466244,0.0,0.0,0.5692486763000488,1.149999976158142,53.24800137329102,0.26727524399757385
observed_test,v2_2018_377_48h,,19,PCC,C,2.9849615821466244,0.0,0.0,0.5692486763000488,1.149999976158142,53.24800137329102,0.26727524399757385
observed_test,v2_2018_377_48h,,20,PCC,A,2.825617614510635,0.0,0.0,0.458400696516037,1.149999976158142,53.24800137329102,0.26700782775878906
observed_test,v2_2018_377_48h,,20,PCC,B,2.825617614510635,0.0,0.0,0.458400696516037,1.149999976158142,53.24800137329102,0.26700782775878906
observed_test,v2_2018_377_48h,,20,PCC,C,2.825617614510635,0.0,0.0,0.458400696516037,1.149999976158142,53.24800137329102,0.26700782775878906
observed_test,v2_2018_377_48h,,21,PCC,A,2.740638571998929,0.0,0.0,0.39928483963012695,1.149999976158142,53.24800137329102,0.2686445116996765
observed_test,v2_2018_377_48h,,21,PCC,B,2.740638571998929,0.0,0.0,0.39928483963012695,1.149999976158142,53.24800137329102,0.2686445116996765
observed_test,v2_2018_377_48h,,21,PCC,C,2.740638571998929,0.0,0.0,0.39928483963012695,1.149999976158142,53.24800137329102,0.2686445116996765
observed_test,v2_2018_377_48h,,22,PCC,A,2.689500792288461,0.0,0.0,0.3637107312679291,1.149999976158142,53.24800137329102,0.25695377588272095
observed_test,v2_2018_377_48h,,22,PCC,B,2.689500792288461,0.0,0.0,0.3637107312679291,1.149999976158142,53.24800137329102,0.25695377588272095
observed_test,v2_2018_377_48h,,22,PCC,C,2.689500792288461,0.0,0.0,0.3637107312679291,1.149999976158142,53.24800137329102,0.25695377588272095
observed_test,v2_2018_377_48h,,23,PCC,A,2.666340906989589,0.0,0.0,0.34759950637817383,1.149999976158142,53.24800137329102,0.23747630417346954
observed_test,v2_2018_377_48h,,23,PCC,B,2.666340906989589,0.0,0.0,0.34759950637817383,1.149999976158142,53.24800137329102,0.23747630417346954
observed_test,v2_2018_377_48h,,23,PCC,C,2.666340906989589,0.0,0.0,0.34759950637817383,1.149999976158142,53.24800137329102,0.23747630417346954
observed_test,v2_2018_377_48h,,24,PCC,A,2.589738233557025,0.0,0.0,0.29431068897247314,1.149999976158142,53.24800137329102,0.22955088317394257
observed_test,v2_2018_377_48h,,24,PCC,B,2.589738233557025,0.0,0.0,0.29431068897247314,1.149999976158142,53.24800137329102,0.22955088317394257
observed_test,v2_2018_377_48h,,24,PCC,C,2.589738233557025,0.0,0.0,0.29431068897247314,1.149999976158142,53.24800137329102,0.22955088317394257
observed_test,v2_2018_377_48h,,25,PCC,A,2.6237012928594003,0.0,0.0,0.3179371654987335,1.149999976158142,53.24800137329102,0.2339755892753601
observed_test,v2_2018_377_48h,,25,PCC,B,2.6237012928594003,0.0,0.0,0.3179371654987335,1.149999976158142,53.24800137329102,0.2339755892753601
observed_test,v2_2018_377_48h,,25,PCC,C,2.6237012928594003,0.0,0.0,0.3179371654987335,1.149999976158142,53.24800137329102,0.2339755892753601
observed_test,v2_2018_377_48h,,26,PCC,A,2.4875831211508435,0.0,0.0,0.2232462614774704,1.149999976158142,53.24800137329102,0.23944191634655
observed_test,v2_2018_377_48h,,26,PCC,B,2.4875831211508435,0.0,0.0,0.2232462614774704,1.149999976158142,53.24800137329102,0.23944191634655
observed_test,v2_2018_377_48h,,26,PCC,C,2.4875831211508435,0.0,0.0,0.2232462614774704,1.149999976158142,53.24800137329102,0.23944191634655
observed_test,v2_2018_377_48h,,27,PCC,A,2.5452259178952694,0.0,0.0,0.2633455991744995,1.149999976158142,53.24800137329102,0.23343531787395477
observed_test,v2_2018_377_48h,,27,PCC,B,2.5452259178952694,0.0,0.0,0.2633455991744995,1.149999976158142,53.24800137329102,0.23343531787395477
observed_test,v2_2018_377_48h,,27,PCC,C,2.5452259178952694,0.0,0.0,0.2633455991744995,1.149999976158142,53.24800137329102,0.23343531787395477
observed_test,v2_2018_377_48h,,28,PCC,A,2.6066056994782514,0.0,0.0,0.3060445785522461,1.149999976158142,53.24800137329102,0.21678166091442108
observed_test,v2_2018_377_48h,,28,PCC,B,2.6066056994782514,0.0,0.0,0.3060445785522461,1.149999976158142,53.24800137329102,0.21678166091442108
observed_test,v2_2018_377_48h,,28,PCC,C,2.6066056994782514,0.0,0.0,0.3060445785522461,1.149999976158142,53.24800137329102,0.21678166091442108
observed_test,v2_2018_377_48h,,29,PCC,A,2.5763726205374935,0.0,0.0,0.2850128710269928,1.149999976158142,53.24800137329102,0.21677541732788086
observed_test,v2_2018_377_48h,,29,PCC,B,2.5763726205374935,0.0,0.0,0.2850128710269928,1.149999976158142,53.24800137329102,0.21677541732788086
observed_test,v2_2018_377_48h,,29,PCC,C,2.5763726205374935,0.0,0.0,0.2850128710269928,1.149999976158142,53.24800137329102,0.21677541732788086
observed_test,v2_2018_377_48h,,30,PCC,A,2.7605416539868575,0.0,0.0,0.4131304621696472,1.149999976158142,53.24800137329102,0.2152755856513977
observed_test,v2_2018_377_48h,,30,PCC,B,2.7605416539868575,0.0,0.0,0.4131304621696472,1.149999976158142,53.24800137329102,0.2152755856513977
observed_test,v2_2018_377_48h,,30,PCC,C,2.7605416539868575,0.0,0.0,0.4131304621696472,1.149999976158142,53.24800137329102,0.2152755856513977
observed_test,v2_2018_377_48h,,31,PCC,A,3.0129513006293838,0.0,0.0,0.5887197852134705,1.149999976158142,53.24800137329102,0.21092736721038818
observed_test,v2_2018_377_48h,,31,PCC,B,3.0129513006293838,0.0,0.0,0.5887197852134705,1.149999976158142,53.24800137329102,0.21092736721038818
observed_test,v2_2018_377_48h,,31,PCC,C,3.0129513006293838,0.0,0.0,0.5887197852134705,1.149999976158142,53.24800137329102,0.21092736721038818
observed_test,v2_2018_377_48h,,32,PCC,A,2.7649040079514635,0.0,0.02120000023681384,0.41616514325141907,1.149999976158142,53.24800137329102,0.2057240903377533
observed_test,v2_2018_377_48h,,32,PCC,B,2.7649040079514635,0.0,0.02120000023681384,0.41616514325141907,1.149999976158142,53.24800137329102,0.2057240903377533
observed_test,v2_2018_377_48h,,32,PCC,C,2.7649040079514635,0.0,0.02120000023681384,0.41616514325141907,1.149999976158142,53.24800137329102,0.2057240903377533
observed_test,v2_2018_377_48h,,33,PCC,A,2.9051724072175276,0.0,0.036733332448280774,0.5137431621551514,1.149999976158142,53.24800137329102,0.20436187088489532
observed_test,v2_2018_377_48h,,33,PCC,B,2.9051724072175276,0.0,0.036733332448280774,0.5137431621551514,1.149999976158142,53.24800137329102,0.20436187088489532
observed_test,v2_2018_377_48h,,33,PCC,C,2.9051724072175276,0.0,0.036733332448280774,0.5137431621551514,1.149999976158142,53.24800137329102,0.20436187088489532
observed_test,v2_2018_377_48h,,34,PCC,A,2.6904467608222724,0.0,0.06884999859791535,0.3643687963485718,1.149999976158142,53.24800137329102,0.21104468405246735
observed_test,v2_2018_377_48h,,34,PCC,B,2.6904467608222724,0.0,0.06884999859791535,0.3643687963485718,1.149999976158142,53.24800137329102,0.21104468405246735
observed_test,v2_2018_377_48h,,34,PCC,C,2.6904467608222724,0.0,0.06884999859791535,0.3643687963485718,1.149999976158142,53.24800137329102,0.21104468405246735
observed_test,v2_2018_377_48h,,35,PCC,A,2.686130632121376,0.0,0.0926624983549118,0.36136627197265625,1.149999976158142,53.24800137329102,0.21468019485473633
observed_test,v2_2018_377_48h,,35,PCC,B,2.686130632121376,0.0,0.0926624983549118,0.36136627197265625,1.149999976158142,53.24800137329102,0.21468019485473633
observed_test,v2_2018_377_48h,,35,PCC,C,2.686130632121376,0.0,0.0926624983549118,0.36136627197265625,1.149999976158142,53.24800137329102,0.21468019485473633
observed_test,v2_2018_377_48h,,36,PCC,A,2.940481482794702,0.0,0.12571666962825334,0.5383059978485107,1.149999976158142,53.24800137329102,0.22577159106731415
observed_test,v2_2018_377_48h,,36,PCC,B,2.940481482794702,0.0,0.12571666962825334,0.5383059978485107,1.149999976158142,53.24800137329102,0.22577159106731415
observed_test,v2_2018_377_48h,,36,PCC,C,2.940481482794702,0.0,0.12571666962825334,0.5383059978485107,1.149999976158142,53.24800137329102,0.22577159106731415
observed_test,v2_2018_377_48h,,37,PCC,A,3.033735447282245,0.0,0.10300416929217483,0.6031783223152161,1.149999976158142,53.24800137329102,0.2336217612028122
observed_test,v2_2018_377_48h,,37,PCC,B,3.033735447282245,0.0,0.10300416929217483,0.6031783223152161,1.149999976158142,53.24800137329102,0.2336217612028122
observed_test,v2_2018_377_48h,,37,PCC,C,3.033735447282245,0.0,0.10300416929217483,0.6031783223152161,1.149999976158142,53.24800137329102,0.2336217612028122
observed_test,v2_2018_377_48h,,38,PCC,A,3.1232014249141358,0.0,0.06348750052543786,0.6654155254364014,1.149999976158142,53.24800137329102,0.2335003912448883
observed_test,v2_2018_377_48h,,38,PCC,B,3.1232014249141358,0.0,0.06348750052543786,0.6654155254364014,1.149999976158142,53.24800137329102,0.2335003912448883
observed_test,v2_2018_377_48h,,38,PCC,C,3.1232014249141358,0.0,0.06348750052543786,0.6654155254364014,1.149999976158142,53.24800137329102,0.2335003912448883
observed_test,v2_2018_377_48h,,39,PCC,A,2.915610662966831,0.0,0.0275708340968077,0.5210045576095581,1.149999976158142,53.24800137329102,0.23316755890846252
observed_test,v2_2018_377_48h,,39,PCC,B,2.915610662966831,0.0,0.0275708340968077,0.5210045576095581,1.149999976158142,53.24800137329102,0.23316755890846252
observed_test,v2_2018_377_48h,,39,PCC,C,2.915610662966831,0.0,0.0275708340968077,0.5210045576095581,1.149999976158142,53.24800137329102,0.23316755890846252
observed_test,v2_2018_377_48h,,40,PCC,A,2.9761405680146122,0.0,0.011774999662660634,0.5631123185157776,1.149999976158142,53.24800137329102,0.23377668857574463
observed_test,v2_2018_377_48h,,40,PCC,B,2.9761405680146122,0.0,0.011774999662660634,0.5631123185157776,1.149999976158142,53.24800137329102,0.23377668857574463
observed_test,v2_2018_377_48h,,40,PCC,C,2.9761405680146122,0.0,0.011774999662660634,0.5631123185157776,1.149999976158142,53.24800137329102,0.23377668857574463
observed_test,v2_2018_377_48h,,41,PCC,A,2.912059071852747,0.0,0.00023749998945277182,0.5185338854789734,1.149999976158142,53.24800137329102,0.22158177196979523
observed_test,v2_2018_377_48h,,41,PCC,B,2.912059071852747,0.0,0.00023749998945277182,0.5185338854789734,1.149999976158142,53.24800137329102,0.22158177196979523
observed_test,v2_2018_377_48h,,41,PCC,C,2.912059071852747,0.0,0.00023749998945277182,0.5185338854789734,1.149999976158142,53.24800137329102,0.22158177196979523
observed_test,v2_2018_377_48h,,42,PCC,A,2.888165108802557,0.0,0.0,0.501911997795105,1.149999976158142,53.24800137329102,0.21111010015010834
observed_test,v2_2018_377_48h,,42,PCC,B,2.888165108802557,0.0,0.0,0.501911997795105,1.149999976158142,53.24800137329102,0.21111010015010834
observed_test,v2_2018_377_48h,,42,PCC,C,2.888165108802557,0.0,0.0,0.501911997795105,1.149999976158142,53.24800137329102,0.21111010015010834
observed_test,v2_2018_377_48h,,43,PCC,A,2.9849615821466244,0.0,0.0,0.5692486763000488,1.149999976158142,53.24800137329102,0.21590648591518402
observed_test,v2_2018_377_48h,,43,PCC,B,2.9849615821466244,0.0,0.0,0.5692486763000488,1.149999976158142,53.24800137329102,0.21590648591518402
observed_test,v2_2018_377_48h,,43,PCC,C,2.9849615821466244,0.0,0.0,0.5692486763000488,1.149999976158142,53.24800137329102,0.21590648591518402
observed_test,v2_2018_377_48h,,44,PCC,A,2.825617614510635,0.0,0.0,0.458400696516037,1.149999976158142,53.24800137329102,0.21534132957458496
observed_test,v2_2018_377_48h,,44,PCC,B,2.825617614510635,0.0,0.0,0.458400696516037,1.149999976158142,53.24800137329102,0.21534132957458496
observed_test,v2_2018_377_48h,,44,PCC,C,2.825617614510635,0.0,0.0,0.458400696516037,1.149999976158142,53.24800137329102,0.21534132957458496
observed_test,v2_2018_377_48h,,45,PCC,A,2.740638571998929,0.0,0.0,0.39928483963012695,1.149999976158142,53.24800137329102,0.21627335250377655
observed_test,v2_2018_377_48h,,45,PCC,B,2.740638571998929,0.0,0.0,0.39928483963012695,1.149999976158142,53.24800137329102,0.21627335250377655
observed_test,v2_2018_377_48h,,45,PCC,C,2.740638571998929,0.0,0.0,0.39928483963012695,1.149999976158142,53.24800137329102,0.21627335250377655
observed_test,v2_2018_377_48h,,46,PCC,A,2.689500792288461,0.0,0.0,0.3637107312679291,1.149999976158142,53.24800137329102,0.226584330201149
observed_test,v2_2018_377_48h,,46,PCC,B,2.689500792288461,0.0,0.0,0.3637107312679291,1.149999976158142,53.24800137329102,0.226584330201149
observed_test,v2_2018_377_48h,,46,PCC,C,2.689500792288461,0.0,0.0,0.3637107312679291,1.149999976158142,53.24800137329102,0.226584330201149
observed_test,v2_2018_377_48h,,47,PCC,A,2.666340906989589,0.0,0.0,0.34759950637817383,1.149999976158142,53.24800137329102,0.24691610038280487
observed_test,v2_2018_377_48h,,47,PCC,B,2.666340906989589,0.0,0.0,0.34759950637817383,1.149999976158142,53.24800137329102,0.24691610038280487
observed_test,v2_2018_377_48h,,47,PCC,C,2.666340906989589,0.0,0.0,0.34759950637817383,1.149999976158142,53.24800137329102,0.24691610038280487
observed_test,v2_2018_376_48h,,0,PCC,A,2.589738233557025,0.0,0.0,0.29431068897247314,1.149999976158142,53.24800137329102,0.2597626745700836
observed_test,v2_2018_376_48h,,0,PCC,B,2.589738233557025,0.0,0.0,0.29431068897247314,1.149999976158142,53.24800137329102,0.2597626745700836
observed_test,v2_2018_376_48h,,0,PCC,C,2.589738233557025,0.0,0.0,0.29431068897247314,1.149999976158142,53.24800137329102,0.2597626745700836
observed_test,v2_2018_376_48h,,1,PCC,A,2.6237012928594003,0.0,0.0,0.3179371654987335,1.149999976158142,34.72425106811524,0.24439549446105957
observed_test,v2_2018_376_48h,,1,PCC,B,2.6237012928594003,0.0,0.0,0.3179371654987335,1.149999976158142,34.72425106811524,0.24439549446105957
observed_test,v2_2018_376_48h,,1,PCC,C,2.6237012928594003,0.0,0.0,0.3179371654987335,1.149999976158142,34.72425106811524,0.24439549446105957
observed_test,v2_2018_376_48h,,2,PCC,A,2.4875831211508435,0.0,0.0,0.2232462614774704,1.149999976158142,34.72425106811524,0.2325073480606079
observed_test,v2_2018_376_48h,,2,PCC,B,2.4875831211508435,0.0,0.0,0.2232462614774704,1.149999976158142,34.72425106811524,0.2325073480606079
observed_test,v2_2018_376_48h,,2,PCC,C,2.4875831211508435,0.0,0.0,0.2232462614774704,1.149999976158142,34.72425106811524,0.2325073480606079
observed_test,v2_2018_376_48h,,3,PCC,A,2.5452259178952694,0.0,0.0,0.2633455991744995,1.149999976158142,53.24800137329102,0.23248519003391266
observed_test,v2_2018_376_48h,,3,PCC,B,2.5452259178952694,0.0,0.0,0.2633455991744995,1.149999976158142,53.24800137329102,0.23248519003391266
observed_test,v2_2018_376_48h,,3,PCC,C,2.5452259178952694,0.0,0.0,0.2633455991744995,1.149999976158142,53.24800137329102,0.23248519003391266
observed_test,v2_2018_376_48h,,4,PCC,A,2.6066056994782514,0.0,0.0,0.3060445785522461,1.149999976158142,53.24800137329102,0.23208357393741608
observed_test,v2_2018_376_48h,,4,PCC,B,2.6066056994782514,0.0,0.0,0.3060445785522461,1.149999976158142,53.24800137329102,0.23208357393741608
observed_test,v2_2018_376_48h,,4,PCC,C,2.6066056994782514,0.0,0.0,0.3060445785522461,1.149999976158142,53.24800137329102,0.23208357393741608
observed_test,v2_2018_376_48h,,5,PCC,A,2.5763726205374935,0.0,0.0,0.2850128710269928,1.149999976158142,53.24800137329102,0.22259627282619476
observed_test,v2_2018_376_48h,,5,PCC,B,2.5763726205374935,0.0,0.0,0.2850128710269928,1.149999976158142,53.24800137329102,0.22259627282619476
observed_test,v2_2018_376_48h,,5,PCC,C,2.5763726205374935,0.0,0.0,0.2850128710269928,1.149999976158142,53.24800137329102,0.22259627282619476
observed_test,v2_2018_376_48h,,6,PCC,A,2.7605416539868575,0.0,0.0,0.4131304621696472,1.149999976158142,121.88174847412108,0.21117563545703888
observed_test,v2_2018_376_48h,,6,PCC,B,2.7605416539868575,0.0,0.0,0.4131304621696472,1.149999976158142,121.88174847412108,0.21117563545703888
observed_test,v2_2018_376_48h,,6,PCC,C,2.7605416539868575,0.0,0.0,0.4131304621696472,1.149999976158142,121.88174847412108,0.21117563545703888
observed_test,v2_2018_376_48h,,7,PCC,A,3.0129513006293838,0.0,0.0,0.5887197852134705,1.149999976158142,121.88174847412108,0.21133123338222504
observed_test,v2_2018_376_48h,,7,PCC,B,3.0129513006293838,0.0,0.0,0.5887197852134705,1.149999976158142,121.88174847412108,0.21133123338222504
observed_test,v2_2018_376_48h,,7,PCC,C,3.0129513006293838,0.0,0.0,0.5887197852134705,1.149999976158142,121.88174847412108,0.21133123338222504
observed_test,v2_2018_376_48h,,8,PCC,A,2.7649040079514635,0.0,0.3758500115229533,0.41616514325141907,1.149999976158142,121.88174847412108,0.21705465018749237
observed_test,v2_2018_376_48h,,8,PCC,B,2.7649040079514635,0.0,0.3758500115229533,0.41616514325141907,1.149999976158142,121.88174847412108,0.21705465018749237
observed_test,v2_2018_376_48h,,8,PCC,C,2.7649040079514635,0.0,0.3758500115229533,0.41616514325141907,1.149999976158142,121.88174847412108,0.21705465018749237
observed_test,v2_2018_376_48h,,9,PCC,A,2.9051724072175276,0.0,0.7684750052598806,0.5137431621551514,1.149999976158142,121.88174847412108,0.22935323417186737
observed_test,v2_2018_376_48h,,9,PCC,B,2.9051724072175276,0.0,0.7684750052598806,0.5137431621551514,1.149999976158142,121.88174847412108,0.22935323417186737
observed_test,v2_2018_376_48h,,9,PCC,C,2.9051724072175276,0.0,0.7684750052598806,0.5137431621551514,1.149999976158142,121.88174847412108,0.22935323417186737
observed_test,v2_2018_376_48h,,10,PCC,A,2.6904467608222724,0.0,1.0292582787000215,0.3643687963485718,1.149999976158142,53.24800137329102,0.24294805526733398
observed_test,v2_2018_376_48h,,10,PCC,B,2.6904467608222724,0.0,1.0292582787000215,0.3643687963485718,1.149999976158142,53.24800137329102,0.24294805526733398
observed_test,v2_2018_376_48h,,10,PCC,C,2.6904467608222724,0.0,1.0292582787000215,0.3643687963485718,1.149999976158142,53.24800137329102,0.24294805526733398
observed_test,v2_2018_376_48h,,11,PCC,A,2.686130632121376,0.0,1.1780791557752168,0.36136627197265625,1.149999976158142,53.24800137329102,0.25131502747535706
observed_test,v2_2018_376_48h,,11,PCC,B,2.686130632121376,0.0,1.1780791557752168,0.36136627197265625,1.149999976158142,53.24800137329102,0.25131502747535706
observed_test,v2_2018_376_48h,,11,PCC,C,2.686130632121376,0.0,1.1780791557752168,0.36136627197265625,1.149999976158142,53.24800137329102,0.25131502747535706
observed_test,v2_2018_376_48h,,12,PCC,A,2.940481482794702,0.0,1.2306125118182254,0.5383059978485107,1.149999976158142,34.72425106811524,0.2648908197879791
observed_test,v2_2018_376_48h,,12,PCC,B,2.940481482794702,0.0,1.2306125118182254,0.5383059978485107,1.149999976158142,34.72425106811524,0.2648908197879791
observed_test,v2_2018_376_48h,,12,PCC,C,2.940481482794702,0.0,1.2306125118182254,0.5383059978485107,1.149999976158142,34.72425106811524,0.2648908197879791
observed_test,v2_2018_376_48h,,13,PCC,A,3.033735447282245,0.0,1.19011253118515,0.6031783223152161,1.149999976158142,34.72425106811524,0.26591014862060547
observed_test,v2_2018_376_48h,,13,PCC,B,3.033735447282245,0.0,1.19011253118515,0.6031783223152161,1.149999976158142,34.72425106811524,0.26591014862060547
observed_test,v2_2018_376_48h,,13,PCC,C,3.033735447282245,0.0,1.19011253118515,0.6031783223152161,1.149999976158142,34.72425106811524,0.26591014862060547
observed_test,v2_2018_376_48h,,14,PCC,A,3.1232014249141358,0.0,1.059383383164039,0.6654155254364014,1.149999976158142,34.72425106811524,0.2263147383928299
observed_test,v2_2018_376_48h,,14,PCC,B,3.1232014249141358,0.0,1.059383383164039,0.6654155254364014,1.149999976158142,34.72425106811524,0.2263147383928299
observed_test,v2_2018_376_48h,,14,PCC,C,3.1232014249141358,0.0,1.059383383164039,0.6654155254364014,1.149999976158142,34.72425106811524,0.2263147383928299
observed_test,v2_2018_376_48h,,15,PCC,A,2.915610662966831,0.0,0.8320874892748318,0.5210045576095581,1.149999976158142,34.72425106811524,0.2273654192686081
observed_test,v2_2018_376_48h,,15,PCC,B,2.915610662966831,0.0,0.8320874892748318,0.5210045576095581,1.149999976158142,34.72425106811524,0.2273654192686081
observed_test,v2_2018_376_48h,,15,PCC,C,2.915610662966831,0.0,0.8320874892748318,0.5210045576095581,1.149999976158142,34.72425106811524,0.2273654192686081
observed_test,v2_2018_376_48h,,16,PCC,A,2.9761405680146122,0.0,0.4978249852473919,0.5631123185157776,1.149999976158142,53.24800137329102,0.23022745549678802
observed_test,v2_2018_376_48h,,16,PCC,B,2.9761405680146122,0.0,0.4978249852473919,0.5631123185157776,1.149999976158142,53.24800137329102,0.23022745549678802
observed_test,v2_2018_376_48h,,16,PCC,C,2.9761405680146122,0.0,0.4978249852473919,0.5631123185157776,1.149999976158142,53.24800137329102,0.23022745549678802
observed_test,v2_2018_376_48h,,17,PCC,A,2.912059071852747,0.0,0.08339166927796143,0.5185338854789734,1.149999976158142,53.24800137329102,0.23224830627441406
observed_test,v2_2018_376_48h,,17,PCC,B,2.912059071852747,0.0,0.08339166927796143,0.5185338854789734,1.149999976158142,53.24800137329102,0.23224830627441406
observed_test,v2_2018_376_48h,,17,PCC,C,2.912059071852747,0.0,0.08339166927796143,0.5185338854789734,1.149999976158142,53.24800137329102,0.23224830627441406
observed_test,v2_2018_376_48h,,18,PCC,A,2.888165108802557,0.0,0.0,0.501911997795105,1.149999976158142,53.24800137329102,0.23508720099925995
observed_test,v2_2018_376_48h,,18,PCC,B,2.888165108802557,0.0,0.0,0.501911997795105,1.149999976158142,53.24800137329102,0.23508720099925995
observed_test,v2_2018_376_48h,,18,PCC,C,2.888165108802557,0.0,0.0,0.501911997795105,1.149999976158142,53.24800137329102,0.23508720099925995
observed_test,v2_2018_376_48h,,19,PCC,A,2.9849615821466244,0.0,0.0,0.5692486763000488,1.149999976158142,53.24800137329102,0.2324305921792984
observed_test,v2_2018_376_48h,,19,PCC,B,2.9849615821466244,0.0,0.0,0.5692486763000488,1.149999976158142,53.24800137329102,0.2324305921792984
observed_test,v2_2018_376_48h,,19,PCC,C,2.9849615821466244,0.0,0.0,0.5692486763000488,1.149999976158142,53.24800137329102,0.2324305921792984
observed_test,v2_2018_376_48h,,20,PCC,A,2.825617614510635,0.0,0.0,0.458400696516037,1.149999976158142,53.24800137329102,0.23353058099746704
observed_test,v2_2018_376_48h,,20,PCC,B,2.825617614510635,0.0,0.0,0.458400696516037,1.149999976158142,53.24800137329102,0.23353058099746704
observed_test,v2_2018_376_48h,,20,PCC,C,2.825617614510635,0.0,0.0,0.458400696516037,1.149999976158142,53.24800137329102,0.23353058099746704
observed_test,v2_2018_376_48h,,21,PCC,A,2.740638571998929,0.0,0.0,0.39928483963012695,1.149999976158142,53.24800137329102,0.24686963856220245
observed_test,v2_2018_376_48h,,21,PCC,B,2.740638571998929,0.0,0.0,0.39928483963012695,1.149999976158142,53.24800137329102,0.24686963856220245
observed_test,v2_2018_376_48h,,21,PCC,C,2.740638571998929,0.0,0.0,0.39928483963012695,1.149999976158142,53.24800137329102,0.24686963856220245
observed_test,v2_2018_376_48h,,22,PCC,A,2.689500792288461,0.0,0.0,0.3637107312679291,1.149999976158142,53.24800137329102,0.26785197854042053
observed_test,v2_2018_376_48h,,22,PCC,B,2.689500792288461,0.0,0.0,0.3637107312679291,1.149999976158142,53.24800137329102,0.26785197854042053
observed_test,v2_2018_376_48h,,22,PCC,C,2.689500792288461,0.0,0.0,0.3637107312679291,1.149999976158142,53.24800137329102,0.26785197854042053
observed_test,v2_2018_376_48h,,23,PCC,A,2.666340906989589,0.0,0.0,0.34759950637817383,1.149999976158142,53.24800137329102,0.2769745886325836
observed_test,v2_2018_376_48h,,23,PCC,B,2.666340906989589,0.0,0.0,0.34759950637817383,1.149999976158142,53.24800137329102,0.2769745886325836
observed_test,v2_2018_376_48h,,23,PCC,C,2.666340906989589,0.0,0.0,0.34759950637817383,1.149999976158142,53.24800137329102,0.2769745886325836
observed_test,v2_2018_376_48h,,24,PCC,A,2.589738233557025,0.0,0.0,0.29431068897247314,1.149999976158142,53.24800137329102,0.2671167552471161
observed_test,v2_2018_376_48h,,24,PCC,B,2.589738233557025,0.0,0.0,0.29431068897247314,1.149999976158142,53.24800137329102,0.2671167552471161
observed_test,v2_2018_376_48h,,24,PCC,C,2.589738233557025,0.0,0.0,0.29431068897247314,1.149999976158142,53.24800137329102,0.2671167552471161
observed_test,v2_2018_376_48h,,25,PCC,A,2.6237012928594003,0.0,0.0,0.3179371654987335,1.149999976158142,34.72425106811524,0.253480464220047
observed_test,v2_2018_376_48h,,25,PCC,B,2.6237012928594003,0.0,0.0,0.3179371654987335,1.149999976158142,34.72425106811524,0.253480464220047
observed_test,v2_2018_376_48h,,25,PCC,C,2.6237012928594003,0.0,0.0,0.3179371654987335,1.149999976158142,34.72425106811524,0.253480464220047
observed_test,v2_2018_376_48h,,26,PCC,A,2.4875831211508435,0.0,0.0,0.2232462614774704,1.149999976158142,34.72425106811524,0.24217432737350464
observed_test,v2_2018_376_48h,,26,PCC,B,2.4875831211508435,0.0,0.0,0.2232462614774704,1.149999976158142,34.72425106811524,0.24217432737350464
observed_test,v2_2018_376_48h,,26,PCC,C,2.4875831211508435,0.0,0.0,0.2232462614774704,1.149999976158142,34.72425106811524,0.24217432737350464
observed_test,v2_2018_376_48h,,27,PCC,A,2.5452259178952694,0.0,0.0,0.2633455991744995,1.149999976158142,53.24800137329102,0.24943625926971436
observed_test,v2_2018_376_48h,,27,PCC,B,2.5452259178952694,0.0,0.0,0.2633455991744995,1.149999976158142,53.24800137329102,0.24943625926971436
observed_test,v2_2018_376_48h,,27,PCC,C,2.5452259178952694,0.0,0.0,0.2633455991744995,1.149999976158142,53.24800137329102,0.24943625926971436
observed_test,v2_2018_376_48h,,28,PCC,A,2.6066056994782514,0.0,0.0,0.3060445785522461,1.149999976158142,53.24800137329102,0.24825505912303925
observed_test,v2_2018_376_48h,,28,PCC,B,2.6066056994782514,0.0,0.0,0.3060445785522461,1.149999976158142,53.24800137329102,0.24825505912303925
observed_test,v2_2018_376_48h,,28,PCC,C,2.6066056994782514,0.0,0.0,0.3060445785522461,1.149999976158142,53.24800137329102,0.24825505912303925
observed_test,v2_2018_376_48h,,29,PCC,A,2.5763726205374935,0.0,0.0,0.2850128710269928,1.149999976158142,53.24800137329102,0.23179291188716888
observed_test,v2_2018_376_48h,,29,PCC,B,2.5763726205374935,0.0,0.0,0.2850128710269928,1.149999976158142,53.24800137329102,0.23179291188716888
observed_test,v2_2018_376_48h,,29,PCC,C,2.5763726205374935,0.0,0.0,0.2850128710269928,1.149999976158142,53.24800137329102,0.23179291188716888
observed_test,v2_2018_376_48h,,30,PCC,A,2.7605416539868575,0.0,0.0,0.4131304621696472,1.149999976158142,121.88174847412108,0.22160188853740692
observed_test,v2_2018_376_48h,,30,PCC,B,2.7605416539868575,0.0,0.0,0.4131304621696472,1.149999976158142,121.88174847412108,0.22160188853740692
observed_test,v2_2018_376_48h,,30,PCC,C,2.7605416539868575,0.0,0.0,0.4131304621696472,1.149999976158142,121.88174847412108,0.22160188853740692
observed_test,v2_2018_376_48h,,31,PCC,A,3.0129513006293838,0.0,0.0,0.5887197852134705,1.149999976158142,121.88174847412108,0.21815140545368195
observed_test,v2_2018_376_48h,,31,PCC,B,3.0129513006293838,0.0,0.0,0.5887197852134705,1.149999976158142,121.88174847412108,0.21815140545368195
observed_test,v2_2018_376_48h,,31,PCC,C,3.0129513006293838,0.0,0.0,0.5887197852134705,1.149999976158142,121.88174847412108,0.21815140545368195
observed_test,v2_2018_376_48h,,32,PCC,A,2.7649040079514635,0.0,0.26142915280965656,0.41616514325141907,1.149999976158142,121.88174847412108,0.2183690369129181
observed_test,v2_2018_376_48h,,32,PCC,B,2.7649040079514635,0.0,0.26142915280965656,0.41616514325141907,1.149999976158142,121.88174847412108,0.2183690369129181
observed_test,v2_2018_376_48h,,32,PCC,C,2.7649040079514635,0.0,0.26142915280965656,0.41616514325141907,1.149999976158142,121.88174847412108,0.2183690369129181
observed_test,v2_2018_376_48h,,33,PCC,A,2.9051724072175276,0.0,0.5662750166196089,0.5137431621551514,1.149999976158142,121.88174847412108,0.22328698635101318
observed_test,v2_2018_376_48h,,33,PCC,B,2.9051724072175276,0.0,0.5662750166196089,0.5137431621551514,1.149999976158142,121.88174847412108,0.22328698635101318
observed_test,v2_2018_376_48h,,33,PCC,C,2.9051724072175276,0.0,0.5662750166196089,0.5137431621551514,1.149999976158142,121.88174847412108,0.22328698635101318
observed_test,v2_2018_376_48h,,34,PCC,A,2.6904467608222724,0.0,0.7705374979055843,0.3643687963485718,1.149999976158142,53.24800137329102,0.23920482397079468
observed_test,v2_2018_376_48h,,34,PCC,B,2.6904467608222724,0.0,0.7705374979055843,0.3643687963485718,1.149999976158142,53.24800137329102,0.23920482397079468
observed_test,v2_2018_376_48h,,34,PCC,C,2.6904467608222724,0.0,0.7705374979055843,0.3643687963485718,1.149999976158142,53.24800137329102,0.23920482397079468
observed_test,v2_2018_376_48h,,35,PCC,A,2.686130632121376,0.0,0.8230749804240006,0.36136627197265625,1.149999976158142,53.24800137329102,0.2592657804489136
observed_test,v2_2018_376_48h,,35,PCC,B,2.686130632121376,0.0,0.8230749804240006,0.36136627197265625,1.149999976158142,53.24800137329102,0.2592657804489136
observed_test,v2_2018_376_48h,,35,PCC,C,2.686130632121376,0.0,0.8230749804240006,0.36136627197265625,1.149999976158142,53.24800137329102,0.2592657804489136
observed_test,v2_2018_376_48h,,36,PCC,A,2.940481482794702,0.0,0.841529151568046,0.5383059978485107,1.149999976158142,34.72425106811524,0.2654508352279663
observed_test,v2_2018_376_48h,,36,PCC,B,2.940481482794702,0.0,0.841529151568046,0.5383059978485107,1.149999976158142,34.72425106811524,0.2654508352279663
observed_test,v2_2018_376_48h,,36,PCC,C,2.940481482794702,0.0,0.841529151568046,0.5383059978485107,1.149999976158142,34.72425106811524,0.2654508352279663
observed_test,v2_2018_376_48h,,37,PCC,A,3.033735447282245,0.0,0.8327999940285316,0.6031783223152161,1.149999976158142,34.72425106811524,0.26428574323654175
observed_test,v2_2018_376_48h,,37,PCC,B,3.033735447282245,0.0,0.8327999940285316,0.6031783223152161,1.149999976158142,34.72425106811524,0.26428574323654175
observed_test,v2_2018_376_48h,,37,PCC,C,3.033735447282245,0.0,0.8327999940285316,0.6031783223152161,1.149999976158142,34.72425106811524,0.26428574323654175
observed_test,v2_2018_376_48h,,38,PCC,A,3.1232014249141358,0.0,0.6688708296188941,0.6654155254364014,1.149999976158142,34.72425106811524,0.2717510163784027
observed_test,v2_2018_376_48h,,38,PCC,B,3.1232014249141358,0.0,0.6688708296188941,0.6654155254364014,1.149999976158142,34.72425106811524,0.2717510163784027
observed_test,v2_2018_376_48h,,38,PCC,C,3.1232014249141358,0.0,0.6688708296188941,0.6654155254364014,1.149999976158142,34.72425106811524,0.2717510163784027
observed_test,v2_2018_376_48h,,39,PCC,A,2.915610662966831,0.0,0.41844999560943014,0.5210045576095581,1.149999976158142,34.72425106811524,0.2733449637889862
observed_test,v2_2018_376_48h,,39,PCC,B,2.915610662966831,0.0,0.41844999560943014,0.5210045576095581,1.149999976158142,34.72425106811524,0.2733449637889862
observed_test,v2_2018_376_48h,,39,PCC,C,2.915610662966831,0.0,0.41844999560943014,0.5210045576095581,1.149999976158142,34.72425106811524,0.2733449637889862
observed_test,v2_2018_376_48h,,40,PCC,A,2.9761405680146122,0.0,0.17934583414059416,0.5631123185157776,1.149999976158142,53.24800137329102,0.2715685963630676
observed_test,v2_2018_376_48h,,40,PCC,B,2.9761405680146122,0.0,0.17934583414059416,0.5631123185157776,1.149999976158142,53.24800137329102,0.2715685963630676
observed_test,v2_2018_376_48h,,40,PCC,C,2.9761405680146122,0.0,0.17934583414059416,0.5631123185157776,1.149999976158142,53.24800137329102,0.2715685963630676
observed_test,v2_2018_376_48h,,41,PCC,A,2.912059071852747,0.0,0.03674583366284003,0.5185338854789734,1.149999976158142,53.24800137329102,0.2635834217071533
observed_test,v2_2018_376_48h,,41,PCC,B,2.912059071852747,0.0,0.03674583366284003,0.5185338854789734,1.149999976158142,53.24800137329102,0.2635834217071533
observed_test,v2_2018_376_48h,,41,PCC,C,2.912059071852747,0.0,0.03674583366284003,0.5185338854789734,1.149999976158142,53.24800137329102,0.2635834217071533
observed_test,v2_2018_376_48h,,42,PCC,A,2.888165108802557,0.0,0.0,0.501911997795105,1.149999976158142,53.24800137329102,0.2650112509727478
observed_test,v2_2018_376_48h,,42,PCC,B,2.888165108802557,0.0,0.0,0.501911997795105,1.149999976158142,53.24800137329102,0.2650112509727478
observed_test,v2_2018_376_48h,,42,PCC,C,2.888165108802557,0.0,0.0,0.501911997795105,1.149999976158142,53.24800137329102,0.2650112509727478
observed_test,v2_2018_376_48h,,43,PCC,A,2.9849615821466244,0.0,0.0,0.5692486763000488,1.149999976158142,53.24800137329102,0.2647228240966797
observed_test,v2_2018_376_48h,,43,PCC,B,2.9849615821466244,0.0,0.0,0.5692486763000488,1.149999976158142,53.24800137329102,0.2647228240966797
observed_test,v2_2018_376_48h,,43,PCC,C,2.9849615821466244,0.0,0.0,0.5692486763000488,1.149999976158142,53.24800137329102,0.2647228240966797
observed_test,v2_2018_376_48h,,44,PCC,A,2.825617614510635,0.0,0.0,0.458400696516037,1.149999976158142,53.24800137329102,0.2669733464717865
observed_test,v2_2018_376_48h,,44,PCC,B,2.825617614510635,0.0,0.0,0.458400696516037,1.149999976158142,53.24800137329102,0.2669733464717865
observed_test,v2_2018_376_48h,,44,PCC,C,2.825617614510635,0.0,0.0,0.458400696516037,1.149999976158142,53.24800137329102,0.2669733464717865
observed_test,v2_2018_376_48h,,45,PCC,A,2.740638571998929,0.0,0.0,0.39928483963012695,1.149999976158142,53.24800137329102,0.26793980598449707
observed_test,v2_2018_376_48h,,45,PCC,B,2.740638571998929,0.0,0.0,0.39928483963012695,1.149999976158142,53.24800137329102,0.26793980598449707
observed_test,v2_2018_376_48h,,45,PCC,C,2.740638571998929,0.0,0.0,0.39928483963012695,1.149999976158142,53.24800137329102,0.26793980598449707
observed_test,v2_2018_376_48h,,46,PCC,A,2.689500792288461,0.0,0.0,0.3637107312679291,1.149999976158142,53.24800137329102,0.2686484754085541
observed_test,v2_2018_376_48h,,46,PCC,B,2.689500792288461,0.0,0.0,0.3637107312679291,1.149999976158142,53.24800137329102,0.2686484754085541
observed_test,v2_2018_376_48h,,46,PCC,C,2.689500792288461,0.0,0.0,0.3637107312679291,1.149999976158142,53.24800137329102,0.2686484754085541
observed_test,v2_2018_376_48h,,47,PCC,A,2.666340906989589,0.0,0.0,0.34759950637817383,1.149999976158142,53.24800137329102,0.26784855127334595
observed_test,v2_2018_376_48h,,47,PCC,B,2.666340906989589,0.0,0.0,0.34759950637817383,1.149999976158142,53.24800137329102,0.26784855127334595
observed_test,v2_2018_376_48h,,47,PCC,C,2.666340906989589,0.0,0.0,0.34759950637817383,1.149999976158142,53.24800137329102,0.26784855127334595
observed_test,v2_2018_542_48h,,0,PCC,A,2.589738233557025,0.0,0.0,0.29431068897247314,1.149999976158142,53.24800137329102,0.3395504057407379
observed_test,v2_2018_542_48h,,0,PCC,B,2.589738233557025,0.0,0.0,0.29431068897247314,1.149999976158142,53.24800137329102,0.3395504057407379
observed_test,v2_2018_542_48h,,0,PCC,C,2.589738233557025,0.0,0.0,0.29431068897247314,1.149999976158142,53.24800137329102,0.3395504057407379
observed_test,v2_2018_542_48h,,1,PCC,A,2.6237012928594003,0.0,0.0,0.3179371654987335,1.149999976158142,53.24800137329102,0.3584844470024109
observed_test,v2_2018_542_48h,,1,PCC,B,2.6237012928594003,0.0,0.0,0.3179371654987335,1.149999976158142,53.24800137329102,0.3584844470024109
observed_test,v2_2018_542_48h,,1,PCC,C,2.6237012928594003,0.0,0.0,0.3179371654987335,1.149999976158142,53.24800137329102,0.3584844470024109
observed_test,v2_2018_542_48h,,2,PCC,A,2.4875831211508435,0.0,0.0,0.2232462614774704,1.149999976158142,53.24800137329102,0.3493867814540863
observed_test,v2_2018_542_48h,,2,PCC,B,2.4875831211508435,0.0,0.0,0.2232462614774704,1.149999976158142,53.24800137329102,0.3493867814540863
observed_test,v2_2018_542_48h,,2,PCC,C,2.4875831211508435,0.0,0.0,0.2232462614774704,1.149999976158142,53.24800137329102,0.3493867814540863
observed_test,v2_2018_542_48h,,3,PCC,A,2.5452259178952694,0.0,0.0,0.2633455991744995,1.149999976158142,53.24800137329102,0.34039369225502014
observed_test,v2_2018_542_48h,,3,PCC,B,2.5452259178952694,0.0,0.0,0.2633455991744995,1.149999976158142,53.24800137329102,0.34039369225502014
observed_test,v2_2018_542_48h,,3,PCC,C,2.5452259178952694,0.0,0.0,0.2633455991744995,1.149999976158142,53.24800137329102,0.34039369225502014
observed_test,v2_2018_542_48h,,4,PCC,A,2.6066056994782514,0.0,0.0,0.3060445785522461,1.149999976158142,53.24800137329102,0.3419335186481476
observed_test,v2_2018_542_48h,,4,PCC,B,2.6066056994782514,0.0,0.0,0.3060445785522461,1.149999976158142,53.24800137329102,0.3419335186481476
observed_test,v2_2018_542_48h,,4,PCC,C,2.6066056994782514,0.0,0.0,0.3060445785522461,1.149999976158142,53.24800137329102,0.3419335186481476
observed_test,v2_2018_542_48h,,5,PCC,A,2.5763726205374935,0.0,0.0,0.2850128710269928,1.149999976158142,53.24800137329102,0.34306105971336365
observed_test,v2_2018_542_48h,,5,PCC,B,2.5763726205374935,0.0,0.0,0.2850128710269928,1.149999976158142,53.24800137329102,0.34306105971336365
observed_test,v2_2018_542_48h,,5,PCC,C,2.5763726205374935,0.0,0.0,0.2850128710269928,1.149999976158142,53.24800137329102,0.34306105971336365
observed_test,v2_2018_542_48h,,6,PCC,A,2.7605416539868575,0.0,0.0,0.4131304621696472,1.149999976158142,53.24800137329102,0.3405168056488037
observed_test,v2_2018_542_48h,,6,PCC,B,2.7605416539868575,0.0,0.0,0.4131304621696472,1.149999976158142,53.24800137329102,0.3405168056488037
observed_test,v2_2018_542_48h,,6,PCC,C,2.7605416539868575,0.0,0.0,0.4131304621696472,1.149999976158142,53.24800137329102,0.3405168056488037
observed_test,v2_2018_542_48h,,7,PCC,A,3.0129513006293838,0.0,0.0,0.5887197852134705,1.149999976158142,53.24800137329102,0.3422624468803406
observed_test,v2_2018_542_48h,,7,PCC,B,3.0129513006293838,0.0,0.0,0.5887197852134705,1.149999976158142,53.24800137329102,0.3422624468803406
observed_test,v2_2018_542_48h,,7,PCC,C,3.0129513006293838,0.0,0.0,0.5887197852134705,1.149999976158142,53.24800137329102,0.3422624468803406
observed_test,v2_2018_542_48h,,8,PCC,A,2.7649040079514635,0.0,0.3588416541998203,0.41616514325141907,1.149999976158142,53.24800137329102,0.3416255712509155
observed_test,v2_2018_542_48h,,8,PCC,B,2.7649040079514635,0.0,0.3588416541998203,0.41616514325141907,1.149999976158142,53.24800137329102,0.3416255712509155
observed_test,v2_2018_542_48h,,8,PCC,C,2.7649040079514635,0.0,0.3588416541998203,0.41616514325141907,1.149999976158142,53.24800137329102,0.3416255712509155
observed_test,v2_2018_542_48h,,9,PCC,A,2.9051724072175276,0.0,0.72754999765983,0.5137431621551514,1.149999976158142,53.24800137329102,0.34979093074798584
observed_test,v2_2018_542_48h,,9,PCC,B,2.9051724072175276,0.0,0.72754999765983,0.5137431621551514,1.149999976158142,53.24800137329102,0.34979093074798584
observed_test,v2_2018_542_48h,,9,PCC,C,2.9051724072175276,0.0,0.72754999765983,0.5137431621551514,1.149999976158142,53.24800137329102,0.34979093074798584
observed_test,v2_2018_542_48h,,10,PCC,A,2.6904467608222724,0.0,0.953833357645915,0.3643687963485718,1.149999976158142,53.24800137329102,0.3513350784778595
observed_test,v2_2018_542_48h,,10,PCC,B,2.6904467608222724,0.0,0.953833357645915,0.3643687963485718,1.149999976158142,53.24800137329102,0.3513350784778595
observed_test,v2_2018_542_48h,,10,PCC,C,2.6904467608222724,0.0,0.953833357645915,0.3643687963485718,1.149999976158142,53.24800137329102,0.3513350784778595
observed_test,v2_2018_542_48h,,11,PCC,A,2.686130632121376,0.0,1.0817833817922151,0.36136627197265625,1.149999976158142,53.24800137329102,0.352043479681015
observed_test,v2_2018_542_48h,,11,PCC,B,2.686130632121376,0.0,1.0817833817922151,0.36136627197265625,1.149999976158142,53.24800137329102,0.352043479681015
observed_test,v2_2018_542_48h,,11,PCC,C,2.686130632121376,0.0,1.0817833817922151,0.36136627197265625,1.149999976158142,53.24800137329102,0.352043479681015
observed_test,v2_2018_542_48h,,12,PCC,A,2.940481482794702,0.0,1.118341661416567,0.5383059978485107,1.149999976158142,53.24800137329102,0.35197725892066956
observed_test,v2_2018_542_48h,,12,PCC,B,2.940481482794702,0.0,1.118341661416567,0.5383059978485107,1.149999976158142,53.24800137329102,0.35197725892066956
observed_test,v2_2018_542_48h,,12,PCC,C,2.940481482794702,0.0,1.118341661416567,0.5383059978485107,1.149999976158142,53.24800137329102,0.35197725892066956
observed_test,v2_2018_542_48h,,13,PCC,A,3.033735447282245,0.0,1.041087508201599,0.6031783223152161,1.149999976158142,53.24800137329102,0.3435025215148926
observed_test,v2_2018_542_48h,,13,PCC,B,3.033735447282245,0.0,1.041087508201599,0.6031783223152161,1.149999976158142,53.24800137329102,0.3435025215148926
observed_test,v2_2018_542_48h,,13,PCC,C,3.033735447282245,0.0,1.041087508201599,0.6031783223152161,1.149999976158142,53.24800137329102,0.3435025215148926
observed_test,v2_2018_542_48h,,14,PCC,A,3.1232014249141358,0.0,0.5646666655173668,0.6654155254364014,1.149999976158142,53.24800137329102,0.33751198649406433
observed_test,v2_2018_542_48h,,14,PCC,B,3.1232014249141358,0.0,0.5646666655173668,0.6654155254364014,1.149999976158142,53.24800137329102,0.33751198649406433
observed_test,v2_2018_542_48h,,14,PCC,C,3.1232014249141358,0.0,0.5646666655173668,0.6654155254364014,1.149999976158142,53.24800137329102,0.33751198649406433
observed_test,v2_2018_542_48h,,15,PCC,A,2.915610662966831,0.0,0.1549166698868458,0.5210045576095581,1.149999976158142,53.24800137329102,0.3310859501361847
observed_test,v2_2018_542_48h,,15,PCC,B,2.915610662966831,0.0,0.1549166698868458,0.5210045576095581,1.149999976158142,53.24800137329102,0.3310859501361847
observed_test,v2_2018_542_48h,,15,PCC,C,2.915610662966831,0.0,0.1549166698868458,0.5210045576095581,1.149999976158142,53.24800137329102,0.3310859501361847
observed_test,v2_2018_542_48h,,16,PCC,A,2.9761405680146122,0.0,0.05527916722572767,0.5631123185157776,1.149999976158142,53.24800137329102,0.32164841890335083
observed_test,v2_2018_542_48h,,16,PCC,B,2.9761405680146122,0.0,0.05527916722572767,0.5631123185157776,1.149999976158142,53.24800137329102,0.32164841890335083
observed_test,v2_2018_542_48h,,16,PCC,C,2.9761405680146122,0.0,0.05527916722572767,0.5631123185157776,1.149999976158142,53.24800137329102,0.32164841890335083
observed_test,v2_2018_542_48h,,17,PCC,A,2.912059071852747,0.0,0.0,0.5185338854789734,1.149999976158142,53.24800137329102,0.2997533977031708
observed_test,v2_2018_542_48h,,17,PCC,B,2.912059071852747,0.0,0.0,0.5185338854789734,1.149999976158142,53.24800137329102,0.2997533977031708
observed_test,v2_2018_542_48h,,17,PCC,C,2.912059071852747,0.0,0.0,0.5185338854789734,1.149999976158142,53.24800137329102,0.2997533977031708
observed_test,v2_2018_542_48h,,18,PCC,A,2.888165108802557,0.0,0.0,0.501911997795105,1.149999976158142,53.24800137329102,0.2852819263935089
observed_test,v2_2018_542_48h,,18,PCC,B,2.888165108802557,0.0,0.0,0.501911997795105,1.149999976158142,53.24800137329102,0.2852819263935089
observed_test,v2_2018_542_48h,,18,PCC,C,2.888165108802557,0.0,0.0,0.501911997795105,1.149999976158142,53.24800137329102,0.2852819263935089
observed_test,v2_2018_542_48h,,19,PCC,A,2.9849615821466244,0.0,0.0,0.5692486763000488,1.149999976158142,53.24800137329102,0.2762019634246826
observed_test,v2_2018_542_48h,,19,PCC,B,2.9849615821466244,0.0,0.0,0.5692486763000488,1.149999976158142,53.24800137329102,0.2762019634246826
observed_test,v2_2018_542_48h,,19,PCC,C,2.9849615821466244,0.0,0.0,0.5692486763000488,1.149999976158142,53.24800137329102,0.2762019634246826
observed_test,v2_2018_542_48h,,20,PCC,A,2.825617614510635,0.0,0.0,0.458400696516037,1.149999976158142,53.24800137329102,0.2631073296070099
observed_test,v2_2018_542_48h,,20,PCC,B,2.825617614510635,0.0,0.0,0.458400696516037,1.149999976158142,53.24800137329102,0.2631073296070099
observed_test,v2_2018_542_48h,,20,PCC,C,2.825617614510635,0.0,0.0,0.458400696516037,1.149999976158142,53.24800137329102,0.2631073296070099
observed_test,v2_2018_542_48h,,21,PCC,A,2.740638571998929,0.0,0.0,0.39928483963012695,1.149999976158142,53.24800137329102,0.2648462951183319
observed_test,v2_2018_542_48h,,21,PCC,B,2.740638571998929,0.0,0.0,0.39928483963012695,1.149999976158142,53.24800137329102,0.2648462951183319
observed_test,v2_2018_542_48h,,21,PCC,C,2.740638571998929,0.0,0.0,0.39928483963012695,1.149999976158142,53.24800137329102,0.2648462951183319
observed_test,v2_2018_542_48h,,22,PCC,A,2.689500792288461,0.0,0.0,0.3637107312679291,1.149999976158142,53.24800137329102,0.27600327134132385
observed_test,v2_2018_542_48h,,22,PCC,B,2.689500792288461,0.0,0.0,0.3637107312679291,1.149999976158142,53.24800137329102,0.27600327134132385
observed_test,v2_2018_542_48h,,22,PCC,C,2.689500792288461,0.0,0.0,0.3637107312679291,1.149999976158142,53.24800137329102,0.27600327134132385
observed_test,v2_2018_542_48h,,23,PCC,A,2.666340906989589,0.0,0.0,0.34759950637817383,1.149999976158142,53.24800137329102,0.279354065656662
observed_test,v2_2018_542_48h,,23,PCC,B,2.666340906989589,0.0,0.0,0.34759950637817383,1.149999976158142,53.24800137329102,0.279354065656662
observed_test,v2_2018_542_48h,,23,PCC,C,2.666340906989589,0.0,0.0,0.34759950637817383,1.149999976158142,53.24800137329102,0.279354065656662
observed_test,v2_2018_542_48h,,24,PCC,A,2.589738233557025,0.0,0.0,0.29431068897247314,1.149999976158142,53.24800137329102,0.2890777885913849
observed_test,v2_2018_542_48h,,24,PCC,B,2.589738233557025,0.0,0.0,0.29431068897247314,1.149999976158142,53.24800137329102,0.2890777885913849
observed_test,v2_2018_542_48h,,24,PCC,C,2.589738233557025,0.0,0.0,0.29431068897247314,1.149999976158142,53.24800137329102,0.2890777885913849
observed_test,v2_2018_542_48h,,25,PCC,A,2.6237012928594003,0.0,0.0,0.3179371654987335,1.149999976158142,34.72425106811524,0.3088434636592865
observed_test,v2_2018_542_48h,,25,PCC,B,2.6237012928594003,0.0,0.0,0.3179371654987335,1.149999976158142,34.72425106811524,0.3088434636592865
observed_test,v2_2018_542_48h,,25,PCC,C,2.6237012928594003,0.0,0.0,0.3179371654987335,1.149999976158142,34.72425106811524,0.3088434636592865
observed_test,v2_2018_542_48h,,26,PCC,A,2.4875831211508435,0.0,0.0,0.2232462614774704,1.149999976158142,34.72425106811524,0.3097779154777527
observed_test,v2_2018_542_48h,,26,PCC,B,2.4875831211508435,0.0,0.0,0.2232462614774704,1.149999976158142,34.72425106811524,0.3097779154777527
observed_test,v2_2018_542_48h,,26,PCC,C,2.4875831211508435,0.0,0.0,0.2232462614774704,1.149999976158142,34.72425106811524,0.3097779154777527
observed_test,v2_2018_542_48h,,27,PCC,A,2.5452259178952694,0.0,0.0,0.2633455991744995,1.149999976158142,53.24800137329102,0.31163012981414795
observed_test,v2_2018_542_48h,,27,PCC,B,2.5452259178952694,0.0,0.0,0.2633455991744995,1.149999976158142,53.24800137329102,0.31163012981414795
observed_test,v2_2018_542_48h,,27,PCC,C,2.5452259178952694,0.0,0.0,0.2633455991744995,1.149999976158142,53.24800137329102,0.31163012981414795
observed_test,v2_2018_542_48h,,28,PCC,A,2.6066056994782514,0.0,0.0,0.3060445785522461,1.149999976158142,53.24800137329102,0.32150399684906006
observed_test,v2_2018_542_48h,,28,PCC,B,2.6066056994782514,0.0,0.0,0.3060445785522461,1.149999976158142,53.24800137329102,0.32150399684906006
observed_test,v2_2018_542_48h,,28,PCC,C,2.6066056994782514,0.0,0.0,0.3060445785522461,1.149999976158142,53.24800137329102,0.32150399684906006
observed_test,v2_2018_542_48h,,29,PCC,A,2.5763726205374935,0.0,0.0,0.2850128710269928,1.149999976158142,53.24800137329102,0.3338591456413269
observed_test,v2_2018_542_48h,,29,PCC,B,2.5763726205374935,0.0,0.0,0.2850128710269928,1.149999976158142,53.24800137329102,0.3338591456413269
observed_test,v2_2018_542_48h,,29,PCC,C,2.5763726205374935,0.0,0.0,0.2850128710269928,1.149999976158142,53.24800137329102,0.3338591456413269
observed_test,v2_2018_542_48h,,30,PCC,A,2.7605416539868575,0.0,0.0,0.4131304621696472,1.149999976158142,121.88174847412108,0.3498738408088684
observed_test,v2_2018_542_48h,,30,PCC,B,2.7605416539868575,0.0,0.0,0.4131304621696472,1.149999976158142,121.88174847412108,0.3498738408088684
observed_test,v2_2018_542_48h,,30,PCC,C,2.7605416539868575,0.0,0.0,0.4131304621696472,1.149999976158142,121.88174847412108,0.3498738408088684
observed_test,v2_2018_542_48h,,31,PCC,A,3.0129513006293838,0.0,0.0,0.5887197852134705,1.149999976158142,121.88174847412108,0.3462944030761719
observed_test,v2_2018_542_48h,,31,PCC,B,3.0129513006293838,0.0,0.0,0.5887197852134705,1.149999976158142,121.88174847412108,0.3462944030761719
observed_test,v2_2018_542_48h,,31,PCC,C,3.0129513006293838,0.0,0.0,0.5887197852134705,1.149999976158142,121.88174847412108,0.3462944030761719
observed_test,v2_2018_542_48h,,32,PCC,A,2.7649040079514635,0.0,0.3556791692972183,0.41616514325141907,1.149999976158142,121.88174847412108,0.3434279263019562
observed_test,v2_2018_542_48h,,32,PCC,B,2.7649040079514635,0.0,0.3556791692972183,0.41616514325141907,1.149999976158142,121.88174847412108,0.3434279263019562
observed_test,v2_2018_542_48h,,32,PCC,C,2.7649040079514635,0.0,0.3556791692972183,0.41616514325141907,1.149999976158142,121.88174847412108,0.3434279263019562
observed_test,v2_2018_542_48h,,33,PCC,A,2.9051724072175276,0.0,0.698012514756276,0.5137431621551514,1.149999976158142,121.88174847412108,0.34227651357650757
observed_test,v2_2018_542_48h,,33,PCC,B,2.9051724072175276,0.0,0.698012514756276,0.5137431621551514,1.149999976158142,121.88174847412108,0.34227651357650757
observed_test,v2_2018_542_48h,,33,PCC,C,2.9051724072175276,0.0,0.698012514756276,0.5137431621551514,1.149999976158142,121.88174847412108,0.34227651357650757
observed_test,v2_2018_542_48h,,34,PCC,A,2.6904467608222724,0.0,1.0104208038403437,0.3643687963485718,1.149999976158142,53.24800137329102,0.34157341718673706
observed_test,v2_2018_542_48h,,34,PCC,B,2.6904467608222724,0.0,1.0104208038403437,0.3643687963485718,1.149999976158142,53.24800137329102,0.34157341718673706
observed_test,v2_2018_542_48h,,34,PCC,C,2.6904467608222724,0.0,1.0104208038403437,0.3643687963485718,1.149999976158142,53.24800137329102,0.34157341718673706
observed_test,v2_2018_542_48h,,35,PCC,A,2.686130632121376,0.0,1.1441833697832546,0.36136627197265625,1.149999976158142,53.24800137329102,0.33814752101898193
observed_test,v2_2018_542_48h,,35,PCC,B,2.686130632121376,0.0,1.1441833697832546,0.36136627197265625,1.149999976158142,53.24800137329102,0.33814752101898193
observed_test,v2_2018_542_48h,,35,PCC,C,2.686130632121376,0.0,1.1441833697832546,0.36136627197265625,1.149999976158142,53.24800137329102,0.33814752101898193
observed_test,v2_2018_542_48h,,36,PCC,A,2.940481482794702,0.0,1.17980413711988,0.5383059978485107,1.149999976158142,34.72425106811524,0.33659231662750244
observed_test,v2_2018_542_48h,,36,PCC,B,2.940481482794702,0.0,1.17980413711988,0.5383059978485107,1.149999976158142,34.72425106811524,0.33659231662750244
observed_test,v2_2018_542_48h,,36,PCC,C,2.940481482794702,0.0,1.17980413711988,0.5383059978485107,1.149999976158142,34.72425106811524,0.33659231662750244
observed_test,v2_2018_542_48h,,37,PCC,A,3.033735447282245,0.0,1.1227749861203706,0.6031783223152161,1.149999976158142,34.72425106811524,0.3255828320980072
observed_test,v2_2018_542_48h,,37,PCC,B,3.033735447282245,0.0,1.1227749861203706,0.6031783223152161,1.149999976158142,34.72425106811524,0.3255828320980072
observed_test,v2_2018_542_48h,,37,PCC,C,3.033735447282245,0.0,1.1227749861203706,0.6031783223152161,1.149999976158142,34.72425106811524,0.3255828320980072
observed_test,v2_2018_542_48h,,38,PCC,A,3.1232014249141358,0.0,0.9750958818655747,0.6654155254364014,1.149999976158142,34.72425106811524,0.31709447503089905
observed_test,v2_2018_542_48h,,38,PCC,B,3.1232014249141358,0.0,0.9750958818655747,0.6654155254364014,1.149999976158142,34.72425106811524,0.31709447503089905
observed_test,v2_2018_542_48h,,38,PCC,C,3.1232014249141358,0.0,0.9750958818655747,0.6654155254364014,1.149999976158142,34.72425106811524,0.31709447503089905
observed_test,v2_2018_542_48h,,39,PCC,A,2.915610662966831,0.0,0.7193541870667383,0.5210045576095581,1.149999976158142,34.72425106811524,0.3180161416530609
observed_test,v2_2018_542_48h,,39,PCC,B,2.915610662966831,0.0,0.7193541870667383,0.5210045576095581,1.149999976158142,34.72425106811524,0.3180161416530609
observed_test,v2_2018_542_48h,,39,PCC,C,2.915610662966831,0.0,0.7193541870667383,0.5210045576095581,1.149999976158142,34.72425106811524,0.3180161416530609
observed_test,v2_2018_542_48h,,40,PCC,A,2.9761405680146122,0.0,0.3309583434691796,0.5631123185157776,1.149999976158142,53.24800137329102,0.31527936458587646
observed_test,v2_2018_542_48h,,40,PCC,B,2.9761405680146122,0.0,0.3309583434691796,0.5631123185157776,1.149999976158142,53.24800137329102,0.31527936458587646
observed_test,v2_2018_542_48h,,40,PCC,C,2.9761405680146122,0.0,0.3309583434691796,0.5631123185157776,1.149999976158142,53.24800137329102,0.31527936458587646
observed_test,v2_2018_542_48h,,41,PCC,A,2.912059071852747,0.0,0.0,0.5185338854789734,1.149999976158142,53.24800137329102,0.2851102352142334
observed_test,v2_2018_542_48h,,41,PCC,B,2.912059071852747,0.0,0.0,0.5185338854789734,1.149999976158142,53.24800137329102,0.2851102352142334
observed_test,v2_2018_542_48h,,41,PCC,C,2.912059071852747,0.0,0.0,0.5185338854789734,1.149999976158142,53.24800137329102,0.2851102352142334
observed_test,v2_2018_542_48h,,42,PCC,A,2.888165108802557,0.0,0.0,0.501911997795105,1.149999976158142,53.24800137329102,0.2613919973373413
observed_test,v2_2018_542_48h,,42,PCC,B,2.888165108802557,0.0,0.0,0.501911997795105,1.149999976158142,53.24800137329102,0.2613919973373413
observed_test,v2_2018_542_48h,,42,PCC,C,2.888165108802557,0.0,0.0,0.501911997795105,1.149999976158142,53.24800137329102,0.2613919973373413
observed_test,v2_2018_542_48h,,43,PCC,A,2.9849615821466244,0.0,0.0,0.5692486763000488,1.149999976158142,53.24800137329102,0.24509786069393158
observed_test,v2_2018_542_48h,,43,PCC,B,2.9849615821466244,0.0,0.0,0.5692486763000488,1.149999976158142,53.24800137329102,0.24509786069393158
observed_test,v2_2018_542_48h,,43,PCC,C,2.9849615821466244,0.0,0.0,0.5692486763000488,1.149999976158142,53.24800137329102,0.24509786069393158
observed_test,v2_2018_542_48h,,44,PCC,A,2.825617614510635,0.0,0.0,0.458400696516037,1.149999976158142,53.24800137329102,0.24263539910316467
observed_test,v2_2018_542_48h,,44,PCC,B,2.825617614510635,0.0,0.0,0.458400696516037,1.149999976158142,53.24800137329102,0.24263539910316467
observed_test,v2_2018_542_48h,,44,PCC,C,2.825617614510635,0.0,0.0,0.458400696516037,1.149999976158142,53.24800137329102,0.24263539910316467
observed_test,v2_2018_542_48h,,45,PCC,A,2.740638571998929,0.0,0.0,0.39928483963012695,1.149999976158142,53.24800137329102,0.24301493167877197
observed_test,v2_2018_542_48h,,45,PCC,B,2.740638571998929,0.0,0.0,0.39928483963012695,1.149999976158142,53.24800137329102,0.24301493167877197
observed_test,v2_2018_542_48h,,45,PCC,C,2.740638571998929,0.0,0.0,0.39928483963012695,1.149999976158142,53.24800137329102,0.24301493167877197
observed_test,v2_2018_542_48h,,46,PCC,A,2.689500792288461,0.0,0.0,0.3637107312679291,1.149999976158142,53.24800137329102,0.24866795539855957
observed_test,v2_2018_542_48h,,46,PCC,B,2.689500792288461,0.0,0.0,0.3637107312679291,1.149999976158142,53.24800137329102,0.24866795539855957
observed_test,v2_2018_542_48h,,46,PCC,C,2.689500792288461,0.0,0.0,0.3637107312679291,1.149999976158142,53.24800137329102,0.24866795539855957
observed_test,v2_2018_542_48h,,47,PCC,A,2.666340906989589,0.0,0.0,0.34759950637817383,1.149999976158142,53.24800137329102,0.26080694794654846
observed_test,v2_2018_542_48h,,47,PCC,B,2.666340906989589,0.0,0.0,0.34759950637817383,1.149999976158142,53.24800137329102,0.26080694794654846
observed_test,v2_2018_542_48h,,47,PCC,C,2.666340906989589,0.0,0.0,0.34759950637817383,1.149999976158142,53.24800137329102,0.26080694794654846
observed_test,v2_2018_429_48h,,0,PCC,A,2.589738233557025,0.0,0.0,0.29431068897247314,1.149999976158142,53.24800137329102,0.29204216599464417
observed_test,v2_2018_429_48h,,0,PCC,B,2.589738233557025,0.0,0.0,0.29431068897247314,1.149999976158142,53.24800137329102,0.29204216599464417
observed_test,v2_2018_429_48h,,0,PCC,C,2.589738233557025,0.0,0.0,0.29431068897247314,1.149999976158142,53.24800137329102,0.29204216599464417
observed_test,v2_2018_429_48h,,1,PCC,A,2.6237012928594003,0.0,0.0,0.3179371654987335,1.149999976158142,34.72425106811524,0.28155291080474854
observed_test,v2_2018_429_48h,,1,PCC,B,2.6237012928594003,0.0,0.0,0.3179371654987335,1.149999976158142,34.72425106811524,0.28155291080474854
observed_test,v2_2018_429_48h,,1,PCC,C,2.6237012928594003,0.0,0.0,0.3179371654987335,1.149999976158142,34.72425106811524,0.28155291080474854
observed_test,v2_2018_429_48h,,2,PCC,A,2.4875831211508435,0.0,0.0,0.2232462614774704,1.149999976158142,34.72425106811524,0.30299630761146545
observed_test,v2_2018_429_48h,,2,PCC,B,2.4875831211508435,0.0,0.0,0.2232462614774704,1.149999976158142,34.72425106811524,0.30299630761146545
observed_test,v2_2018_429_48h,,2,PCC,C,2.4875831211508435,0.0,0.0,0.2232462614774704,1.149999976158142,34.72425106811524,0.30299630761146545
observed_test,v2_2018_429_48h,,3,PCC,A,2.5452259178952694,0.0,0.0,0.2633455991744995,1.149999976158142,34.72425106811524,0.29573163390159607
observed_test,v2_2018_429_48h,,3,PCC,B,2.5452259178952694,0.0,0.0,0.2633455991744995,1.149999976158142,34.72425106811524,0.29573163390159607
observed_test,v2_2018_429_48h,,3,PCC,C,2.5452259178952694,0.0,0.0,0.2633455991744995,1.149999976158142,34.72425106811524,0.29573163390159607
observed_test,v2_2018_429_48h,,4,PCC,A,2.6066056994782514,0.0,0.0,0.3060445785522461,1.149999976158142,34.72425106811524,0.2604200541973114
observed_test,v2_2018_429_48h,,4,PCC,B,2.6066056994782514,0.0,0.0,0.3060445785522461,1.149999976158142,34.72425106811524,0.2604200541973114
observed_test,v2_2018_429_48h,,4,PCC,C,2.6066056994782514,0.0,0.0,0.3060445785522461,1.149999976158142,34.72425106811524,0.2604200541973114
observed_test,v2_2018_429_48h,,5,PCC,A,2.5763726205374935,0.0,0.004345833216435634,0.2850128710269928,1.149999976158142,34.72425106811524,0.24564382433891296
observed_test,v2_2018_429_48h,,5,PCC,B,2.5763726205374935,0.0,0.004345833216435634,0.2850128710269928,1.149999976158142,34.72425106811524,0.24564382433891296
observed_test,v2_2018_429_48h,,5,PCC,C,2.5763726205374935,0.0,0.004345833216435634,0.2850128710269928,1.149999976158142,34.72425106811524,0.24564382433891296
observed_test,v2_2018_429_48h,,6,PCC,A,2.7605416539868575,0.0,0.09664583664674024,0.4131304621696472,1.149999976158142,53.24800137329102,0.23213675618171692
observed_test,v2_2018_429_48h,,6,PCC,B,2.7605416539868575,0.0,0.09664583664674024,0.4131304621696472,1.149999976158142,53.24800137329102,0.23213675618171692
observed_test,v2_2018_429_48h,,6,PCC,C,2.7605416539868575,0.0,0.09664583664674024,0.4131304621696472,1.149999976158142,53.24800137329102,0.23213675618171692
observed_test,v2_2018_429_48h,,7,PCC,A,3.0315111269718575,0.0,0.36419584200932426,0.5887197852134705,1.1577249765396118,53.24800137329102,0.22217637300491333
observed_test,v2_2018_429_48h,,7,PCC,B,3.0315111269718575,0.0,0.36419584200932426,0.5887197852134705,1.1577249765396118,53.24800137329102,0.22217637300491333
observed_test,v2_2018_429_48h,,7,PCC,C,3.0315111269718575,0.0,0.36419584200932426,0.5887197852134705,1.1577249765396118,53.24800137329102,0.22217637300491333
observed_test,v2_2018_429_48h,,8,PCC,A,2.824933598931836,0.0,0.6265041919854971,0.41616514325141907,1.1774499416351318,53.24800137329102,0.2238142341375351
observed_test,v2_2018_429_48h,,8,PCC,B,2.824933598931836,0.0,0.6265041919854971,0.41616514325141907,1.1774499416351318,53.24800137329102,0.2238142341375351
observed_test,v2_2018_429_48h,,8,PCC,C,2.824933598931836,0.0,0.6265041919854971,0.41616514325141907,1.1774499416351318,53.24800137329102,0.2238142341375351
observed_test,v2_2018_429_48h,,9,PCC,A,3.013399545625056,0.0,0.9129583262480221,0.5137431621551514,1.196874976158142,53.24800137329102,0.2249642014503479
observed_test,v2_2018_429_48h,,9,PCC,B,3.013399545625056,0.0,0.9129583262480221,0.5137431621551514,1.196874976158142,53.24800137329102,0.2249642014503479
observed_test,v2_2018_429_48h,,9,PCC,C,3.013399545625056,0.0,0.9129583262480221,0.5137431621551514,1.196874976158142,53.24800137329102,0.2249642014503479
observed_test,v2_2018_429_48h,,10,PCC,A,2.8083840335723096,0.0,1.0779166450867286,0.3643687963485718,1.2055749893188477,53.24800137329102,0.22651337087154388
observed_test,v2_2018_429_48h,,10,PCC,B,2.8083840335723096,0.0,1.0779166450867286,0.3643687963485718,1.2055749893188477,53.24800137329102,0.22651337087154388
observed_test,v2_2018_429_48h,,10,PCC,C,2.8083840335723096,0.0,1.0779166450867286,0.3643687963485718,1.2055749893188477,53.24800137329102,0.22651337087154388
observed_test,v2_2018_429_48h,,11,PCC,A,2.8133920751545247,0.0,1.1748875562961285,0.36136627197265625,1.2100750207901,53.24800137329102,0.23188455402851105
observed_test,v2_2018_429_48h,,11,PCC,B,2.8133920751545247,0.0,1.1748875562961285,0.36136627197265625,1.2100750207901,53.24800137329102,0.23188455402851105
observed_test,v2_2018_429_48h,,11,PCC,C,2.8133920751545247,0.0,1.1748875562961285,0.36136627197265625,1.2100750207901,53.24800137329102,0.23188455402851105
observed_test,v2_2018_429_48h,,12,PCC,A,3.0861184606444803,0.0,1.1984041103949912,0.5383059978485107,1.212249994277954,53.24800137329102,0.24851679801940918
observed_test,v2_2018_429_48h,,12,PCC,B,3.0861184606444803,0.0,1.1984041103949912,0.5383059978485107,1.212249994277954,53.24800137329102,0.24851679801940918
observed_test,v2_2018_429_48h,,12,PCC,C,3.0861184606444803,0.0,1.1984041103949912,0.5383059978485107,1.212249994277954,53.24800137329102,0.24851679801940918
observed_test,v2_2018_429_48h,,13,PCC,A,3.1862356524415003,0.0,1.1479457983603842,0.6031783223152161,1.212999939918518,53.24800137329102,0.2552449107170105
observed_test,v2_2018_429_48h,,13,PCC,B,3.1862356524415003,0.0,1.1479457983603842,0.6031783223152161,1.212999939918518,53.24800137329102,0.2552449107170105
observed_test,v2_2018_429_48h,,13,PCC,C,3.1862356524415003,0.0,1.1479457983603842,0.6031783223152161,1.212999939918518,53.24800137329102,0.2552449107170105
observed_test,v2_2018_429_48h,,14,PCC,A,3.279291133779767,0.0,1.0272750487694373,0.6654155254364014,1.2124749422073364,53.24800137329102,0.2668544054031372
observed_test,v2_2018_429_48h,,14,PCC,B,3.279291133779767,0.0,1.0272750487694373,0.6654155254364014,1.2124749422073364,53.24800137329102,0.2668544054031372
observed_test,v2_2018_429_48h,,14,PCC,C,3.279291133779767,0.0,1.0272750487694373,0.6654155254364014,1.2124749422073364,53.24800137329102,0.2668544054031372
observed_test,v2_2018_429_48h,,15,PCC,A,3.0545120682095734,0.0,0.5650750146462367,0.5210045576095581,1.2099249362945557,53.24800137329102,0.2685477137565613
observed_test,v2_2018_429_48h,,15,PCC,B,3.0545120682095734,0.0,0.5650750146462367,0.5210045576095581,1.2099249362945557,53.24800137329102,0.2685477137565613
observed_test,v2_2018_429_48h,,15,PCC,C,3.0545120682095734,0.0,0.5650750146462367,0.5210045576095581,1.2099249362945557,53.24800137329102,0.2685477137565613
observed_test,v2_2018_429_48h,,16,PCC,A,3.108773343854152,0.0,0.24580416771081773,0.5631123185157776,1.2059500217437744,53.24800137329102,0.2619698643684387
observed_test,v2_2018_429_48h,,16,PCC,B,3.108773343854152,0.0,0.24580416771081773,0.5631123185157776,1.2059500217437744,53.24800137329102,0.2619698643684387
observed_test,v2_2018_429_48h,,16,PCC,C,3.108773343854152,0.0,0.24580416771081773,0.5631123185157776,1.2059500217437744,53.24800137329102,0.2619698643684387
observed_test,v2_2018_429_48h,,17,PCC,A,3.0214350545221724,0.0,0.07404583291365549,0.5185338854789734,1.1972500085830688,53.24800137329102,0.2320890873670578
observed_test,v2_2018_429_48h,,17,PCC,B,3.0214350545221724,0.0,0.07404583291365549,0.5185338854789734,1.1972500085830688,53.24800137329102,0.2320890873670578
observed_test,v2_2018_429_48h,,17,PCC,C,3.0214350545221724,0.0,0.07404583291365549,0.5185338854789734,1.1972500085830688,53.24800137329102,0.2320890873670578
observed_test,v2_2018_429_48h,,18,PCC,A,2.9741922883937755,0.0,0.0005333333459790222,0.501911997795105,1.1875,121.88174847412108,0.21596577763557434
observed_test,v2_2018_429_48h,,18,PCC,B,2.9741922883937755,0.0,0.0005333333459790222,0.501911997795105,1.1875,121.88174847412108,0.21596577763557434
observed_test,v2_2018_429_48h,,18,PCC,C,2.9741922883937755,0.0,0.0005333333459790222,0.501911997795105,1.1875,121.88174847412108,0.21596577763557434
observed_test,v2_2018_429_48h,,19,PCC,A,3.0457848501078786,0.0,0.0,0.5692486763000488,1.1755750179290771,121.88174847412108,0.20615766942501068
observed_test,v2_2018_429_48h,,19,PCC,B,3.0457848501078786,0.0,0.0,0.5692486763000488,1.1755750179290771,121.88174847412108,0.20615766942501068
observed_test,v2_2018_429_48h,,19,PCC,C,3.0457848501078786,0.0,0.0,0.5692486763000488,1.1755750179290771,121.88174847412108,0.20615766942501068
observed_test,v2_2018_429_48h,,20,PCC,A,2.873490642683217,0.0,0.0,0.458400696516037,1.171375036239624,121.88174847412108,0.2008131742477417
observed_test,v2_2018_429_48h,,20,PCC,B,2.873490642683217,0.0,0.0,0.458400696516037,1.171375036239624,121.88174847412108,0.2008131742477417
observed_test,v2_2018_429_48h,,20,PCC,C,2.873490642683217,0.0,0.0,0.458400696516037,1.171375036239624,121.88174847412108,0.2008131742477417
observed_test,v2_2018_429_48h,,21,PCC,A,2.7778356299988283,0.0,0.0,0.39928483963012695,1.1671749353408813,53.24800137329102,0.1999589502811432
observed_test,v2_2018_429_48h,,21,PCC,B,2.7778356299988283,0.0,0.0,0.39928483963012695,1.1671749353408813,53.24800137329102,0.1999589502811432
observed_test,v2_2018_429_48h,,21,PCC,C,2.7778356299988283,0.0,0.0,0.39928483963012695,1.1671749353408813,53.24800137329102,0.1999589502811432
observed_test,v2_2018_429_48h,,22,PCC,A,2.71718373902944,0.0,0.0,0.3637107312679291,1.1630499362945557,53.24800137329102,0.20652389526367188
observed_test,v2_2018_429_48h,,22,PCC,B,2.71718373902944,0.0,0.0,0.3637107312679291,1.1630499362945557,53.24800137329102,0.20652389526367188
observed_test,v2_2018_429_48h,,22,PCC,C,2.71718373902944,0.0,0.0,0.3637107312679291,1.1630499362945557,53.24800137329102,0.20652389526367188
observed_test,v2_2018_429_48h,,23,PCC,A,2.6861968395933076,0.0,0.0,0.34759950637817383,1.1594499349594116,53.24800137329102,0.24197621643543243
observed_test,v2_2018_429_48h,,23,PCC,B,2.6861968395933076,0.0,0.0,0.34759950637817383,1.1594499349594116,53.24800137329102,0.24197621643543243
observed_test,v2_2018_429_48h,,23,PCC,C,2.6861968395933076,0.0,0.0,0.34759950637817383,1.1594499349594116,53.24800137329102,0.24197621643543243
observed_test,v2_2018_429_48h,,24,PCC,A,2.6025558743519603,0.0,0.0,0.29431068897247314,1.1562999486923218,53.24800137329102,0.2597443163394928
observed_test,v2_2018_429_48h,,24,PCC,B,2.6025558743519603,0.0,0.0,0.29431068897247314,1.1562999486923218,53.24800137329102,0.2597443163394928
observed_test,v2_2018_429_48h,,24,PCC,C,2.6025558743519603,0.0,0.0,0.29431068897247314,1.1562999486923218,53.24800137329102,0.2597443163394928
observed_test,v2_2018_429_48h,,25,PCC,A,2.6315963252094527,0.0,0.0,0.3179371654987335,1.1538249254226685,53.24800137329102,0.2683746814727783
observed_test,v2_2018_429_48h,,25,PCC,B,2.6315963252094527,0.0,0.0,0.3179371654987335,1.1538249254226685,53.24800137329102,0.2683746814727783
observed_test,v2_2018_429_48h,,25,PCC,C,2.6315963252094527,0.0,0.0,0.3179371654987335,1.1538249254226685,53.24800137329102,0.2683746814727783
observed_test,v2_2018_429_48h,,26,PCC,A,2.4893343318315697,0.0,0.0,0.2232462614774704,1.1509000062942505,53.24800137329102,0.28207725286483765
observed_test,v2_2018_429_48h,,26,PCC,B,2.4893343318315697,0.0,0.0,0.2232462614774704,1.1509000062942505,53.24800137329102,0.28207725286483765
observed_test,v2_2018_429_48h,,26,PCC,C,2.4893343318315697,0.0,0.0,0.2232462614774704,1.1509000062942505,53.24800137329102,0.28207725286483765
observed_test,v2_2018_429_48h,,27,PCC,A,2.5452259178952694,0.0,0.0,0.2633455991744995,1.149999976158142,53.24800137329102,0.29512742161750793
observed_test,v2_2018_429_48h,,27,PCC,B,2.5452259178952694,0.0,0.0,0.2633455991744995,1.149999976158142,53.24800137329102,0.29512742161750793
observed_test,v2_2018_429_48h,,27,PCC,C,2.5452259178952694,0.0,0.0,0.2633455991744995,1.149999976158142,53.24800137329102,0.29512742161750793
observed_test,v2_2018_429_48h,,28,PCC,A,2.6066056994782514,0.0,0.0,0.3060445785522461,1.149999976158142,53.24800137329102,0.2957279682159424
observed_test,v2_2018_429_48h,,28,PCC,B,2.6066056994782514,0.0,0.0,0.3060445785522461,1.149999976158142,53.24800137329102,0.2957279682159424
observed_test,v2_2018_429_48h,,28,PCC,C,2.6066056994782514,0.0,0.0,0.3060445785522461,1.149999976158142,53.24800137329102,0.2957279682159424
observed_test,v2_2018_429_48h,,29,PCC,A,2.5786483755153378,0.0,0.005070833363928474,0.2850128710269928,1.1511249542236328,53.24800137329102,0.2854676842689514
observed_test,v2_2018_429_48h,,29,PCC,B,2.5786483755153378,0.0,0.005070833363928474,0.2850128710269928,1.1511249542236328,53.24800137329102,0.2854676842689514
observed_test,v2_2018_429_48h,,29,PCC,C,2.5786483755153378,0.0,0.005070833363928474,0.2850128710269928,1.1511249542236328,53.24800137329102,0.2854676842689514
observed_test,v2_2018_429_48h,,30,PCC,A,2.7895220971371715,0.0,0.09911666409327434,0.4131304621696472,1.1632750034332275,53.24800137329102,0.27972814440727234
observed_test,v2_2018_429_48h,,30,PCC,B,2.7895220971371715,0.0,0.09911666409327434,0.4131304621696472,1.1632750034332275,53.24800137329102,0.27972814440727234
observed_test,v2_2018_429_48h,,30,PCC,C,2.7895220971371715,0.0,0.09911666409327434,0.4131304621696472,1.1632750034332275,53.24800137329102,0.27972814440727234
observed_test,v2_2018_429_48h,,31,PCC,A,3.0745771873991967,0.0,0.3630333221875704,0.5887197852134705,1.1756500005722046,53.24800137329102,0.27816811203956604
observed_test,v2_2018_429_48h,,31,PCC,B,3.0745771873991967,0.0,0.3630333221875704,0.5887197852134705,1.1756500005722046,53.24800137329102,0.27816811203956604
observed_test,v2_2018_429_48h,,31,PCC,C,3.0745771873991967,0.0,0.3630333221875704,0.5887197852134705,1.1756500005722046,53.24800137329102,0.27816811203956604
observed_test,v2_2018_429_48h,,32,PCC,A,2.855932650614817,0.0,0.6620000188167278,0.41616514325141907,1.1916249990463257,53.24800137329102,0.28536751866340637
observed_test,v2_2018_429_48h,,32,PCC,B,2.855932650614817,0.0,0.6620000188167278,0.41616514325141907,1.1916249990463257,53.24800137329102,0.28536751866340637
observed_test,v2_2018_429_48h,,32,PCC,C,2.855932650614817,0.0,0.6620000188167278,0.41616514325141907,1.1916249990463257,53.24800137329102,0.28536751866340637
observed_test,v2_2018_429_48h,,33,PCC,A,3.0324475175810073,0.0,0.905074981542734,0.5137431621551514,1.2051249742507935,53.24800137329102,0.29526129364967346
observed_test,v2_2018_429_48h,,33,PCC,B,3.0324475175810073,0.0,0.905074981542734,0.5137431621551514,1.2051249742507935,53.24800137329102,0.29526129364967346
observed_test,v2_2018_429_48h,,33,PCC,C,3.0324475175810073,0.0,0.905074981542734,0.5137431621551514,1.2051249742507935,53.24800137329102,0.29526129364967346
observed_test,v2_2018_429_48h,,34,PCC,A,2.8246183478304197,0.0,1.067508298617143,0.3643687963485718,1.21322500705719,53.24800137329102,0.30343109369277954
observed_test,v2_2018_429_48h,,34,PCC,B,2.8246183478304197,0.0,1.067508298617143,0.3643687963485718,1.21322500705719,53.24800137329102,0.30343109369277954
observed_test,v2_2018_429_48h,,34,PCC,C,2.8246183478304197,0.0,1.067508298617143,0.3643687963485718,1.21322500705719,53.24800137329102,0.30343109369277954
observed_test,v2_2018_429_48h,,35,PCC,A,2.831345184752687,0.0,1.1598833478414095,0.36136627197265625,1.2185499668121338,53.24800137329102,0.2977258265018463
observed_test,v2_2018_429_48h,,35,PCC,B,2.831345184752687,0.0,1.1598833478414095,0.36136627197265625,1.2185499668121338,53.24800137329102,0.2977258265018463
observed_test,v2_2018_429_48h,,35,PCC,C,2.831345184752687,0.0,1.1598833478414095,0.36136627197265625,1.2185499668121338,53.24800137329102,0.2977258265018463
observed_test,v2_2018_429_48h,,36,PCC,A,3.1082271038576104,0.0,1.1864416874372041,0.5383059978485107,1.2216999530792236,53.24800137329102,0.28627684712409973
observed_test,v2_2018_429_48h,,36,PCC,B,3.1082271038576104,0.0,1.1864416874372041,0.5383059978485107,1.2216999530792236,53.24800137329102,0.28627684712409973
observed_test,v2_2018_429_48h,,36,PCC,C,3.1082271038576104,0.0,1.1864416874372041,0.5383059978485107,1.2216999530792236,53.24800137329102,0.28627684712409973
observed_test,v2_2018_429_48h,,37,PCC,A,3.211107739254848,0.0,1.1450083209918094,0.6031783223152161,1.2232749462127686,53.24800137329102,0.2841779291629791
observed_test,v2_2018_429_48h,,37,PCC,B,3.211107739254848,0.0,1.1450083209918094,0.6031783223152161,1.2232749462127686,53.24800137329102,0.2841779291629791
observed_test,v2_2018_429_48h,,37,PCC,C,3.211107739254848,0.0,1.1450083209918094,0.6031783223152161,1.2232749462127686,53.24800137329102,0.2841779291629791
observed_test,v2_2018_429_48h,,38,PCC,A,3.306461592720948,0.0,1.0337916704324575,0.6654155254364014,1.223349928855896,53.24800137329102,0.283867210149765
observed_test,v2_2018_429_48h,,38,PCC,B,3.306461592720948,0.0,1.0337916704324575,0.6654155254364014,1.223349928855896,53.24800137329102,0.283867210149765
observed_test,v2_2018_429_48h,,38,PCC,C,3.306461592720948,0.0,1.0337916704324575,0.6654155254364014,1.223349928855896,53.24800137329102,0.283867210149765
observed_test,v2_2018_429_48h,,39,PCC,A,3.081805642947446,0.0,0.8514874829695774,0.5210045576095581,1.2216999530792236,53.24800137329102,0.26969581842422485
observed_test,v2_2018_429_48h,,39,PCC,B,3.081805642947446,0.0,0.8514874829695774,0.5210045576095581,1.2216999530792236,53.24800137329102,0.26969581842422485
observed_test,v2_2018_429_48h,,39,PCC,C,3.081805642947446,0.0,0.8514874829695774,0.5210045576095581,1.2216999530792236,53.24800137329102,0.26969581842422485
observed_test,v2_2018_429_48h,,40,PCC,A,3.1393535177822263,0.0,0.5943333300260397,0.5631123185157776,1.218850016593933,53.24800137329102,0.24999181926250458
observed_test,v2_2018_429_48h,,40,PCC,B,3.1393535177822263,0.0,0.5943333300260397,0.5631123185157776,1.218850016593933,53.24800137329102,0.24999181926250458
observed_test,v2_2018_429_48h,,40,PCC,C,3.1393535177822263,0.0,0.5943333300260397,0.5631123185157776,1.218850016593933,53.24800137329102,0.24999181926250458
observed_test,v2_2018_429_48h,,41,PCC,A,3.0526852564420888,0.0,0.29412917792797083,0.5185338854789734,1.2107499837875366,53.24800137329102,0.2426277995109558
observed_test,v2_2018_429_48h,,41,PCC,B,3.0526852564420888,0.0,0.29412917792797083,0.5185338854789734,1.2107499837875366,53.24800137329102,0.2426277995109558
observed_test,v2_2018_429_48h,,41,PCC,C,3.0526852564420888,0.0,0.29412917792797083,0.5185338854789734,1.2107499837875366,53.24800137329102,0.2426277995109558
observed_test,v2_2018_429_48h,,42,PCC,A,3.000344498482716,0.0,0.06545833670175992,0.501911997795105,1.1988999843597412,53.24800137329102,0.22674660384655
observed_test,v2_2018_429_48h,,42,PCC,B,3.000344498482716,0.0,0.06545833670175992,0.501911997795105,1.1988999843597412,53.24800137329102,0.22674660384655
observed_test,v2_2018_429_48h,,42,PCC,C,3.000344498482716,0.0,0.06545833670175992,0.501911997795105,1.1988999843597412,53.24800137329102,0.22674660384655
observed_test,v2_2018_429_48h,,43,PCC,A,3.061837856329452,0.0,0.0,0.5692486763000488,1.182325005531311,53.24800137329102,0.20943984389305115
observed_test,v2_2018_429_48h,,43,PCC,B,3.061837856329452,0.0,0.0,0.5692486763000488,1.182325005531311,53.24800137329102,0.20943984389305115
observed_test,v2_2018_429_48h,,43,PCC,C,3.061837856329452,0.0,0.0,0.5692486763000488,1.182325005531311,53.24800137329102,0.20943984389305115
observed_test,v2_2018_429_48h,,44,PCC,A,2.8862567301314037,0.0,0.0,0.458400696516037,1.1770750284194946,53.24800137329102,0.20312906801700592
observed_test,v2_2018_429_48h,,44,PCC,B,2.8862567301314037,0.0,0.0,0.458400696516037,1.1770750284194946,53.24800137329102,0.20312906801700592
observed_test,v2_2018_429_48h,,44,PCC,C,2.8862567301314037,0.0,0.0,0.458400696516037,1.1770750284194946,53.24800137329102,0.20312906801700592
observed_test,v2_2018_429_48h,,45,PCC,A,2.7892061453685244,0.0,0.0,0.39928483963012695,1.1724250316619873,53.24800137329102,0.1994336098432541
observed_test,v2_2018_429_48h,,45,PCC,B,2.7892061453685244,0.0,0.0,0.39928483963012695,1.1724250316619873,53.24800137329102,0.1994336098432541
observed_test,v2_2018_429_48h,,45,PCC,C,2.7892061453685244,0.0,0.0,0.39928483963012695,1.1724250316619873,53.24800137329102,0.1994336098432541
observed_test,v2_2018_429_48h,,46,PCC,A,2.7273661757795593,0.0,0.0,0.3637107312679291,1.1678500175476074,53.24800137329102,0.21388521790504456
observed_test,v2_2018_429_48h,,46,PCC,B,2.7273661757795593,0.0,0.0,0.3637107312679291,1.1678500175476074,53.24800137329102,0.21388521790504456
observed_test,v2_2018_429_48h,,46,PCC,C,2.7273661757795593,0.0,0.0,0.3637107312679291,1.1678500175476074,53.24800137329102,0.21388521790504456
observed_test,v2_2018_429_48h,,47,PCC,A,2.6962826073577304,0.0,0.0,0.34759950637817383,1.1642500162124634,53.24800137329102,0.251971572637558
observed_test,v2_2018_429_48h,,47,PCC,B,2.6962826073577304,0.0,0.0,0.34759950637817383,1.1642500162124634,53.24800137329102,0.251971572637558
observed_test,v2_2018_429_48h,,47,PCC,C,2.6962826073577304,0.0,0.0,0.34759950637817383,1.1642500162124634,53.24800137329102,0.251971572637558
observed_test,v2_2018_482_48h,,0,PCC,A,2.589738233557025,0.0,0.0,0.29431068897247314,1.149999976158142,53.24800137329102,0.3548120856285095
observed_test,v2_2018_482_48h,,0,PCC,B,2.589738233557025,0.0,0.0,0.29431068897247314,1.149999976158142,53.24800137329102,0.3548120856285095
observed_test,v2_2018_482_48h,,0,PCC,C,2.589738233557025,0.0,0.0,0.29431068897247314,1.149999976158142,53.24800137329102,0.3548120856285095
observed_test,v2_2018_482_48h,,1,PCC,A,2.6237012928594003,0.0,0.0,0.3179371654987335,1.149999976158142,53.24800137329102,0.3646826446056366
observed_test,v2_2018_482_48h,,1,PCC,B,2.6237012928594003,0.0,0.0,0.3179371654987335,1.149999976158142,53.24800137329102,0.3646826446056366
observed_test,v2_2018_482_48h,,1,PCC,C,2.6237012928594003,0.0,0.0,0.3179371654987335,1.149999976158142,53.24800137329102,0.3646826446056366
observed_test,v2_2018_482_48h,,2,PCC,A,2.4875831211508435,0.0,0.0,0.2232462614774704,1.149999976158142,53.24800137329102,0.3680115044116974
observed_test,v2_2018_482_48h,,2,PCC,B,2.4875831211508435,0.0,0.0,0.2232462614774704,1.149999976158142,53.24800137329102,0.3680115044116974
observed_test,v2_2018_482_48h,,2,PCC,C,2.4875831211508435,0.0,0.0,0.2232462614774704,1.149999976158142,53.24800137329102,0.3680115044116974
observed_test,v2_2018_482_48h,,3,PCC,A,2.5452259178952694,0.0,0.0,0.2633455991744995,1.149999976158142,53.24800137329102,0.3710765242576599
observed_test,v2_2018_482_48h,,3,PCC,B,2.5452259178952694,0.0,0.0,0.2633455991744995,1.149999976158142,53.24800137329102,0.3710765242576599
observed_test,v2_2018_482_48h,,3,PCC,C,2.5452259178952694,0.0,0.0,0.2633455991744995,1.149999976158142,53.24800137329102,0.3710765242576599
observed_test,v2_2018_482_48h,,4,PCC,A,2.6066056994782514,0.0,0.0,0.3060445785522461,1.149999976158142,53.24800137329102,0.3493121564388275
observed_test,v2_2018_482_48h,,4,PCC,B,2.6066056994782514,0.0,0.0,0.3060445785522461,1.149999976158142,53.24800137329102,0.3493121564388275
observed_test,v2_2018_482_48h,,4,PCC,C,2.6066056994782514,0.0,0.0,0.3060445785522461,1.149999976158142,53.24800137329102,0.3493121564388275
observed_test,v2_2018_482_48h,,5,PCC,A,2.5763726205374935,0.0,0.0,0.2850128710269928,1.149999976158142,53.24800137329102,0.32308244705200195
observed_test,v2_2018_482_48h,,5,PCC,B,2.5763726205374935,0.0,0.0,0.2850128710269928,1.149999976158142,53.24800137329102,0.32308244705200195
observed_test,v2_2018_482_48h,,5,PCC,C,2.5763726205374935,0.0,0.0,0.2850128710269928,1.149999976158142,53.24800137329102,0.32308244705200195
observed_test,v2_2018_482_48h,,6,PCC,A,2.7605416539868575,0.0,0.04955000029160426,0.4131304621696472,1.149999976158142,53.24800137329102,0.2904535233974457
observed_test,v2_2018_482_48h,,6,PCC,B,2.7605416539868575,0.0,0.04955000029160426,0.4131304621696472,1.149999976158142,53.24800137329102,0.2904535233974457
observed_test,v2_2018_482_48h,,6,PCC,C,2.7605416539868575,0.0,0.04955000029160426,0.4131304621696472,1.149999976158142,53.24800137329102,0.2904535233974457
observed_test,v2_2018_482_48h,,7,PCC,A,3.042142600596632,0.0,0.2414708240674092,0.5887197852134705,1.1621500253677368,53.24800137329102,0.2714405357837677
observed_test,v2_2018_482_48h,,7,PCC,B,3.042142600596632,0.0,0.2414708240674092,0.5887197852134705,1.1621500253677368,53.24800137329102,0.2714405357837677
observed_test,v2_2018_482_48h,,7,PCC,C,3.042142600596632,0.0,0.2414708240674092,0.5887197852134705,1.1621500253677368,53.24800137329102,0.2714405357837677
observed_test,v2_2018_482_48h,,8,PCC,A,2.832642367471356,0.0,0.5334250055826627,0.41616514325141907,1.1809749603271484,53.24800137329102,0.2632492184638977
observed_test,v2_2018_482_48h,,8,PCC,B,2.832642367471356,0.0,0.5334250055826627,0.41616514325141907,1.1809749603271484,53.24800137329102,0.2632492184638977
observed_test,v2_2018_482_48h,,8,PCC,C,2.832642367471356,0.0,0.5334250055826627,0.41616514325141907,1.1809749603271484,53.24800137329102,0.2632492184638977
observed_test,v2_2018_482_48h,,9,PCC,A,3.001451282315808,0.0,0.806220850119224,0.5137431621551514,1.1916999816894531,53.24800137329102,0.25602078437805176
observed_test,v2_2018_482_48h,,9,PCC,B,3.001451282315808,0.0,0.806220850119224,0.5137431621551514,1.1916999816894531,53.24800137329102,0.25602078437805176
observed_test,v2_2018_482_48h,,9,PCC,C,3.001451282315808,0.0,0.806220850119224,0.5137431621551514,1.1916999816894531,53.24800137329102,0.25602078437805176
observed_test,v2_2018_482_48h,,10,PCC,A,2.7932638314796385,0.0,0.8420291428382579,0.3643687963485718,1.198449969291687,53.24800137329102,0.27195778489112854
observed_test,v2_2018_482_48h,,10,PCC,B,2.7932638314796385,0.0,0.8420291428382579,0.3643687963485718,1.198449969291687,53.24800137329102,0.27195778489112854
observed_test,v2_2018_482_48h,,10,PCC,C,2.7932638314796385,0.0,0.8420291428382579,0.3643687963485718,1.198449969291687,53.24800137329102,0.27195778489112854
observed_test,v2_2018_482_48h,,11,PCC,A,2.800364056584916,0.0,1.0265541764406056,0.36136627197265625,1.2039250135421753,53.24800137329102,0.2934848368167877
observed_test,v2_2018_482_48h,,11,PCC,B,2.800364056584916,0.0,1.0265541764406056,0.36136627197265625,1.2039250135421753,53.24800137329102,0.2934848368167877
observed_test,v2_2018_482_48h,,11,PCC,C,2.800364056584916,0.0,1.0265541764406056,0.36136627197265625,1.2039250135421753,53.24800137329102,0.2934848368167877
observed_test,v2_2018_482_48h,,12,PCC,A,3.07559041577804,0.0,0.9688166471628041,0.5383059978485107,1.2077499628067017,53.24800137329102,0.3061053156852722
observed_test,v2_2018_482_48h,,12,PCC,B,3.07559041577804,0.0,0.9688166471628041,0.5383059978485107,1.2077499628067017,53.24800137329102,0.3061053156852722
observed_test,v2_2018_482_48h,,12,PCC,C,3.07559041577804,0.0,0.9688166471628041,0.5383059978485107,1.2077499628067017,53.24800137329102,0.3061053156852722
observed_test,v2_2018_482_48h,,13,PCC,A,3.179155477461487,0.0,0.709016678424982,0.6031783223152161,1.2100750207901,53.24800137329102,0.3092762529850006
observed_test,v2_2018_482_48h,,13,PCC,B,3.179155477461487,0.0,0.709016678424982,0.6031783223152161,1.2100750207901,53.24800137329102,0.3092762529850006
observed_test,v2_2018_482_48h,,13,PCC,C,3.179155477461487,0.0,0.709016678424982,0.6031783223152161,1.2100750207901,53.24800137329102,0.3092762529850006
observed_test,v2_2018_482_48h,,14,PCC,A,3.2734824228779424,0.0,0.7882125102556667,0.6654155254364014,1.2101500034332275,53.24800137329102,0.3121802508831024
observed_test,v2_2018_482_48h,,14,PCC,B,3.2734824228779424,0.0,0.7882125102556667,0.6654155254364014,1.2101500034332275,53.24800137329102,0.3121802508831024
observed_test,v2_2018_482_48h,,14,PCC,C,3.2734824228779424,0.0,0.7882125102556667,0.6654155254364014,1.2101500034332275,53.24800137329102,0.3121802508831024
observed_test,v2_2018_482_48h,,15,PCC,A,3.050339944566511,0.0,0.8032541435498457,0.5210045576095581,1.2081249952316284,53.24800137329102,0.331370085477829
observed_test,v2_2018_482_48h,,15,PCC,B,3.050339944566511,0.0,0.8032541435498457,0.5210045576095581,1.2081249952316284,53.24800137329102,0.331370085477829
observed_test,v2_2018_482_48h,,15,PCC,C,3.050339944566511,0.0,0.8032541435498457,0.5210045576095581,1.2081249952316284,53.24800137329102,0.331370085477829
observed_test,v2_2018_482_48h,,16,PCC,A,3.106817521690861,0.0,0.5977541781388795,0.5631123185157776,1.2051249742507935,53.24800137329102,0.3452150523662567
observed_test,v2_2018_482_48h,,16,PCC,B,3.106817521690861,0.0,0.5977541781388795,0.5631123185157776,1.2051249742507935,53.24800137329102,0.3452150523662567
observed_test,v2_2018_482_48h,,16,PCC,C,3.106817521690861,0.0,0.5977541781388795,0.5631123185157776,1.2051249742507935,53.24800137329102,0.3452150523662567
observed_test,v2_2018_482_48h,,17,PCC,A,3.023171054206737,0.0,0.2843208324450713,0.5185338854789734,1.1979999542236328,53.24800137329102,0.34414005279541016
observed_test,v2_2018_482_48h,,17,PCC,B,3.023171054206737,0.0,0.2843208324450713,0.5185338854789734,1.1979999542236328,53.24800137329102,0.34414005279541016
observed_test,v2_2018_482_48h,,17,PCC,C,3.023171054206737,0.0,0.2843208324450713,0.5185338854789734,1.1979999542236328,53.24800137329102,0.34414005279541016
observed_test,v2_2018_482_48h,,18,PCC,A,2.97333194276019,0.0,0.04158750033149352,0.501911997795105,1.1871249675750732,53.24800137329102,0.3426823019981384
observed_test,v2_2018_482_48h,,18,PCC,B,2.97333194276019,0.0,0.04158750033149352,0.501911997795105,1.1871249675750732,53.24800137329102,0.3426823019981384
observed_test,v2_2018_482_48h,,18,PCC,C,2.97333194276019,0.0,0.04158750033149352,0.501911997795105,1.1871249675750732,53.24800137329102,0.3426823019981384
observed_test,v2_2018_482_48h,,19,PCC,A,3.0345477741034586,0.0,0.0,0.5692486763000488,1.1708500385284424,53.24800137329102,0.3418526351451874
observed_test,v2_2018_482_48h,,19,PCC,B,3.0345477741034586,0.0,0.0,0.5692486763000488,1.1708500385284424,53.24800137329102,0.3418526351451874
observed_test,v2_2018_482_48h,,19,PCC,C,3.0345477741034586,0.0,0.0,0.5692486763000488,1.1708500385284424,53.24800137329102,0.3418526351451874
observed_test,v2_2018_482_48h,,20,PCC,A,2.856693018678142,0.0,0.0,0.458400696516037,1.1638749837875366,53.24800137329102,0.33651256561279297
observed_test,v2_2018_482_48h,,20,PCC,B,2.856693018678142,0.0,0.0,0.458400696516037,1.1638749837875366,53.24800137329102,0.33651256561279297
observed_test,v2_2018_482_48h,,20,PCC,C,2.856693018678142,0.0,0.0,0.458400696516037,1.1638749837875366,53.24800137329102,0.33651256561279297
observed_test,v2_2018_482_48h,,21,PCC,A,2.7625671095644955,0.0,0.0,0.39928483963012695,1.1601250171661377,53.24800137329102,0.3371344804763794
observed_test,v2_2018_482_48h,,21,PCC,B,2.7625671095644955,0.0,0.0,0.39928483963012695,1.1601250171661377,53.24800137329102,0.3371344804763794
observed_test,v2_2018_482_48h,,21,PCC,C,2.7625671095644955,0.0,0.0,0.39928483963012695,1.1601250171661377,53.24800137329102,0.3371344804763794
observed_test,v2_2018_482_48h,,22,PCC,A,2.704615133472533,0.0,0.0,0.3637107312679291,1.1571249961853027,53.24800137329102,0.33799830079078674
observed_test,v2_2018_482_48h,,22,PCC,B,2.704615133472533,0.0,0.0,0.3637107312679291,1.1571249961853027,53.24800137329102,0.33799830079078674
observed_test,v2_2018_482_48h,,22,PCC,C,2.704615133472533,0.0,0.0,0.3637107312679291,1.1571249961853027,53.24800137329102,0.33799830079078674
observed_test,v2_2018_482_48h,,23,PCC,A,2.6757962203392935,0.0,0.0,0.34759950637817383,1.1545000076293945,53.24800137329102,0.3385236859321594
observed_test,v2_2018_482_48h,,23,PCC,B,2.6757962203392935,0.0,0.0,0.34759950637817383,1.1545000076293945,53.24800137329102,0.3385236859321594
observed_test,v2_2018_482_48h,,23,PCC,C,2.6757962203392935,0.0,0.0,0.34759950637817383,1.1545000076293945,53.24800137329102,0.3385236859321594
observed_test,v2_2018_482_48h,,24,PCC,A,2.5949263609080027,0.0,0.0,0.29431068897247314,1.1525499820709229,53.24800137329102,0.3395809233188629
observed_test,v2_2018_482_48h,,24,PCC,B,2.5949263609080027,0.0,0.0,0.29431068897247314,1.1525499820709229,53.24800137329102,0.3395809233188629
observed_test,v2_2018_482_48h,,24,PCC,C,2.5949263609080027,0.0,0.0,0.29431068897247314,1.1525499820709229,53.24800137329102,0.3395809233188629
observed_test,v2_2018_482_48h,,25,PCC,A,2.628190629804694,0.0,0.0,0.3179371654987335,1.152174949645996,53.24800137329102,0.3408880829811096
observed_test,v2_2018_482_48h,,25,PCC,B,2.628190629804694,0.0,0.0,0.3179371654987335,1.152174949645996,53.24800137329102,0.3408880829811096
observed_test,v2_2018_482_48h,,25,PCC,C,2.628190629804694,0.0,0.0,0.3179371654987335,1.152174949645996,53.24800137329102,0.3408880829811096
observed_test,v2_2018_482_48h,,26,PCC,A,2.491377333642939,0.0,0.0,0.2232462614774704,1.1519500017166138,53.24800137329102,0.3375415503978729
observed_test,v2_2018_482_48h,,26,PCC,B,2.491377333642939,0.0,0.0,0.2232462614774704,1.1519500017166138,53.24800137329102,0.3375415503978729
observed_test,v2_2018_482_48h,,26,PCC,C,2.491377333642939,0.0,0.0,0.2232462614774704,1.1519500017166138,53.24800137329102,0.3375415503978729
observed_test,v2_2018_482_48h,,27,PCC,A,2.546573041893056,0.0,0.0,0.2633455991744995,1.1506749391555786,53.24800137329102,0.3414383828639984
observed_test,v2_2018_482_48h,,27,PCC,B,2.546573041893056,0.0,0.0,0.2633455991744995,1.1506749391555786,53.24800137329102,0.3414383828639984
observed_test,v2_2018_482_48h,,27,PCC,C,2.546573041893056,0.0,0.0,0.2633455991744995,1.1506749391555786,53.24800137329102,0.3414383828639984
observed_test,v2_2018_482_48h,,28,PCC,A,2.6066056994782514,0.0,0.0,0.3060445785522461,1.149999976158142,53.24800137329102,0.3527320623397827
observed_test,v2_2018_482_48h,,28,PCC,B,2.6066056994782514,0.0,0.0,0.3060445785522461,1.149999976158142,53.24800137329102,0.3527320623397827
observed_test,v2_2018_482_48h,,28,PCC,C,2.6066056994782514,0.0,0.0,0.3060445785522461,1.149999976158142,53.24800137329102,0.3527320623397827
observed_test,v2_2018_482_48h,,29,PCC,A,2.5772829707591067,0.0,0.0,0.2850128710269928,1.1504499912261963,53.24800137329102,0.3338092565536499
observed_test,v2_2018_482_48h,,29,PCC,B,2.5772829707591067,0.0,0.0,0.2850128710269928,1.1504499912261963,53.24800137329102,0.3338092565536499
observed_test,v2_2018_482_48h,,29,PCC,C,2.5772829707591067,0.0,0.0,0.2850128710269928,1.1504499912261963,53.24800137329102,0.3338092565536499
observed_test,v2_2018_482_48h,,30,PCC,A,2.779534476493822,0.0,0.046854165311043076,0.4131304621696472,1.1586999893188477,53.24800137329102,0.30465564131736755
observed_test,v2_2018_482_48h,,30,PCC,B,2.779534476493822,0.0,0.046854165311043076,0.4131304621696472,1.1586999893188477,53.24800137329102,0.30465564131736755
observed_test,v2_2018_482_48h,,30,PCC,C,2.779534476493822,0.0,0.046854165311043076,0.4131304621696472,1.1586999893188477,53.24800137329102,0.30465564131736755
observed_test,v2_2018_482_48h,,31,PCC,A,3.0689910812144556,0.0,0.2927708224608348,0.5887197852134705,1.1733249425888062,53.24800137329102,0.28409716486930847
observed_test,v2_2018_482_48h,,31,PCC,B,3.0689910812144556,0.0,0.2927708224608348,0.5887197852134705,1.1733249425888062,53.24800137329102,0.28409716486930847
observed_test,v2_2018_482_48h,,31,PCC,C,3.0689910812144556,0.0,0.2927708224608348,0.5887197852134705,1.1733249425888062,53.24800137329102,0.28409716486930847
observed_test,v2_2018_482_48h,,32,PCC,A,2.85183216970991,0.0,0.6052708396544823,0.41616514325141907,1.1897499561309814,53.24800137329102,0.27186769247055054
observed_test,v2_2018_482_48h,,32,PCC,B,2.85183216970991,0.0,0.6052708396544823,0.41616514325141907,1.1897499561309814,53.24800137329102,0.27186769247055054
observed_test,v2_2018_482_48h,,32,PCC,C,2.85183216970991,0.0,0.6052708396544823,0.41616514325141907,1.1897499561309814,53.24800137329102,0.27186769247055054
observed_test,v2_2018_482_48h,,33,PCC,A,3.0244819169628934,0.0,0.8580833100355587,0.5137431621551514,1.2016749382019043,53.24800137329102,0.2652413845062256
observed_test,v2_2018_482_48h,,33,PCC,B,3.0244819169628934,0.0,0.8580833100355587,0.5137431621551514,1.2016749382019043,53.24800137329102,0.2652413845062256
observed_test,v2_2018_482_48h,,33,PCC,C,3.0244819169628934,0.0,0.8580833100355587,0.5137431621551514,1.2016749382019043,53.24800137329102,0.2652413845062256
observed_test,v2_2018_482_48h,,34,PCC,A,2.8198434007090163,0.0,1.036295867883242,0.3643687963485718,1.210974931716919,53.24800137329102,0.27402129769325256
observed_test,v2_2018_482_48h,,34,PCC,B,2.8198434007090163,0.0,1.036295867883242,0.3643687963485718,1.210974931716919,53.24800137329102,0.27402129769325256
observed_test,v2_2018_482_48h,,34,PCC,C,2.8198434007090163,0.0,1.036295867883242,0.3643687963485718,1.210974931716919,53.24800137329102,0.27402129769325256
observed_test,v2_2018_482_48h,,35,PCC,A,2.830709819474123,0.0,1.1309541188753567,0.36136627197265625,1.218250036239624,53.24800137329102,0.291171669960022
observed_test,v2_2018_482_48h,,35,PCC,B,2.830709819474123,0.0,1.1309541188753567,0.36136627197265625,1.218250036239624,53.24800137329102,0.291171669960022
observed_test,v2_2018_482_48h,,35,PCC,C,2.830709819474123,0.0,1.1309541188753567,0.36136627197265625,1.218250036239624,53.24800137329102,0.291171669960022
observed_test,v2_2018_482_48h,,36,PCC,A,3.1120873033065073,0.0,1.1581166432454035,0.5383059978485107,1.223349928855896,53.24800137329102,0.3156188428401947
observed_test,v2_2018_482_48h,,36,PCC,B,3.1120873033065073,0.0,1.1581166432454035,0.5383059978485107,1.223349928855896,53.24800137329102,0.3156188428401947
observed_test,v2_2018_482_48h,,36,PCC,C,3.1120873033065073,0.0,1.1581166432454035,0.5383059978485107,1.223349928855896,53.24800137329102,0.3156188428401947
observed_test,v2_2018_482_48h,,37,PCC,A,3.2178251908916162,0.0,1.1164207871143634,0.6031783223152161,1.2260500192642212,53.24800137329102,0.32237645983695984
observed_test,v2_2018_482_48h,,37,PCC,B,3.2178251908916162,0.0,1.1164207871143634,0.6031783223152161,1.2260500192642212,53.24800137329102,0.32237645983695984
observed_test,v2_2018_482_48h,,37,PCC,C,3.2178251908916162,0.0,1.1164207871143634,0.6031783223152161,1.2260500192642212,53.24800137329102,0.32237645983695984
observed_test,v2_2018_482_48h,,38,PCC,A,3.314893947899764,0.0,0.9880541608883783,0.6654155254364014,1.2267249822616577,53.24800137329102,0.3223702907562256
observed_test,v2_2018_482_48h,,38,PCC,B,3.314893947899764,0.0,0.9880541608883783,0.6654155254364014,1.2267249822616577,53.24800137329102,0.3223702907562256
observed_test,v2_2018_482_48h,,38,PCC,C,3.314893947899764,0.0,0.9880541608883783,0.6654155254364014,1.2267249822616577,53.24800137329102,0.3223702907562256
observed_test,v2_2018_482_48h,,39,PCC,A,3.089976362606057,0.0,0.7958166874372042,0.5210045576095581,1.2252249717712402,53.24800137329102,0.34285256266593933
observed_test,v2_2018_482_48h,,39,PCC,B,3.089976362606057,0.0,0.7958166874372042,0.5210045576095581,1.2252249717712402,53.24800137329102,0.34285256266593933
observed_test,v2_2018_482_48h,,39,PCC,C,3.089976362606057,0.0,0.7958166874372042,0.5210045576095581,1.2252249717712402,53.24800137329102,0.34285256266593933
observed_test,v2_2018_482_48h,,40,PCC,A,3.1453984523140797,0.0,0.48868747857900763,0.5631123185157776,1.2214000225067139,53.24800137329102,0.34777942299842834
observed_test,v2_2018_482_48h,,40,PCC,B,3.1453984523140797,0.0,0.48868747857900763,0.5631123185157776,1.2214000225067139,53.24800137329102,0.34777942299842834
observed_test,v2_2018_482_48h,,40,PCC,C,3.1453984523140797,0.0,0.48868747857900763,0.5631123185157776,1.2214000225067139,53.24800137329102,0.34777942299842834
observed_test,v2_2018_482_48h,,41,PCC,A,3.055810387013968,0.0,0.26478750201372,0.5185338854789734,1.2121000289916992,53.24800137329102,0.3465540111064911
observed_test,v2_2018_482_48h,,41,PCC,B,3.055810387013968,0.0,0.26478750201372,0.5185338854789734,1.2121000289916992,53.24800137329102,0.3465540111064911
observed_test,v2_2018_482_48h,,41,PCC,C,3.055810387013968,0.0,0.26478750201372,0.5185338854789734,1.2121000289916992,53.24800137329102,0.3465540111064911
observed_test,v2_2018_482_48h,,42,PCC,A,3.0032692907748966,0.0,0.04223333313488043,0.501911997795105,1.2001749277114868,53.24800137329102,0.3442908227443695
observed_test,v2_2018_482_48h,,42,PCC,B,3.0032692907748966,0.0,0.04223333313488043,0.501911997795105,1.2001749277114868,53.24800137329102,0.3442908227443695
observed_test,v2_2018_482_48h,,42,PCC,C,3.0032692907748966,0.0,0.04223333313488043,0.501911997795105,1.2001749277114868,53.24800137329102,0.3442908227443695
observed_test,v2_2018_482_48h,,43,PCC,A,3.0753937345500426,0.0,0.0,0.5692486763000488,1.1880249977111816,53.24800137329102,0.34267792105674744
observed_test,v2_2018_482_48h,,43,PCC,B,3.0753937345500426,0.0,0.0,0.5692486763000488,1.1880249977111816,53.24800137329102,0.34267792105674744
observed_test,v2_2018_482_48h,,43,PCC,C,3.0753937345500426,0.0,0.0,0.5692486763000488,1.1880249977111816,53.24800137329102,0.34267792105674744
observed_test,v2_2018_482_48h,,44,PCC,A,2.899526626154614,0.0,0.0,0.458400696516037,1.1829999685287476,53.24800137329102,0.3412202000617981
observed_test,v2_2018_482_48h,,44,PCC,B,2.899526626154614,0.0,0.0,0.458400696516037,1.1829999685287476,53.24800137329102,0.3412202000617981
observed_test,v2_2018_482_48h,,44,PCC,C,2.899526626154614,0.0,0.0,0.458400696516037,1.1829999685287476,53.24800137329102,0.3412202000617981
observed_test,v2_2018_482_48h,,45,PCC,A,2.8026880586332132,0.0,0.0,0.39928483963012695,1.1786500215530396,53.24800137329102,0.33866459131240845
observed_test,v2_2018_482_48h,,45,PCC,B,2.8026880586332132,0.0,0.0,0.39928483963012695,1.1786500215530396,53.24800137329102,0.33866459131240845
observed_test,v2_2018_482_48h,,45,PCC,C,2.8026880586332132,0.0,0.0,0.39928483963012695,1.1786500215530396,53.24800137329102,0.33866459131240845
observed_test,v2_2018_482_48h,,46,PCC,A,2.7435939443964728,0.0,0.0,0.3637107312679291,1.1754999160766602,53.24800137329102,0.3380708396434784
observed_test,v2_2018_482_48h,,46,PCC,B,2.7435939443964728,0.0,0.0,0.3637107312679291,1.1754999160766602,53.24800137329102,0.3380708396434784
observed_test,v2_2018_482_48h,,46,PCC,C,2.7435939443964728,0.0,0.0,0.3637107312679291,1.1754999160766602,53.24800137329102,0.3380708396434784
observed_test,v2_2018_482_48h,,47,PCC,A,2.714877881610524,0.0,0.0,0.34759950637817383,1.1730999946594238,53.24800137329102,0.33799898624420166
observed_test,v2_2018_482_48h,,47,PCC,B,2.714877881610524,0.0,0.0,0.34759950637817383,1.1730999946594238,53.24800137329102,0.33799898624420166
observed_test,v2_2018_482_48h,,47,PCC,C,2.714877881610524,0.0,0.0,0.34759950637817383,1.1730999946594238,53.24800137329102,0.33799898624420166
observed_test,v2_2018_509_48h,,0,PCC,A,2.589738233557025,0.0,0.0,0.29431068897247314,1.149999976158142,53.24800137329102,0.3283029794692993
observed_test,v2_2018_509_48h,,0,PCC,B,2.589738233557025,0.0,0.0,0.29431068897247314,1.149999976158142,53.24800137329102,0.3283029794692993
observed_test,v2_2018_509_48h,,0,PCC,C,2.589738233557025,0.0,0.0,0.29431068897247314,1.149999976158142,53.24800137329102,0.3283029794692993
observed_test,v2_2018_509_48h,,1,PCC,A,2.6237012928594003,0.0,0.0,0.3179371654987335,1.149999976158142,34.72425106811524,0.32183223962783813
observed_test,v2_2018_509_48h,,1,PCC,B,2.6237012928594003,0.0,0.0,0.3179371654987335,1.149999976158142,34.72425106811524,0.32183223962783813
observed_test,v2_2018_509_48h,,1,PCC,C,2.6237012928594003,0.0,0.0,0.3179371654987335,1.149999976158142,34.72425106811524,0.32183223962783813
observed_test,v2_2018_509_48h,,2,PCC,A,2.4875831211508435,0.0,0.0,0.2232462614774704,1.149999976158142,34.72425106811524,0.30385276675224304
observed_test,v2_2018_509_48h,,2,PCC,B,2.4875831211508435,0.0,0.0,0.2232462614774704,1.149999976158142,34.72425106811524,0.30385276675224304
observed_test,v2_2018_509_48h,,2,PCC,C,2.4875831211508435,0.0,0.0,0.2232462614774704,1.149999976158142,34.72425106811524,0.30385276675224304
observed_test,v2_2018_509_48h,,3,PCC,A,2.5452259178952694,0.0,0.0,0.2633455991744995,1.149999976158142,53.24800137329102,0.27850639820098877
observed_test,v2_2018_509_48h,,3,PCC,B,2.5452259178952694,0.0,0.0,0.2633455991744995,1.149999976158142,53.24800137329102,0.27850639820098877
observed_test,v2_2018_509_48h,,3,PCC,C,2.5452259178952694,0.0,0.0,0.2633455991744995,1.149999976158142,53.24800137329102,0.27850639820098877
observed_test,v2_2018_509_48h,,4,PCC,A,2.6066056994782514,0.0,0.0,0.3060445785522461,1.149999976158142,53.24800137329102,0.2660975158214569
observed_test,v2_2018_509_48h,,4,PCC,B,2.6066056994782514,0.0,0.0,0.3060445785522461,1.149999976158142,53.24800137329102,0.2660975158214569
observed_test,v2_2018_509_48h,,4,PCC,C,2.6066056994782514,0.0,0.0,0.3060445785522461,1.149999976158142,53.24800137329102,0.2660975158214569
observed_test,v2_2018_509_48h,,5,PCC,A,2.5763726205374935,0.0,0.0,0.2850128710269928,1.149999976158142,53.24800137329102,0.2621997594833374
observed_test,v2_2018_509_48h,,5,PCC,B,2.5763726205374935,0.0,0.0,0.2850128710269928,1.149999976158142,53.24800137329102,0.2621997594833374
observed_test,v2_2018_509_48h,,5,PCC,C,2.5763726205374935,0.0,0.0,0.2850128710269928,1.149999976158142,53.24800137329102,0.2621997594833374
observed_test,v2_2018_509_48h,,6,PCC,A,2.7605416539868575,0.0,0.0,0.4131304621696472,1.149999976158142,121.88174847412108,0.25578537583351135
observed_test,v2_2018_509_48h,,6,PCC,B,2.7605416539868575,0.0,0.0,0.4131304621696472,1.149999976158142,121.88174847412108,0.25578537583351135
observed_test,v2_2018_509_48h,,6,PCC,C,2.7605416539868575,0.0,0.0,0.4131304621696472,1.149999976158142,121.88174847412108,0.25578537583351135
observed_test,v2_2018_509_48h,,7,PCC,A,3.0129513006293838,0.0,0.2612916609415641,0.5887197852134705,1.149999976158142,121.88174847412108,0.2414793074131012
observed_test,v2_2018_509_48h,,7,PCC,B,3.0129513006293838,0.0,0.2612916609415641,0.5887197852134705,1.149999976158142,121.88174847412108,0.2414793074131012
observed_test,v2_2018_509_48h,,7,PCC,C,3.0129513006293838,0.0,0.2612916609415641,0.5887197852134705,1.149999976158142,121.88174847412108,0.2414793074131012
observed_test,v2_2018_509_48h,,8,PCC,A,2.7649040079514635,0.0,0.6569750033892118,0.41616514325141907,1.149999976158142,121.88174847412108,0.23656603693962097
observed_test,v2_2018_509_48h,,8,PCC,B,2.7649040079514635,0.0,0.6569750033892118,0.41616514325141907,1.149999976158142,121.88174847412108,0.23656603693962097
observed_test,v2_2018_509_48h,,8,PCC,C,2.7649040079514635,0.0,0.6569750033892118,0.41616514325141907,1.149999976158142,121.88174847412108,0.23656603693962097
observed_test,v2_2018_509_48h,,9,PCC,A,2.9051724072175276,0.0,0.9361499777207007,0.5137431621551514,1.149999976158142,121.88174847412108,0.23691198229789734
observed_test,v2_2018_509_48h,,9,PCC,B,2.9051724072175276,0.0,0.9361499777207007,0.5137431621551514,1.149999976158142,121.88174847412108,0.23691198229789734
observed_test,v2_2018_509_48h,,9,PCC,C,2.9051724072175276,0.0,0.9361499777207007,0.5137431621551514,1.149999976158142,121.88174847412108,0.23691198229789734
observed_test,v2_2018_509_48h,,10,PCC,A,2.6904467608222724,0.0,1.1640708033855145,0.3643687963485718,1.149999976158142,53.24800137329102,0.24951933324337006
observed_test,v2_2018_509_48h,,10,PCC,B,2.6904467608222724,0.0,1.1640708033855145,0.3643687963485718,1.149999976158142,53.24800137329102,0.24951933324337006
observed_test,v2_2018_509_48h,,10,PCC,C,2.6904467608222724,0.0,1.1640708033855145,0.3643687963485718,1.149999976158142,53.24800137329102,0.24951933324337006
observed_test,v2_2018_509_48h,,11,PCC,A,2.686130632121376,0.0,1.2692041121996365,0.36136627197265625,1.149999976158142,53.24800137329102,0.2664293944835663
observed_test,v2_2018_509_48h,,11,PCC,B,2.686130632121376,0.0,1.2692041121996365,0.36136627197265625,1.149999976158142,53.24800137329102,0.2664293944835663
observed_test,v2_2018_509_48h,,11,PCC,C,2.686130632121376,0.0,1.2692041121996365,0.36136627197265625,1.149999976158142,53.24800137329102,0.2664293944835663
observed_test,v2_2018_509_48h,,12,PCC,A,2.940481482794702,0.0,1.2726875451894906,0.5383059978485107,1.149999976158142,34.72425106811524,0.2777911424636841
observed_test,v2_2018_509_48h,,12,PCC,B,2.940481482794702,0.0,1.2726875451894906,0.5383059978485107,1.149999976158142,34.72425106811524,0.2777911424636841
observed_test,v2_2018_509_48h,,12,PCC,C,2.940481482794702,0.0,1.2726875451894906,0.5383059978485107,1.149999976158142,34.72425106811524,0.2777911424636841
observed_test,v2_2018_509_48h,,13,PCC,A,3.033735447282245,0.0,1.1883167120126576,0.6031783223152161,1.149999976158142,34.72425106811524,0.27098700404167175
observed_test,v2_2018_509_48h,,13,PCC,B,3.033735447282245,0.0,1.1883167120126576,0.6031783223152161,1.149999976158142,34.72425106811524,0.27098700404167175
observed_test,v2_2018_509_48h,,13,PCC,C,3.033735447282245,0.0,1.1883167120126576,0.6031783223152161,1.149999976158142,34.72425106811524,0.27098700404167175
observed_test,v2_2018_509_48h,,14,PCC,A,3.1232014249141358,0.0,1.02835836318823,0.6654155254364014,1.149999976158142,34.72425106811524,0.25144168734550476
observed_test,v2_2018_509_48h,,14,PCC,B,3.1232014249141358,0.0,1.02835836318823,0.6654155254364014,1.149999976158142,34.72425106811524,0.25144168734550476
observed_test,v2_2018_509_48h,,14,PCC,C,3.1232014249141358,0.0,1.02835836318823,0.6654155254364014,1.149999976158142,34.72425106811524,0.25144168734550476
observed_test,v2_2018_509_48h,,15,PCC,A,2.915610662966831,0.0,0.7799250002090746,0.5210045576095581,1.149999976158142,34.72425106811524,0.2531518042087555
observed_test,v2_2018_509_48h,,15,PCC,B,2.915610662966831,0.0,0.7799250002090746,0.5210045576095581,1.149999976158142,34.72425106811524,0.2531518042087555
observed_test,v2_2018_509_48h,,15,PCC,C,2.915610662966831,0.0,0.7799250002090746,0.5210045576095581,1.149999976158142,34.72425106811524,0.2531518042087555
observed_test,v2_2018_509_48h,,16,PCC,A,2.9761405680146122,0.0,0.4337458369823602,0.5631123185157776,1.149999976158142,53.24800137329102,0.2589070200920105
observed_test,v2_2018_509_48h,,16,PCC,B,2.9761405680146122,0.0,0.4337458369823602,0.5631123185157776,1.149999976158142,53.24800137329102,0.2589070200920105
observed_test,v2_2018_509_48h,,16,PCC,C,2.9761405680146122,0.0,0.4337458369823602,0.5631123185157776,1.149999976158142,53.24800137329102,0.2589070200920105
observed_test,v2_2018_509_48h,,17,PCC,A,2.912059071852747,0.0,0.06636666993682201,0.5185338854789734,1.149999976158142,53.24800137329102,0.2724916338920593
observed_test,v2_2018_509_48h,,17,PCC,B,2.912059071852747,0.0,0.06636666993682201,0.5185338854789734,1.149999976158142,53.24800137329102,0.2724916338920593
observed_test,v2_2018_509_48h,,17,PCC,C,2.912059071852747,0.0,0.06636666993682201,0.5185338854789734,1.149999976158142,53.24800137329102,0.2724916338920593
observed_test,v2_2018_509_48h,,18,PCC,A,2.888165108802557,0.0,0.0,0.501911997795105,1.149999976158142,53.24800137329102,0.2840218245983124
observed_test,v2_2018_509_48h,,18,PCC,B,2.888165108802557,0.0,0.0,0.501911997795105,1.149999976158142,53.24800137329102,0.2840218245983124
observed_test,v2_2018_509_48h,,18,PCC,C,2.888165108802557,0.0,0.0,0.501911997795105,1.149999976158142,53.24800137329102,0.2840218245983124
observed_test,v2_2018_509_48h,,19,PCC,A,2.9849615821466244,0.0,0.0,0.5692486763000488,1.149999976158142,53.24800137329102,0.28442564606666565
observed_test,v2_2018_509_48h,,19,PCC,B,2.9849615821466244,0.0,0.0,0.5692486763000488,1.149999976158142,53.24800137329102,0.28442564606666565
observed_test,v2_2018_509_48h,,19,PCC,C,2.9849615821466244,0.0,0.0,0.5692486763000488,1.149999976158142,53.24800137329102,0.28442564606666565
observed_test,v2_2018_509_48h,,20,PCC,A,2.825617614510635,0.0,0.0,0.458400696516037,1.149999976158142,53.24800137329102,0.2950979769229889
observed_test,v2_2018_509_48h,,20,PCC,B,2.825617614510635,0.0,0.0,0.458400696516037,1.149999976158142,53.24800137329102,0.2950979769229889
observed_test,v2_2018_509_48h,,20,PCC,C,2.825617614510635,0.0,0.0,0.458400696516037,1.149999976158142,53.24800137329102,0.2950979769229889
observed_test,v2_2018_509_48h,,21,PCC,A,2.740638571998929,0.0,0.0,0.39928483963012695,1.149999976158142,53.24800137329102,0.29421675205230713
observed_test,v2_2018_509_48h,,21,PCC,B,2.740638571998929,0.0,0.0,0.39928483963012695,1.149999976158142,53.24800137329102,0.29421675205230713
observed_test,v2_2018_509_48h,,21,PCC,C,2.740638571998929,0.0,0.0,0.39928483963012695,1.149999976158142,53.24800137329102,0.29421675205230713
observed_test,v2_2018_509_48h,,22,PCC,A,2.689500792288461,0.0,0.0,0.3637107312679291,1.149999976158142,53.24800137329102,0.297757089138031
observed_test,v2_2018_509_48h,,22,PCC,B,2.689500792288461,0.0,0.0,0.3637107312679291,1.149999976158142,53.24800137329102,0.297757089138031
observed_test,v2_2018_509_48h,,22,PCC,C,2.689500792288461,0.0,0.0,0.3637107312679291,1.149999976158142,53.24800137329102,0.297757089138031
observed_test,v2_2018_509_48h,,23,PCC,A,2.666340906989589,0.0,0.0,0.34759950637817383,1.149999976158142,53.24800137329102,0.3050990402698517
observed_test,v2_2018_509_48h,,23,PCC,B,2.666340906989589,0.0,0.0,0.34759950637817383,1.149999976158142,53.24800137329102,0.3050990402698517
observed_test,v2_2018_509_48h,,23,PCC,C,2.666340906989589,0.0,0.0,0.34759950637817383,1.149999976158142,53.24800137329102,0.3050990402698517
observed_test,v2_2018_509_48h,,24,PCC,A,2.589738233557025,0.0,0.0,0.29431068897247314,1.149999976158142,53.24800137329102,0.30887773633003235
observed_test,v2_2018_509_48h,,24,PCC,B,2.589738233557025,0.0,0.0,0.29431068897247314,1.149999976158142,53.24800137329102,0.30887773633003235
observed_test,v2_2018_509_48h,,24,PCC,C,2.589738233557025,0.0,0.0,0.29431068897247314,1.149999976158142,53.24800137329102,0.30887773633003235
observed_test,v2_2018_509_48h,,25,PCC,A,2.6237012928594003,0.0,0.0,0.3179371654987335,1.149999976158142,34.72425106811524,0.30848458409309387
observed_test,v2_2018_509_48h,,25,PCC,B,2.6237012928594003,0.0,0.0,0.3179371654987335,1.149999976158142,34.72425106811524,0.30848458409309387
observed_test,v2_2018_509_48h,,25,PCC,C,2.6237012928594003,0.0,0.0,0.3179371654987335,1.149999976158142,34.72425106811524,0.30848458409309387
observed_test,v2_2018_509_48h,,26,PCC,A,2.4875831211508435,0.0,0.0,0.2232462614774704,1.149999976158142,34.72425106811524,0.29789969325065613
observed_test,v2_2018_509_48h,,26,PCC,B,2.4875831211508435,0.0,0.0,0.2232462614774704,1.149999976158142,34.72425106811524,0.29789969325065613
observed_test,v2_2018_509_48h,,26,PCC,C,2.4875831211508435,0.0,0.0,0.2232462614774704,1.149999976158142,34.72425106811524,0.29789969325065613
observed_test,v2_2018_509_48h,,27,PCC,A,2.5452259178952694,0.0,0.0,0.2633455991744995,1.149999976158142,53.24800137329102,0.2821500599384308
observed_test,v2_2018_509_48h,,27,PCC,B,2.5452259178952694,0.0,0.0,0.2633455991744995,1.149999976158142,53.24800137329102,0.2821500599384308
observed_test,v2_2018_509_48h,,27,PCC,C,2.5452259178952694,0.0,0.0,0.2633455991744995,1.149999976158142,53.24800137329102,0.2821500599384308
observed_test,v2_2018_509_48h,,28,PCC,A,2.6066056994782514,0.0,0.0,0.3060445785522461,1.149999976158142,53.24800137329102,0.2802436947822571
observed_test,v2_2018_509_48h,,28,PCC,B,2.6066056994782514,0.0,0.0,0.3060445785522461,1.149999976158142,53.24800137329102,0.2802436947822571
observed_test,v2_2018_509_48h,,28,PCC,C,2.6066056994782514,0.0,0.0,0.3060445785522461,1.149999976158142,53.24800137329102,0.2802436947822571
observed_test,v2_2018_509_48h,,29,PCC,A,2.5763726205374935,0.0,0.0,0.2850128710269928,1.149999976158142,53.24800137329102,0.2548019289970398
observed_test,v2_2018_509_48h,,29,PCC,B,2.5763726205374935,0.0,0.0,0.2850128710269928,1.149999976158142,53.24800137329102,0.2548019289970398
observed_test,v2_2018_509_48h,,29,PCC,C,2.5763726205374935,0.0,0.0,0.2850128710269928,1.149999976158142,53.24800137329102,0.2548019289970398
observed_test,v2_2018_509_48h,,30,PCC,A,2.7605416539868575,0.0,0.0,0.4131304621696472,1.149999976158142,121.88174847412108,0.23749005794525146
observed_test,v2_2018_509_48h,,30,PCC,B,2.7605416539868575,0.0,0.0,0.4131304621696472,1.149999976158142,121.88174847412108,0.23749005794525146
observed_test,v2_2018_509_48h,,30,PCC,C,2.7605416539868575,0.0,0.0,0.4131304621696472,1.149999976158142,121.88174847412108,0.23749005794525146
observed_test,v2_2018_509_48h,,31,PCC,A,3.0129513006293838,0.0,0.26870000247771925,0.5887197852134705,1.149999976158142,121.88174847412108,0.21759577095508575
observed_test,v2_2018_509_48h,,31,PCC,B,3.0129513006293838,0.0,0.26870000247771925,0.5887197852134705,1.149999976158142,121.88174847412108,0.21759577095508575
observed_test,v2_2018_509_48h,,31,PCC,C,3.0129513006293838,0.0,0.26870000247771925,0.5887197852134705,1.149999976158142,121.88174847412108,0.21759577095508575
observed_test,v2_2018_509_48h,,32,PCC,A,2.7649040079514635,0.0,0.6493166662179506,0.41616514325141907,1.149999976158142,121.88174847412108,0.20714296400547028
observed_test,v2_2018_509_48h,,32,PCC,B,2.7649040079514635,0.0,0.6493166662179506,0.41616514325141907,1.149999976158142,121.88174847412108,0.20714296400547028
observed_test,v2_2018_509_48h,,32,PCC,C,2.7649040079514635,0.0,0.6493166662179506,0.41616514325141907,1.149999976158142,121.88174847412108,0.20714296400547028
observed_test,v2_2018_509_48h,,33,PCC,A,2.9051724072175276,0.0,0.9366583365660447,0.5137431621551514,1.149999976158142,121.88174847412108,0.21006016433238983
observed_test,v2_2018_509_48h,,33,PCC,B,2.9051724072175276,0.0,0.9366583365660447,0.5137431621551514,1.149999976158142,121.88174847412108,0.21006016433238983
observed_test,v2_2018_509_48h,,33,PCC,C,2.9051724072175276,0.0,0.9366583365660447,0.5137431621551514,1.149999976158142,121.88174847412108,0.21006016433238983
observed_test,v2_2018_509_48h,,34,PCC,A,2.6904467608222724,0.0,1.1230916931078982,0.3643687963485718,1.149999976158142,53.24800137329102,0.23078852891921997
observed_test,v2_2018_509_48h,,34,PCC,B,2.6904467608222724,0.0,1.1230916931078982,0.3643687963485718,1.149999976158142,53.24800137329102,0.23078852891921997
observed_test,v2_2018_509_48h,,34,PCC,C,2.6904467608222724,0.0,1.1230916931078982,0.3643687963485718,1.149999976158142,53.24800137329102,0.23078852891921997
observed_test,v2_2018_509_48h,,35,PCC,A,2.686130632121376,0.0,1.2181499829659093,0.36136627197265625,1.149999976158142,53.24800137329102,0.2465364784002304
observed_test,v2_2018_509_48h,,35,PCC,B,2.686130632121376,0.0,1.2181499829659093,0.36136627197265625,1.149999976158142,53.24800137329102,0.2465364784002304
observed_test,v2_2018_509_48h,,35,PCC,C,2.686130632121376,0.0,1.2181499829659093,0.36136627197265625,1.149999976158142,53.24800137329102,0.2465364784002304
observed_test,v2_2018_509_48h,,36,PCC,A,2.940481482794702,0.0,1.2306333734438968,0.5383059978485107,1.149999976158142,34.72425106811524,0.2510838210582733
observed_test,v2_2018_509_48h,,36,PCC,B,2.940481482794702,0.0,1.2306333734438968,0.5383059978485107,1.149999976158142,34.72425106811524,0.2510838210582733
observed_test,v2_2018_509_48h,,36,PCC,C,2.940481482794702,0.0,1.2306333734438968,0.5383059978485107,1.149999976158142,34.72425106811524,0.2510838210582733
observed_test,v2_2018_509_48h,,37,PCC,A,3.033735447282245,0.0,1.1592333133404071,0.6031783223152161,1.149999976158142,34.72425106811524,0.2372344434261322
observed_test,v2_2018_509_48h,,37,PCC,B,3.033735447282245,0.0,1.1592333133404071,0.6031783223152161,1.149999976158142,34.72425106811524,0.2372344434261322
observed_test,v2_2018_509_48h,,37,PCC,C,3.033735447282245,0.0,1.1592333133404071,0.6031783223152161,1.149999976158142,34.72425106811524,0.2372344434261322
observed_test,v2_2018_509_48h,,38,PCC,A,3.123763442935555,0.0,1.0012208269192622,0.6654155254364014,1.1502249240875244,34.72425106811524,0.22046156227588654
observed_test,v2_2018_509_48h,,38,PCC,B,3.123763442935555,0.0,1.0012208269192622,0.6654155254364014,1.1502249240875244,34.72425106811524,0.22046156227588654
observed_test,v2_2018_509_48h,,38,PCC,C,3.123763442935555,0.0,1.0012208269192622,0.6654155254364014,1.1502249240875244,34.72425106811524,0.22046156227588654
observed_test,v2_2018_509_48h,,39,PCC,A,2.915610662966831,0.0,0.7547541879690609,0.5210045576095581,1.149999976158142,34.72425106811524,0.21257410943508148
observed_test,v2_2018_509_48h,,39,PCC,B,2.915610662966831,0.0,0.7547541879690609,0.5210045576095581,1.149999976158142,34.72425106811524,0.21257410943508148
observed_test,v2_2018_509_48h,,39,PCC,C,2.915610662966831,0.0,0.7547541879690609,0.5210045576095581,1.149999976158142,34.72425106811524,0.21257410943508148
observed_test,v2_2018_509_48h,,40,PCC,A,2.9761405680146122,0.0,0.40694165688294626,0.5631123185157776,1.149999976158142,53.24800137329102,0.21133701503276825
observed_test,v2_2018_509_48h,,40,PCC,B,2.9761405680146122,0.0,0.40694165688294626,0.5631123185157776,1.149999976158142,53.24800137329102,0.21133701503276825
observed_test,v2_2018_509_48h,,40,PCC,C,2.9761405680146122,0.0,0.40694165688294626,0.5631123185157776,1.149999976158142,53.24800137329102,0.21133701503276825
observed_test,v2_2018_509_48h,,41,PCC,A,2.912059071852747,0.0,0.05749583315963928,0.5185338854789734,1.149999976158142,53.24800137329102,0.21489055454730988
observed_test,v2_2018_509_48h,,41,PCC,B,2.912059071852747,0.0,0.05749583315963928,0.5185338854789734,1.149999976158142,53.24800137329102,0.21489055454730988
observed_test,v2_2018_509_48h,,41,PCC,C,2.912059071852747,0.0,0.05749583315963928,0.5185338854789734,1.149999976158142,53.24800137329102,0.21489055454730988
observed_test,v2_2018_509_48h,,42,PCC,A,2.888165108802557,0.0,0.0,0.501911997795105,1.149999976158142,53.24800137329102,0.21920259296894073
observed_test,v2_2018_509_48h,,42,PCC,B,2.888165108802557,0.0,0.0,0.501911997795105,1.149999976158142,53.24800137329102,0.21920259296894073
observed_test,v2_2018_509_48h,,42,PCC,C,2.888165108802557,0.0,0.0,0.501911997795105,1.149999976158142,53.24800137329102,0.21920259296894073
observed_test,v2_2018_509_48h,,43,PCC,A,2.9849615821466244,0.0,0.0,0.5692486763000488,1.149999976158142,53.24800137329102,0.23164419829845428
observed_test,v2_2018_509_48h,,43,PCC,B,2.9849615821466244,0.0,0.0,0.5692486763000488,1.149999976158142,53.24800137329102,0.23164419829845428
observed_test,v2_2018_509_48h,,43,PCC,C,2.9849615821466244,0.0,0.0,0.5692486763000488,1.149999976158142,53.24800137329102,0.23164419829845428
observed_test,v2_2018_509_48h,,44,PCC,A,2.825617614510635,0.0,0.0,0.458400696516037,1.149999976158142,53.24800137329102,0.24770797789096832
observed_test,v2_2018_509_48h,,44,PCC,B,2.825617614510635,0.0,0.0,0.458400696516037,1.149999976158142,53.24800137329102,0.24770797789096832
observed_test,v2_2018_509_48h,,44,PCC,C,2.825617614510635,0.0,0.0,0.458400696516037,1.149999976158142,53.24800137329102,0.24770797789096832
observed_test,v2_2018_509_48h,,45,PCC,A,2.740638571998929,0.0,0.0,0.39928483963012695,1.149999976158142,53.24800137329102,0.2684735953807831
observed_test,v2_2018_509_48h,,45,PCC,B,2.740638571998929,0.0,0.0,0.39928483963012695,1.149999976158142,53.24800137329102,0.2684735953807831
observed_test,v2_2018_509_48h,,45,PCC,C,2.740638571998929,0.0,0.0,0.39928483963012695,1.149999976158142,53.24800137329102,0.2684735953807831
observed_test,v2_2018_509_48h,,46,PCC,A,2.689500792288461,0.0,0.0,0.3637107312679291,1.149999976158142,53.24800137329102,0.2757553458213806
observed_test,v2_2018_509_48h,,46,PCC,B,2.689500792288461,0.0,0.0,0.3637107312679291,1.149999976158142,53.24800137329102,0.2757553458213806
observed_test,v2_2018_509_48h,,46,PCC,C,2.689500792288461,0.0,0.0,0.3637107312679291,1.149999976158142,53.24800137329102,0.2757553458213806
observed_test,v2_2018_509_48h,,47,PCC,A,2.666340906989589,0.0,0.0,0.34759950637817383,1.149999976158142,53.24800137329102,0.2743472754955292
observed_test,v2_2018_509_48h,,47,PCC,B,2.666340906989589,0.0,0.0,0.34759950637817383,1.149999976158142,53.24800137329102,0.2743472754955292
observed_test,v2_2018_509_48h,,47,PCC,C,2.666340906989589,0.0,0.0,0.34759950637817383,1.149999976158142,53.24800137329102,0.2743472754955292
observed_test,v2_2018_417_48h,,0,PCC,A,2.589738233557025,0.0,0.0,0.29431068897247314,1.149999976158142,53.24800137329102,0.3240935206413269
observed_test,v2_2018_417_48h,,0,PCC,B,2.589738233557025,0.0,0.0,0.29431068897247314,1.149999976158142,53.24800137329102,0.3240935206413269
observed_test,v2_2018_417_48h,,0,PCC,C,2.589738233557025,0.0,0.0,0.29431068897247314,1.149999976158142,53.24800137329102,0.3240935206413269
observed_test,v2_2018_417_48h,,1,PCC,A,2.6237012928594003,0.0,0.0,0.3179371654987335,1.149999976158142,34.72425106811524,0.3257555365562439
observed_test,v2_2018_417_48h,,1,PCC,B,2.6237012928594003,0.0,0.0,0.3179371654987335,1.149999976158142,34.72425106811524,0.3257555365562439
observed_test,v2_2018_417_48h,,1,PCC,C,2.6237012928594003,0.0,0.0,0.3179371654987335,1.149999976158142,34.72425106811524,0.3257555365562439
observed_test,v2_2018_417_48h,,2,PCC,A,2.4875831211508435,0.0,0.0,0.2232462614774704,1.149999976158142,34.72425106811524,0.331983745098114
observed_test,v2_2018_417_48h,,2,PCC,B,2.4875831211508435,0.0,0.0,0.2232462614774704,1.149999976158142,34.72425106811524,0.331983745098114
observed_test,v2_2018_417_48h,,2,PCC,C,2.4875831211508435,0.0,0.0,0.2232462614774704,1.149999976158142,34.72425106811524,0.331983745098114
observed_test,v2_2018_417_48h,,3,PCC,A,2.5452259178952694,0.0,0.0,0.2633455991744995,1.149999976158142,53.24800137329102,0.33688339591026306
observed_test,v2_2018_417_48h,,3,PCC,B,2.5452259178952694,0.0,0.0,0.2633455991744995,1.149999976158142,53.24800137329102,0.33688339591026306
observed_test,v2_2018_417_48h,,3,PCC,C,2.5452259178952694,0.0,0.0,0.2633455991744995,1.149999976158142,53.24800137329102,0.33688339591026306
observed_test,v2_2018_417_48h,,4,PCC,A,2.6066056994782514,0.0,0.0,0.3060445785522461,1.149999976158142,53.24800137329102,0.31151601672172546
observed_test,v2_2018_417_48h,,4,PCC,B,2.6066056994782514,0.0,0.0,0.3060445785522461,1.149999976158142,53.24800137329102,0.31151601672172546
observed_test,v2_2018_417_48h,,4,PCC,C,2.6066056994782514,0.0,0.0,0.3060445785522461,1.149999976158142,53.24800137329102,0.31151601672172546
observed_test,v2_2018_417_48h,,5,PCC,A,2.5763726205374935,0.0,0.0,0.2850128710269928,1.149999976158142,53.24800137329102,0.29745304584503174
observed_test,v2_2018_417_48h,,5,PCC,B,2.5763726205374935,0.0,0.0,0.2850128710269928,1.149999976158142,53.24800137329102,0.29745304584503174
observed_test,v2_2018_417_48h,,5,PCC,C,2.5763726205374935,0.0,0.0,0.2850128710269928,1.149999976158142,53.24800137329102,0.29745304584503174
observed_test,v2_2018_417_48h,,6,PCC,A,2.7605416539868575,0.0,0.02869583415583922,0.4131304621696472,1.149999976158142,121.88174847412108,0.28338560461997986
observed_test,v2_2018_417_48h,,6,PCC,B,2.7605416539868575,0.0,0.02869583415583922,0.4131304621696472,1.149999976158142,121.88174847412108,0.28338560461997986
observed_test,v2_2018_417_48h,,6,PCC,C,2.7605416539868575,0.0,0.02869583415583922,0.4131304621696472,1.149999976158142,121.88174847412108,0.28338560461997986
observed_test,v2_2018_417_48h,,7,PCC,A,3.0129513006293838,0.0,0.2581916749477386,0.5887197852134705,1.149999976158142,121.88174847412108,0.28136149048805237
observed_test,v2_2018_417_48h,,7,PCC,B,3.0129513006293838,0.0,0.2581916749477386,0.5887197852134705,1.149999976158142,121.88174847412108,0.28136149048805237
observed_test,v2_2018_417_48h,,7,PCC,C,3.0129513006293838,0.0,0.2581916749477386,0.5887197852134705,1.149999976158142,121.88174847412108,0.28136149048805237
observed_test,v2_2018_417_48h,,8,PCC,A,2.7649040079514635,0.0,0.705941651876156,0.41616514325141907,1.149999976158142,121.88174847412108,0.28054937720298767
observed_test,v2_2018_417_48h,,8,PCC,B,2.7649040079514635,0.0,0.705941651876156,0.41616514325141907,1.149999976158142,121.88174847412108,0.28054937720298767
observed_test,v2_2018_417_48h,,8,PCC,C,2.7649040079514635,0.0,0.705941651876156,0.41616514325141907,1.149999976158142,121.88174847412108,0.28054937720298767
observed_test,v2_2018_417_48h,,9,PCC,A,2.9051724072175276,0.0,0.9025958295051867,0.5137431621551514,1.149999976158142,121.88174847412108,0.2806977927684784
observed_test,v2_2018_417_48h,,9,PCC,B,2.9051724072175276,0.0,0.9025958295051867,0.5137431621551514,1.149999976158142,121.88174847412108,0.2806977927684784
observed_test,v2_2018_417_48h,,9,PCC,C,2.9051724072175276,0.0,0.9025958295051867,0.5137431621551514,1.149999976158142,121.88174847412108,0.2806977927684784
observed_test,v2_2018_417_48h,,10,PCC,A,2.6904467608222724,0.0,1.2545374723581166,0.3643687963485718,1.149999976158142,53.24800137329102,0.2847466468811035
observed_test,v2_2018_417_48h,,10,PCC,B,2.6904467608222724,0.0,1.2545374723581166,0.3643687963485718,1.149999976158142,53.24800137329102,0.2847466468811035
observed_test,v2_2018_417_48h,,10,PCC,C,2.6904467608222724,0.0,1.2545374723581166,0.3643687963485718,1.149999976158142,53.24800137329102,0.2847466468811035
observed_test,v2_2018_417_48h,,11,PCC,A,2.686130632121376,0.0,1.3785083706562336,0.36136627197265625,1.149999976158142,53.24800137329102,0.30140700936317444
observed_test,v2_2018_417_48h,,11,PCC,B,2.686130632121376,0.0,1.3785083706562336,0.36136627197265625,1.149999976158142,53.24800137329102,0.30140700936317444
observed_test,v2_2018_417_48h,,11,PCC,C,2.686130632121376,0.0,1.3785083706562336,0.36136627197265625,1.149999976158142,53.24800137329102,0.30140700936317444
observed_test,v2_2018_417_48h,,12,PCC,A,2.940481482794702,0.0,1.416700046796065,0.5383059978485107,1.149999976158142,34.72425106811524,0.30838295817375183
observed_test,v2_2018_417_48h,,12,PCC,B,2.940481482794702,0.0,1.416700046796065,0.5383059978485107,1.149999976158142,34.72425106811524,0.30838295817375183
observed_test,v2_2018_417_48h,,12,PCC,C,2.940481482794702,0.0,1.416700046796065,0.5383059978485107,1.149999976158142,34.72425106811524,0.30838295817375183
observed_test,v2_2018_417_48h,,13,PCC,A,3.033735447282245,0.0,1.3586416840553284,0.6031783223152161,1.149999976158142,34.72425106811524,0.28811511397361755
observed_test,v2_2018_417_48h,,13,PCC,B,3.033735447282245,0.0,1.3586416840553284,0.6031783223152161,1.149999976158142,34.72425106811524,0.28811511397361755
observed_test,v2_2018_417_48h,,13,PCC,C,3.033735447282245,0.0,1.3586416840553284,0.6031783223152161,1.149999976158142,34.72425106811524,0.28811511397361755
observed_test,v2_2018_417_48h,,14,PCC,A,3.1232014249141358,0.0,1.2130999794373145,0.6654155254364014,1.149999976158142,34.72425106811524,0.27196237444877625
observed_test,v2_2018_417_48h,,14,PCC,B,3.1232014249141358,0.0,1.2130999794373145,0.6654155254364014,1.149999976158142,34.72425106811524,0.27196237444877625
observed_test,v2_2018_417_48h,,14,PCC,C,3.1232014249141358,0.0,1.2130999794373145,0.6654155254364014,1.149999976158142,34.72425106811524,0.27196237444877625
observed_test,v2_2018_417_48h,,15,PCC,A,2.915610662966831,0.0,0.9863832822212806,0.5210045576095581,1.149999976158142,34.72425106811524,0.2654355466365814
observed_test,v2_2018_417_48h,,15,PCC,B,2.915610662966831,0.0,0.9863832822212806,0.5210045576095581,1.149999976158142,34.72425106811524,0.2654355466365814
observed_test,v2_2018_417_48h,,15,PCC,C,2.915610662966831,0.0,0.9863832822212806,0.5210045576095581,1.149999976158142,34.72425106811524,0.2654355466365814
observed_test,v2_2018_417_48h,,16,PCC,A,2.9761405680146122,0.0,0.6686708101859459,0.5631123185157776,1.149999976158142,53.24800137329102,0.2577410638332367
observed_test,v2_2018_417_48h,,16,PCC,B,2.9761405680146122,0.0,0.6686708101859459,0.5631123185157776,1.149999976158142,53.24800137329102,0.2577410638332367
observed_test,v2_2018_417_48h,,16,PCC,C,2.9761405680146122,0.0,0.6686708101859459,0.5631123185157776,1.149999976158142,53.24800137329102,0.2577410638332367
observed_test,v2_2018_417_48h,,17,PCC,A,2.912059071852747,0.0,0.3063916586912595,0.5185338854789734,1.149999976158142,53.24800137329102,0.25563478469848633
observed_test,v2_2018_417_48h,,17,PCC,B,2.912059071852747,0.0,0.3063916586912595,0.5185338854789734,1.149999976158142,53.24800137329102,0.25563478469848633
observed_test,v2_2018_417_48h,,17,PCC,C,2.912059071852747,0.0,0.3063916586912595,0.5185338854789734,1.149999976158142,53.24800137329102,0.25563478469848633
observed_test,v2_2018_417_48h,,18,PCC,A,2.888165108802557,0.0,0.043995832451261006,0.501911997795105,1.149999976158142,53.24800137329102,0.2592598795890808
observed_test,v2_2018_417_48h,,18,PCC,B,2.888165108802557,0.0,0.043995832451261006,0.501911997795105,1.149999976158142,53.24800137329102,0.2592598795890808
observed_test,v2_2018_417_48h,,18,PCC,C,2.888165108802557,0.0,0.043995832451261006,0.501911997795105,1.149999976158142,53.24800137329102,0.2592598795890808
observed_test,v2_2018_417_48h,,19,PCC,A,2.9849615821466244,0.0,0.0,0.5692486763000488,1.149999976158142,53.24800137329102,0.2766875922679901
observed_test,v2_2018_417_48h,,19,PCC,B,2.9849615821466244,0.0,0.0,0.5692486763000488,1.149999976158142,53.24800137329102,0.2766875922679901
observed_test,v2_2018_417_48h,,19,PCC,C,2.9849615821466244,0.0,0.0,0.5692486763000488,1.149999976158142,53.24800137329102,0.2766875922679901
observed_test,v2_2018_417_48h,,20,PCC,A,2.825617614510635,0.0,0.0,0.458400696516037,1.149999976158142,53.24800137329102,0.29759371280670166
observed_test,v2_2018_417_48h,,20,PCC,B,2.825617614510635,0.0,0.0,0.458400696516037,1.149999976158142,53.24800137329102,0.29759371280670166
observed_test,v2_2018_417_48h,,20,PCC,C,2.825617614510635,0.0,0.0,0.458400696516037,1.149999976158142,53.24800137329102,0.29759371280670166
observed_test,v2_2018_417_48h,,21,PCC,A,2.740638571998929,0.0,0.0,0.39928483963012695,1.149999976158142,53.24800137329102,0.29918307065963745
observed_test,v2_2018_417_48h,,21,PCC,B,2.740638571998929,0.0,0.0,0.39928483963012695,1.149999976158142,53.24800137329102,0.29918307065963745
observed_test,v2_2018_417_48h,,21,PCC,C,2.740638571998929,0.0,0.0,0.39928483963012695,1.149999976158142,53.24800137329102,0.29918307065963745
observed_test,v2_2018_417_48h,,22,PCC,A,2.689500792288461,0.0,0.0,0.3637107312679291,1.149999976158142,53.24800137329102,0.2935025990009308
observed_test,v2_2018_417_48h,,22,PCC,B,2.689500792288461,0.0,0.0,0.3637107312679291,1.149999976158142,53.24800137329102,0.2935025990009308
observed_test,v2_2018_417_48h,,22,PCC,C,2.689500792288461,0.0,0.0,0.3637107312679291,1.149999976158142,53.24800137329102,0.2935025990009308
observed_test,v2_2018_417_48h,,23,PCC,A,2.666340906989589,0.0,0.0,0.34759950637817383,1.149999976158142,53.24800137329102,0.28960120677948
observed_test,v2_2018_417_48h,,23,PCC,B,2.666340906989589,0.0,0.0,0.34759950637817383,1.149999976158142,53.24800137329102,0.28960120677948
observed_test,v2_2018_417_48h,,23,PCC,C,2.666340906989589,0.0,0.0,0.34759950637817383,1.149999976158142,53.24800137329102,0.28960120677948
observed_test,v2_2018_417_48h,,24,PCC,A,2.589738233557025,0.0,0.0,0.29431068897247314,1.149999976158142,53.24800137329102,0.2904060482978821
observed_test,v2_2018_417_48h,,24,PCC,B,2.589738233557025,0.0,0.0,0.29431068897247314,1.149999976158142,53.24800137329102,0.2904060482978821
observed_test,v2_2018_417_48h,,24,PCC,C,2.589738233557025,0.0,0.0,0.29431068897247314,1.149999976158142,53.24800137329102,0.2904060482978821
observed_test,v2_2018_417_48h,,25,PCC,A,2.6237012928594003,0.0,0.0,0.3179371654987335,1.149999976158142,34.72425106811524,0.296613872051239
observed_test,v2_2018_417_48h,,25,PCC,B,2.6237012928594003,0.0,0.0,0.3179371654987335,1.149999976158142,34.72425106811524,0.296613872051239
observed_test,v2_2018_417_48h,,25,PCC,C,2.6237012928594003,0.0,0.0,0.3179371654987335,1.149999976158142,34.72425106811524,0.296613872051239
observed_test,v2_2018_417_48h,,26,PCC,A,2.4875831211508435,0.0,0.0,0.2232462614774704,1.149999976158142,34.72425106811524,0.3104727864265442
observed_test,v2_2018_417_48h,,26,PCC,B,2.4875831211508435,0.0,0.0,0.2232462614774704,1.149999976158142,34.72425106811524,0.3104727864265442
observed_test,v2_2018_417_48h,,26,PCC,C,2.4875831211508435,0.0,0.0,0.2232462614774704,1.149999976158142,34.72425106811524,0.3104727864265442
observed_test,v2_2018_417_48h,,27,PCC,A,2.5452259178952694,0.0,0.0,0.2633455991744995,1.149999976158142,53.24800137329102,0.33049213886260986
observed_test,v2_2018_417_48h,,27,PCC,B,2.5452259178952694,0.0,0.0,0.2633455991744995,1.149999976158142,53.24800137329102,0.33049213886260986
observed_test,v2_2018_417_48h,,27,PCC,C,2.5452259178952694,0.0,0.0,0.2633455991744995,1.149999976158142,53.24800137329102,0.33049213886260986
observed_test,v2_2018_417_48h,,28,PCC,A,2.6066056994782514,0.0,0.0,0.3060445785522461,1.149999976158142,53.24800137329102,0.3265937566757202
observed_test,v2_2018_417_48h,,28,PCC,B,2.6066056994782514,0.0,0.0,0.3060445785522461,1.149999976158142,53.24800137329102,0.3265937566757202
observed_test,v2_2018_417_48h,,28,PCC,C,2.6066056994782514,0.0,0.0,0.3060445785522461,1.149999976158142,53.24800137329102,0.3265937566757202
observed_test,v2_2018_417_48h,,29,PCC,A,2.5763726205374935,0.0,0.0,0.2850128710269928,1.149999976158142,53.24800137329102,0.32408881187438965
observed_test,v2_2018_417_48h,,29,PCC,B,2.5763726205374935,0.0,0.0,0.2850128710269928,1.149999976158142,53.24800137329102,0.32408881187438965
observed_test,v2_2018_417_48h,,29,PCC,C,2.5763726205374935,0.0,0.0,0.2850128710269928,1.149999976158142,53.24800137329102,0.32408881187438965
observed_test,v2_2018_417_48h,,30,PCC,A,2.7605416539868575,0.0,0.05896250144220316,0.4131304621696472,1.149999976158142,121.88174847412108,0.30246126651763916
observed_test,v2_2018_417_48h,,30,PCC,B,2.7605416539868575,0.0,0.05896250144220316,0.4131304621696472,1.149999976158142,121.88174847412108,0.30246126651763916
observed_test,v2_2018_417_48h,,30,PCC,C,2.7605416539868575,0.0,0.05896250144220316,0.4131304621696472,1.149999976158142,121.88174847412108,0.30246126651763916
observed_test,v2_2018_417_48h,,31,PCC,A,3.0129513006293838,0.0,0.2768458368686529,0.5887197852134705,1.149999976158142,121.88174847412108,0.2702350914478302
observed_test,v2_2018_417_48h,,31,PCC,B,3.0129513006293838,0.0,0.2768458368686529,0.5887197852134705,1.149999976158142,121.88174847412108,0.2702350914478302
observed_test,v2_2018_417_48h,,31,PCC,C,3.0129513006293838,0.0,0.2768458368686529,0.5887197852134705,1.149999976158142,121.88174847412108,0.2702350914478302
observed_test,v2_2018_417_48h,,32,PCC,A,2.7649040079514635,0.0,0.5969249858306004,0.41616514325141907,1.149999976158142,121.88174847412108,0.26409101486206055
observed_test,v2_2018_417_48h,,32,PCC,B,2.7649040079514635,0.0,0.5969249858306004,0.41616514325141907,1.149999976158142,121.88174847412108,0.26409101486206055
observed_test,v2_2018_417_48h,,32,PCC,C,2.7649040079514635,0.0,0.5969249858306004,0.41616514325141907,1.149999976158142,121.88174847412108,0.26409101486206055
observed_test,v2_2018_417_48h,,33,PCC,A,2.907250437854574,0.0,0.9364458230825571,0.5137431621551514,1.1509000062942505,121.88174847412108,0.2646627426147461
observed_test,v2_2018_417_48h,,33,PCC,B,2.907250437854574,0.0,0.9364458230825571,0.5137431621551514,1.1509000062942505,121.88174847412108,0.2646627426147461
observed_test,v2_2018_417_48h,,33,PCC,C,2.907250437854574,0.0,0.9364458230825571,0.5137431621551514,1.1509000062942505,121.88174847412108,0.2646627426147461
observed_test,v2_2018_417_48h,,34,PCC,A,2.7260986030936514,0.0,1.1315124539228585,0.3643687963485718,1.1668000221252441,53.24800137329102,0.2743819057941437
observed_test,v2_2018_417_48h,,34,PCC,B,2.7260986030936514,0.0,1.1315124539228585,0.3643687963485718,1.1668000221252441,53.24800137329102,0.2743819057941437
observed_test,v2_2018_417_48h,,34,PCC,C,2.7260986030936514,0.0,1.1315124539228585,0.3643687963485718,1.1668000221252441,53.24800137329102,0.2743819057941437
observed_test,v2_2018_417_48h,,35,PCC,A,2.7484108236261213,0.0,1.239004158056699,0.36136627197265625,1.1793999671936035,53.24800137329102,0.2967167794704437
observed_test,v2_2018_417_48h,,35,PCC,B,2.7484108236261213,0.0,1.239004158056699,0.36136627197265625,1.1793999671936035,53.24800137329102,0.2967167794704437
observed_test,v2_2018_417_48h,,35,PCC,C,2.7484108236261213,0.0,1.239004158056699,0.36136627197265625,1.1793999671936035,53.24800137329102,0.2967167794704437
observed_test,v2_2018_417_48h,,36,PCC,A,3.028565483383133,0.0,1.2732041569856496,0.5383059978485107,1.1876499652862549,34.72425106811524,0.30099955201148987
observed_test,v2_2018_417_48h,,36,PCC,B,3.028565483383133,0.0,1.2732041569856496,0.5383059978485107,1.1876499652862549,34.72425106811524,0.30099955201148987
observed_test,v2_2018_417_48h,,36,PCC,C,3.028565483383133,0.0,1.2732041569856496,0.5383059978485107,1.1876499652862549,34.72425106811524,0.30099955201148987
observed_test,v2_2018_417_48h,,37,PCC,A,3.1352206485811895,0.0,1.2219874904705927,0.6031783223152161,1.1919249296188354,34.72425106811524,0.27176740765571594
observed_test,v2_2018_417_48h,,37,PCC,B,3.1352206485811895,0.0,1.2219874904705927,0.6031783223152161,1.1919249296188354,34.72425106811524,0.27176740765571594
observed_test,v2_2018_417_48h,,37,PCC,C,3.1352206485811895,0.0,1.2219874904705927,0.6031783223152161,1.1919249296188354,34.72425106811524,0.27176740765571594
observed_test,v2_2018_417_48h,,38,PCC,A,3.22888523555771,0.0,1.1135416535230782,0.6654155254364014,1.1922999620437622,34.72425106811524,0.250858336687088
observed_test,v2_2018_417_48h,,38,PCC,B,3.22888523555771,0.0,1.1135416535230782,0.6654155254364014,1.1922999620437622,34.72425106811524,0.250858336687088
observed_test,v2_2018_417_48h,,38,PCC,C,3.22888523555771,0.0,1.1135416535230782,0.6654155254364014,1.1922999620437622,34.72425106811524,0.250858336687088
observed_test,v2_2018_417_48h,,39,PCC,A,3.005835910784453,0.0,0.9123041652716122,0.5210045576095581,1.18892502784729,34.72425106811524,0.24566330015659332
observed_test,v2_2018_417_48h,,39,PCC,B,3.005835910784453,0.0,0.9123041652716122,0.5210045576095581,1.18892502784729,34.72425106811524,0.24566330015659332
observed_test,v2_2018_417_48h,,39,PCC,C,3.005835910784453,0.0,0.9123041652716122,0.5210045576095581,1.18892502784729,34.72425106811524,0.24566330015659332
observed_test,v2_2018_417_48h,,40,PCC,A,3.0504575713333146,0.0,0.6269833216300377,0.5631123185157776,1.1813499927520752,53.24800137329102,0.2558567225933075
observed_test,v2_2018_417_48h,,40,PCC,B,3.0504575713333146,0.0,0.6269833216300377,0.5631123185157776,1.1813499927520752,53.24800137329102,0.2558567225933075
observed_test,v2_2018_417_48h,,40,PCC,C,3.0504575713333146,0.0,0.6269833216300377,0.5631123185157776,1.1813499927520752,53.24800137329102,0.2558567225933075
observed_test,v2_2018_417_48h,,41,PCC,A,2.957545519795026,0.0,0.2915166604977387,0.5185338854789734,1.1696499586105347,53.24800137329102,0.26320913434028625
observed_test,v2_2018_417_48h,,41,PCC,B,2.957545519795026,0.0,0.2915166604977387,0.5185338854789734,1.1696499586105347,53.24800137329102,0.26320913434028625
observed_test,v2_2018_417_48h,,41,PCC,C,2.957545519795026,0.0,0.2915166604977387,0.5185338854789734,1.1696499586105347,53.24800137329102,0.26320913434028625
observed_test,v2_2018_417_48h,,42,PCC,A,2.9120805843278936,0.0,0.04336250086243335,0.501911997795105,1.1604249477386475,53.24800137329102,0.2816186845302582
observed_test,v2_2018_417_48h,,42,PCC,B,2.9120805843278936,0.0,0.04336250086243335,0.501911997795105,1.1604249477386475,53.24800137329102,0.2816186845302582
observed_test,v2_2018_417_48h,,42,PCC,C,2.9120805843278936,0.0,0.04336250086243335,0.501911997795105,1.1604249477386475,53.24800137329102,0.2816186845302582
observed_test,v2_2018_417_48h,,43,PCC,A,2.9901341639334,0.0,0.0,0.5692486763000488,1.152174949645996,53.24800137329102,0.29727253317832947
observed_test,v2_2018_417_48h,,43,PCC,B,2.9901341639334,0.0,0.0,0.5692486763000488,1.152174949645996,53.24800137329102,0.29727253317832947
observed_test,v2_2018_417_48h,,43,PCC,C,2.9901341639334,0.0,0.0,0.5692486763000488,1.152174949645996,53.24800137329102,0.29727253317832947
observed_test,v2_2018_417_48h,,44,PCC,A,2.825617614510635,0.0,0.0,0.458400696516037,1.149999976158142,53.24800137329102,0.30820977687835693
observed_test,v2_2018_417_48h,,44,PCC,B,2.825617614510635,0.0,0.0,0.458400696516037,1.149999976158142,53.24800137329102,0.30820977687835693
observed_test,v2_2018_417_48h,,44,PCC,C,2.825617614510635,0.0,0.0,0.458400696516037,1.149999976158142,53.24800137329102,0.30820977687835693
observed_test,v2_2018_417_48h,,45,PCC,A,2.740638571998929,0.0,0.0,0.39928483963012695,1.149999976158142,53.24800137329102,0.31189200282096863
observed_test,v2_2018_417_48h,,45,PCC,B,2.740638571998929,0.0,0.0,0.39928483963012695,1.149999976158142,53.24800137329102,0.31189200282096863
observed_test,v2_2018_417_48h,,45,PCC,C,2.740638571998929,0.0,0.0,0.39928483963012695,1.149999976158142,53.24800137329102,0.31189200282096863
observed_test,v2_2018_417_48h,,46,PCC,A,2.689500792288461,0.0,0.0,0.3637107312679291,1.149999976158142,53.24800137329102,0.30508312582969666
observed_test,v2_2018_417_48h,,46,PCC,B,2.689500792288461,0.0,0.0,0.3637107312679291,1.149999976158142,53.24800137329102,0.30508312582969666
observed_test,v2_2018_417_48h,,46,PCC,C,2.689500792288461,0.0,0.0,0.3637107312679291,1.149999976158142,53.24800137329102,0.30508312582969666
observed_test,v2_2018_417_48h,,47,PCC,A,2.666340906989589,0.0,0.0,0.34759950637817383,1.149999976158142,53.24800137329102,0.3041776418685913
observed_test,v2_2018_417_48h,,47,PCC,B,2.666340906989589,0.0,0.0,0.34759950637817383,1.149999976158142,53.24800137329102,0.3041776418685913
observed_test,v2_2018_417_48h,,47,PCC,C,2.666340906989589,0.0,0.0,0.34759950637817383,1.149999976158142,53.24800137329102,0.3041776418685913
observed_test,v2_2018_493_48h,,0,PCC,A,2.6239188515480456,0.0,0.0,0.29431068897247314,1.1668000221252441,53.24800137329102,0.31429949402809143
observed_test,v2_2018_493_48h,,0,PCC,B,2.6239188515480456,0.0,0.0,0.29431068897247314,1.1668000221252441,53.24800137329102,0.31429949402809143
observed_test,v2_2018_493_48h,,0,PCC,C,2.6239188515480456,0.0,0.0,0.29431068897247314,1.1668000221252441,53.24800137329102,0.31429949402809143
observed_test,v2_2018_493_48h,,1,PCC,A,2.6593066929139293,0.0,0.0,0.3179371654987335,1.1672499179840088,53.24800137329102,0.3190944790840149
observed_test,v2_2018_493_48h,,1,PCC,B,2.6593066929139293,0.0,0.0,0.3179371654987335,1.1672499179840088,53.24800137329102,0.3190944790840149
observed_test,v2_2018_493_48h,,1,PCC,C,2.6593066929139293,0.0,0.0,0.3179371654987335,1.1672499179840088,53.24800137329102,0.3190944790840149
observed_test,v2_2018_493_48h,,2,PCC,A,2.5226061750231987,0.0,0.0,0.2232462614774704,1.1679999828338623,53.24800137329102,0.3179285526275635
observed_test,v2_2018_493_48h,,2,PCC,B,2.5226061750231987,0.0,0.0,0.2232462614774704,1.1679999828338623,53.24800137329102,0.3179285526275635
observed_test,v2_2018_493_48h,,2,PCC,C,2.5226061750231987,0.0,0.0,0.2232462614774704,1.1679999828338623,53.24800137329102,0.3179285526275635
observed_test,v2_2018_493_48h,,3,PCC,A,2.581151207200423,0.0,0.0,0.2633455991744995,1.1679999828338623,53.24800137329102,0.3199610114097595
observed_test,v2_2018_493_48h,,3,PCC,B,2.581151207200423,0.0,0.0,0.2633455991744995,1.1679999828338623,53.24800137329102,0.3199610114097595
observed_test,v2_2018_493_48h,,3,PCC,C,2.581151207200423,0.0,0.0,0.2633455991744995,1.1679999828338623,53.24800137329102,0.3199610114097595
observed_test,v2_2018_493_48h,,4,PCC,A,2.64272319133363,0.0,0.0,0.3060445785522461,1.1676249504089355,53.24800137329102,0.30600374937057495
observed_test,v2_2018_493_48h,,4,PCC,B,2.64272319133363,0.0,0.0,0.3060445785522461,1.1676249504089355,53.24800137329102,0.30600374937057495
observed_test,v2_2018_493_48h,,4,PCC,C,2.64272319133363,0.0,0.0,0.3060445785522461,1.1676249504089355,53.24800137329102,0.30600374937057495
observed_test,v2_2018_493_48h,,5,PCC,A,2.6115717037287753,0.0,0.0,0.2850128710269928,1.1674000024795532,53.24800137329102,0.2811015546321869
observed_test,v2_2018_493_48h,,5,PCC,B,2.6115717037287753,0.0,0.0,0.2850128710269928,1.1674000024795532,53.24800137329102,0.2811015546321869
observed_test,v2_2018_493_48h,,5,PCC,C,2.6115717037287753,0.0,0.0,0.2850128710269928,1.1674000024795532,53.24800137329102,0.2811015546321869
observed_test,v2_2018_493_48h,,6,PCC,A,2.8003281832274785,0.0,0.003587500004169459,0.4131304621696472,1.1682249307632446,53.24800137329102,0.2562400698661804
observed_test,v2_2018_493_48h,,6,PCC,B,2.8003281832274785,0.0,0.003587500004169459,0.4131304621696472,1.1682249307632446,53.24800137329102,0.2562400698661804
observed_test,v2_2018_493_48h,,6,PCC,C,2.8003281832274785,0.0,0.003587500004169459,0.4131304621696472,1.1682249307632446,53.24800137329102,0.2562400698661804
observed_test,v2_2018_493_48h,,7,PCC,A,3.061423030054406,0.0,0.03185833159547585,0.5887197852134705,1.1701749563217163,53.24800137329102,0.24238398671150208
observed_test,v2_2018_493_48h,,7,PCC,B,3.061423030054406,0.0,0.03185833159547585,0.5887197852134705,1.1701749563217163,53.24800137329102,0.24238398671150208
observed_test,v2_2018_493_48h,,7,PCC,C,3.061423030054406,0.0,0.03185833159547585,0.5887197852134705,1.1701749563217163,53.24800137329102,0.24238398671150208
observed_test,v2_2018_493_48h,,8,PCC,A,2.816404942767805,0.0,0.04922083507363612,0.41616514325141907,1.173550009727478,53.24800137329102,0.23888331651687622
observed_test,v2_2018_493_48h,,8,PCC,B,2.816404942767805,0.0,0.04922083507363612,0.41616514325141907,1.173550009727478,53.24800137329102,0.23888331651687622
observed_test,v2_2018_493_48h,,8,PCC,C,2.816404942767805,0.0,0.04922083507363612,0.41616514325141907,1.173550009727478,53.24800137329102,0.23888331651687622
observed_test,v2_2018_493_48h,,9,PCC,A,2.9687232631077882,0.0,0.08463749948602456,0.5137431621551514,1.1775249242782593,53.24800137329102,0.25215375423431396
observed_test,v2_2018_493_48h,,9,PCC,B,2.9687232631077882,0.0,0.08463749948602456,0.5137431621551514,1.1775249242782593,53.24800137329102,0.25215375423431396
observed_test,v2_2018_493_48h,,9,PCC,C,2.9687232631077882,0.0,0.08463749948602456,0.5137431621551514,1.1775249242782593,53.24800137329102,0.25215375423431396
observed_test,v2_2018_493_48h,,10,PCC,A,2.7568163755024684,0.0,0.25911250939735997,0.3643687963485718,1.1812750101089478,53.24800137329102,0.2698062062263489
observed_test,v2_2018_493_48h,,10,PCC,B,2.7568163755024684,0.0,0.25911250939735997,0.3643687963485718,1.1812750101089478,53.24800137329102,0.2698062062263489
observed_test,v2_2018_493_48h,,10,PCC,C,2.7568163755024684,0.0,0.25911250939735997,0.3643687963485718,1.1812750101089478,53.24800137329102,0.2698062062263489
observed_test,v2_2018_493_48h,,11,PCC,A,2.7587380347019916,0.0,0.20632917204728493,0.36136627197265625,1.1842750310897827,53.24800137329102,0.28875672817230225
observed_test,v2_2018_493_48h,,11,PCC,B,2.7587380347019916,0.0,0.20632917204728493,0.36136627197265625,1.1842750310897827,53.24800137329102,0.28875672817230225
observed_test,v2_2018_493_48h,,11,PCC,C,2.7587380347019916,0.0,0.20632917204728493,0.36136627197265625,1.1842750310897827,53.24800137329102,0.28875672817230225
observed_test,v2_2018_493_48h,,12,PCC,A,3.0247052839342365,0.0,0.12401666205662946,0.5383059978485107,1.1859999895095825,53.24800137329102,0.3051593005657196
observed_test,v2_2018_493_48h,,12,PCC,B,3.0247052839342365,0.0,0.12401666205662946,0.5383059978485107,1.1859999895095825,53.24800137329102,0.3051593005657196
observed_test,v2_2018_493_48h,,12,PCC,C,3.0247052839342365,0.0,0.12401666205662946,0.5383059978485107,1.1859999895095825,53.24800137329102,0.3051593005657196
observed_test,v2_2018_493_48h,,13,PCC,A,3.11960767387184,0.0,0.09828333098154801,0.6031783223152161,1.1854749917984009,53.24800137329102,0.32414522767066956
observed_test,v2_2018_493_48h,,13,PCC,B,3.11960767387184,0.0,0.09828333098154801,0.6031783223152161,1.1854749917984009,53.24800137329102,0.32414522767066956
observed_test,v2_2018_493_48h,,13,PCC,C,3.11960767387184,0.0,0.09828333098154801,0.6031783223152161,1.1854749917984009,53.24800137329102,0.32414522767066956
observed_test,v2_2018_493_48h,,14,PCC,A,3.2063994514755145,0.0,0.0665375031530857,0.6654155254364014,1.1833000183105469,53.24800137329102,0.33393537998199463
observed_test,v2_2018_493_48h,,14,PCC,B,3.2063994514755145,0.0,0.0665375031530857,0.6654155254364014,1.1833000183105469,53.24800137329102,0.33393537998199463
observed_test,v2_2018_493_48h,,14,PCC,C,3.2063994514755145,0.0,0.0665375031530857,0.6654155254364014,1.1833000183105469,53.24800137329102,0.33393537998199463
observed_test,v2_2018_493_48h,,15,PCC,A,2.9872344675413687,0.0,0.06649166775437501,0.5210045576095581,1.180899977684021,53.24800137329102,0.33610498905181885
observed_test,v2_2018_493_48h,,15,PCC,B,2.9872344675413687,0.0,0.06649166775437501,0.5210045576095581,1.180899977684021,53.24800137329102,0.33610498905181885
observed_test,v2_2018_493_48h,,15,PCC,C,2.9872344675413687,0.0,0.06649166775437501,0.5210045576095581,1.180899977684021,53.24800137329102,0.33610498905181885
observed_test,v2_2018_493_48h,,16,PCC,A,3.0437013516714218,0.0,0.04955416616912071,0.5631123185157776,1.1784999370574951,53.24800137329102,0.3331435024738312
observed_test,v2_2018_493_48h,,16,PCC,B,3.0437013516714218,0.0,0.04955416616912071,0.5631123185157776,1.1784999370574951,53.24800137329102,0.3331435024738312
observed_test,v2_2018_493_48h,,16,PCC,C,3.0437013516714218,0.0,0.04955416616912071,0.5631123185157776,1.1784999370574951,53.24800137329102,0.3331435024738312
observed_test,v2_2018_493_48h,,17,PCC,A,2.9724763312610456,0.0,0.07918333061612569,0.5185338854789734,1.1761000156402588,53.24800137329102,0.33335667848587036
observed_test,v2_2018_493_48h,,17,PCC,B,2.9724763312610456,0.0,0.07918333061612569,0.5185338854789734,1.1761000156402588,53.24800137329102,0.33335667848587036
observed_test,v2_2018_493_48h,,17,PCC,C,2.9724763312610456,0.0,0.07918333061612569,0.5185338854789734,1.1761000156402588,53.24800137329102,0.33335667848587036
observed_test,v2_2018_493_48h,,18,PCC,A,2.944426954811213,0.0,0.003691666643135249,0.501911997795105,1.1745250225067139,53.24800137329102,0.33116862177848816
observed_test,v2_2018_493_48h,,18,PCC,B,2.944426954811213,0.0,0.003691666643135249,0.501911997795105,1.1745250225067139,53.24800137329102,0.33116862177848816
observed_test,v2_2018_493_48h,,18,PCC,C,2.944426954811213,0.0,0.003691666643135249,0.501911997795105,1.1745250225067139,53.24800137329102,0.33116862177848816
observed_test,v2_2018_493_48h,,19,PCC,A,3.0420391581064052,0.0,0.0,0.5692486763000488,1.1740000247955322,53.24800137329102,0.3232167661190033
observed_test,v2_2018_493_48h,,19,PCC,B,3.0420391581064052,0.0,0.0,0.5692486763000488,1.1740000247955322,53.24800137329102,0.3232167661190033
observed_test,v2_2018_493_48h,,19,PCC,C,3.0420391581064052,0.0,0.0,0.5692486763000488,1.1740000247955322,53.24800137329102,0.3232167661190033
observed_test,v2_2018_493_48h,,20,PCC,A,2.879537680529374,0.0,0.0,0.458400696516037,1.1740750074386597,53.24800137329102,0.3166375756263733
observed_test,v2_2018_493_48h,,20,PCC,B,2.879537680529374,0.0,0.0,0.458400696516037,1.1740750074386597,53.24800137329102,0.3166375756263733
observed_test,v2_2018_493_48h,,20,PCC,C,2.879537680529374,0.0,0.0,0.458400696516037,1.1740750074386597,53.24800137329102,0.3166375756263733
observed_test,v2_2018_493_48h,,21,PCC,A,2.794891273963259,0.0,0.0,0.39928483963012695,1.1750500202178955,53.24800137329102,0.31091925501823425
observed_test,v2_2018_493_48h,,21,PCC,B,2.794891273963259,0.0,0.0,0.39928483963012695,1.1750500202178955,53.24800137329102,0.31091925501823425
observed_test,v2_2018_493_48h,,21,PCC,C,2.794891273963259,0.0,0.0,0.39928483963012695,1.1750500202178955,53.24800137329102,0.31091925501823425
observed_test,v2_2018_493_48h,,22,PCC,A,2.7451850607733603,0.0,0.0,0.3637107312679291,1.1762499809265137,53.24800137329102,0.3104761242866516
observed_test,v2_2018_493_48h,,22,PCC,B,2.7451850607733603,0.0,0.0,0.3637107312679291,1.1762499809265137,53.24800137329102,0.3104761242866516
observed_test,v2_2018_493_48h,,22,PCC,C,2.7451850607733603,0.0,0.0,0.3637107312679291,1.1762499809265137,53.24800137329102,0.3104761242866516
observed_test,v2_2018_493_48h,,23,PCC,A,2.7257514042952047,0.0,0.0,0.34759950637817383,1.1782749891281128,53.24800137329102,0.3111721873283386
observed_test,v2_2018_493_48h,,23,PCC,B,2.7257514042952047,0.0,0.0,0.34759950637817383,1.1782749891281128,53.24800137329102,0.3111721873283386
observed_test,v2_2018_493_48h,,23,PCC,C,2.7257514042952047,0.0,0.0,0.34759950637817383,1.1782749891281128,53.24800137329102,0.3111721873283386
observed_test,v2_2018_493_48h,,24,PCC,A,2.652605987023071,0.0,0.0,0.29431068897247314,1.180899977684021,53.24800137329102,0.30889201164245605
observed_test,v2_2018_493_48h,,24,PCC,B,2.652605987023071,0.0,0.0,0.29431068897247314,1.180899977684021,53.24800137329102,0.30889201164245605
observed_test,v2_2018_493_48h,,24,PCC,C,2.652605987023071,0.0,0.0,0.29431068897247314,1.180899977684021,53.24800137329102,0.30889201164245605
observed_test,v2_2018_493_48h,,25,PCC,A,2.6915066436221786,0.0,0.0,0.3179371654987335,1.1828500032424927,34.72425106811524,0.3114953935146332
observed_test,v2_2018_493_48h,,25,PCC,B,2.6915066436221786,0.0,0.0,0.3179371654987335,1.1828500032424927,34.72425106811524,0.3114953935146332
observed_test,v2_2018_493_48h,,25,PCC,C,2.6915066436221786,0.0,0.0,0.3179371654987335,1.1828500032424927,34.72425106811524,0.3114953935146332
observed_test,v2_2018_493_48h,,26,PCC,A,2.553689120838137,0.0,0.0,0.2232462614774704,1.1839749813079834,34.72425106811524,0.30886760354042053
observed_test,v2_2018_493_48h,,26,PCC,B,2.553689120838137,0.0,0.0,0.2232462614774704,1.1839749813079834,34.72425106811524,0.30886760354042053
observed_test,v2_2018_493_48h,,26,PCC,C,2.553689120838137,0.0,0.0,0.2232462614774704,1.1839749813079834,34.72425106811524,0.30886760354042053
observed_test,v2_2018_493_48h,,27,PCC,A,2.6134838486132104,0.0,0.0,0.2633455991744995,1.1841999292373657,34.72425106811524,0.31217098236083984
observed_test,v2_2018_493_48h,,27,PCC,B,2.6134838486132104,0.0,0.0,0.2633455991744995,1.1841999292373657,34.72425106811524,0.31217098236083984
observed_test,v2_2018_493_48h,,27,PCC,C,2.6134838486132104,0.0,0.0,0.2633455991744995,1.1841999292373657,34.72425106811524,0.31217098236083984
observed_test,v2_2018_493_48h,,28,PCC,A,2.676535352949107,0.0,0.0,0.3060445785522461,1.1841249465942383,34.72425106811524,0.2956193685531616
observed_test,v2_2018_493_48h,,28,PCC,B,2.676535352949107,0.0,0.0,0.3060445785522461,1.1841249465942383,34.72425106811524,0.2956193685531616
observed_test,v2_2018_493_48h,,28,PCC,C,2.676535352949107,0.0,0.0,0.3060445785522461,1.1841249465942383,34.72425106811524,0.2956193685531616
observed_test,v2_2018_493_48h,,29,PCC,A,2.6443431059449636,0.0,0.0,0.2850128710269928,1.1835999488830566,34.72425106811524,0.25929492712020874
observed_test,v2_2018_493_48h,,29,PCC,B,2.6443431059449636,0.0,0.0,0.2850128710269928,1.1835999488830566,34.72425106811524,0.25929492712020874
observed_test,v2_2018_493_48h,,29,PCC,C,2.6443431059449636,0.0,0.0,0.2850128710269928,1.1835999488830566,34.72425106811524,0.25929492712020874
observed_test,v2_2018_493_48h,,30,PCC,A,2.8368403301934992,0.0,0.013058333514401546,0.4131304621696472,1.1849499940872192,53.24800137329102,0.23812608420848846
observed_test,v2_2018_493_48h,,30,PCC,B,2.8368403301934992,0.0,0.013058333514401546,0.4131304621696472,1.1849499940872192,53.24800137329102,0.23812608420848846
observed_test,v2_2018_493_48h,,30,PCC,C,2.8368403301934992,0.0,0.013058333514401546,0.4131304621696472,1.1849499940872192,53.24800137329102,0.23812608420848846
observed_test,v2_2018_493_48h,,31,PCC,A,3.1066514726441117,0.0,0.14935833616898608,0.5887197852134705,1.1890000104904175,53.24800137329102,0.2374788075685501
observed_test,v2_2018_493_48h,,31,PCC,B,3.1066514726441117,0.0,0.14935833616898608,0.5887197852134705,1.1890000104904175,53.24800137329102,0.2374788075685501
observed_test,v2_2018_493_48h,,31,PCC,C,3.1066514726441117,0.0,0.14935833616898608,0.5887197852134705,1.1890000104904175,53.24800137329102,0.2374788075685501
observed_test,v2_2018_493_48h,,32,PCC,A,2.861673167464334,0.0,0.13339583976910663,0.41616514325141907,1.1942499876022339,53.24800137329102,0.2384095937013626
observed_test,v2_2018_493_48h,,32,PCC,B,2.861673167464334,0.0,0.13339583976910663,0.41616514325141907,1.1942499876022339,53.24800137329102,0.2384095937013626
observed_test,v2_2018_493_48h,,32,PCC,C,2.861673167464334,0.0,0.13339583976910663,0.41616514325141907,1.1942499876022339,53.24800137329102,0.2384095937013626
observed_test,v2_2018_493_48h,,33,PCC,A,3.0222307629787344,0.0,0.2715833198565703,0.5137431621551514,1.2006999254226685,53.24800137329102,0.24782107770442963
observed_test,v2_2018_493_48h,,33,PCC,B,3.0222307629787344,0.0,0.2715833198565703,0.5137431621551514,1.2006999254226685,53.24800137329102,0.24782107770442963
observed_test,v2_2018_493_48h,,33,PCC,C,3.0222307629787344,0.0,0.2715833198565703,0.5137431621551514,1.2006999254226685,53.24800137329102,0.24782107770442963
observed_test,v2_2018_493_48h,,34,PCC,A,2.8123631140105907,0.0,0.8582750192055335,0.3643687963485718,1.207450032234192,53.24800137329102,0.27238571643829346
observed_test,v2_2018_493_48h,,34,PCC,B,2.8123631140105907,0.0,0.8582750192055335,0.3643687963485718,1.207450032234192,53.24800137329102,0.27238571643829346
observed_test,v2_2018_493_48h,,34,PCC,C,2.8123631140105907,0.0,0.8582750192055335,0.3643687963485718,1.207450032234192,53.24800137329102,0.27238571643829346
observed_test,v2_2018_493_48h,,35,PCC,A,2.8186348488223607,0.0,0.7286374958661885,0.36136627197265625,1.2125499248504639,53.24800137329102,0.2993454933166504
observed_test,v2_2018_493_48h,,35,PCC,B,2.8186348488223607,0.0,0.7286374958661885,0.36136627197265625,1.2125499248504639,53.24800137329102,0.2993454933166504
observed_test,v2_2018_493_48h,,35,PCC,C,2.8186348488223607,0.0,0.7286374958661885,0.36136627197265625,1.2125499248504639,53.24800137329102,0.2993454933166504
observed_test,v2_2018_493_48h,,36,PCC,A,3.0931371572221074,0.0,0.8265666663646698,0.5383059978485107,1.215250015258789,53.24800137329102,0.3172948658466339
observed_test,v2_2018_493_48h,,36,PCC,B,3.0931371572221074,0.0,0.8265666663646698,0.5383059978485107,1.215250015258789,53.24800137329102,0.3172948658466339
observed_test,v2_2018_493_48h,,36,PCC,C,3.0931371572221074,0.0,0.8265666663646698,0.5383059978485107,1.215250015258789,53.24800137329102,0.3172948658466339
observed_test,v2_2018_493_48h,,37,PCC,A,3.1936791278902064,0.0,1.0726999778013961,0.6031783223152161,1.2160749435424805,53.24800137329102,0.3176347613334656
observed_test,v2_2018_493_48h,,37,PCC,B,3.1936791278902064,0.0,1.0726999778013961,0.6031783223152161,1.2160749435424805,53.24800137329102,0.3176347613334656
observed_test,v2_2018_493_48h,,37,PCC,C,3.1936791278902064,0.0,1.0726999778013961,0.6031783223152161,1.2160749435424805,53.24800137329102,0.3176347613334656
observed_test,v2_2018_493_48h,,38,PCC,A,3.287348810277637,0.0,0.8142000207534202,0.6654155254364014,1.2157000303268433,53.24800137329102,0.30647626519203186
observed_test,v2_2018_493_48h,,38,PCC,B,3.287348810277637,0.0,0.8142000207534202,0.6654155254364014,1.2157000303268433,53.24800137329102,0.30647626519203186
observed_test,v2_2018_493_48h,,38,PCC,C,3.287348810277637,0.0,0.8142000207534202,0.6654155254364014,1.2157000303268433,53.24800137329102,0.30647626519203186
observed_test,v2_2018_493_48h,,39,PCC,A,3.061292079987163,0.0,0.751354144169734,0.5210045576095581,1.2128499746322632,53.24800137329102,0.28549402952194214
observed_test,v2_2018_493_48h,,39,PCC,B,3.061292079987163,0.0,0.751354144169734,0.5210045576095581,1.2128499746322632,53.24800137329102,0.28549402952194214
observed_test,v2_2018_493_48h,,39,PCC,C,3.061292079987163,0.0,0.751354144169734,0.5210045576095581,1.2128499746322632,53.24800137329102,0.28549402952194214
observed_test,v2_2018_493_48h,,40,PCC,A,3.114462494524774,0.0,0.47527915583207053,0.5631123185157776,1.2083499431610107,53.24800137329102,0.2766748368740082
observed_test,v2_2018_493_48h,,40,PCC,B,3.114462494524774,0.0,0.47527915583207053,0.5631123185157776,1.2083499431610107,53.24800137329102,0.2766748368740082
observed_test,v2_2018_493_48h,,40,PCC,C,3.114462494524774,0.0,0.47527915583207053,0.5631123185157776,1.2083499431610107,53.24800137329102,0.2766748368740082
observed_test,v2_2018_493_48h,,41,PCC,A,3.0302891772179184,0.0,0.18225833773612976,0.5185338854789734,1.2010749578475952,53.24800137329102,0.2770940661430359
observed_test,v2_2018_493_48h,,41,PCC,B,3.0302891772179184,0.0,0.18225833773612976,0.5185338854789734,1.2010749578475952,53.24800137329102,0.2770940661430359
observed_test,v2_2018_493_48h,,41,PCC,C,3.0302891772179184,0.0,0.18225833773612976,0.5185338854789734,1.2010749578475952,53.24800137329102,0.2770940661430359
observed_test,v2_2018_493_48h,,42,PCC,A,2.9917418625654535,0.0,0.006070833366650801,0.501911997795105,1.1951500177383423,121.88174847412108,0.2801923453807831
observed_test,v2_2018_493_48h,,42,PCC,B,2.9917418625654535,0.0,0.006070833366650801,0.501911997795105,1.1951500177383423,121.88174847412108,0.2801923453807831
observed_test,v2_2018_493_48h,,42,PCC,C,2.9917418625654535,0.0,0.006070833366650801,0.501911997795105,1.1951500177383423,121.88174847412108,0.2801923453807831
observed_test,v2_2018_493_48h,,43,PCC,A,3.0828851185529893,0.0,0.0,0.5692486763000488,1.1911749839782715,121.88174847412108,0.286238431930542
observed_test,v2_2018_493_48h,,43,PCC,B,3.0828851185529893,0.0,0.0,0.5692486763000488,1.1911749839782715,121.88174847412108,0.286238431930542
observed_test,v2_2018_493_48h,,43,PCC,C,3.0828851185529893,0.0,0.0,0.5692486763000488,1.1911749839782715,121.88174847412108,0.286238431930542
observed_test,v2_2018_493_48h,,44,PCC,A,2.913636470125372,0.0,0.0,0.458400696516037,1.1892999410629272,121.88174847412108,0.28883904218673706
observed_test,v2_2018_493_48h,,44,PCC,B,2.913636470125372,0.0,0.0,0.458400696516037,1.1892999410629272,121.88174847412108,0.28883904218673706
observed_test,v2_2018_493_48h,,44,PCC,C,2.913636470125372,0.0,0.0,0.458400696516037,1.1892999410629272,121.88174847412108,0.28883904218673706
observed_test,v2_2018_493_48h,,45,PCC,A,2.820555679411015,0.0,0.0,0.39928483963012695,1.186900019645691,53.24800137329102,0.2975204885005951
observed_test,v2_2018_493_48h,,45,PCC,B,2.820555679411015,0.0,0.0,0.39928483963012695,1.186900019645691,53.24800137329102,0.2975204885005951
observed_test,v2_2018_493_48h,,45,PCC,C,2.820555679411015,0.0,0.0,0.39928483963012695,1.186900019645691,53.24800137329102,0.2975204885005951
observed_test,v2_2018_493_48h,,46,PCC,A,2.7625267625816576,0.0,0.0,0.3637107312679291,1.1844249963760376,53.24800137329102,0.3060232102870941
observed_test,v2_2018_493_48h,,46,PCC,B,2.7625267625816576,0.0,0.0,0.3637107312679291,1.1844249963760376,53.24800137329102,0.3060232102870941
observed_test,v2_2018_493_48h,,46,PCC,C,2.7625267625816576,0.0,0.0,0.3637107312679291,1.1844249963760376,53.24800137329102,0.3060232102870941
observed_test,v2_2018_493_48h,,47,PCC,A,2.7317395940817257,0.0,0.0,0.34759950637817383,1.1811249256134033,53.24800137329102,0.30275729298591614
observed_test,v2_2018_493_48h,,47,PCC,B,2.7317395940817257,0.0,0.0,0.34759950637817383,1.1811249256134033,53.24800137329102,0.30275729298591614
observed_test,v2_2018_493_48h,,47,PCC,C,2.7317395940817257,0.0,0.0,0.34759950637817383,1.1811249256134033,53.24800137329102,0.30275729298591614
observed_test,v2_2018_455_48h,,0,PCC,A,2.668322925389583,0.0,0.0,0.29431068897247314,1.1886249780654907,53.24800137329102,0.34276068210601807
observed_test,v2_2018_455_48h,,0,PCC,B,2.668322925389583,0.0,0.0,0.29431068897247314,1.1886249780654907,53.24800137329102,0.34276068210601807
observed_test,v2_2018_455_48h,,0,PCC,C,2.668322925389583,0.0,0.0,0.29431068897247314,1.1886249780654907,53.24800137329102,0.34276068210601807
observed_test,v2_2018_455_48h,,1,PCC,A,2.6973891636743104,0.0,0.0,0.3179371654987335,1.1856999397277832,34.72425106811524,0.33996203541755676
observed_test,v2_2018_455_48h,,1,PCC,B,2.6973891636743104,0.0,0.0,0.3179371654987335,1.1856999397277832,34.72425106811524,0.33996203541755676
observed_test,v2_2018_455_48h,,1,PCC,C,2.6973891636743104,0.0,0.0,0.3179371654987335,1.1856999397277832,34.72425106811524,0.33996203541755676
observed_test,v2_2018_455_48h,,2,PCC,A,2.553105306628417,0.0,0.0,0.2232462614774704,1.183674931526184,34.72425106811524,0.3366945683956146
observed_test,v2_2018_455_48h,,2,PCC,B,2.553105306628417,0.0,0.0,0.2232462614774704,1.183674931526184,34.72425106811524,0.3366945683956146
observed_test,v2_2018_455_48h,,2,PCC,C,2.553105306628417,0.0,0.0,0.2232462614774704,1.183674931526184,34.72425106811524,0.3366945683956146
observed_test,v2_2018_455_48h,,3,PCC,A,2.6082447687065944,0.0,0.0,0.2633455991744995,1.1815749406814575,34.72425106811524,0.34762367606163025
observed_test,v2_2018_455_48h,,3,PCC,B,2.6082447687065944,0.0,0.0,0.2633455991744995,1.1815749406814575,34.72425106811524,0.34762367606163025
observed_test,v2_2018_455_48h,,3,PCC,C,2.6082447687065944,0.0,0.0,0.2633455991744995,1.1815749406814575,34.72425106811524,0.34762367606163025
observed_test,v2_2018_455_48h,,4,PCC,A,2.670233986673992,0.0,0.0,0.3060445785522461,1.1810499429702759,34.72425106811524,0.3358742594718933
observed_test,v2_2018_455_48h,,4,PCC,B,2.670233986673992,0.0,0.0,0.3060445785522461,1.1810499429702759,34.72425106811524,0.3358742594718933
observed_test,v2_2018_455_48h,,4,PCC,C,2.670233986673992,0.0,0.0,0.3060445785522461,1.1810499429702759,34.72425106811524,0.3358742594718933
observed_test,v2_2018_455_48h,,5,PCC,A,2.6454051410114494,0.0,0.000945833296729968,0.2850128710269928,1.1841249465942383,34.72425106811524,0.30183544754981995
observed_test,v2_2018_455_48h,,5,PCC,B,2.6454051410114494,0.0,0.000945833296729968,0.2850128710269928,1.1841249465942383,34.72425106811524,0.30183544754981995
observed_test,v2_2018_455_48h,,5,PCC,C,2.6454051410114494,0.0,0.000945833296729968,0.2850128710269928,1.1841249465942383,34.72425106811524,0.30183544754981995
observed_test,v2_2018_455_48h,,6,PCC,A,2.8512487052239606,0.0,0.03732500167993399,0.4131304621696472,1.1915500164031982,53.24800137329102,0.2928365170955658
observed_test,v2_2018_455_48h,,6,PCC,B,2.8512487052239606,0.0,0.03732500167993399,0.4131304621696472,1.1915500164031982,53.24800137329102,0.2928365170955658
observed_test,v2_2018_455_48h,,6,PCC,C,2.8512487052239606,0.0,0.03732500167993399,0.4131304621696472,1.1915500164031982,53.24800137329102,0.2928365170955658
observed_test,v2_2018_455_48h,,7,PCC,A,3.1340406920066433,0.0,0.1915499997826723,0.5887197852134705,1.2003999948501587,53.24800137329102,0.2831554710865021
observed_test,v2_2018_455_48h,,7,PCC,B,3.1340406920066433,0.0,0.1915499997826723,0.5887197852134705,1.2003999948501587,53.24800137329102,0.2831554710865021
observed_test,v2_2018_455_48h,,7,PCC,C,3.1340406920066433,0.0,0.1915499997826723,0.5887197852134705,1.2003999948501587,53.24800137329102,0.2831554710865021
observed_test,v2_2018_455_48h,,8,PCC,A,2.8943122550919256,0.0,0.4467083284488091,0.41616514325141907,1.2091749906539917,53.24800137329102,0.27899616956710815
observed_test,v2_2018_455_48h,,8,PCC,B,2.8943122550919256,0.0,0.4467083284488091,0.41616514325141907,1.2091749906539917,53.24800137329102,0.27899616956710815
observed_test,v2_2018_455_48h,,8,PCC,C,2.8943122550919256,0.0,0.4467083284488091,0.41616514325141907,1.2091749906539917,53.24800137329102,0.27899616956710815
observed_test,v2_2018_455_48h,,9,PCC,A,3.0587683215307755,0.0,0.6951500016909379,0.5137431621551514,1.2165249586105347,53.24800137329102,0.28237292170524597
observed_test,v2_2018_455_48h,,9,PCC,B,3.0587683215307755,0.0,0.6951500016909379,0.5137431621551514,1.2165249586105347,53.24800137329102,0.28237292170524597
observed_test,v2_2018_455_48h,,9,PCC,C,3.0587683215307755,0.0,0.6951500016909379,0.5137431621551514,1.2165249586105347,53.24800137329102,0.28237292170524597
observed_test,v2_2018_455_48h,,10,PCC,A,2.8433991319017244,0.0,0.8370625285001901,0.3643687963485718,1.2220749855041504,53.24800137329102,0.29163238406181335
observed_test,v2_2018_455_48h,,10,PCC,B,2.8433991319017244,0.0,0.8370625285001901,0.3643687963485718,1.2220749855041504,53.24800137329102,0.29163238406181335
observed_test,v2_2018_455_48h,,10,PCC,C,2.8433991319017244,0.0,0.8370625285001901,0.3643687963485718,1.2220749855041504,53.24800137329102,0.29163238406181335
observed_test,v2_2018_455_48h,,11,PCC,A,2.8434199028745297,0.0,0.8834583254960866,0.36136627197265625,1.2242499589920044,53.24800137329102,0.3122522830963135
observed_test,v2_2018_455_48h,,11,PCC,B,2.8434199028745297,0.0,0.8834583254960866,0.36136627197265625,1.2242499589920044,53.24800137329102,0.3122522830963135
observed_test,v2_2018_455_48h,,11,PCC,C,2.8434199028745297,0.0,0.8834583254960866,0.36136627197265625,1.2242499589920044,53.24800137329102,0.3122522830963135
observed_test,v2_2018_455_48h,,12,PCC,A,3.1170006140276407,0.0,0.9930333265891441,0.5383059978485107,1.225450038909912,53.24800137329102,0.3309154510498047
observed_test,v2_2018_455_48h,,12,PCC,B,3.1170006140276407,0.0,0.9930333265891441,0.5383059978485107,1.225450038909912,53.24800137329102,0.3309154510498047
observed_test,v2_2018_455_48h,,12,PCC,C,3.1170006140276407,0.0,0.9930333265891441,0.5383059978485107,1.225450038909912,53.24800137329102,0.3309154510498047
observed_test,v2_2018_455_48h,,13,PCC,A,3.21836970875057,0.0,0.9853875407805809,0.6031783223152161,1.2262749671936035,53.24800137329102,0.3257731795310974
observed_test,v2_2018_455_48h,,13,PCC,B,3.21836970875057,0.0,0.9853875407805809,0.6031783223152161,1.2262749671936035,53.24800137329102,0.3257731795310974
observed_test,v2_2018_455_48h,,13,PCC,C,3.21836970875057,0.0,0.9853875407805809,0.6031783223152161,1.2262749671936035,53.24800137329102,0.3257731795310974
observed_test,v2_2018_455_48h,,14,PCC,A,3.3139569533606092,0.0,0.8003333440193763,0.6654155254364014,1.226349949836731,53.24800137329102,0.31888633966445923
observed_test,v2_2018_455_48h,,14,PCC,B,3.3139569533606092,0.0,0.8003333440193763,0.6654155254364014,1.226349949836731,53.24800137329102,0.31888633966445923
observed_test,v2_2018_455_48h,,14,PCC,C,3.3139569533606092,0.0,0.8003333440193763,0.6654155254364014,1.226349949836731,53.24800137329102,0.31888633966445923
observed_test,v2_2018_455_48h,,15,PCC,A,3.0898025586606637,0.0,0.7359416438983036,0.5210045576095581,1.2251499891281128,53.24800137329102,0.3320882022380829
observed_test,v2_2018_455_48h,,15,PCC,B,3.0898025586606637,0.0,0.7359416438983036,0.5210045576095581,1.2251499891281128,53.24800137329102,0.3320882022380829
observed_test,v2_2018_455_48h,,15,PCC,C,3.0898025586606637,0.0,0.7359416438983036,0.5210045576095581,1.2251499891281128,53.24800137329102,0.3320882022380829
observed_test,v2_2018_455_48h,,16,PCC,A,3.1512653536191055,0.0,0.5880374747973222,0.5631123185157776,1.2238749265670776,53.24800137329102,0.3351948857307434
observed_test,v2_2018_455_48h,,16,PCC,B,3.1512653536191055,0.0,0.5880374747973222,0.5631123185157776,1.2238749265670776,53.24800137329102,0.3351948857307434
observed_test,v2_2018_455_48h,,16,PCC,C,3.1512653536191055,0.0,0.5880374747973222,0.5631123185157776,1.2238749265670776,53.24800137329102,0.3351948857307434
observed_test,v2_2018_455_48h,,17,PCC,A,3.0749077632927744,0.0,0.33685415983200073,0.5185338854789734,1.2203500270843506,53.24800137329102,0.339530885219574
observed_test,v2_2018_455_48h,,17,PCC,B,3.0749077632927744,0.0,0.33685415983200073,0.5185338854789734,1.2203500270843506,53.24800137329102,0.339530885219574
observed_test,v2_2018_455_48h,,17,PCC,C,3.0749077632927744,0.0,0.33685415983200073,0.5185338854789734,1.2203500270843506,53.24800137329102,0.339530885219574
observed_test,v2_2018_455_48h,,18,PCC,A,3.0383684391182526,0.0,0.10193333459588196,0.501911997795105,1.2154749631881714,121.88174847412108,0.3364403545856476
observed_test,v2_2018_455_48h,,18,PCC,B,3.0383684391182526,0.0,0.10193333459588196,0.501911997795105,1.2154749631881714,121.88174847412108,0.3364403545856476
observed_test,v2_2018_455_48h,,18,PCC,C,3.0383684391182526,0.0,0.10193333459588196,0.501911997795105,1.2154749631881714,121.88174847412108,0.3364403545856476
observed_test,v2_2018_455_48h,,19,PCC,A,3.1176665847819294,0.0,0.011920833136313235,0.5692486763000488,1.20579993724823,121.88174847412108,0.34987059235572815
observed_test,v2_2018_455_48h,,19,PCC,B,3.1176665847819294,0.0,0.011920833136313235,0.5692486763000488,1.20579993724823,121.88174847412108,0.34987059235572815
observed_test,v2_2018_455_48h,,19,PCC,C,3.1176665847819294,0.0,0.011920833136313235,0.5692486763000488,1.20579993724823,121.88174847412108,0.34987059235572815
observed_test,v2_2018_455_48h,,20,PCC,A,2.9408485409168406,0.0,0.0,0.458400696516037,1.201449990272522,121.88174847412108,0.36810052394866943
observed_test,v2_2018_455_48h,,20,PCC,B,2.9408485409168406,0.0,0.0,0.458400696516037,1.201449990272522,121.88174847412108,0.36810052394866943
observed_test,v2_2018_455_48h,,20,PCC,C,2.9408485409168406,0.0,0.0,0.458400696516037,1.201449990272522,121.88174847412108,0.36810052394866943
observed_test,v2_2018_455_48h,,21,PCC,A,2.8444332195089004,0.0,0.0,0.39928483963012695,1.1979249715805054,53.24800137329102,0.3760484457015991
observed_test,v2_2018_455_48h,,21,PCC,B,2.8444332195089004,0.0,0.0,0.39928483963012695,1.1979249715805054,53.24800137329102,0.3760484457015991
observed_test,v2_2018_455_48h,,21,PCC,C,2.8444332195089004,0.0,0.0,0.39928483963012695,1.1979249715805054,53.24800137329102,0.3760484457015991
observed_test,v2_2018_455_48h,,22,PCC,A,2.785754988074187,0.0,0.0,0.3637107312679291,1.1953749656677246,53.24800137329102,0.37326011061668396
observed_test,v2_2018_455_48h,,22,PCC,B,2.785754988074187,0.0,0.0,0.3637107312679291,1.1953749656677246,53.24800137329102,0.37326011061668396
observed_test,v2_2018_455_48h,,22,PCC,C,2.785754988074187,0.0,0.0,0.3637107312679291,1.1953749656677246,53.24800137329102,0.37326011061668396
observed_test,v2_2018_455_48h,,23,PCC,A,2.756796212030219,0.0,0.0,0.34759950637817383,1.1930500268936157,53.24800137329102,0.36769899725914
observed_test,v2_2018_455_48h,,23,PCC,B,2.756796212030219,0.0,0.0,0.34759950637817383,1.1930500268936157,53.24800137329102,0.36769899725914
observed_test,v2_2018_455_48h,,23,PCC,C,2.756796212030219,0.0,0.0,0.34759950637817383,1.1930500268936157,53.24800137329102,0.36769899725914
observed_test,v2_2018_455_48h,,24,PCC,A,2.669238505808915,0.0,0.0,0.29431068897247314,1.189074993133545,53.24800137329102,0.37295687198638916
observed_test,v2_2018_455_48h,,24,PCC,B,2.669238505808915,0.0,0.0,0.29431068897247314,1.189074993133545,53.24800137329102,0.37295687198638916
observed_test,v2_2018_455_48h,,24,PCC,C,2.669238505808915,0.0,0.0,0.29431068897247314,1.189074993133545,53.24800137329102,0.37295687198638916
observed_test,v2_2018_455_48h,,25,PCC,A,2.696460292916926,0.0,0.0,0.3179371654987335,1.185249924659729,34.72425106811524,0.36424681544303894
observed_test,v2_2018_455_48h,,25,PCC,B,2.696460292916926,0.0,0.0,0.3179371654987335,1.185249924659729,34.72425106811524,0.36424681544303894
observed_test,v2_2018_455_48h,,25,PCC,C,2.696460292916926,0.0,0.0,0.3179371654987335,1.185249924659729,34.72425106811524,0.36424681544303894
observed_test,v2_2018_455_48h,,26,PCC,A,2.550040803911363,0.0,0.0,0.2232462614774704,1.1820999383926392,34.72425106811524,0.36309880018234253
observed_test,v2_2018_455_48h,,26,PCC,B,2.550040803911363,0.0,0.0,0.2232462614774704,1.1820999383926392,34.72425106811524,0.36309880018234253
observed_test,v2_2018_455_48h,,26,PCC,C,2.550040803911363,0.0,0.0,0.2232462614774704,1.1820999383926392,34.72425106811524,0.36309880018234253
observed_test,v2_2018_455_48h,,27,PCC,A,2.6046523587379298,0.0,0.0,0.2633455991744995,1.1797749996185303,34.72425106811524,0.36774942278862
observed_test,v2_2018_455_48h,,27,PCC,B,2.6046523587379298,0.0,0.0,0.2633455991744995,1.1797749996185303,34.72425106811524,0.36774942278862
observed_test,v2_2018_455_48h,,27,PCC,C,2.6046523587379298,0.0,0.0,0.2633455991744995,1.1797749996185303,34.72425106811524,0.36774942278862
observed_test,v2_2018_455_48h,,28,PCC,A,2.6674676881006483,0.0,0.0,0.3060445785522461,1.1797000169754028,34.72425106811524,0.36273154616355896
observed_test,v2_2018_455_48h,,28,PCC,B,2.6674676881006483,0.0,0.0,0.3060445785522461,1.1797000169754028,34.72425106811524,0.36273154616355896
observed_test,v2_2018_455_48h,,28,PCC,C,2.6674676881006483,0.0,0.0,0.3060445785522461,1.1797000169754028,34.72425106811524,0.36273154616355896
observed_test,v2_2018_455_48h,,29,PCC,A,2.648439561366034,0.0,0.007087500013697606,0.2850128710269928,1.1856249570846558,34.72425106811524,0.3521607518196106
observed_test,v2_2018_455_48h,,29,PCC,B,2.648439561366034,0.0,0.007087500013697606,0.2850128710269928,1.1856249570846558,34.72425106811524,0.3521607518196106
observed_test,v2_2018_455_48h,,29,PCC,C,2.648439561366034,0.0,0.007087500013697606,0.2850128710269928,1.1856249570846558,34.72425106811524,0.3521607518196106
observed_test,v2_2018_455_48h,,30,PCC,A,2.8682766901714563,0.0,0.09211250222646272,0.4131304621696472,1.1993499994277954,53.24800137329102,0.32330453395843506
observed_test,v2_2018_455_48h,,30,PCC,B,2.8682766901714563,0.0,0.09211250222646272,0.4131304621696472,1.1993499994277954,53.24800137329102,0.32330453395843506
observed_test,v2_2018_455_48h,,30,PCC,C,2.8682766901714563,0.0,0.09211250222646272,0.4131304621696472,1.1993499994277954,53.24800137329102,0.32330453395843506
observed_test,v2_2018_455_48h,,31,PCC,A,3.174944370271616,0.0,0.3229791728349832,0.5887197852134705,1.217424988746643,53.24800137329102,0.3190268874168396
observed_test,v2_2018_455_48h,,31,PCC,B,3.174944370271616,0.0,0.3229791728349832,0.5887197852134705,1.217424988746643,53.24800137329102,0.3190268874168396
observed_test,v2_2018_455_48h,,31,PCC,C,3.174944370271616,0.0,0.3229791728349832,0.5887197852134705,1.217424988746643,53.24800137329102,0.3190268874168396
observed_test,v2_2018_455_48h,,32,PCC,A,2.9451570191130703,0.0,0.6059333108938657,0.41616514325141907,1.2324249744415283,53.24800137329102,0.31302687525749207
observed_test,v2_2018_455_48h,,32,PCC,B,2.9451570191130703,0.0,0.6059333108938657,0.41616514325141907,1.2324249744415283,53.24800137329102,0.31302687525749207
observed_test,v2_2018_455_48h,,32,PCC,C,2.9451570191130703,0.0,0.6059333108938657,0.41616514325141907,1.2324249744415283,53.24800137329102,0.31302687525749207
observed_test,v2_2018_455_48h,,33,PCC,A,3.1150466206630654,0.0,0.8317708395994625,0.5137431621551514,1.2409000396728516,53.24800137329102,0.3080359697341919
observed_test,v2_2018_455_48h,,33,PCC,B,3.1150466206630654,0.0,0.8317708395994625,0.5137431621551514,1.2409000396728516,53.24800137329102,0.3080359697341919
observed_test,v2_2018_455_48h,,33,PCC,C,3.1150466206630654,0.0,0.8317708395994625,0.5137431621551514,1.2409000396728516,53.24800137329102,0.3080359697341919
observed_test,v2_2018_455_48h,,34,PCC,A,2.898468249209041,0.0,0.93189999461174,0.3643687963485718,1.2480249404907227,53.24800137329102,0.31461378931999207
observed_test,v2_2018_455_48h,,34,PCC,B,2.898468249209041,0.0,0.93189999461174,0.3643687963485718,1.2480249404907227,53.24800137329102,0.31461378931999207
observed_test,v2_2018_455_48h,,34,PCC,C,2.898468249209041,0.0,0.93189999461174,0.3643687963485718,1.2480249404907227,53.24800137329102,0.31461378931999207
observed_test,v2_2018_455_48h,,35,PCC,A,2.906017777018557,0.0,1.0434457888970008,0.36136627197265625,1.2537999153137207,53.24800137329102,0.3251783847808838
observed_test,v2_2018_455_48h,,35,PCC,B,2.906017777018557,0.0,1.0434457888970008,0.36136627197265625,1.2537999153137207,53.24800137329102,0.3251783847808838
observed_test,v2_2018_455_48h,,35,PCC,C,2.906017777018557,0.0,1.0434457888970008,0.36136627197265625,1.2537999153137207,53.24800137329102,0.3251783847808838
observed_test,v2_2018_455_48h,,36,PCC,A,3.1926263305771863,0.0,1.0718416709166305,0.5383059978485107,1.2577749490737915,53.24800137329102,0.32520467042922974
observed_test,v2_2018_455_48h,,36,PCC,B,3.1926263305771863,0.0,1.0718416709166305,0.5383059978485107,1.2577749490737915,53.24800137329102,0.32520467042922974
observed_test,v2_2018_455_48h,,36,PCC,C,3.1926263305771863,0.0,1.0718416709166305,0.5383059978485107,1.2577749490737915,53.24800137329102,0.32520467042922974
observed_test,v2_2018_455_48h,,37,PCC,A,3.300429444639319,0.0,1.0088583597770102,0.6031783223152161,1.2601749897003174,53.24800137329102,0.31682246923446655
observed_test,v2_2018_455_48h,,37,PCC,B,3.300429444639319,0.0,1.0088583597770102,0.6031783223152161,1.2601749897003174,53.24800137329102,0.31682246923446655
observed_test,v2_2018_455_48h,,37,PCC,C,3.300429444639319,0.0,1.0088583597770102,0.6031783223152161,1.2601749897003174,53.24800137329102,0.31682246923446655
observed_test,v2_2018_455_48h,,38,PCC,A,3.397904337283881,0.0,0.9389291589076701,0.6654155254364014,1.2599499225616455,53.24800137329102,0.30711761116981506
observed_test,v2_2018_455_48h,,38,PCC,B,3.397904337283881,0.0,0.9389291589076701,0.6654155254364014,1.2599499225616455,53.24800137329102,0.30711761116981506
observed_test,v2_2018_455_48h,,38,PCC,C,3.397904337283881,0.0,0.9389291589076701,0.6654155254364014,1.2599499225616455,53.24800137329102,0.30711761116981506
observed_test,v2_2018_455_48h,,39,PCC,A,3.1645556632059075,0.0,0.8456291487583747,0.5210045576095581,1.2574000358581543,53.24800137329102,0.30297839641571045
observed_test,v2_2018_455_48h,,39,PCC,B,3.1645556632059075,0.0,0.8456291487583747,0.5210045576095581,1.2574000358581543,53.24800137329102,0.30297839641571045
observed_test,v2_2018_455_48h,,39,PCC,C,3.1645556632059075,0.0,0.8456291487583747,0.5210045576095581,1.2574000358581543,53.24800137329102,0.30297839641571045
observed_test,v2_2018_455_48h,,40,PCC,A,3.2170483483394516,0.0,0.615929181759174,0.5631123185157776,1.2516249418258667,53.24800137329102,0.31344354152679443
observed_test,v2_2018_455_48h,,40,PCC,B,3.2170483483394516,0.0,0.615929181759174,0.5631123185157776,1.2516249418258667,53.24800137329102,0.31344354152679443
observed_test,v2_2018_455_48h,,40,PCC,C,3.2170483483394516,0.0,0.615929181759174,0.5631123185157776,1.2516249418258667,53.24800137329102,0.31344354152679443
observed_test,v2_2018_455_48h,,41,PCC,A,3.125255341491497,0.0,0.3414083272218704,0.5185338854789734,1.2421000003814697,53.24800137329102,0.32317930459976196
observed_test,v2_2018_455_48h,,41,PCC,B,3.125255341491497,0.0,0.3414083272218704,0.5185338854789734,1.2421000003814697,53.24800137329102,0.32317930459976196
observed_test,v2_2018_455_48h,,41,PCC,C,3.125255341491497,0.0,0.3414083272218704,0.5185338854789734,1.2421000003814697,53.24800137329102,0.32317930459976196
observed_test,v2_2018_455_48h,,42,PCC,A,3.076392379753789,0.0,0.1019666687800334,0.501911997795105,1.2320499420166016,121.88174847412108,0.33190372586250305
observed_test,v2_2018_455_48h,,42,PCC,B,3.076392379753789,0.0,0.1019666687800334,0.501911997795105,1.2320499420166016,121.88174847412108,0.33190372586250305
observed_test,v2_2018_455_48h,,42,PCC,C,3.076392379753789,0.0,0.1019666687800334,0.501911997795105,1.2320499420166016,121.88174847412108,0.33190372586250305
observed_test,v2_2018_455_48h,,43,PCC,A,3.1301525082936528,0.0,0.01122083317918273,0.5692486763000488,1.211050033569336,121.88174847412108,0.35107919573783875
observed_test,v2_2018_455_48h,,43,PCC,B,3.1301525082936528,0.0,0.01122083317918273,0.5692486763000488,1.211050033569336,121.88174847412108,0.35107919573783875
observed_test,v2_2018_455_48h,,43,PCC,C,3.1301525082936528,0.0,0.01122083317918273,0.5692486763000488,1.211050033569336,121.88174847412108,0.35107919573783875
observed_test,v2_2018_455_48h,,44,PCC,A,2.9463917701879745,0.0,0.0,0.458400696516037,1.2039250135421753,121.88174847412108,0.3593016564846039
observed_test,v2_2018_455_48h,,44,PCC,B,2.9463917701879745,0.0,0.0,0.458400696516037,1.2039250135421753,121.88174847412108,0.3593016564846039
observed_test,v2_2018_455_48h,,44,PCC,C,2.9463917701879745,0.0,0.0,0.458400696516037,1.2039250135421753,121.88174847412108,0.3593016564846039
observed_test,v2_2018_455_48h,,45,PCC,A,2.8449204055969233,0.0,0.0,0.39928483963012695,1.1981499195098877,53.24800137329102,0.36071404814720154
observed_test,v2_2018_455_48h,,45,PCC,B,2.8449204055969233,0.0,0.0,0.39928483963012695,1.1981499195098877,53.24800137329102,0.36071404814720154
observed_test,v2_2018_455_48h,,45,PCC,C,2.8449204055969233,0.0,0.0,0.39928483963012695,1.1981499195098877,53.24800137329102,0.36071404814720154
observed_test,v2_2018_455_48h,,46,PCC,A,2.779709403328121,0.0,0.0,0.3637107312679291,1.192525029182434,53.24800137329102,0.3595772385597229
observed_test,v2_2018_455_48h,,46,PCC,B,2.779709403328121,0.0,0.0,0.3637107312679291,1.192525029182434,53.24800137329102,0.3595772385597229
observed_test,v2_2018_455_48h,,46,PCC,C,2.779709403328121,0.0,0.0,0.3637107312679291,1.192525029182434,53.24800137329102,0.3595772385597229
observed_test,v2_2018_455_48h,,47,PCC,A,2.74529223493082,0.0,0.0,0.34759950637817383,1.1875749826431274,53.24800137329102,0.3599590063095093
observed_test,v2_2018_455_48h,,47,PCC,B,2.74529223493082,0.0,0.0,0.34759950637817383,1.1875749826431274,53.24800137329102,0.3599590063095093
observed_test,v2_2018_455_48h,,47,PCC,C,2.74529223493082,0.0,0.0,0.34759950637817383,1.1875749826431274,53.24800137329102,0.3599590063095093
dfl_generated,dfl_evaluation_00,0.19858039915561676,0,PCC,A,2.605621337890625,0.0,0.0,0.29431068897247314,1.158214807510376,53.24800109863281,0.3438889682292938
dfl_generated,dfl_evaluation_00,0.19858039915561676,0,PCC,B,2.6057841777801514,0.0,2.2822694063506788e-06,0.29431068897247314,1.158214807510376,53.24800109863281,0.3438889682292938
dfl_generated,dfl_evaluation_00,0.19858039915561676,0,PCC,C,2.6071314811706543,0.0,3.051270311971166e-07,0.29431068897247314,1.158214807510376,53.24800109863281,0.3438889682292938
dfl_generated,dfl_evaluation_00,0.19858039915561676,1,PCC,A,2.6382203102111816,0.0,0.0,0.3179371654987335,1.1563776731491089,53.24800109863281,0.32822364568710327
dfl_generated,dfl_evaluation_00,0.19858039915561676,1,PCC,B,2.638014316558838,0.0,0.0,0.3179371654987335,1.1563776731491089,53.24800109863281,0.32822364568710327
dfl_generated,dfl_evaluation_00,0.19858039915561676,1,PCC,C,2.636975049972534,0.0,1.1899484952948569e-08,0.3179371654987335,1.1563776731491089,53.24800109863281,0.32822364568710327
dfl_generated,dfl_evaluation_00,0.19858039915561676,2,PCC,A,2.4992268085479736,0.0,8.968211204773979e-07,0.2232462614774704,1.15626060962677,53.24800109863281,0.35187429189682007
dfl_generated,dfl_evaluation_00,0.19858039915561676,2,PCC,B,2.498322010040283,0.0,0.0,0.2232462614774704,1.15626060962677,53.24800109863281,0.35187429189682007
dfl_generated,dfl_evaluation_00,0.19858039915561676,2,PCC,C,2.4987452030181885,0.0,3.391643872419081e-07,0.2232462614774704,1.15626060962677,53.24800109863281,0.35187429189682007
dfl_generated,dfl_evaluation_00,0.19858039915561676,3,PCC,A,2.5567803382873535,0.0,7.195196758402744e-07,0.2633455991744995,1.1558916568756104,53.24800109863281,0.32753223180770874
dfl_generated,dfl_evaluation_00,0.19858039915561676,3,PCC,B,2.5565195083618164,0.0,0.0,0.2633455991744995,1.1558916568756104,53.24800109863281,0.32753223180770874
dfl_generated,dfl_evaluation_00,0.19858039915561676,3,PCC,C,2.5561180114746094,0.0,0.0,0.2633455991744995,1.1558916568756104,53.24800109863281,0.32753223180770874
dfl_generated,dfl_evaluation_00,0.19858039915561676,4,PCC,A,2.6177048683166504,0.0,0.0,0.3060445785522461,1.1547914743423462,53.24800109863281,0.32541805505752563
dfl_generated,dfl_evaluation_00,0.19858039915561676,4,PCC,B,2.616361141204834,0.0,1.7750670622262987e-06,0.3060445785522461,1.1547914743423462,53.24800109863281,0.32541805505752563
dfl_generated,dfl_evaluation_00,0.19858039915561676,4,PCC,C,2.6161532402038574,0.0,0.0,0.3060445785522461,1.1547914743423462,53.24800109863281,0.32541805505752563
dfl_generated,dfl_evaluation_00,0.19858039915561676,5,PCC,A,2.586352825164795,0.0,0.00017341563943773508,0.2850128710269928,1.1549677848815918,53.24800109863281,0.3188523054122925
dfl_generated,dfl_evaluation_00,0.19858039915561676,5,PCC,B,2.586393356323242,0.0,0.0002787612611427903,0.2850128710269928,1.1549677848815918,53.24800109863281,0.3188523054122925
dfl_generated,dfl_evaluation_00,0.19858039915561676,5,PCC,C,2.586456537246704,0.0,0.00018520886078476906,0.2850128710269928,1.1549677848815918,53.24800109863281,0.3188523054122925
dfl_generated,dfl_evaluation_00,0.19858039915561676,6,PCC,A,2.779588222503662,0.0,0.020676203072071075,0.4131304621696472,1.1577343940734863,53.24800109863281,0.3045929968357086
dfl_generated,dfl_evaluation_00,0.19858039915561676,6,PCC,B,2.779956817626953,0.0,0.0229336004704237,0.4131304621696472,1.1577343940734863,53.24800109863281,0.3045929968357086
dfl_generated,dfl_evaluation_00,0.19858039915561676,6,PCC,C,2.777419090270996,0.0,0.02261313423514366,0.4131304621696472,1.1577343940734863,53.24800109863281,0.3045929968357086
dfl_generated,dfl_evaluation_00,0.19858039915561676,7,PCC,A,3.049678325653076,0.0,0.23300057649612427,0.5887197852134705,1.1647547483444214,53.24800109863281,0.29830485582351685
dfl_generated,dfl_evaluation_00,0.19858039915561676,7,PCC,B,3.0490572452545166,0.0,0.24327042698860168,0.5887197852134705,1.1647547483444214,53.24800109863281,0.29830485582351685
dfl_generated,dfl_evaluation_00,0.19858039915561676,7,PCC,C,3.0500614643096924,0.0,0.23400293290615082,0.5887197852134705,1.1647547483444214,53.24800109863281,0.29830485582351685
dfl_generated,dfl_evaluation_00,0.19858039915561676,8,PCC,A,2.8206613063812256,0.0,0.4078855514526367,0.41616514325141907,1.1748435497283936,53.24800109863281,0.28194984793663025
dfl_generated,dfl_evaluation_00,0.19858039915561676,8,PCC,B,2.8192245960235596,0.0,0.420074999332428,0.41616514325141907,1.1748435497283936,53.24800109863281,0.28194984793663025
dfl_generated,dfl_evaluation_00,0.19858039915561676,8,PCC,C,2.8182735443115234,0.0,0.4191202223300934,0.41616514325141907,1.1748435497283936,53.24800109863281,0.28194984793663025
dfl_generated,dfl_evaluation_00,0.19858039915561676,9,PCC,A,2.987415075302124,0.0,0.6147933006286621,0.5137431621551514,1.1845742464065552,53.24800109863281,0.23856154084205627
dfl_generated,dfl_evaluation_00,0.19858039915561676,9,PCC,B,2.988738536834717,0.0,0.629268229007721,0.5137431621551514,1.1845742464065552,53.24800109863281,0.23856154084205627
dfl_generated,dfl_evaluation_00,0.19858039915561676,9,PCC,C,2.9882278442382812,0.0,0.6107131242752075,0.5137431621551514,1.1845742464065552,53.24800109863281,0.23856154084205627
dfl_generated,dfl_evaluation_00,0.19858039915561676,10,PCC,A,2.78346848487854,0.0,0.7932437658309937,0.3643687963485718,1.1941672563552856,53.24800109863281,0.2771661877632141
dfl_generated,dfl_evaluation_00,0.19858039915561676,10,PCC,B,2.7823760509490967,0.0,0.7864450812339783,0.3643687963485718,1.1941672563552856,53.24800109863281,0.2771661877632141
dfl_generated,dfl_evaluation_00,0.19858039915561676,10,PCC,C,2.7828798294067383,0.0,0.7902885675430298,0.3643687963485718,1.1941672563552856,53.24800109863281,0.2771661877632141
dfl_generated,dfl_evaluation_00,0.19858039915561676,11,PCC,A,2.7923941612243652,0.0,0.7758944630622864,0.36136627197265625,1.2013671398162842,53.24800109863281,0.31413763761520386
dfl_generated,dfl_evaluation_00,0.19858039915561676,11,PCC,B,2.7882442474365234,0.0,0.784681499004364,0.36136627197265625,1.2013671398162842,53.24800109863281,0.31413763761520386
dfl_generated,dfl_evaluation_00,0.19858039915561676,11,PCC,C,2.7918248176574707,0.0,0.7940015196800232,0.36136627197265625,1.2013671398162842,53.24800109863281,0.31413763761520386
dfl_generated,dfl_evaluation_00,0.19858039915561676,12,PCC,A,3.068899393081665,0.0,0.7911694645881653,0.5383059978485107,1.2061712741851807,53.24800109863281,0.3085910975933075
dfl_generated,dfl_evaluation_00,0.19858039915561676,12,PCC,B,3.079345703125,0.0,0.801658570766449,0.5383059978485107,1.2061712741851807,53.24800109863281,0.3085910975933075
dfl_generated,dfl_evaluation_00,0.19858039915561676,12,PCC,C,3.0723793506622314,0.0,0.7518399953842163,0.5383059978485107,1.2061712741851807,53.24800109863281,0.3085910975933075
dfl_generated,dfl_evaluation_00,0.19858039915561676,13,PCC,A,3.1788744926452637,0.0,0.8469029068946838,0.6031783223152161,1.2077406644821167,53.24800109863281,0.3026154339313507
dfl_generated,dfl_evaluation_00,0.19858039915561676,13,PCC,B,3.1810338497161865,0.0,0.8002568483352661,0.6031783223152161,1.2077406644821167,53.24800109863281,0.3026154339313507
dfl_generated,dfl_evaluation_00,0.19858039915561676,13,PCC,C,3.1790122985839844,0.0,0.8073163032531738,0.6031783223152161,1.2077406644821167,53.24800109863281,0.3026154339313507
dfl_generated,dfl_evaluation_00,0.19858039915561676,14,PCC,A,3.269381284713745,0.0,0.7708826065063477,0.6654155254364014,1.2096461057662964,53.24800109863281,0.30349355936050415
dfl_generated,dfl_evaluation_00,0.19858039915561676,14,PCC,B,3.274503231048584,0.0,0.7462900876998901,0.6654155254364014,1.2096461057662964,53.24800109863281,0.30349355936050415
dfl_generated,dfl_evaluation_00,0.19858039915561676,14,PCC,C,3.2717323303222656,0.0,0.7647508382797241,0.6654155254364014,1.2096461057662964,53.24800109863281,0.30349355936050415
dfl_generated,dfl_evaluation_00,0.19858039915561676,15,PCC,A,3.0437633991241455,0.0,0.6019957661628723,0.5210045576095581,1.2072575092315674,53.24800109863281,0.2992348074913025
dfl_generated,dfl_evaluation_00,0.19858039915561676,15,PCC,B,3.042910099029541,0.0,0.6179081201553345,0.5210045576095581,1.2072575092315674,53.24800109863281,0.2992348074913025
dfl_generated,dfl_evaluation_00,0.19858039915561676,15,PCC,C,3.038986921310425,0.0,0.6231109499931335,0.5210045576095581,1.2072575092315674,53.24800109863281,0.2992348074913025
dfl_generated,dfl_evaluation_00,0.19858039915561676,16,PCC,A,3.0900566577911377,0.0,0.36813294887542725,0.5631123185157776,1.198550820350647,53.24800109863281,0.3071783781051636
dfl_generated,dfl_evaluation_00,0.19858039915561676,16,PCC,B,3.0853636264801025,0.0,0.36199894547462463,0.5631123185157776,1.198550820350647,53.24800109863281,0.3071783781051636
dfl_generated,dfl_evaluation_00,0.19858039915561676,16,PCC,C,3.086970806121826,0.0,0.36919674277305603,0.5631123185157776,1.198550820350647,53.24800109863281,0.3071783781051636
dfl_generated,dfl_evaluation_00,0.19858039915561676,17,PCC,A,2.9966962337493896,0.0,0.12201590836048126,0.5185338854789734,1.1875722408294678,53.24800109863281,0.31044021248817444
dfl_generated,dfl_evaluation_00,0.19858039915561676,17,PCC,B,2.99849796295166,0.0,0.1226961612701416,0.5185338854789734,1.1875722408294678,53.24800109863281,0.31044021248817444
dfl_generated,dfl_evaluation_00,0.19858039915561676,17,PCC,C,2.9985852241516113,0.0,0.12048211693763733,0.5185338854789734,1.1875722408294678,53.24800109863281,0.31044021248817444
dfl_generated,dfl_evaluation_00,0.19858039915561676,18,PCC,A,2.950143814086914,0.0,0.020066654309630394,0.501911997795105,1.1776658296585083,53.24800109863281,0.3131219148635864
dfl_generated,dfl_evaluation_00,0.19858039915561676,18,PCC,B,2.951568603515625,0.0,0.016429686918854713,0.501911997795105,1.1776658296585083,53.24800109863281,0.3131219148635864
dfl_generated,dfl_evaluation_00,0.19858039915561676,18,PCC,C,2.9520318508148193,0.0,0.01891636662185192,0.501911997795105,1.1776658296585083,53.24800109863281,0.3131219148635864
dfl_generated,dfl_evaluation_00,0.19858039915561676,19,PCC,A,3.035538673400879,0.0,0.000590447976719588,0.5692486763000488,1.1694910526275635,53.24800109863281,0.3210147023200989
dfl_generated,dfl_evaluation_00,0.19858039915561676,19,PCC,B,3.0325746536254883,0.0,0.0006177350296638906,0.5692486763000488,1.1694910526275635,53.24800109863281,0.3210147023200989
dfl_generated,dfl_evaluation_00,0.19858039915561676,19,PCC,C,3.034653663635254,0.0,0.0003702517715282738,0.5692486763000488,1.1694910526275635,53.24800109863281,0.3210147023200989
dfl_generated,dfl_evaluation_00,0.19858039915561676,20,PCC,A,2.8637442588806152,0.0,0.0,0.458400696516037,1.1666395664215088,53.24800109863281,0.33450213074684143
dfl_generated,dfl_evaluation_00,0.19858039915561676,20,PCC,B,2.862851619720459,0.0,0.0,0.458400696516037,1.1666395664215088,53.24800109863281,0.33450213074684143
dfl_generated,dfl_evaluation_00,0.19858039915561676,20,PCC,C,2.864290714263916,0.0,0.0,0.458400696516037,1.1666395664215088,53.24800109863281,0.33450213074684143
dfl_generated,dfl_evaluation_00,0.19858039915561676,21,PCC,A,2.773245096206665,0.0,0.0,0.39928483963012695,1.1641732454299927,53.24800109863281,0.333499014377594
dfl_generated,dfl_evaluation_00,0.19858039915561676,21,PCC,B,2.7728302478790283,0.0,0.0,0.39928483963012695,1.1641732454299927,53.24800109863281,0.333499014377594
dfl_generated,dfl_evaluation_00,0.19858039915561676,21,PCC,C,2.7727303504943848,0.0,0.0,0.39928483963012695,1.1641732454299927,53.24800109863281,0.333499014377594
dfl_generated,dfl_evaluation_00,0.19858039915561676,22,PCC,A,2.7167272567749023,0.0,0.0,0.3637107312679291,1.1630709171295166,53.24800109863281,0.34040242433547974
dfl_generated,dfl_evaluation_00,0.19858039915561676,22,PCC,B,2.715773344039917,0.0,0.0,0.3637107312679291,1.1630709171295166,53.24800109863281,0.34040242433547974
dfl_generated,dfl_evaluation_00,0.19858039915561676,22,PCC,C,2.7151527404785156,0.0,2.206963699791231e-06,0.3637107312679291,1.1630709171295166,53.24800109863281,0.34040242433547974
dfl_generated,dfl_evaluation_00,0.19858039915561676,23,PCC,A,2.6867942810058594,0.0,0.0,0.34759950637817383,1.160581111907959,53.24800109863281,0.3391072154045105
dfl_generated,dfl_evaluation_00,0.19858039915561676,23,PCC,B,2.6878058910369873,0.0,2.0887509890599176e-06,0.34759950637817383,1.160581111907959,53.24800109863281,0.3391072154045105
dfl_generated,dfl_evaluation_00,0.19858039915561676,23,PCC,C,2.6883277893066406,0.0,0.0,0.34759950637817383,1.160581111907959,53.24800109863281,0.3391072154045105
dfl_generated,dfl_evaluation_00,0.19858039915561676,24,PCC,A,2.6077542304992676,0.0,0.0,0.29431068897247314,1.1593165397644043,53.24800109863281,0.32420262694358826
dfl_generated,dfl_evaluation_00,0.19858039915561676,24,PCC,B,2.608621120452881,0.0,0.0,0.29431068897247314,1.1593165397644043,53.24800109863281,0.32420262694358826
dfl_generated,dfl_evaluation_00,0.19858039915561676,24,PCC,C,2.606914520263672,0.0,1.0008215411971833e-07,0.29431068897247314,1.1593165397644043,53.24800109863281,0.32420262694358826
dfl_generated,dfl_evaluation_00,0.19858039915561676,25,PCC,A,2.6392292976379395,0.0,1.5315276868932415e-06,0.3179371654987335,1.1575086116790771,53.24800109863281,0.33683061599731445
dfl_generated,dfl_evaluation_00,0.19858039915561676,25,PCC,B,2.6395657062530518,0.0,6.803852556913625e-07,0.3179371654987335,1.1575086116790771,53.24800109863281,0.33683061599731445
dfl_generated,dfl_evaluation_00,0.19858039915561676,25,PCC,C,2.6387898921966553,0.0,0.0,0.3179371654987335,1.1575086116790771,53.24800109863281,0.33683061599731445
dfl_generated,dfl_evaluation_00,0.19858039915561676,26,PCC,A,2.49908709526062,0.0,1.1495633316371823e-06,0.2232462614774704,1.1563791036605835,53.24800109863281,0.31531116366386414
dfl_generated,dfl_evaluation_00,0.19858039915561676,26,PCC,B,2.4998934268951416,0.0,0.0,0.2232462614774704,1.1563791036605835,53.24800109863281,0.31531116366386414
dfl_generated,dfl_evaluation_00,0.19858039915561676,26,PCC,C,2.4987106323242188,0.0,4.881903237219376e-07,0.2232462614774704,1.1563791036605835,53.24800109863281,0.31531116366386414
dfl_generated,dfl_evaluation_00,0.19858039915561676,27,PCC,A,2.556090831756592,0.0,7.859470088078524e-07,0.2633455991744995,1.1550297737121582,53.24800109863281,0.31694456934928894
dfl_generated,dfl_evaluation_00,0.19858039915561676,27,PCC,B,2.5554463863372803,0.0,0.0,0.2633455991744995,1.1550297737121582,53.24800109863281,0.31694456934928894
dfl_generated,dfl_evaluation_00,0.19858039915561676,27,PCC,C,2.5549538135528564,0.0,5.55877761598822e-07,0.2633455991744995,1.1550297737121582,53.24800109863281,0.31694456934928894
dfl_generated,dfl_evaluation_00,0.19858039915561676,28,PCC,A,2.615199565887451,0.0,9.352955743224811e-08,0.3060445785522461,1.1537021398544312,53.24800109863281,0.3376268744468689
dfl_generated,dfl_evaluation_00,0.19858039915561676,28,PCC,B,2.6161911487579346,0.0,1.992776333281654e-06,0.3060445785522461,1.1537021398544312,53.24800109863281,0.3376268744468689
dfl_generated,dfl_evaluation_00,0.19858039915561676,28,PCC,C,2.6141598224639893,0.0,1.665997274358233e-06,0.3060445785522461,1.1537021398544312,53.24800109863281,0.3376268744468689
dfl_generated,dfl_evaluation_00,0.19858039915561676,29,PCC,A,2.58516526222229,0.0,0.0,0.2850128710269928,1.154767632484436,53.24800109863281,0.3129952847957611
dfl_generated,dfl_evaluation_00,0.19858039915561676,29,PCC,B,2.585718870162964,0.0,0.0002633285475894809,0.2850128710269928,1.154767632484436,53.24800109863281,0.3129952847957611
dfl_generated,dfl_evaluation_00,0.19858039915561676,29,PCC,C,2.5860705375671387,0.0,2.8395908884704113e-05,0.2850128710269928,1.154767632484436,53.24800109863281,0.3129952847957611
dfl_generated,dfl_evaluation_00,0.19858039915561676,30,PCC,A,2.7788162231445312,0.0,0.021507151424884796,0.4131304621696472,1.1583751440048218,53.24800109863281,0.3028557598590851
dfl_generated,dfl_evaluation_00,0.19858039915561676,30,PCC,B,2.7792696952819824,0.0,0.02375520020723343,0.4131304621696472,1.1583751440048218,53.24800109863281,0.3028557598590851
dfl_generated,dfl_evaluation_00,0.19858039915561676,30,PCC,C,2.7784616947174072,0.0,0.024147504940629005,0.4131304621696472,1.1583751440048218,53.24800109863281,0.3028557598590851
dfl_generated,dfl_evaluation_00,0.19858039915561676,31,PCC,A,3.0501208305358887,0.0,0.26889172196388245,0.5887197852134705,1.1667406558990479,53.24800109863281,0.2881004214286804
dfl_generated,dfl_evaluation_00,0.19858039915561676,31,PCC,B,3.0530154705047607,0.0,0.2680957317352295,0.5887197852134705,1.1667406558990479,53.24800109863281,0.2881004214286804
dfl_generated,dfl_evaluation_00,0.19858039915561676,31,PCC,C,3.051025629043579,0.0,0.26357901096343994,0.5887197852134705,1.1667406558990479,53.24800109863281,0.2881004214286804
dfl_generated,dfl_evaluation_00,0.19858039915561676,32,PCC,A,2.8253839015960693,0.0,0.5850957632064819,0.41616514325141907,1.1769567728042603,53.24800109863281,0.27427345514297485
dfl_generated,dfl_evaluation_00,0.19858039915561676,32,PCC,B,2.826101541519165,0.0,0.5686171054840088,0.41616514325141907,1.1769567728042603,53.24800109863281,0.27427345514297485
dfl_generated,dfl_evaluation_00,0.19858039915561676,32,PCC,C,2.823961019515991,0.0,0.5858619213104248,0.41616514325141907,1.1769567728042603,53.24800109863281,0.27427345514297485
dfl_generated,dfl_evaluation_00,0.19858039915561676,33,PCC,A,2.9949193000793457,0.0,0.8267771005630493,0.5137431621551514,1.1869878768920898,53.24800109863281,0.2775518298149109
dfl_generated,dfl_evaluation_00,0.19858039915561676,33,PCC,B,2.995234489440918,0.0,0.8340336084365845,0.5137431621551514,1.1869878768920898,53.24800109863281,0.2775518298149109
dfl_generated,dfl_evaluation_00,0.19858039915561676,33,PCC,C,2.9918630123138428,0.0,0.832080066204071,0.5137431621551514,1.1869878768920898,53.24800109863281,0.2775518298149109
dfl_generated,dfl_evaluation_00,0.19858039915561676,34,PCC,A,2.796173334121704,0.0,0.9745823740959167,0.3643687963485718,1.1987234354019165,53.24800109863281,0.28204068541526794
dfl_generated,dfl_evaluation_00,0.19858039915561676,34,PCC,B,2.7938246726989746,0.0,0.9667007327079773,0.3643687963485718,1.1987234354019165,53.24800109863281,0.28204068541526794
dfl_generated,dfl_evaluation_00,0.19858039915561676,34,PCC,C,2.7941040992736816,0.0,0.9734551906585693,0.3643687963485718,1.1987234354019165,53.24800109863281,0.28204068541526794
dfl_generated,dfl_evaluation_00,0.19858039915561676,35,PCC,A,2.8066842555999756,0.0,1.0373584032058716,0.36136627197265625,1.206721544265747,53.24800109863281,0.300737202167511
dfl_generated,dfl_evaluation_00,0.19858039915561676,35,PCC,B,2.8066887855529785,0.0,1.0337498188018799,0.36136627197265625,1.206721544265747,53.24800109863281,0.300737202167511
dfl_generated,dfl_evaluation_00,0.19858039915561676,35,PCC,C,2.8066694736480713,0.0,1.0374382734298706,0.36136627197265625,1.206721544265747,53.24800109863281,0.300737202167511
dfl_generated,dfl_evaluation_00,0.19858039915561676,36,PCC,A,3.0834832191467285,0.0,1.046910285949707,0.5383059978485107,1.210708498954773,53.24800109863281,0.31066545844078064
dfl_generated,dfl_evaluation_00,0.19858039915561676,36,PCC,B,3.0842854976654053,0.0,1.0439473390579224,0.5383059978485107,1.210708498954773,53.24800109863281,0.31066545844078064
dfl_generated,dfl_evaluation_00,0.19858039915561676,36,PCC,C,3.083466053009033,0.0,1.0702481269836426,0.5383059978485107,1.210708498954773,53.24800109863281,0.31066545844078064
dfl_generated,dfl_evaluation_00,0.19858039915561676,37,PCC,A,3.1879942417144775,0.0,0.9429848194122314,0.6031783223152161,1.2130922079086304,53.24800109863281,0.30543673038482666
dfl_generated,dfl_evaluation_00,0.19858039915561676,37,PCC,B,3.1893551349639893,0.0,0.921369731426239,0.6031783223152161,1.2130922079086304,53.24800109863281,0.30543673038482666
dfl_generated,dfl_evaluation_00,0.19858039915561676,37,PCC,C,3.195563554763794,0.0,0.9421777725219727,0.6031783223152161,1.2130922079086304,53.24800109863281,0.30543673038482666
dfl_generated,dfl_evaluation_00,0.19858039915561676,38,PCC,A,3.280118942260742,0.0,0.8210142254829407,0.6654155254364014,1.212746500968933,53.24800109863281,0.30059361457824707
dfl_generated,dfl_evaluation_00,0.19858039915561676,38,PCC,B,3.274977207183838,0.0,0.832381010055542,0.6654155254364014,1.212746500968933,53.24800109863281,0.30059361457824707
dfl_generated,dfl_evaluation_00,0.19858039915561676,38,PCC,C,3.286466598510742,0.0,0.822173535823822,0.6654155254364014,1.212746500968933,53.24800109863281,0.30059361457824707
dfl_generated,dfl_evaluation_00,0.19858039915561676,39,PCC,A,3.047919273376465,0.0,0.6733705997467041,0.5210045576095581,1.2065967321395874,53.24800109863281,0.296163409948349
dfl_generated,dfl_evaluation_00,0.19858039915561676,39,PCC,B,3.0517191886901855,0.0,0.6746209263801575,0.5210045576095581,1.2065967321395874,53.24800109863281,0.296163409948349
dfl_generated,dfl_evaluation_00,0.19858039915561676,39,PCC,C,3.0516357421875,0.0,0.6988905072212219,0.5210045576095581,1.2065967321395874,53.24800109863281,0.296163409948349
dfl_generated,dfl_evaluation_00,0.19858039915561676,40,PCC,A,3.0931625366210938,0.0,0.3585425317287445,0.5631123185157776,1.2009611129760742,53.24800109863281,0.30404263734817505
dfl_generated,dfl_evaluation_00,0.19858039915561676,40,PCC,B,3.094407081604004,0.0,0.3512116074562073,0.5631123185157776,1.2009611129760742,53.24800109863281,0.30404263734817505
dfl_generated,dfl_evaluation_00,0.19858039915561676,40,PCC,C,3.0924277305603027,0.0,0.3849392533302307,0.5631123185157776,1.2009611129760742,53.24800109863281,0.30404263734817505
dfl_generated,dfl_evaluation_00,0.19858039915561676,41,PCC,A,3.005455732345581,0.0,0.1093669980764389,0.5185338854789734,1.1867084503173828,53.24800109863281,0.2993393540382385
dfl_generated,dfl_evaluation_00,0.19858039915561676,41,PCC,B,3.0005784034729004,0.0,0.10931113362312317,0.5185338854789734,1.1867084503173828,53.24800109863281,0.2993393540382385
dfl_generated,dfl_evaluation_00,0.19858039915561676,41,PCC,C,2.99961256980896,0.0,0.10256970673799515,0.5185338854789734,1.1867084503173828,53.24800109863281,0.2993393540382385
dfl_generated,dfl_evaluation_00,0.19858039915561676,42,PCC,A,2.9496872425079346,0.0,0.015703905373811722,0.501911997795105,1.1769670248031616,53.24800109863281,0.3161913752555847
dfl_generated,dfl_evaluation_00,0.19858039915561676,42,PCC,B,2.9468533992767334,0.0,0.013083800673484802,0.501911997795105,1.1769670248031616,53.24800109863281,0.3161913752555847
dfl_generated,dfl_evaluation_00,0.19858039915561676,42,PCC,C,2.948533535003662,0.0,0.0156501866877079,0.501911997795105,1.1769670248031616,53.24800109863281,0.3161913752555847
dfl_generated,dfl_evaluation_00,0.19858039915561676,43,PCC,A,3.035944938659668,0.0,0.0002599030267447233,0.5692486763000488,1.171382188796997,53.24800109863281,0.3080008327960968
dfl_generated,dfl_evaluation_00,0.19858039915561676,43,PCC,B,3.035078287124634,0.0,0.0003572495770640671,0.5692486763000488,1.171382188796997,53.24800109863281,0.3080008327960968
dfl_generated,dfl_evaluation_00,0.19858039915561676,43,PCC,C,3.0369391441345215,0.0,0.00023735675495117903,0.5692486763000488,1.171382188796997,53.24800109863281,0.3080008327960968
dfl_generated,dfl_evaluation_00,0.19858039915561676,44,PCC,A,2.8644814491271973,0.0,0.0,0.458400696516037,1.1681300401687622,53.24800109863281,0.3128087520599365
dfl_generated,dfl_evaluation_00,0.19858039915561676,44,PCC,B,2.8678698539733887,0.0,0.0,0.458400696516037,1.1681300401687622,53.24800109863281,0.3128087520599365
dfl_generated,dfl_evaluation_00,0.19858039915561676,44,PCC,C,2.8657052516937256,0.0,0.0,0.458400696516037,1.1681300401687622,53.24800109863281,0.3128087520599365
dfl_generated,dfl_evaluation_00,0.19858039915561676,45,PCC,A,2.7725884914398193,0.0,1.571782036080549e-06,0.39928483963012695,1.164843201637268,53.24800109863281,0.3152983486652374
dfl_generated,dfl_evaluation_00,0.19858039915561676,45,PCC,B,2.773954391479492,0.0,2.4760886674357607e-08,0.39928483963012695,1.164843201637268,53.24800109863281,0.3152983486652374
dfl_generated,dfl_evaluation_00,0.19858039915561676,45,PCC,C,2.7735700607299805,0.0,0.0,0.39928483963012695,1.164843201637268,53.24800109863281,0.3152983486652374
dfl_generated,dfl_evaluation_00,0.19858039915561676,46,PCC,A,2.7155871391296387,0.0,0.0,0.3637107312679291,1.163588523864746,53.24800109863281,0.3234727680683136
dfl_generated,dfl_evaluation_00,0.19858039915561676,46,PCC,B,2.7177176475524902,0.0,0.0,0.3637107312679291,1.163588523864746,53.24800109863281,0.3234727680683136
dfl_generated,dfl_evaluation_00,0.19858039915561676,46,PCC,C,2.7179746627807617,0.0,0.0,0.3637107312679291,1.163588523864746,53.24800109863281,0.3234727680683136
dfl_generated,dfl_evaluation_00,0.19858039915561676,47,PCC,A,2.689859390258789,0.0,1.8014841884905763e-07,0.34759950637817383,1.1612670421600342,53.24800109863281,0.31982165575027466
dfl_generated,dfl_evaluation_00,0.19858039915561676,47,PCC,B,2.6892876625061035,0.0,1.690180397417862e-06,0.34759950637817383,1.1612670421600342,53.24800109863281,0.31982165575027466
dfl_generated,dfl_evaluation_00,0.19858039915561676,47,PCC,C,2.689732313156128,0.0,2.1519974779948825e-06,0.34759950637817383,1.1612670421600342,53.24800109863281,0.31982165575027466
dfl_generated,dfl_evaluation_01,0.0023659924045205116,0,PCC,A,2.5890283584594727,0.0,5.807306706628879e-07,0.29431068897247314,1.1501933336257935,53.24800109863281,0.30529168248176575
dfl_generated,dfl_evaluation_01,0.0023659924045205116,0,PCC,B,2.5884509086608887,0.0,0.0,0.29431068897247314,1.1501933336257935,53.24800109863281,0.30529168248176575
dfl_generated,dfl_evaluation_01,0.0023659924045205116,0,PCC,C,2.587392568588257,0.0,0.0,0.29431068897247314,1.1501933336257935,53.24800109863281,0.30529168248176575
dfl_generated,dfl_evaluation_01,0.0023659924045205116,1,PCC,A,2.622499942779541,0.0,1.7179380051857152e-07,0.3179371654987335,1.1497372388839722,34.72425079345703,0.30710911750793457
dfl_generated,dfl_evaluation_01,0.0023659924045205116,1,PCC,B,2.6231019496917725,0.0,0.0,0.3179371654987335,1.1497372388839722,34.72425079345703,0.30710911750793457
dfl_generated,dfl_evaluation_01,0.0023659924045205116,1,PCC,C,2.6224465370178223,0.0,0.0,0.3179371654987335,1.1497372388839722,34.72425079345703,0.30710911750793457
dfl_generated,dfl_evaluation_01,0.0023659924045205116,2,PCC,A,2.4872117042541504,0.0,8.758112812756735e-07,0.2232462614774704,1.1491427421569824,34.72425079345703,0.2997494339942932
dfl_generated,dfl_evaluation_01,0.0023659924045205116,2,PCC,B,2.486332654953003,0.0,0.0,0.2232462614774704,1.1491427421569824,34.72425079345703,0.2997494339942932
dfl_generated,dfl_evaluation_01,0.0023659924045205116,2,PCC,C,2.487182378768921,0.0,2.054274546026136e-06,0.2232462614774704,1.1491427421569824,34.72425079345703,0.2997494339942932
dfl_generated,dfl_evaluation_01,0.0023659924045205116,3,PCC,A,2.5440785884857178,0.0,6.768550520064309e-07,0.2633455991744995,1.148894190788269,53.24800109863281,0.3032684624195099
dfl_generated,dfl_evaluation_01,0.0023659924045205116,3,PCC,B,2.5445611476898193,0.0,1.9478257229366136e-07,0.2633455991744995,1.148894190788269,53.24800109863281,0.3032684624195099
dfl_generated,dfl_evaluation_01,0.0023659924045205116,3,PCC,C,2.544121026992798,0.0,1.3449125617626123e-06,0.2633455991744995,1.148894190788269,53.24800109863281,0.3032684624195099
dfl_generated,dfl_evaluation_01,0.0023659924045205116,4,PCC,A,2.605234384536743,0.0,0.0,0.3060445785522461,1.148781418800354,53.24800109863281,0.2944645881652832
dfl_generated,dfl_evaluation_01,0.0023659924045205116,4,PCC,B,2.6047163009643555,0.0,0.0,0.3060445785522461,1.148781418800354,53.24800109863281,0.2944645881652832
dfl_generated,dfl_evaluation_01,0.0023659924045205116,4,PCC,C,2.605104446411133,0.0,0.0,0.3060445785522461,1.148781418800354,53.24800109863281,0.2944645881652832
dfl_generated,dfl_evaluation_01,0.0023659924045205116,5,PCC,A,2.574946403503418,0.0,0.00394813809543848,0.2850128710269928,1.1494808197021484,53.24800109863281,0.28053510189056396
dfl_generated,dfl_evaluation_01,0.0023659924045205116,5,PCC,B,2.5748069286346436,0.0,0.003982109483331442,0.2850128710269928,1.1494808197021484,53.24800109863281,0.28053510189056396
dfl_generated,dfl_evaluation_01,0.0023659924045205116,5,PCC,C,2.574923038482666,0.0,0.003883084049448371,0.2850128710269928,1.1494808197021484,53.24800109863281,0.28053510189056396
dfl_generated,dfl_evaluation_01,0.0023659924045205116,6,PCC,A,2.7622478008270264,0.0,0.052398256957530975,0.4131304621696472,1.150413155555725,121.88175201416016,0.2606801390647888
dfl_generated,dfl_evaluation_01,0.0023659924045205116,6,PCC,B,2.762634038925171,0.0,0.05245114862918854,0.4131304621696472,1.150413155555725,121.88175201416016,0.2606801390647888
dfl_generated,dfl_evaluation_01,0.0023659924045205116,6,PCC,C,2.762404203414917,0.0,0.051973093301057816,0.4131304621696472,1.150413155555725,121.88175201416016,0.2606801390647888
dfl_generated,dfl_evaluation_01,0.0023659924045205116,7,PCC,A,3.025545597076416,0.0,0.1783701628446579,0.5887197852134705,1.15435791015625,121.88175201416016,0.2567833364009857
dfl_generated,dfl_evaluation_01,0.0023659924045205116,7,PCC,B,3.0236916542053223,0.0,0.18009814620018005,0.5887197852134705,1.15435791015625,121.88175201416016,0.2567833364009857
dfl_generated,dfl_evaluation_01,0.0023659924045205116,7,PCC,C,3.0274431705474854,0.0,0.16609135270118713,0.5887197852134705,1.15435791015625,121.88175201416016,0.2567833364009857
dfl_generated,dfl_evaluation_01,0.0023659924045205116,8,PCC,A,2.7878451347351074,0.0,0.48602166771888733,0.41616514325141907,1.1615108251571655,121.88175201416016,0.2444688379764557
dfl_generated,dfl_evaluation_01,0.0023659924045205116,8,PCC,B,2.79001784324646,0.0,0.4912661612033844,0.41616514325141907,1.1615108251571655,121.88175201416016,0.2444688379764557
dfl_generated,dfl_evaluation_01,0.0023659924045205116,8,PCC,C,2.789062976837158,0.0,0.4948599338531494,0.41616514325141907,1.1615108251571655,121.88175201416016,0.2444688379764557
dfl_generated,dfl_evaluation_01,0.0023659924045205116,9,PCC,A,2.939145565032959,0.0,0.8041247725486755,0.5137431621551514,1.1658556461334229,121.88175201416016,0.22420713305473328
dfl_generated,dfl_evaluation_01,0.0023659924045205116,9,PCC,B,2.9425835609436035,0.0,0.8058727979660034,0.5137431621551514,1.1658556461334229,121.88175201416016,0.22420713305473328
dfl_generated,dfl_evaluation_01,0.0023659924045205116,9,PCC,C,2.9395673274993896,0.0,0.7998242378234863,0.5137431621551514,1.1658556461334229,121.88175201416016,0.22420713305473328
dfl_generated,dfl_evaluation_01,0.0023659924045205116,10,PCC,A,2.7293732166290283,0.0,0.9716992378234863,0.3643687963485718,1.1694691181182861,53.24800109863281,0.24757523834705353
dfl_generated,dfl_evaluation_01,0.0023659924045205116,10,PCC,B,2.725395917892456,0.0,0.9581118226051331,0.3643687963485718,1.1694691181182861,53.24800109863281,0.24757523834705353
dfl_generated,dfl_evaluation_01,0.0023659924045205116,10,PCC,C,2.724137544631958,0.0,0.9602036476135254,0.3643687963485718,1.1694691181182861,53.24800109863281,0.24757523834705353
dfl_generated,dfl_evaluation_01,0.0023659924045205116,11,PCC,A,2.734119176864624,0.0,1.0475330352783203,0.36136627197265625,1.1716277599334717,53.24800109863281,0.26836180686950684
dfl_generated,dfl_evaluation_01,0.0023659924045205116,11,PCC,B,2.729102611541748,0.0,1.0501636266708374,0.36136627197265625,1.1716277599334717,53.24800109863281,0.26836180686950684
dfl_generated,dfl_evaluation_01,0.0023659924045205116,11,PCC,C,2.731255292892456,0.0,1.029383659362793,0.36136627197265625,1.1716277599334717,53.24800109863281,0.26836180686950684
dfl_generated,dfl_evaluation_01,0.0023659924045205116,12,PCC,A,2.990326404571533,0.0,1.1410601139068604,0.5383059978485107,1.1721292734146118,34.72425079345703,0.2700567841529846
dfl_generated,dfl_evaluation_01,0.0023659924045205116,12,PCC,B,2.999574661254883,0.0,1.1427123546600342,0.5383059978485107,1.1721292734146118,34.72425079345703,0.2700567841529846
dfl_generated,dfl_evaluation_01,0.0023659924045205116,12,PCC,C,2.9988744258880615,0.0,1.13913094997406,0.5383059978485107,1.1721292734146118,34.72425079345703,0.2700567841529846
dfl_generated,dfl_evaluation_01,0.0023659924045205116,13,PCC,A,3.0939559936523438,0.0,1.082795262336731,0.6031783223152161,1.1734044551849365,34.72425079345703,0.2661258280277252
dfl_generated,dfl_evaluation_01,0.0023659924045205116,13,PCC,B,3.0932047367095947,0.0,1.0488102436065674,0.6031783223152161,1.1734044551849365,34.72425079345703,0.2661258280277252
dfl_generated,dfl_evaluation_01,0.0023659924045205116,13,PCC,C,3.0932905673980713,0.0,1.0658948421478271,0.6031783223152161,1.1734044551849365,34.72425079345703,0.2661258280277252
dfl_generated,dfl_evaluation_01,0.0023659924045205116,14,PCC,A,3.1813175678253174,0.0,0.9707958102226257,0.6654155254364014,1.175095558166504,34.72425079345703,0.2626296579837799
dfl_generated,dfl_evaluation_01,0.0023659924045205116,14,PCC,B,3.1869943141937256,0.0,0.9463331699371338,0.6654155254364014,1.175095558166504,34.72425079345703,0.2626296579837799
dfl_generated,dfl_evaluation_01,0.0023659924045205116,14,PCC,C,3.188476800918579,0.0,0.9710139036178589,0.6654155254364014,1.175095558166504,34.72425079345703,0.2626296579837799
dfl_generated,dfl_evaluation_01,0.0023659924045205116,15,PCC,A,2.9684441089630127,0.0,0.7623565793037415,0.5210045576095581,1.1753809452056885,34.72425079345703,0.26591169834136963
dfl_generated,dfl_evaluation_01,0.0023659924045205116,15,PCC,B,2.9674437046051025,0.0,0.7674897313117981,0.5210045576095581,1.1753809452056885,34.72425079345703,0.26591169834136963
dfl_generated,dfl_evaluation_01,0.0023659924045205116,15,PCC,C,2.974179267883301,0.0,0.7561485171318054,0.5210045576095581,1.1753809452056885,34.72425079345703,0.26591169834136963
dfl_generated,dfl_evaluation_01,0.0023659924045205116,16,PCC,A,3.029693603515625,0.0,0.5412790775299072,0.5631123185157776,1.174679160118103,53.24800109863281,0.2687467932701111
dfl_generated,dfl_evaluation_01,0.0023659924045205116,16,PCC,B,3.0300724506378174,0.0,0.5367966294288635,0.5631123185157776,1.174679160118103,53.24800109863281,0.2687467932701111
dfl_generated,dfl_evaluation_01,0.0023659924045205116,16,PCC,C,3.0240511894226074,0.0,0.5403258204460144,0.5631123185157776,1.174679160118103,53.24800109863281,0.2687467932701111
dfl_generated,dfl_evaluation_01,0.0023659924045205116,17,PCC,A,2.9534242153167725,0.0,0.21681588888168335,0.5185338854789734,1.1691582202911377,53.24800109863281,0.2735583186149597
dfl_generated,dfl_evaluation_01,0.0023659924045205116,17,PCC,B,2.9547784328460693,0.0,0.21917510032653809,0.5185338854789734,1.1691582202911377,53.24800109863281,0.2735583186149597
dfl_generated,dfl_evaluation_01,0.0023659924045205116,17,PCC,C,2.9547929763793945,0.0,0.2175111025571823,0.5185338854789734,1.1691582202911377,53.24800109863281,0.2735583186149597
dfl_generated,dfl_evaluation_01,0.0023659924045205116,18,PCC,A,2.9181225299835205,0.0,0.03951830789446831,0.501911997795105,1.1623095273971558,53.24800109863281,0.2767532169818878
dfl_generated,dfl_evaluation_01,0.0023659924045205116,18,PCC,B,2.9169981479644775,0.0,0.04213499650359154,0.501911997795105,1.1623095273971558,53.24800109863281,0.2767532169818878
dfl_generated,dfl_evaluation_01,0.0023659924045205116,18,PCC,C,2.918356418609619,0.0,0.04054039344191551,0.501911997795105,1.1623095273971558,53.24800109863281,0.2767532169818878
dfl_generated,dfl_evaluation_01,0.0023659924045205116,19,PCC,A,3.002284049987793,0.0,0.002063493710011244,0.5692486763000488,1.1567211151123047,53.24800109863281,0.2817504107952118
dfl_generated,dfl_evaluation_01,0.0023659924045205116,19,PCC,B,3.0023033618927,0.0,0.0022964326199144125,0.5692486763000488,1.1567211151123047,53.24800109863281,0.2817504107952118
dfl_generated,dfl_evaluation_01,0.0023659924045205116,19,PCC,C,3.00246262550354,0.0,0.002150858286768198,0.5692486763000488,1.1567211151123047,53.24800109863281,0.2817504107952118
dfl_generated,dfl_evaluation_01,0.0023659924045205116,20,PCC,A,2.8381829261779785,0.0,2.8857530764980766e-07,0.458400696516037,1.1561260223388672,53.24800109863281,0.2871534526348114
dfl_generated,dfl_evaluation_01,0.0023659924045205116,20,PCC,B,2.8396081924438477,0.0,0.0,0.458400696516037,1.1561260223388672,53.24800109863281,0.2871534526348114
dfl_generated,dfl_evaluation_01,0.0023659924045205116,20,PCC,C,2.839989185333252,0.0,1.702154918348242e-06,0.458400696516037,1.1561260223388672,53.24800109863281,0.2871534526348114
dfl_generated,dfl_evaluation_01,0.0023659924045205116,21,PCC,A,2.7502307891845703,0.0,0.0,0.39928483963012695,1.1550462245941162,53.24800109863281,0.2926453948020935
dfl_generated,dfl_evaluation_01,0.0023659924045205116,21,PCC,B,2.749302864074707,0.0,0.0,0.39928483963012695,1.1550462245941162,53.24800109863281,0.2926453948020935
dfl_generated,dfl_evaluation_01,0.0023659924045205116,21,PCC,C,2.7489655017852783,0.0,2.263734586449573e-06,0.39928483963012695,1.1550462245941162,53.24800109863281,0.2926453948020935
dfl_generated,dfl_evaluation_01,0.0023659924045205116,22,PCC,A,2.6962738037109375,0.0,0.0,0.3637107312679291,1.1537970304489136,53.24800109863281,0.2960227429866791
dfl_generated,dfl_evaluation_01,0.0023659924045205116,22,PCC,B,2.696680784225464,0.0,1.3075112974547665e-06,0.3637107312679291,1.1537970304489136,53.24800109863281,0.2960227429866791
dfl_generated,dfl_evaluation_01,0.0023659924045205116,22,PCC,C,2.6958799362182617,0.0,0.0,0.3637107312679291,1.1537970304489136,53.24800109863281,0.2960227429866791
dfl_generated,dfl_evaluation_01,0.0023659924045205116,23,PCC,A,2.6720404624938965,0.0,0.0,0.34759950637817383,1.152901291847229,53.24800109863281,0.30055493116378784
dfl_generated,dfl_evaluation_01,0.0023659924045205116,23,PCC,B,2.6699063777923584,0.0,4.129304045363824e-07,0.34759950637817383,1.152901291847229,53.24800109863281,0.30055493116378784
dfl_generated,dfl_evaluation_01,0.0023659924045205116,23,PCC,C,2.669405937194824,0.0,0.0,0.34759950637817383,1.152901291847229,53.24800109863281,0.30055493116378784
dfl_generated,dfl_evaluation_01,0.0023659924045205116,24,PCC,A,2.5940520763397217,0.0,0.0,0.29431068897247314,1.1520187854766846,53.24800109863281,0.2933058738708496
dfl_generated,dfl_evaluation_01,0.0023659924045205116,24,PCC,B,2.593764066696167,0.0,3.0484245598927373e-06,0.29431068897247314,1.1520187854766846,53.24800109863281,0.2933058738708496
dfl_generated,dfl_evaluation_01,0.0023659924045205116,24,PCC,C,2.5921061038970947,0.0,0.0,0.29431068897247314,1.1520187854766846,53.24800109863281,0.2933058738708496
dfl_generated,dfl_evaluation_01,0.0023659924045205116,25,PCC,A,2.624992847442627,0.0,0.0,0.3179371654987335,1.1503493785858154,34.72425079345703,0.30952534079551697
dfl_generated,dfl_evaluation_01,0.0023659924045205116,25,PCC,B,2.625398874282837,0.0,0.0,0.3179371654987335,1.1503493785858154,34.72425079345703,0.30952534079551697
dfl_generated,dfl_evaluation_01,0.0023659924045205116,25,PCC,C,2.6258840560913086,0.0,0.0,0.3179371654987335,1.1503493785858154,34.72425079345703,0.30952534079551697
dfl_generated,dfl_evaluation_01,0.0023659924045205116,26,PCC,A,2.487786054611206,0.0,3.4400968615955207e-06,0.2232462614774704,1.1504981517791748,34.72425079345703,0.32180464267730713
dfl_generated,dfl_evaluation_01,0.0023659924045205116,26,PCC,B,2.4873206615448,0.0,5.810964580632572e-07,0.2232462614774704,1.1504981517791748,34.72425079345703,0.32180464267730713
dfl_generated,dfl_evaluation_01,0.0023659924045205116,26,PCC,C,2.487514019012451,0.0,0.0,0.2232462614774704,1.1504981517791748,34.72425079345703,0.32180464267730713
dfl_generated,dfl_evaluation_01,0.0023659924045205116,27,PCC,A,2.5460517406463623,0.0,3.3533297028043307e-06,0.2633455991744995,1.1502294540405273,53.24800109863281,0.3019586503505707
dfl_generated,dfl_evaluation_01,0.0023659924045205116,27,PCC,B,2.5458695888519287,0.0,1.2612305511083832e-07,0.2633455991744995,1.1502294540405273,53.24800109863281,0.3019586503505707
dfl_generated,dfl_evaluation_01,0.0023659924045205116,27,PCC,C,2.545319080352783,0.0,0.0,0.2633455991744995,1.1502294540405273,53.24800109863281,0.3019586503505707
dfl_generated,dfl_evaluation_01,0.0023659924045205116,28,PCC,A,2.6072206497192383,0.0,0.0,0.3060445785522461,1.1507141590118408,53.24800109863281,0.29546138644218445
dfl_generated,dfl_evaluation_01,0.0023659924045205116,28,PCC,B,2.6078312397003174,0.0,0.0,0.3060445785522461,1.1507141590118408,53.24800109863281,0.29546138644218445
dfl_generated,dfl_evaluation_01,0.0023659924045205116,28,PCC,C,2.6072030067443848,0.0,0.0,0.3060445785522461,1.1507141590118408,53.24800109863281,0.29546138644218445
dfl_generated,dfl_evaluation_01,0.0023659924045205116,29,PCC,A,2.5767080783843994,0.0,0.0031652788165956736,0.2850128710269928,1.150283932685852,53.24800109863281,0.27633851766586304
dfl_generated,dfl_evaluation_01,0.0023659924045205116,29,PCC,B,2.5779783725738525,0.0,0.0034473552368581295,0.2850128710269928,1.150283932685852,53.24800109863281,0.27633851766586304
dfl_generated,dfl_evaluation_01,0.0023659924045205116,29,PCC,C,2.5762414932250977,0.0,0.0035575295332819223,0.2850128710269928,1.150283932685852,53.24800109863281,0.27633851766586304
dfl_generated,dfl_evaluation_01,0.0023659924045205116,30,PCC,A,2.763953685760498,0.0,0.046998679637908936,0.4131304621696472,1.1515871286392212,121.88175201416016,0.2630552351474762
dfl_generated,dfl_evaluation_01,0.0023659924045205116,30,PCC,B,2.7653634548187256,0.0,0.04684682935476303,0.4131304621696472,1.1515871286392212,121.88175201416016,0.2630552351474762
dfl_generated,dfl_evaluation_01,0.0023659924045205116,30,PCC,C,2.7638959884643555,0.0,0.04929812252521515,0.4131304621696472,1.1515871286392212,121.88175201416016,0.2630552351474762
dfl_generated,dfl_evaluation_01,0.0023659924045205116,31,PCC,A,3.027848243713379,0.0,0.14601033926010132,0.5887197852134705,1.1562530994415283,121.88175201416016,0.2557038366794586
dfl_generated,dfl_evaluation_01,0.0023659924045205116,31,PCC,B,3.028810501098633,0.0,0.1511104553937912,0.5887197852134705,1.1562530994415283,121.88175201416016,0.2557038366794586
dfl_generated,dfl_evaluation_01,0.0023659924045205116,31,PCC,C,3.02740216255188,0.0,0.14054204523563385,0.5887197852134705,1.1562530994415283,121.88175201416016,0.2557038366794586
dfl_generated,dfl_evaluation_01,0.0023659924045205116,32,PCC,A,2.7884111404418945,0.0,0.3972533047199249,0.41616514325141907,1.1613624095916748,121.88175201416016,0.24133819341659546
dfl_generated,dfl_evaluation_01,0.0023659924045205116,32,PCC,B,2.788870096206665,0.0,0.3969601094722748,0.41616514325141907,1.1613624095916748,121.88175201416016,0.24133819341659546
dfl_generated,dfl_evaluation_01,0.0023659924045205116,32,PCC,C,2.7873587608337402,0.0,0.3947103023529053,0.41616514325141907,1.1613624095916748,121.88175201416016,0.24133819341659546
dfl_generated,dfl_evaluation_01,0.0023659924045205116,33,PCC,A,2.9385626316070557,0.0,0.6395290493965149,0.5137431621551514,1.1648085117340088,121.88175201416016,0.25009685754776
dfl_generated,dfl_evaluation_01,0.0023659924045205116,33,PCC,B,2.9395737648010254,0.0,0.655837893486023,0.5137431621551514,1.1648085117340088,121.88175201416016,0.25009685754776
dfl_generated,dfl_evaluation_01,0.0023659924045205116,33,PCC,C,2.9366281032562256,0.0,0.6428431868553162,0.5137431621551514,1.1648085117340088,121.88175201416016,0.25009685754776
dfl_generated,dfl_evaluation_01,0.0023659924045205116,34,PCC,A,2.7329139709472656,0.0,0.8064460158348083,0.3643687963485718,1.1650899648666382,53.24800109863281,0.25653061270713806
dfl_generated,dfl_evaluation_01,0.0023659924045205116,34,PCC,B,2.727497100830078,0.0,0.7967483997344971,0.3643687963485718,1.1650899648666382,53.24800109863281,0.25653061270713806
dfl_generated,dfl_evaluation_01,0.0023659924045205116,34,PCC,C,2.727076768875122,0.0,0.7874960899353027,0.3643687963485718,1.1650899648666382,53.24800109863281,0.25653061270713806
dfl_generated,dfl_evaluation_01,0.0023659924045205116,35,PCC,A,2.725374460220337,0.0,0.8678056001663208,0.36136627197265625,1.1702244281768799,53.24800109863281,0.2675301134586334
dfl_generated,dfl_evaluation_01,0.0023659924045205116,35,PCC,B,2.7260067462921143,0.0,0.8531394600868225,0.36136627197265625,1.1702244281768799,53.24800109863281,0.2675301134586334
dfl_generated,dfl_evaluation_01,0.0023659924045205116,35,PCC,C,2.727792739868164,0.0,0.8773052096366882,0.36136627197265625,1.1702244281768799,53.24800109863281,0.2675301134586334
dfl_generated,dfl_evaluation_01,0.0023659924045205116,36,PCC,A,2.9965591430664062,0.0,0.9380089044570923,0.5383059978485107,1.1732622385025024,34.72425079345703,0.268952339887619
dfl_generated,dfl_evaluation_01,0.0023659924045205116,36,PCC,B,2.988863468170166,0.0,0.928054690361023,0.5383059978485107,1.1732622385025024,34.72425079345703,0.268952339887619
dfl_generated,dfl_evaluation_01,0.0023659924045205116,36,PCC,C,2.9922215938568115,0.0,0.9270820617675781,0.5383059978485107,1.1732622385025024,34.72425079345703,0.268952339887619
dfl_generated,dfl_evaluation_01,0.0023659924045205116,37,PCC,A,3.0904524326324463,0.0,0.9466058015823364,0.6031783223152161,1.1735256910324097,34.72425079345703,0.2636723816394806
dfl_generated,dfl_evaluation_01,0.0023659924045205116,37,PCC,B,3.091986656188965,0.0,0.915007472038269,0.6031783223152161,1.1735256910324097,34.72425079345703,0.2636723816394806
dfl_generated,dfl_evaluation_01,0.0023659924045205116,37,PCC,C,3.0906434059143066,0.0,0.9501884579658508,0.6031783223152161,1.1735256910324097,34.72425079345703,0.2636723816394806
dfl_generated,dfl_evaluation_01,0.0023659924045205116,38,PCC,A,3.179680347442627,0.0,0.7607254981994629,0.6654155254364014,1.1767693758010864,34.72425079345703,0.268630713224411
dfl_generated,dfl_evaluation_01,0.0023659924045205116,38,PCC,B,3.1803393363952637,0.0,0.7592957019805908,0.6654155254364014,1.1767693758010864,34.72425079345703,0.268630713224411
dfl_generated,dfl_evaluation_01,0.0023659924045205116,38,PCC,C,3.186163902282715,0.0,0.765589714050293,0.6654155254364014,1.1767693758010864,34.72425079345703,0.268630713224411
dfl_generated,dfl_evaluation_01,0.0023659924045205116,39,PCC,A,2.968578577041626,0.0,0.645683765411377,0.5210045576095581,1.1725369691848755,34.72425079345703,0.2771602272987366
dfl_generated,dfl_evaluation_01,0.0023659924045205116,39,PCC,B,2.9688122272491455,0.0,0.6565394997596741,0.5210045576095581,1.1725369691848755,34.72425079345703,0.2771602272987366
dfl_generated,dfl_evaluation_01,0.0023659924045205116,39,PCC,C,2.970165491104126,0.0,0.6636894345283508,0.5210045576095581,1.1725369691848755,34.72425079345703,0.2771602272987366
dfl_generated,dfl_evaluation_01,0.0023659924045205116,40,PCC,A,3.0260863304138184,0.0,0.44043007493019104,0.5631123185157776,1.1714026927947998,53.24800109863281,0.27328306436538696
dfl_generated,dfl_evaluation_01,0.0023659924045205116,40,PCC,B,3.0280416011810303,0.0,0.4420963525772095,0.5631123185157776,1.1714026927947998,53.24800109863281,0.27328306436538696
dfl_generated,dfl_evaluation_01,0.0023659924045205116,40,PCC,C,3.022624969482422,0.0,0.4375743567943573,0.5631123185157776,1.1714026927947998,53.24800109863281,0.27328306436538696
dfl_generated,dfl_evaluation_01,0.0023659924045205116,41,PCC,A,2.95328688621521,0.0,0.19544726610183716,0.5185338854789734,1.1680036783218384,53.24800109863281,0.2755178213119507
dfl_generated,dfl_evaluation_01,0.0023659924045205116,41,PCC,B,2.9559075832366943,0.0,0.18491925299167633,0.5185338854789734,1.1680036783218384,53.24800109863281,0.2755178213119507
dfl_generated,dfl_evaluation_01,0.0023659924045205116,41,PCC,C,2.951914072036743,0.0,0.1979401707649231,0.5185338854789734,1.1680036783218384,53.24800109863281,0.2755178213119507
dfl_generated,dfl_evaluation_01,0.0023659924045205116,42,PCC,A,2.9201648235321045,0.0,0.03887557238340378,0.501911997795105,1.1632602214813232,53.24800109863281,0.26829591393470764
dfl_generated,dfl_evaluation_01,0.0023659924045205116,42,PCC,B,2.918802499771118,0.0,0.04096559062600136,0.501911997795105,1.1632602214813232,53.24800109863281,0.26829591393470764
dfl_generated,dfl_evaluation_01,0.0023659924045205116,42,PCC,C,2.9157490730285645,0.0,0.03875851258635521,0.501911997795105,1.1632602214813232,53.24800109863281,0.26829591393470764
dfl_generated,dfl_evaluation_01,0.0023659924045205116,43,PCC,A,3.0038907527923584,0.0,0.0021761436946690083,0.5692486763000488,1.1586750745773315,53.24800109863281,0.27940833568573
dfl_generated,dfl_evaluation_01,0.0023659924045205116,43,PCC,B,3.000631809234619,0.0,0.002463010838255286,0.5692486763000488,1.1586750745773315,53.24800109863281,0.27940833568573
dfl_generated,dfl_evaluation_01,0.0023659924045205116,43,PCC,C,3.0046768188476562,0.0,0.0023451498709619045,0.5692486763000488,1.1586750745773315,53.24800109863281,0.27940833568573
dfl_generated,dfl_evaluation_01,0.0023659924045205116,44,PCC,A,2.8376941680908203,0.0,2.9247964903333923e-06,0.458400696516037,1.1552538871765137,53.24800109863281,0.27245640754699707
dfl_generated,dfl_evaluation_01,0.0023659924045205116,44,PCC,B,2.839906930923462,0.0,3.0320165933517274e-06,0.458400696516037,1.1552538871765137,53.24800109863281,0.27245640754699707
dfl_generated,dfl_evaluation_01,0.0023659924045205116,44,PCC,C,2.8374013900756836,0.0,2.5125530100922333e-06,0.458400696516037,1.1552538871765137,53.24800109863281,0.27245640754699707
dfl_generated,dfl_evaluation_01,0.0023659924045205116,45,PCC,A,2.7481648921966553,0.0,6.806881742704718e-07,0.39928483963012695,1.1540815830230713,53.24800109863281,0.2796371281147003
dfl_generated,dfl_evaluation_01,0.0023659924045205116,45,PCC,B,2.748516321182251,0.0,1.6421939790234319e-06,0.39928483963012695,1.1540815830230713,53.24800109863281,0.2796371281147003
dfl_generated,dfl_evaluation_01,0.0023659924045205116,45,PCC,C,2.747983694076538,0.0,0.0,0.39928483963012695,1.1540815830230713,53.24800109863281,0.2796371281147003
dfl_generated,dfl_evaluation_01,0.0023659924045205116,46,PCC,A,2.694371223449707,0.0,0.0,0.3637107312679291,1.1525330543518066,53.24800109863281,0.29375895857810974
dfl_generated,dfl_evaluation_01,0.0023659924045205116,46,PCC,B,2.694707155227661,0.0,0.0,0.3637107312679291,1.1525330543518066,53.24800109863281,0.29375895857810974
dfl_generated,dfl_evaluation_01,0.0023659924045205116,46,PCC,C,2.697023868560791,0.0,2.6260568120051175e-06,0.3637107312679291,1.1525330543518066,53.24800109863281,0.29375895857810974
dfl_generated,dfl_evaluation_01,0.0023659924045205116,47,PCC,A,2.670165777206421,0.0,1.6607068573648576e-06,0.34759950637817383,1.1519900560379028,53.24800109863281,0.29915404319763184
dfl_generated,dfl_evaluation_01,0.0023659924045205116,47,PCC,B,2.6708741188049316,0.0,2.079218802464311e-06,0.34759950637817383,1.1519900560379028,53.24800109863281,0.29915404319763184
dfl_generated,dfl_evaluation_01,0.0023659924045205116,47,PCC,C,2.671372175216675,0.0,1.1329019571348908e-06,0.34759950637817383,1.1519900560379028,53.24800109863281,0.29915404319763184
dfl_generated,dfl_evaluation_02,0.0023659924045205116,0,PCC,A,2.6034350395202637,0.0,0.0,0.29431068897247314,1.156958818435669,53.24800109863281,0.3466220498085022
dfl_generated,dfl_evaluation_02,0.0023659924045205116,0,PCC,B,2.604485511779785,0.0,1.51227411038235e-07,0.29431068897247314,1.156958818435669,53.24800109863281,0.3466220498085022
dfl_generated,dfl_evaluation_02,0.0023659924045205116,0,PCC,C,2.6035993099212646,0.0,0.0,0.29431068897247314,1.156958818435669,53.24800109863281,0.3466220498085022
dfl_generated,dfl_evaluation_02,0.0023659924045205116,1,PCC,A,2.63444185256958,0.0,1.3489803905031295e-06,0.3179371654987335,1.1555532217025757,34.72425079345703,0.3358067572116852
dfl_generated,dfl_evaluation_02,0.0023659924045205116,1,PCC,B,2.6351139545440674,0.0,0.0,0.3179371654987335,1.1555532217025757,34.72425079345703,0.3358067572116852
dfl_generated,dfl_evaluation_02,0.0023659924045205116,1,PCC,C,2.634819984436035,0.0,7.688179266551742e-07,0.3179371654987335,1.1555532217025757,34.72425079345703,0.3358067572116852
dfl_generated,dfl_evaluation_02,0.0023659924045205116,2,PCC,A,2.497255563735962,0.0,0.0,0.2232462614774704,1.1545017957687378,34.72425079345703,0.35348236560821533
dfl_generated,dfl_evaluation_02,0.0023659924045205116,2,PCC,B,2.496868133544922,0.0,0.0,0.2232462614774704,1.1545017957687378,34.72425079345703,0.35348236560821533
dfl_generated,dfl_evaluation_02,0.0023659924045205116,2,PCC,C,2.4967763423919678,0.0,0.0,0.2232462614774704,1.1545017957687378,34.72425079345703,0.35348236560821533
dfl_generated,dfl_evaluation_02,0.0023659924045205116,3,PCC,A,2.5513675212860107,0.0,0.0,0.2633455991744995,1.1534730195999146,34.72425079345703,0.34355998039245605
dfl_generated,dfl_evaluation_02,0.0023659924045205116,3,PCC,B,2.551844358444214,0.0,0.0,0.2633455991744995,1.1534730195999146,34.72425079345703,0.34355998039245605
dfl_generated,dfl_evaluation_02,0.0023659924045205116,3,PCC,C,2.552057981491089,0.0,2.903365611928166e-06,0.2633455991744995,1.1534730195999146,34.72425079345703,0.34355998039245605
dfl_generated,dfl_evaluation_02,0.0023659924045205116,4,PCC,A,2.61136794090271,0.0,1.829207690207113e-06,0.3060445785522461,1.1522399187088013,34.72425079345703,0.3436874449253082
dfl_generated,dfl_evaluation_02,0.0023659924045205116,4,PCC,B,2.611522674560547,0.0,0.0,0.3060445785522461,1.1522399187088013,34.72425079345703,0.3436874449253082
dfl_generated,dfl_evaluation_02,0.0023659924045205116,4,PCC,C,2.6111061573028564,0.0,0.0,0.3060445785522461,1.1522399187088013,34.72425079345703,0.3436874449253082
dfl_generated,dfl_evaluation_02,0.0023659924045205116,5,PCC,A,2.5828750133514404,0.0,0.0013038222678005695,0.2850128710269928,1.1527429819107056,34.72425079345703,0.3359307050704956
dfl_generated,dfl_evaluation_02,0.0023659924045205116,5,PCC,B,2.582214832305908,0.0,0.0014475628267973661,0.2850128710269928,1.1527429819107056,34.72425079345703,0.3359307050704956
dfl_generated,dfl_evaluation_02,0.0023659924045205116,5,PCC,C,2.582158088684082,0.0,0.001317971502430737,0.2850128710269928,1.1527429819107056,34.72425079345703,0.3359307050704956
dfl_generated,dfl_evaluation_02,0.0023659924045205116,6,PCC,A,2.7742576599121094,0.0,0.03517754003405571,0.4131304621696472,1.155795693397522,53.24800109863281,0.32255175709724426
dfl_generated,dfl_evaluation_02,0.0023659924045205116,6,PCC,B,2.7733616828918457,0.0,0.034010518342256546,0.4131304621696472,1.155795693397522,53.24800109863281,0.32255175709724426
dfl_generated,dfl_evaluation_02,0.0023659924045205116,6,PCC,C,2.7740445137023926,0.0,0.034279949963092804,0.4131304621696472,1.155795693397522,53.24800109863281,0.32255175709724426
dfl_generated,dfl_evaluation_02,0.0023659924045205116,7,PCC,A,3.0505785942077637,0.0,0.26153725385665894,0.5887197852134705,1.165848970413208,53.24800109863281,0.3129715025424957
dfl_generated,dfl_evaluation_02,0.0023659924045205116,7,PCC,B,3.0498955249786377,0.0,0.2641756534576416,0.5887197852134705,1.165848970413208,53.24800109863281,0.3129715025424957
dfl_generated,dfl_evaluation_02,0.0023659924045205116,7,PCC,C,3.0494892597198486,0.0,0.2574118971824646,0.5887197852134705,1.165848970413208,53.24800109863281,0.3129715025424957
dfl_generated,dfl_evaluation_02,0.0023659924045205116,8,PCC,A,2.8229939937591553,0.0,0.5959492921829224,0.41616514325141907,1.176533579826355,53.24800109863281,0.28982841968536377
dfl_generated,dfl_evaluation_02,0.0023659924045205116,8,PCC,B,2.822082757949829,0.0,0.6069517731666565,0.41616514325141907,1.176533579826355,53.24800109863281,0.28982841968536377
dfl_generated,dfl_evaluation_02,0.0023659924045205116,8,PCC,C,2.82159423828125,0.0,0.6061102747917175,0.41616514325141907,1.176533579826355,53.24800109863281,0.28982841968536377
dfl_generated,dfl_evaluation_02,0.0023659924045205116,9,PCC,A,2.990779399871826,0.0,0.8763352036476135,0.5137431621551514,1.187803030014038,53.24800109863281,0.2659986913204193
dfl_generated,dfl_evaluation_02,0.0023659924045205116,9,PCC,B,2.990121603012085,0.0,0.8891480565071106,0.5137431621551514,1.187803030014038,53.24800109863281,0.2659986913204193
dfl_generated,dfl_evaluation_02,0.0023659924045205116,9,PCC,C,2.9911844730377197,0.0,0.8789728879928589,0.5137431621551514,1.187803030014038,53.24800109863281,0.2659986913204193
dfl_generated,dfl_evaluation_02,0.0023659924045205116,10,PCC,A,2.78505802154541,0.0,1.0341856479644775,0.3643687963485718,1.1946486234664917,53.24800109863281,0.29552409052848816
dfl_generated,dfl_evaluation_02,0.0023659924045205116,10,PCC,B,2.7862257957458496,0.0,1.04591965675354,0.3643687963485718,1.1946486234664917,53.24800109863281,0.29552409052848816
dfl_generated,dfl_evaluation_02,0.0023659924045205116,10,PCC,C,2.788262367248535,0.0,1.044129729270935,0.3643687963485718,1.1946486234664917,53.24800109863281,0.29552409052848816
dfl_generated,dfl_evaluation_02,0.0023659924045205116,11,PCC,A,2.795012950897217,0.0,1.1173640489578247,0.36136627197265625,1.2026476860046387,53.24800109863281,0.32135602831840515
dfl_generated,dfl_evaluation_02,0.0023659924045205116,11,PCC,B,2.7949118614196777,0.0,1.1239811182022095,0.36136627197265625,1.2026476860046387,53.24800109863281,0.32135602831840515
dfl_generated,dfl_evaluation_02,0.0023659924045205116,11,PCC,C,2.795527935028076,0.0,1.11284339427948,0.36136627197265625,1.2026476860046387,53.24800109863281,0.32135602831840515
dfl_generated,dfl_evaluation_02,0.0023659924045205116,12,PCC,A,3.0739753246307373,0.0,1.0994338989257812,0.5383059978485107,1.2062700986862183,53.24800109863281,0.32224321365356445
dfl_generated,dfl_evaluation_02,0.0023659924045205116,12,PCC,B,3.0715463161468506,0.0,1.116805076599121,0.5383059978485107,1.2062700986862183,53.24800109863281,0.32224321365356445
dfl_generated,dfl_evaluation_02,0.0023659924045205116,12,PCC,C,3.0726571083068848,0.0,1.1098268032073975,0.5383059978485107,1.2062700986862183,53.24800109863281,0.32224321365356445
dfl_generated,dfl_evaluation_02,0.0023659924045205116,13,PCC,A,3.171276807785034,0.0,1.0494282245635986,0.6031783223152161,1.208470344543457,53.24800109863281,0.3173893094062805
dfl_generated,dfl_evaluation_02,0.0023659924045205116,13,PCC,B,3.1747195720672607,0.0,1.063488483428955,0.6031783223152161,1.208470344543457,53.24800109863281,0.3173893094062805
dfl_generated,dfl_evaluation_02,0.0023659924045205116,13,PCC,C,3.1733803749084473,0.0,1.0515674352645874,0.6031783223152161,1.208470344543457,53.24800109863281,0.3173893094062805
dfl_generated,dfl_evaluation_02,0.0023659924045205116,14,PCC,A,3.2687623500823975,0.0,0.9322660565376282,0.6654155254364014,1.208229660987854,53.24800109863281,0.32018208503723145
dfl_generated,dfl_evaluation_02,0.0023659924045205116,14,PCC,B,3.263737678527832,0.0,0.9521055817604065,0.6654155254364014,1.208229660987854,53.24800109863281,0.32018208503723145
dfl_generated,dfl_evaluation_02,0.0023659924045205116,14,PCC,C,3.267533302307129,0.0,0.931768536567688,0.6654155254364014,1.208229660987854,53.24800109863281,0.32018208503723145
dfl_generated,dfl_evaluation_02,0.0023659924045205116,15,PCC,A,3.0408201217651367,0.0,0.7204532623291016,0.5210045576095581,1.2029619216918945,53.24800109863281,0.31795933842658997
dfl_generated,dfl_evaluation_02,0.0023659924045205116,15,PCC,B,3.040130853652954,0.0,0.7126383781433105,0.5210045576095581,1.2029619216918945,53.24800109863281,0.31795933842658997
dfl_generated,dfl_evaluation_02,0.0023659924045205116,15,PCC,C,3.0412042140960693,0.0,0.7094354629516602,0.5210045576095581,1.2029619216918945,53.24800109863281,0.31795933842658997
dfl_generated,dfl_evaluation_02,0.0023659924045205116,16,PCC,A,3.0894253253936768,0.0,0.4284714460372925,0.5631123185157776,1.1971036195755005,53.24800109863281,0.3336041569709778
dfl_generated,dfl_evaluation_02,0.0023659924045205116,16,PCC,B,3.091798782348633,0.0,0.44203945994377136,0.5631123185157776,1.1971036195755005,53.24800109863281,0.3336041569709778
dfl_generated,dfl_evaluation_02,0.0023659924045205116,16,PCC,C,3.0887935161590576,0.0,0.4313431680202484,0.5631123185157776,1.1971036195755005,53.24800109863281,0.3336041569709778
dfl_generated,dfl_evaluation_02,0.0023659924045205116,17,PCC,A,3.0017430782318115,0.0,0.15479882061481476,0.5185338854789734,1.1892809867858887,53.24800109863281,0.33584174513816833
dfl_generated,dfl_evaluation_02,0.0023659924045205116,17,PCC,B,3.0023484230041504,0.0,0.15081343054771423,0.5185338854789734,1.1892809867858887,53.24800109863281,0.33584174513816833
dfl_generated,dfl_evaluation_02,0.0023659924045205116,17,PCC,C,3.0048820972442627,0.0,0.15805558860301971,0.5185338854789734,1.1892809867858887,53.24800109863281,0.33584174513816833
dfl_generated,dfl_evaluation_02,0.0023659924045205116,18,PCC,A,2.9529497623443604,0.0,0.0277401152998209,0.501911997795105,1.177337884902954,121.88175201416016,0.33684560656547546
dfl_generated,dfl_evaluation_02,0.0023659924045205116,18,PCC,B,2.950948715209961,0.0,0.027994977310299873,0.501911997795105,1.177337884902954,121.88175201416016,0.33684560656547546
dfl_generated,dfl_evaluation_02,0.0023659924045205116,18,PCC,C,2.9518649578094482,0.0,0.026982836425304413,0.501911997795105,1.177337884902954,121.88175201416016,0.33684560656547546
dfl_generated,dfl_evaluation_02,0.0023659924045205116,19,PCC,A,3.031644344329834,0.0,0.0008626297931186855,0.5692486763000488,1.169906497001648,121.88175201416016,0.342893123626709
dfl_generated,dfl_evaluation_02,0.0023659924045205116,19,PCC,B,3.033207416534424,0.0,0.0009237119229510427,0.5692486763000488,1.169906497001648,121.88175201416016,0.342893123626709
dfl_generated,dfl_evaluation_02,0.0023659924045205116,19,PCC,C,3.0343685150146484,0.0,0.0008048033341765404,0.5692486763000488,1.169906497001648,121.88175201416016,0.342893123626709
dfl_generated,dfl_evaluation_02,0.0023659924045205116,20,PCC,A,2.8631973266601562,0.0,0.0,0.458400696516037,1.1658087968826294,121.88175201416016,0.34426674246788025
dfl_generated,dfl_evaluation_02,0.0023659924045205116,20,PCC,B,2.862626075744629,0.0,0.0,0.458400696516037,1.1658087968826294,121.88175201416016,0.34426674246788025
dfl_generated,dfl_evaluation_02,0.0023659924045205116,20,PCC,C,2.8630354404449463,0.0,0.0,0.458400696516037,1.1658087968826294,121.88175201416016,0.34426674246788025
dfl_generated,dfl_evaluation_02,0.0023659924045205116,21,PCC,A,2.7688941955566406,0.0,5.088419356980012e-07,0.39928483963012695,1.1626850366592407,53.24800109863281,0.3459945321083069
dfl_generated,dfl_evaluation_02,0.0023659924045205116,21,PCC,B,2.7699804306030273,0.0,0.0,0.39928483963012695,1.1626850366592407,53.24800109863281,0.3459945321083069
dfl_generated,dfl_evaluation_02,0.0023659924045205116,21,PCC,C,2.7689430713653564,0.0,0.0,0.39928483963012695,1.1626850366592407,53.24800109863281,0.3459945321083069
dfl_generated,dfl_evaluation_02,0.0023659924045205116,22,PCC,A,2.7128384113311768,0.0,1.1468173397588544e-06,0.3637107312679291,1.1607939004898071,53.24800109863281,0.3504287302494049
dfl_generated,dfl_evaluation_02,0.0023659924045205116,22,PCC,B,2.713280439376831,0.0,0.0,0.3637107312679291,1.1607939004898071,53.24800109863281,0.3504287302494049
dfl_generated,dfl_evaluation_02,0.0023659924045205116,22,PCC,C,2.7124712467193604,0.0,4.0876593629946e-06,0.3637107312679291,1.1607939004898071,53.24800109863281,0.3504287302494049
dfl_generated,dfl_evaluation_02,0.0023659924045205116,23,PCC,A,2.6849474906921387,0.0,4.5825578354197205e-07,0.34759950637817383,1.1589460372924805,53.24800109863281,0.3498004078865051
dfl_generated,dfl_evaluation_02,0.0023659924045205116,23,PCC,B,2.6853928565979004,0.0,1.1956665275647538e-06,0.34759950637817383,1.1589460372924805,53.24800109863281,0.3498004078865051
dfl_generated,dfl_evaluation_02,0.0023659924045205116,23,PCC,C,2.684957265853882,0.0,2.3210052404465387e-06,0.34759950637817383,1.1589460372924805,53.24800109863281,0.3498004078865051
dfl_generated,dfl_evaluation_02,0.0023659924045205116,24,PCC,A,2.6042282581329346,0.0,2.3820180103939492e-06,0.29431068897247314,1.1565996408462524,53.24800109863281,0.3504161536693573
dfl_generated,dfl_evaluation_02,0.0023659924045205116,24,PCC,B,2.6032845973968506,0.0,0.0,0.29431068897247314,1.1565996408462524,53.24800109863281,0.3504161536693573
dfl_generated,dfl_evaluation_02,0.0023659924045205116,24,PCC,C,2.6040782928466797,0.0,0.0,0.29431068897247314,1.1565996408462524,53.24800109863281,0.3504161536693573
dfl_generated,dfl_evaluation_02,0.0023659924045205116,25,PCC,A,2.6333346366882324,0.0,0.0,0.3179371654987335,1.1548118591308594,34.72425079345703,0.3534449636936188
dfl_generated,dfl_evaluation_02,0.0023659924045205116,25,PCC,B,2.6345393657684326,0.0,0.0,0.3179371654987335,1.1548118591308594,34.72425079345703,0.3534449636936188
dfl_generated,dfl_evaluation_02,0.0023659924045205116,25,PCC,C,2.634037494659424,0.0,4.977248480031449e-08,0.3179371654987335,1.1548118591308594,34.72425079345703,0.3534449636936188
dfl_generated,dfl_evaluation_02,0.0023659924045205116,26,PCC,A,2.495345115661621,0.0,0.0,0.2232462614774704,1.1538505554199219,34.72425079345703,0.33355265855789185
dfl_generated,dfl_evaluation_02,0.0023659924045205116,26,PCC,B,2.4943130016326904,0.0,1.6591346820860053e-06,0.2232462614774704,1.1538505554199219,34.72425079345703,0.33355265855789185
dfl_generated,dfl_evaluation_02,0.0023659924045205116,26,PCC,C,2.4945719242095947,0.0,9.392229571858479e-07,0.2232462614774704,1.1538505554199219,34.72425079345703,0.33355265855789185
dfl_generated,dfl_evaluation_02,0.0023659924045205116,27,PCC,A,2.5529932975769043,0.0,0.0,0.2633455991744995,1.153669834136963,34.72425079345703,0.35367846488952637
dfl_generated,dfl_evaluation_02,0.0023659924045205116,27,PCC,B,2.551623582839966,0.0,6.838066610725946e-07,0.2633455991744995,1.153669834136963,34.72425079345703,0.35367846488952637
dfl_generated,dfl_evaluation_02,0.0023659924045205116,27,PCC,C,2.552107572555542,0.0,2.6931090246762324e-07,0.2633455991744995,1.153669834136963,34.72425079345703,0.35367846488952637
dfl_generated,dfl_evaluation_02,0.0023659924045205116,28,PCC,A,2.6130623817443848,0.0,0.0,0.3060445785522461,1.152888536453247,34.72425079345703,0.3623000383377075
dfl_generated,dfl_evaluation_02,0.0023659924045205116,28,PCC,B,2.6131231784820557,0.0,0.0,0.3060445785522461,1.152888536453247,34.72425079345703,0.3623000383377075
dfl_generated,dfl_evaluation_02,0.0023659924045205116,28,PCC,C,2.612741708755493,0.0,0.0,0.3060445785522461,1.152888536453247,34.72425079345703,0.3623000383377075
dfl_generated,dfl_evaluation_02,0.0023659924045205116,29,PCC,A,2.583420515060425,0.0,0.0012147689703851938,0.2850128710269928,1.1530742645263672,34.72425079345703,0.3423880338668823
dfl_generated,dfl_evaluation_02,0.0023659924045205116,29,PCC,B,2.583108901977539,0.0,0.0010349254589527845,0.2850128710269928,1.1530742645263672,34.72425079345703,0.3423880338668823
dfl_generated,dfl_evaluation_02,0.0023659924045205116,29,PCC,C,2.5826611518859863,0.0,0.0010489693377166986,0.2850128710269928,1.1530742645263672,34.72425079345703,0.3423880338668823
dfl_generated,dfl_evaluation_02,0.0023659924045205116,30,PCC,A,2.7755730152130127,0.0,0.029670482501387596,0.4131304621696472,1.1565663814544678,53.24800109863281,0.3315187096595764
dfl_generated,dfl_evaluation_02,0.0023659924045205116,30,PCC,B,2.7736666202545166,0.0,0.026618745177984238,0.4131304621696472,1.1565663814544678,53.24800109863281,0.3315187096595764
dfl_generated,dfl_evaluation_02,0.0023659924045205116,30,PCC,C,2.7747814655303955,0.0,0.030145592987537384,0.4131304621696472,1.1565663814544678,53.24800109863281,0.3315187096595764
dfl_generated,dfl_evaluation_02,0.0023659924045205116,31,PCC,A,3.0473740100860596,0.0,0.19465085864067078,0.5887197852134705,1.165298581123352,53.24800109863281,0.3159118592739105
dfl_generated,dfl_evaluation_02,0.0023659924045205116,31,PCC,B,3.0483670234680176,0.0,0.19373823702335358,0.5887197852134705,1.165298581123352,53.24800109863281,0.3159118592739105
dfl_generated,dfl_evaluation_02,0.0023659924045205116,31,PCC,C,3.0487587451934814,0.0,0.20222018659114838,0.5887197852134705,1.165298581123352,53.24800109863281,0.3159118592739105
dfl_generated,dfl_evaluation_02,0.0023659924045205116,32,PCC,A,2.8218021392822266,0.0,0.5070620775222778,0.41616514325141907,1.176516056060791,53.24800109863281,0.31809335947036743
dfl_generated,dfl_evaluation_02,0.0023659924045205116,32,PCC,B,2.8227646350860596,0.0,0.49197056889533997,0.41616514325141907,1.176516056060791,53.24800109863281,0.31809335947036743
dfl_generated,dfl_evaluation_02,0.0023659924045205116,32,PCC,C,2.824122428894043,0.0,0.49445462226867676,0.41616514325141907,1.176516056060791,53.24800109863281,0.31809335947036743
dfl_generated,dfl_evaluation_02,0.0023659924045205116,33,PCC,A,2.9918510913848877,0.0,0.701927661895752,0.5137431621551514,1.1889286041259766,53.24800109863281,0.30218204855918884
dfl_generated,dfl_evaluation_02,0.0023659924045205116,33,PCC,B,2.9930853843688965,0.0,0.6956151723861694,0.5137431621551514,1.1889286041259766,53.24800109863281,0.30218204855918884
dfl_generated,dfl_evaluation_02,0.0023659924045205116,33,PCC,C,2.9921886920928955,0.0,0.6963095664978027,0.5137431621551514,1.1889286041259766,53.24800109863281,0.30218204855918884
dfl_generated,dfl_evaluation_02,0.0023659924045205116,34,PCC,A,2.7873761653900146,0.0,0.891502857208252,0.3643687963485718,1.197648286819458,53.24800109863281,0.30707675218582153
dfl_generated,dfl_evaluation_02,0.0023659924045205116,34,PCC,B,2.7897019386291504,0.0,0.8896450400352478,0.3643687963485718,1.197648286819458,53.24800109863281,0.30707675218582153
dfl_generated,dfl_evaluation_02,0.0023659924045205116,34,PCC,C,2.7911553382873535,0.0,0.8781685829162598,0.3643687963485718,1.197648286819458,53.24800109863281,0.30707675218582153
dfl_generated,dfl_evaluation_02,0.0023659924045205116,35,PCC,A,2.7954351902008057,0.0,0.9022716283798218,0.36136627197265625,1.2024784088134766,53.24800109863281,0.3323252201080322
dfl_generated,dfl_evaluation_02,0.0023659924045205116,35,PCC,B,2.794264554977417,0.0,0.9147868752479553,0.36136627197265625,1.2024784088134766,53.24800109863281,0.3323252201080322
dfl_generated,dfl_evaluation_02,0.0023659924045205116,35,PCC,C,2.7985663414001465,0.0,0.9175972938537598,0.36136627197265625,1.2024784088134766,53.24800109863281,0.3323252201080322
dfl_generated,dfl_evaluation_02,0.0023659924045205116,36,PCC,A,3.069455146789551,0.0,0.981887698173523,0.5383059978485107,1.2058825492858887,53.24800109863281,0.3330093026161194
dfl_generated,dfl_evaluation_02,0.0023659924045205116,36,PCC,B,3.072807788848877,0.0,0.9871542453765869,0.5383059978485107,1.2058825492858887,53.24800109863281,0.3330093026161194
dfl_generated,dfl_evaluation_02,0.0023659924045205116,36,PCC,C,3.0705084800720215,0.0,0.9650296568870544,0.5383059978485107,1.2058825492858887,53.24800109863281,0.3330093026161194
dfl_generated,dfl_evaluation_02,0.0023659924045205116,37,PCC,A,3.17390775680542,0.0,0.8538575768470764,0.6031783223152161,1.206865668296814,53.24800109863281,0.3284221291542053
dfl_generated,dfl_evaluation_02,0.0023659924045205116,37,PCC,B,3.1734795570373535,0.0,0.8750964999198914,0.6031783223152161,1.206865668296814,53.24800109863281,0.3284221291542053
dfl_generated,dfl_evaluation_02,0.0023659924045205116,37,PCC,C,3.1750283241271973,0.0,0.8700560927391052,0.6031783223152161,1.206865668296814,53.24800109863281,0.3284221291542053
dfl_generated,dfl_evaluation_02,0.0023659924045205116,38,PCC,A,3.267932891845703,0.0,0.8180866241455078,0.6654155254364014,1.2069898843765259,53.24800109863281,0.33247506618499756
dfl_generated,dfl_evaluation_02,0.0023659924045205116,38,PCC,B,3.266533136367798,0.0,0.8084245324134827,0.6654155254364014,1.2069898843765259,53.24800109863281,0.33247506618499756
dfl_generated,dfl_evaluation_02,0.0023659924045205116,38,PCC,C,3.2675914764404297,0.0,0.8003655672073364,0.6654155254364014,1.2069898843765259,53.24800109863281,0.33247506618499756
dfl_generated,dfl_evaluation_02,0.0023659924045205116,39,PCC,A,3.0390121936798096,0.0,0.6372650861740112,0.5210045576095581,1.2027552127838135,53.24800109863281,0.33631837368011475
dfl_generated,dfl_evaluation_02,0.0023659924045205116,39,PCC,B,3.037903308868408,0.0,0.6454871892929077,0.5210045576095581,1.2027552127838135,53.24800109863281,0.33631837368011475
dfl_generated,dfl_evaluation_02,0.0023659924045205116,39,PCC,C,3.0387816429138184,0.0,0.6405477523803711,0.5210045576095581,1.2027552127838135,53.24800109863281,0.33631837368011475
dfl_generated,dfl_evaluation_02,0.0023659924045205116,40,PCC,A,3.091085195541382,0.0,0.3514258861541748,0.5631123185157776,1.1976326704025269,53.24800109863281,0.34707847237586975
dfl_generated,dfl_evaluation_02,0.0023659924045205116,40,PCC,B,3.09360933303833,0.0,0.3418668806552887,0.5631123185157776,1.1976326704025269,53.24800109863281,0.34707847237586975
dfl_generated,dfl_evaluation_02,0.0023659924045205116,40,PCC,C,3.0913376808166504,0.0,0.34230679273605347,0.5631123185157776,1.1976326704025269,53.24800109863281,0.34707847237586975
dfl_generated,dfl_evaluation_02,0.0023659924045205116,41,PCC,A,3.0028493404388428,0.0,0.13630709052085876,0.5185338854789734,1.1893559694290161,53.24800109863281,0.34010106325149536
dfl_generated,dfl_evaluation_02,0.0023659924045205116,41,PCC,B,3.001193046569824,0.0,0.13433894515037537,0.5185338854789734,1.1893559694290161,53.24800109863281,0.34010106325149536
dfl_generated,dfl_evaluation_02,0.0023659924045205116,41,PCC,C,3.002983808517456,0.0,0.1323120892047882,0.5185338854789734,1.1893559694290161,53.24800109863281,0.34010106325149536
dfl_generated,dfl_evaluation_02,0.0023659924045205116,42,PCC,A,2.9530422687530518,0.0,0.024168390780687332,0.501911997795105,1.1773706674575806,121.88175201416016,0.34393325448036194
dfl_generated,dfl_evaluation_02,0.0023659924045205116,42,PCC,B,2.9508399963378906,0.0,0.023522131145000458,0.501911997795105,1.1773706674575806,121.88175201416016,0.34393325448036194
dfl_generated,dfl_evaluation_02,0.0023659924045205116,42,PCC,C,2.952932357788086,0.0,0.022919911891222,0.501911997795105,1.1773706674575806,121.88175201416016,0.34393325448036194
dfl_generated,dfl_evaluation_02,0.0023659924045205116,43,PCC,A,3.0381646156311035,0.0,0.0008229896193370223,0.5692486763000488,1.1707396507263184,121.88175201416016,0.3379306495189667
dfl_generated,dfl_evaluation_02,0.0023659924045205116,43,PCC,B,3.0393834114074707,0.0,0.0006642204825766385,0.5692486763000488,1.1707396507263184,121.88175201416016,0.3379306495189667
dfl_generated,dfl_evaluation_02,0.0023659924045205116,43,PCC,C,3.039189338684082,0.0,0.0008529584156349301,0.5692486763000488,1.1707396507263184,121.88175201416016,0.3379306495189667
dfl_generated,dfl_evaluation_02,0.0023659924045205116,44,PCC,A,2.8632283210754395,0.0,0.0,0.458400696516037,1.166784405708313,121.88175201416016,0.3333880305290222
dfl_generated,dfl_evaluation_02,0.0023659924045205116,44,PCC,B,2.8652408123016357,0.0,0.0,0.458400696516037,1.166784405708313,121.88175201416016,0.3333880305290222
dfl_generated,dfl_evaluation_02,0.0023659924045205116,44,PCC,C,2.863539218902588,0.0,0.0,0.458400696516037,1.166784405708313,121.88175201416016,0.3333880305290222
dfl_generated,dfl_evaluation_02,0.0023659924045205116,45,PCC,A,2.771624803543091,0.0,0.0,0.39928483963012695,1.1639883518218994,53.24800109863281,0.34451645612716675
dfl_generated,dfl_evaluation_02,0.0023659924045205116,45,PCC,B,2.771911859512329,0.0,0.0,0.39928483963012695,1.1639883518218994,53.24800109863281,0.34451645612716675
dfl_generated,dfl_evaluation_02,0.0023659924045205116,45,PCC,C,2.770833969116211,0.0,0.0,0.39928483963012695,1.1639883518218994,53.24800109863281,0.34451645612716675
dfl_generated,dfl_evaluation_02,0.0023659924045205116,46,PCC,A,2.7159390449523926,0.0,0.0,0.3637107312679291,1.1623562574386597,53.24800109863281,0.34036877751350403
dfl_generated,dfl_evaluation_02,0.0023659924045205116,46,PCC,B,2.714008092880249,0.0,8.423874078289373e-07,0.3637107312679291,1.1623562574386597,53.24800109863281,0.34036877751350403
dfl_generated,dfl_evaluation_02,0.0023659924045205116,46,PCC,C,2.714994430541992,0.0,0.0,0.3637107312679291,1.1623562574386597,53.24800109863281,0.34036877751350403
dfl_generated,dfl_evaluation_02,0.0023659924045205116,47,PCC,A,2.686656951904297,0.0,0.0,0.34759950637817383,1.1599311828613281,53.24800109863281,0.3444744944572449
dfl_generated,dfl_evaluation_02,0.0023659924045205116,47,PCC,B,2.6871113777160645,0.0,0.0,0.34759950637817383,1.1599311828613281,53.24800109863281,0.3444744944572449
dfl_generated,dfl_evaluation_02,0.0023659924045205116,47,PCC,C,2.687220573425293,0.0,0.0,0.34759950637817383,1.1599311828613281,53.24800109863281,0.3444744944572449
dfl_generated,dfl_evaluation_03,0.19858039915561676,0,PCC,A,2.602257013320923,0.0,0.0,0.29431068897247314,1.1562327146530151,53.24800109863281,0.30391886830329895
dfl_generated,dfl_evaluation_03,0.19858039915561676,0,PCC,B,2.6021430492401123,0.0,2.1472583284776192e-06,0.29431068897247314,1.1562327146530151,53.24800109863281,0.30391886830329895
dfl_generated,dfl_evaluation_03,0.19858039915561676,0,PCC,C,2.603421211242676,0.0,0.0,0.29431068897247314,1.1562327146530151,53.24800109863281,0.30391886830329895
dfl_generated,dfl_evaluation_03,0.19858039915561676,1,PCC,A,2.6344568729400635,0.0,3.050144812277722e-07,0.3179371654987335,1.155294418334961,53.24800109863281,0.2954743802547455
dfl_generated,dfl_evaluation_03,0.19858039915561676,1,PCC,B,2.635589122772217,0.0,0.0,0.3179371654987335,1.155294418334961,53.24800109863281,0.2954743802547455
dfl_generated,dfl_evaluation_03,0.19858039915561676,1,PCC,C,2.6330556869506836,0.0,2.6558168428891804e-06,0.3179371654987335,1.155294418334961,53.24800109863281,0.2954743802547455
dfl_generated,dfl_evaluation_03,0.19858039915561676,2,PCC,A,2.497236490249634,0.0,6.221476951395744e-07,0.2232462614774704,1.1551566123962402,53.24800109863281,0.32008665800094604
dfl_generated,dfl_evaluation_03,0.19858039915561676,2,PCC,B,2.496784210205078,0.0,0.0,0.2232462614774704,1.1551566123962402,53.24800109863281,0.32008665800094604
dfl_generated,dfl_evaluation_03,0.19858039915561676,2,PCC,C,2.4969253540039062,0.0,2.7457419946586015e-06,0.2232462614774704,1.1551566123962402,53.24800109863281,0.32008665800094604
dfl_generated,dfl_evaluation_03,0.19858039915561676,3,PCC,A,2.555884838104248,0.0,1.6459721337014344e-06,0.2633455991744995,1.1544710397720337,53.24800109863281,0.3165435492992401
dfl_generated,dfl_evaluation_03,0.19858039915561676,3,PCC,B,2.5544023513793945,0.0,0.0,0.2633455991744995,1.1544710397720337,53.24800109863281,0.3165435492992401
dfl_generated,dfl_evaluation_03,0.19858039915561676,3,PCC,C,2.5541980266571045,0.0,0.0,0.2633455991744995,1.1544710397720337,53.24800109863281,0.3165435492992401
dfl_generated,dfl_evaluation_03,0.19858039915561676,4,PCC,A,2.615520477294922,0.0,1.2194270766485715e-06,0.3060445785522461,1.1543896198272705,53.24800109863281,0.31207045912742615
dfl_generated,dfl_evaluation_03,0.19858039915561676,4,PCC,B,2.6146883964538574,0.0,0.0,0.3060445785522461,1.1543896198272705,53.24800109863281,0.31207045912742615
dfl_generated,dfl_evaluation_03,0.19858039915561676,4,PCC,C,2.6154167652130127,0.0,2.0960180791007588e-06,0.3060445785522461,1.1543896198272705,53.24800109863281,0.31207045912742615
dfl_generated,dfl_evaluation_03,0.19858039915561676,5,PCC,A,2.5836565494537354,0.0,0.0013376069255173206,0.2850128710269928,1.1543755531311035,53.24800109863281,0.31436556577682495
dfl_generated,dfl_evaluation_03,0.19858039915561676,5,PCC,B,2.5842432975769043,0.0,0.0014847866259515285,0.2850128710269928,1.1543755531311035,53.24800109863281,0.31436556577682495
dfl_generated,dfl_evaluation_03,0.19858039915561676,5,PCC,C,2.584529161453247,0.0,0.0014761723577976227,0.2850128710269928,1.1543755531311035,53.24800109863281,0.31436556577682495
dfl_generated,dfl_evaluation_03,0.19858039915561676,6,PCC,A,2.7709643840789795,0.0,0.015675706788897514,0.4131304621696472,1.1549224853515625,53.24800109863281,0.3074066638946533
dfl_generated,dfl_evaluation_03,0.19858039915561676,6,PCC,B,2.7706356048583984,0.0,0.016988307237625122,0.4131304621696472,1.1549224853515625,53.24800109863281,0.3074066638946533
dfl_generated,dfl_evaluation_03,0.19858039915561676,6,PCC,C,2.770927667617798,0.0,0.01661660149693489,0.4131304621696472,1.1549224853515625,53.24800109863281,0.3074066638946533
dfl_generated,dfl_evaluation_03,0.19858039915561676,7,PCC,A,3.0322368144989014,0.0,0.09349395334720612,0.5887197852134705,1.156986117362976,53.24800109863281,0.3003515303134918
dfl_generated,dfl_evaluation_03,0.19858039915561676,7,PCC,B,3.0335276126861572,0.0,0.10430103540420532,0.5887197852134705,1.156986117362976,53.24800109863281,0.3003515303134918
dfl_generated,dfl_evaluation_03,0.19858039915561676,7,PCC,C,3.0326919555664062,0.0,0.09311513602733612,0.5887197852134705,1.156986117362976,53.24800109863281,0.3003515303134918
dfl_generated,dfl_evaluation_03,0.19858039915561676,8,PCC,A,2.791269063949585,0.0,0.4421328902244568,0.41616514325141907,1.1611119508743286,53.24800109863281,0.2919541001319885
dfl_generated,dfl_evaluation_03,0.19858039915561676,8,PCC,B,2.7917745113372803,0.0,0.449246883392334,0.41616514325141907,1.1611119508743286,53.24800109863281,0.2919541001319885
dfl_generated,dfl_evaluation_03,0.19858039915561676,8,PCC,C,2.791654109954834,0.0,0.4310392439365387,0.41616514325141907,1.1611119508743286,53.24800109863281,0.2919541001319885
dfl_generated,dfl_evaluation_03,0.19858039915561676,9,PCC,A,2.93851637840271,0.0,0.7819089293479919,0.5137431621551514,1.1644207239151,53.24800109863281,0.256784051656723
dfl_generated,dfl_evaluation_03,0.19858039915561676,9,PCC,B,2.9388628005981445,0.0,0.7738889455795288,0.5137431621551514,1.1644207239151,53.24800109863281,0.256784051656723
dfl_generated,dfl_evaluation_03,0.19858039915561676,9,PCC,C,2.9419302940368652,0.0,0.7586379647254944,0.5137431621551514,1.1644207239151,53.24800109863281,0.256784051656723
dfl_generated,dfl_evaluation_03,0.19858039915561676,10,PCC,A,2.7270498275756836,0.0,0.9627932906150818,0.3643687963485718,1.1683903932571411,53.24800109863281,0.29087117314338684
dfl_generated,dfl_evaluation_03,0.19858039915561676,10,PCC,B,2.729055643081665,0.0,0.9529887437820435,0.3643687963485718,1.1683903932571411,53.24800109863281,0.29087117314338684
dfl_generated,dfl_evaluation_03,0.19858039915561676,10,PCC,C,2.7268404960632324,0.0,0.9499435424804688,0.3643687963485718,1.1683903932571411,53.24800109863281,0.29087117314338684
dfl_generated,dfl_evaluation_03,0.19858039915561676,11,PCC,A,2.7255947589874268,0.0,1.02802312374115,0.36136627197265625,1.1691621541976929,53.24800109863281,0.3094608783721924
dfl_generated,dfl_evaluation_03,0.19858039915561676,11,PCC,B,2.727356195449829,0.0,1.001190185546875,0.36136627197265625,1.1691621541976929,53.24800109863281,0.3094608783721924
dfl_generated,dfl_evaluation_03,0.19858039915561676,11,PCC,C,2.7262470722198486,0.0,1.0212974548339844,0.36136627197265625,1.1691621541976929,53.24800109863281,0.3094608783721924
dfl_generated,dfl_evaluation_03,0.19858039915561676,12,PCC,A,2.9943127632141113,0.0,1.0952672958374023,0.5383059978485107,1.1726577281951904,53.24800109863281,0.3098376393318176
dfl_generated,dfl_evaluation_03,0.19858039915561676,12,PCC,B,2.994386672973633,0.0,1.0900450944900513,0.5383059978485107,1.1726577281951904,53.24800109863281,0.3098376393318176
dfl_generated,dfl_evaluation_03,0.19858039915561676,12,PCC,C,2.9939568042755127,0.0,1.102460265159607,0.5383059978485107,1.1726577281951904,53.24800109863281,0.3098376393318176
dfl_generated,dfl_evaluation_03,0.19858039915561676,13,PCC,A,3.0848708152770996,0.0,1.1267457008361816,0.6031783223152161,1.1717262268066406,53.24800109863281,0.31242701411247253
dfl_generated,dfl_evaluation_03,0.19858039915561676,13,PCC,B,3.086864471435547,0.0,1.1519877910614014,0.6031783223152161,1.1717262268066406,53.24800109863281,0.31242701411247253
dfl_generated,dfl_evaluation_03,0.19858039915561676,13,PCC,C,3.0837204456329346,0.0,1.1335246562957764,0.6031783223152161,1.1717262268066406,53.24800109863281,0.31242701411247253
dfl_generated,dfl_evaluation_03,0.19858039915561676,14,PCC,A,3.1734232902526855,0.0,0.921744704246521,0.6654155254364014,1.1709833145141602,53.24800109863281,0.31667360663414
dfl_generated,dfl_evaluation_03,0.19858039915561676,14,PCC,B,3.17695689201355,0.0,0.9356101751327515,0.6654155254364014,1.1709833145141602,53.24800109863281,0.31667360663414
dfl_generated,dfl_evaluation_03,0.19858039915561676,14,PCC,C,3.175147294998169,0.0,0.9375826716423035,0.6654155254364014,1.1709833145141602,53.24800109863281,0.31667360663414
dfl_generated,dfl_evaluation_03,0.19858039915561676,15,PCC,A,2.9626364707946777,0.0,0.7085928320884705,0.5210045576095581,1.1720741987228394,53.24800109863281,0.31234896183013916
dfl_generated,dfl_evaluation_03,0.19858039915561676,15,PCC,B,2.9623892307281494,0.0,0.6977757215499878,0.5210045576095581,1.1720741987228394,53.24800109863281,0.31234896183013916
dfl_generated,dfl_evaluation_03,0.19858039915561676,15,PCC,C,2.9595813751220703,0.0,0.7047382593154907,0.5210045576095581,1.1720741987228394,53.24800109863281,0.31234896183013916
dfl_generated,dfl_evaluation_03,0.19858039915561676,16,PCC,A,3.0214946269989014,0.0,0.4095788300037384,0.5631123185157776,1.1680837869644165,53.24800109863281,0.30897095799446106
dfl_generated,dfl_evaluation_03,0.19858039915561676,16,PCC,B,3.017362117767334,0.0,0.38920384645462036,0.5631123185157776,1.1680837869644165,53.24800109863281,0.30897095799446106
dfl_generated,dfl_evaluation_03,0.19858039915561676,16,PCC,C,3.018275022506714,0.0,0.399990051984787,0.5631123185157776,1.1680837869644165,53.24800109863281,0.30897095799446106
dfl_generated,dfl_evaluation_03,0.19858039915561676,17,PCC,A,2.9453558921813965,0.0,0.06195580214262009,0.5185338854789734,1.165601134300232,53.24800109863281,0.3016694188117981
dfl_generated,dfl_evaluation_03,0.19858039915561676,17,PCC,B,2.9451141357421875,0.0,0.067560575902462,0.5185338854789734,1.165601134300232,53.24800109863281,0.3016694188117981
dfl_generated,dfl_evaluation_03,0.19858039915561676,17,PCC,C,2.946218967437744,0.0,0.06740765273571014,0.5185338854789734,1.165601134300232,53.24800109863281,0.3016694188117981
dfl_generated,dfl_evaluation_03,0.19858039915561676,18,PCC,A,2.9150400161743164,0.0,0.016162030398845673,0.501911997795105,1.162428617477417,53.24800109863281,0.2928077280521393
dfl_generated,dfl_evaluation_03,0.19858039915561676,18,PCC,B,2.9139273166656494,0.0,0.0131087526679039,0.501911997795105,1.162428617477417,53.24800109863281,0.2928077280521393
dfl_generated,dfl_evaluation_03,0.19858039915561676,18,PCC,C,2.914757013320923,0.0,0.015571551397442818,0.501911997795105,1.162428617477417,53.24800109863281,0.2928077280521393
dfl_generated,dfl_evaluation_03,0.19858039915561676,19,PCC,A,3.0057055950164795,0.0,0.0009754932252690196,0.5692486763000488,1.158250331878662,53.24800109863281,0.29356110095977783
dfl_generated,dfl_evaluation_03,0.19858039915561676,19,PCC,B,3.007510185241699,0.0,0.0009821600979194045,0.5692486763000488,1.158250331878662,53.24800109863281,0.29356110095977783
dfl_generated,dfl_evaluation_03,0.19858039915561676,19,PCC,C,3.006645917892456,0.0,0.0008679974125698209,0.5692486763000488,1.158250331878662,53.24800109863281,0.29356110095977783
dfl_generated,dfl_evaluation_03,0.19858039915561676,20,PCC,A,2.8412554264068604,0.0,0.0,0.458400696516037,1.1567014455795288,53.24800109863281,0.2903108596801758
dfl_generated,dfl_evaluation_03,0.19858039915561676,20,PCC,B,2.842233180999756,0.0,1.8538962649472523e-06,0.458400696516037,1.1567014455795288,53.24800109863281,0.2903108596801758
dfl_generated,dfl_evaluation_03,0.19858039915561676,20,PCC,C,2.8409230709075928,0.0,0.0,0.458400696516037,1.1567014455795288,53.24800109863281,0.2903108596801758
dfl_generated,dfl_evaluation_03,0.19858039915561676,21,PCC,A,2.755596876144409,0.0,1.3587549574367586e-07,0.39928483963012695,1.15665602684021,53.24800109863281,0.29381120204925537
dfl_generated,dfl_evaluation_03,0.19858039915561676,21,PCC,B,2.7556240558624268,0.0,0.0,0.39928483963012695,1.15665602684021,53.24800109863281,0.29381120204925537
dfl_generated,dfl_evaluation_03,0.19858039915561676,21,PCC,C,2.7530741691589355,0.0,6.001559995638672e-07,0.39928483963012695,1.15665602684021,53.24800109863281,0.29381120204925537
dfl_generated,dfl_evaluation_03,0.19858039915561676,22,PCC,A,2.700361728668213,0.0,0.0,0.3637107312679291,1.1555495262145996,53.24800109863281,0.3046587109565735
dfl_generated,dfl_evaluation_03,0.19858039915561676,22,PCC,B,2.6999351978302,0.0,0.0,0.3637107312679291,1.1555495262145996,53.24800109863281,0.3046587109565735
dfl_generated,dfl_evaluation_03,0.19858039915561676,22,PCC,C,2.700343608856201,0.0,0.0,0.3637107312679291,1.1555495262145996,53.24800109863281,0.3046587109565735
dfl_generated,dfl_evaluation_03,0.19858039915561676,23,PCC,A,2.675067186355591,0.0,0.0,0.34759950637817383,1.1542123556137085,53.24800109863281,0.3093183934688568
dfl_generated,dfl_evaluation_03,0.19858039915561676,23,PCC,B,2.6759860515594482,0.0,0.0,0.34759950637817383,1.1542123556137085,53.24800109863281,0.3093183934688568
dfl_generated,dfl_evaluation_03,0.19858039915561676,23,PCC,C,2.6766293048858643,0.0,6.031969519426639e-07,0.34759950637817383,1.1542123556137085,53.24800109863281,0.3093183934688568
dfl_generated,dfl_evaluation_03,0.19858039915561676,24,PCC,A,2.5976016521453857,0.0,0.0,0.29431068897247314,1.1543233394622803,53.24800109863281,0.3096736967563629
dfl_generated,dfl_evaluation_03,0.19858039915561676,24,PCC,B,2.597243547439575,0.0,0.0,0.29431068897247314,1.1543233394622803,53.24800109863281,0.3096736967563629
dfl_generated,dfl_evaluation_03,0.19858039915561676,24,PCC,C,2.597883462905884,0.0,0.0,0.29431068897247314,1.1543233394622803,53.24800109863281,0.3096736967563629
dfl_generated,dfl_evaluation_03,0.19858039915561676,25,PCC,A,2.631619453430176,0.0,0.0,0.3179371654987335,1.1536568403244019,53.24800109863281,0.31261175870895386
dfl_generated,dfl_evaluation_03,0.19858039915561676,25,PCC,B,2.6310434341430664,0.0,2.8762440251739463e-06,0.3179371654987335,1.1536568403244019,53.24800109863281,0.31261175870895386
dfl_generated,dfl_evaluation_03,0.19858039915561676,25,PCC,C,2.630702495574951,0.0,0.0,0.3179371654987335,1.1536568403244019,53.24800109863281,0.31261175870895386
dfl_generated,dfl_evaluation_03,0.19858039915561676,26,PCC,A,2.492326498031616,0.0,1.6870441754690546e-07,0.2232462614774704,1.1532450914382935,53.24800109863281,0.315315306186676
dfl_generated,dfl_evaluation_03,0.19858039915561676,26,PCC,B,2.493108034133911,0.0,0.0,0.2232462614774704,1.1532450914382935,53.24800109863281,0.315315306186676
dfl_generated,dfl_evaluation_03,0.19858039915561676,26,PCC,C,2.4931352138519287,0.0,0.0,0.2232462614774704,1.1532450914382935,53.24800109863281,0.315315306186676
dfl_generated,dfl_evaluation_03,0.19858039915561676,27,PCC,A,2.5501797199249268,0.0,1.1584827461774694e-06,0.2633455991744995,1.1526260375976562,53.24800109863281,0.3220694959163666
dfl_generated,dfl_evaluation_03,0.19858039915561676,27,PCC,B,2.550588607788086,0.0,0.0,0.2633455991744995,1.1526260375976562,53.24800109863281,0.3220694959163666
dfl_generated,dfl_evaluation_03,0.19858039915561676,27,PCC,C,2.5499045848846436,0.0,1.4864090189803392e-06,0.2633455991744995,1.1526260375976562,53.24800109863281,0.3220694959163666
dfl_generated,dfl_evaluation_03,0.19858039915561676,28,PCC,A,2.611093044281006,0.0,1.558857547934167e-06,0.3060445785522461,1.1520003080368042,53.24800109863281,0.31105929613113403
dfl_generated,dfl_evaluation_03,0.19858039915561676,28,PCC,B,2.6119656562805176,0.0,4.420941422722535e-06,0.3060445785522461,1.1520003080368042,53.24800109863281,0.31105929613113403
dfl_generated,dfl_evaluation_03,0.19858039915561676,28,PCC,C,2.6106014251708984,0.0,9.059236845132546e-07,0.3060445785522461,1.1520003080368042,53.24800109863281,0.31105929613113403
dfl_generated,dfl_evaluation_03,0.19858039915561676,29,PCC,A,2.579472303390503,0.0,0.0010310104116797447,0.2850128710269928,1.1516027450561523,53.24800109863281,0.3078972399234772
dfl_generated,dfl_evaluation_03,0.19858039915561676,29,PCC,B,2.5786020755767822,0.0,0.0010786839993670583,0.2850128710269928,1.1516027450561523,53.24800109863281,0.3078972399234772
dfl_generated,dfl_evaluation_03,0.19858039915561676,29,PCC,C,2.580136299133301,0.0,0.0008507885504513979,0.2850128710269928,1.1516027450561523,53.24800109863281,0.3078972399234772
dfl_generated,dfl_evaluation_03,0.19858039915561676,30,PCC,A,2.7670419216156006,0.0,0.010009745135903358,0.4131304621696472,1.1522958278656006,53.24800109863281,0.3037678897380829
dfl_generated,dfl_evaluation_03,0.19858039915561676,30,PCC,B,2.765726327896118,0.0,0.009070724248886108,0.4131304621696472,1.1522958278656006,53.24800109863281,0.3037678897380829
dfl_generated,dfl_evaluation_03,0.19858039915561676,30,PCC,C,2.7659318447113037,0.0,0.009054940193891525,0.4131304621696472,1.1522958278656006,53.24800109863281,0.3037678897380829
dfl_generated,dfl_evaluation_03,0.19858039915561676,31,PCC,A,3.02524995803833,0.0,0.07950720936059952,0.5887197852134705,1.1559276580810547,53.24800109863281,0.2936195731163025
dfl_generated,dfl_evaluation_03,0.19858039915561676,31,PCC,B,3.024688720703125,0.0,0.08595249056816101,0.5887197852134705,1.1559276580810547,53.24800109863281,0.2936195731163025
dfl_generated,dfl_evaluation_03,0.19858039915561676,31,PCC,C,3.0233774185180664,0.0,0.08287650346755981,0.5887197852134705,1.1559276580810547,53.24800109863281,0.2936195731163025
dfl_generated,dfl_evaluation_03,0.19858039915561676,32,PCC,A,2.785486936569214,0.0,0.3267880082130432,0.41616514325141907,1.1591236591339111,53.24800109863281,0.25019192695617676
dfl_generated,dfl_evaluation_03,0.19858039915561676,32,PCC,B,2.7834253311157227,0.0,0.3144688010215759,0.41616514325141907,1.1591236591339111,53.24800109863281,0.25019192695617676
dfl_generated,dfl_evaluation_03,0.19858039915561676,32,PCC,C,2.784733533859253,0.0,0.32766640186309814,0.41616514325141907,1.1591236591339111,53.24800109863281,0.25019192695617676
dfl_generated,dfl_evaluation_03,0.19858039915561676,33,PCC,A,2.9290037155151367,0.0,0.4633885622024536,0.5137431621551514,1.16084623336792,53.24800109863281,0.28497716784477234
dfl_generated,dfl_evaluation_03,0.19858039915561676,33,PCC,B,2.931504964828491,0.0,0.47934845089912415,0.5137431621551514,1.16084623336792,53.24800109863281,0.28497716784477234
dfl_generated,dfl_evaluation_03,0.19858039915561676,33,PCC,C,2.9327971935272217,0.0,0.471002459526062,0.5137431621551514,1.16084623336792,53.24800109863281,0.28497716784477234
dfl_generated,dfl_evaluation_03,0.19858039915561676,34,PCC,A,2.7190895080566406,0.0,0.5279775857925415,0.3643687963485718,1.1645190715789795,53.24800109863281,0.29089590907096863
dfl_generated,dfl_evaluation_03,0.19858039915561676,34,PCC,B,2.7173569202423096,0.0,0.5236952304840088,0.3643687963485718,1.1645190715789795,53.24800109863281,0.29089590907096863
dfl_generated,dfl_evaluation_03,0.19858039915561676,34,PCC,C,2.719907760620117,0.0,0.5345863103866577,0.3643687963485718,1.1645190715789795,53.24800109863281,0.29089590907096863
dfl_generated,dfl_evaluation_03,0.19858039915561676,35,PCC,A,2.717226028442383,0.0,0.689655065536499,0.36136627197265625,1.1656266450881958,53.24800109863281,0.3064751625061035
dfl_generated,dfl_evaluation_03,0.19858039915561676,35,PCC,B,2.7171061038970947,0.0,0.6878775358200073,0.36136627197265625,1.1656266450881958,53.24800109863281,0.3064751625061035
dfl_generated,dfl_evaluation_03,0.19858039915561676,35,PCC,C,2.7159688472747803,0.0,0.6992281675338745,0.36136627197265625,1.1656266450881958,53.24800109863281,0.3064751625061035
dfl_generated,dfl_evaluation_03,0.19858039915561676,36,PCC,A,2.978060722351074,0.0,0.7297601699829102,0.5383059978485107,1.166900873184204,53.24800109863281,0.2990003824234009
dfl_generated,dfl_evaluation_03,0.19858039915561676,36,PCC,B,2.976898193359375,0.0,0.7109037637710571,0.5383059978485107,1.166900873184204,53.24800109863281,0.2990003824234009
dfl_generated,dfl_evaluation_03,0.19858039915561676,36,PCC,C,2.9804210662841797,0.0,0.7194852232933044,0.5383059978485107,1.166900873184204,53.24800109863281,0.2990003824234009
dfl_generated,dfl_evaluation_03,0.19858039915561676,37,PCC,A,3.0699384212493896,0.0,0.6145960092544556,0.6031783223152161,1.164923906326294,53.24800109863281,0.29869207739830017
dfl_generated,dfl_evaluation_03,0.19858039915561676,37,PCC,B,3.0706260204315186,0.0,0.6291715502738953,0.6031783223152161,1.164923906326294,53.24800109863281,0.29869207739830017
dfl_generated,dfl_evaluation_03,0.19858039915561676,37,PCC,C,3.072650909423828,0.0,0.6410484313964844,0.6031783223152161,1.164923906326294,53.24800109863281,0.29869207739830017
dfl_generated,dfl_evaluation_03,0.19858039915561676,38,PCC,A,3.1566994190216064,0.0,0.5397863388061523,0.6654155254364014,1.1657522916793823,53.24800109863281,0.30035200715065
dfl_generated,dfl_evaluation_03,0.19858039915561676,38,PCC,B,3.1576905250549316,0.0,0.5486341714859009,0.6654155254364014,1.1657522916793823,53.24800109863281,0.30035200715065
dfl_generated,dfl_evaluation_03,0.19858039915561676,38,PCC,C,3.15813946723938,0.0,0.5389193296432495,0.6654155254364014,1.1657522916793823,53.24800109863281,0.30035200715065
dfl_generated,dfl_evaluation_03,0.19858039915561676,39,PCC,A,2.9457826614379883,0.0,0.5051841139793396,0.5210045576095581,1.1618915796279907,53.24800109863281,0.3012285828590393
dfl_generated,dfl_evaluation_03,0.19858039915561676,39,PCC,B,2.9489638805389404,0.0,0.4974519610404968,0.5210045576095581,1.1618915796279907,53.24800109863281,0.3012285828590393
dfl_generated,dfl_evaluation_03,0.19858039915561676,39,PCC,C,2.948317766189575,0.0,0.5209197998046875,0.5210045576095581,1.1618915796279907,53.24800109863281,0.3012285828590393
dfl_generated,dfl_evaluation_03,0.19858039915561676,40,PCC,A,3.0051863193511963,0.0,0.22760805487632751,0.5631123185157776,1.1612225770950317,53.24800109863281,0.29342469573020935
dfl_generated,dfl_evaluation_03,0.19858039915561676,40,PCC,B,3.007631540298462,0.0,0.23162002861499786,0.5631123185157776,1.1612225770950317,53.24800109863281,0.29342469573020935
dfl_generated,dfl_evaluation_03,0.19858039915561676,40,PCC,C,3.0069572925567627,0.0,0.22866059839725494,0.5631123185157776,1.1612225770950317,53.24800109863281,0.29342469573020935
dfl_generated,dfl_evaluation_03,0.19858039915561676,41,PCC,A,2.937558174133301,0.0,0.012126386165618896,0.5185338854789734,1.15980863571167,53.24800109863281,0.28458163142204285
dfl_generated,dfl_evaluation_03,0.19858039915561676,41,PCC,B,2.9345529079437256,0.0,0.007644772529602051,0.5185338854789734,1.15980863571167,53.24800109863281,0.28458163142204285
dfl_generated,dfl_evaluation_03,0.19858039915561676,41,PCC,C,2.935591697692871,0.0,0.008688271045684814,0.5185338854789734,1.15980863571167,53.24800109863281,0.28458163142204285
dfl_generated,dfl_evaluation_03,0.19858039915561676,42,PCC,A,2.904616355895996,0.0,0.004725771024823189,0.501911997795105,1.1577285528182983,53.24800109863281,0.28476232290267944
dfl_generated,dfl_evaluation_03,0.19858039915561676,42,PCC,B,2.903838872909546,0.0,0.0054095834493637085,0.501911997795105,1.1577285528182983,53.24800109863281,0.28476232290267944
dfl_generated,dfl_evaluation_03,0.19858039915561676,42,PCC,C,2.903529644012451,0.0,0.00704490952193737,0.501911997795105,1.1577285528182983,53.24800109863281,0.28476232290267944
dfl_generated,dfl_evaluation_03,0.19858039915561676,43,PCC,A,2.9968438148498535,0.0,0.00039270444540306926,0.5692486763000488,1.1542057991027832,53.24800109863281,0.28559592366218567
dfl_generated,dfl_evaluation_03,0.19858039915561676,43,PCC,B,2.9957902431488037,0.0,0.0005227666115388274,0.5692486763000488,1.1542057991027832,53.24800109863281,0.28559592366218567
dfl_generated,dfl_evaluation_03,0.19858039915561676,43,PCC,C,2.9984042644500732,0.0,0.00038176553789526224,0.5692486763000488,1.1542057991027832,53.24800109863281,0.28559592366218567
dfl_generated,dfl_evaluation_03,0.19858039915561676,44,PCC,A,2.8323252201080322,0.0,0.0,0.458400696516037,1.154581904411316,53.24800109863281,0.2865956127643585
dfl_generated,dfl_evaluation_03,0.19858039915561676,44,PCC,B,2.835252285003662,0.0,2.987689413203043e-06,0.458400696516037,1.154581904411316,53.24800109863281,0.2865956127643585
dfl_generated,dfl_evaluation_03,0.19858039915561676,44,PCC,C,2.8340368270874023,0.0,7.964372343849391e-07,0.458400696516037,1.154581904411316,53.24800109863281,0.2865956127643585
dfl_generated,dfl_evaluation_03,0.19858039915561676,45,PCC,A,2.7472002506256104,0.0,0.0,0.39928483963012695,1.1536210775375366,53.24800109863281,0.28485816717147827
dfl_generated,dfl_evaluation_03,0.19858039915561676,45,PCC,B,2.7479467391967773,0.0,3.6678835613201954e-07,0.39928483963012695,1.1536210775375366,53.24800109863281,0.28485816717147827
dfl_generated,dfl_evaluation_03,0.19858039915561676,45,PCC,C,2.748389482498169,0.0,0.0,0.39928483963012695,1.1536210775375366,53.24800109863281,0.28485816717147827
dfl_generated,dfl_evaluation_03,0.19858039915561676,46,PCC,A,2.693849563598633,0.0,0.0,0.3637107312679291,1.152611494064331,53.24800109863281,0.29098376631736755
dfl_generated,dfl_evaluation_03,0.19858039915561676,46,PCC,B,2.6948983669281006,0.0,0.0,0.3637107312679291,1.152611494064331,53.24800109863281,0.29098376631736755
dfl_generated,dfl_evaluation_03,0.19858039915561676,46,PCC,C,2.6955950260162354,0.0,0.0,0.3637107312679291,1.152611494064331,53.24800109863281,0.29098376631736755
dfl_generated,dfl_evaluation_03,0.19858039915561676,47,PCC,A,2.669962167739868,0.0,0.0,0.34759950637817383,1.1518818140029907,53.24800109863281,0.2877342700958252
dfl_generated,dfl_evaluation_03,0.19858039915561676,47,PCC,B,2.6698834896087646,0.0,0.0,0.34759950637817383,1.1518818140029907,53.24800109863281,0.2877342700958252
dfl_generated,dfl_evaluation_03,0.19858039915561676,47,PCC,C,2.670315980911255,0.0,1.8701377939578379e-06,0.34759950637817383,1.1518818140029907,53.24800109863281,0.2877342700958252
dfl_generated,dfl_evaluation_04,0.19858039915561676,0,PCC,A,2.590928316116333,0.0,0.0,0.29431068897247314,1.1509828567504883,53.24800109863281,0.2907381057739258
dfl_generated,dfl_evaluation_04,0.19858039915561676,0,PCC,B,2.59228253364563,0.0,6.194952675286913e-07,0.29431068897247314,1.1509828567504883,53.24800109863281,0.2907381057739258
dfl_generated,dfl_evaluation_04,0.19858039915561676,0,PCC,C,2.5908656120300293,0.0,1.9361884540103347e-07,0.29431068897247314,1.1509828567504883,53.24800109863281,0.2907381057739258
dfl_generated,dfl_evaluation_04,0.19858039915561676,1,PCC,A,2.6261794567108154,0.0,0.0,0.3179371654987335,1.1505404710769653,53.24800109863281,0.2933529317378998
dfl_generated,dfl_evaluation_04,0.19858039915561676,1,PCC,B,2.626823663711548,0.0,0.0,0.3179371654987335,1.1505404710769653,53.24800109863281,0.2933529317378998
dfl_generated,dfl_evaluation_04,0.19858039915561676,1,PCC,C,2.6258771419525146,0.0,0.0,0.3179371654987335,1.1505404710769653,53.24800109863281,0.2933529317378998
dfl_generated,dfl_evaluation_04,0.19858039915561676,2,PCC,A,2.4895665645599365,0.0,1.1268514299445087e-06,0.2232462614774704,1.1508294343948364,53.24800109863281,0.28964856266975403
dfl_generated,dfl_evaluation_04,0.19858039915561676,2,PCC,B,2.489550828933716,0.0,0.0,0.2232462614774704,1.1508294343948364,53.24800109863281,0.28964856266975403
dfl_generated,dfl_evaluation_04,0.19858039915561676,2,PCC,C,2.4894227981567383,0.0,1.7186222294185427e-06,0.2232462614774704,1.1508294343948364,53.24800109863281,0.28964856266975403
dfl_generated,dfl_evaluation_04,0.19858039915561676,3,PCC,A,2.54791522026062,0.0,4.312105374992825e-07,0.2633455991744995,1.1510905027389526,53.24800109863281,0.28652915358543396
dfl_generated,dfl_evaluation_04,0.19858039915561676,3,PCC,B,2.547661542892456,0.0,1.1423053365433589e-06,0.2633455991744995,1.1510905027389526,53.24800109863281,0.28652915358543396
dfl_generated,dfl_evaluation_04,0.19858039915561676,3,PCC,C,2.5476510524749756,0.0,1.8808040636031365e-07,0.2633455991744995,1.1510905027389526,53.24800109863281,0.28652915358543396
dfl_generated,dfl_evaluation_04,0.19858039915561676,4,PCC,A,2.609328508377075,0.0,7.422813723678701e-07,0.3060445785522461,1.1510683298110962,53.24800109863281,0.2785748243331909
dfl_generated,dfl_evaluation_04,0.19858039915561676,4,PCC,B,2.6086530685424805,0.0,1.6256792605418013e-06,0.3060445785522461,1.1510683298110962,53.24800109863281,0.2785748243331909
dfl_generated,dfl_evaluation_04,0.19858039915561676,4,PCC,C,2.6088736057281494,0.0,0.0,0.3060445785522461,1.1510683298110962,53.24800109863281,0.2785748243331909
dfl_generated,dfl_evaluation_04,0.19858039915561676,5,PCC,A,2.578543186187744,0.0,0.0,0.2850128710269928,1.1514394283294678,53.24800109863281,0.27343642711639404
dfl_generated,dfl_evaluation_04,0.19858039915561676,5,PCC,B,2.579054594039917,0.0,0.0,0.2850128710269928,1.1514394283294678,53.24800109863281,0.27343642711639404
dfl_generated,dfl_evaluation_04,0.19858039915561676,5,PCC,C,2.5786280632019043,0.0,0.0,0.2850128710269928,1.1514394283294678,53.24800109863281,0.27343642711639404
dfl_generated,dfl_evaluation_04,0.19858039915561676,6,PCC,A,2.764613389968872,0.0,0.0,0.4131304621696472,1.151485562324524,53.24800109863281,0.2669389247894287
dfl_generated,dfl_evaluation_04,0.19858039915561676,6,PCC,B,2.763690948486328,0.0,0.0,0.4131304621696472,1.151485562324524,53.24800109863281,0.2669389247894287
dfl_generated,dfl_evaluation_04,0.19858039915561676,6,PCC,C,2.765122413635254,0.0,0.0,0.4131304621696472,1.151485562324524,53.24800109863281,0.2669389247894287
dfl_generated,dfl_evaluation_04,0.19858039915561676,7,PCC,A,3.0171353816986084,0.0,0.0,0.5887197852134705,1.1505745649337769,53.24800109863281,0.2623291015625
dfl_generated,dfl_evaluation_04,0.19858039915561676,7,PCC,B,3.014078378677368,0.0,0.0,0.5887197852134705,1.1505745649337769,53.24800109863281,0.2623291015625
dfl_generated,dfl_evaluation_04,0.19858039915561676,7,PCC,C,3.015214443206787,0.0,0.0,0.5887197852134705,1.1505745649337769,53.24800109863281,0.2623291015625
dfl_generated,dfl_evaluation_04,0.19858039915561676,8,PCC,A,2.767399549484253,0.0,0.19279323518276215,0.41616514325141907,1.1513673067092896,53.24800109863281,0.26494094729423523
dfl_generated,dfl_evaluation_04,0.19858039915561676,8,PCC,B,2.767970323562622,0.0,0.1914268136024475,0.41616514325141907,1.1513673067092896,53.24800109863281,0.26494094729423523
dfl_generated,dfl_evaluation_04,0.19858039915561676,8,PCC,C,2.7652881145477295,0.0,0.19638720154762268,0.41616514325141907,1.1513673067092896,53.24800109863281,0.26494094729423523
dfl_generated,dfl_evaluation_04,0.19858039915561676,9,PCC,A,2.9081857204437256,0.0,0.37586528062820435,0.5137431621551514,1.151487946510315,53.24800109863281,0.23063722252845764
dfl_generated,dfl_evaluation_04,0.19858039915561676,9,PCC,B,2.9107208251953125,0.0,0.3945121467113495,0.5137431621551514,1.151487946510315,53.24800109863281,0.23063722252845764
dfl_generated,dfl_evaluation_04,0.19858039915561676,9,PCC,C,2.910419225692749,0.0,0.37986037135124207,0.5137431621551514,1.151487946510315,53.24800109863281,0.23063722252845764
dfl_generated,dfl_evaluation_04,0.19858039915561676,10,PCC,A,2.6929221153259277,0.0,0.5367971658706665,0.3643687963485718,1.151870608329773,53.24800109863281,0.2724120020866394
dfl_generated,dfl_evaluation_04,0.19858039915561676,10,PCC,B,2.693742036819458,0.0,0.5417252779006958,0.3643687963485718,1.151870608329773,53.24800109863281,0.2724120020866394
dfl_generated,dfl_evaluation_04,0.19858039915561676,10,PCC,C,2.6925363540649414,0.0,0.5420272946357727,0.3643687963485718,1.151870608329773,53.24800109863281,0.2724120020866394
dfl_generated,dfl_evaluation_04,0.19858039915561676,11,PCC,A,2.691133975982666,0.0,0.5917617082595825,0.36136627197265625,1.1531330347061157,53.24800109863281,0.27622589468955994
dfl_generated,dfl_evaluation_04,0.19858039915561676,11,PCC,B,2.6894962787628174,0.0,0.6041069626808167,0.36136627197265625,1.1531330347061157,53.24800109863281,0.27622589468955994
dfl_generated,dfl_evaluation_04,0.19858039915561676,11,PCC,C,2.690845251083374,0.0,0.5900751352310181,0.36136627197265625,1.1531330347061157,53.24800109863281,0.27622589468955994
dfl_generated,dfl_evaluation_04,0.19858039915561676,12,PCC,A,2.9484403133392334,0.0,0.6253423690795898,0.5383059978485107,1.1548280715942383,53.24800109863281,0.27348679304122925
dfl_generated,dfl_evaluation_04,0.19858039915561676,12,PCC,B,2.9497687816619873,0.0,0.6333046555519104,0.5383059978485107,1.1548280715942383,53.24800109863281,0.27348679304122925
dfl_generated,dfl_evaluation_04,0.19858039915561676,12,PCC,C,2.947465181350708,0.0,0.6183181405067444,0.5383059978485107,1.1548280715942383,53.24800109863281,0.27348679304122925
dfl_generated,dfl_evaluation_04,0.19858039915561676,13,PCC,A,3.0436251163482666,0.0,0.616636335849762,0.6031783223152161,1.1550862789154053,53.24800109863281,0.2727871537208557
dfl_generated,dfl_evaluation_04,0.19858039915561676,13,PCC,B,3.0451149940490723,0.0,0.5974244475364685,0.6031783223152161,1.1550862789154053,53.24800109863281,0.2727871537208557
dfl_generated,dfl_evaluation_04,0.19858039915561676,13,PCC,C,3.044703483581543,0.0,0.6080284118652344,0.6031783223152161,1.1550862789154053,53.24800109863281,0.2727871537208557
dfl_generated,dfl_evaluation_04,0.19858039915561676,14,PCC,A,3.1345720291137695,0.0,0.5625320672988892,0.6654155254364014,1.1544336080551147,53.24800109863281,0.27005141973495483
dfl_generated,dfl_evaluation_04,0.19858039915561676,14,PCC,B,3.138538122177124,0.0,0.5746933221817017,0.6654155254364014,1.1544336080551147,53.24800109863281,0.27005141973495483
dfl_generated,dfl_evaluation_04,0.19858039915561676,14,PCC,C,3.135648012161255,0.0,0.5740326642990112,0.6654155254364014,1.1544336080551147,53.24800109863281,0.27005141973495483
dfl_generated,dfl_evaluation_04,0.19858039915561676,15,PCC,A,2.923283100128174,0.0,0.42748963832855225,0.5210045576095581,1.1538653373718262,53.24800109863281,0.2666168510913849
dfl_generated,dfl_evaluation_04,0.19858039915561676,15,PCC,B,2.922797918319702,0.0,0.42624473571777344,0.5210045576095581,1.1538653373718262,53.24800109863281,0.2666168510913849
dfl_generated,dfl_evaluation_04,0.19858039915561676,15,PCC,C,2.920686721801758,0.0,0.41719383001327515,0.5210045576095581,1.1538653373718262,53.24800109863281,0.2666168510913849
dfl_generated,dfl_evaluation_04,0.19858039915561676,16,PCC,A,2.9811112880706787,0.0,0.2044505774974823,0.5631123185157776,1.1517688035964966,53.24800109863281,0.26069140434265137
dfl_generated,dfl_evaluation_04,0.19858039915561676,16,PCC,B,2.9831159114837646,0.0,0.20274686813354492,0.5631123185157776,1.1517688035964966,53.24800109863281,0.26069140434265137
dfl_generated,dfl_evaluation_04,0.19858039915561676,16,PCC,C,2.9826347827911377,0.0,0.2092169225215912,0.5631123185157776,1.1517688035964966,53.24800109863281,0.26069140434265137
dfl_generated,dfl_evaluation_04,0.19858039915561676,17,PCC,A,2.9116063117980957,0.0,0.0,0.5185338854789734,1.1508902311325073,53.24800109863281,0.2565840184688568
dfl_generated,dfl_evaluation_04,0.19858039915561676,17,PCC,B,2.912736177444458,0.0,0.0,0.5185338854789734,1.1508902311325073,53.24800109863281,0.2565840184688568
dfl_generated,dfl_evaluation_04,0.19858039915561676,17,PCC,C,2.9158599376678467,0.0,0.0,0.5185338854789734,1.1508902311325073,53.24800109863281,0.2565840184688568
dfl_generated,dfl_evaluation_04,0.19858039915561676,18,PCC,A,2.891399621963501,0.0,0.0,0.501911997795105,1.1509469747543335,53.24800109863281,0.25823211669921875
dfl_generated,dfl_evaluation_04,0.19858039915561676,18,PCC,B,2.890573501586914,0.0,0.0,0.501911997795105,1.1509469747543335,53.24800109863281,0.25823211669921875
dfl_generated,dfl_evaluation_04,0.19858039915561676,18,PCC,C,2.8917856216430664,0.0,0.0,0.501911997795105,1.1509469747543335,53.24800109863281,0.25823211669921875
dfl_generated,dfl_evaluation_04,0.19858039915561676,19,PCC,A,2.988060712814331,0.0,5.657365545630455e-05,0.5692486763000488,1.1504015922546387,53.24800109863281,0.2617473602294922
dfl_generated,dfl_evaluation_04,0.19858039915561676,19,PCC,B,2.986983299255371,0.0,0.0001982583198696375,0.5692486763000488,1.1504015922546387,53.24800109863281,0.2617473602294922
dfl_generated,dfl_evaluation_04,0.19858039915561676,19,PCC,C,2.9878063201904297,0.0,8.072331547737122e-05,0.5692486763000488,1.1504015922546387,53.24800109863281,0.2617473602294922
dfl_generated,dfl_evaluation_04,0.19858039915561676,20,PCC,A,2.8289501667022705,0.0,0.0,0.458400696516037,1.1514862775802612,53.24800109863281,0.26452624797821045
dfl_generated,dfl_evaluation_04,0.19858039915561676,20,PCC,B,2.829486131668091,0.0,0.0,0.458400696516037,1.1514862775802612,53.24800109863281,0.26452624797821045
dfl_generated,dfl_evaluation_04,0.19858039915561676,20,PCC,C,2.8300609588623047,0.0,1.8778084722725907e-06,0.458400696516037,1.1514862775802612,53.24800109863281,0.26452624797821045
dfl_generated,dfl_evaluation_04,0.19858039915561676,21,PCC,A,2.7439074516296387,0.0,1.3975462707094266e-06,0.39928483963012695,1.1515740156173706,53.24800109863281,0.2728983759880066
dfl_generated,dfl_evaluation_04,0.19858039915561676,21,PCC,B,2.744497776031494,0.0,0.0,0.39928483963012695,1.1515740156173706,53.24800109863281,0.2728983759880066
dfl_generated,dfl_evaluation_04,0.19858039915561676,21,PCC,C,2.7429652214050293,0.0,3.6343465126265073e-07,0.39928483963012695,1.1515740156173706,53.24800109863281,0.2728983759880066
dfl_generated,dfl_evaluation_04,0.19858039915561676,22,PCC,A,2.691843032836914,0.0,6.792224667151459e-07,0.3637107312679291,1.151881217956543,53.24800109863281,0.2811337113380432
dfl_generated,dfl_evaluation_04,0.19858039915561676,22,PCC,B,2.6928420066833496,0.0,0.0,0.3637107312679291,1.151881217956543,53.24800109863281,0.2811337113380432
dfl_generated,dfl_evaluation_04,0.19858039915561676,22,PCC,C,2.6928250789642334,0.0,0.0,0.3637107312679291,1.151881217956543,53.24800109863281,0.2811337113380432
dfl_generated,dfl_evaluation_04,0.19858039915561676,23,PCC,A,2.668105125427246,0.0,1.9169453935319325e-06,0.34759950637817383,1.151188611984253,53.24800109863281,0.2880687713623047
dfl_generated,dfl_evaluation_04,0.19858039915561676,23,PCC,B,2.669800043106079,0.0,9.669603286965867e-07,0.34759950637817383,1.151188611984253,53.24800109863281,0.2880687713623047
dfl_generated,dfl_evaluation_04,0.19858039915561676,23,PCC,C,2.6682519912719727,0.0,0.0,0.34759950637817383,1.151188611984253,53.24800109863281,0.2880687713623047
dfl_generated,dfl_evaluation_04,0.19858039915561676,24,PCC,A,2.592144012451172,0.0,0.0,0.29431068897247314,1.1507538557052612,53.24800109863281,0.2872162163257599
dfl_generated,dfl_evaluation_04,0.19858039915561676,24,PCC,B,2.592325448989868,0.0,0.0,0.29431068897247314,1.1507538557052612,53.24800109863281,0.2872162163257599
dfl_generated,dfl_evaluation_04,0.19858039915561676,24,PCC,C,2.5916032791137695,0.0,0.0,0.29431068897247314,1.1507538557052612,53.24800109863281,0.2872162163257599
dfl_generated,dfl_evaluation_04,0.19858039915561676,25,PCC,A,2.6263577938079834,0.0,0.0,0.3179371654987335,1.151010274887085,34.72425079345703,0.2862848937511444
dfl_generated,dfl_evaluation_04,0.19858039915561676,25,PCC,B,2.625563621520996,0.0,4.99989937452483e-07,0.3179371654987335,1.151010274887085,34.72425079345703,0.2862848937511444
dfl_generated,dfl_evaluation_04,0.19858039915561676,25,PCC,C,2.6266016960144043,0.0,0.0,0.3179371654987335,1.151010274887085,34.72425079345703,0.2862848937511444
dfl_generated,dfl_evaluation_04,0.19858039915561676,26,PCC,A,2.489946126937866,0.0,8.937556117416534e-07,0.2232462614774704,1.150848627090454,34.72425079345703,0.3040103018283844
dfl_generated,dfl_evaluation_04,0.19858039915561676,26,PCC,B,2.489169120788574,0.0,1.6579701878072228e-06,0.2232462614774704,1.150848627090454,34.72425079345703,0.3040103018283844
dfl_generated,dfl_evaluation_04,0.19858039915561676,26,PCC,C,2.489243984222412,0.0,0.0,0.2232462614774704,1.150848627090454,34.72425079345703,0.3040103018283844
dfl_generated,dfl_evaluation_04,0.19858039915561676,27,PCC,A,2.5471582412719727,0.0,1.953951141331345e-06,0.2633455991744995,1.1506266593933105,53.24800109863281,0.2980377972126007
dfl_generated,dfl_evaluation_04,0.19858039915561676,27,PCC,B,2.546201229095459,0.0,0.0,0.2633455991744995,1.1506266593933105,53.24800109863281,0.2980377972126007
dfl_generated,dfl_evaluation_04,0.19858039915561676,27,PCC,C,2.54701828956604,0.0,0.0,0.2633455991744995,1.1506266593933105,53.24800109863281,0.2980377972126007
dfl_generated,dfl_evaluation_04,0.19858039915561676,28,PCC,A,2.6077160835266113,0.0,1.8023542907030787e-06,0.3060445785522461,1.150694727897644,53.24800109863281,0.279847651720047
dfl_generated,dfl_evaluation_04,0.19858039915561676,28,PCC,B,2.608717679977417,0.0,1.154645360657014e-06,0.3060445785522461,1.150694727897644,53.24800109863281,0.279847651720047
dfl_generated,dfl_evaluation_04,0.19858039915561676,28,PCC,C,2.607612133026123,0.0,0.0,0.3060445785522461,1.150694727897644,53.24800109863281,0.279847651720047
dfl_generated,dfl_evaluation_04,0.19858039915561676,29,PCC,A,2.578627347946167,0.0,0.0,0.2850128710269928,1.1509846448898315,53.24800109863281,0.2687808573246002
dfl_generated,dfl_evaluation_04,0.19858039915561676,29,PCC,B,2.5790441036224365,0.0,0.0,0.2850128710269928,1.1509846448898315,53.24800109863281,0.2687808573246002
dfl_generated,dfl_evaluation_04,0.19858039915561676,29,PCC,C,2.5783705711364746,0.0,0.0,0.2850128710269928,1.1509846448898315,53.24800109863281,0.2687808573246002
dfl_generated,dfl_evaluation_04,0.19858039915561676,30,PCC,A,2.764808416366577,0.0,0.0,0.4131304621696472,1.1517707109451294,121.88175201416016,0.2662167251110077
dfl_generated,dfl_evaluation_04,0.19858039915561676,30,PCC,B,2.7645649909973145,0.0,0.0,0.4131304621696472,1.1517707109451294,121.88175201416016,0.2662167251110077
dfl_generated,dfl_evaluation_04,0.19858039915561676,30,PCC,C,2.7639951705932617,0.0,0.0,0.4131304621696472,1.1517707109451294,121.88175201416016,0.2662167251110077
dfl_generated,dfl_evaluation_04,0.19858039915561676,31,PCC,A,3.0169479846954346,0.0,0.025569185614585876,0.5887197852134705,1.1524147987365723,121.88175201416016,0.26041680574417114
dfl_generated,dfl_evaluation_04,0.19858039915561676,31,PCC,B,3.016592025756836,0.0,0.02690187096595764,0.5887197852134705,1.1524147987365723,121.88175201416016,0.26041680574417114
dfl_generated,dfl_evaluation_04,0.19858039915561676,31,PCC,C,3.015803337097168,0.0,0.02653747797012329,0.5887197852134705,1.1524147987365723,121.88175201416016,0.26041680574417114
dfl_generated,dfl_evaluation_04,0.19858039915561676,32,PCC,A,2.765061140060425,0.0,0.3512534201145172,0.41616514325141907,1.1514818668365479,121.88175201416016,0.23952963948249817
dfl_generated,dfl_evaluation_04,0.19858039915561676,32,PCC,B,2.768306255340576,0.0,0.34037259221076965,0.41616514325141907,1.1514818668365479,121.88175201416016,0.23952963948249817
dfl_generated,dfl_evaluation_04,0.19858039915561676,32,PCC,C,2.7683894634246826,0.0,0.3407636284828186,0.41616514325141907,1.1514818668365479,121.88175201416016,0.23952963948249817
dfl_generated,dfl_evaluation_04,0.19858039915561676,33,PCC,A,2.9079196453094482,0.0,0.6969418525695801,0.5137431621551514,1.1534026861190796,121.88175201416016,0.25950706005096436
dfl_generated,dfl_evaluation_04,0.19858039915561676,33,PCC,B,2.9107279777526855,0.0,0.6823412179946899,0.5137431621551514,1.1534026861190796,121.88175201416016,0.25950706005096436
dfl_generated,dfl_evaluation_04,0.19858039915561676,33,PCC,C,2.9106292724609375,0.0,0.6777037382125854,0.5137431621551514,1.1534026861190796,121.88175201416016,0.25950706005096436
dfl_generated,dfl_evaluation_04,0.19858039915561676,34,PCC,A,2.699017286300659,0.0,0.8312450051307678,0.3643687963485718,1.1535311937332153,53.24800109863281,0.2665333151817322
dfl_generated,dfl_evaluation_04,0.19858039915561676,34,PCC,B,2.700462818145752,0.0,0.8210022449493408,0.3643687963485718,1.1535311937332153,53.24800109863281,0.2665333151817322
dfl_generated,dfl_evaluation_04,0.19858039915561676,34,PCC,C,2.6987335681915283,0.0,0.8114748001098633,0.3643687963485718,1.1535311937332153,53.24800109863281,0.2665333151817322
dfl_generated,dfl_evaluation_04,0.19858039915561676,35,PCC,A,2.6951940059661865,0.0,0.919946014881134,0.36136627197265625,1.1557588577270508,53.24800109863281,0.2720290422439575
dfl_generated,dfl_evaluation_04,0.19858039915561676,35,PCC,B,2.6956708431243896,0.0,0.9200611710548401,0.36136627197265625,1.1557588577270508,53.24800109863281,0.2720290422439575
dfl_generated,dfl_evaluation_04,0.19858039915561676,35,PCC,C,2.699819803237915,0.0,0.9177649617195129,0.36136627197265625,1.1557588577270508,53.24800109863281,0.2720290422439575
dfl_generated,dfl_evaluation_04,0.19858039915561676,36,PCC,A,2.955732583999634,0.0,0.9915122985839844,0.5383059978485107,1.1553311347961426,34.72425079345703,0.27422624826431274
dfl_generated,dfl_evaluation_04,0.19858039915561676,36,PCC,B,2.9522364139556885,0.0,0.9882253408432007,0.5383059978485107,1.1553311347961426,34.72425079345703,0.27422624826431274
dfl_generated,dfl_evaluation_04,0.19858039915561676,36,PCC,C,2.9525716304779053,0.0,0.9674479961395264,0.5383059978485107,1.1553311347961426,34.72425079345703,0.27422624826431274
dfl_generated,dfl_evaluation_04,0.19858039915561676,37,PCC,A,3.0483498573303223,0.0,0.9598777294158936,0.6031783223152161,1.1564511060714722,34.72425079345703,0.2732131779193878
dfl_generated,dfl_evaluation_04,0.19858039915561676,37,PCC,B,3.042900562286377,0.0,0.9557979702949524,0.6031783223152161,1.1564511060714722,34.72425079345703,0.2732131779193878
dfl_generated,dfl_evaluation_04,0.19858039915561676,37,PCC,C,3.0457229614257812,0.0,0.9544900059700012,0.6031783223152161,1.1564511060714722,34.72425079345703,0.2732131779193878
dfl_generated,dfl_evaluation_04,0.19858039915561676,38,PCC,A,3.1407504081726074,0.0,0.7752280235290527,0.6654155254364014,1.1573710441589355,34.72425079345703,0.27253076434135437
dfl_generated,dfl_evaluation_04,0.19858039915561676,38,PCC,B,3.142110824584961,0.0,0.7736431360244751,0.6654155254364014,1.1573710441589355,34.72425079345703,0.27253076434135437
dfl_generated,dfl_evaluation_04,0.19858039915561676,38,PCC,C,3.139979362487793,0.0,0.7714610695838928,0.6654155254364014,1.1573710441589355,34.72425079345703,0.27253076434135437
dfl_generated,dfl_evaluation_04,0.19858039915561676,39,PCC,A,2.9282195568084717,0.0,0.6287071704864502,0.5210045576095581,1.1562941074371338,34.72425079345703,0.2691832482814789
dfl_generated,dfl_evaluation_04,0.19858039915561676,39,PCC,B,2.925144672393799,0.0,0.6337943077087402,0.5210045576095581,1.1562941074371338,34.72425079345703,0.2691832482814789
dfl_generated,dfl_evaluation_04,0.19858039915561676,39,PCC,C,2.9292070865631104,0.0,0.6439023017883301,0.5210045576095581,1.1562941074371338,34.72425079345703,0.2691832482814789
dfl_generated,dfl_evaluation_04,0.19858039915561676,40,PCC,A,2.985501289367676,0.0,0.30919981002807617,0.5631123185157776,1.153923511505127,53.24800109863281,0.26238998770713806
dfl_generated,dfl_evaluation_04,0.19858039915561676,40,PCC,B,2.9855308532714844,0.0,0.30646049976348877,0.5631123185157776,1.153923511505127,53.24800109863281,0.26238998770713806
dfl_generated,dfl_evaluation_04,0.19858039915561676,40,PCC,C,2.9847593307495117,0.0,0.31095901131629944,0.5631123185157776,1.153923511505127,53.24800109863281,0.26238998770713806
dfl_generated,dfl_evaluation_04,0.19858039915561676,41,PCC,A,2.917937755584717,0.0,0.008293166756629944,0.5185338854789734,1.1516774892807007,53.24800109863281,0.25407108664512634
dfl_generated,dfl_evaluation_04,0.19858039915561676,41,PCC,B,2.9181385040283203,0.0,0.009712651371955872,0.5185338854789734,1.1516774892807007,53.24800109863281,0.25407108664512634
dfl_generated,dfl_evaluation_04,0.19858039915561676,41,PCC,C,2.9161970615386963,0.0,0.009305611252784729,0.5185338854789734,1.1516774892807007,53.24800109863281,0.25407108664512634
dfl_generated,dfl_evaluation_04,0.19858039915561676,42,PCC,A,2.892239570617676,0.0,0.0,0.501911997795105,1.1513912677764893,53.24800109863281,0.24887196719646454
dfl_generated,dfl_evaluation_04,0.19858039915561676,42,PCC,B,2.891179084777832,0.0,0.0,0.501911997795105,1.1513912677764893,53.24800109863281,0.24887196719646454
dfl_generated,dfl_evaluation_04,0.19858039915561676,42,PCC,C,2.8911240100860596,0.0,0.0,0.501911997795105,1.1513912677764893,53.24800109863281,0.24887196719646454
dfl_generated,dfl_evaluation_04,0.19858039915561676,43,PCC,A,2.9882407188415527,0.0,0.0001380352769047022,0.5692486763000488,1.1514979600906372,53.24800109863281,0.2535995841026306
dfl_generated,dfl_evaluation_04,0.19858039915561676,43,PCC,B,2.9874207973480225,0.0,0.00013047875836491585,0.5692486763000488,1.1514979600906372,53.24800109863281,0.2535995841026306
dfl_generated,dfl_evaluation_04,0.19858039915561676,43,PCC,C,2.987863540649414,0.0,0.00015880970750004053,0.5692486763000488,1.1514979600906372,53.24800109863281,0.2535995841026306
dfl_generated,dfl_evaluation_04,0.19858039915561676,44,PCC,A,2.828644037246704,0.0,0.0,0.458400696516037,1.1512821912765503,53.24800109863281,0.25765061378479004
dfl_generated,dfl_evaluation_04,0.19858039915561676,44,PCC,B,2.828172445297241,0.0,0.0,0.458400696516037,1.1512821912765503,53.24800109863281,0.25765061378479004
dfl_generated,dfl_evaluation_04,0.19858039915561676,44,PCC,C,2.8283865451812744,0.0,0.0,0.458400696516037,1.1512821912765503,53.24800109863281,0.25765061378479004
dfl_generated,dfl_evaluation_04,0.19858039915561676,45,PCC,A,2.743149518966675,0.0,5.269885150482878e-07,0.39928483963012695,1.150815725326538,53.24800109863281,0.2592189311981201
dfl_generated,dfl_evaluation_04,0.19858039915561676,45,PCC,B,2.743060827255249,0.0,1.4224458482203772e-06,0.39928483963012695,1.150815725326538,53.24800109863281,0.2592189311981201
dfl_generated,dfl_evaluation_04,0.19858039915561676,45,PCC,C,2.74194073677063,0.0,0.0,0.39928483963012695,1.150815725326538,53.24800109863281,0.2592189311981201
dfl_generated,dfl_evaluation_04,0.19858039915561676,46,PCC,A,2.691723585128784,0.0,7.779895838666562e-09,0.3637107312679291,1.1508897542953491,53.24800109863281,0.27695661783218384
dfl_generated,dfl_evaluation_04,0.19858039915561676,46,PCC,B,2.690779685974121,0.0,2.6738530323200393e-07,0.3637107312679291,1.1508897542953491,53.24800109863281,0.27695661783218384
dfl_generated,dfl_evaluation_04,0.19858039915561676,46,PCC,C,2.6922447681427,0.0,4.1959884811149095e-07,0.3637107312679291,1.1508897542953491,53.24800109863281,0.27695661783218384
dfl_generated,dfl_evaluation_04,0.19858039915561676,47,PCC,A,2.667340040206909,0.0,0.0,0.34759950637817383,1.1504881381988525,53.24800109863281,0.28414711356163025
dfl_generated,dfl_evaluation_04,0.19858039915561676,47,PCC,B,2.6663057804107666,0.0,3.20778622153739e-06,0.34759950637817383,1.1504881381988525,53.24800109863281,0.28414711356163025
dfl_generated,dfl_evaluation_04,0.19858039915561676,47,PCC,C,2.667259693145752,0.0,2.738712282734923e-06,0.34759950637817383,1.1504881381988525,53.24800109863281,0.28414711356163025
dfl_generated,dfl_evaluation_05,0.19858039915561676,0,PCC,A,2.625518560409546,0.0,2.7511677558322845e-07,0.29431068897247314,1.1678564548492432,53.24800109863281,0.38375067710876465
dfl_generated,dfl_evaluation_05,0.19858039915561676,0,PCC,B,2.624314069747925,0.0,3.2527184430364287e-06,0.29431068897247314,1.1678564548492432,53.24800109863281,0.38375067710876465
dfl_generated,dfl_evaluation_05,0.19858039915561676,0,PCC,C,2.626572370529175,0.0,1.0295036645402433e-06,0.29431068897247314,1.1678564548492432,53.24800109863281,0.38375067710876465
dfl_generated,dfl_evaluation_05,0.19858039915561676,1,PCC,A,2.6557400226593018,0.0,1.5164893056862638e-06,0.3179371654987335,1.1639924049377441,34.72425079345703,0.34209635853767395
dfl_generated,dfl_evaluation_05,0.19858039915561676,1,PCC,B,2.6582257747650146,0.0,8.142158094415208e-07,0.3179371654987335,1.1639924049377441,34.72425079345703,0.34209635853767395
dfl_generated,dfl_evaluation_05,0.19858039915561676,1,PCC,C,2.650850772857666,0.0,4.612384145730175e-06,0.3179371654987335,1.1639924049377441,34.72425079345703,0.34209635853767395
dfl_generated,dfl_evaluation_05,0.19858039915561676,2,PCC,A,2.514796018600464,0.0,6.689517249469645e-06,0.2232462614774704,1.1640348434448242,34.72425079345703,0.38731464743614197
dfl_generated,dfl_evaluation_05,0.19858039915561676,2,PCC,B,2.513360023498535,0.0,0.0,0.2232462614774704,1.1640348434448242,34.72425079345703,0.38731464743614197
dfl_generated,dfl_evaluation_05,0.19858039915561676,2,PCC,C,2.5133578777313232,0.0,3.066350245717331e-06,0.2232462614774704,1.1640348434448242,34.72425079345703,0.38731464743614197
dfl_generated,dfl_evaluation_05,0.19858039915561676,3,PCC,A,2.570910692214966,0.0,1.1499651009216905e-06,0.2633455991744995,1.1616333723068237,34.72425079345703,0.3762083947658539
dfl_generated,dfl_evaluation_05,0.19858039915561676,3,PCC,B,2.56715989112854,0.0,8.029123819142114e-07,0.2633455991744995,1.1616333723068237,34.72425079345703,0.3762083947658539
dfl_generated,dfl_evaluation_05,0.19858039915561676,3,PCC,C,2.567911386489868,0.0,0.0,0.2633455991744995,1.1616333723068237,34.72425079345703,0.3762083947658539
dfl_generated,dfl_evaluation_05,0.19858039915561676,4,PCC,A,2.627230644226074,0.0,0.0,0.3060445785522461,1.160064697265625,34.72425079345703,0.40324825048446655
dfl_generated,dfl_evaluation_05,0.19858039915561676,4,PCC,B,2.6261494159698486,0.0,0.0,0.3060445785522461,1.160064697265625,34.72425079345703,0.40324825048446655
dfl_generated,dfl_evaluation_05,0.19858039915561676,4,PCC,C,2.6264536380767822,0.0,0.0,0.3060445785522461,1.160064697265625,34.72425079345703,0.40324825048446655
dfl_generated,dfl_evaluation_05,0.19858039915561676,5,PCC,A,2.597731113433838,0.0,0.0038924177642911673,0.2850128710269928,1.1620135307312012,34.72425079345703,0.4039630591869354
dfl_generated,dfl_evaluation_05,0.19858039915561676,5,PCC,B,2.600257635116577,0.0,0.004780887626111507,0.2850128710269928,1.1620135307312012,34.72425079345703,0.4039630591869354
dfl_generated,dfl_evaluation_05,0.19858039915561676,5,PCC,C,2.5992720127105713,0.0,0.0043800207786262035,0.2850128710269928,1.1620135307312012,34.72425079345703,0.4039630591869354
dfl_generated,dfl_evaluation_05,0.19858039915561676,6,PCC,A,2.8004090785980225,0.0,0.06209738552570343,0.4131304621696472,1.1675835847854614,53.24800109863281,0.37428250908851624
dfl_generated,dfl_evaluation_05,0.19858039915561676,6,PCC,B,2.7975754737854004,0.0,0.0659666508436203,0.4131304621696472,1.1675835847854614,53.24800109863281,0.37428250908851624
dfl_generated,dfl_evaluation_05,0.19858039915561676,6,PCC,C,2.795447826385498,0.0,0.06699668616056442,0.4131304621696472,1.1675835847854614,53.24800109863281,0.37428250908851624
dfl_generated,dfl_evaluation_05,0.19858039915561676,7,PCC,A,3.0790882110595703,0.0,0.29104673862457275,0.5887197852134705,1.177275538444519,53.24800109863281,0.35078150033950806
dfl_generated,dfl_evaluation_05,0.19858039915561676,7,PCC,B,3.0794827938079834,0.0,0.3099527955055237,0.5887197852134705,1.177275538444519,53.24800109863281,0.35078150033950806
dfl_generated,dfl_evaluation_05,0.19858039915561676,7,PCC,C,3.081716537475586,0.0,0.2733295261859894,0.5887197852134705,1.177275538444519,53.24800109863281,0.35078150033950806
dfl_generated,dfl_evaluation_05,0.19858039915561676,8,PCC,A,2.8516037464141846,0.0,0.6706597208976746,0.41616514325141907,1.1904748678207397,53.24800109863281,0.31159940361976624
dfl_generated,dfl_evaluation_05,0.19858039915561676,8,PCC,B,2.854121446609497,0.0,0.6934705972671509,0.41616514325141907,1.1904748678207397,53.24800109863281,0.31159940361976624
dfl_generated,dfl_evaluation_05,0.19858039915561676,8,PCC,C,2.8499324321746826,0.0,0.6788474321365356,0.41616514325141907,1.1904748678207397,53.24800109863281,0.31159940361976624
dfl_generated,dfl_evaluation_05,0.19858039915561676,9,PCC,A,3.0136852264404297,0.0,0.9691479206085205,0.5137431621551514,1.202133297920227,53.24800109863281,0.2811470031738281
dfl_generated,dfl_evaluation_05,0.19858039915561676,9,PCC,B,3.024655818939209,0.0,1.0018830299377441,0.5137431621551514,1.202133297920227,53.24800109863281,0.2811470031738281
dfl_generated,dfl_evaluation_05,0.19858039915561676,9,PCC,C,3.0313363075256348,0.0,0.9200746417045593,0.5137431621551514,1.202133297920227,53.24800109863281,0.2811470031738281
dfl_generated,dfl_evaluation_05,0.19858039915561676,10,PCC,A,2.8279523849487305,0.0,1.1573176383972168,0.3643687963485718,1.2116502523422241,53.24800109863281,0.30502334237098694
dfl_generated,dfl_evaluation_05,0.19858039915561676,10,PCC,B,2.8162786960601807,0.0,1.1311780214309692,0.3643687963485718,1.2116502523422241,53.24800109863281,0.30502334237098694
dfl_generated,dfl_evaluation_05,0.19858039915561676,10,PCC,C,2.819309711456299,0.0,1.1550438404083252,0.3643687963485718,1.2116502523422241,53.24800109863281,0.30502334237098694
dfl_generated,dfl_evaluation_05,0.19858039915561676,11,PCC,A,2.831084966659546,0.0,1.14461088180542,0.36136627197265625,1.2195162773132324,53.24800109863281,0.3466070294380188
dfl_generated,dfl_evaluation_05,0.19858039915561676,11,PCC,B,2.8258683681488037,0.0,1.1497483253479004,0.36136627197265625,1.2195162773132324,53.24800109863281,0.3466070294380188
dfl_generated,dfl_evaluation_05,0.19858039915561676,11,PCC,C,2.822622299194336,0.0,1.141701340675354,0.36136627197265625,1.2195162773132324,53.24800109863281,0.3466070294380188
dfl_generated,dfl_evaluation_05,0.19858039915561676,12,PCC,A,3.1139793395996094,0.0,1.165218710899353,0.5383059978485107,1.2255425453186035,53.24800109863281,0.3499468266963959
dfl_generated,dfl_evaluation_05,0.19858039915561676,12,PCC,B,3.1282644271850586,0.0,1.151419758796692,0.5383059978485107,1.2255425453186035,53.24800109863281,0.3499468266963959
dfl_generated,dfl_evaluation_05,0.19858039915561676,12,PCC,C,3.120406150817871,0.0,1.1202313899993896,0.5383059978485107,1.2255425453186035,53.24800109863281,0.3499468266963959
dfl_generated,dfl_evaluation_05,0.19858039915561676,13,PCC,A,3.2200071811676025,0.0,1.2254456281661987,0.6031783223152161,1.2231916189193726,53.24800109863281,0.34765246510505676
dfl_generated,dfl_evaluation_05,0.19858039915561676,13,PCC,B,3.225224018096924,0.0,1.1414662599563599,0.6031783223152161,1.2231916189193726,53.24800109863281,0.34765246510505676
dfl_generated,dfl_evaluation_05,0.19858039915561676,13,PCC,C,3.217005968093872,0.0,1.13641357421875,0.6031783223152161,1.2231916189193726,53.24800109863281,0.34765246510505676
dfl_generated,dfl_evaluation_05,0.19858039915561676,14,PCC,A,3.31195068359375,0.0,0.9504863023757935,0.6654155254364014,1.2260257005691528,53.24800109863281,0.3694036900997162
dfl_generated,dfl_evaluation_05,0.19858039915561676,14,PCC,B,3.3192973136901855,0.0,0.9792852401733398,0.6654155254364014,1.2260257005691528,53.24800109863281,0.3694036900997162
dfl_generated,dfl_evaluation_05,0.19858039915561676,14,PCC,C,3.3018393516540527,0.0,0.9614943861961365,0.6654155254364014,1.2260257005691528,53.24800109863281,0.3694036900997162
dfl_generated,dfl_evaluation_05,0.19858039915561676,15,PCC,A,3.083937168121338,0.0,0.7211613059043884,0.5210045576095581,1.2259514331817627,53.24800109863281,0.3730928301811218
dfl_generated,dfl_evaluation_05,0.19858039915561676,15,PCC,B,3.082798480987549,0.0,0.7280710935592651,0.5210045576095581,1.2259514331817627,53.24800109863281,0.3730928301811218
dfl_generated,dfl_evaluation_05,0.19858039915561676,15,PCC,C,3.078766107559204,0.0,0.7052913904190063,0.5210045576095581,1.2259514331817627,53.24800109863281,0.3730928301811218
dfl_generated,dfl_evaluation_05,0.19858039915561676,16,PCC,A,3.1416780948638916,0.0,0.4597460627555847,0.5631123185157776,1.2177491188049316,53.24800109863281,0.39783644676208496
dfl_generated,dfl_evaluation_05,0.19858039915561676,16,PCC,B,3.1329612731933594,0.0,0.42496511340141296,0.5631123185157776,1.2177491188049316,53.24800109863281,0.39783644676208496
dfl_generated,dfl_evaluation_05,0.19858039915561676,16,PCC,C,3.136551856994629,0.0,0.4545961320400238,0.5631123185157776,1.2177491188049316,53.24800109863281,0.39783644676208496
dfl_generated,dfl_evaluation_05,0.19858039915561676,17,PCC,A,3.0456840991973877,0.0,0.1878657191991806,0.5185338854789734,1.2097142934799194,53.24800109863281,0.4058283865451813
dfl_generated,dfl_evaluation_05,0.19858039915561676,17,PCC,B,3.0516321659088135,0.0,0.20122215151786804,0.5185338854789734,1.2097142934799194,53.24800109863281,0.4058283865451813
dfl_generated,dfl_evaluation_05,0.19858039915561676,17,PCC,C,3.052579879760742,0.0,0.20983222126960754,0.5185338854789734,1.2097142934799194,53.24800109863281,0.4058283865451813
dfl_generated,dfl_evaluation_05,0.19858039915561676,18,PCC,A,2.9951066970825195,0.0,0.07186487317085266,0.501911997795105,1.1963024139404297,121.88175201416016,0.38764432072639465
dfl_generated,dfl_evaluation_05,0.19858039915561676,18,PCC,B,2.9922142028808594,0.0,0.05704052746295929,0.501911997795105,1.1963024139404297,121.88175201416016,0.38764432072639465
dfl_generated,dfl_evaluation_05,0.19858039915561676,18,PCC,C,3.0029489994049072,0.0,0.06747808307409286,0.501911997795105,1.1963024139404297,121.88175201416016,0.38764432072639465
dfl_generated,dfl_evaluation_05,0.19858039915561676,19,PCC,A,3.0613200664520264,0.0,0.004590015392750502,0.5692486763000488,1.1822222471237183,121.88175201416016,0.38851678371429443
dfl_generated,dfl_evaluation_05,0.19858039915561676,19,PCC,B,3.065610885620117,0.0,0.004734471905976534,0.5692486763000488,1.1822222471237183,121.88175201416016,0.38851678371429443
dfl_generated,dfl_evaluation_05,0.19858039915561676,19,PCC,C,3.0649125576019287,0.0,0.004237322136759758,0.5692486763000488,1.1822222471237183,121.88175201416016,0.38851678371429443
dfl_generated,dfl_evaluation_05,0.19858039915561676,20,PCC,A,2.88946795463562,0.0,0.0,0.458400696516037,1.1760060787200928,121.88175201416016,0.38341692090034485
dfl_generated,dfl_evaluation_05,0.19858039915561676,20,PCC,B,2.8862836360931396,0.0,0.0,0.458400696516037,1.1760060787200928,121.88175201416016,0.38341692090034485
dfl_generated,dfl_evaluation_05,0.19858039915561676,20,PCC,C,2.88289475440979,0.0,0.0,0.458400696516037,1.1760060787200928,121.88175201416016,0.38341692090034485
dfl_generated,dfl_evaluation_05,0.19858039915561676,21,PCC,A,2.7912070751190186,0.0,0.0,0.39928483963012695,1.1724156141281128,53.24800109863281,0.39331555366516113
dfl_generated,dfl_evaluation_05,0.19858039915561676,21,PCC,B,2.792438507080078,0.0,0.0,0.39928483963012695,1.1724156141281128,53.24800109863281,0.39331555366516113
dfl_generated,dfl_evaluation_05,0.19858039915561676,21,PCC,C,2.788546085357666,0.0,0.0,0.39928483963012695,1.1724156141281128,53.24800109863281,0.39331555366516113
dfl_generated,dfl_evaluation_05,0.19858039915561676,22,PCC,A,2.730384588241577,0.0,0.0,0.3637107312679291,1.1707532405853271,53.24800109863281,0.3933732509613037
dfl_generated,dfl_evaluation_05,0.19858039915561676,22,PCC,B,2.728924036026001,0.0,0.0,0.3637107312679291,1.1707532405853271,53.24800109863281,0.3933732509613037
dfl_generated,dfl_evaluation_05,0.19858039915561676,22,PCC,C,2.727867841720581,0.0,4.8309084377251565e-06,0.3637107312679291,1.1707532405853271,53.24800109863281,0.3933732509613037
dfl_generated,dfl_evaluation_05,0.19858039915561676,23,PCC,A,2.6975347995758057,0.0,2.098196318911505e-06,0.34759950637817383,1.1665825843811035,53.24800109863281,0.39119207859039307
dfl_generated,dfl_evaluation_05,0.19858039915561676,23,PCC,B,2.703526258468628,0.0,8.572561455366667e-06,0.34759950637817383,1.1665825843811035,53.24800109863281,0.39119207859039307
dfl_generated,dfl_evaluation_05,0.19858039915561676,23,PCC,C,2.702558755874634,0.0,1.9841081666527316e-08,0.34759950637817383,1.1665825843811035,53.24800109863281,0.39119207859039307
dfl_generated,dfl_evaluation_05,0.19858039915561676,24,PCC,A,2.6194591522216797,0.0,0.0,0.29431068897247314,1.1658536195755005,53.24800109863281,0.3743080794811249
dfl_generated,dfl_evaluation_05,0.19858039915561676,24,PCC,B,2.6195943355560303,0.0,0.0,0.29431068897247314,1.1658536195755005,53.24800109863281,0.3743080794811249
dfl_generated,dfl_evaluation_05,0.19858039915561676,24,PCC,C,2.618345260620117,0.0,0.0,0.29431068897247314,1.1658536195755005,53.24800109863281,0.3743080794811249
dfl_generated,dfl_evaluation_05,0.19858039915561676,25,PCC,A,2.6511478424072266,0.0,0.0,0.3179371654987335,1.1639978885650635,34.72425079345703,0.40949150919914246
dfl_generated,dfl_evaluation_05,0.19858039915561676,25,PCC,B,2.6501142978668213,0.0,5.855779363628244e-06,0.3179371654987335,1.1639978885650635,34.72425079345703,0.40949150919914246
dfl_generated,dfl_evaluation_05,0.19858039915561676,25,PCC,C,2.6505026817321777,0.0,2.69576071332267e-06,0.3179371654987335,1.1639978885650635,34.72425079345703,0.40949150919914246
dfl_generated,dfl_evaluation_05,0.19858039915561676,26,PCC,A,2.507739782333374,0.0,2.774439508357318e-06,0.2232462614774704,1.1603533029556274,34.72425079345703,0.35188421607017517
dfl_generated,dfl_evaluation_05,0.19858039915561676,26,PCC,B,2.5062949657440186,0.0,2.9659411211468978e-06,0.2232462614774704,1.1603533029556274,34.72425079345703,0.35188421607017517
dfl_generated,dfl_evaluation_05,0.19858039915561676,26,PCC,C,2.5076446533203125,0.0,0.0,0.2232462614774704,1.1603533029556274,34.72425079345703,0.35188421607017517
dfl_generated,dfl_evaluation_05,0.19858039915561676,27,PCC,A,2.565563917160034,0.0,5.309021162247518e-06,0.2633455991744995,1.1601557731628418,34.72425079345703,0.3814765512943268
dfl_generated,dfl_evaluation_05,0.19858039915561676,27,PCC,B,2.563542366027832,0.0,4.3932831772508507e-07,0.2633455991744995,1.1601557731628418,34.72425079345703,0.3814765512943268
dfl_generated,dfl_evaluation_05,0.19858039915561676,27,PCC,C,2.563298225402832,0.0,0.0,0.2633455991744995,1.1601557731628418,34.72425079345703,0.3814765512943268
dfl_generated,dfl_evaluation_05,0.19858039915561676,28,PCC,A,2.6240530014038086,0.0,0.0,0.3060445785522461,1.1587550640106201,34.72425079345703,0.41853827238082886
dfl_generated,dfl_evaluation_05,0.19858039915561676,28,PCC,B,2.6274588108062744,0.0,4.313120598453679e-07,0.3060445785522461,1.1587550640106201,34.72425079345703,0.41853827238082886
dfl_generated,dfl_evaluation_05,0.19858039915561676,28,PCC,C,2.623981475830078,0.0,0.0,0.3060445785522461,1.1587550640106201,34.72425079345703,0.41853827238082886
dfl_generated,dfl_evaluation_05,0.19858039915561676,29,PCC,A,2.5940535068511963,0.0,0.003980428446084261,0.2850128710269928,1.1592421531677246,34.72425079345703,0.39210206270217896
dfl_generated,dfl_evaluation_05,0.19858039915561676,29,PCC,B,2.5956661701202393,0.0,0.0035338755697011948,0.2850128710269928,1.1592421531677246,34.72425079345703,0.39210206270217896
dfl_generated,dfl_evaluation_05,0.19858039915561676,29,PCC,C,2.594430446624756,0.0,0.003584817284718156,0.2850128710269928,1.1592421531677246,34.72425079345703,0.39210206270217896
dfl_generated,dfl_evaluation_05,0.19858039915561676,30,PCC,A,2.799469232559204,0.0,0.058022432029247284,0.4131304621696472,1.1657073497772217,53.24800109863281,0.3902146816253662
dfl_generated,dfl_evaluation_05,0.19858039915561676,30,PCC,B,2.794910192489624,0.0,0.05083819478750229,0.4131304621696472,1.1657073497772217,53.24800109863281,0.3902146816253662
dfl_generated,dfl_evaluation_05,0.19858039915561676,30,PCC,C,2.7946062088012695,0.0,0.05654451251029968,0.4131304621696472,1.1657073497772217,53.24800109863281,0.3902146816253662
dfl_generated,dfl_evaluation_05,0.19858039915561676,31,PCC,A,3.0775341987609863,0.0,0.23525145649909973,0.5887197852134705,1.177203893661499,53.24800109863281,0.3702147901058197
dfl_generated,dfl_evaluation_05,0.19858039915561676,31,PCC,B,3.079265832901001,0.0,0.24234187602996826,0.5887197852134705,1.177203893661499,53.24800109863281,0.3702147901058197
dfl_generated,dfl_evaluation_05,0.19858039915561676,31,PCC,C,3.074267864227295,0.0,0.23627178370952606,0.5887197852134705,1.177203893661499,53.24800109863281,0.3702147901058197
dfl_generated,dfl_evaluation_05,0.19858039915561676,32,PCC,A,2.8584377765655518,0.0,0.47773057222366333,0.41616514325141907,1.1879007816314697,53.24800109863281,0.3419157862663269
dfl_generated,dfl_evaluation_05,0.19858039915561676,32,PCC,B,2.8551628589630127,0.0,0.48622751235961914,0.41616514325141907,1.1879007816314697,53.24800109863281,0.3419157862663269
dfl_generated,dfl_evaluation_05,0.19858039915561676,32,PCC,C,2.858851671218872,0.0,0.4902838170528412,0.41616514325141907,1.1879007816314697,53.24800109863281,0.3419157862663269
dfl_generated,dfl_evaluation_05,0.19858039915561676,33,PCC,A,3.0230438709259033,0.0,0.5416821241378784,0.5137431621551514,1.199857473373413,53.24800109863281,0.3362170457839966
dfl_generated,dfl_evaluation_05,0.19858039915561676,33,PCC,B,3.019883632659912,0.0,0.5483472943305969,0.5137431621551514,1.199857473373413,53.24800109863281,0.3362170457839966
dfl_generated,dfl_evaluation_05,0.19858039915561676,33,PCC,C,3.027021884918213,0.0,0.51986163854599,0.5137431621551514,1.199857473373413,53.24800109863281,0.3362170457839966
dfl_generated,dfl_evaluation_05,0.19858039915561676,34,PCC,A,2.8118953704833984,0.0,0.6644430160522461,0.3643687963485718,1.209967851638794,53.24800109863281,0.3354487419128418
dfl_generated,dfl_evaluation_05,0.19858039915561676,34,PCC,B,2.8155667781829834,0.0,0.6236188411712646,0.3643687963485718,1.209967851638794,53.24800109863281,0.3354487419128418
dfl_generated,dfl_evaluation_05,0.19858039915561676,34,PCC,C,2.810793399810791,0.0,0.6603022813796997,0.3643687963485718,1.209967851638794,53.24800109863281,0.3354487419128418
dfl_generated,dfl_evaluation_05,0.19858039915561676,35,PCC,A,2.823338508605957,0.0,0.7540419101715088,0.36136627197265625,1.2151224613189697,53.24800109863281,0.3703330457210541
dfl_generated,dfl_evaluation_05,0.19858039915561676,35,PCC,B,2.8201751708984375,0.0,0.7022584676742554,0.36136627197265625,1.2151224613189697,53.24800109863281,0.3703330457210541
dfl_generated,dfl_evaluation_05,0.19858039915561676,35,PCC,C,2.8238425254821777,0.0,0.7585418224334717,0.36136627197265625,1.2151224613189697,53.24800109863281,0.3703330457210541
dfl_generated,dfl_evaluation_05,0.19858039915561676,36,PCC,A,3.110548973083496,0.0,0.717842698097229,0.5383059978485107,1.2172847986221313,53.24800109863281,0.384072482585907
dfl_generated,dfl_evaluation_05,0.19858039915561676,36,PCC,B,3.1113948822021484,0.0,0.7566237449645996,0.5383059978485107,1.2172847986221313,53.24800109863281,0.384072482585907
dfl_generated,dfl_evaluation_05,0.19858039915561676,36,PCC,C,3.1069626808166504,0.0,0.7243552207946777,0.5383059978485107,1.2172847986221313,53.24800109863281,0.384072482585907
dfl_generated,dfl_evaluation_05,0.19858039915561676,37,PCC,A,3.2139973640441895,0.0,0.6803236603736877,0.6031783223152161,1.2209186553955078,53.24800109863281,0.3819517493247986
dfl_generated,dfl_evaluation_05,0.19858039915561676,37,PCC,B,3.2048864364624023,0.0,0.7016757130622864,0.6031783223152161,1.2209186553955078,53.24800109863281,0.3819517493247986
dfl_generated,dfl_evaluation_05,0.19858039915561676,37,PCC,C,3.2166600227355957,0.0,0.7079653143882751,0.6031783223152161,1.2209186553955078,53.24800109863281,0.3819517493247986
dfl_generated,dfl_evaluation_05,0.19858039915561676,38,PCC,A,3.2942614555358887,0.0,0.6690742373466492,0.6654155254364014,1.2244534492492676,53.24800109863281,0.3777010440826416
dfl_generated,dfl_evaluation_05,0.19858039915561676,38,PCC,B,3.2953264713287354,0.0,0.6701667308807373,0.6654155254364014,1.2244534492492676,53.24800109863281,0.3777010440826416
dfl_generated,dfl_evaluation_05,0.19858039915561676,38,PCC,C,3.3011085987091064,0.0,0.6510900855064392,0.6654155254364014,1.2244534492492676,53.24800109863281,0.3777010440826416
dfl_generated,dfl_evaluation_05,0.19858039915561676,39,PCC,A,3.075073003768921,0.0,0.5247802734375,0.5210045576095581,1.2131922245025635,53.24800109863281,0.3999544382095337
dfl_generated,dfl_evaluation_05,0.19858039915561676,39,PCC,B,3.0694704055786133,0.0,0.46187824010849,0.5210045576095581,1.2131922245025635,53.24800109863281,0.3999544382095337
dfl_generated,dfl_evaluation_05,0.19858039915561676,39,PCC,C,3.081911563873291,0.0,0.5588392019271851,0.5210045576095581,1.2131922245025635,53.24800109863281,0.3999544382095337
dfl_generated,dfl_evaluation_05,0.19858039915561676,40,PCC,A,3.127835512161255,0.0,0.25997456908226013,0.5631123185157776,1.21393883228302,53.24800109863281,0.412576824426651
dfl_generated,dfl_evaluation_05,0.19858039915561676,40,PCC,B,3.136920928955078,0.0,0.22430133819580078,0.5631123185157776,1.21393883228302,53.24800109863281,0.412576824426651
dfl_generated,dfl_evaluation_05,0.19858039915561676,40,PCC,C,3.125779867172241,0.0,0.2600981295108795,0.5631123185157776,1.21393883228302,53.24800109863281,0.412576824426651
dfl_generated,dfl_evaluation_05,0.19858039915561676,41,PCC,A,3.0513088703155518,0.0,0.1622973084449768,0.5185338854789734,1.204886555671692,53.24800109863281,0.3962441086769104
dfl_generated,dfl_evaluation_05,0.19858039915561676,41,PCC,B,3.044520139694214,0.0,0.14798402786254883,0.5185338854789734,1.204886555671692,53.24800109863281,0.3962441086769104
dfl_generated,dfl_evaluation_05,0.19858039915561676,41,PCC,C,3.0426321029663086,0.0,0.14097031950950623,0.5185338854789734,1.204886555671692,53.24800109863281,0.3962441086769104
dfl_generated,dfl_evaluation_05,0.19858039915561676,42,PCC,A,2.988229274749756,0.0,0.057830482721328735,0.501911997795105,1.1922595500946045,121.88175201416016,0.40815871953964233
dfl_generated,dfl_evaluation_05,0.19858039915561676,42,PCC,B,2.977393865585327,0.0,0.05379629135131836,0.501911997795105,1.1922595500946045,121.88175201416016,0.40815871953964233
dfl_generated,dfl_evaluation_05,0.19858039915561676,42,PCC,C,2.9808907508850098,0.0,0.05932486057281494,0.501911997795105,1.1922595500946045,121.88175201416016,0.40815871953964233
dfl_generated,dfl_evaluation_05,0.19858039915561676,43,PCC,A,3.058732509613037,0.0,0.004018200561404228,0.5692486763000488,1.1818041801452637,121.88175201416016,0.3838721513748169
dfl_generated,dfl_evaluation_05,0.19858039915561676,43,PCC,B,3.0572195053100586,0.0,0.003860063850879669,0.5692486763000488,1.1818041801452637,121.88175201416016,0.3838721513748169
dfl_generated,dfl_evaluation_05,0.19858039915561676,43,PCC,C,3.06396484375,0.0,0.0036044467706233263,0.5692486763000488,1.1818041801452637,121.88175201416016,0.3838721513748169
dfl_generated,dfl_evaluation_05,0.19858039915561676,44,PCC,A,2.883549451828003,0.0,0.0,0.458400696516037,1.1760181188583374,121.88175201416016,0.3793121874332428
dfl_generated,dfl_evaluation_05,0.19858039915561676,44,PCC,B,2.889401435852051,0.0,0.0,0.458400696516037,1.1760181188583374,121.88175201416016,0.3793121874332428
dfl_generated,dfl_evaluation_05,0.19858039915561676,44,PCC,C,2.884986162185669,0.0,0.0,0.458400696516037,1.1760181188583374,121.88175201416016,0.3793121874332428
dfl_generated,dfl_evaluation_05,0.19858039915561676,45,PCC,A,2.790523052215576,0.0,0.0,0.39928483963012695,1.1743600368499756,53.24800109863281,0.38450345396995544
dfl_generated,dfl_evaluation_05,0.19858039915561676,45,PCC,B,2.7948782444000244,0.0,0.0,0.39928483963012695,1.1743600368499756,53.24800109863281,0.38450345396995544
dfl_generated,dfl_evaluation_05,0.19858039915561676,45,PCC,C,2.792511463165283,0.0,5.382475137594156e-06,0.39928483963012695,1.1743600368499756,53.24800109863281,0.38450345396995544
dfl_generated,dfl_evaluation_05,0.19858039915561676,46,PCC,A,2.7318122386932373,0.0,0.0,0.3637107312679291,1.172824501991272,53.24800109863281,0.3845413625240326
dfl_generated,dfl_evaluation_05,0.19858039915561676,46,PCC,B,2.735278844833374,0.0,0.0,0.3637107312679291,1.172824501991272,53.24800109863281,0.3845413625240326
dfl_generated,dfl_evaluation_05,0.19858039915561676,46,PCC,C,2.73514986038208,0.0,2.071405873493859e-07,0.3637107312679291,1.172824501991272,53.24800109863281,0.3845413625240326
dfl_generated,dfl_evaluation_05,0.19858039915561676,47,PCC,A,2.7058098316192627,0.0,5.311462246027077e-06,0.34759950637817383,1.167933464050293,53.24800109863281,0.37412041425704956
dfl_generated,dfl_evaluation_05,0.19858039915561676,47,PCC,B,2.7040019035339355,0.0,9.002219769627118e-08,0.34759950637817383,1.167933464050293,53.24800109863281,0.37412041425704956
dfl_generated,dfl_evaluation_05,0.19858039915561676,47,PCC,C,2.705317974090576,0.0,0.0,0.34759950637817383,1.167933464050293,53.24800109863281,0.37412041425704956
dfl_generated,dfl_evaluation_06,0.0023659924045205116,0,PCC,A,2.625188112258911,0.0,0.0,0.29431068897247314,1.1669044494628906,53.24800109863281,0.3256285488605499
dfl_generated,dfl_evaluation_06,0.0023659924045205116,0,PCC,B,2.624006509780884,0.0,2.666630962266936e-06,0.29431068897247314,1.1669044494628906,53.24800109863281,0.3256285488605499
dfl_generated,dfl_evaluation_06,0.0023659924045205116,0,PCC,C,2.6250977516174316,0.0,1.5555879144812934e-06,0.29431068897247314,1.1669044494628906,53.24800109863281,0.3256285488605499
dfl_generated,dfl_evaluation_06,0.0023659924045205116,1,PCC,A,2.6560707092285156,0.0,0.0,0.3179371654987335,1.165423035621643,53.24800109863281,0.3116973638534546
dfl_generated,dfl_evaluation_06,0.0023659924045205116,1,PCC,B,2.6530516147613525,0.0,0.0,0.3179371654987335,1.165423035621643,53.24800109863281,0.3116973638534546
dfl_generated,dfl_evaluation_06,0.0023659924045205116,1,PCC,C,2.65317964553833,0.0,0.0,0.3179371654987335,1.165423035621643,53.24800109863281,0.3116973638534546
dfl_generated,dfl_evaluation_06,0.0023659924045205116,2,PCC,A,2.5132129192352295,0.0,0.0,0.2232462614774704,1.1636643409729004,53.24800109863281,0.34180980920791626
dfl_generated,dfl_evaluation_06,0.0023659924045205116,2,PCC,B,2.5149312019348145,0.0,0.0,0.2232462614774704,1.1636643409729004,53.24800109863281,0.34180980920791626
dfl_generated,dfl_evaluation_06,0.0023659924045205116,2,PCC,C,2.513680934906006,0.0,0.0,0.2232462614774704,1.1636643409729004,53.24800109863281,0.34180980920791626
dfl_generated,dfl_evaluation_06,0.0023659924045205116,3,PCC,A,2.5685505867004395,0.0,1.7971976831177017e-06,0.2633455991744995,1.1623318195343018,53.24800109863281,0.32843706011772156
dfl_generated,dfl_evaluation_06,0.0023659924045205116,3,PCC,B,2.57051682472229,0.0,0.0,0.2633455991744995,1.1623318195343018,53.24800109863281,0.32843706011772156
dfl_generated,dfl_evaluation_06,0.0023659924045205116,3,PCC,C,2.5696215629577637,0.0,0.0,0.2633455991744995,1.1623318195343018,53.24800109863281,0.32843706011772156
dfl_generated,dfl_evaluation_06,0.0023659924045205116,4,PCC,A,2.6306443214416504,0.0,0.0,0.3060445785522461,1.1615103483200073,53.24800109863281,0.3201666474342346
dfl_generated,dfl_evaluation_06,0.0023659924045205116,4,PCC,B,2.6299126148223877,0.0,3.1914221381157404e-06,0.3060445785522461,1.1615103483200073,53.24800109863281,0.3201666474342346
dfl_generated,dfl_evaluation_06,0.0023659924045205116,4,PCC,C,2.6303317546844482,0.0,1.440665073459968e-06,0.3060445785522461,1.1615103483200073,53.24800109863281,0.3201666474342346
dfl_generated,dfl_evaluation_06,0.0023659924045205116,5,PCC,A,2.6020936965942383,0.0,0.005347088910639286,0.2850128710269928,1.1619007587432861,53.24800109863281,0.3162231743335724
dfl_generated,dfl_evaluation_06,0.0023659924045205116,5,PCC,B,2.601616859436035,0.0,0.004838890396058559,0.2850128710269928,1.1619007587432861,53.24800109863281,0.3162231743335724
dfl_generated,dfl_evaluation_06,0.0023659924045205116,5,PCC,C,2.6025137901306152,0.0,0.005193440709263086,0.2850128710269928,1.1619007587432861,53.24800109863281,0.3162231743335724
dfl_generated,dfl_evaluation_06,0.0023659924045205116,6,PCC,A,2.8055145740509033,0.0,0.0858640968799591,0.4131304621696472,1.1688803434371948,53.24800109863281,0.2951984107494354
dfl_generated,dfl_evaluation_06,0.0023659924045205116,6,PCC,B,2.8040480613708496,0.0,0.08806783705949783,0.4131304621696472,1.1688803434371948,53.24800109863281,0.2951984107494354
dfl_generated,dfl_evaluation_06,0.0023659924045205116,6,PCC,C,2.801905870437622,0.0,0.0876288115978241,0.4131304621696472,1.1688803434371948,53.24800109863281,0.2951984107494354
dfl_generated,dfl_evaluation_06,0.0023659924045205116,7,PCC,A,3.0879786014556885,0.0,0.24485501646995544,0.5887197852134705,1.180106520652771,53.24800109863281,0.3019818365573883
dfl_generated,dfl_evaluation_06,0.0023659924045205116,7,PCC,B,3.0886261463165283,0.0,0.24872726202011108,0.5887197852134705,1.180106520652771,53.24800109863281,0.3019818365573883
dfl_generated,dfl_evaluation_06,0.0023659924045205116,7,PCC,C,3.0887579917907715,0.0,0.24584226310253143,0.5887197852134705,1.180106520652771,53.24800109863281,0.3019818365573883
dfl_generated,dfl_evaluation_06,0.0023659924045205116,8,PCC,A,2.8549158573150635,0.0,0.4567373991012573,0.41616514325141907,1.1872097253799438,53.24800109863281,0.283216655254364
dfl_generated,dfl_evaluation_06,0.0023659924045205116,8,PCC,B,2.855149984359741,0.0,0.45228952169418335,0.41616514325141907,1.1872097253799438,53.24800109863281,0.283216655254364
dfl_generated,dfl_evaluation_06,0.0023659924045205116,8,PCC,C,2.8541345596313477,0.0,0.46254950761795044,0.41616514325141907,1.1872097253799438,53.24800109863281,0.283216655254364
dfl_generated,dfl_evaluation_06,0.0023659924045205116,9,PCC,A,3.0220372676849365,0.0,0.6726049184799194,0.5137431621551514,1.198331356048584,53.24800109863281,0.25437939167022705
dfl_generated,dfl_evaluation_06,0.0023659924045205116,9,PCC,B,3.014789581298828,0.0,0.7070906758308411,0.5137431621551514,1.198331356048584,53.24800109863281,0.25437939167022705
dfl_generated,dfl_evaluation_06,0.0023659924045205116,9,PCC,C,3.0133514404296875,0.0,0.6773633360862732,0.5137431621551514,1.198331356048584,53.24800109863281,0.25437939167022705
dfl_generated,dfl_evaluation_06,0.0023659924045205116,10,PCC,A,2.8096742630004883,0.0,0.7867844700813293,0.3643687963485718,1.205025315284729,53.24800109863281,0.26219144463539124
dfl_generated,dfl_evaluation_06,0.0023659924045205116,10,PCC,B,2.8060317039489746,0.0,0.784694492816925,0.3643687963485718,1.205025315284729,53.24800109863281,0.26219144463539124
dfl_generated,dfl_evaluation_06,0.0023659924045205116,10,PCC,C,2.806433916091919,0.0,0.7761464715003967,0.3643687963485718,1.205025315284729,53.24800109863281,0.26219144463539124
dfl_generated,dfl_evaluation_06,0.0023659924045205116,11,PCC,A,2.813849925994873,0.0,0.7476708292961121,0.36136627197265625,1.2117831707000732,53.24800109863281,0.2998272478580475
dfl_generated,dfl_evaluation_06,0.0023659924045205116,11,PCC,B,2.8185982704162598,0.0,0.7445942163467407,0.36136627197265625,1.2117831707000732,53.24800109863281,0.2998272478580475
dfl_generated,dfl_evaluation_06,0.0023659924045205116,11,PCC,C,2.8187851905822754,0.0,0.7503632307052612,0.36136627197265625,1.2117831707000732,53.24800109863281,0.2998272478580475
dfl_generated,dfl_evaluation_06,0.0023659924045205116,12,PCC,A,3.088844060897827,0.0,0.7184260487556458,0.5383059978485107,1.211538553237915,53.24800109863281,0.3087669312953949
dfl_generated,dfl_evaluation_06,0.0023659924045205116,12,PCC,B,3.0953547954559326,0.0,0.7334401607513428,0.5383059978485107,1.211538553237915,53.24800109863281,0.3087669312953949
dfl_generated,dfl_evaluation_06,0.0023659924045205116,12,PCC,C,3.0910568237304688,0.0,0.7367199063301086,0.5383059978485107,1.211538553237915,53.24800109863281,0.3087669312953949
dfl_generated,dfl_evaluation_06,0.0023659924045205116,13,PCC,A,3.1924664974212646,0.0,0.8026810884475708,0.6031783223152161,1.2117170095443726,53.24800109863281,0.3079046607017517
dfl_generated,dfl_evaluation_06,0.0023659924045205116,13,PCC,B,3.1875016689300537,0.0,0.7918714880943298,0.6031783223152161,1.2117170095443726,53.24800109863281,0.3079046607017517
dfl_generated,dfl_evaluation_06,0.0023659924045205116,13,PCC,C,3.1956820487976074,0.0,0.7916505932807922,0.6031783223152161,1.2117170095443726,53.24800109863281,0.3079046607017517
dfl_generated,dfl_evaluation_06,0.0023659924045205116,14,PCC,A,3.2772417068481445,0.0,0.6791927814483643,0.6654155254364014,1.2140181064605713,53.24800109863281,0.3065733313560486
dfl_generated,dfl_evaluation_06,0.0023659924045205116,14,PCC,B,3.2801566123962402,0.0,0.6496127843856812,0.6654155254364014,1.2140181064605713,53.24800109863281,0.3065733313560486
dfl_generated,dfl_evaluation_06,0.0023659924045205116,14,PCC,C,3.2812259197235107,0.0,0.7049132585525513,0.6654155254364014,1.2140181064605713,53.24800109863281,0.3065733313560486
dfl_generated,dfl_evaluation_06,0.0023659924045205116,15,PCC,A,3.061410665512085,0.0,0.5752174854278564,0.5210045576095581,1.211606502532959,53.24800109863281,0.29891401529312134
dfl_generated,dfl_evaluation_06,0.0023659924045205116,15,PCC,B,3.0582516193389893,0.0,0.5869405269622803,0.5210045576095581,1.211606502532959,53.24800109863281,0.29891401529312134
dfl_generated,dfl_evaluation_06,0.0023659924045205116,15,PCC,C,3.0548923015594482,0.0,0.5762037634849548,0.5210045576095581,1.211606502532959,53.24800109863281,0.29891401529312134
dfl_generated,dfl_evaluation_06,0.0023659924045205116,16,PCC,A,3.1083474159240723,0.0,0.428459495306015,0.5631123185157776,1.2048298120498657,53.24800109863281,0.31296664476394653
dfl_generated,dfl_evaluation_06,0.0023659924045205116,16,PCC,B,3.1139938831329346,0.0,0.42796337604522705,0.5631123185157776,1.2048298120498657,53.24800109863281,0.31296664476394653
dfl_generated,dfl_evaluation_06,0.0023659924045205116,16,PCC,C,3.109247922897339,0.0,0.41998302936553955,0.5631123185157776,1.2048298120498657,53.24800109863281,0.31296664476394653
dfl_generated,dfl_evaluation_06,0.0023659924045205116,17,PCC,A,3.0293002128601074,0.0,0.23704375326633453,0.5185338854789734,1.2001502513885498,53.24800109863281,0.3134247064590454
dfl_generated,dfl_evaluation_06,0.0023659924045205116,17,PCC,B,3.030869245529175,0.0,0.23944735527038574,0.5185338854789734,1.2001502513885498,53.24800109863281,0.3134247064590454
dfl_generated,dfl_evaluation_06,0.0023659924045205116,17,PCC,C,3.025500535964966,0.0,0.23670214414596558,0.5185338854789734,1.2001502513885498,53.24800109863281,0.3134247064590454
dfl_generated,dfl_evaluation_06,0.0023659924045205116,18,PCC,A,2.983839273452759,0.0,0.0844692587852478,0.501911997795105,1.19170081615448,53.24800109863281,0.30746331810951233
dfl_generated,dfl_evaluation_06,0.0023659924045205116,18,PCC,B,2.9871559143066406,0.0,0.08678730577230453,0.501911997795105,1.19170081615448,53.24800109863281,0.30746331810951233
dfl_generated,dfl_evaluation_06,0.0023659924045205116,18,PCC,C,2.9833927154541016,0.0,0.0823095515370369,0.501911997795105,1.19170081615448,53.24800109863281,0.30746331810951233
dfl_generated,dfl_evaluation_06,0.0023659924045205116,19,PCC,A,3.0611350536346436,0.0,0.004304106347262859,0.5692486763000488,1.1834993362426758,53.24800109863281,0.31197652220726013
dfl_generated,dfl_evaluation_06,0.0023659924045205116,19,PCC,B,3.0663743019104004,0.0,0.004366976208984852,0.5692486763000488,1.1834993362426758,53.24800109863281,0.31197652220726013
dfl_generated,dfl_evaluation_06,0.0023659924045205116,19,PCC,C,3.0656073093414307,0.0,0.004255045671015978,0.5692486763000488,1.1834993362426758,53.24800109863281,0.31197652220726013
dfl_generated,dfl_evaluation_06,0.0023659924045205116,20,PCC,A,2.8891050815582275,0.0,3.144282800349174e-06,0.458400696516037,1.1790035963058472,53.24800109863281,0.31669050455093384
dfl_generated,dfl_evaluation_06,0.0023659924045205116,20,PCC,B,2.889845132827759,0.0,2.5060166990442667e-06,0.458400696516037,1.1790035963058472,53.24800109863281,0.31669050455093384
dfl_generated,dfl_evaluation_06,0.0023659924045205116,20,PCC,C,2.8887531757354736,0.0,0.0,0.458400696516037,1.1790035963058472,53.24800109863281,0.31669050455093384
dfl_generated,dfl_evaluation_06,0.0023659924045205116,21,PCC,A,2.795944929122925,0.0,0.0,0.39928483963012695,1.1762274503707886,53.24800109863281,0.3109641969203949
dfl_generated,dfl_evaluation_06,0.0023659924045205116,21,PCC,B,2.8015875816345215,0.0,5.090486865810817e-06,0.39928483963012695,1.1762274503707886,53.24800109863281,0.3109641969203949
dfl_generated,dfl_evaluation_06,0.0023659924045205116,21,PCC,C,2.8010993003845215,0.0,0.0,0.39928483963012695,1.1762274503707886,53.24800109863281,0.3109641969203949
dfl_generated,dfl_evaluation_06,0.0023659924045205116,22,PCC,A,2.737257957458496,0.0,0.0,0.3637107312679291,1.1738803386688232,53.24800109863281,0.32639896869659424
dfl_generated,dfl_evaluation_06,0.0023659924045205116,22,PCC,B,2.740163564682007,0.0,3.721645043697208e-06,0.3637107312679291,1.1738803386688232,53.24800109863281,0.32639896869659424
dfl_generated,dfl_evaluation_06,0.0023659924045205116,22,PCC,C,2.7378549575805664,0.0,4.774011358676944e-06,0.3637107312679291,1.1738803386688232,53.24800109863281,0.32639896869659424
dfl_generated,dfl_evaluation_06,0.0023659924045205116,23,PCC,A,2.7114415168762207,0.0,1.2080372471245937e-06,0.34759950637817383,1.1716899871826172,53.24800109863281,0.3329917788505554
dfl_generated,dfl_evaluation_06,0.0023659924045205116,23,PCC,B,2.7118337154388428,0.0,2.0127017705817707e-06,0.34759950637817383,1.1716899871826172,53.24800109863281,0.3329917788505554
dfl_generated,dfl_evaluation_06,0.0023659924045205116,23,PCC,C,2.7121238708496094,0.0,1.9703229554579593e-06,0.34759950637817383,1.1716899871826172,53.24800109863281,0.3329917788505554
dfl_generated,dfl_evaluation_06,0.0023659924045205116,24,PCC,A,2.628995656967163,0.0,8.477582582600007e-07,0.29431068897247314,1.1688709259033203,53.24800109863281,0.32013535499572754
dfl_generated,dfl_evaluation_06,0.0023659924045205116,24,PCC,B,2.628157138824463,0.0,0.0,0.29431068897247314,1.1688709259033203,53.24800109863281,0.32013535499572754
dfl_generated,dfl_evaluation_06,0.0023659924045205116,24,PCC,C,2.6293766498565674,0.0,2.6280538349965354e-06,0.29431068897247314,1.1688709259033203,53.24800109863281,0.32013535499572754
dfl_generated,dfl_evaluation_06,0.0023659924045205116,25,PCC,A,2.659165143966675,0.0,0.0,0.3179371654987335,1.1665445566177368,53.24800109863281,0.3373347520828247
dfl_generated,dfl_evaluation_06,0.0023659924045205116,25,PCC,B,2.6589009761810303,0.0,0.0,0.3179371654987335,1.1665445566177368,53.24800109863281,0.3373347520828247
dfl_generated,dfl_evaluation_06,0.0023659924045205116,25,PCC,C,2.6582841873168945,0.0,0.0,0.3179371654987335,1.1665445566177368,53.24800109863281,0.3373347520828247
dfl_generated,dfl_evaluation_06,0.0023659924045205116,26,PCC,A,2.516883134841919,0.0,0.0,0.2232462614774704,1.165245532989502,53.24800109863281,0.32610103487968445
dfl_generated,dfl_evaluation_06,0.0023659924045205116,26,PCC,B,2.517167329788208,0.0,1.898485948004236e-06,0.2232462614774704,1.165245532989502,53.24800109863281,0.32610103487968445
dfl_generated,dfl_evaluation_06,0.0023659924045205116,26,PCC,C,2.5167956352233887,0.0,2.089732561216806e-06,0.2232462614774704,1.165245532989502,53.24800109863281,0.32610103487968445
dfl_generated,dfl_evaluation_06,0.0023659924045205116,27,PCC,A,2.570922613143921,0.0,0.0,0.2633455991744995,1.1627106666564941,53.24800109863281,0.3310805857181549
dfl_generated,dfl_evaluation_06,0.0023659924045205116,27,PCC,B,2.5725929737091064,0.0,0.0,0.2633455991744995,1.1627106666564941,53.24800109863281,0.3310805857181549
dfl_generated,dfl_evaluation_06,0.0023659924045205116,27,PCC,C,2.572122812271118,0.0,1.1811531521743746e-06,0.2633455991744995,1.1627106666564941,53.24800109863281,0.3310805857181549
dfl_generated,dfl_evaluation_06,0.0023659924045205116,28,PCC,A,2.633212089538574,0.0,0.0,0.3060445785522461,1.1624655723571777,53.24800109863281,0.3351358473300934
dfl_generated,dfl_evaluation_06,0.0023659924045205116,28,PCC,B,2.6319046020507812,0.0,5.847079478371597e-07,0.3060445785522461,1.1624655723571777,53.24800109863281,0.3351358473300934
dfl_generated,dfl_evaluation_06,0.0023659924045205116,28,PCC,C,2.6317639350891113,0.0,0.0,0.3060445785522461,1.1624655723571777,53.24800109863281,0.3351358473300934
dfl_generated,dfl_evaluation_06,0.0023659924045205116,29,PCC,A,2.6044347286224365,0.0,0.005139837972819805,0.2850128710269928,1.1640774011611938,53.24800109863281,0.31289100646972656
dfl_generated,dfl_evaluation_06,0.0023659924045205116,29,PCC,B,2.6048107147216797,0.0,0.005292817950248718,0.2850128710269928,1.1640774011611938,53.24800109863281,0.31289100646972656
dfl_generated,dfl_evaluation_06,0.0023659924045205116,29,PCC,C,2.6043403148651123,0.0,0.005287794396281242,0.2850128710269928,1.1640774011611938,53.24800109863281,0.31289100646972656
dfl_generated,dfl_evaluation_06,0.0023659924045205116,30,PCC,A,2.8061602115631104,0.0,0.08411774039268494,0.4131304621696472,1.1711863279342651,53.24800109863281,0.299104779958725
dfl_generated,dfl_evaluation_06,0.0023659924045205116,30,PCC,B,2.8052818775177,0.0,0.08206979185342789,0.4131304621696472,1.1711863279342651,53.24800109863281,0.299104779958725
dfl_generated,dfl_evaluation_06,0.0023659924045205116,30,PCC,C,2.8062689304351807,0.0,0.08315849304199219,0.4131304621696472,1.1711863279342651,53.24800109863281,0.299104779958725
dfl_generated,dfl_evaluation_06,0.0023659924045205116,31,PCC,A,3.087557077407837,0.0,0.26389962434768677,0.5887197852134705,1.1807637214660645,53.24800109863281,0.2873270511627197
dfl_generated,dfl_evaluation_06,0.0023659924045205116,31,PCC,B,3.0859832763671875,0.0,0.2623628079891205,0.5887197852134705,1.1807637214660645,53.24800109863281,0.2873270511627197
dfl_generated,dfl_evaluation_06,0.0023659924045205116,31,PCC,C,3.0857088565826416,0.0,0.26056385040283203,0.5887197852134705,1.1807637214660645,53.24800109863281,0.2873270511627197
dfl_generated,dfl_evaluation_06,0.0023659924045205116,32,PCC,A,2.84953236579895,0.0,0.4788293242454529,0.41616514325141907,1.1889994144439697,53.24800109863281,0.262941837310791
dfl_generated,dfl_evaluation_06,0.0023659924045205116,32,PCC,B,2.847057819366455,0.0,0.48663967847824097,0.41616514325141907,1.1889994144439697,53.24800109863281,0.262941837310791
dfl_generated,dfl_evaluation_06,0.0023659924045205116,32,PCC,C,2.8540537357330322,0.0,0.48852890729904175,0.41616514325141907,1.1889994144439697,53.24800109863281,0.262941837310791
dfl_generated,dfl_evaluation_06,0.0023659924045205116,33,PCC,A,3.0159988403320312,0.0,0.6118044853210449,0.5137431621551514,1.1943647861480713,53.24800109863281,0.27655547857284546
dfl_generated,dfl_evaluation_06,0.0023659924045205116,33,PCC,B,3.0166268348693848,0.0,0.6336534023284912,0.5137431621551514,1.1943647861480713,53.24800109863281,0.27655547857284546
dfl_generated,dfl_evaluation_06,0.0023659924045205116,33,PCC,C,3.013693332672119,0.0,0.6196891069412231,0.5137431621551514,1.1943647861480713,53.24800109863281,0.27655547857284546
dfl_generated,dfl_evaluation_06,0.0023659924045205116,34,PCC,A,2.8017356395721436,0.0,0.6592170000076294,0.3643687963485718,1.2001268863677979,53.24800109863281,0.28261834383010864
dfl_generated,dfl_evaluation_06,0.0023659924045205116,34,PCC,B,2.7996418476104736,0.0,0.6628286838531494,0.3643687963485718,1.2001268863677979,53.24800109863281,0.28261834383010864
dfl_generated,dfl_evaluation_06,0.0023659924045205116,34,PCC,C,2.8079233169555664,0.0,0.679995596408844,0.3643687963485718,1.2001268863677979,53.24800109863281,0.28261834383010864
dfl_generated,dfl_evaluation_06,0.0023659924045205116,35,PCC,A,2.8098344802856445,0.0,0.756423830986023,0.36136627197265625,1.2070728540420532,53.24800109863281,0.3055035173892975
dfl_generated,dfl_evaluation_06,0.0023659924045205116,35,PCC,B,2.80374813079834,0.0,0.780778706073761,0.36136627197265625,1.2070728540420532,53.24800109863281,0.3055035173892975
dfl_generated,dfl_evaluation_06,0.0023659924045205116,35,PCC,C,2.8078501224517822,0.0,0.7827813029289246,0.36136627197265625,1.2070728540420532,53.24800109863281,0.3055035173892975
dfl_generated,dfl_evaluation_06,0.0023659924045205116,36,PCC,A,3.0824148654937744,0.0,0.8433359861373901,0.5383059978485107,1.2102406024932861,53.24800109863281,0.31360533833503723
dfl_generated,dfl_evaluation_06,0.0023659924045205116,36,PCC,B,3.089262008666992,0.0,0.8390554785728455,0.5383059978485107,1.2102406024932861,53.24800109863281,0.31360533833503723
dfl_generated,dfl_evaluation_06,0.0023659924045205116,36,PCC,C,3.0870065689086914,0.0,0.8877666592597961,0.5383059978485107,1.2102406024932861,53.24800109863281,0.31360533833503723
dfl_generated,dfl_evaluation_06,0.0023659924045205116,37,PCC,A,3.182995557785034,0.0,0.8295819759368896,0.6031783223152161,1.2142341136932373,53.24800109863281,0.3123350739479065
dfl_generated,dfl_evaluation_06,0.0023659924045205116,37,PCC,B,3.1894969940185547,0.0,0.8063938617706299,0.6031783223152161,1.2142341136932373,53.24800109863281,0.3123350739479065
dfl_generated,dfl_evaluation_06,0.0023659924045205116,37,PCC,C,3.184175968170166,0.0,0.8285078406333923,0.6031783223152161,1.2142341136932373,53.24800109863281,0.3123350739479065
dfl_generated,dfl_evaluation_06,0.0023659924045205116,38,PCC,A,3.272520065307617,0.0,0.800432562828064,0.6654155254364014,1.214171051979065,53.24800109863281,0.3067444860935211
dfl_generated,dfl_evaluation_06,0.0023659924045205116,38,PCC,B,3.2780418395996094,0.0,0.8061719536781311,0.6654155254364014,1.214171051979065,53.24800109863281,0.3067444860935211
dfl_generated,dfl_evaluation_06,0.0023659924045205116,38,PCC,C,3.278374195098877,0.0,0.7801205515861511,0.6654155254364014,1.214171051979065,53.24800109863281,0.3067444860935211
dfl_generated,dfl_evaluation_06,0.0023659924045205116,39,PCC,A,3.054499864578247,0.0,0.7100985050201416,0.5210045576095581,1.2115310430526733,53.24800109863281,0.3151012063026428
dfl_generated,dfl_evaluation_06,0.0023659924045205116,39,PCC,B,3.061100959777832,0.0,0.6915417909622192,0.5210045576095581,1.2115310430526733,53.24800109863281,0.3151012063026428
dfl_generated,dfl_evaluation_06,0.0023659924045205116,39,PCC,C,3.0578482151031494,0.0,0.6917181611061096,0.5210045576095581,1.2115310430526733,53.24800109863281,0.3151012063026428
dfl_generated,dfl_evaluation_06,0.0023659924045205116,40,PCC,A,3.107915163040161,0.0,0.47397303581237793,0.5631123185157776,1.2066012620925903,53.24800109863281,0.3153204023838043
dfl_generated,dfl_evaluation_06,0.0023659924045205116,40,PCC,B,3.113691806793213,0.0,0.4922289550304413,0.5631123185157776,1.2066012620925903,53.24800109863281,0.3153204023838043
dfl_generated,dfl_evaluation_06,0.0023659924045205116,40,PCC,C,3.107975959777832,0.0,0.5050330758094788,0.5631123185157776,1.2066012620925903,53.24800109863281,0.3153204023838043
dfl_generated,dfl_evaluation_06,0.0023659924045205116,41,PCC,A,3.0332295894622803,0.0,0.2836686074733734,0.5185338854789734,1.2024097442626953,53.24800109863281,0.3171091675758362
dfl_generated,dfl_evaluation_06,0.0023659924045205116,41,PCC,B,3.0311930179595947,0.0,0.2677953243255615,0.5185338854789734,1.2024097442626953,53.24800109863281,0.3171091675758362
dfl_generated,dfl_evaluation_06,0.0023659924045205116,41,PCC,C,3.02846097946167,0.0,0.28712618350982666,0.5185338854789734,1.2024097442626953,53.24800109863281,0.3171091675758362
dfl_generated,dfl_evaluation_06,0.0023659924045205116,42,PCC,A,2.9856934547424316,0.0,0.08933684229850769,0.501911997795105,1.1920262575149536,53.24800109863281,0.3198014497756958
dfl_generated,dfl_evaluation_06,0.0023659924045205116,42,PCC,B,2.9831855297088623,0.0,0.09402494132518768,0.501911997795105,1.1920262575149536,53.24800109863281,0.3198014497756958
dfl_generated,dfl_evaluation_06,0.0023659924045205116,42,PCC,C,2.982248544692993,0.0,0.08894950151443481,0.501911997795105,1.1920262575149536,53.24800109863281,0.3198014497756958
dfl_generated,dfl_evaluation_06,0.0023659924045205116,43,PCC,A,3.0636191368103027,0.0,0.004496606066823006,0.5692486763000488,1.1821006536483765,53.24800109863281,0.3090377748012543
dfl_generated,dfl_evaluation_06,0.0023659924045205116,43,PCC,B,3.0592105388641357,0.0,0.004575125873088837,0.5692486763000488,1.1821006536483765,53.24800109863281,0.3090377748012543
dfl_generated,dfl_evaluation_06,0.0023659924045205116,43,PCC,C,3.0654377937316895,0.0,0.004321417771279812,0.5692486763000488,1.1821006536483765,53.24800109863281,0.3090377748012543
dfl_generated,dfl_evaluation_06,0.0023659924045205116,44,PCC,A,2.8882100582122803,0.0,0.0,0.458400696516037,1.1773360967636108,53.24800109863281,0.3078613579273224
dfl_generated,dfl_evaluation_06,0.0023659924045205116,44,PCC,B,2.8917977809906006,0.0,0.0,0.458400696516037,1.1773360967636108,53.24800109863281,0.3078613579273224
dfl_generated,dfl_evaluation_06,0.0023659924045205116,44,PCC,C,2.8868894577026367,0.0,0.0,0.458400696516037,1.1773360967636108,53.24800109863281,0.3078613579273224
dfl_generated,dfl_evaluation_06,0.0023659924045205116,45,PCC,A,2.79185152053833,0.0,5.14027249209903e-07,0.39928483963012695,1.175367832183838,53.24800109863281,0.31721705198287964
dfl_generated,dfl_evaluation_06,0.0023659924045205116,45,PCC,B,2.795125961303711,0.0,0.0,0.39928483963012695,1.175367832183838,53.24800109863281,0.31721705198287964
dfl_generated,dfl_evaluation_06,0.0023659924045205116,45,PCC,C,2.795236110687256,0.0,0.0,0.39928483963012695,1.175367832183838,53.24800109863281,0.31721705198287964
dfl_generated,dfl_evaluation_06,0.0023659924045205116,46,PCC,A,2.7357981204986572,0.0,0.0,0.3637107312679291,1.1723625659942627,53.24800109863281,0.31911078095436096
dfl_generated,dfl_evaluation_06,0.0023659924045205116,46,PCC,B,2.736937999725342,0.0,0.0,0.3637107312679291,1.1723625659942627,53.24800109863281,0.31911078095436096
dfl_generated,dfl_evaluation_06,0.0023659924045205116,46,PCC,C,2.736274242401123,0.0,0.0,0.3637107312679291,1.1723625659942627,53.24800109863281,0.31911078095436096
dfl_generated,dfl_evaluation_06,0.0023659924045205116,47,PCC,A,2.707949638366699,0.0,0.0,0.34759950637817383,1.1701481342315674,53.24800109863281,0.3182583153247833
dfl_generated,dfl_evaluation_06,0.0023659924045205116,47,PCC,B,2.7086551189422607,0.0,5.243457579240385e-08,0.34759950637817383,1.1701481342315674,53.24800109863281,0.3182583153247833
dfl_generated,dfl_evaluation_06,0.0023659924045205116,47,PCC,C,2.709177017211914,0.0,3.5768500765698263e-06,0.34759950637817383,1.1701481342315674,53.24800109863281,0.3182583153247833
dfl_generated,dfl_evaluation_07,0.19858039915561676,0,PCC,A,2.5982508659362793,0.0,3.746841059637518e-07,0.29431068897247314,1.1543042659759521,53.24800109863281,0.2549860179424286
dfl_generated,dfl_evaluation_07,0.19858039915561676,0,PCC,B,2.5981781482696533,0.0,0.0,0.29431068897247314,1.1543042659759521,53.24800109863281,0.2549860179424286
dfl_generated,dfl_evaluation_07,0.19858039915561676,0,PCC,C,2.598752021789551,0.0,0.0,0.29431068897247314,1.1543042659759521,53.24800109863281,0.2549860179424286
dfl_generated,dfl_evaluation_07,0.19858039915561676,1,PCC,A,2.631840705871582,0.0,0.0,0.3179371654987335,1.1547666788101196,34.72425079345703,0.26689738035202026
dfl_generated,dfl_evaluation_07,0.19858039915561676,1,PCC,B,2.6328961849212646,0.0,1.23405675367394e-06,0.3179371654987335,1.1547666788101196,34.72425079345703,0.26689738035202026
dfl_generated,dfl_evaluation_07,0.19858039915561676,1,PCC,C,2.632551670074463,0.0,9.792372566153063e-07,0.3179371654987335,1.1547666788101196,34.72425079345703,0.26689738035202026
dfl_generated,dfl_evaluation_07,0.19858039915561676,2,PCC,A,2.4952592849731445,0.0,1.3830587022312102e-06,0.2232462614774704,1.1549532413482666,34.72425079345703,0.25628662109375
dfl_generated,dfl_evaluation_07,0.19858039915561676,2,PCC,B,2.4956789016723633,0.0,2.5635654310462996e-06,0.2232462614774704,1.1549532413482666,34.72425079345703,0.25628662109375
dfl_generated,dfl_evaluation_07,0.19858039915561676,2,PCC,C,2.495105028152466,0.0,0.0,0.2232462614774704,1.1549532413482666,34.72425079345703,0.25628662109375
dfl_generated,dfl_evaluation_07,0.19858039915561676,3,PCC,A,2.55336594581604,0.0,9.884595328912837e-07,0.2633455991744995,1.1534503698349,53.24800109863281,0.2639683187007904
dfl_generated,dfl_evaluation_07,0.19858039915561676,3,PCC,B,2.554232120513916,0.0,3.847997504635714e-06,0.2633455991744995,1.1534503698349,53.24800109863281,0.2639683187007904
dfl_generated,dfl_evaluation_07,0.19858039915561676,3,PCC,C,2.552929162979126,0.0,2.0864163161604665e-06,0.2633455991744995,1.1534503698349,53.24800109863281,0.2639683187007904
dfl_generated,dfl_evaluation_07,0.19858039915561676,4,PCC,A,2.6156229972839355,0.0,0.0,0.3060445785522461,1.1543784141540527,53.24800109863281,0.24799570441246033
dfl_generated,dfl_evaluation_07,0.19858039915561676,4,PCC,B,2.615553140640259,0.0,0.0,0.3060445785522461,1.1543784141540527,53.24800109863281,0.24799570441246033
dfl_generated,dfl_evaluation_07,0.19858039915561676,4,PCC,C,2.6157758235931396,0.0,2.9215561880846508e-06,0.3060445785522461,1.1543784141540527,53.24800109863281,0.24799570441246033
dfl_generated,dfl_evaluation_07,0.19858039915561676,5,PCC,A,2.5851376056671143,0.0,0.0,0.2850128710269928,1.1534792184829712,53.24800109863281,0.25014162063598633
dfl_generated,dfl_evaluation_07,0.19858039915561676,5,PCC,B,2.585523843765259,0.0,0.0,0.2850128710269928,1.1534792184829712,53.24800109863281,0.25014162063598633
dfl_generated,dfl_evaluation_07,0.19858039915561676,5,PCC,C,2.5844473838806152,0.0,0.0,0.2850128710269928,1.1534792184829712,53.24800109863281,0.25014162063598633
dfl_generated,dfl_evaluation_07,0.19858039915561676,6,PCC,A,2.7690787315368652,0.0,0.0,0.4131304621696472,1.153400182723999,121.88175201416016,0.2499811351299286
dfl_generated,dfl_evaluation_07,0.19858039915561676,6,PCC,B,2.7675509452819824,0.0,0.0,0.4131304621696472,1.153400182723999,121.88175201416016,0.2499811351299286
dfl_generated,dfl_evaluation_07,0.19858039915561676,6,PCC,C,2.769319534301758,0.0,0.0,0.4131304621696472,1.153400182723999,121.88175201416016,0.2499811351299286
dfl_generated,dfl_evaluation_07,0.19858039915561676,7,PCC,A,3.0181503295898438,0.0,0.03280182182788849,0.5887197852134705,1.1510573625564575,121.88175201416016,0.25169095396995544
dfl_generated,dfl_evaluation_07,0.19858039915561676,7,PCC,B,3.0195112228393555,0.0,0.035149961709976196,0.5887197852134705,1.1510573625564575,121.88175201416016,0.25169095396995544
dfl_generated,dfl_evaluation_07,0.19858039915561676,7,PCC,C,3.0176312923431396,0.0,0.040033936500549316,0.5887197852134705,1.1510573625564575,121.88175201416016,0.25169095396995544
dfl_generated,dfl_evaluation_07,0.19858039915561676,8,PCC,A,2.7689266204833984,0.0,0.41836658120155334,0.41616514325141907,1.1498955488204956,121.88175201416016,0.2518804967403412
dfl_generated,dfl_evaluation_07,0.19858039915561676,8,PCC,B,2.7658536434173584,0.0,0.4052603542804718,0.41616514325141907,1.1498955488204956,121.88175201416016,0.2518804967403412
dfl_generated,dfl_evaluation_07,0.19858039915561676,8,PCC,C,2.768030881881714,0.0,0.39932411909103394,0.41616514325141907,1.1498955488204956,121.88175201416016,0.2518804967403412
dfl_generated,dfl_evaluation_07,0.19858039915561676,9,PCC,A,2.9088521003723145,0.0,0.7418988943099976,0.5137431621551514,1.1495455503463745,121.88175201416016,0.22084608674049377
dfl_generated,dfl_evaluation_07,0.19858039915561676,9,PCC,B,2.907803535461426,0.0,0.7598476409912109,0.5137431621551514,1.1495455503463745,121.88175201416016,0.22084608674049377
dfl_generated,dfl_evaluation_07,0.19858039915561676,9,PCC,C,2.9045464992523193,0.0,0.7753193974494934,0.5137431621551514,1.1495455503463745,121.88175201416016,0.22084608674049377
dfl_generated,dfl_evaluation_07,0.19858039915561676,10,PCC,A,2.6893362998962402,0.0,1.039715051651001,0.3643687963485718,1.150550127029419,53.24800109863281,0.25690773129463196
dfl_generated,dfl_evaluation_07,0.19858039915561676,10,PCC,B,2.689838171005249,0.0,1.0076370239257812,0.3643687963485718,1.150550127029419,53.24800109863281,0.25690773129463196
dfl_generated,dfl_evaluation_07,0.19858039915561676,10,PCC,C,2.6900343894958496,0.0,0.9950709342956543,0.3643687963485718,1.150550127029419,53.24800109863281,0.25690773129463196
dfl_generated,dfl_evaluation_07,0.19858039915561676,11,PCC,A,2.682084798812866,0.0,1.200183391571045,0.36136627197265625,1.1483715772628784,53.24800109863281,0.2616526782512665
dfl_generated,dfl_evaluation_07,0.19858039915561676,11,PCC,B,2.6862101554870605,0.0,1.1366610527038574,0.36136627197265625,1.1483715772628784,53.24800109863281,0.2616526782512665
dfl_generated,dfl_evaluation_07,0.19858039915561676,11,PCC,C,2.681640386581421,0.0,1.2023338079452515,0.36136627197265625,1.1483715772628784,53.24800109863281,0.2616526782512665
dfl_generated,dfl_evaluation_07,0.19858039915561676,12,PCC,A,2.94071626663208,0.0,1.2242472171783447,0.5383059978485107,1.1475220918655396,34.72425079345703,0.26784804463386536
dfl_generated,dfl_evaluation_07,0.19858039915561676,12,PCC,B,2.937697649002075,0.0,1.2611494064331055,0.5383059978485107,1.1475220918655396,34.72425079345703,0.26784804463386536
dfl_generated,dfl_evaluation_07,0.19858039915561676,12,PCC,C,2.9368515014648438,0.0,1.2185624837875366,0.5383059978485107,1.1475220918655396,34.72425079345703,0.26784804463386536
dfl_generated,dfl_evaluation_07,0.19858039915561676,13,PCC,A,3.0269458293914795,0.0,1.1573654413223267,0.6031783223152161,1.1470388174057007,34.72425079345703,0.26701870560646057
dfl_generated,dfl_evaluation_07,0.19858039915561676,13,PCC,B,3.0166995525360107,0.0,1.1460589170455933,0.6031783223152161,1.1470388174057007,34.72425079345703,0.26701870560646057
dfl_generated,dfl_evaluation_07,0.19858039915561676,13,PCC,C,3.025038957595825,0.0,1.1597545146942139,0.6031783223152161,1.1470388174057007,34.72425079345703,0.26701870560646057
dfl_generated,dfl_evaluation_07,0.19858039915561676,14,PCC,A,3.1191396713256836,0.0,1.020963191986084,0.6654155254364014,1.1481633186340332,34.72425079345703,0.2653709948062897
dfl_generated,dfl_evaluation_07,0.19858039915561676,14,PCC,B,3.109774351119995,0.0,1.0195276737213135,0.6654155254364014,1.1481633186340332,34.72425079345703,0.2653709948062897
dfl_generated,dfl_evaluation_07,0.19858039915561676,14,PCC,C,3.119992256164551,0.0,1.0395032167434692,0.6654155254364014,1.1481633186340332,34.72425079345703,0.2653709948062897
dfl_generated,dfl_evaluation_07,0.19858039915561676,15,PCC,A,2.905470132827759,0.0,0.7601737380027771,0.5210045576095581,1.1445006132125854,34.72425079345703,0.2522766590118408
dfl_generated,dfl_evaluation_07,0.19858039915561676,15,PCC,B,2.9104223251342773,0.0,0.7602759003639221,0.5210045576095581,1.1445006132125854,34.72425079345703,0.2522766590118408
dfl_generated,dfl_evaluation_07,0.19858039915561676,15,PCC,C,2.9054346084594727,0.0,0.7533980011940002,0.5210045576095581,1.1445006132125854,34.72425079345703,0.2522766590118408
dfl_generated,dfl_evaluation_07,0.19858039915561676,16,PCC,A,2.9604074954986572,0.0,0.414337158203125,0.5631123185157776,1.1435922384262085,53.24800109863281,0.23965705931186676
dfl_generated,dfl_evaluation_07,0.19858039915561676,16,PCC,B,2.963899612426758,0.0,0.42923209071159363,0.5631123185157776,1.1435922384262085,53.24800109863281,0.23965705931186676
dfl_generated,dfl_evaluation_07,0.19858039915561676,16,PCC,C,2.962660074234009,0.0,0.4217590391635895,0.5631123185157776,1.1435922384262085,53.24800109863281,0.23965705931186676
dfl_generated,dfl_evaluation_07,0.19858039915561676,17,PCC,A,2.903719663619995,0.0,0.03187824785709381,0.5185338854789734,1.1476942300796509,53.24800109863281,0.23607484996318817
dfl_generated,dfl_evaluation_07,0.19858039915561676,17,PCC,B,2.901883125305176,0.0,0.0437023863196373,0.5185338854789734,1.1476942300796509,53.24800109863281,0.23607484996318817
dfl_generated,dfl_evaluation_07,0.19858039915561676,17,PCC,C,2.9019393920898438,0.0,0.034699827432632446,0.5185338854789734,1.1476942300796509,53.24800109863281,0.23607484996318817
dfl_generated,dfl_evaluation_07,0.19858039915561676,18,PCC,A,2.881939649581909,0.0,0.0,0.501911997795105,1.1474559307098389,53.24800109863281,0.23157519102096558
dfl_generated,dfl_evaluation_07,0.19858039915561676,18,PCC,B,2.8826777935028076,0.0,0.0,0.501911997795105,1.1474559307098389,53.24800109863281,0.23157519102096558
dfl_generated,dfl_evaluation_07,0.19858039915561676,18,PCC,C,2.8826873302459717,0.0,0.0,0.501911997795105,1.1474559307098389,53.24800109863281,0.23157519102096558
dfl_generated,dfl_evaluation_07,0.19858039915561676,19,PCC,A,2.984828233718872,0.0,0.0,0.5692486763000488,1.148315191268921,53.24800109863281,0.23349831998348236
dfl_generated,dfl_evaluation_07,0.19858039915561676,19,PCC,B,2.982177495956421,0.0,0.0,0.5692486763000488,1.148315191268921,53.24800109863281,0.23349831998348236
dfl_generated,dfl_evaluation_07,0.19858039915561676,19,PCC,C,2.9861948490142822,0.0,0.0,0.5692486763000488,1.148315191268921,53.24800109863281,0.23349831998348236
dfl_generated,dfl_evaluation_07,0.19858039915561676,20,PCC,A,2.8245110511779785,0.0,3.0454186799033778e-06,0.458400696516037,1.1494253873825073,53.24800109863281,0.23519879579544067
dfl_generated,dfl_evaluation_07,0.19858039915561676,20,PCC,B,2.8262481689453125,0.0,2.996745251948596e-06,0.458400696516037,1.1494253873825073,53.24800109863281,0.23519879579544067
dfl_generated,dfl_evaluation_07,0.19858039915561676,20,PCC,C,2.826401472091675,0.0,2.6874361083173426e-06,0.458400696516037,1.1494253873825073,53.24800109863281,0.23519879579544067
dfl_generated,dfl_evaluation_07,0.19858039915561676,21,PCC,A,2.7408499717712402,0.0,3.504245341900969e-06,0.39928483963012695,1.1505707502365112,53.24800109863281,0.23415717482566833
dfl_generated,dfl_evaluation_07,0.19858039915561676,21,PCC,B,2.743680477142334,0.0,1.7912391285790363e-06,0.39928483963012695,1.1505707502365112,53.24800109863281,0.23415717482566833
dfl_generated,dfl_evaluation_07,0.19858039915561676,21,PCC,C,2.7407500743865967,0.0,2.8770027711289003e-06,0.39928483963012695,1.1505707502365112,53.24800109863281,0.23415717482566833
dfl_generated,dfl_evaluation_07,0.19858039915561676,22,PCC,A,2.6924917697906494,0.0,2.9924076443421654e-06,0.3637107312679291,1.1502926349639893,53.24800109863281,0.24618124961853027
dfl_generated,dfl_evaluation_07,0.19858039915561676,22,PCC,B,2.692112445831299,0.0,0.0,0.3637107312679291,1.1502926349639893,53.24800109863281,0.24618124961853027
dfl_generated,dfl_evaluation_07,0.19858039915561676,22,PCC,C,2.690438985824585,0.0,3.4291690553800436e-06,0.3637107312679291,1.1502926349639893,53.24800109863281,0.24618124961853027
dfl_generated,dfl_evaluation_07,0.19858039915561676,23,PCC,A,2.668203353881836,0.0,3.645410970420926e-06,0.34759950637817383,1.1514313220977783,53.24800109863281,0.25212085247039795
dfl_generated,dfl_evaluation_07,0.19858039915561676,23,PCC,B,2.6695878505706787,0.0,0.0,0.34759950637817383,1.1514313220977783,53.24800109863281,0.25212085247039795
dfl_generated,dfl_evaluation_07,0.19858039915561676,23,PCC,C,2.6694464683532715,0.0,0.0,0.34759950637817383,1.1514313220977783,53.24800109863281,0.25212085247039795
dfl_generated,dfl_evaluation_07,0.19858039915561676,24,PCC,A,2.592366933822632,0.0,0.0,0.29431068897247314,1.1516057252883911,53.24800109863281,0.26740023493766785
dfl_generated,dfl_evaluation_07,0.19858039915561676,24,PCC,B,2.593466281890869,0.0,0.0,0.29431068897247314,1.1516057252883911,53.24800109863281,0.26740023493766785
dfl_generated,dfl_evaluation_07,0.19858039915561676,24,PCC,C,2.5927157402038574,0.0,0.0,0.29431068897247314,1.1516057252883911,53.24800109863281,0.26740023493766785
dfl_generated,dfl_evaluation_07,0.19858039915561676,25,PCC,A,2.628404378890991,0.0,2.4579633191024186e-06,0.3179371654987335,1.1513925790786743,34.72425079345703,0.253468781709671
dfl_generated,dfl_evaluation_07,0.19858039915561676,25,PCC,B,2.628082275390625,0.0,0.0,0.3179371654987335,1.1513925790786743,34.72425079345703,0.253468781709671
dfl_generated,dfl_evaluation_07,0.19858039915561676,25,PCC,C,2.6264123916625977,0.0,9.803011380427051e-07,0.3179371654987335,1.1513925790786743,34.72425079345703,0.253468781709671
dfl_generated,dfl_evaluation_07,0.19858039915561676,26,PCC,A,2.490870952606201,0.0,2.349549276914331e-06,0.2232462614774704,1.1523563861846924,34.72425079345703,0.2899107336997986
dfl_generated,dfl_evaluation_07,0.19858039915561676,26,PCC,B,2.4919626712799072,0.0,1.3789946251563379e-06,0.2232462614774704,1.1523563861846924,34.72425079345703,0.2899107336997986
dfl_generated,dfl_evaluation_07,0.19858039915561676,26,PCC,C,2.490654945373535,0.0,6.282998015194607e-07,0.2232462614774704,1.1523563861846924,34.72425079345703,0.2899107336997986
dfl_generated,dfl_evaluation_07,0.19858039915561676,27,PCC,A,2.5488550662994385,0.0,4.6929642394388793e-07,0.2633455991744995,1.1517138481140137,53.24800109863281,0.27235692739486694
dfl_generated,dfl_evaluation_07,0.19858039915561676,27,PCC,B,2.5488522052764893,0.0,0.0,0.2633455991744995,1.1517138481140137,53.24800109863281,0.27235692739486694
dfl_generated,dfl_evaluation_07,0.19858039915561676,27,PCC,C,2.548780679702759,0.0,4.279662334738532e-06,0.2633455991744995,1.1517138481140137,53.24800109863281,0.27235692739486694
dfl_generated,dfl_evaluation_07,0.19858039915561676,28,PCC,A,2.611170530319214,0.0,0.0,0.3060445785522461,1.1519114971160889,53.24800109863281,0.25183480978012085
dfl_generated,dfl_evaluation_07,0.19858039915561676,28,PCC,B,2.609703540802002,0.0,0.0,0.3060445785522461,1.1519114971160889,53.24800109863281,0.25183480978012085
dfl_generated,dfl_evaluation_07,0.19858039915561676,28,PCC,C,2.6100738048553467,0.0,0.0,0.3060445785522461,1.1519114971160889,53.24800109863281,0.25183480978012085
dfl_generated,dfl_evaluation_07,0.19858039915561676,29,PCC,A,2.5801284313201904,0.0,0.0,0.2850128710269928,1.1519715785980225,53.24800109863281,0.24968285858631134
dfl_generated,dfl_evaluation_07,0.19858039915561676,29,PCC,B,2.5795531272888184,0.0,0.0,0.2850128710269928,1.1519715785980225,53.24800109863281,0.24968285858631134
dfl_generated,dfl_evaluation_07,0.19858039915561676,29,PCC,C,2.580810070037842,0.0,0.0,0.2850128710269928,1.1519715785980225,53.24800109863281,0.24968285858631134
dfl_generated,dfl_evaluation_07,0.19858039915561676,30,PCC,A,2.7609097957611084,0.0,0.0,0.4131304621696472,1.1512678861618042,121.88175201416016,0.2470501959323883
dfl_generated,dfl_evaluation_07,0.19858039915561676,30,PCC,B,2.762953758239746,0.0,0.0,0.4131304621696472,1.1512678861618042,121.88175201416016,0.2470501959323883
dfl_generated,dfl_evaluation_07,0.19858039915561676,30,PCC,C,2.76383376121521,0.0,0.0,0.4131304621696472,1.1512678861618042,121.88175201416016,0.2470501959323883
dfl_generated,dfl_evaluation_07,0.19858039915561676,31,PCC,A,3.0091118812561035,0.0,0.0709909200668335,0.5887197852134705,1.1487444639205933,121.88175201416016,0.2419133186340332
dfl_generated,dfl_evaluation_07,0.19858039915561676,31,PCC,B,3.010105848312378,0.0,0.072517029941082,0.5887197852134705,1.1487444639205933,121.88175201416016,0.2419133186340332
dfl_generated,dfl_evaluation_07,0.19858039915561676,31,PCC,C,3.0112669467926025,0.0,0.08112016320228577,0.5887197852134705,1.1487444639205933,121.88175201416016,0.2419133186340332
dfl_generated,dfl_evaluation_07,0.19858039915561676,32,PCC,A,2.754441499710083,0.0,0.5001620054244995,0.41616514325141907,1.1469439268112183,121.88175201416016,0.20854853093624115
dfl_generated,dfl_evaluation_07,0.19858039915561676,32,PCC,B,2.7609379291534424,0.0,0.4984598457813263,0.41616514325141907,1.1469439268112183,121.88175201416016,0.20854853093624115
dfl_generated,dfl_evaluation_07,0.19858039915561676,32,PCC,C,2.7589826583862305,0.0,0.5055298805236816,0.41616514325141907,1.1469439268112183,121.88175201416016,0.20854853093624115
dfl_generated,dfl_evaluation_07,0.19858039915561676,33,PCC,A,2.893704652786255,0.0,0.9108880758285522,0.5137431621551514,1.1478263139724731,121.88175201416016,0.24499492347240448
dfl_generated,dfl_evaluation_07,0.19858039915561676,33,PCC,B,2.899765968322754,0.0,0.9138692617416382,0.5137431621551514,1.1478263139724731,121.88175201416016,0.24499492347240448
dfl_generated,dfl_evaluation_07,0.19858039915561676,33,PCC,C,2.895075559616089,0.0,0.8912080526351929,0.5137431621551514,1.1478263139724731,121.88175201416016,0.24499492347240448
dfl_generated,dfl_evaluation_07,0.19858039915561676,34,PCC,A,2.6782851219177246,0.0,1.1587276458740234,0.3643687963485718,1.144364356994629,53.24800109863281,0.25391530990600586
dfl_generated,dfl_evaluation_07,0.19858039915561676,34,PCC,B,2.6778697967529297,0.0,1.1766712665557861,0.3643687963485718,1.144364356994629,53.24800109863281,0.25391530990600586
dfl_generated,dfl_evaluation_07,0.19858039915561676,34,PCC,C,2.6725778579711914,0.0,1.1840651035308838,0.3643687963485718,1.144364356994629,53.24800109863281,0.25391530990600586
dfl_generated,dfl_evaluation_07,0.19858039915561676,35,PCC,A,2.66866397857666,0.0,1.2954927682876587,0.36136627197265625,1.1418830156326294,53.24800109863281,0.26072150468826294
dfl_generated,dfl_evaluation_07,0.19858039915561676,35,PCC,B,2.6643283367156982,0.0,1.2988139390945435,0.36136627197265625,1.1418830156326294,53.24800109863281,0.26072150468826294
dfl_generated,dfl_evaluation_07,0.19858039915561676,35,PCC,C,2.6666622161865234,0.0,1.3017985820770264,0.36136627197265625,1.1418830156326294,53.24800109863281,0.26072150468826294
dfl_generated,dfl_evaluation_07,0.19858039915561676,36,PCC,A,2.919339179992676,0.0,1.3309412002563477,0.5383059978485107,1.1413743495941162,34.72425079345703,0.25430357456207275
dfl_generated,dfl_evaluation_07,0.19858039915561676,36,PCC,B,2.917710542678833,0.0,1.2978992462158203,0.5383059978485107,1.1413743495941162,34.72425079345703,0.25430357456207275
dfl_generated,dfl_evaluation_07,0.19858039915561676,36,PCC,C,2.9228355884552,0.0,1.312623143196106,0.5383059978485107,1.1413743495941162,34.72425079345703,0.25430357456207275
dfl_generated,dfl_evaluation_07,0.19858039915561676,37,PCC,A,3.0121169090270996,0.0,1.2635642290115356,0.6031783223152161,1.1417557001113892,34.72425079345703,0.2551431357860565
dfl_generated,dfl_evaluation_07,0.19858039915561676,37,PCC,B,3.011174201965332,0.0,1.2401814460754395,0.6031783223152161,1.1417557001113892,34.72425079345703,0.2551431357860565
dfl_generated,dfl_evaluation_07,0.19858039915561676,37,PCC,C,3.007354497909546,0.0,1.2688231468200684,0.6031783223152161,1.1417557001113892,34.72425079345703,0.2551431357860565
dfl_generated,dfl_evaluation_07,0.19858039915561676,38,PCC,A,3.1005070209503174,0.0,1.1015887260437012,0.6654155254364014,1.14064621925354,34.72425079345703,0.25404486060142517
dfl_generated,dfl_evaluation_07,0.19858039915561676,38,PCC,B,3.099907875061035,0.0,1.0832751989364624,0.6654155254364014,1.14064621925354,34.72425079345703,0.25404486060142517
dfl_generated,dfl_evaluation_07,0.19858039915561676,38,PCC,C,3.0952517986297607,0.0,1.0793880224227905,0.6654155254364014,1.14064621925354,34.72425079345703,0.25404486060142517
dfl_generated,dfl_evaluation_07,0.19858039915561676,39,PCC,A,2.8948094844818115,0.0,0.7896555662155151,0.5210045576095581,1.142595887184143,34.72425079345703,0.2449357509613037
dfl_generated,dfl_evaluation_07,0.19858039915561676,39,PCC,B,2.9020943641662598,0.0,0.7840806245803833,0.5210045576095581,1.142595887184143,34.72425079345703,0.2449357509613037
dfl_generated,dfl_evaluation_07,0.19858039915561676,39,PCC,C,2.897003173828125,0.0,0.7813538908958435,0.5210045576095581,1.142595887184143,34.72425079345703,0.2449357509613037
dfl_generated,dfl_evaluation_07,0.19858039915561676,40,PCC,A,2.959838628768921,0.0,0.43608561158180237,0.5631123185157776,1.1413311958312988,53.24800109863281,0.22588589787483215
dfl_generated,dfl_evaluation_07,0.19858039915561676,40,PCC,B,2.9549989700317383,0.0,0.45649898052215576,0.5631123185157776,1.1413311958312988,53.24800109863281,0.22588589787483215
dfl_generated,dfl_evaluation_07,0.19858039915561676,40,PCC,C,2.961639642715454,0.0,0.45823755860328674,0.5631123185157776,1.1413311958312988,53.24800109863281,0.22588589787483215
dfl_generated,dfl_evaluation_07,0.19858039915561676,41,PCC,A,2.898723602294922,0.0,0.054603561758995056,0.5185338854789734,1.1444015502929688,53.24800109863281,0.22398638725280762
dfl_generated,dfl_evaluation_07,0.19858039915561676,41,PCC,B,2.9001879692077637,0.0,0.04783982038497925,0.5185338854789734,1.1444015502929688,53.24800109863281,0.22398638725280762
dfl_generated,dfl_evaluation_07,0.19858039915561676,41,PCC,C,2.8996310234069824,0.0,0.05739496648311615,0.5185338854789734,1.1444015502929688,53.24800109863281,0.22398638725280762
dfl_generated,dfl_evaluation_07,0.19858039915561676,42,PCC,A,2.8740410804748535,0.0,0.0,0.501911997795105,1.1467044353485107,53.24800109863281,0.20999254286289215
dfl_generated,dfl_evaluation_07,0.19858039915561676,42,PCC,B,2.8773181438446045,0.0,0.0,0.501911997795105,1.1467044353485107,53.24800109863281,0.20999254286289215
dfl_generated,dfl_evaluation_07,0.19858039915561676,42,PCC,C,2.881430149078369,0.0,0.0,0.501911997795105,1.1467044353485107,53.24800109863281,0.20999254286289215
dfl_generated,dfl_evaluation_07,0.19858039915561676,43,PCC,A,2.97599458694458,0.0,0.0,0.5692486763000488,1.1479403972625732,53.24800109863281,0.22501879930496216
dfl_generated,dfl_evaluation_07,0.19858039915561676,43,PCC,B,2.976379156112671,0.0,0.0,0.5692486763000488,1.1479403972625732,53.24800109863281,0.22501879930496216
dfl_generated,dfl_evaluation_07,0.19858039915561676,43,PCC,C,2.974722146987915,0.0,0.0,0.5692486763000488,1.1479403972625732,53.24800109863281,0.22501879930496216
dfl_generated,dfl_evaluation_07,0.19858039915561676,44,PCC,A,2.8195698261260986,0.0,9.950010735337855e-07,0.458400696516037,1.14859938621521,53.24800109863281,0.2275579422712326
dfl_generated,dfl_evaluation_07,0.19858039915561676,44,PCC,B,2.8182919025421143,0.0,0.0,0.458400696516037,1.14859938621521,53.24800109863281,0.2275579422712326
dfl_generated,dfl_evaluation_07,0.19858039915561676,44,PCC,C,2.8171772956848145,0.0,0.0,0.458400696516037,1.14859938621521,53.24800109863281,0.2275579422712326
dfl_generated,dfl_evaluation_07,0.19858039915561676,45,PCC,A,2.73561954498291,0.0,9.185481530948891e-07,0.39928483963012695,1.147871494293213,53.24800109863281,0.22111733257770538
dfl_generated,dfl_evaluation_07,0.19858039915561676,45,PCC,B,2.7366321086883545,0.0,9.17069584716046e-08,0.39928483963012695,1.147871494293213,53.24800109863281,0.22111733257770538
dfl_generated,dfl_evaluation_07,0.19858039915561676,45,PCC,C,2.737612009048462,0.0,0.0,0.39928483963012695,1.147871494293213,53.24800109863281,0.22111733257770538
dfl_generated,dfl_evaluation_07,0.19858039915561676,46,PCC,A,2.6860151290893555,0.0,0.0,0.3637107312679291,1.1474664211273193,53.24800109863281,0.23697777092456818
dfl_generated,dfl_evaluation_07,0.19858039915561676,46,PCC,B,2.685730218887329,0.0,0.0,0.3637107312679291,1.1474664211273193,53.24800109863281,0.23697777092456818
dfl_generated,dfl_evaluation_07,0.19858039915561676,46,PCC,C,2.686962366104126,0.0,0.0,0.3637107312679291,1.1474664211273193,53.24800109863281,0.23697777092456818
dfl_generated,dfl_evaluation_07,0.19858039915561676,47,PCC,A,2.6618025302886963,0.0,0.0,0.34759950637817383,1.149149775505066,53.24800109863281,0.24474793672561646
dfl_generated,dfl_evaluation_07,0.19858039915561676,47,PCC,B,2.663045644760132,0.0,1.0157339147554012e-07,0.34759950637817383,1.149149775505066,53.24800109863281,0.24474793672561646
dfl_generated,dfl_evaluation_07,0.19858039915561676,47,PCC,C,2.663969039916992,0.0,0.0,0.34759950637817383,1.149149775505066,53.24800109863281,0.24474793672561646
