source,scenario_name,scenario_weight,time,bus,phase,active_load_mw,reactive_load_mvar,pv_available_mw,workload_arrival,pue,grid_price_per_mwh,grid_carbon_t_per_mwh
observed_test,v2_2018_388_48h,,0,PCC,A,2.589738233557025,0.0,0.0,0.29431068897247314,1.149999976158142,53.24800137329102,0.24671828746795654
observed_test,v2_2018_388_48h,,0,PCC,B,2.589738233557025,0.0,0.0,0.29431068897247314,1.149999976158142,53.24800137329102,0.24671828746795654
observed_test,v2_2018_388_48h,,0,PCC,C,2.589738233557025,0.0,0.0,0.29431068897247314,1.149999976158142,53.24800137329102,0.24671828746795654
observed_test,v2_2018_388_48h,,1,PCC,A,2.6237012928594003,0.0,0.0,0.3179371654987335,1.149999976158142,53.24800137329102,0.24198617041110992
observed_test,v2_2018_388_48h,,1,PCC,B,2.6237012928594003,0.0,0.0,0.3179371654987335,1.149999976158142,53.24800137329102,0.24198617041110992
observed_test,v2_2018_388_48h,,1,PCC,C,2.6237012928594003,0.0,0.0,0.3179371654987335,1.149999976158142,53.24800137329102,0.24198617041110992
observed_test,v2_2018_388_48h,,2,PCC,A,2.4875831211508435,0.0,0.0,0.2232462614774704,1.149999976158142,53.24800137329102,0.24508506059646606
observed_test,v2_2018_388_48h,,2,PCC,B,2.4875831211508435,0.0,0.0,0.2232462614774704,1.149999976158142,53.24800137329102,0.24508506059646606
observed_test,v2_2018_388_48h,,2,PCC,C,2.4875831211508435,0.0,0.0,0.2232462614774704,1.149999976158142,53.24800137329102,0.24508506059646606
observed_test,v2_2018_388_48h,,3,PCC,A,2.5452259178952694,0.0,0.0,0.2633455991744995,1.149999976158142,53.24800137329102,0.25559377670288086
observed_test,v2_2018_388_48h,,3,PCC,B,2.5452259178952694,0.0,0.0,0.2633455991744995,1.149999976158142,53.24800137329102,0.25559377670288086
observed_test,v2_2018_388_48h,,3,PCC,C,2.5452259178952694,0.0,0.0,0.2633455991744995,1.149999976158142,53.24800137329102,0.25559377670288086
observed_test,v2_2018_388_48h,,4,PCC,A,2.6066056994782514,0.0,0.0,0.3060445785522461,1.149999976158142,53.24800137329102,0.247085839509964
observed_test,v2_2018_388_48h,,4,PCC,B,2.6066056994782514,0.0,0.0,0.3060445785522461,1.149999976158142,53.24800137329102,0.247085839509964
observed_test,v2_2018_388_48h,,4,PCC,C,2.6066056994782514,0.0,0.0,0.3060445785522461,1.149999976158142,53.24800137329102,0.247085839509964
observed_test,v2_2018_388_48h,,5,PCC,A,2.5763726205374935,0.0,0.0,0.2850128710269928,1.149999976158142,53.24800137329102,0.24306049942970276
observed_test,v2_2018_388_48h,,5,PCC,B,2.5763726205374935,0.0,0.0,0.2850128710269928,1.149999976158142,53.24800137329102,0.24306049942970276
observed_test,v2_2018_388_48h,,5,PCC,C,2.5763726205374935,0.0,0.0,0.2850128710269928,1.149999976158142,53.24800137329102,0.24306049942970276
observed_test,v2_2018_388_48h,,6,PCC,A,2.7605416539868575,0.0,0.0,0.4131304621696472,1.149999976158142,53.24800137329102,0.24511682987213135
observed_test,v2_2018_388_48h,,6,PCC,B,2.7605416539868575,0.0,0.0,0.4131304621696472,1.149999976158142,53.24800137329102,0.24511682987213135
observed_test,v2_2018_388_48h,,6,PCC,C,2.7605416539868575,0.0,0.0,0.4131304621696472,1.149999976158142,53.24800137329102,0.24511682987213135
observed_test,v2_2018_388_48h,,7,PCC,A,3.0129513006293838,0.0,0.08162083104252814,0.5887197852134705,1.149999976158142,53.24800137329102,0.23770040273666382
observed_test,v2_2018_388_48h,,7,PCC,B,3.0129513006293838,0.0,0.08162083104252814,0.5887197852134705,1.149999976158142,53.24800137329102,0.23770040273666382
observed_test,v2_2018_388_48h,,7,PCC,C,3.0129513006293838,0.0,0.08162083104252814,0.5887197852134705,1.149999976158142,53.24800137329102,0.23770040273666382
observed_test,v2_2018_388_48h,,8,PCC,A,2.7649040079514635,0.0,0.49498333380772513,0.41616514325141907,1.149999976158142,53.24800137329102,0.23350167274475098
observed_test,v2_2018_388_48h,,8,PCC,B,2.7649040079514635,0.0,0.49498333380772513,0.41616514325141907,1.149999976158142,53.24800137329102,0.23350167274475098
observed_test,v2_2018_388_48h,,8,PCC,C,2.7649040079514635,0.0,0.49498333380772513,0.41616514325141907,1.149999976158142,53.24800137329102,0.23350167274475098
observed_test,v2_2018_388_48h,,9,PCC,A,2.9051724072175276,0.0,0.8703458194549266,0.5137431621551514,1.149999976158142,53.24800137329102,0.2296794354915619
observed_test,v2_2018_388_48h,,9,PCC,B,2.9051724072175276,0.0,0.8703458194549266,0.5137431621551514,1.149999976158142,53.24800137329102,0.2296794354915619
observed_test,v2_2018_388_48h,,9,PCC,C,2.9051724072175276,0.0,0.8703458194549266,0.5137431621551514,1.149999976158142,53.24800137329102,0.2296794354915619
observed_test,v2_2018_388_48h,,10,PCC,A,2.6904467608222724,0.0,1.1239917232440066,0.3643687963485718,1.149999976158142,53.24800137329102,0.24029983580112457
observed_test,v2_2018_388_48h,,10,PCC,B,2.6904467608222724,0.0,1.1239917232440066,0.3643687963485718,1.149999976158142,53.24800137329102,0.24029983580112457
observed_test,v2_2018_388_48h,,10,PCC,C,2.6904467608222724,0.0,1.1239917232440066,0.3643687963485718,1.149999976158142,53.24800137329102,0.24029983580112457
observed_test,v2_2018_388_48h,,11,PCC,A,2.686130632121376,0.0,1.2637832990059483,0.36136627197265625,1.149999976158142,53.24800137329102,0.25352588295936584
observed_test,v2_2018_388_48h,,11,PCC,B,2.686130632121376,0.0,1.2637832990059483,0.36136627197265625,1.149999976158142,53.24800137329102,0.25352588295936584
observed_test,v2_2018_388_48h,,11,PCC,C,2.686130632121376,0.0,1.2637832990059483,0.36136627197265625,1.149999976158142,53.24800137329102,0.25352588295936584
observed_test,v2_2018_388_48h,,12,PCC,A,2.940481482794702,0.0,1.3124582859186025,0.5383059978485107,1.149999976158142,53.24800137329102,0.24791784584522247
observed_test,v2_2018_388_48h,,12,PCC,B,2.940481482794702,0.0,1.3124582859186025,0.5383059978485107,1.149999976158142,53.24800137329102,0.24791784584522247
observed_test,v2_2018_388_48h,,12,PCC,C,2.940481482794702,0.0,1.3124582859186025,0.5383059978485107,1.149999976158142,53.24800137329102,0.24791784584522247
observed_test,v2_2018_388_48h,,13,PCC,A,3.033735447282245,0.0,1.2732791212888863,0.6031783223152161,1.149999976158142,53.24800137329102,0.25111281871795654
observed_test,v2_2018_388_48h,,13,PCC,B,3.033735447282245,0.0,1.2732791212888863,0.6031783223152161,1.149999976158142,53.24800137329102,0.25111281871795654
observed_test,v2_2018_388_48h,,13,PCC,C,3.033735447282245,0.0,1.2732791212888863,0.6031783223152161,1.149999976158142,53.24800137329102,0.25111281871795654
observed_test,v2_2018_388_48h,,14,PCC,A,3.1232014249141358,0.0,1.14254172031696,0.6654155254364014,1.149999976158142,53.24800137329102,0.24972565472126007
observed_test,v2_2018_388_48h,,14,PCC,B,3.1232014249141358,0.0,1.14254172031696,0.6654155254364014,1.149999976158142,53.24800137329102,0.24972565472126007
observed_test,v2_2018_388_48h,,14,PCC,C,3.1232014249141358,0.0,1.14254172031696,0.6654155254364014,1.149999976158142,53.24800137329102,0.24972565472126007
observed_test,v2_2018_388_48h,,15,PCC,A,2.915610662966831,0.0,0.9134708115687736,0.5210045576095581,1.149999976158142,53.24800137329102,0.23570667207241058
observed_test,v2_2018_388_48h,,15,PCC,B,2.915610662966831,0.0,0.9134708115687736,0.5210045576095581,1.149999976158142,53.24800137329102,0.23570667207241058
observed_test,v2_2018_388_48h,,15,PCC,C,2.915610662966831,0.0,0.9134708115687736,0.5210045576095581,1.149999976158142,53.24800137329102,0.23570667207241058
observed_test,v2_2018_388_48h,,16,PCC,A,2.9761405680146122,0.0,0.6154708564281463,0.5631123185157776,1.149999976158142,53.24800137329102,0.23233109712600708
observed_test,v2_2018_388_48h,,16,PCC,B,2.9761405680146122,0.0,0.6154708564281463,0.5631123185157776,1.149999976158142,53.24800137329102,0.23233109712600708
observed_test,v2_2018_388_48h,,16,PCC,C,2.9761405680146122,0.0,0.6154708564281463,0.5631123185157776,1.149999976158142,53.24800137329102,0.23233109712600708
observed_test,v2_2018_388_48h,,17,PCC,A,2.912059071852747,0.0,0.20080416534955683,0.5185338854789734,1.149999976158142,53.24800137329102,0.2382412552833557
observed_test,v2_2018_388_48h,,17,PCC,B,2.912059071852747,0.0,0.20080416534955683,0.5185338854789734,1.149999976158142,53.24800137329102,0.2382412552833557
observed_test,v2_2018_388_48h,,17,PCC,C,2.912059071852747,0.0,0.20080416534955683,0.5185338854789734,1.149999976158142,53.24800137329102,0.2382412552833557
observed_test,v2_2018_388_48h,,18,PCC,A,2.888165108802557,0.0,0.0,0.501911997795105,1.149999976158142,53.24800137329102,0.23994769155979156
observed_test,v2_2018_388_48h,,18,PCC,B,2.888165108802557,0.0,0.0,0.501911997795105,1.149999976158142,53.24800137329102,0.23994769155979156
observed_test,v2_2018_388_48h,,18,PCC,C,2.888165108802557,0.0,0.0,0.501911997795105,1.149999976158142,53.24800137329102,0.23994769155979156
observed_test,v2_2018_388_48h,,19,PCC,A,2.9849615821466244,0.0,0.0,0.5692486763000488,1.149999976158142,53.24800137329102,0.24096694588661194
observed_test,v2_2018_388_48h,,19,PCC,B,2.9849615821466244,0.0,0.0,0.5692486763000488,1.149999976158142,53.24800137329102,0.24096694588661194
observed_test,v2_2018_388_48h,,19,PCC,C,2.9849615821466244,0.0,0.0,0.5692486763000488,1.149999976158142,53.24800137329102,0.24096694588661194
observed_test,v2_2018_388_48h,,20,PCC,A,2.825617614510635,0.0,0.0,0.458400696516037,1.149999976158142,53.24800137329102,0.23986519873142242
observed_test,v2_2018_388_48h,,20,PCC,B,2.825617614510635,0.0,0.0,0.458400696516037,1.149999976158142,53.24800137329102,0.23986519873142242
observed_test,v2_2018_388_48h,,20,PCC,C,2.825617614510635,0.0,0.0,0.458400696516037,1.149999976158142,53.24800137329102,0.23986519873142242
observed_test,v2_2018_388_48h,,21,PCC,A,2.740638571998929,0.0,0.0,0.39928483963012695,1.149999976158142,53.24800137329102,0.24225591123104095
observed_test,v2_2018_388_48h,,21,PCC,B,2.740638571998929,0.0,0.0,0.39928483963012695,1.149999976158142,53.24800137329102,0.24225591123104095
observed_test,v2_2018_388_48h,,21,PCC,C,2.740638571998929,0.0,0.0,0.39928483963012695,1.149999976158142,53.24800137329102,0.24225591123104095
observed_test,v2_2018_388_48h,,22,PCC,A,2.689500792288461,0.0,0.0,0.3637107312679291,1.149999976158142,53.24800137329102,0.24607731401920319
observed_test,v2_2018_388_48h,,22,PCC,B,2.689500792288461,0.0,0.0,0.3637107312679291,1.149999976158142,53.24800137329102,0.24607731401920319
observed_test,v2_2018_388_48h,,22,PCC,C,2.689500792288461,0.0,0.0,0.3637107312679291,1.149999976158142,53.24800137329102,0.24607731401920319
observed_test,v2_2018_388_48h,,23,PCC,A,2.666340906989589,0.0,0.0,0.34759950637817383,1.149999976158142,53.24800137329102,0.23703929781913757
observed_test,v2_2018_388_48h,,23,PCC,B,2.666340906989589,0.0,0.0,0.34759950637817383,1.149999976158142,53.24800137329102,0.23703929781913757
observed_test,v2_2018_388_48h,,23,PCC,C,2.666340906989589,0.0,0.0,0.34759950637817383,1.149999976158142,53.24800137329102,0.23703929781913757
observed_test,v2_2018_388_48h,,24,PCC,A,2.589738233557025,0.0,0.0,0.29431068897247314,1.149999976158142,53.24800137329102,0.22771701216697693
observed_test,v2_2018_388_48h,,24,PCC,B,2.589738233557025,0.0,0.0,0.29431068897247314,1.149999976158142,53.24800137329102,0.22771701216697693
observed_test,v2_2018_388_48h,,24,PCC,C,2.589738233557025,0.0,0.0,0.29431068897247314,1.149999976158142,53.24800137329102,0.22771701216697693
observed_test,v2_2018_388_48h,,25,PCC,A,2.6237012928594003,0.0,0.0,0.3179371654987335,1.149999976158142,34.72425106811524,0.23294779658317566
observed_test,v2_2018_388_48h,,25,PCC,B,2.6237012928594003,0.0,0.0,0.3179371654987335,1.149999976158142,34.72425106811524,0.23294779658317566
observed_test,v2_2018_388_48h,,25,PCC,C,2.6237012928594003,0.0,0.0,0.3179371654987335,1.149999976158142,34.72425106811524,0.23294779658317566
observed_test,v2_2018_388_48h,,26,PCC,A,2.4875831211508435,0.0,0.0,0.2232462614774704,1.149999976158142,34.72425106811524,0.24029092490673065
observed_test,v2_2018_388_48h,,26,PCC,B,2.4875831211508435,0.0,0.0,0.2232462614774704,1.149999976158142,34.72425106811524,0.24029092490673065
observed_test,v2_2018_388_48h,,26,PCC,C,2.4875831211508435,0.0,0.0,0.2232462614774704,1.149999976158142,34.72425106811524,0.24029092490673065
observed_test,v2_2018_388_48h,,27,PCC,A,2.5452259178952694,0.0,0.0,0.2633455991744995,1.149999976158142,53.24800137329102,0.2553369104862213
observed_test,v2_2018_388_48h,,27,PCC,B,2.5452259178952694,0.0,0.0,0.2633455991744995,1.149999976158142,53.24800137329102,0.2553369104862213
observed_test,v2_2018_388_48h,,27,PCC,C,2.5452259178952694,0.0,0.0,0.2633455991744995,1.149999976158142,53.24800137329102,0.2553369104862213
observed_test,v2_2018_388_48h,,28,PCC,A,2.6066056994782514,0.0,0.0,0.3060445785522461,1.149999976158142,53.24800137329102,0.24331751465797424
observed_test,v2_2018_388_48h,,28,PCC,B,2.6066056994782514,0.0,0.0,0.3060445785522461,1.149999976158142,53.24800137329102,0.24331751465797424
observed_test,v2_2018_388_48h,,28,PCC,C,2.6066056994782514,0.0,0.0,0.3060445785522461,1.149999976158142,53.24800137329102,0.24331751465797424
observed_test,v2_2018_388_48h,,29,PCC,A,2.5763726205374935,0.0,0.0,0.2850128710269928,1.149999976158142,53.24800137329102,0.2392493337392807
observed_test,v2_2018_388_48h,,29,PCC,B,2.5763726205374935,0.0,0.0,0.2850128710269928,1.149999976158142,53.24800137329102,0.2392493337392807
observed_test,v2_2018_388_48h,,29,PCC,C,2.5763726205374935,0.0,0.0,0.2850128710269928,1.149999976158142,53.24800137329102,0.2392493337392807
observed_test,v2_2018_388_48h,,30,PCC,A,2.7605416539868575,0.0,0.0,0.4131304621696472,1.149999976158142,121.88174847412108,0.2353132963180542
observed_test,v2_2018_388_48h,,30,PCC,B,2.7605416539868575,0.0,0.0,0.4131304621696472,1.149999976158142,121.88174847412108,0.2353132963180542
observed_test,v2_2018_388_48h,,30,PCC,C,2.7605416539868575,0.0,0.0,0.4131304621696472,1.149999976158142,121.88174847412108,0.2353132963180542
observed_test,v2_2018_388_48h,,31,PCC,A,3.0129513006293838,0.0,0.0,0.5887197852134705,1.149999976158142,121.88174847412108,0.2276950627565384
observed_test,v2_2018_388_48h,,31,PCC,B,3.0129513006293838,0.0,0.0,0.5887197852134705,1.149999976158142,121.88174847412108,0.2276950627565384
observed_test,v2_2018_388_48h,,31,PCC,C,3.0129513006293838,0.0,0.0,0.5887197852134705,1.149999976158142,121.88174847412108,0.2276950627565384
observed_test,v2_2018_388_48h,,32,PCC,A,2.7649040079514635,0.0,0.03301250175214731,0.41616514325141907,1.149999976158142,121.88174847412108,0.22493602335453033
observed_test,v2_2018_388_48h,,32,PCC,B,2.7649040079514635,0.0,0.03301250175214731,0.41616514325141907,1.149999976158142,121.88174847412108,0.22493602335453033
observed_test,v2_2018_388_48h,,32,PCC,C,2.7649040079514635,0.0,0.03301250175214731,0.41616514325141907,1.149999976158142,121.88174847412108,0.22493602335453033
observed_test,v2_2018_388_48h,,33,PCC,A,2.9051724072175276,0.0,0.10426250071479724,0.5137431621551514,1.149999976158142,121.88174847412108,0.22441977262496948
observed_test,v2_2018_388_48h,,33,PCC,B,2.9051724072175276,0.0,0.10426250071479724,0.5137431621551514,1.149999976158142,121.88174847412108,0.22441977262496948
observed_test,v2_2018_388_48h,,33,PCC,C,2.9051724072175276,0.0,0.10426250071479724,0.5137431621551514,1.149999976158142,121.88174847412108,0.22441977262496948
observed_test,v2_2018_388_48h,,34,PCC,A,2.6904467608222724,0.0,0.14302499878865021,0.3643687963485718,1.149999976158142,53.24800137329102,0.22870786488056183
observed_test,v2_2018_388_48h,,34,PCC,B,2.6904467608222724,0.0,0.14302499878865021,0.3643687963485718,1.149999976158142,53.24800137329102,0.22870786488056183
observed_test,v2_2018_388_48h,,34,PCC,C,2.6904467608222724,0.0,0.14302499878865021,0.3643687963485718,1.149999976158142,53.24800137329102,0.22870786488056183
observed_test,v2_2018_388_48h,,35,PCC,A,2.686130632121376,0.0,0.17625832786926854,0.36136627197265625,1.149999976158142,53.24800137329102,0.24854876101016998
observed_test,v2_2018_388_48h,,35,PCC,B,2.686130632121376,0.0,0.17625832786926854,0.36136627197265625,1.149999976158142,53.24800137329102,0.24854876101016998
observed_test,v2_2018_388_48h,,35,PCC,C,2.686130632121376,0.0,0.17625832786926854,0.36136627197265625,1.149999976158142,53.24800137329102,0.24854876101016998
observed_test,v2_2018_388_48h,,36,PCC,A,2.940481482794702,0.0,0.18425833147305706,0.5383059978485107,1.149999976158142,34.72425106811524,0.24416804313659668
observed_test,v2_2018_388_48h,,36,PCC,B,2.940481482794702,0.0,0.18425833147305706,0.5383059978485107,1.149999976158142,34.72425106811524,0.24416804313659668
observed_test,v2_2018_388_48h,,36,PCC,C,2.940481482794702,0.0,0.18425833147305706,0.5383059978485107,1.149999976158142,34.72425106811524,0.24416804313659668
observed_test,v2_2018_388_48h,,37,PCC,A,3.033735447282245,0.0,0.1744041649194864,0.6031783223152161,1.149999976158142,34.72425106811524,0.2661290466785431
observed_test,v2_2018_388_48h,,37,PCC,B,3.033735447282245,0.0,0.1744041649194864,0.6031783223152161,1.149999976158142,34.72425106811524,0.2661290466785431
observed_test,v2_2018_388_48h,,37,PCC,C,3.033735447282245,0.0,0.1744041649194864,0.6031783223152161,1.149999976158142,34.72425106811524,0.2661290466785431
observed_test,v2_2018_388_48h,,38,PCC,A,3.1232014249141358,0.0,0.17437083789935479,0.6654155254364014,1.149999976158142,34.72425106811524,0.2540435791015625
observed_test,v2_2018_388_48h,,38,PCC,B,3.1232014249141358,0.0,0.17437083789935479,0.6654155254364014,1.149999976158142,34.72425106811524,0.2540435791015625
observed_test,v2_2018_388_48h,,38,PCC,C,3.1232014249141358,0.0,0.17437083789935479,0.6654155254364014,1.149999976158142,34.72425106811524,0.2540435791015625
observed_test,v2_2018_388_48h,,39,PCC,A,2.915610662966831,0.0,0.11933749684920676,0.5210045576095581,1.149999976158142,34.72425106811524,0.23779939115047455
observed_test,v2_2018_388_48h,,39,PCC,B,2.915610662966831,0.0,0.11933749684920676,0.5210045576095581,1.149999976158142,34.72425106811524,0.23779939115047455
observed_test,v2_2018_388_48h,,39,PCC,C,2.915610662966831,0.0,0.11933749684920676,0.5210045576095581,1.149999976158142,34.72425106811524,0.23779939115047455
observed_test,v2_2018_388_48h,,40,PCC,A,2.9761405680146122,0.0,0.034620834944339894,0.5631123185157776,1.149999976158142,53.24800137329102,0.22166375815868378
observed_test,v2_2018_388_48h,,40,PCC,B,2.9761405680146122,0.0,0.034620834944339894,0.5631123185157776,1.149999976158142,53.24800137329102,0.22166375815868378
observed_test,v2_2018_388_48h,,40,PCC,C,2.9761405680146122,0.0,0.034620834944339894,0.5631123185157776,1.149999976158142,53.24800137329102,0.22166375815868378
observed_test,v2_2018_388_48h,,41,PCC,A,2.912059071852747,0.0,0.012616666320424812,0.5185338854789734,1.149999976158142,53.24800137329102,0.21319834887981415
observed_test,v2_2018_388_48h,,41,PCC,B,2.912059071852747,0.0,0.012616666320424812,0.5185338854789734,1.149999976158142,53.24800137329102,0.21319834887981415
observed_test,v2_2018_388_48h,,41,PCC,C,2.912059071852747,0.0,0.012616666320424812,0.5185338854789734,1.149999976158142,53.24800137329102,0.21319834887981415
observed_test,v2_2018_388_48h,,42,PCC,A,2.888165108802557,0.0,0.0,0.501911997795105,1.149999976158142,53.24800137329102,0.21256838738918304
observed_test,v2_2018_388_48h,,42,PCC,B,2.888165108802557,0.0,0.0,0.501911997795105,1.149999976158142,53.24800137329102,0.21256838738918304
observed_test,v2_2018_388_48h,,42,PCC,C,2.888165108802557,0.0,0.0,0.501911997795105,1.149999976158142,53.24800137329102,0.21256838738918304
observed_test,v2_2018_388_48h,,43,PCC,A,2.9849615821466244,0.0,0.0,0.5692486763000488,1.149999976158142,53.24800137329102,0.20752853155136108
observed_test,v2_2018_388_48h,,43,PCC,B,2.9849615821466244,0.0,0.0,0.5692486763000488,1.149999976158142,53.24800137329102,0.20752853155136108
observed_test,v2_2018_388_48h,,43,PCC,C,2.9849615821466244,0.0,0.0,0.5692486763000488,1.149999976158142,53.24800137329102,0.20752853155136108
observed_test,v2_2018_388_48h,,44,PCC,A,2.825617614510635,0.0,0.0,0.458400696516037,1.149999976158142,53.24800137329102,0.2079969197511673
observed_test,v2_2018_388_48h,,44,PCC,B,2.825617614510635,0.0,0.0,0.458400696516037,1.149999976158142,53.24800137329102,0.2079969197511673
observed_test,v2_2018_388_48h,,44,PCC,C,2.825617614510635,0.0,0.0,0.458400696516037,1.149999976158142,53.24800137329102,0.2079969197511673
observed_test,v2_2018_388_48h,,45,PCC,A,2.740638571998929,0.0,0.0,0.39928483963012695,1.149999976158142,53.24800137329102,0.21502450108528137
observed_test,v2_2018_388_48h,,45,PCC,B,2.740638571998929,0.0,0.0,0.39928483963012695,1.149999976158142,53.24800137329102,0.21502450108528137
observed_test,v2_2018_388_48h,,45,PCC,C,2.740638571998929,0.0,0.0,0.39928483963012695,1.149999976158142,53.24800137329102,0.21502450108528137
observed_test,v2_2018_388_48h,,46,PCC,A,2.689500792288461,0.0,0.0,0.3637107312679291,1.149999976158142,53.24800137329102,0.229417085647583
observed_test,v2_2018_388_48h,,46,PCC,B,2.689500792288461,0.0,0.0,0.3637107312679291,1.149999976158142,53.24800137329102,0.229417085647583
observed_test,v2_2018_388_48h,,46,PCC,C,2.689500792288461,0.0,0.0,0.3637107312679291,1.149999976158142,53.24800137329102,0.229417085647583
observed_test,v2_2018_388_48h,,47,PCC,A,2.666340906989589,0.0,0.0,0.34759950637817383,1.149999976158142,53.24800137329102,0.24800129234790802
observed_test,v2_2018_388_48h,,47,PCC,B,2.666340906989589,0.0,0.0,0.34759950637817383,1.149999976158142,53.24800137329102,0.24800129234790802
observed_test,v2_2018_388_48h,,47,PCC,C,2.666340906989589,0.0,0.0,0.34759950637817383,1.149999976158142,53.24800137329102,0.24800129234790802
observed_test,v2_2018_475_48h,,0,PCC,A,2.6530636559638077,0.0,0.0,0.29431068897247314,1.1811249256134033,53.24800137329102,0.24150371551513672
observed_test,v2_2018_475_48h,,0,PCC,B,2.6530636559638077,0.0,0.0,0.29431068897247314,1.1811249256134033,53.24800137329102,0.24150371551513672
observed_test,v2_2018_475_48h,,0,PCC,C,2.6530636559638077,0.0,0.0,0.29431068897247314,1.1811249256134033,53.24800137329102,0.24150371551513672
observed_test,v2_2018_475_48h,,1,PCC,A,2.6815988529157266,0.0,0.0,0.3179371654987335,1.178049921989441,53.24800137329102,0.2552565932273865
observed_test,v2_2018_475_48h,,1,PCC,B,2.6815988529157266,0.0,0.0,0.3179371654987335,1.178049921989441,53.24800137329102,0.2552565932273865
observed_test,v2_2018_475_48h,,1,PCC,C,2.6815988529157266,0.0,0.0,0.3179371654987335,1.178049921989441,53.24800137329102,0.2552565932273865
observed_test,v2_2018_475_48h,,2,PCC,A,2.535885686797099,0.0,0.0,0.2232462614774704,1.1748249530792236,53.24800137329102,0.25145015120506287
observed_test,v2_2018_475_48h,,2,PCC,B,2.535885686797099,0.0,0.0,0.2232462614774704,1.1748249530792236,53.24800137329102,0.25145015120506287
observed_test,v2_2018_475_48h,,2,PCC,C,2.535885686797099,0.0,0.0,0.2232462614774704,1.1748249530792236,53.24800137329102,0.25145015120506287
observed_test,v2_2018_475_48h,,3,PCC,A,2.588935119018082,0.0,0.0,0.2633455991744995,1.1719000339508057,53.24800137329102,0.23128750920295715
observed_test,v2_2018_475_48h,,3,PCC,B,2.588935119018082,0.0,0.0,0.2633455991744995,1.1719000339508057,53.24800137329102,0.23128750920295715
observed_test,v2_2018_475_48h,,3,PCC,C,2.588935119018082,0.0,0.0,0.2633455991744995,1.1719000339508057,53.24800137329102,0.23128750920295715
observed_test,v2_2018_475_48h,,4,PCC,A,2.6467192273688434,0.0,0.0,0.3060445785522461,1.1695749759674072,53.24800137329102,0.22230955958366394
observed_test,v2_2018_475_48h,,4,PCC,B,2.6467192273688434,0.0,0.0,0.3060445785522461,1.1695749759674072,53.24800137329102,0.22230955958366394
observed_test,v2_2018_475_48h,,4,PCC,C,2.6467192273688434,0.0,0.0,0.3060445785522461,1.1695749759674072,53.24800137329102,0.22230955958366394
observed_test,v2_2018_475_48h,,5,PCC,A,2.6196129297260438,0.0,0.0,0.2850128710269928,1.171375036239624,53.24800137329102,0.22133493423461914
observed_test,v2_2018_475_48h,,5,PCC,B,2.6196129297260438,0.0,0.0,0.2850128710269928,1.171375036239624,53.24800137329102,0.22133493423461914
observed_test,v2_2018_475_48h,,5,PCC,C,2.6196129297260438,0.0,0.0,0.2850128710269928,1.171375036239624,53.24800137329102,0.22133493423461914
observed_test,v2_2018_475_48h,,6,PCC,A,2.8270164026395412,0.0,0.06037499898901352,0.4131304621696472,1.1804499626159668,53.24800137329102,0.2222871631383896
observed_test,v2_2018_475_48h,,6,PCC,B,2.8270164026395412,0.0,0.06037499898901352,0.4131304621696472,1.1804499626159668,53.24800137329102,0.2222871631383896
observed_test,v2_2018_475_48h,,6,PCC,C,2.8270164026395412,0.0,0.06037499898901352,0.4131304621696472,1.1804499626159668,53.24800137329102,0.2222871631383896
observed_test,v2_2018_475_48h,,7,PCC,A,3.109894759479428,0.0,0.2899500039907602,0.5887197852134705,1.1903499364852905,53.24800137329102,0.2206457108259201
observed_test,v2_2018_475_48h,,7,PCC,B,3.109894759479428,0.0,0.2899500039907602,0.5887197852134705,1.1903499364852905,53.24800137329102,0.2206457108259201
observed_test,v2_2018_475_48h,,7,PCC,C,3.109894759479428,0.0,0.2899500039907602,0.5887197852134705,1.1903499364852905,53.24800137329102,0.2206457108259201
observed_test,v2_2018_475_48h,,8,PCC,A,2.8713499269982687,0.0,0.5776624840039473,0.41616514325141907,1.1986749172210693,53.24800137329102,0.21722935140132904
observed_test,v2_2018_475_48h,,8,PCC,B,2.8713499269982687,0.0,0.5776624840039473,0.41616514325141907,1.1986749172210693,53.24800137329102,0.21722935140132904
observed_test,v2_2018_475_48h,,8,PCC,C,2.8713499269982687,0.0,0.5776624840039473,0.41616514325141907,1.1986749172210693,53.24800137329102,0.21722935140132904
observed_test,v2_2018_475_48h,,9,PCC,A,3.034525548218054,0.0,0.6368791827788719,0.5137431621551514,1.2060250043869019,53.24800137329102,0.21934925019741058
observed_test,v2_2018_475_48h,,9,PCC,B,3.034525548218054,0.0,0.6368791827788719,0.5137431621551514,1.2060250043869019,53.24800137329102,0.21934925019741058
observed_test,v2_2018_475_48h,,9,PCC,C,3.034525548218054,0.0,0.6368791827788719,0.5137431621551514,1.2060250043869019,53.24800137329102,0.21934925019741058
observed_test,v2_2018_475_48h,,10,PCC,A,2.821435134075261,0.0,0.6238583188790541,0.3643687963485718,1.2117249965667725,53.24800137329102,0.2243833690881729
observed_test,v2_2018_475_48h,,10,PCC,B,2.821435134075261,0.0,0.6238583188790541,0.3643687963485718,1.2117249965667725,53.24800137329102,0.2243833690881729
observed_test,v2_2018_475_48h,,10,PCC,C,2.821435134075261,0.0,0.6238583188790541,0.3643687963485718,1.2117249965667725,53.24800137329102,0.2243833690881729
observed_test,v2_2018_475_48h,,11,PCC,A,2.8240367163397573,0.0,0.9453958616806909,0.36136627197265625,1.2150999307632446,53.24800137329102,0.22723731398582458
observed_test,v2_2018_475_48h,,11,PCC,B,2.8240367163397573,0.0,0.9453958616806909,0.36136627197265625,1.2150999307632446,53.24800137329102,0.22723731398582458
observed_test,v2_2018_475_48h,,11,PCC,C,2.8240367163397573,0.0,0.9453958616806909,0.36136627197265625,1.2150999307632446,53.24800137329102,0.22723731398582458
observed_test,v2_2018_475_48h,,12,PCC,A,3.0971727822510453,0.0,1.040508311528426,0.5383059978485107,1.2169749736785889,53.24800137329102,0.22889673709869385
observed_test,v2_2018_475_48h,,12,PCC,B,3.0971727822510453,0.0,1.040508311528426,0.5383059978485107,1.2169749736785889,53.24800137329102,0.22889673709869385
observed_test,v2_2018_475_48h,,12,PCC,C,3.0971727822510453,0.0,1.040508311528426,0.5383059978485107,1.2169749736785889,53.24800137329102,0.22889673709869385
observed_test,v2_2018_475_48h,,13,PCC,A,3.1942239343118835,0.0,0.9628374989216143,0.6031783223152161,1.2163000106811523,53.24800137329102,0.22818779945373535
observed_test,v2_2018_475_48h,,13,PCC,B,3.1942239343118835,0.0,0.9628374989216143,0.6031783223152161,1.2163000106811523,53.24800137329102,0.22818779945373535
observed_test,v2_2018_475_48h,,13,PCC,C,3.1942239343118835,0.0,0.9628374989216143,0.6031783223152161,1.2163000106811523,53.24800137329102,0.22818779945373535
observed_test,v2_2018_475_48h,,14,PCC,A,3.2826641354186514,0.0,0.45389584623850304,0.6654155254364014,1.213824987411499,53.24800137329102,0.22140124440193176
observed_test,v2_2018_475_48h,,14,PCC,B,3.2826641354186514,0.0,0.45389584623850304,0.6654155254364014,1.213824987411499,53.24800137329102,0.22140124440193176
observed_test,v2_2018_475_48h,,14,PCC,C,3.2826641354186514,0.0,0.45389584623850304,0.6654155254364014,1.213824987411499,53.24800137329102,0.22140124440193176
observed_test,v2_2018_475_48h,,15,PCC,A,3.0565982681900437,0.0,0.26103332638740534,0.5210045576095581,1.210824966430664,53.24800137329102,0.21364735066890717
observed_test,v2_2018_475_48h,,15,PCC,B,3.0565982681900437,0.0,0.26103332638740534,0.5210045576095581,1.210824966430664,53.24800137329102,0.21364735066890717
observed_test,v2_2018_475_48h,,15,PCC,C,3.0565982681900437,0.0,0.26103332638740534,0.5210045576095581,1.210824966430664,53.24800137329102,0.21364735066890717
observed_test,v2_2018_475_48h,,16,PCC,A,3.1123292043195026,0.0,0.17422083765268326,0.5631123185157776,1.207450032234192,53.24800137329102,0.20802083611488342
observed_test,v2_2018_475_48h,,16,PCC,B,3.1123292043195026,0.0,0.17422083765268326,0.5631123185157776,1.207450032234192,53.24800137329102,0.20802083611488342
observed_test,v2_2018_475_48h,,16,PCC,C,3.1123292043195026,0.0,0.17422083765268326,0.5631123185157776,1.207450032234192,53.24800137329102,0.20802083611488342
observed_test,v2_2018_475_48h,,17,PCC,A,3.032546169972656,0.0,0.10158749870382822,0.5185338854789734,1.202049970626831,53.24800137329102,0.21844016015529633
observed_test,v2_2018_475_48h,,17,PCC,B,3.032546169972656,0.0,0.10158749870382822,0.5185338854789734,1.202049970626831,53.24800137329102,0.21844016015529633
observed_test,v2_2018_475_48h,,17,PCC,C,3.032546169972656,0.0,0.10158749870382822,0.5185338854789734,1.202049970626831,53.24800137329102,0.21844016015529633
observed_test,v2_2018_475_48h,,18,PCC,A,2.992085891429742,0.0,0.028370833024382588,0.501911997795105,1.1952999830245972,53.24800137329102,0.22912158071994781
observed_test,v2_2018_475_48h,,18,PCC,B,2.992085891429742,0.0,0.028370833024382588,0.501911997795105,1.1952999830245972,53.24800137329102,0.22912158071994781
observed_test,v2_2018_475_48h,,18,PCC,C,2.992085891429742,0.0,0.028370833024382588,0.501911997795105,1.1952999830245972,53.24800137329102,0.22912158071994781
observed_test,v2_2018_475_48h,,19,PCC,A,3.064334984330434,0.0,0.0,0.5692486763000488,1.1833750009536743,53.24800137329102,0.24189895391464233
observed_test,v2_2018_475_48h,,19,PCC,B,3.064334984330434,0.0,0.0,0.5692486763000488,1.1833750009536743,53.24800137329102,0.24189895391464233
observed_test,v2_2018_475_48h,,19,PCC,C,3.064334984330434,0.0,0.0,0.5692486763000488,1.1833750009536743,53.24800137329102,0.24189895391464233
observed_test,v2_2018_475_48h,,20,PCC,A,2.891967895594212,0.0,0.0,0.458400696516037,1.1796250343322754,53.24800137329102,0.2459821254014969
observed_test,v2_2018_475_48h,,20,PCC,B,2.891967895594212,0.0,0.0,0.458400696516037,1.1796250343322754,53.24800137329102,0.2459821254014969
observed_test,v2_2018_475_48h,,20,PCC,C,2.891967895594212,0.0,0.0,0.458400696516037,1.1796250343322754,53.24800137329102,0.2459821254014969
observed_test,v2_2018_475_48h,,21,PCC,A,2.798464746482774,0.0,0.0,0.39928483963012695,1.1766999959945679,53.24800137329102,0.254844069480896
observed_test,v2_2018_475_48h,,21,PCC,B,2.798464746482774,0.0,0.0,0.39928483963012695,1.1766999959945679,53.24800137329102,0.254844069480896
observed_test,v2_2018_475_48h,,21,PCC,C,2.798464746482774,0.0,0.0,0.39928483963012695,1.1766999959945679,53.24800137329102,0.254844069480896
observed_test,v2_2018_475_48h,,22,PCC,A,2.7410484616485786,0.0,0.0,0.3637107312679291,1.174299955368042,53.24800137329102,0.2803404927253723
observed_test,v2_2018_475_48h,,22,PCC,B,2.7410484616485786,0.0,0.0,0.3637107312679291,1.174299955368042,53.24800137329102,0.2803404927253723
observed_test,v2_2018_475_48h,,22,PCC,C,2.7410484616485786,0.0,0.0,0.3637107312679291,1.174299955368042,53.24800137329102,0.2803404927253723
observed_test,v2_2018_475_48h,,23,PCC,A,2.7121987634461107,0.0,0.0,0.34759950637817383,1.1718249320983887,53.24800137329102,0.301544725894928
observed_test,v2_2018_475_48h,,23,PCC,B,2.7121987634461107,0.0,0.0,0.34759950637817383,1.1718249320983887,53.24800137329102,0.301544725894928
observed_test,v2_2018_475_48h,,23,PCC,C,2.7121987634461107,0.0,0.0,0.34759950637817383,1.1718249320983887,53.24800137329102,0.301544725894928
observed_test,v2_2018_475_48h,,24,PCC,A,2.627275818060358,0.0,0.0,0.29431068897247314,1.1684499979019165,53.24800137329102,0.3112027049064636
observed_test,v2_2018_475_48h,,24,PCC,B,2.627275818060358,0.0,0.0,0.29431068897247314,1.1684499979019165,53.24800137329102,0.3112027049064636
observed_test,v2_2018_475_48h,,24,PCC,C,2.627275818060358,0.0,0.0,0.29431068897247314,1.1684499979019165,53.24800137329102,0.3112027049064636
observed_test,v2_2018_475_48h,,25,PCC,A,2.654353043619182,0.0,0.0,0.3179371654987335,1.1648499965667725,53.24800137329102,0.31398385763168335
observed_test,v2_2018_475_48h,,25,PCC,B,2.654353043619182,0.0,0.0,0.3179371654987335,1.1648499965667725,53.24800137329102,0.31398385763168335
observed_test,v2_2018_475_48h,,25,PCC,C,2.654353043619182,0.0,0.0,0.3179371654987335,1.1648499965667725,53.24800137329102,0.31398385763168335
observed_test,v2_2018_475_48h,,26,PCC,A,2.5102022685896617,0.0,0.0,0.2232462614774704,1.1616250276565552,53.24800137329102,0.3048606812953949
observed_test,v2_2018_475_48h,,26,PCC,B,2.5102022685896617,0.0,0.0,0.2232462614774704,1.1616250276565552,53.24800137329102,0.3048606812953949
observed_test,v2_2018_475_48h,,26,PCC,C,2.5102022685896617,0.0,0.0,0.2232462614774704,1.1616250276565552,53.24800137329102,0.3048606812953949
observed_test,v2_2018_475_48h,,27,PCC,A,2.5633383355179284,0.0,0.0,0.2633455991744995,1.1590750217437744,53.24800137329102,0.29333972930908203
observed_test,v2_2018_475_48h,,27,PCC,B,2.5633383355179284,0.0,0.0,0.2633455991744995,1.1590750217437744,53.24800137329102,0.29333972930908203
observed_test,v2_2018_475_48h,,27,PCC,C,2.5633383355179284,0.0,0.0,0.2633455991744995,1.1590750217437744,53.24800137329102,0.29333972930908203
observed_test,v2_2018_475_48h,,28,PCC,A,2.6216674183795305,0.0,0.0,0.3060445785522461,1.157349944114685,53.24800137329102,0.2601999342441559
observed_test,v2_2018_475_48h,,28,PCC,B,2.6216674183795305,0.0,0.0,0.3060445785522461,1.157349944114685,53.24800137329102,0.2601999342441559
observed_test,v2_2018_475_48h,,28,PCC,C,2.6216674183795305,0.0,0.0,0.3060445785522461,1.157349944114685,53.24800137329102,0.2601999342441559
observed_test,v2_2018_475_48h,,29,PCC,A,2.597916932709332,0.0,0.0,0.2850128710269928,1.1606500148773193,53.24800137329102,0.24825310707092285
observed_test,v2_2018_475_48h,,29,PCC,B,2.597916932709332,0.0,0.0,0.2850128710269928,1.1606500148773193,53.24800137329102,0.24825310707092285
observed_test,v2_2018_475_48h,,29,PCC,C,2.597916932709332,0.0,0.0,0.2850128710269928,1.1606500148773193,53.24800137329102,0.24825310707092285
observed_test,v2_2018_475_48h,,30,PCC,A,2.807205114685619,0.0,0.05938333387558276,0.4131304621696472,1.171375036239624,53.24800137329102,0.23572802543640137
observed_test,v2_2018_475_48h,,30,PCC,B,2.807205114685619,0.0,0.05938333387558276,0.4131304621696472,1.171375036239624,53.24800137329102,0.23572802543640137
observed_test,v2_2018_475_48h,,30,PCC,C,2.807205114685619,0.0,0.05938333387558276,0.4131304621696472,1.171375036239624,53.24800137329102,0.23572802543640137
observed_test,v2_2018_475_48h,,31,PCC,A,3.0952993959040374,0.0,0.293970824434207,0.5887197852134705,1.1842750310897827,53.24800137329102,0.2278219312429428
observed_test,v2_2018_475_48h,,31,PCC,B,3.0952993959040374,0.0,0.293970824434207,0.5887197852134705,1.1842750310897827,53.24800137329102,0.2278219312429428
observed_test,v2_2018_475_48h,,31,PCC,C,3.0952993959040374,0.0,0.293970824434207,0.5887197852134705,1.1842750310897827,53.24800137329102,0.2278219312429428
observed_test,v2_2018_475_48h,,32,PCC,A,2.8721700753183677,0.0,0.5861375194329481,0.41616514325141907,1.199049949645996,53.24800137329102,0.22451649606227875
observed_test,v2_2018_475_48h,,32,PCC,B,2.8721700753183677,0.0,0.5861375194329481,0.41616514325141907,1.199049949645996,53.24800137329102,0.22451649606227875
observed_test,v2_2018_475_48h,,32,PCC,C,2.8721700753183677,0.0,0.5861375194329481,0.41616514325141907,1.199049949645996,53.24800137329102,0.22451649606227875
observed_test,v2_2018_475_48h,,33,PCC,A,3.0402399948520085,0.0,0.824854179070546,0.5137431621551514,1.2085000276565552,53.24800137329102,0.22739911079406738
observed_test,v2_2018_475_48h,,33,PCC,B,3.0402399948520085,0.0,0.824854179070546,0.5137431621551514,1.2085000276565552,53.24800137329102,0.22739911079406738
observed_test,v2_2018_475_48h,,33,PCC,C,3.0402399948520085,0.0,0.824854179070546,0.5137431621551514,1.2085000276565552,53.24800137329102,0.22739911079406738
observed_test,v2_2018_475_48h,,34,PCC,A,2.827005694902456,0.0,0.9852917148516728,0.3643687963485718,1.2143499851226807,53.24800137329102,0.2333221286535263
observed_test,v2_2018_475_48h,,34,PCC,B,2.827005694902456,0.0,0.9852917148516728,0.3643687963485718,1.2143499851226807,53.24800137329102,0.2333221286535263
observed_test,v2_2018_475_48h,,34,PCC,C,2.827005694902456,0.0,0.9852917148516728,0.3643687963485718,1.2143499851226807,53.24800137329102,0.2333221286535263
observed_test,v2_2018_475_48h,,35,PCC,A,2.829120901217872,0.0,1.0149708160987265,0.36136627197265625,1.2174999713897705,53.24800137329102,0.23899239301681519
observed_test,v2_2018_475_48h,,35,PCC,B,2.829120901217872,0.0,1.0149708160987265,0.36136627197265625,1.2174999713897705,53.24800137329102,0.23899239301681519
observed_test,v2_2018_475_48h,,35,PCC,C,2.829120901217872,0.0,1.0149708160987265,0.36136627197265625,1.2174999713897705,53.24800137329102,0.23899239301681519
observed_test,v2_2018_475_48h,,36,PCC,A,3.1029632208723874,0.0,0.9539624819388756,0.5383059978485107,1.2194499969482422,53.24800137329102,0.2420308142900467
observed_test,v2_2018_475_48h,,36,PCC,B,3.1029632208723874,0.0,0.9539624819388756,0.5383059978485107,1.2194499969482422,53.24800137329102,0.2420308142900467
observed_test,v2_2018_475_48h,,36,PCC,C,3.1029632208723874,0.0,0.9539624819388756,0.5383059978485107,1.2194499969482422,53.24800137329102,0.2420308142900467
observed_test,v2_2018_475_48h,,37,PCC,A,3.203845769759127,0.0,0.9417083400946397,0.6031783223152161,1.2202749252319336,53.24800137329102,0.24318714439868927
observed_test,v2_2018_475_48h,,37,PCC,B,3.203845769759127,0.0,0.9417083400946397,0.6031783223152161,1.2202749252319336,53.24800137329102,0.24318714439868927
observed_test,v2_2018_475_48h,,37,PCC,C,3.203845769759127,0.0,0.9417083400946397,0.6031783223152161,1.2202749252319336,53.24800137329102,0.24318714439868927
observed_test,v2_2018_475_48h,,38,PCC,A,3.2989665299180757,0.0,0.8284708055166097,0.6654155254364014,1.2203500270843506,53.24800137329102,0.254604309797287
observed_test,v2_2018_475_48h,,38,PCC,B,3.2989665299180757,0.0,0.8284708055166097,0.6654155254364014,1.2203500270843506,53.24800137329102,0.254604309797287
observed_test,v2_2018_475_48h,,38,PCC,C,3.2989665299180757,0.0,0.8284708055166097,0.6654155254364014,1.2203500270843506,53.24800137329102,0.254604309797287
observed_test,v2_2018_475_48h,,39,PCC,A,3.074851827224464,0.0,0.4265916748688771,0.5210045576095581,1.2186999320983887,53.24800137329102,0.2590092718601227
observed_test,v2_2018_475_48h,,39,PCC,B,3.074851827224464,0.0,0.4265916748688771,0.5210045576095581,1.2186999320983887,53.24800137329102,0.2590092718601227
observed_test,v2_2018_475_48h,,39,PCC,C,3.074851827224464,0.0,0.4265916748688771,0.5210045576095581,1.2186999320983887,53.24800137329102,0.2590092718601227
observed_test,v2_2018_475_48h,,40,PCC,A,3.131175010452678,0.0,0.22111666890291068,0.5631123185157776,1.215399980545044,53.24800137329102,0.2726680636405945
observed_test,v2_2018_475_48h,,40,PCC,B,3.131175010452678,0.0,0.22111666890291068,0.5631123185157776,1.215399980545044,53.24800137329102,0.2726680636405945
observed_test,v2_2018_475_48h,,40,PCC,C,3.131175010452678,0.0,0.22111666890291068,0.5631123185157776,1.215399980545044,53.24800137329102,0.2726680636405945
observed_test,v2_2018_475_48h,,41,PCC,A,3.0462616988745648,0.0,0.11507916765717359,0.5185338854789734,1.2079750299453735,53.24800137329102,0.2878139019012451
observed_test,v2_2018_475_48h,,41,PCC,B,3.0462616988745648,0.0,0.11507916765717359,0.5185338854789734,1.2079750299453735,53.24800137329102,0.2878139019012451
observed_test,v2_2018_475_48h,,41,PCC,C,3.0462616988745648,0.0,0.11507916765717359,0.5185338854789734,1.2079750299453735,53.24800137329102,0.2878139019012451
observed_test,v2_2018_475_48h,,42,PCC,A,3.001892901844878,0.0,0.0159541664358515,0.501911997795105,1.1995749473571777,53.24800137329102,0.29619458317756653
observed_test,v2_2018_475_48h,,42,PCC,B,3.001892901844878,0.0,0.0159541664358515,0.501911997795105,1.1995749473571777,53.24800137329102,0.29619458317756653
observed_test,v2_2018_475_48h,,42,PCC,C,3.001892901844878,0.0,0.0159541664358515,0.501911997795105,1.1995749473571777,53.24800137329102,0.29619458317756653
observed_test,v2_2018_475_48h,,43,PCC,A,3.073788518979929,0.0,0.0,0.5692486763000488,1.1873500347137451,53.24800137329102,0.3040914833545685
observed_test,v2_2018_475_48h,,43,PCC,B,3.073788518979929,0.0,0.0,0.5692486763000488,1.1873500347137451,53.24800137329102,0.3040914833545685
observed_test,v2_2018_475_48h,,43,PCC,C,3.073788518979929,0.0,0.0,0.5692486763000488,1.1873500347137451,53.24800137329102,0.3040914833545685
observed_test,v2_2018_475_48h,,44,PCC,A,2.89583122897025,0.0,0.0,0.458400696516037,1.1813499927520752,53.24800137329102,0.29918941855430603
observed_test,v2_2018_475_48h,,44,PCC,B,2.89583122897025,0.0,0.0,0.458400696516037,1.1813499927520752,53.24800137329102,0.29918941855430603
observed_test,v2_2018_475_48h,,44,PCC,C,2.89583122897025,0.0,0.0,0.458400696516037,1.1813499927520752,53.24800137329102,0.29918941855430603
observed_test,v2_2018_475_48h,,45,PCC,A,2.796515485770229,0.0,0.0,0.39928483963012695,1.1757999658584595,53.24800137329102,0.2978053689002991
observed_test,v2_2018_475_48h,,45,PCC,B,2.796515485770229,0.0,0.0,0.39928483963012695,1.1757999658584595,53.24800137329102,0.2978053689002991
observed_test,v2_2018_475_48h,,45,PCC,C,2.796515485770229,0.0,0.0,0.39928483963012695,1.1757999658584595,53.24800137329102,0.2978053689002991
observed_test,v2_2018_475_48h,,46,PCC,A,2.735957496152791,0.0,0.0,0.3637107312679291,1.1719000339508057,53.24800137329102,0.29706329107284546
observed_test,v2_2018_475_48h,,46,PCC,B,2.735957496152791,0.0,0.0,0.3637107312679291,1.1719000339508057,53.24800137329102,0.29706329107284546
observed_test,v2_2018_475_48h,,46,PCC,C,2.735957496152791,0.0,0.0,0.3637107312679291,1.1719000339508057,53.24800137329102,0.29706329107284546
observed_test,v2_2018_475_48h,,47,PCC,A,2.7074712320105143,0.0,0.0,0.34759950637817383,1.1695749759674072,53.24800137329102,0.2957090437412262
observed_test,v2_2018_475_48h,,47,PCC,B,2.7074712320105143,0.0,0.0,0.34759950637817383,1.1695749759674072,53.24800137329102,0.2957090437412262
observed_test,v2_2018_475_48h,,47,PCC,C,2.7074712320105143,0.0,0.0,0.34759950637817383,1.1695749759674072,53.24800137329102,0.2957090437412262
observed_test,v2_2018_477_48h,,0,PCC,A,2.627275818060358,0.0,0.0,0.29431068897247314,1.1684499979019165,53.24800137329102,0.36483490467071533
observed_test,v2_2018_477_48h,,0,PCC,B,2.627275818060358,0.0,0.0,0.29431068897247314,1.1684499979019165,53.24800137329102,0.36483490467071533
observed_test,v2_2018_477_48h,,0,PCC,C,2.627275818060358,0.0,0.0,0.29431068897247314,1.1684499979019165,53.24800137329102,0.36483490467071533
observed_test,v2_2018_477_48h,,1,PCC,A,2.655127143593416,0.0,0.0,0.3179371654987335,1.1652250289916992,34.72425106811524,0.36075425148010254
observed_test,v2_2018_477_48h,,1,PCC,B,2.655127143593416,0.0,0.0,0.3179371654987335,1.1652250289916992,34.72425106811524,0.36075425148010254
observed_test,v2_2018_477_48h,,1,PCC,C,2.655127143593416,0.0,0.0,0.3179371654987335,1.1652250289916992,34.72425106811524,0.36075425148010254
observed_test,v2_2018_477_48h,,2,PCC,A,2.5107858508509473,0.0,0.0,0.2232462614774704,1.161924958229065,34.72425106811524,0.35972312092781067
observed_test,v2_2018_477_48h,,2,PCC,B,2.5107858508509473,0.0,0.0,0.2232462614774704,1.161924958229065,34.72425106811524,0.35972312092781067
observed_test,v2_2018_477_48h,,2,PCC,C,2.5107858508509473,0.0,0.0,0.2232462614774704,1.161924958229065,34.72425106811524,0.35972312092781067
observed_test,v2_2018_477_48h,,3,PCC,A,2.5630387895777638,0.0,0.0,0.2633455991744995,1.15892493724823,34.72425106811524,0.358291894197464
observed_test,v2_2018_477_48h,,3,PCC,B,2.5630387895777638,0.0,0.0,0.2633455991744995,1.15892493724823,34.72425106811524,0.358291894197464
observed_test,v2_2018_477_48h,,3,PCC,C,2.5630387895777638,0.0,0.0,0.2633455991744995,1.15892493724823,34.72425106811524,0.358291894197464
observed_test,v2_2018_477_48h,,4,PCC,A,2.619362088139629,0.0,0.0,0.3060445785522461,1.1562249660491943,34.72425106811524,0.33894482254981995
observed_test,v2_2018_477_48h,,4,PCC,B,2.619362088139629,0.0,0.0,0.3060445785522461,1.1562249660491943,34.72425106811524,0.33894482254981995
observed_test,v2_2018_477_48h,,4,PCC,C,2.619362088139629,0.0,0.0,0.3060445785522461,1.1562249660491943,34.72425106811524,0.33894482254981995
observed_test,v2_2018_477_48h,,5,PCC,A,2.5919997768450354,0.0,0.0,0.2850128710269928,1.1577249765396118,34.72425106811524,0.3224259614944458
observed_test,v2_2018_477_48h,,5,PCC,B,2.5919997768450354,0.0,0.0,0.2850128710269928,1.1577249765396118,34.72425106811524,0.3224259614944458
observed_test,v2_2018_477_48h,,5,PCC,C,2.5919997768450354,0.0,0.0,0.2850128710269928,1.1577249765396118,34.72425106811524,0.3224259614944458
observed_test,v2_2018_477_48h,,6,PCC,A,2.7970535407094927,0.0,0.0572958316367406,0.4131304621696472,1.1667249202728271,53.24800137329102,0.30066433548927307
observed_test,v2_2018_477_48h,,6,PCC,B,2.7970535407094927,0.0,0.0572958316367406,0.4131304621696472,1.1667249202728271,53.24800137329102,0.30066433548927307
observed_test,v2_2018_477_48h,,6,PCC,C,2.7970535407094927,0.0,0.0572958316367406,0.4131304621696472,1.1667249202728271,53.24800137329102,0.30066433548927307
observed_test,v2_2018_477_48h,,7,PCC,A,3.08034315795453,0.0,0.29245832791695225,0.5887197852134705,1.178049921989441,53.24800137329102,0.28425970673561096
observed_test,v2_2018_477_48h,,7,PCC,B,3.08034315795453,0.0,0.29245832791695225,0.5887197852134705,1.178049921989441,53.24800137329102,0.28425970673561096
observed_test,v2_2018_477_48h,,7,PCC,C,3.08034315795453,0.0,0.29245832791695225,0.5887197852134705,1.178049921989441,53.24800137329102,0.28425970673561096
observed_test,v2_2018_477_48h,,8,PCC,A,2.8595409382494297,0.0,0.5777083337306975,0.41616514325141907,1.193274974822998,53.24800137329102,0.27591580152511597
observed_test,v2_2018_477_48h,,8,PCC,B,2.8595409382494297,0.0,0.5777083337306975,0.41616514325141907,1.193274974822998,53.24800137329102,0.27591580152511597
observed_test,v2_2018_477_48h,,8,PCC,C,2.8595409382494297,0.0,0.5777083337306975,0.41616514325141907,1.193274974822998,53.24800137329102,0.27591580152511597
observed_test,v2_2018_477_48h,,9,PCC,A,3.0310622555682585,0.0,0.8148250098411852,0.5137431621551514,1.2045249938964844,53.24800137329102,0.27366191148757935
observed_test,v2_2018_477_48h,,9,PCC,B,3.0310622555682585,0.0,0.8148250098411852,0.5137431621551514,1.2045249938964844,53.24800137329102,0.27366191148757935
observed_test,v2_2018_477_48h,,9,PCC,C,3.0310622555682585,0.0,0.8148250098411852,0.5137431621551514,1.2045249938964844,53.24800137329102,0.27366191148757935
observed_test,v2_2018_477_48h,,10,PCC,A,2.8131587277163823,0.0,0.9374458056229811,0.3643687963485718,1.207824945449829,53.24800137329102,0.2816779613494873
observed_test,v2_2018_477_48h,,10,PCC,B,2.8131587277163823,0.0,0.9374458056229811,0.3643687963485718,1.207824945449829,53.24800137329102,0.2816779613494873
observed_test,v2_2018_477_48h,,10,PCC,C,2.8131587277163823,0.0,0.9374458056229811,0.3643687963485718,1.207824945449829,53.24800137329102,0.2816779613494873
observed_test,v2_2018_477_48h,,11,PCC,A,2.811644315578633,0.0,0.9740832906502943,0.36136627197265625,1.2092499732971191,53.24800137329102,0.3064112663269043
observed_test,v2_2018_477_48h,,11,PCC,B,2.811644315578633,0.0,0.9740832906502943,0.36136627197265625,1.2092499732971191,53.24800137329102,0.3064112663269043
observed_test,v2_2018_477_48h,,11,PCC,C,2.811644315578633,0.0,0.9740832906502943,0.36136627197265625,1.2092499732971191,53.24800137329102,0.3064112663269043
observed_test,v2_2018_477_48h,,12,PCC,A,3.0840127958919936,0.0,1.0060750521146333,0.5383059978485107,1.2113499641418457,53.24800137329102,0.3105011582374573
observed_test,v2_2018_477_48h,,12,PCC,B,3.0840127958919936,0.0,1.0060750521146333,0.5383059978485107,1.2113499641418457,53.24800137329102,0.3105011582374573
observed_test,v2_2018_477_48h,,12,PCC,C,3.0840127958919936,0.0,1.0060750521146333,0.5383059978485107,1.2113499641418457,53.24800137329102,0.3105011582374573
observed_test,v2_2018_477_48h,,13,PCC,A,3.189866637189361,0.0,0.7865708607893723,0.6031783223152161,1.2144999504089355,53.24800137329102,0.29495617747306824
observed_test,v2_2018_477_48h,,13,PCC,B,3.189866637189361,0.0,0.7865708607893723,0.6031783223152161,1.2144999504089355,53.24800137329102,0.29495617747306824
observed_test,v2_2018_477_48h,,13,PCC,C,3.189866637189361,0.0,0.7865708607893723,0.6031783223152161,1.2144999504089355,53.24800137329102,0.29495617747306824
observed_test,v2_2018_477_48h,,14,PCC,A,3.289222501519158,0.0,0.7577416415397936,0.6654155254364014,1.2164499759674072,53.24800137329102,0.27724555134773254
observed_test,v2_2018_477_48h,,14,PCC,B,3.289222501519158,0.0,0.7577416415397936,0.6654155254364014,1.2164499759674072,53.24800137329102,0.27724555134773254
observed_test,v2_2018_477_48h,,14,PCC,C,3.289222501519158,0.0,0.7577416415397936,0.6654155254364014,1.2164499759674072,53.24800137329102,0.27724555134773254
observed_test,v2_2018_477_48h,,15,PCC,A,3.0692889957003806,0.0,0.7155875173898844,0.5210045576095581,1.2163000106811523,53.24800137329102,0.27965736389160156
observed_test,v2_2018_477_48h,,15,PCC,B,3.0692889957003806,0.0,0.7155875173898844,0.5210045576095581,1.2163000106811523,53.24800137329102,0.27965736389160156
observed_test,v2_2018_477_48h,,15,PCC,C,3.0692889957003806,0.0,0.7155875173898844,0.5210045576095581,1.2163000106811523,53.24800137329102,0.27965736389160156
observed_test,v2_2018_477_48h,,16,PCC,A,3.1285081857517714,0.0,0.5151374981953547,0.5631123185157776,1.2142750024795532,53.24800137329102,0.2869911193847656
observed_test,v2_2018_477_48h,,16,PCC,B,3.1285081857517714,0.0,0.5151374981953547,0.5631123185157776,1.2142750024795532,53.24800137329102,0.2869911193847656
observed_test,v2_2018_477_48h,,16,PCC,C,3.1285081857517714,0.0,0.5151374981953547,0.5631123185157776,1.2142750024795532,53.24800137329102,0.2869911193847656
observed_test,v2_2018_477_48h,,17,PCC,A,3.0493865534967246,0.0,0.29370833474856156,0.5185338854789734,1.2093249559402466,53.24800137329102,0.2951517403125763
observed_test,v2_2018_477_48h,,17,PCC,B,3.0493865534967246,0.0,0.29370833474856156,0.5185338854789734,1.2093249559402466,53.24800137329102,0.2951517403125763
observed_test,v2_2018_477_48h,,17,PCC,C,3.0493865534967246,0.0,0.29370833474856156,0.5185338854789734,1.2093249559402466,53.24800137329102,0.2951517403125763
observed_test,v2_2018_477_48h,,18,PCC,A,3.007054702173528,0.0,0.0662958321089928,0.501911997795105,1.2018250226974487,121.88174847412108,0.3107438087463379
observed_test,v2_2018_477_48h,,18,PCC,B,3.007054702173528,0.0,0.0662958321089928,0.501911997795105,1.2018250226974487,121.88174847412108,0.3107438087463379
observed_test,v2_2018_477_48h,,18,PCC,C,3.007054702173528,0.0,0.0662958321089928,0.501911997795105,1.2018250226974487,121.88174847412108,0.3107438087463379
observed_test,v2_2018_477_48h,,19,PCC,A,3.0887712869858226,0.0,0.0,0.5692486763000488,1.1936500072479248,121.88174847412108,0.3241565525531769
observed_test,v2_2018_477_48h,,19,PCC,B,3.0887712869858226,0.0,0.0,0.5692486763000488,1.1936500072479248,121.88174847412108,0.3241565525531769
observed_test,v2_2018_477_48h,,19,PCC,C,3.0887712869858226,0.0,0.0,0.5692486763000488,1.1936500072479248,121.88174847412108,0.3241565525531769
observed_test,v2_2018_477_48h,,20,PCC,A,2.9153163660204675,0.0,0.0,0.458400696516037,1.1900500059127808,121.88174847412108,0.3228759467601776
observed_test,v2_2018_477_48h,,20,PCC,B,2.9153163660204675,0.0,0.0,0.458400696516037,1.1900500059127808,121.88174847412108,0.3228759467601776
observed_test,v2_2018_477_48h,,20,PCC,C,2.9153163660204675,0.0,0.0,0.458400696516037,1.1900500059127808,121.88174847412108,0.3228759467601776
observed_test,v2_2018_477_48h,,21,PCC,A,2.818768814061144,0.0,0.0,0.39928483963012695,1.18607497215271,53.24800137329102,0.3177696466445923
observed_test,v2_2018_477_48h,,21,PCC,B,2.818768814061144,0.0,0.0,0.39928483963012695,1.18607497215271,53.24800137329102,0.3177696466445923
observed_test,v2_2018_477_48h,,21,PCC,C,2.818768814061144,0.0,0.0,0.39928483963012695,1.18607497215271,53.24800137329102,0.3177696466445923
observed_test,v2_2018_477_48h,,22,PCC,A,2.757912980271373,0.0,0.0,0.3637107312679291,1.1822500228881836,53.24800137329102,0.319837749004364
observed_test,v2_2018_477_48h,,22,PCC,B,2.757912980271373,0.0,0.0,0.3637107312679291,1.1822500228881836,53.24800137329102,0.319837749004364
observed_test,v2_2018_477_48h,,22,PCC,C,2.757912980271373,0.0,0.0,0.3637107312679291,1.1822500228881836,53.24800137329102,0.319837749004364
observed_test,v2_2018_477_48h,,23,PCC,A,2.7266969606780265,0.0,0.0,0.34759950637817383,1.178725004196167,53.24800137329102,0.32414963841438293
observed_test,v2_2018_477_48h,,23,PCC,B,2.7266969606780265,0.0,0.0,0.34759950637817383,1.178725004196167,53.24800137329102,0.32414963841438293
observed_test,v2_2018_477_48h,,23,PCC,C,2.7266969606780265,0.0,0.0,0.34759950637817383,1.178725004196167,53.24800137329102,0.32414963841438293
observed_test,v2_2018_477_48h,,24,PCC,A,2.642840200113291,0.0,0.0,0.29431068897247314,1.1761000156402588,53.24800137329102,0.33228906989097595
observed_test,v2_2018_477_48h,,24,PCC,B,2.642840200113291,0.0,0.0,0.29431068897247314,1.1761000156402588,53.24800137329102,0.33228906989097595
observed_test,v2_2018_477_48h,,24,PCC,C,2.642840200113291,0.0,0.0,0.29431068897247314,1.1761000156402588,53.24800137329102,0.33228906989097595
observed_test,v2_2018_477_48h,,25,PCC,A,2.673549049782524,0.0,0.0,0.3179371654987335,1.174149990081787,34.72425106811524,0.33377763628959656
observed_test,v2_2018_477_48h,,25,PCC,B,2.673549049782524,0.0,0.0,0.3179371654987335,1.174149990081787,34.72425106811524,0.33377763628959656
observed_test,v2_2018_477_48h,,25,PCC,C,2.673549049782524,0.0,0.0,0.3179371654987335,1.174149990081787,34.72425106811524,0.33377763628959656
observed_test,v2_2018_477_48h,,26,PCC,A,2.5323834973840813,0.0,0.0,0.2232462614774704,1.1730250120162964,34.72425106811524,0.33147165179252625
observed_test,v2_2018_477_48h,,26,PCC,B,2.5323834973840813,0.0,0.0,0.2232462614774704,1.1730250120162964,34.72425106811524,0.33147165179252625
observed_test,v2_2018_477_48h,,26,PCC,C,2.5323834973840813,0.0,0.0,0.2232462614774704,1.1730250120162964,34.72425106811524,0.33147165179252625
observed_test,v2_2018_477_48h,,27,PCC,A,2.589833043067472,0.0,0.0,0.2633455991744995,1.1723499298095703,34.72425106811524,0.32121407985687256
observed_test,v2_2018_477_48h,,27,PCC,B,2.589833043067472,0.0,0.0,0.2633455991744995,1.1723499298095703,34.72425106811524,0.32121407985687256
observed_test,v2_2018_477_48h,,27,PCC,C,2.589833043067472,0.0,0.0,0.2633455991744995,1.1723499298095703,34.72425106811524,0.32121407985687256
observed_test,v2_2018_477_48h,,28,PCC,A,2.6490245576087452,0.0,0.0,0.3060445785522461,1.170699954032898,34.72425106811524,0.2928297519683838
observed_test,v2_2018_477_48h,,28,PCC,B,2.6490245576087452,0.0,0.0,0.3060445785522461,1.170699954032898,34.72425106811524,0.2928297519683838
observed_test,v2_2018_477_48h,,28,PCC,C,2.6490245576087452,0.0,0.0,0.3060445785522461,1.170699954032898,34.72425106811524,0.2928297519683838
observed_test,v2_2018_477_48h,,29,PCC,A,2.619005949194176,0.0,0.0,0.2850128710269928,1.1710749864578247,34.72425106811524,0.2800494432449341
observed_test,v2_2018_477_48h,,29,PCC,B,2.619005949194176,0.0,0.0,0.2850128710269928,1.1710749864578247,34.72425106811524,0.2800494432449341
observed_test,v2_2018_477_48h,,29,PCC,C,2.619005949194176,0.0,0.0,0.2850128710269928,1.1710749864578247,34.72425106811524,0.2800494432449341
observed_test,v2_2018_477_48h,,30,PCC,A,2.8211221502045203,0.0,0.05626250058412551,0.4131304621696472,1.1777499914169312,53.24800137329102,0.2751381993293762
observed_test,v2_2018_477_48h,,30,PCC,B,2.8211221502045203,0.0,0.05626250058412551,0.4131304621696472,1.1777499914169312,53.24800137329102,0.2751381993293762
observed_test,v2_2018_477_48h,,30,PCC,C,2.8211221502045203,0.0,0.05626250058412551,0.4131304621696472,1.1777499914169312,53.24800137329102,0.2751381993293762
observed_test,v2_2018_477_48h,,31,PCC,A,3.1062908846782284,0.0,0.2860583364963531,0.5887197852134705,1.188849925994873,53.24800137329102,0.273440420627594
observed_test,v2_2018_477_48h,,31,PCC,B,3.1062908846782284,0.0,0.2860583364963531,0.5887197852134705,1.188849925994873,53.24800137329102,0.273440420627594
observed_test,v2_2018_477_48h,,31,PCC,C,3.1062908846782284,0.0,0.2860583364963531,0.5887197852134705,1.188849925994873,53.24800137329102,0.273440420627594
observed_test,v2_2018_477_48h,,32,PCC,A,2.881026947227791,0.0,0.5808708186332996,0.41616514325141907,1.2030999660491943,53.24800137329102,0.2749433219432831
observed_test,v2_2018_477_48h,,32,PCC,B,2.881026947227791,0.0,0.5808708186332996,0.41616514325141907,1.2030999660491943,53.24800137329102,0.2749433219432831
observed_test,v2_2018_477_48h,,32,PCC,C,2.881026947227791,0.0,0.5808708186332996,0.41616514325141907,1.2030999660491943,53.24800137329102,0.2749433219432831
observed_test,v2_2018_477_48h,,33,PCC,A,3.051322366189846,0.0,0.835704173033054,0.5137431621551514,1.2132999897003174,53.24800137329102,0.2761172354221344
observed_test,v2_2018_477_48h,,33,PCC,B,3.051322366189846,0.0,0.835704173033054,0.5137431621551514,1.2132999897003174,53.24800137329102,0.2761172354221344
observed_test,v2_2018_477_48h,,33,PCC,C,3.051322366189846,0.0,0.835704173033054,0.5137431621551514,1.2132999897003174,53.24800137329102,0.2761172354221344
observed_test,v2_2018_477_48h,,34,PCC,A,2.8381468165568458,0.0,1.0165458688369162,0.3643687963485718,1.219599962234497,53.24800137329102,0.280690461397171
observed_test,v2_2018_477_48h,,34,PCC,B,2.8381468165568458,0.0,1.0165458688369162,0.3643687963485718,1.219599962234497,53.24800137329102,0.280690461397171
observed_test,v2_2018_477_48h,,34,PCC,C,2.8381468165568458,0.0,1.0165458688369162,0.3643687963485718,1.219599962234497,53.24800137329102,0.280690461397171
observed_test,v2_2018_477_48h,,35,PCC,A,2.8427845375959655,0.0,1.1189333521402798,0.36136627197265625,1.2239500284194946,53.24800137329102,0.28519904613494873
observed_test,v2_2018_477_48h,,35,PCC,B,2.8427845375959655,0.0,1.1189333521402798,0.36136627197265625,1.2239500284194946,53.24800137329102,0.28519904613494873
observed_test,v2_2018_477_48h,,35,PCC,C,2.8427845375959655,0.0,1.1189333521402798,0.36136627197265625,1.2239500284194946,53.24800137329102,0.28519904613494873
observed_test,v2_2018_477_48h,,36,PCC,A,3.1208608134765377,0.0,1.088020778619326,0.5383059978485107,1.2271000146865845,53.24800137329102,0.2889251112937927
observed_test,v2_2018_477_48h,,36,PCC,B,3.1208608134765377,0.0,1.088020778619326,0.5383059978485107,1.2271000146865845,53.24800137329102,0.2889251112937927
observed_test,v2_2018_477_48h,,36,PCC,C,3.1208608134765377,0.0,1.088020778619326,0.5383059978485107,1.2271000146865845,53.24800137329102,0.2889251112937927
observed_test,v2_2018_477_48h,,37,PCC,A,3.2241793420596916,0.0,1.042191684246063,0.6031783223152161,1.2286750078201294,53.24800137329102,0.2811610698699951
observed_test,v2_2018_477_48h,,37,PCC,B,3.2241793420596916,0.0,1.042191684246063,0.6031783223152161,1.2286750078201294,53.24800137329102,0.2811610698699951
observed_test,v2_2018_477_48h,,37,PCC,C,3.2241793420596916,0.0,1.042191684246063,0.6031783223152161,1.2286750078201294,53.24800137329102,0.2811610698699951
observed_test,v2_2018_477_48h,,38,PCC,A,3.3199533014396962,0.0,1.0020332840772774,0.6654155254364014,1.2287499904632568,53.24800137329102,0.2821037173271179
observed_test,v2_2018_477_48h,,38,PCC,B,3.3199533014396962,0.0,1.0020332840772774,0.6654155254364014,1.2287499904632568,53.24800137329102,0.2821037173271179
observed_test,v2_2018_477_48h,,38,PCC,C,3.3199533014396962,0.0,1.0020332840772774,0.6654155254364014,1.2287499904632568,53.24800137329102,0.2821037173271179
observed_test,v2_2018_477_48h,,39,PCC,A,3.0943225665123903,0.0,0.8216750163298386,0.5210045576095581,1.2271000146865845,53.24800137329102,0.28912773728370667
observed_test,v2_2018_477_48h,,39,PCC,B,3.0943225665123903,0.0,0.8216750163298386,0.5210045576095581,1.2271000146865845,53.24800137329102,0.28912773728370667
observed_test,v2_2018_477_48h,,39,PCC,C,3.0943225665123903,0.0,0.8216750163298386,0.5210045576095581,1.2271000146865845,53.24800137329102,0.28912773728370667
observed_test,v2_2018_477_48h,,40,PCC,A,3.154465712815648,0.0,0.568649975153116,0.5631123185157776,1.2252249717712402,53.24800137329102,0.3023739159107208
observed_test,v2_2018_477_48h,,40,PCC,B,3.154465712815648,0.0,0.568649975153116,0.5631123185157776,1.2252249717712402,53.24800137329102,0.3023739159107208
observed_test,v2_2018_477_48h,,40,PCC,C,3.154465712815648,0.0,0.568649975153116,0.5631123185157776,1.2252249717712402,53.24800137329102,0.3023739159107208
observed_test,v2_2018_477_48h,,41,PCC,A,3.073345060031975,0.0,0.2993708333143821,0.5185338854789734,1.2196749448776245,53.24800137329102,0.3217485249042511
observed_test,v2_2018_477_48h,,41,PCC,B,3.073345060031975,0.0,0.2993708333143821,0.5185338854789734,1.2196749448776245,53.24800137329102,0.3217485249042511
observed_test,v2_2018_477_48h,,41,PCC,C,3.073345060031975,0.0,0.2993708333143821,0.5185338854789734,1.2196749448776245,53.24800137329102,0.3217485249042511
observed_test,v2_2018_477_48h,,42,PCC,A,3.0251203196416383,0.0,0.0637083314359188,0.501911997795105,1.2096999883651733,121.88174847412108,0.34076350927352905
observed_test,v2_2018_477_48h,,42,PCC,B,3.0251203196416383,0.0,0.0637083314359188,0.501911997795105,1.2096999883651733,121.88174847412108,0.34076350927352905
observed_test,v2_2018_477_48h,,42,PCC,C,3.0251203196416383,0.0,0.0637083314359188,0.501911997795105,1.2096999883651733,121.88174847412108,0.34076350927352905
observed_test,v2_2018_477_48h,,43,PCC,A,3.0966193225583916,0.0,0.0,0.5692486763000488,1.1969499588012695,121.88174847412108,0.3609183728694916
observed_test,v2_2018_477_48h,,43,PCC,B,3.0966193225583916,0.0,0.0,0.5692486763000488,1.1969499588012695,121.88174847412108,0.3609183728694916
observed_test,v2_2018_477_48h,,43,PCC,C,3.0966193225583916,0.0,0.0,0.5692486763000488,1.1969499588012695,121.88174847412108,0.3609183728694916
observed_test,v2_2018_477_48h,,44,PCC,A,2.917500070490586,0.0,0.0,0.458400696516037,1.1910250186920166,121.88174847412108,0.3623015284538269
observed_test,v2_2018_477_48h,,44,PCC,B,2.917500070490586,0.0,0.0,0.458400696516037,1.1910250186920166,121.88174847412108,0.3623015284538269
observed_test,v2_2018_477_48h,,44,PCC,C,2.917500070490586,0.0,0.0,0.458400696516037,1.1910250186920166,121.88174847412108,0.3623015284538269
observed_test,v2_2018_477_48h,,45,PCC,A,2.8177941837048714,0.0,0.0,0.39928483963012695,1.1856249570846558,53.24800137329102,0.3601513206958771
observed_test,v2_2018_477_48h,,45,PCC,B,2.8177941837048714,0.0,0.0,0.39928483963012695,1.1856249570846558,53.24800137329102,0.3601513206958771
observed_test,v2_2018_477_48h,,45,PCC,C,2.8177941837048714,0.0,0.0,0.39928483963012695,1.1856249570846558,53.24800137329102,0.3601513206958771
observed_test,v2_2018_477_48h,,46,PCC,A,2.7553672446442072,0.0,0.0,0.3637107312679291,1.1810499429702759,53.24800137329102,0.36570608615875244
observed_test,v2_2018_477_48h,,46,PCC,B,2.7553672446442072,0.0,0.0,0.3637107312679291,1.1810499429702759,53.24800137329102,0.36570608615875244
observed_test,v2_2018_477_48h,,46,PCC,C,2.7553672446442072,0.0,0.0,0.3637107312679291,1.1810499429702759,53.24800137329102,0.36570608615875244
observed_test,v2_2018_477_48h,,47,PCC,A,2.724963398896435,0.0,0.0,0.34759950637817383,1.177899956703186,53.24800137329102,0.3693509101867676
observed_test,v2_2018_477_48h,,47,PCC,B,2.724963398896435,0.0,0.0,0.34759950637817383,1.177899956703186,53.24800137329102,0.3693509101867676
observed_test,v2_2018_477_48h,,47,PCC,C,2.724963398896435,0.0,0.0,0.34759950637817383,1.177899956703186,53.24800137329102,0.3693509101867676
observed_test,v2_2018_413_48h,,0,PCC,A,2.589738233557025,0.0,0.0,0.29431068897247314,1.149999976158142,53.24800137329102,0.21771878004074097
observed_test,v2_2018_413_48h,,0,PCC,B,2.589738233557025,0.0,0.0,0.29431068897247314,1.149999976158142,53.24800137329102,0.21771878004074097
observed_test,v2_2018_413_48h,,0,PCC,C,2.589738233557025,0.0,0.0,0.29431068897247314,1.149999976158142,53.24800137329102,0.21771878004074097
observed_test,v2_2018_413_48h,,1,PCC,A,2.6237012928594003,0.0,0.0,0.3179371654987335,1.149999976158142,34.72425106811524,0.2178233563899994
observed_test,v2_2018_413_48h,,1,PCC,B,2.6237012928594003,0.0,0.0,0.3179371654987335,1.149999976158142,34.72425106811524,0.2178233563899994
observed_test,v2_2018_413_48h,,1,PCC,C,2.6237012928594003,0.0,0.0,0.3179371654987335,1.149999976158142,34.72425106811524,0.2178233563899994
observed_test,v2_2018_413_48h,,2,PCC,A,2.4875831211508435,0.0,0.0,0.2232462614774704,1.149999976158142,34.72425106811524,0.21782971918582916
observed_test,v2_2018_413_48h,,2,PCC,B,2.4875831211508435,0.0,0.0,0.2232462614774704,1.149999976158142,34.72425106811524,0.21782971918582916
observed_test,v2_2018_413_48h,,2,PCC,C,2.4875831211508435,0.0,0.0,0.2232462614774704,1.149999976158142,34.72425106811524,0.21782971918582916
observed_test,v2_2018_413_48h,,3,PCC,A,2.5452259178952694,0.0,0.0,0.2633455991744995,1.149999976158142,53.24800137329102,0.21496570110321045
observed_test,v2_2018_413_48h,,3,PCC,B,2.5452259178952694,0.0,0.0,0.2633455991744995,1.149999976158142,53.24800137329102,0.21496570110321045
observed_test,v2_2018_413_48h,,3,PCC,C,2.5452259178952694,0.0,0.0,0.2633455991744995,1.149999976158142,53.24800137329102,0.21496570110321045
observed_test,v2_2018_413_48h,,4,PCC,A,2.6066056994782514,0.0,0.0,0.3060445785522461,1.149999976158142,53.24800137329102,0.2117515504360199
observed_test,v2_2018_413_48h,,4,PCC,B,2.6066056994782514,0.0,0.0,0.3060445785522461,1.149999976158142,53.24800137329102,0.2117515504360199
observed_test,v2_2018_413_48h,,4,PCC,C,2.6066056994782514,0.0,0.0,0.3060445785522461,1.149999976158142,53.24800137329102,0.2117515504360199
observed_test,v2_2018_413_48h,,5,PCC,A,2.5763726205374935,0.0,0.0,0.2850128710269928,1.149999976158142,53.24800137329102,0.20906536281108856
observed_test,v2_2018_413_48h,,5,PCC,B,2.5763726205374935,0.0,0.0,0.2850128710269928,1.149999976158142,53.24800137329102,0.20906536281108856
observed_test,v2_2018_413_48h,,5,PCC,C,2.5763726205374935,0.0,0.0,0.2850128710269928,1.149999976158142,53.24800137329102,0.20906536281108856
observed_test,v2_2018_413_48h,,6,PCC,A,2.7605416539868575,0.0,0.00582083325403241,0.4131304621696472,1.149999976158142,121.88174847412108,0.20757518708705902
observed_test,v2_2018_413_48h,,6,PCC,B,2.7605416539868575,0.0,0.00582083325403241,0.4131304621696472,1.149999976158142,121.88174847412108,0.20757518708705902
observed_test,v2_2018_413_48h,,6,PCC,C,2.7605416539868575,0.0,0.00582083325403241,0.4131304621696472,1.149999976158142,121.88174847412108,0.20757518708705902
observed_test,v2_2018_413_48h,,7,PCC,A,3.0129513006293838,0.0,0.09079583419057037,0.5887197852134705,1.149999976158142,121.88174847412108,0.20708438754081726
observed_test,v2_2018_413_48h,,7,PCC,B,3.0129513006293838,0.0,0.09079583419057037,0.5887197852134705,1.149999976158142,121.88174847412108,0.20708438754081726
observed_test,v2_2018_413_48h,,7,PCC,C,3.0129513006293838,0.0,0.09079583419057037,0.5887197852134705,1.149999976158142,121.88174847412108,0.20708438754081726
observed_test,v2_2018_413_48h,,8,PCC,A,2.7649040079514635,0.0,0.23767499682994986,0.41616514325141907,1.149999976158142,121.88174847412108,0.20617340505123138
observed_test,v2_2018_413_48h,,8,PCC,B,2.7649040079514635,0.0,0.23767499682994986,0.41616514325141907,1.149999976158142,121.88174847412108,0.20617340505123138
observed_test,v2_2018_413_48h,,8,PCC,C,2.7649040079514635,0.0,0.23767499682994986,0.41616514325141907,1.149999976158142,121.88174847412108,0.20617340505123138
observed_test,v2_2018_413_48h,,9,PCC,A,2.9051724072175276,0.0,0.5785791919781611,0.5137431621551514,1.149999976158142,121.88174847412108,0.20462235808372498
observed_test,v2_2018_413_48h,,9,PCC,B,2.9051724072175276,0.0,0.5785791919781611,0.5137431621551514,1.149999976158142,121.88174847412108,0.20462235808372498
observed_test,v2_2018_413_48h,,9,PCC,C,2.9051724072175276,0.0,0.5785791919781611,0.5137431621551514,1.149999976158142,121.88174847412108,0.20462235808372498
observed_test,v2_2018_413_48h,,10,PCC,A,2.6904467608222724,0.0,0.978950009896205,0.3643687963485718,1.149999976158142,53.24800137329102,0.20639781653881073
observed_test,v2_2018_413_48h,,10,PCC,B,2.6904467608222724,0.0,0.978950009896205,0.3643687963485718,1.149999976158142,53.24800137329102,0.20639781653881073
observed_test,v2_2018_413_48h,,10,PCC,C,2.6904467608222724,0.0,0.978950009896205,0.3643687963485718,1.149999976158142,53.24800137329102,0.20639781653881073
observed_test,v2_2018_413_48h,,11,PCC,A,2.686130632121376,0.0,0.9042666508601261,0.36136627197265625,1.149999976158142,53.24800137329102,0.20330826938152313
observed_test,v2_2018_413_48h,,11,PCC,B,2.686130632121376,0.0,0.9042666508601261,0.36136627197265625,1.149999976158142,53.24800137329102,0.20330826938152313
observed_test,v2_2018_413_48h,,11,PCC,C,2.686130632121376,0.0,0.9042666508601261,0.36136627197265625,1.149999976158142,53.24800137329102,0.20330826938152313
observed_test,v2_2018_413_48h,,12,PCC,A,2.940481482794702,0.0,0.8166708052158356,0.5383059978485107,1.149999976158142,34.72425106811524,0.20102594792842865
observed_test,v2_2018_413_48h,,12,PCC,B,2.940481482794702,0.0,0.8166708052158356,0.5383059978485107,1.149999976158142,34.72425106811524,0.20102594792842865
observed_test,v2_2018_413_48h,,12,PCC,C,2.940481482794702,0.0,0.8166708052158356,0.5383059978485107,1.149999976158142,34.72425106811524,0.20102594792842865
observed_test,v2_2018_413_48h,,13,PCC,A,3.033735447282245,0.0,0.6619666631405169,0.6031783223152161,1.149999976158142,34.72425106811524,0.2000219225883484
observed_test,v2_2018_413_48h,,13,PCC,B,3.033735447282245,0.0,0.6619666631405169,0.6031783223152161,1.149999976158142,34.72425106811524,0.2000219225883484
observed_test,v2_2018_413_48h,,13,PCC,C,3.033735447282245,0.0,0.6619666631405169,0.6031783223152161,1.149999976158142,34.72425106811524,0.2000219225883484
observed_test,v2_2018_413_48h,,14,PCC,A,3.1232014249141358,0.0,0.5004416864651899,0.6654155254364014,1.149999976158142,34.72425106811524,0.19797030091285706
observed_test,v2_2018_413_48h,,14,PCC,B,3.1232014249141358,0.0,0.5004416864651899,0.6654155254364014,1.149999976158142,34.72425106811524,0.19797030091285706
observed_test,v2_2018_413_48h,,14,PCC,C,3.1232014249141358,0.0,0.5004416864651899,0.6654155254364014,1.149999976158142,34.72425106811524,0.19797030091285706
observed_test,v2_2018_413_48h,,15,PCC,A,2.915610662966831,0.0,0.43628333279719717,0.5210045576095581,1.149999976158142,34.72425106811524,0.20236140489578247
observed_test,v2_2018_413_48h,,15,PCC,B,2.915610662966831,0.0,0.43628333279719717,0.5210045576095581,1.149999976158142,34.72425106811524,0.20236140489578247
observed_test,v2_2018_413_48h,,15,PCC,C,2.915610662966831,0.0,0.43628333279719717,0.5210045576095581,1.149999976158142,34.72425106811524,0.20236140489578247
observed_test,v2_2018_413_48h,,16,PCC,A,2.9761405680146122,0.0,0.35247917358691877,0.5631123185157776,1.149999976158142,53.24800137329102,0.19844406843185425
observed_test,v2_2018_413_48h,,16,PCC,B,2.9761405680146122,0.0,0.35247917358691877,0.5631123185157776,1.149999976158142,53.24800137329102,0.19844406843185425
observed_test,v2_2018_413_48h,,16,PCC,C,2.9761405680146122,0.0,0.35247917358691877,0.5631123185157776,1.149999976158142,53.24800137329102,0.19844406843185425
observed_test,v2_2018_413_48h,,17,PCC,A,2.912059071852747,0.0,0.24273750873712388,0.5185338854789734,1.149999976158142,53.24800137329102,0.1992831975221634
observed_test,v2_2018_413_48h,,17,PCC,B,2.912059071852747,0.0,0.24273750873712388,0.5185338854789734,1.149999976158142,53.24800137329102,0.1992831975221634
observed_test,v2_2018_413_48h,,17,PCC,C,2.912059071852747,0.0,0.24273750873712388,0.5185338854789734,1.149999976158142,53.24800137329102,0.1992831975221634
observed_test,v2_2018_413_48h,,18,PCC,A,2.888165108802557,0.0,0.021674999823937047,0.501911997795105,1.149999976158142,53.24800137329102,0.20021723210811615
observed_test,v2_2018_413_48h,,18,PCC,B,2.888165108802557,0.0,0.021674999823937047,0.501911997795105,1.149999976158142,53.24800137329102,0.20021723210811615
observed_test,v2_2018_413_48h,,18,PCC,C,2.888165108802557,0.0,0.021674999823937047,0.501911997795105,1.149999976158142,53.24800137329102,0.20021723210811615
observed_test,v2_2018_413_48h,,19,PCC,A,2.9849615821466244,0.0,0.0,0.5692486763000488,1.149999976158142,53.24800137329102,0.20215867459774017
observed_test,v2_2018_413_48h,,19,PCC,B,2.9849615821466244,0.0,0.0,0.5692486763000488,1.149999976158142,53.24800137329102,0.20215867459774017
observed_test,v2_2018_413_48h,,19,PCC,C,2.9849615821466244,0.0,0.0,0.5692486763000488,1.149999976158142,53.24800137329102,0.20215867459774017
observed_test,v2_2018_413_48h,,20,PCC,A,2.825617614510635,0.0,0.0,0.458400696516037,1.149999976158142,53.24800137329102,0.1986563503742218
observed_test,v2_2018_413_48h,,20,PCC,B,2.825617614510635,0.0,0.0,0.458400696516037,1.149999976158142,53.24800137329102,0.1986563503742218
observed_test,v2_2018_413_48h,,20,PCC,C,2.825617614510635,0.0,0.0,0.458400696516037,1.149999976158142,53.24800137329102,0.1986563503742218
observed_test,v2_2018_413_48h,,21,PCC,A,2.740638571998929,0.0,0.0,0.39928483963012695,1.149999976158142,53.24800137329102,0.19589941203594208
observed_test,v2_2018_413_48h,,21,PCC,B,2.740638571998929,0.0,0.0,0.39928483963012695,1.149999976158142,53.24800137329102,0.19589941203594208
observed_test,v2_2018_413_48h,,21,PCC,C,2.740638571998929,0.0,0.0,0.39928483963012695,1.149999976158142,53.24800137329102,0.19589941203594208
observed_test,v2_2018_413_48h,,22,PCC,A,2.689500792288461,0.0,0.0,0.3637107312679291,1.149999976158142,53.24800137329102,0.19263511896133423
observed_test,v2_2018_413_48h,,22,PCC,B,2.689500792288461,0.0,0.0,0.3637107312679291,1.149999976158142,53.24800137329102,0.19263511896133423
observed_test,v2_2018_413_48h,,22,PCC,C,2.689500792288461,0.0,0.0,0.3637107312679291,1.149999976158142,53.24800137329102,0.19263511896133423
observed_test,v2_2018_413_48h,,23,PCC,A,2.666340906989589,0.0,0.0,0.34759950637817383,1.149999976158142,53.24800137329102,0.19058038294315338
observed_test,v2_2018_413_48h,,23,PCC,B,2.666340906989589,0.0,0.0,0.34759950637817383,1.149999976158142,53.24800137329102,0.19058038294315338
observed_test,v2_2018_413_48h,,23,PCC,C,2.666340906989589,0.0,0.0,0.34759950637817383,1.149999976158142,53.24800137329102,0.19058038294315338
observed_test,v2_2018_413_48h,,24,PCC,A,2.589738233557025,0.0,0.0,0.29431068897247314,1.149999976158142,53.24800137329102,0.1894691437482834
observed_test,v2_2018_413_48h,,24,PCC,B,2.589738233557025,0.0,0.0,0.29431068897247314,1.149999976158142,53.24800137329102,0.1894691437482834
observed_test,v2_2018_413_48h,,24,PCC,C,2.589738233557025,0.0,0.0,0.29431068897247314,1.149999976158142,53.24800137329102,0.1894691437482834
observed_test,v2_2018_413_48h,,25,PCC,A,2.6237012928594003,0.0,0.0,0.3179371654987335,1.149999976158142,34.72425106811524,0.1913834661245346
observed_test,v2_2018_413_48h,,25,PCC,B,2.6237012928594003,0.0,0.0,0.3179371654987335,1.149999976158142,34.72425106811524,0.1913834661245346
observed_test,v2_2018_413_48h,,25,PCC,C,2.6237012928594003,0.0,0.0,0.3179371654987335,1.149999976158142,34.72425106811524,0.1913834661245346
observed_test,v2_2018_413_48h,,26,PCC,A,2.4875831211508435,0.0,0.0,0.2232462614774704,1.149999976158142,34.72425106811524,0.1914353370666504
observed_test,v2_2018_413_48h,,26,PCC,B,2.4875831211508435,0.0,0.0,0.2232462614774704,1.149999976158142,34.72425106811524,0.1914353370666504
observed_test,v2_2018_413_48h,,26,PCC,C,2.4875831211508435,0.0,0.0,0.2232462614774704,1.149999976158142,34.72425106811524,0.1914353370666504
observed_test,v2_2018_413_48h,,27,PCC,A,2.5452259178952694,0.0,0.0,0.2633455991744995,1.149999976158142,53.24800137329102,0.20247642695903778
observed_test,v2_2018_413_48h,,27,PCC,B,2.5452259178952694,0.0,0.0,0.2633455991744995,1.149999976158142,53.24800137329102,0.20247642695903778
observed_test,v2_2018_413_48h,,27,PCC,C,2.5452259178952694,0.0,0.0,0.2633455991744995,1.149999976158142,53.24800137329102,0.20247642695903778
observed_test,v2_2018_413_48h,,28,PCC,A,2.6066056994782514,0.0,0.0,0.3060445785522461,1.149999976158142,53.24800137329102,0.2079867273569107
observed_test,v2_2018_413_48h,,28,PCC,B,2.6066056994782514,0.0,0.0,0.3060445785522461,1.149999976158142,53.24800137329102,0.2079867273569107
observed_test,v2_2018_413_48h,,28,PCC,C,2.6066056994782514,0.0,0.0,0.3060445785522461,1.149999976158142,53.24800137329102,0.2079867273569107
observed_test,v2_2018_413_48h,,29,PCC,A,2.5763726205374935,0.0,0.0,0.2850128710269928,1.149999976158142,53.24800137329102,0.20120255649089813
observed_test,v2_2018_413_48h,,29,PCC,B,2.5763726205374935,0.0,0.0,0.2850128710269928,1.149999976158142,53.24800137329102,0.20120255649089813
observed_test,v2_2018_413_48h,,29,PCC,C,2.5763726205374935,0.0,0.0,0.2850128710269928,1.149999976158142,53.24800137329102,0.20120255649089813
observed_test,v2_2018_413_48h,,30,PCC,A,2.7605416539868575,0.0,0.018841665811263595,0.4131304621696472,1.149999976158142,121.88174847412108,0.19737987220287323
observed_test,v2_2018_413_48h,,30,PCC,B,2.7605416539868575,0.0,0.018841665811263595,0.4131304621696472,1.149999976158142,121.88174847412108,0.19737987220287323
observed_test,v2_2018_413_48h,,30,PCC,C,2.7605416539868575,0.0,0.018841665811263595,0.4131304621696472,1.149999976158142,121.88174847412108,0.19737987220287323
observed_test,v2_2018_413_48h,,31,PCC,A,3.0129513006293838,0.0,0.14290833989014992,0.5887197852134705,1.149999976158142,121.88174847412108,0.1964385211467743
observed_test,v2_2018_413_48h,,31,PCC,B,3.0129513006293838,0.0,0.14290833989014992,0.5887197852134705,1.149999976158142,121.88174847412108,0.1964385211467743
observed_test,v2_2018_413_48h,,31,PCC,C,3.0129513006293838,0.0,0.14290833989014992,0.5887197852134705,1.149999976158142,121.88174847412108,0.1964385211467743
observed_test,v2_2018_413_48h,,32,PCC,A,2.7649040079514635,0.0,0.40775417135312003,0.41616514325141907,1.149999976158142,121.88174847412108,0.1956031620502472
observed_test,v2_2018_413_48h,,32,PCC,B,2.7649040079514635,0.0,0.40775417135312003,0.41616514325141907,1.149999976158142,121.88174847412108,0.1956031620502472
observed_test,v2_2018_413_48h,,32,PCC,C,2.7649040079514635,0.0,0.40775417135312003,0.41616514325141907,1.149999976158142,121.88174847412108,0.1956031620502472
observed_test,v2_2018_413_48h,,33,PCC,A,2.9051724072175276,0.0,0.8460624859883233,0.5137431621551514,1.149999976158142,121.88174847412108,0.19774229824543
observed_test,v2_2018_413_48h,,33,PCC,B,2.9051724072175276,0.0,0.8460624859883233,0.5137431621551514,1.149999976158142,121.88174847412108,0.19774229824543
observed_test,v2_2018_413_48h,,33,PCC,C,2.9051724072175276,0.0,0.8460624859883233,0.5137431621551514,1.149999976158142,121.88174847412108,0.19774229824543
observed_test,v2_2018_413_48h,,34,PCC,A,2.6904467608222724,0.0,1.1749207973480222,0.3643687963485718,1.149999976158142,53.24800137329102,0.20031452178955078
observed_test,v2_2018_413_48h,,34,PCC,B,2.6904467608222724,0.0,1.1749207973480222,0.3643687963485718,1.149999976158142,53.24800137329102,0.20031452178955078
observed_test,v2_2018_413_48h,,34,PCC,C,2.6904467608222724,0.0,1.1749207973480222,0.3643687963485718,1.149999976158142,53.24800137329102,0.20031452178955078
observed_test,v2_2018_413_48h,,35,PCC,A,2.686130632121376,0.0,1.301958354619833,0.36136627197265625,1.149999976158142,53.24800137329102,0.208522766828537
observed_test,v2_2018_413_48h,,35,PCC,B,2.686130632121376,0.0,1.301958354619833,0.36136627197265625,1.149999976158142,53.24800137329102,0.208522766828537
observed_test,v2_2018_413_48h,,35,PCC,C,2.686130632121376,0.0,1.301958354619833,0.36136627197265625,1.149999976158142,53.24800137329102,0.208522766828537
observed_test,v2_2018_413_48h,,36,PCC,A,2.940481482794702,0.0,1.334549945134383,0.5383059978485107,1.149999976158142,34.72425106811524,0.20712117850780487
observed_test,v2_2018_413_48h,,36,PCC,B,2.940481482794702,0.0,1.334549945134383,0.5383059978485107,1.149999976158142,34.72425106811524,0.20712117850780487
observed_test,v2_2018_413_48h,,36,PCC,C,2.940481482794702,0.0,1.334549945134383,0.5383059978485107,1.149999976158142,34.72425106811524,0.20712117850780487
observed_test,v2_2018_413_48h,,37,PCC,A,3.033735447282245,0.0,1.2813916573157675,0.6031783223152161,1.149999976158142,34.72425106811524,0.2024107575416565
observed_test,v2_2018_413_48h,,37,PCC,B,3.033735447282245,0.0,1.2813916573157675,0.6031783223152161,1.149999976158142,34.72425106811524,0.2024107575416565
observed_test,v2_2018_413_48h,,37,PCC,C,3.033735447282245,0.0,1.2813916573157675,0.6031783223152161,1.149999976158142,34.72425106811524,0.2024107575416565
observed_test,v2_2018_413_48h,,38,PCC,A,3.1232014249141358,0.0,1.1509291254557095,0.6654155254364014,1.149999976158142,34.72425106811524,0.2047840803861618
observed_test,v2_2018_413_48h,,38,PCC,B,3.1232014249141358,0.0,1.1509291254557095,0.6654155254364014,1.149999976158142,34.72425106811524,0.2047840803861618
observed_test,v2_2018_413_48h,,38,PCC,C,3.1232014249141358,0.0,1.1509291254557095,0.6654155254364014,1.149999976158142,34.72425106811524,0.2047840803861618
observed_test,v2_2018_413_48h,,39,PCC,A,2.915610662966831,0.0,0.9357624902175022,0.5210045576095581,1.149999976158142,34.72425106811524,0.21193580329418182
observed_test,v2_2018_413_48h,,39,PCC,B,2.915610662966831,0.0,0.9357624902175022,0.5210045576095581,1.149999976158142,34.72425106811524,0.21193580329418182
observed_test,v2_2018_413_48h,,39,PCC,C,2.915610662966831,0.0,0.9357624902175022,0.5210045576095581,1.149999976158142,34.72425106811524,0.21193580329418182
observed_test,v2_2018_413_48h,,40,PCC,A,2.9761405680146122,0.0,0.6390833510802342,0.5631123185157776,1.149999976158142,53.24800137329102,0.22226278483867645
observed_test,v2_2018_413_48h,,40,PCC,B,2.9761405680146122,0.0,0.6390833510802342,0.5631123185157776,1.149999976158142,53.24800137329102,0.22226278483867645
observed_test,v2_2018_413_48h,,40,PCC,C,2.9761405680146122,0.0,0.6390833510802342,0.5631123185157776,1.149999976158142,53.24800137329102,0.22226278483867645
observed_test,v2_2018_413_48h,,41,PCC,A,2.912059071852747,0.0,0.2951583323570398,0.5185338854789734,1.149999976158142,53.24800137329102,0.23387384414672852
observed_test,v2_2018_413_48h,,41,PCC,B,2.912059071852747,0.0,0.2951583323570398,0.5185338854789734,1.149999976158142,53.24800137329102,0.23387384414672852
observed_test,v2_2018_413_48h,,41,PCC,C,2.912059071852747,0.0,0.2951583323570398,0.5185338854789734,1.149999976158142,53.24800137329102,0.23387384414672852
observed_test,v2_2018_413_48h,,42,PCC,A,2.888165108802557,0.0,0.03732083222040763,0.501911997795105,1.149999976158142,53.24800137329102,0.24081456661224365
observed_test,v2_2018_413_48h,,42,PCC,B,2.888165108802557,0.0,0.03732083222040763,0.501911997795105,1.149999976158142,53.24800137329102,0.24081456661224365
observed_test,v2_2018_413_48h,,42,PCC,C,2.888165108802557,0.0,0.03732083222040763,0.501911997795105,1.149999976158142,53.24800137329102,0.24081456661224365
observed_test,v2_2018_413_48h,,43,PCC,A,2.9849615821466244,0.0,0.0,0.5692486763000488,1.149999976158142,53.24800137329102,0.24687857925891876
observed_test,v2_2018_413_48h,,43,PCC,B,2.9849615821466244,0.0,0.0,0.5692486763000488,1.149999976158142,53.24800137329102,0.24687857925891876
observed_test,v2_2018_413_48h,,43,PCC,C,2.9849615821466244,0.0,0.0,0.5692486763000488,1.149999976158142,53.24800137329102,0.24687857925891876
observed_test,v2_2018_413_48h,,44,PCC,A,2.825617614510635,0.0,0.0,0.458400696516037,1.149999976158142,53.24800137329102,0.25319209694862366
observed_test,v2_2018_413_48h,,44,PCC,B,2.825617614510635,0.0,0.0,0.458400696516037,1.149999976158142,53.24800137329102,0.25319209694862366
observed_test,v2_2018_413_48h,,44,PCC,C,2.825617614510635,0.0,0.0,0.458400696516037,1.149999976158142,53.24800137329102,0.25319209694862366
observed_test,v2_2018_413_48h,,45,PCC,A,2.740638571998929,0.0,0.0,0.39928483963012695,1.149999976158142,53.24800137329102,0.2537130117416382
observed_test,v2_2018_413_48h,,45,PCC,B,2.740638571998929,0.0,0.0,0.39928483963012695,1.149999976158142,53.24800137329102,0.2537130117416382
observed_test,v2_2018_413_48h,,45,PCC,C,2.740638571998929,0.0,0.0,0.39928483963012695,1.149999976158142,53.24800137329102,0.2537130117416382
observed_test,v2_2018_413_48h,,46,PCC,A,2.689500792288461,0.0,0.0,0.3637107312679291,1.149999976158142,53.24800137329102,0.24822109937667847
observed_test,v2_2018_413_48h,,46,PCC,B,2.689500792288461,0.0,0.0,0.3637107312679291,1.149999976158142,53.24800137329102,0.24822109937667847
observed_test,v2_2018_413_48h,,46,PCC,C,2.689500792288461,0.0,0.0,0.3637107312679291,1.149999976158142,53.24800137329102,0.24822109937667847
observed_test,v2_2018_413_48h,,47,PCC,A,2.666340906989589,0.0,0.0,0.34759950637817383,1.149999976158142,53.24800137329102,0.24219484627246857
observed_test,v2_2018_413_48h,,47,PCC,B,2.666340906989589,0.0,0.0,0.34759950637817383,1.149999976158142,53.24800137329102,0.24219484627246857
observed_test,v2_2018_413_48h,,47,PCC,C,2.666340906989589,0.0,0.0,0.34759950637817383,1.149999976158142,53.24800137329102,0.24219484627246857
observed_test,v2_2018_495_48h,,0,PCC,A,2.630175115631934,0.0,0.0,0.29431068897247314,1.1698750257492065,53.24800137329102,0.25296810269355774
observed_test,v2_2018_495_48h,,0,PCC,B,2.630175115631934,0.0,0.0,0.29431068897247314,1.1698750257492065,53.24800137329102,0.25296810269355774
observed_test,v2_2018_495_48h,,0,PCC,C,2.630175115631934,0.0,0.0,0.29431068897247314,1.1698750257492065,53.24800137329102,0.25296810269355774
observed_test,v2_2018_495_48h,,1,PCC,A,2.660390334454465,0.0,0.0,0.3179371654987335,1.1677749156951904,34.72425106811524,0.25566065311431885
observed_test,v2_2018_495_48h,,1,PCC,B,2.660390334454465,0.0,0.0,0.3179371654987335,1.1677749156951904,34.72425106811524,0.25566065311431885
observed_test,v2_2018_495_48h,,1,PCC,C,2.660390334454465,0.0,0.0,0.3179371654987335,1.1677749156951904,34.72425106811524,0.25566065311431885
observed_test,v2_2018_495_48h,,2,PCC,A,2.51852017140046,0.0,0.0,0.2232462614774704,1.1658999919891357,34.72425106811524,0.2623995244503021
observed_test,v2_2018_495_48h,,2,PCC,B,2.51852017140046,0.0,0.0,0.2232462614774704,1.1658999919891357,34.72425106811524,0.2623995244503021
observed_test,v2_2018_495_48h,,2,PCC,C,2.51852017140046,0.0,0.0,0.2232462614774704,1.1658999919891357,34.72425106811524,0.2623995244503021
observed_test,v2_2018_495_48h,,3,PCC,A,2.572918333358069,0.0,0.0,0.2633455991744995,1.1638749837875366,34.72425106811524,0.2584664523601532
observed_test,v2_2018_495_48h,,3,PCC,B,2.572918333358069,0.0,0.0,0.2633455991744995,1.1638749837875366,34.72425106811524,0.2584664523601532
observed_test,v2_2018_495_48h,,3,PCC,C,2.572918333358069,0.0,0.0,0.2633455991744995,1.1638749837875366,34.72425106811524,0.2584664523601532
observed_test,v2_2018_495_48h,,4,PCC,A,2.631503852356417,0.0,0.0,0.3060445785522461,1.1621500253677368,34.72425106811524,0.23289193212985992
observed_test,v2_2018_495_48h,,4,PCC,B,2.631503852356417,0.0,0.0,0.3060445785522461,1.1621500253677368,34.72425106811524,0.23289193212985992
observed_test,v2_2018_495_48h,,4,PCC,C,2.631503852356417,0.0,0.0,0.3060445785522461,1.1621500253677368,34.72425106811524,0.23289193212985992
observed_test,v2_2018_495_48h,,5,PCC,A,2.6003443725320494,0.0,0.0,0.2850128710269928,1.1618499755859375,34.72425106811524,0.21599575877189636
observed_test,v2_2018_495_48h,,5,PCC,B,2.6003443725320494,0.0,0.0,0.2850128710269928,1.1618499755859375,34.72425106811524,0.21599575877189636
observed_test,v2_2018_495_48h,,5,PCC,C,2.6003443725320494,0.0,0.0,0.2850128710269928,1.1618499755859375,34.72425106811524,0.21599575877189636
observed_test,v2_2018_495_48h,,6,PCC,A,2.7978722663998354,0.0,0.026495833522998367,0.4131304621696472,1.167099952697754,53.24800137329102,0.20850908756256104
observed_test,v2_2018_495_48h,,6,PCC,B,2.7978722663998354,0.0,0.026495833522998367,0.4131304621696472,1.167099952697754,53.24800137329102,0.20850908756256104
observed_test,v2_2018_495_48h,,6,PCC,C,2.7978722663998354,0.0,0.026495833522998367,0.4131304621696472,1.167099952697754,53.24800137329102,0.20850908756256104
observed_test,v2_2018_495_48h,,7,PCC,A,3.0839470327557295,0.0,0.2420166650643715,0.5887197852134705,1.1795499324798584,53.24800137329102,0.2057301104068756
observed_test,v2_2018_495_48h,,7,PCC,B,3.0839470327557295,0.0,0.2420166650643715,0.5887197852134705,1.1795499324798584,53.24800137329102,0.2057301104068756
observed_test,v2_2018_495_48h,,7,PCC,C,3.0839470327557295,0.0,0.2420166650643715,0.5887197852134705,1.1795499324798584,53.24800137329102,0.2057301104068756
observed_test,v2_2018_495_48h,,8,PCC,A,2.8605250640944306,0.0,0.5361750148809873,0.41616514325141907,1.1937249898910522,53.24800137329102,0.2048681378364563
observed_test,v2_2018_495_48h,,8,PCC,B,2.8605250640944306,0.0,0.5361750148809873,0.41616514325141907,1.1937249898910522,53.24800137329102,0.2048681378364563
observed_test,v2_2018_495_48h,,8,PCC,C,2.8605250640944306,0.0,0.5361750148809873,0.41616514325141907,1.1937249898910522,53.24800137329102,0.2048681378364563
observed_test,v2_2018_495_48h,,9,PCC,A,3.0352180416065053,0.0,0.8398249745368956,0.5137431621551514,1.2063249349594116,53.24800137329102,0.20575056970119476
observed_test,v2_2018_495_48h,,9,PCC,B,3.0352180416065053,0.0,0.8398249745368956,0.5137431621551514,1.2063249349594116,53.24800137329102,0.20575056970119476
observed_test,v2_2018_495_48h,,9,PCC,C,3.0352180416065053,0.0,0.8398249745368956,0.5137431621551514,1.2063249349594116,53.24800137329102,0.20575056970119476
observed_test,v2_2018_495_48h,,10,PCC,A,2.8228674917230165,0.0,1.0232625099328847,0.3643687963485718,1.212399959564209,53.24800137329102,0.20847263932228088
observed_test,v2_2018_495_48h,,10,PCC,B,2.8228674917230165,0.0,1.0232625099328847,0.3643687963485718,1.212399959564209,53.24800137329102,0.20847263932228088
observed_test,v2_2018_495_48h,,10,PCC,C,2.8228674917230165,0.0,1.0232625099328847,0.3643687963485718,1.212399959564209,53.24800137329102,0.20847263932228088
observed_test,v2_2018_495_48h,,11,PCC,A,2.82737314164198,0.0,1.1230708314822269,0.36136627197265625,1.2166749238967896,53.24800137329102,0.21990446746349335
observed_test,v2_2018_495_48h,,11,PCC,B,2.82737314164198,0.0,1.1230708314822269,0.36136627197265625,1.2166749238967896,53.24800137329102,0.21990446746349335
observed_test,v2_2018_495_48h,,11,PCC,C,2.82737314164198,0.0,1.1230708314822269,0.36136627197265625,1.2166749238967896,53.24800137329102,0.21990446746349335
observed_test,v2_2018_495_48h,,12,PCC,A,3.1017349629161024,0.0,1.1219958846385663,0.5383059978485107,1.2189249992370605,53.24800137329102,0.22282646596431732
observed_test,v2_2018_495_48h,,12,PCC,B,3.1017349629161024,0.0,1.1219958846385663,0.5383059978485107,1.2189249992370605,53.24800137329102,0.22282646596431732
observed_test,v2_2018_495_48h,,12,PCC,C,3.1017349629161024,0.0,1.1219958846385663,0.5383059978485107,1.2189249992370605,53.24800137329102,0.22282646596431732
observed_test,v2_2018_495_48h,,13,PCC,A,3.2036642638061426,0.0,1.0691333275574904,0.6031783223152161,1.2201999425888062,53.24800137329102,0.20398646593093872
observed_test,v2_2018_495_48h,,13,PCC,B,3.2036642638061426,0.0,1.0691333275574904,0.6031783223152161,1.2201999425888062,53.24800137329102,0.20398646593093872
observed_test,v2_2018_495_48h,,13,PCC,C,3.2036642638061426,0.0,1.0691333275574904,0.6031783223152161,1.2201999425888062,53.24800137329102,0.20398646593093872
observed_test,v2_2018_495_48h,,14,PCC,A,3.296530522818346,0.0,0.9170833115394298,0.6654155254364014,1.2193750143051147,53.24800137329102,0.18939992785453796
observed_test,v2_2018_495_48h,,14,PCC,B,3.296530522818346,0.0,0.9170833115394298,0.6654155254364014,1.2193750143051147,53.24800137329102,0.18939992785453796
observed_test,v2_2018_495_48h,,14,PCC,C,3.296530522818346,0.0,0.9170833115394298,0.6654155254364014,1.2193750143051147,53.24800137329102,0.18939992785453796
observed_test,v2_2018_495_48h,,15,PCC,A,3.072070411462422,0.0,0.7551416754722595,0.5210045576095581,1.2174999713897705,53.24800137329102,0.18040023744106293
observed_test,v2_2018_495_48h,,15,PCC,B,3.072070411462422,0.0,0.7551416754722595,0.5210045576095581,1.2174999713897705,53.24800137329102,0.18040023744106293
observed_test,v2_2018_495_48h,,15,PCC,C,3.072070411462422,0.0,0.7551416754722595,0.5210045576095581,1.2174999713897705,53.24800137329102,0.18040023744106293
observed_test,v2_2018_495_48h,,16,PCC,A,3.1261968623196723,0.0,0.4794083249110441,0.5631123185157776,1.2132999897003174,53.24800137329102,0.17574475705623627
observed_test,v2_2018_495_48h,,16,PCC,B,3.1261968623196723,0.0,0.4794083249110441,0.5631123185157776,1.2132999897003174,53.24800137329102,0.17574475705623627
observed_test,v2_2018_495_48h,,16,PCC,C,3.1261968623196723,0.0,0.4794083249110441,0.5631123185157776,1.2132999897003174,53.24800137329102,0.17574475705623627
observed_test,v2_2018_495_48h,,17,PCC,A,3.0334143077897977,0.0,0.16833333155283559,0.5185338854789734,1.2024250030517578,53.24800137329102,0.17540429532527924
observed_test,v2_2018_495_48h,,17,PCC,B,3.0334143077897977,0.0,0.16833333155283559,0.5185338854789734,1.2024250030517578,53.24800137329102,0.17540429532527924
observed_test,v2_2018_495_48h,,17,PCC,C,3.0334143077897977,0.0,0.16833333155283559,0.5185338854789734,1.2024250030517578,53.24800137329102,0.17540429532527924
observed_test,v2_2018_495_48h,,18,PCC,A,2.9812465209488757,0.0,0.0008708333413009173,0.501911997795105,1.1905750036239624,121.88174847412108,0.1752358376979828
observed_test,v2_2018_495_48h,,18,PCC,B,2.9812465209488757,0.0,0.0008708333413009173,0.501911997795105,1.1905750036239624,121.88174847412108,0.1752358376979828
observed_test,v2_2018_495_48h,,18,PCC,C,2.9812465209488757,0.0,0.0008708333413009173,0.501911997795105,1.1905750036239624,121.88174847412108,0.1752358376979828
observed_test,v2_2018_495_48h,,19,PCC,A,3.0645133101152453,0.0,0.0,0.5692486763000488,1.1834499835968018,121.88174847412108,0.1813947707414627
observed_test,v2_2018_495_48h,,19,PCC,B,3.0645133101152453,0.0,0.0,0.5692486763000488,1.1834499835968018,121.88174847412108,0.1813947707414627
observed_test,v2_2018_495_48h,,19,PCC,C,3.0645133101152453,0.0,0.0,0.5692486763000488,1.1834499835968018,121.88174847412108,0.1813947707414627
observed_test,v2_2018_495_48h,,20,PCC,A,2.893479588308457,0.0,0.0,0.458400696516037,1.180299997329712,121.88174847412108,0.18734949827194214
observed_test,v2_2018_495_48h,,20,PCC,B,2.893479588308457,0.0,0.0,0.458400696516037,1.180299997329712,121.88174847412108,0.18734949827194214
observed_test,v2_2018_495_48h,,20,PCC,C,2.893479588308457,0.0,0.0,0.458400696516037,1.180299997329712,121.88174847412108,0.18734949827194214
observed_test,v2_2018_495_48h,,21,PCC,A,2.8010635886460165,0.0,0.0,0.39928483963012695,1.177899956703186,53.24800137329102,0.19940844178199768
observed_test,v2_2018_495_48h,,21,PCC,B,2.8010635886460165,0.0,0.0,0.39928483963012695,1.177899956703186,53.24800137329102,0.19940844178199768
observed_test,v2_2018_495_48h,,21,PCC,C,2.8010635886460165,0.0,0.0,0.39928483963012695,1.177899956703186,53.24800137329102,0.19940844178199768
observed_test,v2_2018_495_48h,,22,PCC,A,2.7443895025849163,0.0,0.0,0.3637107312679291,1.175874948501587,53.24800137329102,0.2193792313337326
observed_test,v2_2018_495_48h,,22,PCC,B,2.7443895025849163,0.0,0.0,0.3637107312679291,1.175874948501587,53.24800137329102,0.2193792313337326
observed_test,v2_2018_495_48h,,22,PCC,C,2.7443895025849163,0.0,0.0,0.3637107312679291,1.175874948501587,53.24800137329102,0.2193792313337326
observed_test,v2_2018_495_48h,,23,PCC,A,2.716138539961449,0.0,0.0,0.34759950637817383,1.173699975013733,53.24800137329102,0.23097719252109528
observed_test,v2_2018_495_48h,,23,PCC,B,2.716138539961449,0.0,0.0,0.34759950637817383,1.173699975013733,53.24800137329102,0.23097719252109528
observed_test,v2_2018_495_48h,,23,PCC,C,2.716138539961449,0.0,0.0,0.34759950637817383,1.173699975013733,53.24800137329102,0.23097719252109528
observed_test,v2_2018_495_48h,,24,PCC,A,2.6339897510849837,0.0,0.0,0.29431068897247314,1.1717499494552612,53.24800137329102,0.23784883320331573
observed_test,v2_2018_495_48h,,24,PCC,B,2.6339897510849837,0.0,0.0,0.29431068897247314,1.1717499494552612,53.24800137329102,0.23784883320331573
observed_test,v2_2018_495_48h,,24,PCC,C,2.6339897510849837,0.0,0.0,0.29431068897247314,1.1717499494552612,53.24800137329102,0.23784883320331573
observed_test,v2_2018_495_48h,,25,PCC,A,2.6661183297819244,0.0,0.0,0.3179371654987335,1.170549988746643,34.72425106811524,0.2506254017353058
observed_test,v2_2018_495_48h,,25,PCC,B,2.6661183297819244,0.0,0.0,0.3179371654987335,1.170549988746643,34.72425106811524,0.2506254017353058
observed_test,v2_2018_495_48h,,25,PCC,C,2.6661183297819244,0.0,0.0,0.3179371654987335,1.170549988746643,34.72425106811524,0.2506254017353058
observed_test,v2_2018_495_48h,,26,PCC,A,2.5252329910442888,0.0,0.0,0.2232462614774704,1.169350028038025,34.72425106811524,0.265356183052063
observed_test,v2_2018_495_48h,,26,PCC,B,2.5252329910442888,0.0,0.0,0.2232462614774704,1.169350028038025,34.72425106811524,0.265356183052063
observed_test,v2_2018_495_48h,,26,PCC,C,2.5252329910442888,0.0,0.0,0.2232462614774704,1.169350028038025,34.72425106811524,0.265356183052063
observed_test,v2_2018_495_48h,,27,PCC,A,2.5814505152168863,0.0,0.0,0.2633455991744995,1.1681499481201172,34.72425106811524,0.27218887209892273
observed_test,v2_2018_495_48h,,27,PCC,B,2.5814505152168863,0.0,0.0,0.2633455991744995,1.1681499481201172,34.72425106811524,0.27218887209892273
observed_test,v2_2018_495_48h,,27,PCC,C,2.5814505152168863,0.0,0.0,0.2633455991744995,1.1681499481201172,34.72425106811524,0.27218887209892273
observed_test,v2_2018_495_48h,,28,PCC,A,2.6404178610937286,0.0,0.0,0.3060445785522461,1.1664999723434448,34.72425106811524,0.2499292492866516
observed_test,v2_2018_495_48h,,28,PCC,B,2.6404178610937286,0.0,0.0,0.3060445785522461,1.1664999723434448,34.72425106811524,0.2499292492866516
observed_test,v2_2018_495_48h,,28,PCC,C,2.6404178610937286,0.0,0.0,0.3060445785522461,1.1664999723434448,34.72425106811524,0.2499292492866516
observed_test,v2_2018_495_48h,,29,PCC,A,2.6076269331525777,0.0,0.0,0.2850128710269928,1.1654499769210815,34.72425106811524,0.23044362664222717
observed_test,v2_2018_495_48h,,29,PCC,B,2.6076269331525777,0.0,0.0,0.2850128710269928,1.1654499769210815,34.72425106811524,0.23044362664222717
observed_test,v2_2018_495_48h,,29,PCC,C,2.6076269331525777,0.0,0.0,0.2850128710269928,1.1654499769210815,34.72425106811524,0.23044362664222717
observed_test,v2_2018_495_48h,,30,PCC,A,2.805567663304933,0.0,0.021412499392261867,0.4131304621696472,1.1706249713897705,53.24800137329102,0.22190281748771667
observed_test,v2_2018_495_48h,,30,PCC,B,2.805567663304933,0.0,0.021412499392261867,0.4131304621696472,1.1706249713897705,53.24800137329102,0.22190281748771667
observed_test,v2_2018_495_48h,,30,PCC,C,2.805567663304933,0.0,0.021412499392261867,0.4131304621696472,1.1706249713897705,53.24800137329102,0.22190281748771667
observed_test,v2_2018_495_48h,,31,PCC,A,3.0879114955228126,0.0,0.18177499564794394,0.5887197852134705,1.1812000274658203,53.24800137329102,0.22085736691951752
observed_test,v2_2018_495_48h,,31,PCC,B,3.0879114955228126,0.0,0.18177499564794394,0.5887197852134705,1.1812000274658203,53.24800137329102,0.22085736691951752
observed_test,v2_2018_495_48h,,31,PCC,C,3.0879114955228126,0.0,0.18177499564794394,0.5887197852134705,1.1812000274658203,53.24800137329102,0.22085736691951752
observed_test,v2_2018_495_48h,,32,PCC,A,2.8531442506047155,0.0,0.47662498859258795,0.41616514325141907,1.1903499364852905,53.24800137329102,0.22085511684417725
observed_test,v2_2018_495_48h,,32,PCC,B,2.8531442506047155,0.0,0.47662498859258795,0.41616514325141907,1.1903499364852905,53.24800137329102,0.22085511684417725
observed_test,v2_2018_495_48h,,32,PCC,C,2.8531442506047155,0.0,0.47662498859258795,0.41616514325141907,1.1903499364852905,53.24800137329102,0.22085511684417725
observed_test,v2_2018_495_48h,,33,PCC,A,3.0166897149277383,0.0,0.8350999882588019,0.5137431621551514,1.1983000040054321,53.24800137329102,0.23164400458335876
observed_test,v2_2018_495_48h,,33,PCC,B,3.0166897149277383,0.0,0.8350999882588019,0.5137431621551514,1.1983000040054321,53.24800137329102,0.23164400458335876
observed_test,v2_2018_495_48h,,33,PCC,C,3.0166897149277383,0.0,0.8350999882588019,0.5137431621551514,1.1983000040054321,53.24800137329102,0.23164400458335876
observed_test,v2_2018_495_48h,,34,PCC,A,2.8064740547237483,0.0,1.0246791518651521,0.3643687963485718,1.2046749591827393,53.24800137329102,0.2592003047466278
observed_test,v2_2018_495_48h,,34,PCC,B,2.8064740547237483,0.0,1.0246791518651521,0.3643687963485718,1.2046749591827393,53.24800137329102,0.2592003047466278
observed_test,v2_2018_495_48h,,34,PCC,C,2.8064740547237483,0.0,1.0246791518651521,0.3643687963485718,1.2046749591827393,53.24800137329102,0.2592003047466278
observed_test,v2_2018_495_48h,,35,PCC,A,2.811485474258992,0.0,1.1314000074680035,0.36136627197265625,1.2091749906539917,53.24800137329102,0.27311205863952637
observed_test,v2_2018_495_48h,,35,PCC,B,2.811485474258992,0.0,1.1314000074680035,0.36136627197265625,1.2091749906539917,53.24800137329102,0.27311205863952637
observed_test,v2_2018_495_48h,,35,PCC,C,2.811485474258992,0.0,1.1314000074680035,0.36136627197265625,1.2091749906539917,53.24800137329102,0.27311205863952637
observed_test,v2_2018_495_48h,,36,PCC,A,3.0848902026881952,0.0,1.155570837167593,0.5383059978485107,1.2117249965667725,53.24800137329102,0.2986581027507782
observed_test,v2_2018_495_48h,,36,PCC,B,3.0848902026881952,0.0,1.155570837167593,0.5383059978485107,1.2117249965667725,53.24800137329102,0.2986581027507782
observed_test,v2_2018_495_48h,,36,PCC,C,3.0848902026881952,0.0,1.155570837167593,0.5383059978485107,1.2117249965667725,53.24800137329102,0.2986581027507782
observed_test,v2_2018_495_48h,,37,PCC,A,3.185328122676578,0.0,1.1078874652202313,0.6031783223152161,1.2126250267028809,53.24800137329102,0.26770296692848206
observed_test,v2_2018_495_48h,,37,PCC,B,3.185328122676578,0.0,1.1078874652202313,0.6031783223152161,1.2126250267028809,53.24800137329102,0.26770296692848206
observed_test,v2_2018_495_48h,,37,PCC,C,3.185328122676578,0.0,1.1078874652202313,0.6031783223152161,1.2126250267028809,53.24800137329102,0.26770296692848206
observed_test,v2_2018_495_48h,,38,PCC,A,3.2770427638573003,0.0,0.977458289036384,0.6654155254364014,1.2115750312805176,53.24800137329102,0.21209368109703064
observed_test,v2_2018_495_48h,,38,PCC,B,3.2770427638573003,0.0,0.977458289036384,0.6654155254364014,1.2115750312805176,53.24800137329102,0.21209368109703064
observed_test,v2_2018_495_48h,,38,PCC,C,3.2770427638573003,0.0,0.977458289036384,0.6654155254364014,1.2115750312805176,53.24800137329102,0.21209368109703064
observed_test,v2_2018_495_48h,,39,PCC,A,3.0529475563831596,0.0,0.7655375278913058,0.5210045576095581,1.2092499732971191,53.24800137329102,0.2053796797990799
observed_test,v2_2018_495_48h,,39,PCC,B,3.0529475563831596,0.0,0.7655375278913058,0.5210045576095581,1.2092499732971191,53.24800137329102,0.2053796797990799
observed_test,v2_2018_495_48h,,39,PCC,C,3.0529475563831596,0.0,0.7655375278913058,0.5210045576095581,1.2092499732971191,53.24800137329102,0.2053796797990799
observed_test,v2_2018_495_48h,,40,PCC,A,3.10486169952757,0.0,0.474541662977292,0.5631123185157776,1.2042999267578125,53.24800137329102,0.19705501198768616
observed_test,v2_2018_495_48h,,40,PCC,B,3.10486169952757,0.0,0.474541662977292,0.5631123185157776,1.2042999267578125,53.24800137329102,0.19705501198768616
observed_test,v2_2018_495_48h,,40,PCC,C,3.10486169952757,0.0,0.474541662977292,0.5631123185157776,1.2042999267578125,53.24800137329102,0.19705501198768616
observed_test,v2_2018_495_48h,,41,PCC,A,3.015879358822071,0.0,0.16185416338535455,0.5185338854789734,1.194849967956543,53.24800137329102,0.19714973866939545
observed_test,v2_2018_495_48h,,41,PCC,B,3.015879358822071,0.0,0.16185416338535455,0.5185338854789734,1.194849967956543,53.24800137329102,0.19714973866939545
observed_test,v2_2018_495_48h,,41,PCC,C,3.015879358822071,0.0,0.16185416338535455,0.5185338854789734,1.194849967956543,53.24800137329102,0.19714973866939545
observed_test,v2_2018_495_48h,,42,PCC,A,2.970751179332298,0.0,0.0,0.501911997795105,1.1859999895095825,121.88174847412108,0.19549787044525146
observed_test,v2_2018_495_48h,,42,PCC,B,2.970751179332298,0.0,0.0,0.501911997795105,1.1859999895095825,121.88174847412108,0.19549787044525146
observed_test,v2_2018_495_48h,,42,PCC,C,2.970751179332298,0.0,0.0,0.501911997795105,1.1859999895095825,121.88174847412108,0.19549787044525146
observed_test,v2_2018_495_48h,,43,PCC,A,3.0575569034667325,0.0,0.0,0.5692486763000488,1.1805249452590942,121.88174847412108,0.20548434555530548
observed_test,v2_2018_495_48h,,43,PCC,B,3.0575569034667325,0.0,0.0,0.5692486763000488,1.1805249452590942,121.88174847412108,0.20548434555530548
observed_test,v2_2018_495_48h,,43,PCC,C,3.0575569034667325,0.0,0.0,0.5692486763000488,1.1805249452590942,121.88174847412108,0.20548434555530548
observed_test,v2_2018_495_48h,,44,PCC,A,2.8872643472814503,0.0,0.0,0.458400696516037,1.1775249242782593,121.88174847412108,0.22544069588184357
observed_test,v2_2018_495_48h,,44,PCC,B,2.8872643472814503,0.0,0.0,0.458400696516037,1.1775249242782593,121.88174847412108,0.22544069588184357
observed_test,v2_2018_495_48h,,44,PCC,C,2.8872643472814503,0.0,0.0,0.458400696516037,1.1775249242782593,121.88174847412108,0.22544069588184357
observed_test,v2_2018_495_48h,,45,PCC,A,2.793754248244312,0.0,0.0,0.39928483963012695,1.1745250225067139,53.24800137329102,0.2574971914291382
observed_test,v2_2018_495_48h,,45,PCC,B,2.793754248244312,0.0,0.0,0.39928483963012695,1.1745250225067139,53.24800137329102,0.2574971914291382
observed_test,v2_2018_495_48h,,45,PCC,C,2.793754248244312,0.0,0.0,0.39928483963012695,1.1745250225067139,53.24800137329102,0.2574971914291382
observed_test,v2_2018_495_48h,,46,PCC,A,2.735798182211685,0.0,0.0,0.3637107312679291,1.1718249320983887,53.24800137329102,0.29241713881492615
observed_test,v2_2018_495_48h,,46,PCC,B,2.735798182211685,0.0,0.0,0.3637107312679291,1.1718249320983887,53.24800137329102,0.29241713881492615
observed_test,v2_2018_495_48h,,46,PCC,C,2.735798182211685,0.0,0.0,0.3637107312679291,1.1718249320983887,53.24800137329102,0.29241713881492615
observed_test,v2_2018_495_48h,,47,PCC,A,2.706053022675538,0.0,0.0,0.34759950637817383,1.1689000129699707,53.24800137329102,0.31094416975975037
observed_test,v2_2018_495_48h,,47,PCC,B,2.706053022675538,0.0,0.0,0.34759950637817383,1.1689000129699707,53.24800137329102,0.31094416975975037
observed_test,v2_2018_495_48h,,47,PCC,C,2.706053022675538,0.0,0.0,0.34759950637817383,1.1689000129699707,53.24800137329102,0.31094416975975037
observed_test,v2_2018_420_48h,,0,PCC,A,2.589738233557025,0.0,0.0,0.29431068897247314,1.149999976158142,53.24800137329102,0.22826462984085083
observed_test,v2_2018_420_48h,,0,PCC,B,2.589738233557025,0.0,0.0,0.29431068897247314,1.149999976158142,53.24800137329102,0.22826462984085083
observed_test,v2_2018_420_48h,,0,PCC,C,2.589738233557025,0.0,0.0,0.29431068897247314,1.149999976158142,53.24800137329102,0.22826462984085083
observed_test,v2_2018_420_48h,,1,PCC,A,2.6237012928594003,0.0,0.0,0.3179371654987335,1.149999976158142,34.72425106811524,0.2300264835357666
observed_test,v2_2018_420_48h,,1,PCC,B,2.6237012928594003,0.0,0.0,0.3179371654987335,1.149999976158142,34.72425106811524,0.2300264835357666
observed_test,v2_2018_420_48h,,1,PCC,C,2.6237012928594003,0.0,0.0,0.3179371654987335,1.149999976158142,34.72425106811524,0.2300264835357666
observed_test,v2_2018_420_48h,,2,PCC,A,2.4875831211508435,0.0,0.0,0.2232462614774704,1.149999976158142,34.72425106811524,0.23199740052223206
observed_test,v2_2018_420_48h,,2,PCC,B,2.4875831211508435,0.0,0.0,0.2232462614774704,1.149999976158142,34.72425106811524,0.23199740052223206
observed_test,v2_2018_420_48h,,2,PCC,C,2.4875831211508435,0.0,0.0,0.2232462614774704,1.149999976158142,34.72425106811524,0.23199740052223206
observed_test,v2_2018_420_48h,,3,PCC,A,2.5452259178952694,0.0,0.0,0.2633455991744995,1.149999976158142,53.24800137329102,0.2450748085975647
observed_test,v2_2018_420_48h,,3,PCC,B,2.5452259178952694,0.0,0.0,0.2633455991744995,1.149999976158142,53.24800137329102,0.2450748085975647
observed_test,v2_2018_420_48h,,3,PCC,C,2.5452259178952694,0.0,0.0,0.2633455991744995,1.149999976158142,53.24800137329102,0.2450748085975647
observed_test,v2_2018_420_48h,,4,PCC,A,2.6066056994782514,0.0,0.0,0.3060445785522461,1.149999976158142,53.24800137329102,0.24348342418670654
observed_test,v2_2018_420_48h,,4,PCC,B,2.6066056994782514,0.0,0.0,0.3060445785522461,1.149999976158142,53.24800137329102,0.24348342418670654
observed_test,v2_2018_420_48h,,4,PCC,C,2.6066056994782514,0.0,0.0,0.3060445785522461,1.149999976158142,53.24800137329102,0.24348342418670654
observed_test,v2_2018_420_48h,,5,PCC,A,2.5763726205374935,0.0,0.0,0.2850128710269928,1.149999976158142,53.24800137329102,0.23106816411018372
observed_test,v2_2018_420_48h,,5,PCC,B,2.5763726205374935,0.0,0.0,0.2850128710269928,1.149999976158142,53.24800137329102,0.23106816411018372
observed_test,v2_2018_420_48h,,5,PCC,C,2.5763726205374935,0.0,0.0,0.2850128710269928,1.149999976158142,53.24800137329102,0.23106816411018372
observed_test,v2_2018_420_48h,,6,PCC,A,2.7605416539868575,0.0,0.02077500013491282,0.4131304621696472,1.149999976158142,121.88174847412108,0.22681276500225067
observed_test,v2_2018_420_48h,,6,PCC,B,2.7605416539868575,0.0,0.02077500013491282,0.4131304621696472,1.149999976158142,121.88174847412108,0.22681276500225067
observed_test,v2_2018_420_48h,,6,PCC,C,2.7605416539868575,0.0,0.02077500013491282,0.4131304621696472,1.149999976158142,121.88174847412108,0.22681276500225067
observed_test,v2_2018_420_48h,,7,PCC,A,3.0129513006293838,0.0,0.06852083337994722,0.5887197852134705,1.149999976158142,121.88174847412108,0.23101766407489777
observed_test,v2_2018_420_48h,,7,PCC,B,3.0129513006293838,0.0,0.06852083337994722,0.5887197852134705,1.149999976158142,121.88174847412108,0.23101766407489777
observed_test,v2_2018_420_48h,,7,PCC,C,3.0129513006293838,0.0,0.06852083337994722,0.5887197852134705,1.149999976158142,121.88174847412108,0.23101766407489777
observed_test,v2_2018_420_48h,,8,PCC,A,2.7649040079514635,0.0,0.13574583885761407,0.41616514325141907,1.149999976158142,121.88174847412108,0.23152799904346466
observed_test,v2_2018_420_48h,,8,PCC,B,2.7649040079514635,0.0,0.13574583885761407,0.41616514325141907,1.149999976158142,121.88174847412108,0.23152799904346466
observed_test,v2_2018_420_48h,,8,PCC,C,2.7649040079514635,0.0,0.13574583885761407,0.41616514325141907,1.149999976158142,121.88174847412108,0.23152799904346466
observed_test,v2_2018_420_48h,,9,PCC,A,2.9051724072175276,0.0,0.16797917106976876,0.5137431621551514,1.149999976158142,121.88174847412108,0.23072364926338196
observed_test,v2_2018_420_48h,,9,PCC,B,2.9051724072175276,0.0,0.16797917106976876,0.5137431621551514,1.149999976158142,121.88174847412108,0.23072364926338196
observed_test,v2_2018_420_48h,,9,PCC,C,2.9051724072175276,0.0,0.16797917106976876,0.5137431621551514,1.149999976158142,121.88174847412108,0.23072364926338196
observed_test,v2_2018_420_48h,,10,PCC,A,2.6904467608222724,0.0,0.33815832665333373,0.3643687963485718,1.149999976158142,53.24800137329102,0.23165099322795868
observed_test,v2_2018_420_48h,,10,PCC,B,2.6904467608222724,0.0,0.33815832665333373,0.3643687963485718,1.149999976158142,53.24800137329102,0.23165099322795868
observed_test,v2_2018_420_48h,,10,PCC,C,2.6904467608222724,0.0,0.33815832665333373,0.3643687963485718,1.149999976158142,53.24800137329102,0.23165099322795868
observed_test,v2_2018_420_48h,,11,PCC,A,2.686130632121376,0.0,0.10508750207149065,0.36136627197265625,1.149999976158142,53.24800137329102,0.23457318544387817
observed_test,v2_2018_420_48h,,11,PCC,B,2.686130632121376,0.0,0.10508750207149065,0.36136627197265625,1.149999976158142,53.24800137329102,0.23457318544387817
observed_test,v2_2018_420_48h,,11,PCC,C,2.686130632121376,0.0,0.10508750207149065,0.36136627197265625,1.149999976158142,53.24800137329102,0.23457318544387817
observed_test,v2_2018_420_48h,,12,PCC,A,2.940481482794702,0.0,0.2691791607783391,0.5383059978485107,1.149999976158142,34.72425106811524,0.23091533780097961
observed_test,v2_2018_420_48h,,12,PCC,B,2.940481482794702,0.0,0.2691791607783391,0.5383059978485107,1.149999976158142,34.72425106811524,0.23091533780097961
observed_test,v2_2018_420_48h,,12,PCC,C,2.940481482794702,0.0,0.2691791607783391,0.5383059978485107,1.149999976158142,34.72425106811524,0.23091533780097961
observed_test,v2_2018_420_48h,,13,PCC,A,3.033735447282245,0.0,0.22187916418680775,0.6031783223152161,1.149999976158142,34.72425106811524,0.21288548409938812
observed_test,v2_2018_420_48h,,13,PCC,B,3.033735447282245,0.0,0.22187916418680775,0.6031783223152161,1.149999976158142,34.72425106811524,0.21288548409938812
observed_test,v2_2018_420_48h,,13,PCC,C,3.033735447282245,0.0,0.22187916418680775,0.6031783223152161,1.149999976158142,34.72425106811524,0.21288548409938812
observed_test,v2_2018_420_48h,,14,PCC,A,3.1232014249141358,0.0,0.20460416204654253,0.6654155254364014,1.149999976158142,34.72425106811524,0.20542694628238678
observed_test,v2_2018_420_48h,,14,PCC,B,3.1232014249141358,0.0,0.20460416204654253,0.6654155254364014,1.149999976158142,34.72425106811524,0.20542694628238678
observed_test,v2_2018_420_48h,,14,PCC,C,3.1232014249141358,0.0,0.20460416204654253,0.6654155254364014,1.149999976158142,34.72425106811524,0.20542694628238678
observed_test,v2_2018_420_48h,,15,PCC,A,2.915610662966831,0.0,0.2502041653944896,0.5210045576095581,1.149999976158142,34.72425106811524,0.19815398752689362
observed_test,v2_2018_420_48h,,15,PCC,B,2.915610662966831,0.0,0.2502041653944896,0.5210045576095581,1.149999976158142,34.72425106811524,0.19815398752689362
observed_test,v2_2018_420_48h,,15,PCC,C,2.915610662966831,0.0,0.2502041653944896,0.5210045576095581,1.149999976158142,34.72425106811524,0.19815398752689362
observed_test,v2_2018_420_48h,,16,PCC,A,2.9761405680146122,0.0,0.03888749947341589,0.5631123185157776,1.149999976158142,53.24800137329102,0.2050570547580719
observed_test,v2_2018_420_48h,,16,PCC,B,2.9761405680146122,0.0,0.03888749947341589,0.5631123185157776,1.149999976158142,53.24800137329102,0.2050570547580719
observed_test,v2_2018_420_48h,,16,PCC,C,2.9761405680146122,0.0,0.03888749947341589,0.5631123185157776,1.149999976158142,53.24800137329102,0.2050570547580719
observed_test,v2_2018_420_48h,,17,PCC,A,2.912059071852747,0.0,0.06270416510792878,0.5185338854789734,1.149999976158142,53.24800137329102,0.2133883535861969
observed_test,v2_2018_420_48h,,17,PCC,B,2.912059071852747,0.0,0.06270416510792878,0.5185338854789734,1.149999976158142,53.24800137329102,0.2133883535861969
observed_test,v2_2018_420_48h,,17,PCC,C,2.912059071852747,0.0,0.06270416510792878,0.5185338854789734,1.149999976158142,53.24800137329102,0.2133883535861969
observed_test,v2_2018_420_48h,,18,PCC,A,2.888165108802557,0.0,0.02548333364897049,0.501911997795105,1.149999976158142,53.24800137329102,0.21700935065746307
observed_test,v2_2018_420_48h,,18,PCC,B,2.888165108802557,0.0,0.02548333364897049,0.501911997795105,1.149999976158142,53.24800137329102,0.21700935065746307
observed_test,v2_2018_420_48h,,18,PCC,C,2.888165108802557,0.0,0.02548333364897049,0.501911997795105,1.149999976158142,53.24800137329102,0.21700935065746307
observed_test,v2_2018_420_48h,,19,PCC,A,2.9849615821466244,0.0,0.0,0.5692486763000488,1.149999976158142,53.24800137329102,0.2190818190574646
observed_test,v2_2018_420_48h,,19,PCC,B,2.9849615821466244,0.0,0.0,0.5692486763000488,1.149999976158142,53.24800137329102,0.2190818190574646
observed_test,v2_2018_420_48h,,19,PCC,C,2.9849615821466244,0.0,0.0,0.5692486763000488,1.149999976158142,53.24800137329102,0.2190818190574646
observed_test,v2_2018_420_48h,,20,PCC,A,2.825617614510635,0.0,0.0,0.458400696516037,1.149999976158142,53.24800137329102,0.22499531507492065
observed_test,v2_2018_420_48h,,20,PCC,B,2.825617614510635,0.0,0.0,0.458400696516037,1.149999976158142,53.24800137329102,0.22499531507492065
observed_test,v2_2018_420_48h,,20,PCC,C,2.825617614510635,0.0,0.0,0.458400696516037,1.149999976158142,53.24800137329102,0.22499531507492065
observed_test,v2_2018_420_48h,,21,PCC,A,2.740638571998929,0.0,0.0,0.39928483963012695,1.149999976158142,53.24800137329102,0.2404138743877411
observed_test,v2_2018_420_48h,,21,PCC,B,2.740638571998929,0.0,0.0,0.39928483963012695,1.149999976158142,53.24800137329102,0.2404138743877411
observed_test,v2_2018_420_48h,,21,PCC,C,2.740638571998929,0.0,0.0,0.39928483963012695,1.149999976158142,53.24800137329102,0.2404138743877411
observed_test,v2_2018_420_48h,,22,PCC,A,2.689500792288461,0.0,0.0,0.3637107312679291,1.149999976158142,53.24800137329102,0.26650428771972656
observed_test,v2_2018_420_48h,,22,PCC,B,2.689500792288461,0.0,0.0,0.3637107312679291,1.149999976158142,53.24800137329102,0.26650428771972656
observed_test,v2_2018_420_48h,,22,PCC,C,2.689500792288461,0.0,0.0,0.3637107312679291,1.149999976158142,53.24800137329102,0.26650428771972656
observed_test,v2_2018_420_48h,,23,PCC,A,2.666340906989589,0.0,0.0,0.34759950637817383,1.149999976158142,53.24800137329102,0.27035894989967346
observed_test,v2_2018_420_48h,,23,PCC,B,2.666340906989589,0.0,0.0,0.34759950637817383,1.149999976158142,53.24800137329102,0.27035894989967346
observed_test,v2_2018_420_48h,,23,PCC,C,2.666340906989589,0.0,0.0,0.34759950637817383,1.149999976158142,53.24800137329102,0.27035894989967346
observed_test,v2_2018_420_48h,,24,PCC,A,2.589738233557025,0.0,0.0,0.29431068897247314,1.149999976158142,53.24800137329102,0.27021366357803345
observed_test,v2_2018_420_48h,,24,PCC,B,2.589738233557025,0.0,0.0,0.29431068897247314,1.149999976158142,53.24800137329102,0.27021366357803345
observed_test,v2_2018_420_48h,,24,PCC,C,2.589738233557025,0.0,0.0,0.29431068897247314,1.149999976158142,53.24800137329102,0.27021366357803345
observed_test,v2_2018_420_48h,,25,PCC,A,2.6237012928594003,0.0,0.0,0.3179371654987335,1.149999976158142,34.72425106811524,0.2689494490623474
observed_test,v2_2018_420_48h,,25,PCC,B,2.6237012928594003,0.0,0.0,0.3179371654987335,1.149999976158142,34.72425106811524,0.2689494490623474
observed_test,v2_2018_420_48h,,25,PCC,C,2.6237012928594003,0.0,0.0,0.3179371654987335,1.149999976158142,34.72425106811524,0.2689494490623474
observed_test,v2_2018_420_48h,,26,PCC,A,2.4875831211508435,0.0,0.0,0.2232462614774704,1.149999976158142,34.72425106811524,0.28191912174224854
observed_test,v2_2018_420_48h,,26,PCC,B,2.4875831211508435,0.0,0.0,0.2232462614774704,1.149999976158142,34.72425106811524,0.28191912174224854
observed_test,v2_2018_420_48h,,26,PCC,C,2.4875831211508435,0.0,0.0,0.2232462614774704,1.149999976158142,34.72425106811524,0.28191912174224854
observed_test,v2_2018_420_48h,,27,PCC,A,2.5452259178952694,0.0,0.0,0.2633455991744995,1.149999976158142,53.24800137329102,0.28874415159225464
observed_test,v2_2018_420_48h,,27,PCC,B,2.5452259178952694,0.0,0.0,0.2633455991744995,1.149999976158142,53.24800137329102,0.28874415159225464
observed_test,v2_2018_420_48h,,27,PCC,C,2.5452259178952694,0.0,0.0,0.2633455991744995,1.149999976158142,53.24800137329102,0.28874415159225464
observed_test,v2_2018_420_48h,,28,PCC,A,2.6066056994782514,0.0,0.0,0.3060445785522461,1.149999976158142,53.24800137329102,0.2743911147117615
observed_test,v2_2018_420_48h,,28,PCC,B,2.6066056994782514,0.0,0.0,0.3060445785522461,1.149999976158142,53.24800137329102,0.2743911147117615
observed_test,v2_2018_420_48h,,28,PCC,C,2.6066056994782514,0.0,0.0,0.3060445785522461,1.149999976158142,53.24800137329102,0.2743911147117615
observed_test,v2_2018_420_48h,,29,PCC,A,2.5763726205374935,0.0,0.0,0.2850128710269928,1.149999976158142,53.24800137329102,0.2756700813770294
observed_test,v2_2018_420_48h,,29,PCC,B,2.5763726205374935,0.0,0.0,0.2850128710269928,1.149999976158142,53.24800137329102,0.2756700813770294
observed_test,v2_2018_420_48h,,29,PCC,C,2.5763726205374935,0.0,0.0,0.2850128710269928,1.149999976158142,53.24800137329102,0.2756700813770294
observed_test,v2_2018_420_48h,,30,PCC,A,2.7605416539868575,0.0,0.007033333307705246,0.4131304621696472,1.149999976158142,121.88174847412108,0.2627776861190796
observed_test,v2_2018_420_48h,,30,PCC,B,2.7605416539868575,0.0,0.007033333307705246,0.4131304621696472,1.149999976158142,121.88174847412108,0.2627776861190796
observed_test,v2_2018_420_48h,,30,PCC,C,2.7605416539868575,0.0,0.007033333307705246,0.4131304621696472,1.149999976158142,121.88174847412108,0.2627776861190796
observed_test,v2_2018_420_48h,,31,PCC,A,3.0129513006293838,0.0,0.044374998945456275,0.5887197852134705,1.149999976158142,121.88174847412108,0.24996161460876465
observed_test,v2_2018_420_48h,,31,PCC,B,3.0129513006293838,0.0,0.044374998945456275,0.5887197852134705,1.149999976158142,121.88174847412108,0.24996161460876465
observed_test,v2_2018_420_48h,,31,PCC,C,3.0129513006293838,0.0,0.044374998945456275,0.5887197852134705,1.149999976158142,121.88174847412108,0.24996161460876465
observed_test,v2_2018_420_48h,,32,PCC,A,2.7649040079514635,0.0,0.07812083483888552,0.41616514325141907,1.149999976158142,121.88174847412108,0.24707892537117004
observed_test,v2_2018_420_48h,,32,PCC,B,2.7649040079514635,0.0,0.07812083483888552,0.41616514325141907,1.149999976158142,121.88174847412108,0.24707892537117004
observed_test,v2_2018_420_48h,,32,PCC,C,2.7649040079514635,0.0,0.07812083483888552,0.41616514325141907,1.149999976158142,121.88174847412108,0.24707892537117004
observed_test,v2_2018_420_48h,,33,PCC,A,2.9051724072175276,0.0,0.1453249930189206,0.5137431621551514,1.149999976158142,121.88174847412108,0.2489013671875
observed_test,v2_2018_420_48h,,33,PCC,B,2.9051724072175276,0.0,0.1453249930189206,0.5137431621551514,1.149999976158142,121.88174847412108,0.2489013671875
observed_test,v2_2018_420_48h,,33,PCC,C,2.9051724072175276,0.0,0.1453249930189206,0.5137431621551514,1.149999976158142,121.88174847412108,0.2489013671875
observed_test,v2_2018_420_48h,,34,PCC,A,2.6904467608222724,0.0,0.14801250340846867,0.3643687963485718,1.149999976158142,53.24800137329102,0.25076907873153687
observed_test,v2_2018_420_48h,,34,PCC,B,2.6904467608222724,0.0,0.14801250340846867,0.3643687963485718,1.149999976158142,53.24800137329102,0.25076907873153687
observed_test,v2_2018_420_48h,,34,PCC,C,2.6904467608222724,0.0,0.14801250340846867,0.3643687963485718,1.149999976158142,53.24800137329102,0.25076907873153687
observed_test,v2_2018_420_48h,,35,PCC,A,2.686130632121376,0.0,0.1259541712128199,0.36136627197265625,1.149999976158142,53.24800137329102,0.25952115654945374
observed_test,v2_2018_420_48h,,35,PCC,B,2.686130632121376,0.0,0.1259541712128199,0.36136627197265625,1.149999976158142,53.24800137329102,0.25952115654945374
observed_test,v2_2018_420_48h,,35,PCC,C,2.686130632121376,0.0,0.1259541712128199,0.36136627197265625,1.149999976158142,53.24800137329102,0.25952115654945374
observed_test,v2_2018_420_48h,,36,PCC,A,2.940481482794702,0.0,0.10593749869328278,0.5383059978485107,1.149999976158142,34.72425106811524,0.27041664719581604
observed_test,v2_2018_420_48h,,36,PCC,B,2.940481482794702,0.0,0.10593749869328278,0.5383059978485107,1.149999976158142,34.72425106811524,0.27041664719581604
observed_test,v2_2018_420_48h,,36,PCC,C,2.940481482794702,0.0,0.10593749869328278,0.5383059978485107,1.149999976158142,34.72425106811524,0.27041664719581604
observed_test,v2_2018_420_48h,,37,PCC,A,3.033735447282245,0.0,0.11478749891886343,0.6031783223152161,1.149999976158142,34.72425106811524,0.2573597729206085
observed_test,v2_2018_420_48h,,37,PCC,B,3.033735447282245,0.0,0.11478749891886343,0.6031783223152161,1.149999976158142,34.72425106811524,0.2573597729206085
observed_test,v2_2018_420_48h,,37,PCC,C,3.033735447282245,0.0,0.11478749891886343,0.6031783223152161,1.149999976158142,34.72425106811524,0.2573597729206085
observed_test,v2_2018_420_48h,,38,PCC,A,3.1232014249141358,0.0,0.13570417291842973,0.6654155254364014,1.149999976158142,34.72425106811524,0.2475329339504242
observed_test,v2_2018_420_48h,,38,PCC,B,3.1232014249141358,0.0,0.13570417291842973,0.6654155254364014,1.149999976158142,34.72425106811524,0.2475329339504242
observed_test,v2_2018_420_48h,,38,PCC,C,3.1232014249141358,0.0,0.13570417291842973,0.6654155254364014,1.149999976158142,34.72425106811524,0.2475329339504242
observed_test,v2_2018_420_48h,,39,PCC,A,2.915610662966831,0.0,0.09556667019541447,0.5210045576095581,1.149999976158142,34.72425106811524,0.24321039021015167
observed_test,v2_2018_420_48h,,39,PCC,B,2.915610662966831,0.0,0.09556667019541447,0.5210045576095581,1.149999976158142,34.72425106811524,0.24321039021015167
observed_test,v2_2018_420_48h,,39,PCC,C,2.915610662966831,0.0,0.09556667019541447,0.5210045576095581,1.149999976158142,34.72425106811524,0.24321039021015167
observed_test,v2_2018_420_48h,,40,PCC,A,2.9761405680146122,0.0,0.1675708362689385,0.5631123185157776,1.149999976158142,53.24800137329102,0.2491816133260727
observed_test,v2_2018_420_48h,,40,PCC,B,2.9761405680146122,0.0,0.1675708362689385,0.5631123185157776,1.149999976158142,53.24800137329102,0.2491816133260727
observed_test,v2_2018_420_48h,,40,PCC,C,2.9761405680146122,0.0,0.1675708362689385,0.5631123185157776,1.149999976158142,53.24800137329102,0.2491816133260727
observed_test,v2_2018_420_48h,,41,PCC,A,2.912059071852747,0.0,0.08465417016011018,0.5185338854789734,1.149999976158142,53.24800137329102,0.2657085955142975
observed_test,v2_2018_420_48h,,41,PCC,B,2.912059071852747,0.0,0.08465417016011018,0.5185338854789734,1.149999976158142,53.24800137329102,0.2657085955142975
observed_test,v2_2018_420_48h,,41,PCC,C,2.912059071852747,0.0,0.08465417016011018,0.5185338854789734,1.149999976158142,53.24800137329102,0.2657085955142975
observed_test,v2_2018_420_48h,,42,PCC,A,2.888165108802557,0.0,0.004045833170843812,0.501911997795105,1.149999976158142,53.24800137329102,0.28442761301994324
observed_test,v2_2018_420_48h,,42,PCC,B,2.888165108802557,0.0,0.004045833170843812,0.501911997795105,1.149999976158142,53.24800137329102,0.28442761301994324
observed_test,v2_2018_420_48h,,42,PCC,C,2.888165108802557,0.0,0.004045833170843812,0.501911997795105,1.149999976158142,53.24800137329102,0.28442761301994324
observed_test,v2_2018_420_48h,,43,PCC,A,2.9849615821466244,0.0,0.0,0.5692486763000488,1.149999976158142,53.24800137329102,0.30174151062965393
observed_test,v2_2018_420_48h,,43,PCC,B,2.9849615821466244,0.0,0.0,0.5692486763000488,1.149999976158142,53.24800137329102,0.30174151062965393
observed_test,v2_2018_420_48h,,43,PCC,C,2.9849615821466244,0.0,0.0,0.5692486763000488,1.149999976158142,53.24800137329102,0.30174151062965393
observed_test,v2_2018_420_48h,,44,PCC,A,2.825617614510635,0.0,0.0,0.458400696516037,1.149999976158142,53.24800137329102,0.31503793597221375
observed_test,v2_2018_420_48h,,44,PCC,B,2.825617614510635,0.0,0.0,0.458400696516037,1.149999976158142,53.24800137329102,0.31503793597221375
observed_test,v2_2018_420_48h,,44,PCC,C,2.825617614510635,0.0,0.0,0.458400696516037,1.149999976158142,53.24800137329102,0.31503793597221375
observed_test,v2_2018_420_48h,,45,PCC,A,2.740638571998929,0.0,0.0,0.39928483963012695,1.149999976158142,53.24800137329102,0.3256334662437439
observed_test,v2_2018_420_48h,,45,PCC,B,2.740638571998929,0.0,0.0,0.39928483963012695,1.149999976158142,53.24800137329102,0.3256334662437439
observed_test,v2_2018_420_48h,,45,PCC,C,2.740638571998929,0.0,0.0,0.39928483963012695,1.149999976158142,53.24800137329102,0.3256334662437439
observed_test,v2_2018_420_48h,,46,PCC,A,2.689500792288461,0.0,0.0,0.3637107312679291,1.149999976158142,53.24800137329102,0.3141850531101227
observed_test,v2_2018_420_48h,,46,PCC,B,2.689500792288461,0.0,0.0,0.3637107312679291,1.149999976158142,53.24800137329102,0.3141850531101227
observed_test,v2_2018_420_48h,,46,PCC,C,2.689500792288461,0.0,0.0,0.3637107312679291,1.149999976158142,53.24800137329102,0.3141850531101227
observed_test,v2_2018_420_48h,,47,PCC,A,2.666340906989589,0.0,0.0,0.34759950637817383,1.149999976158142,53.24800137329102,0.30580610036849976
observed_test,v2_2018_420_48h,,47,PCC,B,2.666340906989589,0.0,0.0,0.34759950637817383,1.149999976158142,53.24800137329102,0.30580610036849976
observed_test,v2_2018_420_48h,,47,PCC,C,2.666340906989589,0.0,0.0,0.34759950637817383,1.149999976158142,53.24800137329102,0.30580610036849976
observed_test,v2_2018_517_48h,,0,PCC,A,2.589738233557025,0.0,0.0,0.29431068897247314,1.149999976158142,53.24800137329102,0.31878119707107544
observed_test,v2_2018_517_48h,,0,PCC,B,2.589738233557025,0.0,0.0,0.29431068897247314,1.149999976158142,53.24800137329102,0.31878119707107544
observed_test,v2_2018_517_48h,,0,PCC,C,2.589738233557025,0.0,0.0,0.29431068897247314,1.149999976158142,53.24800137329102,0.31878119707107544
observed_test,v2_2018_517_48h,,1,PCC,A,2.6237012928594003,0.0,0.0,0.3179371654987335,1.149999976158142,53.24800137329102,0.32118916511535645
observed_test,v2_2018_517_48h,,1,PCC,B,2.6237012928594003,0.0,0.0,0.3179371654987335,1.149999976158142,53.24800137329102,0.32118916511535645
observed_test,v2_2018_517_48h,,1,PCC,C,2.6237012928594003,0.0,0.0,0.3179371654987335,1.149999976158142,53.24800137329102,0.32118916511535645
observed_test,v2_2018_517_48h,,2,PCC,A,2.4875831211508435,0.0,0.0,0.2232462614774704,1.149999976158142,53.24800137329102,0.33704617619514465
observed_test,v2_2018_517_48h,,2,PCC,B,2.4875831211508435,0.0,0.0,0.2232462614774704,1.149999976158142,53.24800137329102,0.33704617619514465
observed_test,v2_2018_517_48h,,2,PCC,C,2.4875831211508435,0.0,0.0,0.2232462614774704,1.149999976158142,53.24800137329102,0.33704617619514465
observed_test,v2_2018_517_48h,,3,PCC,A,2.5452259178952694,0.0,0.0,0.2633455991744995,1.149999976158142,53.24800137329102,0.3459780812263489
observed_test,v2_2018_517_48h,,3,PCC,B,2.5452259178952694,0.0,0.0,0.2633455991744995,1.149999976158142,53.24800137329102,0.3459780812263489
observed_test,v2_2018_517_48h,,3,PCC,C,2.5452259178952694,0.0,0.0,0.2633455991744995,1.149999976158142,53.24800137329102,0.3459780812263489
observed_test,v2_2018_517_48h,,4,PCC,A,2.6066056994782514,0.0,0.0,0.3060445785522461,1.149999976158142,53.24800137329102,0.317017138004303
observed_test,v2_2018_517_48h,,4,PCC,B,2.6066056994782514,0.0,0.0,0.3060445785522461,1.149999976158142,53.24800137329102,0.317017138004303
observed_test,v2_2018_517_48h,,4,PCC,C,2.6066056994782514,0.0,0.0,0.3060445785522461,1.149999976158142,53.24800137329102,0.317017138004303
observed_test,v2_2018_517_48h,,5,PCC,A,2.5763726205374935,0.0,0.0,0.2850128710269928,1.149999976158142,53.24800137329102,0.2949502170085907
observed_test,v2_2018_517_48h,,5,PCC,B,2.5763726205374935,0.0,0.0,0.2850128710269928,1.149999976158142,53.24800137329102,0.2949502170085907
observed_test,v2_2018_517_48h,,5,PCC,C,2.5763726205374935,0.0,0.0,0.2850128710269928,1.149999976158142,53.24800137329102,0.2949502170085907
observed_test,v2_2018_517_48h,,6,PCC,A,2.7605416539868575,0.0,0.0,0.4131304621696472,1.149999976158142,53.24800137329102,0.2756158411502838
observed_test,v2_2018_517_48h,,6,PCC,B,2.7605416539868575,0.0,0.0,0.4131304621696472,1.149999976158142,53.24800137329102,0.2756158411502838
observed_test,v2_2018_517_48h,,6,PCC,C,2.7605416539868575,0.0,0.0,0.4131304621696472,1.149999976158142,53.24800137329102,0.2756158411502838
observed_test,v2_2018_517_48h,,7,PCC,A,3.0129513006293838,0.0,0.19284582768495265,0.5887197852134705,1.149999976158142,53.24800137329102,0.2672480344772339
observed_test,v2_2018_517_48h,,7,PCC,B,3.0129513006293838,0.0,0.19284582768495265,0.5887197852134705,1.149999976158142,53.24800137329102,0.2672480344772339
observed_test,v2_2018_517_48h,,7,PCC,C,3.0129513006293838,0.0,0.19284582768495265,0.5887197852134705,1.149999976158142,53.24800137329102,0.2672480344772339
observed_test,v2_2018_517_48h,,8,PCC,A,2.7649040079514635,0.0,0.6171041383193089,0.41616514325141907,1.149999976158142,53.24800137329102,0.2666736841201782
observed_test,v2_2018_517_48h,,8,PCC,B,2.7649040079514635,0.0,0.6171041383193089,0.41616514325141907,1.149999976158142,53.24800137329102,0.2666736841201782
observed_test,v2_2018_517_48h,,8,PCC,C,2.7649040079514635,0.0,0.6171041383193089,0.41616514325141907,1.149999976158142,53.24800137329102,0.2666736841201782
observed_test,v2_2018_517_48h,,9,PCC,A,2.9051724072175276,0.0,0.9328333231119008,0.5137431621551514,1.149999976158142,53.24800137329102,0.27404993772506714
observed_test,v2_2018_517_48h,,9,PCC,B,2.9051724072175276,0.0,0.9328333231119008,0.5137431621551514,1.149999976158142,53.24800137329102,0.27404993772506714
observed_test,v2_2018_517_48h,,9,PCC,C,2.9051724072175276,0.0,0.9328333231119008,0.5137431621551514,1.149999976158142,53.24800137329102,0.27404993772506714
observed_test,v2_2018_517_48h,,10,PCC,A,2.6904467608222724,0.0,1.128175052312704,0.3643687963485718,1.149999976158142,53.24800137329102,0.28345242142677307
observed_test,v2_2018_517_48h,,10,PCC,B,2.6904467608222724,0.0,1.128175052312704,0.3643687963485718,1.149999976158142,53.24800137329102,0.28345242142677307
observed_test,v2_2018_517_48h,,10,PCC,C,2.6904467608222724,0.0,1.128175052312704,0.3643687963485718,1.149999976158142,53.24800137329102,0.28345242142677307
observed_test,v2_2018_517_48h,,11,PCC,A,2.686130632121376,0.0,1.2329041957855222,0.36136627197265625,1.149999976158142,53.24800137329102,0.31401392817497253
observed_test,v2_2018_517_48h,,11,PCC,B,2.686130632121376,0.0,1.2329041957855222,0.36136627197265625,1.149999976158142,53.24800137329102,0.31401392817497253
observed_test,v2_2018_517_48h,,11,PCC,C,2.686130632121376,0.0,1.2329041957855222,0.36136627197265625,1.149999976158142,53.24800137329102,0.31401392817497253
observed_test,v2_2018_517_48h,,12,PCC,A,2.940481482794702,0.0,1.240691657249744,0.5383059978485107,1.149999976158142,53.24800137329102,0.33215922117233276
observed_test,v2_2018_517_48h,,12,PCC,B,2.940481482794702,0.0,1.240691657249744,0.5383059978485107,1.149999976158142,53.24800137329102,0.33215922117233276
observed_test,v2_2018_517_48h,,12,PCC,C,2.940481482794702,0.0,1.240691657249744,0.5383059978485107,1.149999976158142,53.24800137329102,0.33215922117233276
observed_test,v2_2018_517_48h,,13,PCC,A,3.033735447282245,0.0,1.1512124767670264,0.6031783223152161,1.149999976158142,53.24800137329102,0.34412243962287903
observed_test,v2_2018_517_48h,,13,PCC,B,3.033735447282245,0.0,1.1512124767670264,0.6031783223152161,1.149999976158142,53.24800137329102,0.34412243962287903
observed_test,v2_2018_517_48h,,13,PCC,C,3.033735447282245,0.0,1.1512124767670264,0.6031783223152161,1.149999976158142,53.24800137329102,0.34412243962287903
observed_test,v2_2018_517_48h,,14,PCC,A,3.1232014249141358,0.0,0.9769875269669752,0.6654155254364014,1.149999976158142,53.24800137329102,0.3076339364051819
observed_test,v2_2018_517_48h,,14,PCC,B,3.1232014249141358,0.0,0.9769875269669752,0.6654155254364014,1.149999976158142,53.24800137329102,0.3076339364051819
observed_test,v2_2018_517_48h,,14,PCC,C,3.1232014249141358,0.0,0.9769875269669752,0.6654155254364014,1.149999976158142,53.24800137329102,0.3076339364051819
observed_test,v2_2018_517_48h,,15,PCC,A,2.915610662966831,0.0,0.712874990243178,0.5210045576095581,1.149999976158142,53.24800137329102,0.2615348994731903
observed_test,v2_2018_517_48h,,15,PCC,B,2.915610662966831,0.0,0.712874990243178,0.5210045576095581,1.149999976158142,53.24800137329102,0.2615348994731903
observed_test,v2_2018_517_48h,,15,PCC,C,2.915610662966831,0.0,0.712874990243178,0.5210045576095581,1.149999976158142,53.24800137329102,0.2615348994731903
observed_test,v2_2018_517_48h,,16,PCC,A,2.9761405680146122,0.0,0.34545416442247534,0.5631123185157776,1.149999976158142,53.24800137329102,0.24569140374660492
observed_test,v2_2018_517_48h,,16,PCC,B,2.9761405680146122,0.0,0.34545416442247534,0.5631123185157776,1.149999976158142,53.24800137329102,0.24569140374660492
observed_test,v2_2018_517_48h,,16,PCC,C,2.9761405680146122,0.0,0.34545416442247534,0.5631123185157776,1.149999976158142,53.24800137329102,0.24569140374660492
observed_test,v2_2018_517_48h,,17,PCC,A,2.912059071852747,0.0,0.012487499938847927,0.5185338854789734,1.149999976158142,53.24800137329102,0.2300431877374649
observed_test,v2_2018_517_48h,,17,PCC,B,2.912059071852747,0.0,0.012487499938847927,0.5185338854789734,1.149999976158142,53.24800137329102,0.2300431877374649
observed_test,v2_2018_517_48h,,17,PCC,C,2.912059071852747,0.0,0.012487499938847927,0.5185338854789734,1.149999976158142,53.24800137329102,0.2300431877374649
observed_test,v2_2018_517_48h,,18,PCC,A,2.888165108802557,0.0,0.0,0.501911997795105,1.149999976158142,53.24800137329102,0.22895246744155884
observed_test,v2_2018_517_48h,,18,PCC,B,2.888165108802557,0.0,0.0,0.501911997795105,1.149999976158142,53.24800137329102,0.22895246744155884
observed_test,v2_2018_517_48h,,18,PCC,C,2.888165108802557,0.0,0.0,0.501911997795105,1.149999976158142,53.24800137329102,0.22895246744155884
observed_test,v2_2018_517_48h,,19,PCC,A,2.9849615821466244,0.0,0.0,0.5692486763000488,1.149999976158142,53.24800137329102,0.24547912180423737
observed_test,v2_2018_517_48h,,19,PCC,B,2.9849615821466244,0.0,0.0,0.5692486763000488,1.149999976158142,53.24800137329102,0.24547912180423737
observed_test,v2_2018_517_48h,,19,PCC,C,2.9849615821466244,0.0,0.0,0.5692486763000488,1.149999976158142,53.24800137329102,0.24547912180423737
observed_test,v2_2018_517_48h,,20,PCC,A,2.825617614510635,0.0,0.0,0.458400696516037,1.149999976158142,53.24800137329102,0.2775125801563263
observed_test,v2_2018_517_48h,,20,PCC,B,2.825617614510635,0.0,0.0,0.458400696516037,1.149999976158142,53.24800137329102,0.2775125801563263
observed_test,v2_2018_517_48h,,20,PCC,C,2.825617614510635,0.0,0.0,0.458400696516037,1.149999976158142,53.24800137329102,0.2775125801563263
observed_test,v2_2018_517_48h,,21,PCC,A,2.740638571998929,0.0,0.0,0.39928483963012695,1.149999976158142,53.24800137329102,0.329254686832428
observed_test,v2_2018_517_48h,,21,PCC,B,2.740638571998929,0.0,0.0,0.39928483963012695,1.149999976158142,53.24800137329102,0.329254686832428
observed_test,v2_2018_517_48h,,21,PCC,C,2.740638571998929,0.0,0.0,0.39928483963012695,1.149999976158142,53.24800137329102,0.329254686832428
observed_test,v2_2018_517_48h,,22,PCC,A,2.689500792288461,0.0,0.0,0.3637107312679291,1.149999976158142,53.24800137329102,0.34110918641090393
observed_test,v2_2018_517_48h,,22,PCC,B,2.689500792288461,0.0,0.0,0.3637107312679291,1.149999976158142,53.24800137329102,0.34110918641090393
observed_test,v2_2018_517_48h,,22,PCC,C,2.689500792288461,0.0,0.0,0.3637107312679291,1.149999976158142,53.24800137329102,0.34110918641090393
observed_test,v2_2018_517_48h,,23,PCC,A,2.666340906989589,0.0,0.0,0.34759950637817383,1.149999976158142,53.24800137329102,0.32101884484291077
observed_test,v2_2018_517_48h,,23,PCC,B,2.666340906989589,0.0,0.0,0.34759950637817383,1.149999976158142,53.24800137329102,0.32101884484291077
observed_test,v2_2018_517_48h,,23,PCC,C,2.666340906989589,0.0,0.0,0.34759950637817383,1.149999976158142,53.24800137329102,0.32101884484291077
observed_test,v2_2018_517_48h,,24,PCC,A,2.589738233557025,0.0,0.0,0.29431068897247314,1.149999976158142,53.24800137329102,0.32471373677253723
observed_test,v2_2018_517_48h,,24,PCC,B,2.589738233557025,0.0,0.0,0.29431068897247314,1.149999976158142,53.24800137329102,0.32471373677253723
observed_test,v2_2018_517_48h,,24,PCC,C,2.589738233557025,0.0,0.0,0.29431068897247314,1.149999976158142,53.24800137329102,0.32471373677253723
observed_test,v2_2018_517_48h,,25,PCC,A,2.6237012928594003,0.0,0.0,0.3179371654987335,1.149999976158142,53.24800137329102,0.31471502780914307
observed_test,v2_2018_517_48h,,25,PCC,B,2.6237012928594003,0.0,0.0,0.3179371654987335,1.149999976158142,53.24800137329102,0.31471502780914307
observed_test,v2_2018_517_48h,,25,PCC,C,2.6237012928594003,0.0,0.0,0.3179371654987335,1.149999976158142,53.24800137329102,0.31471502780914307
observed_test,v2_2018_517_48h,,26,PCC,A,2.4875831211508435,0.0,0.0,0.2232462614774704,1.149999976158142,53.24800137329102,0.3117430806159973
observed_test,v2_2018_517_48h,,26,PCC,B,2.4875831211508435,0.0,0.0,0.2232462614774704,1.149999976158142,53.24800137329102,0.3117430806159973
observed_test,v2_2018_517_48h,,26,PCC,C,2.4875831211508435,0.0,0.0,0.2232462614774704,1.149999976158142,53.24800137329102,0.3117430806159973
observed_test,v2_2018_517_48h,,27,PCC,A,2.5452259178952694,0.0,0.0,0.2633455991744995,1.149999976158142,53.24800137329102,0.32513874769210815
observed_test,v2_2018_517_48h,,27,PCC,B,2.5452259178952694,0.0,0.0,0.2633455991744995,1.149999976158142,53.24800137329102,0.32513874769210815
observed_test,v2_2018_517_48h,,27,PCC,C,2.5452259178952694,0.0,0.0,0.2633455991744995,1.149999976158142,53.24800137329102,0.32513874769210815
observed_test,v2_2018_517_48h,,28,PCC,A,2.6066056994782514,0.0,0.0,0.3060445785522461,1.149999976158142,53.24800137329102,0.3000279366970062
observed_test,v2_2018_517_48h,,28,PCC,B,2.6066056994782514,0.0,0.0,0.3060445785522461,1.149999976158142,53.24800137329102,0.3000279366970062
observed_test,v2_2018_517_48h,,28,PCC,C,2.6066056994782514,0.0,0.0,0.3060445785522461,1.149999976158142,53.24800137329102,0.3000279366970062
observed_test,v2_2018_517_48h,,29,PCC,A,2.5763726205374935,0.0,0.0,0.2850128710269928,1.149999976158142,53.24800137329102,0.268724262714386
observed_test,v2_2018_517_48h,,29,PCC,B,2.5763726205374935,0.0,0.0,0.2850128710269928,1.149999976158142,53.24800137329102,0.268724262714386
observed_test,v2_2018_517_48h,,29,PCC,C,2.5763726205374935,0.0,0.0,0.2850128710269928,1.149999976158142,53.24800137329102,0.268724262714386
observed_test,v2_2018_517_48h,,30,PCC,A,2.7605416539868575,0.0,0.0,0.4131304621696472,1.149999976158142,53.24800137329102,0.2541307210922241
observed_test,v2_2018_517_48h,,30,PCC,B,2.7605416539868575,0.0,0.0,0.4131304621696472,1.149999976158142,53.24800137329102,0.2541307210922241
observed_test,v2_2018_517_48h,,30,PCC,C,2.7605416539868575,0.0,0.0,0.4131304621696472,1.149999976158142,53.24800137329102,0.2541307210922241
observed_test,v2_2018_517_48h,,31,PCC,A,3.0129513006293838,0.0,0.19042916022814235,0.5887197852134705,1.149999976158142,53.24800137329102,0.24084439873695374
observed_test,v2_2018_517_48h,,31,PCC,B,3.0129513006293838,0.0,0.19042916022814235,0.5887197852134705,1.149999976158142,53.24800137329102,0.24084439873695374
observed_test,v2_2018_517_48h,,31,PCC,C,3.0129513006293838,0.0,0.19042916022814235,0.5887197852134705,1.149999976158142,53.24800137329102,0.24084439873695374
observed_test,v2_2018_517_48h,,32,PCC,A,2.7649040079514635,0.0,0.6126333314638871,0.41616514325141907,1.149999976158142,53.24800137329102,0.23771071434020996
observed_test,v2_2018_517_48h,,32,PCC,B,2.7649040079514635,0.0,0.6126333314638871,0.41616514325141907,1.149999976158142,53.24800137329102,0.23771071434020996
observed_test,v2_2018_517_48h,,32,PCC,C,2.7649040079514635,0.0,0.6126333314638871,0.41616514325141907,1.149999976158142,53.24800137329102,0.23771071434020996
observed_test,v2_2018_517_48h,,33,PCC,A,2.9051724072175276,0.0,0.9181874875838939,0.5137431621551514,1.149999976158142,53.24800137329102,0.23814091086387634
observed_test,v2_2018_517_48h,,33,PCC,B,2.9051724072175276,0.0,0.9181874875838939,0.5137431621551514,1.149999976158142,53.24800137329102,0.23814091086387634
observed_test,v2_2018_517_48h,,33,PCC,C,2.9051724072175276,0.0,0.9181874875838939,0.5137431621551514,1.149999976158142,53.24800137329102,0.23814091086387634
observed_test,v2_2018_517_48h,,34,PCC,A,2.6904467608222724,0.0,1.1087750013058002,0.3643687963485718,1.149999976158142,53.24800137329102,0.24649514257907867
observed_test,v2_2018_517_48h,,34,PCC,B,2.6904467608222724,0.0,1.1087750013058002,0.3643687963485718,1.149999976158142,53.24800137329102,0.24649514257907867
observed_test,v2_2018_517_48h,,34,PCC,C,2.6904467608222724,0.0,1.1087750013058002,0.3643687963485718,1.149999976158142,53.24800137329102,0.24649514257907867
observed_test,v2_2018_517_48h,,35,PCC,A,2.686130632121376,0.0,1.199599985892956,0.36136627197265625,1.149999976158142,53.24800137329102,0.28050360083580017
observed_test,v2_2018_517_48h,,35,PCC,B,2.686130632121376,0.0,1.199599985892956,0.36136627197265625,1.149999976158142,53.24800137329102,0.28050360083580017
observed_test,v2_2018_517_48h,,35,PCC,C,2.686130632121376,0.0,1.199599985892956,0.36136627197265625,1.149999976158142,53.24800137329102,0.28050360083580017
observed_test,v2_2018_517_48h,,36,PCC,A,2.940481482794702,0.0,1.124812547977154,0.5383059978485107,1.149999976158142,53.24800137329102,0.29443758726119995
observed_test,v2_2018_517_48h,,36,PCC,B,2.940481482794702,0.0,1.124812547977154,0.5383059978485107,1.149999976158142,53.24800137329102,0.29443758726119995
observed_test,v2_2018_517_48h,,36,PCC,C,2.940481482794702,0.0,1.124812547977154,0.5383059978485107,1.149999976158142,53.24800137329102,0.29443758726119995
observed_test,v2_2018_517_48h,,37,PCC,A,3.033735447282245,0.0,0.8060166468987098,0.6031783223152161,1.149999976158142,53.24800137329102,0.30015167593955994
observed_test,v2_2018_517_48h,,37,PCC,B,3.033735447282245,0.0,0.8060166468987098,0.6031783223152161,1.149999976158142,53.24800137329102,0.30015167593955994
observed_test,v2_2018_517_48h,,37,PCC,C,3.033735447282245,0.0,0.8060166468987098,0.6031783223152161,1.149999976158142,53.24800137329102,0.30015167593955994
observed_test,v2_2018_517_48h,,38,PCC,A,3.1232014249141358,0.0,0.5883000217951261,0.6654155254364014,1.149999976158142,53.24800137329102,0.29042699933052063
observed_test,v2_2018_517_48h,,38,PCC,B,3.1232014249141358,0.0,0.5883000217951261,0.6654155254364014,1.149999976158142,53.24800137329102,0.29042699933052063
observed_test,v2_2018_517_48h,,38,PCC,C,3.1232014249141358,0.0,0.5883000217951261,0.6654155254364014,1.149999976158142,53.24800137329102,0.29042699933052063
observed_test,v2_2018_517_48h,,39,PCC,A,2.915610662966831,0.0,0.3981916663738397,0.5210045576095581,1.149999976158142,53.24800137329102,0.2548181116580963
observed_test,v2_2018_517_48h,,39,PCC,B,2.915610662966831,0.0,0.3981916663738397,0.5210045576095581,1.149999976158142,53.24800137329102,0.2548181116580963
observed_test,v2_2018_517_48h,,39,PCC,C,2.915610662966831,0.0,0.3981916663738397,0.5210045576095581,1.149999976158142,53.24800137329102,0.2548181116580963
observed_test,v2_2018_517_48h,,40,PCC,A,2.9761405680146122,0.0,0.18224999881707704,0.5631123185157776,1.149999976158142,53.24800137329102,0.24578242003917694
observed_test,v2_2018_517_48h,,40,PCC,B,2.9761405680146122,0.0,0.18224999881707704,0.5631123185157776,1.149999976158142,53.24800137329102,0.24578242003917694
observed_test,v2_2018_517_48h,,40,PCC,C,2.9761405680146122,0.0,0.18224999881707704,0.5631123185157776,1.149999976158142,53.24800137329102,0.24578242003917694
observed_test,v2_2018_517_48h,,41,PCC,A,2.912059071852747,0.0,0.0,0.5185338854789734,1.149999976158142,53.24800137329102,0.25222280621528625
observed_test,v2_2018_517_48h,,41,PCC,B,2.912059071852747,0.0,0.0,0.5185338854789734,1.149999976158142,53.24800137329102,0.25222280621528625
observed_test,v2_2018_517_48h,,41,PCC,C,2.912059071852747,0.0,0.0,0.5185338854789734,1.149999976158142,53.24800137329102,0.25222280621528625
observed_test,v2_2018_517_48h,,42,PCC,A,2.888165108802557,0.0,0.0,0.501911997795105,1.149999976158142,53.24800137329102,0.260084331035614
observed_test,v2_2018_517_48h,,42,PCC,B,2.888165108802557,0.0,0.0,0.501911997795105,1.149999976158142,53.24800137329102,0.260084331035614
observed_test,v2_2018_517_48h,,42,PCC,C,2.888165108802557,0.0,0.0,0.501911997795105,1.149999976158142,53.24800137329102,0.260084331035614
observed_test,v2_2018_517_48h,,43,PCC,A,2.9849615821466244,0.0,0.0,0.5692486763000488,1.149999976158142,53.24800137329102,0.2643398344516754
observed_test,v2_2018_517_48h,,43,PCC,B,2.9849615821466244,0.0,0.0,0.5692486763000488,1.149999976158142,53.24800137329102,0.2643398344516754
observed_test,v2_2018_517_48h,,43,PCC,C,2.9849615821466244,0.0,0.0,0.5692486763000488,1.149999976158142,53.24800137329102,0.2643398344516754
observed_test,v2_2018_517_48h,,44,PCC,A,2.825617614510635,0.0,0.0,0.458400696516037,1.149999976158142,53.24800137329102,0.2837200462818146
observed_test,v2_2018_517_48h,,44,PCC,B,2.825617614510635,0.0,0.0,0.458400696516037,1.149999976158142,53.24800137329102,0.2837200462818146
observed_test,v2_2018_517_48h,,44,PCC,C,2.825617614510635,0.0,0.0,0.458400696516037,1.149999976158142,53.24800137329102,0.2837200462818146
observed_test,v2_2018_517_48h,,45,PCC,A,2.740638571998929,0.0,0.0,0.39928483963012695,1.149999976158142,53.24800137329102,0.2888736426830292
observed_test,v2_2018_517_48h,,45,PCC,B,2.740638571998929,0.0,0.0,0.39928483963012695,1.149999976158142,53.24800137329102,0.2888736426830292
observed_test,v2_2018_517_48h,,45,PCC,C,2.740638571998929,0.0,0.0,0.39928483963012695,1.149999976158142,53.24800137329102,0.2888736426830292
observed_test,v2_2018_517_48h,,46,PCC,A,2.689500792288461,0.0,0.0,0.3637107312679291,1.149999976158142,53.24800137329102,0.2947838306427002
observed_test,v2_2018_517_48h,,46,PCC,B,2.689500792288461,0.0,0.0,0.3637107312679291,1.149999976158142,53.24800137329102,0.2947838306427002
observed_test,v2_2018_517_48h,,46,PCC,C,2.689500792288461,0.0,0.0,0.3637107312679291,1.149999976158142,53.24800137329102,0.2947838306427002
observed_test,v2_2018_517_48h,,47,PCC,A,2.666340906989589,0.0,0.0,0.34759950637817383,1.149999976158142,53.24800137329102,0.2996383309364319
observed_test,v2_2018_517_48h,,47,PCC,B,2.666340906989589,0.0,0.0,0.34759950637817383,1.149999976158142,53.24800137329102,0.2996383309364319
observed_test,v2_2018_517_48h,,47,PCC,C,2.666340906989589,0.0,0.0,0.34759950637817383,1.149999976158142,53.24800137329102,0.2996383309364319
observed_test,v2_2018_377_48h,,0,PCC,A,2.589738233557025,0.0,0.0,0.29431068897247314,1.149999976158142,53.24800137329102,0.2552769184112549
observed_test,v2_2018_377_48h,,0,PCC,B,2.589738233557025,0.0,0.0,0.29431068897247314,1.149999976158142,53.24800137329102,0.2552769184112549
observed_test,v2_2018_377_48h,,0,PCC,C,2.589738233557025,0.0,0.0,0.29431068897247314,1.149999976158142,53.24800137329102,0.2552769184112549
observed_test,v2_2018_377_48h,,1,PCC,A,2.6237012928594003,0.0,0.0,0.3179371654987335,1.149999976158142,53.24800137329102,0.24249781668186188
observed_test,v2_2018_377_48h,,1,PCC,B,2.6237012928594003,0.0,0.0,0.3179371654987335,1.149999976158142,53.24800137329102,0.24249781668186188
observed_test,v2_2018_377_48h,,1,PCC,C,2.6237012928594003,0.0,0.0,0.3179371654987335,1.149999976158142,53.24800137329102,0.24249781668186188
observed_test,v2_2018_377_48h,,2,PCC,A,2.4875831211508435,0.0,0.0,0.2232462614774704,1.149999976158142,53.24800137329102,0.23059232532978058
observed_test,v2_2018_377_48h,,2,PCC,B,2.4875831211508435,0.0,0.0,0.2232462614774704,1.149999976158142,53.24800137329102,0.23059232532978058
observed_test,v2_2018_377_48h,,2,PCC,C,2.4875831211508435,0.0,0.0,0.2232462614774704,1.149999976158142,53.24800137329102,0.23059232532978058
observed_test,v2_2018_377_48h,,3,PCC,A,2.5452259178952694,0.0,0.0,0.2633455991744995,1.149999976158142,53.24800137329102,0.2377040535211563
observed_test,v2_2018_377_48h,,3,PCC,B,2.5452259178952694,0.0,0.0,0.2633455991744995,1.149999976158142,53.24800137329102,0.2377040535211563
observed_test,v2_2018_377_48h,,3,PCC,C,2.5452259178952694,0.0,0.0,0.2633455991744995,1.149999976158142,53.24800137329102,0.2377040535211563
observed_test,v2_2018_377_48h,,4,PCC,A,2.6066056994782514,0.0,0.0,0.3060445785522461,1.149999976158142,53.24800137329102,0.2289513200521469
observed_test,v2_2018_377_48h,,4,PCC,B,2.6066056994782514,0.0,0.0,0.3060445785522461,1.149999976158142,53.24800137329102,0.2289513200521469
observed_test,v2_2018_377_48h,,4,PCC,C,2.6066056994782514,0.0,0.0,0.3060445785522461,1.149999976158142,53.24800137329102,0.2289513200521469
observed_test,v2_2018_377_48h,,5,PCC,A,2.5763726205374935,0.0,0.0,0.2850128710269928,1.149999976158142,53.24800137329102,0.21800385415554047
observed_test,v2_2018_377_48h,,5,PCC,B,2.5763726205374935,0.0,0.0,0.2850128710269928,1.149999976158142,53.24800137329102,0.21800385415554047
observed_test,v2_2018_377_48h,,5,PCC,C,2.5763726205374935,0.0,0.0,0.2850128710269928,1.149999976158142,53.24800137329102,0.21800385415554047
observed_test,v2_2018_377_48h,,6,PCC,A,2.7605416539868575,0.0,0.0,0.4131304621696472,1.149999976158142,53.24800137329102,0.21434752643108368
observed_test,v2_2018_377_48h,,6,PCC,B,2.7605416539868575,0.0,0.0,0.4131304621696472,1.149999976158142,53.24800137329102,0.21434752643108368
observed_test,v2_2018_377_48h,,6,PCC,C,2.7605416539868575,0.0,0.0,0.4131304621696472,1.149999976158142,53.24800137329102,0.21434752643108368
observed_test,v2_2018_377_48h,,7,PCC,A,3.0129513006293838,0.0,0.0,0.5887197852134705,1.149999976158142,53.24800137329102,0.2161334902048111
observed_test,v2_2018_377_48h,,7,PCC,B,3.0129513006293838,0.0,0.0,0.5887197852134705,1.149999976158142,53.24800137329102,0.2161334902048111
observed_test,v2_2018_377_48h,,7,PCC,C,3.0129513006293838,0.0,0.0,0.5887197852134705,1.149999976158142,53.24800137329102,0.2161334902048111
observed_test,v2_2018_377_48h,,8,PCC,A,2.7649040079514635,0.0,0.057791667775465884,0.41616514325141907,1.149999976158142,53.24800137329102,0.2175157368183136
observed_test,v2_2018_377_48h,,8,PCC,B,2.7649040079514635,0.0,0.057791667775465884,0.41616514325141907,1.149999976158142,53.24800137329102,0.2175157368183136
observed_test,v2_2018_377_48h,,8,PCC,C,2.7649040079514635,0.0,0.057791667775465884,0.41616514325141907,1.149999976158142,53.24800137329102,0.2175157368183136
observed_test,v2_2018_377_48h,,9,PCC,A,2.9051724072175276,0.0,0.11622083301727587,0.5137431621551514,1.149999976158142,53.24800137329102,0.21590104699134827
observed_test,v2_2018_377_48h,,9,PCC,B,2.9051724072175276,0.0,0.11622083301727587,0.5137431621551514,1.149999976158142,53.24800137329102,0.21590104699134827
observed_test,v2_2018_377_48h,,9,PCC,C,2.9051724072175276,0.0,0.11622083301727587,0.5137431621551514,1.149999976158142,53.24800137329102,0.21590104699134827
observed_test,v2_2018_377_48h,,10,PCC,A,2.6904467608222724,0.0,0.12700000347999427,0.3643687963485718,1.149999976158142,53.24800137329102,0.2196018546819687
observed_test,v2_2018_377_48h,,10,PCC,B,2.6904467608222724,0.0,0.12700000347999427,0.3643687963485718,1.149999976158142,53.24800137329102,0.2196018546819687
observed_test,v2_2018_377_48h,,10,PCC,C,2.6904467608222724,0.0,0.12700000347999427,0.3643687963485718,1.149999976158142,53.24800137329102,0.2196018546819687
observed_test,v2_2018_377_48h,,11,PCC,A,2.686130632121376,0.0,0.1515749985208878,0.36136627197265625,1.149999976158142,53.24800137329102,0.22375181317329407
observed_test,v2_2018_377_48h,,11,PCC,B,2.686130632121376,0.0,0.1515749985208878,0.36136627197265625,1.149999976158142,53.24800137329102,0.22375181317329407
observed_test,v2_2018_377_48h,,11,PCC,C,2.686130632121376,0.0,0.1515749985208878,0.36136627197265625,1.149999976158142,53.24800137329102,0.22375181317329407
observed_test,v2_2018_377_48h,,12,PCC,A,2.940481482794702,0.0,0.19761666368979672,0.5383059978485107,1.149999976158142,53.24800137329102,0.2448161393404007
observed_test,v2_2018_377_48h,,12,PCC,B,2.940481482794702,0.0,0.19761666368979672,0.5383059978485107,1.149999976158142,53.24800137329102,0.2448161393404007
observed_test,v2_2018_377_48h,,12,PCC,C,2.940481482794702,0.0,0.19761666368979672,0.5383059978485107,1.149999976158142,53.24800137329102,0.2448161393404007
observed_test,v2_2018_377_48h,,13,PCC,A,3.033735447282245,0.0,0.14528749653926262,0.6031783223152161,1.149999976158142,53.24800137329102,0.25808030366897583
observed_test,v2_2018_377_48h,,13,PCC,B,3.033735447282245,0.0,0.14528749653926262,0.6031783223152161,1.149999976158142,53.24800137329102,0.25808030366897583
observed_test,v2_2018_377_48h,,13,PCC,C,3.033735447282245,0.0,0.14528749653926262,0.6031783223152161,1.149999976158142,53.24800137329102,0.25808030366897583
observed_test,v2_2018_377_48h,,14,PCC,A,3.1232014249141358,0.0,0.22809167320911697,0.6654155254364014,1.149999976158142,53.24800137329102,0.2755242884159088
observed_test,v2_2018_377_48h,,14,PCC,B,3.1232014249141358,0.0,0.22809167320911697,0.6654155254364014,1.149999976158142,53.24800137329102,0.2755242884159088
observed_test,v2_2018_377_48h,,14,PCC,C,3.1232014249141358,0.0,0.22809167320911697,0.6654155254364014,1.149999976158142,53.24800137329102,0.2755242884159088
observed_test,v2_2018_377_48h,,15,PCC,A,2.915610662966831,0.0,0.17960833815427923,0.5210045576095581,1.149999976158142,53.24800137329102,0.2840999364852905
observed_test,v2_2018_377_48h,,15,PCC,B,2.915610662966831,0.0,0.17960833815427923,0.5210045576095581,1.149999976158142,53.24800137329102,0.2840999364852905
observed_test,v2_2018_377_48h,,15,PCC,C,2.915610662966831,0.0,0.17960833815427923,0.5210045576095581,1.149999976158142,53.24800137329102,0.2840999364852905
observed_test,v2_2018_377_48h,,16,PCC,A,2.9761405680146122,0.0,0.06930833109296285,0.5631123185157776,1.149999976158142,53.24800137329102,0.28019776940345764
observed_test,v2_2018_377_48h,,16,PCC,B,2.9761405680146122,0.0,0.06930833109296285,0.5631123185157776,1.149999976158142,53.24800137329102,0.28019776940345764
observed_test,v2_2018_377_48h,,16,PCC,C,2.9761405680146122,0.0,0.06930833109296285,0.5631123185157776,1.149999976158142,53.24800137329102,0.28019776940345764
observed_test,v2_2018_377_48h,,17,PCC,A,2.912059071852747,0.0,0.006775000096800235,0.5185338854789734,1.149999976158142,53.24800137329102,0.2729951739311218
observed_test,v2_2018_377_48h,,17,PCC,B,2.912059071852747,0.0,0.006775000096800235,0.5185338854789734,1.149999976158142,53.24800137329102,0.2729951739311218
observed_test,v2_2018_377_48h,,17,PCC,C,2.912059071852747,0.0,0.006775000096800235,0.5185338854789734,1.149999976158142,53.24800137329102,0.2729951739311218
observed_test,v2_2018_377_48h,,18,PCC,A,2.888165108802557,0.0,0.0,0.501911997795105,1.149999976158142,53.24800137329102,0.26944294571876526
observed_test,v2_2018_377_48h,,18,PCC,B,2.888165108802557,0.0,0.0,0.501911997795105,1.149999976158142,53.24800137329102,0.26944294571876526
observed_test,v2_2018_377_48h,,18,PCC,C,2.888165108802557,0.0,0.0,0.501911997795105,1.149999976158142,53.24800137329102,0.26944294571876526
observed_test,v2_2018_377_48h,,19,PCC,A,2.9849615821466244,0.0,0.0,0.5692486763000488,1.149999976158142,53.24800137329102,0.26727524399757385
observed_test,v2_2018_377_48h,,19,PCC,B,2.9849615821466244,0.0,0.0,0.5692486763000488,1.149999976158142,53.24800137329102,0.26727524399757385
observed_test,v2_2018_377_48h,,19,PCC,C,2.9849615821466244,0.0,0.0,0.5692486763000488,1.149999976158142,53.24800137329102,0.26727524399757385
observed_test,v2_2018_377_48h,,20,PCC,A,2.825617614510635,0.0,0.0,0.458400696516037,1.149999976158142,53.24800137329102,0.26700782775878906
observed_test,v2_2018_377_48h,,20,PCC,B,2.825617614510635,0.0,0.0,0.458400696516037,1.149999976158142,53.24800137329102,0.26700782775878906
observed_test,v2_2018_377_48h,,20,PCC,C,2.825617614510635,0.0,0.0,0.458400696516037,1.149999976158142,53.24800137329102,0.26700782775878906
observed_test,v2_2018_377_48h,,21,PCC,A,2.740638571998929,0.0,0.0,0.39928483963012695,1.149999976158142,53.24800137329102,0.2686445116996765
observed_test,v2_2018_377_48h,,21,PCC,B,2.740638571998929,0.0,0.0,0.39928483963012695,1.149999976158142,53.24800137329102,0.2686445116996765
observed_test,v2_2018_377_48h,,21,PCC,C,2.740638571998929,0.0,0.0,0.39928483963012695,1.149999976158142,53.24800137329102,0.2686445116996765
observed_test,v2_2018_377_48h,,22,PCC,A,2.689500792288461,0.0,0.0,0.3637107312679291,1.149999976158142,53.24800137329102,0.25695377588272095
observed_test,v2_2018_377_48h,,22,PCC,B,2.689500792288461,0.0,0.0,0.3637107312679291,1.149999976158142,53.24800137329102,0.25695377588272095
observed_test,v2_2018_377_48h,,22,PCC,C,2.689500792288461,0.0,0.0,0.3637107312679291,1.149999976158142,53.24800137329102,0.25695377588272095
observed_test,v2_2018_377_48h,,23,PCC,A,2.666340906989589,0.0,0.0,0.34759950637817383,1.149999976158142,53.24800137329102,0.23747630417346954
observed_test,v2_2018_377_48h,,23,PCC,B,2.666340906989589,0.0,0.0,0.34759950637817383,1.149999976158142,53.24800137329102,0.23747630417346954
observed_test,v2_2018_377_48h,,23,PCC,C,2.666340906989589,0.0,0.0,0.34759950637817383,1.149999976158142,53.24800137329102,0.23747630417346954
observed_test,v2_2018_377_48h,,24,PCC,A,2.589738233557025,0.0,0.0,0.29431068897247314,1.149999976158142,53.24800137329102,0.22955088317394257
observed_test,v2_2018_377_48h,,24,PCC,B,2.589738233557025,0.0,0.0,0.29431068897247314,1.149999976158142,53.24800137329102,0.22955088317394257
observed_test,v2_2018_377_48h,,24,PCC,C,2.589738233557025,0.0,0.0,0.29431068897247314,1.149999976158142,53.24800137329102,0.22955088317394257
observed_test,v2_2018_377_48h,,25,PCC,A,2.6237012928594003,0.0,0.0,0.3179371654987335,1.149999976158142,53.24800137329102,0.2339755892753601
observed_test,v2_2018_377_48h,,25,PCC,B,2.6237012928594003,0.0,0.0,0.3179371654987335,1.149999976158142,53.24800137329102,0.2339755892753601
observed_test,v2_2018_377_48h,,25,PCC,C,2.6237012928594003,0.0,0.0,0.3179371654987335,1.149999976158142,53.24800137329102,0.2339755892753601
observed_test,v2_2018_377_48h,,26,PCC,A,2.4875831211508435,0.0,0.0,0.2232462614774704,1.149999976158142,53.24800137329102,0.23944191634655
observed_test,v2_2018_377_48h,,26,PCC,B,2.4875831211508435,0.0,0.0,0.2232462614774704,1.149999976158142,53.24800137329102,0.23944191634655
observed_test,v2_2018_377_48h,,26,PCC,C,2.4875831211508435,0.0,0.0,0.2232462614774704,1.149999976158142,53.24800137329102,0.23944191634655
observed_test,v2_2018_377_48h,,27,PCC,A,2.5452259178952694,0.0,0.0,0.2633455991744995,1.149999976158142,53.24800137329102,0.23343531787395477
observed_test,v2_2018_377_48h,,27,PCC,B,2.5452259178952694,0.0,0.0,0.2633455991744995,1.149999976158142,53.24800137329102,0.23343531787395477
observed_test,v2_2018_377_48h,,27,PCC,C,2.5452259178952694,0.0,0.0,0.2633455991744995,1.149999976158142,53.24800137329102,0.23343531787395477
observed_test,v2_2018_377_48h,,28,PCC,A,2.6066056994782514,0.0,0.0,0.3060445785522461,1.149999976158142,53.24800137329102,0.21678166091442108
observed_test,v2_2018_377_48h,,28,PCC,B,2.6066056994782514,0.0,0.0,0.3060445785522461,1.149999976158142,53.24800137329102,0.21678166091442108
observed_test,v2_2018_377_48h,,28,PCC,C,2.6066056994782514,0.0,0.0,0.3060445785522461,1.149999976158142,53.24800137329102,0.21678166091442108
observed_test,v2_2018_377_48h,,29,PCC,A,2.5763726205374935,0.0,0.0,0.2850128710269928,1.149999976158142,53.24800137329102,0.21677541732788086
observed_test,v2_2018_377_48h,,29,PCC,B,2.5763726205374935,0.0,0.0,0.2850128710269928,1.149999976158142,53.24800137329102,0.21677541732788086
observed_test,v2_2018_377_48h,,29,PCC,C,2.5763726205374935,0.0,0.0,0.2850128710269928,1.149999976158142,53.24800137329102,0.21677541732788086
observed_test,v2_2018_377_48h,,30,PCC,A,2.7605416539868575,0.0,0.0,0.4131304621696472,1.149999976158142,53.24800137329102,0.2152755856513977
observed_test,v2_2018_377_48h,,30,PCC,B,2.7605416539868575,0.0,0.0,0.4131304621696472,1.149999976158142,53.24800137329102,0.2152755856513977
observed_test,v2_2018_377_48h,,30,PCC,C,2.7605416539868575,0.0,0.0,0.4131304621696472,1.149999976158142,53.24800137329102,0.2152755856513977
observed_test,v2_2018_377_48h,,31,PCC,A,3.0129513006293838,0.0,0.0,0.5887197852134705,1.149999976158142,53.24800137329102,0.21092736721038818
observed_test,v2_2018_377_48h,,31,PCC,B,3.0129513006293838,0.0,0.0,0.5887197852134705,1.149999976158142,53.24800137329102,0.21092736721038818
observed_test,v2_2018_377_48h,,31,PCC,C,3.0129513006293838,0.0,0.0,0.5887197852134705,1.149999976158142,53.24800137329102,0.21092736721038818
observed_test,v2_2018_377_48h,,32,PCC,A,2.7649040079514635,0.0,0.02120000023681384,0.41616514325141907,1.149999976158142,53.24800137329102,0.2057240903377533
observed_test,v2_2018_377_48h,,32,PCC,B,2.7649040079514635,0.0,0.02120000023681384,0.41616514325141907,1.149999976158142,53.24800137329102,0.2057240903377533
observed_test,v2_2018_377_48h,,32,PCC,C,2.7649040079514635,0.0,0.02120000023681384,0.41616514325141907,1.149999976158142,53.24800137329102,0.2057240903377533
observed_test,v2_2018_377_48h,,33,PCC,A,2.9051724072175276,0.0,0.036733332448280774,0.5137431621551514,1.149999976158142,53.24800137329102,0.20436187088489532
observed_test,v2_2018_377_48h,,33,PCC,B,2.9051724072175276,0.0,0.036733332448280774,0.5137431621551514,1.149999976158142,53.24800137329102,0.20436187088489532
observed_test,v2_2018_377_48h,,33,PCC,C,2.9051724072175276,0.0,0.036733332448280774,0.5137431621551514,1.149999976158142,53.24800137329102,0.20436187088489532
observed_test,v2_2018_377_48h,,34,PCC,A,2.6904467608222724,0.0,0.06884999859791535,0.3643687963485718,1.149999976158142,53.24800137329102,0.21104468405246735
observed_test,v2_2018_377_48h,,34,PCC,B,2.6904467608222724,0.0,0.06884999859791535,0.3643687963485718,1.149999976158142,53.24800137329102,0.21104468405246735
observed_test,v2_2018_377_48h,,34,PCC,C,2.6904467608222724,0.0,0.06884999859791535,0.3643687963485718,1.149999976158142,53.24800137329102,0.21104468405246735
observed_test,v2_2018_377_48h,,35,PCC,A,2.686130632121376,0.0,0.0926624983549118,0.36136627197265625,1.149999976158142,53.24800137329102,0.21468019485473633
observed_test,v2_2018_377_48h,,35,PCC,B,2.686130632121376,0.0,0.0926624983549118,0.36136627197265625,1.149999976158142,53.24800137329102,0.21468019485473633
observed_test,v2_2018_377_48h,,35,PCC,C,2.686130632121376,0.0,0.0926624983549118,0.36136627197265625,1.149999976158142,53.24800137329102,0.21468019485473633
observed_test,v2_2018_377_48h,,36,PCC,A,2.940481482794702,0.0,0.12571666962825334,0.5383059978485107,1.149999976158142,53.24800137329102,0.22577159106731415
observed_test,v2_2018_377_48h,,36,PCC,B,2.940481482794702,0.0,0.12571666962825334,0.5383059978485107,1.149999976158142,53.24800137329102,0.22577159106731415
observed_test,v2_2018_377_48h,,36,PCC,C,2.940481482794702,0.0,0.12571666962825334,0.5383059978485107,1.149999976158142,53.24800137329102,0.22577159106731415
observed_test,v2_2018_377_48h,,37,PCC,A,3.033735447282245,0.0,0.10300416929217483,0.6031783223152161,1.149999976158142,53.24800137329102,0.2336217612028122
observed_test,v2_2018_377_48h,,37,PCC,B,3.033735447282245,0.0,0.10300416929217483,0.6031783223152161,1.149999976158142,53.24800137329102,0.2336217612028122
observed_test,v2_2018_377_48h,,37,PCC,C,3.033735447282245,0.0,0.10300416929217483,0.6031783223152161,1.149999976158142,53.24800137329102,0.2336217612028122
observed_test,v2_2018_377_48h,,38,PCC,A,3.1232014249141358,0.0,0.06348750052543786,0.6654155254364014,1.149999976158142,53.24800137329102,0.2335003912448883
observed_test,v2_2018_377_48h,,38,PCC,B,3.1232014249141358,0.0,0.06348750052543786,0.6654155254364014,1.149999976158142,53.24800137329102,0.2335003912448883
observed_test,v2_2018_377_48h,,38,PCC,C,3.1232014249141358,0.0,0.06348750052543786,0.6654155254364014,1.149999976158142,53.24800137329102,0.2335003912448883
observed_test,v2_2018_377_48h,,39,PCC,A,2.915610662966831,0.0,0.0275708340968077,0.5210045576095581,1.149999976158142,53.24800137329102,0.23316755890846252
observed_test,v2_2018_377_48h,,39,PCC,B,2.915610662966831,0.0,0.0275708340968077,0.5210045576095581,1.149999976158142,53.24800137329102,0.23316755890846252
observed_test,v2_2018_377_48h,,39,PCC,C,2.915610662966831,0.0,0.0275708340968077,0.5210045576095581,1.149999976158142,53.24800137329102,0.23316755890846252
observed_test,v2_2018_377_48h,,40,PCC,A,2.9761405680146122,0.0,0.011774999662660634,0.5631123185157776,1.149999976158142,53.24800137329102,0.23377668857574463
observed_test,v2_2018_377_48h,,40,PCC,B,2.9761405680146122,0.0,0.011774999662660634,0.5631123185157776,1.149999976158142,53.24800137329102,0.23377668857574463
observed_test,v2_2018_377_48h,,40,PCC,C,2.9761405680146122,0.0,0.011774999662660634,0.5631123185157776,1.149999976158142,53.24800137329102,0.23377668857574463
observed_test,v2_2018_377_48h,,41,PCC,A,2.912059071852747,0.0,0.00023749998945277182,0.5185338854789734,1.149999976158142,53.24800137329102,0.22158177196979523
observed_test,v2_2018_377_48h,,41,PCC,B,2.912059071852747,0.0,0.00023749998945277182,0.5185338854789734,1.149999976158142,53.24800137329102,0.22158177196979523
observed_test,v2_2018_377_48h,,41,PCC,C,2.912059071852747,0.0,0.00023749998945277182,0.5185338854789734,1.149999976158142,53.24800137329102,0.22158177196979523
observed_test,v2_2018_377_48h,,42,PCC,A,2.888165108802557,0.0,0.0,0.501911997795105,1.149999976158142,53.24800137329102,0.21111010015010834
observed_test,v2_2018_377_48h,,42,PCC,B,2.888165108802557,0.0,0.0,0.501911997795105,1.149999976158142,53.24800137329102,0.21111010015010834
observed_test,v2_2018_377_48h,,42,PCC,C,2.888165108802557,0.0,0.0,0.501911997795105,1.149999976158142,53.24800137329102,0.21111010015010834
observed_test,v2_2018_377_48h,,43,PCC,A,2.9849615821466244,0.0,0.0,0.5692486763000488,1.149999976158142,53.24800137329102,0.21590648591518402
observed_test,v2_2018_377_48h,,43,PCC,B,2.9849615821466244,0.0,0.0,0.5692486763000488,1.149999976158142,53.24800137329102,0.21590648591518402
observed_test,v2_2018_377_48h,,43,PCC,C,2.9849615821466244,0.0,0.0,0.5692486763000488,1.149999976158142,53.24800137329102,0.21590648591518402
observed_test,v2_2018_377_48h,,44,PCC,A,2.825617614510635,0.0,0.0,0.458400696516037,1.149999976158142,53.24800137329102,0.21534132957458496
observed_test,v2_2018_377_48h,,44,PCC,B,2.825617614510635,0.0,0.0,0.458400696516037,1.149999976158142,53.24800137329102,0.21534132957458496
observed_test,v2_2018_377_48h,,44,PCC,C,2.825617614510635,0.0,0.0,0.458400696516037,1.149999976158142,53.24800137329102,0.21534132957458496
observed_test,v2_2018_377_48h,,45,PCC,A,2.740638571998929,0.0,0.0,0.39928483963012695,1.149999976158142,53.24800137329102,0.21627335250377655
observed_test,v2_2018_377_48h,,45,PCC,B,2.740638571998929,0.0,0.0,0.39928483963012695,1.149999976158142,53.24800137329102,0.21627335250377655
observed_test,v2_2018_377_48h,,45,PCC,C,2.740638571998929,0.0,0.0,0.39928483963012695,1.149999976158142,53.24800137329102,0.21627335250377655
observed_test,v2_2018_377_48h,,46,PCC,A,2.689500792288461,0.0,0.0,0.3637107312679291,1.149999976158142,53.24800137329102,0.226584330201149
observed_test,v2_2018_377_48h,,46,PCC,B,2.689500792288461,0.0,0.0,0.3637107312679291,1.149999976158142,53.24800137329102,0.226584330201149
observed_test,v2_2018_377_48h,,46,PCC,C,2.689500792288461,0.0,0.0,0.3637107312679291,1.149999976158142,53.24800137329102,0.226584330201149
observed_test,v2_2018_377_48h,,47,PCC,A,2.666340906989589,0.0,0.0,0.34759950637817383,1.149999976158142,53.24800137329102,0.24691610038280487
observed_test,v2_2018_377_48h,,47,PCC,B,2.666340906989589,0.0,0.0,0.34759950637817383,1.149999976158142,53.24800137329102,0.24691610038280487
observed_test,v2_2018_377_48h,,47,PCC,C,2.666340906989589,0.0,0.0,0.34759950637817383,1.149999976158142,53.24800137329102,0.24691610038280487
observed_test,v2_2018_376_48h,,0,PCC,A,2.589738233557025,0.0,0.0,0.29431068897247314,1.149999976158142,53.24800137329102,0.2597626745700836
observed_test,v2_2018_376_48h,,0,PCC,B,2.589738233557025,0.0,0.0,0.29431068897247314,1.149999976158142,53.24800137329102,0.2597626745700836
observed_test,v2_2018_376_48h,,0,PCC,C,2.589738233557025,0.0,0.0,0.29431068897247314,1.149999976158142,53.24800137329102,0.2597626745700836
observed_test,v2_2018_376_48h,,1,PCC,A,2.6237012928594003,0.0,0.0,0.3179371654987335,1.149999976158142,34.72425106811524,0.24439549446105957
observed_test,v2_2018_376_48h,,1,PCC,B,2.6237012928594003,0.0,0.0,0.3179371654987335,1.149999976158142,34.72425106811524,0.24439549446105957
observed_test,v2_2018_376_48h,,1,PCC,C,2.6237012928594003,0.0,0.0,0.3179371654987335,1.149999976158142,34.72425106811524,0.24439549446105957
observed_test,v2_2018_376_48h,,2,PCC,A,2.4875831211508435,0.0,0.0,0.2232462614774704,1.149999976158142,34.72425106811524,0.2325073480606079
observed_test,v2_2018_376_48h,,2,PCC,B,2.4875831211508435,0.0,0.0,0.2232462614774704,1.149999976158142,34.72425106811524,0.2325073480606079
observed_test,v2_2018_376_48h,,2,PCC,C,2.4875831211508435,0.0,0.0,0.2232462614774704,1.149999976158142,34.72425106811524,0.2325073480606079
observed_test,v2_2018_376_48h,,3,PCC,A,2.5452259178952694,0.0,0.0,0.2633455991744995,1.149999976158142,53.24800137329102,0.23248519003391266
observed_test,v2_2018_376_48h,,3,PCC,B,2.5452259178952694,0.0,0.0,0.2633455991744995,1.149999976158142,53.24800137329102,0.23248519003391266
observed_test,v2_2018_376_48h,,3,PCC,C,2.5452259178952694,0.0,0.0,0.2633455991744995,1.149999976158142,53.24800137329102,0.23248519003391266
observed_test,v2_2018_376_48h,,4,PCC,A,2.6066056994782514,0.0,0.0,0.3060445785522461,1.149999976158142,53.24800137329102,0.23208357393741608
observed_test,v2_2018_376_48h,,4,PCC,B,2.6066056994782514,0.0,0.0,0.3060445785522461,1.149999976158142,53.24800137329102,0.23208357393741608
observed_test,v2_2018_376_48h,,4,PCC,C,2.6066056994782514,0.0,0.0,0.3060445785522461,1.149999976158142,53.24800137329102,0.23208357393741608
observed_test,v2_2018_376_48h,,5,PCC,A,2.5763726205374935,0.0,0.0,0.2850128710269928,1.149999976158142,53.24800137329102,0.22259627282619476
observed_test,v2_2018_376_48h,,5,PCC,B,2.5763726205374935,0.0,0.0,0.2850128710269928,1.149999976158142,53.24800137329102,0.22259627282619476
observed_test,v2_2018_376_48h,,5,PCC,C,2.5763726205374935,0.0,0.0,0.2850128710269928,1.149999976158142,53.24800137329102,0.22259627282619476
observed_test,v2_2018_376_48h,,6,PCC,A,2.7605416539868575,0.0,0.0,0.4131304621696472,1.149999976158142,121.88174847412108,0.21117563545703888
observed_test,v2_2018_376_48h,,6,PCC,B,2.7605416539868575,0.0,0.0,0.4131304621696472,1.149999976158142,121.88174847412108,0.21117563545703888
observed_test,v2_2018_376_48h,,6,PCC,C,2.7605416539868575,0.0,0.0,0.4131304621696472,1.149999976158142,121.88174847412108,0.21117563545703888
observed_test,v2_2018_376_48h,,7,PCC,A,3.0129513006293838,0.0,0.0,0.5887197852134705,1.149999976158142,121.88174847412108,0.21133123338222504
observed_test,v2_2018_376_48h,,7,PCC,B,3.0129513006293838,0.0,0.0,0.5887197852134705,1.149999976158142,121.88174847412108,0.21133123338222504
observed_test,v2_2018_376_48h,,7,PCC,C,3.0129513006293838,0.0,0.0,0.5887197852134705,1.149999976158142,121.88174847412108,0.21133123338222504
observed_test,v2_2018_376_48h,,8,PCC,A,2.7649040079514635,0.0,0.3758500115229533,0.41616514325141907,1.149999976158142,121.88174847412108,0.21705465018749237
observed_test,v2_2018_376_48h,,8,PCC,B,2.7649040079514635,0.0,0.3758500115229533,0.41616514325141907,1.149999976158142,121.88174847412108,0.21705465018749237
observed_test,v2_2018_376_48h,,8,PCC,C,2.7649040079514635,0.0,0.3758500115229533,0.41616514325141907,1.149999976158142,121.88174847412108,0.21705465018749237
observed_test,v2_2018_376_48h,,9,PCC,A,2.9051724072175276,0.0,0.7684750052598806,0.5137431621551514,1.149999976158142,121.88174847412108,0.22935323417186737
observed_test,v2_2018_376_48h,,9,PCC,B,2.9051724072175276,0.0,0.7684750052598806,0.5137431621551514,1.149999976158142,121.88174847412108,0.22935323417186737
observed_test,v2_2018_376_48h,,9,PCC,C,2.9051724072175276,0.0,0.7684750052598806,0.5137431621551514,1.149999976158142,121.88174847412108,0.22935323417186737
observed_test,v2_2018_376_48h,,10,PCC,A,2.6904467608222724,0.0,1.0292582787000215,0.3643687963485718,1.149999976158142,53.24800137329102,0.24294805526733398
observed_test,v2_2018_376_48h,,10,PCC,B,2.6904467608222724,0.0,1.0292582787000215,0.3643687963485718,1.149999976158142,53.24800137329102,0.24294805526733398
observed_test,v2_2018_376_48h,,10,PCC,C,2.6904467608222724,0.0,1.0292582787000215,0.3643687963485718,1.149999976158142,53.24800137329102,0.24294805526733398
observed_test,v2_2018_376_48h,,11,PCC,A,2.686130632121376,0.0,1.1780791557752168,0.36136627197265625,1.149999976158142,53.24800137329102,0.25131502747535706
observed_test,v2_2018_376_48h,,11,PCC,B,2.686130632121376,0.0,1.1780791557752168,0.36136627197265625,1.149999976158142,53.24800137329102,0.25131502747535706
observed_test,v2_2018_376_48h,,11,PCC,C,2.686130632121376,0.0,1.1780791557752168,0.36136627197265625,1.149999976158142,53.24800137329102,0.25131502747535706
observed_test,v2_2018_376_48h,,12,PCC,A,2.940481482794702,0.0,1.2306125118182254,0.5383059978485107,1.149999976158142,34.72425106811524,0.2648908197879791
observed_test,v2_2018_376_48h,,12,PCC,B,2.940481482794702,0.0,1.2306125118182254,0.5383059978485107,1.149999976158142,34.72425106811524,0.2648908197879791
observed_test,v2_2018_376_48h,,12,PCC,C,2.940481482794702,0.0,1.2306125118182254,0.5383059978485107,1.149999976158142,34.72425106811524,0.2648908197879791
observed_test,v2_2018_376_48h,,13,PCC,A,3.033735447282245,0.0,1.19011253118515,0.6031783223152161,1.149999976158142,34.72425106811524,0.26591014862060547
observed_test,v2_2018_376_48h,,13,PCC,B,3.033735447282245,0.0,1.19011253118515,0.6031783223152161,1.149999976158142,34.72425106811524,0.26591014862060547
observed_test,v2_2018_376_48h,,13,PCC,C,3.033735447282245,0.0,1.19011253118515,0.6031783223152161,1.149999976158142,34.72425106811524,0.26591014862060547
observed_test,v2_2018_376_48h,,14,PCC,A,3.1232014249141358,0.0,1.059383383164039,0.6654155254364014,1.149999976158142,34.72425106811524,0.2263147383928299
observed_test,v2_2018_376_48h,,14,PCC,B,3.1232014249141358,0.0,1.059383383164039,0.6654155254364014,1.149999976158142,34.72425106811524,0.2263147383928299
observed_test,v2_2018_376_48h,,14,PCC,C,3.1232014249141358,0.0,1.059383383164039,0.6654155254364014,1.149999976158142,34.72425106811524,0.2263147383928299
observed_test,v2_2018_376_48h,,15,PCC,A,2.915610662966831,0.0,0.8320874892748318,0.5210045576095581,1.149999976158142,34.72425106811524,0.2273654192686081
observed_test,v2_2018_376_48h,,15,PCC,B,2.915610662966831,0.0,0.8320874892748318,0.5210045576095581,1.149999976158142,34.72425106811524,0.2273654192686081
observed_test,v2_2018_376_48h,,15,PCC,C,2.915610662966831,0.0,0.8320874892748318,0.5210045576095581,1.149999976158142,34.72425106811524,0.2273654192686081
observed_test,v2_2018_376_48h,,16,PCC,A,2.9761405680146122,0.0,0.4978249852473919,0.5631123185157776,1.149999976158142,53.24800137329102,0.23022745549678802
observed_test,v2_2018_376_48h,,16,PCC,B,2.9761405680146122,0.0,0.4978249852473919,0.5631123185157776,1.149999976158142,53.24800137329102,0.23022745549678802
observed_test,v2_2018_376_48h,,16,PCC,C,2.9761405680146122,0.0,0.4978249852473919,0.5631123185157776,1.149999976158142,53.24800137329102,0.23022745549678802
observed_test,v2_2018_376_48h,,17,PCC,A,2.912059071852747,0.0,0.08339166927796143,0.5185338854789734,1.149999976158142,53.24800137329102,0.23224830627441406
observed_test,v2_2018_376_48h,,17,PCC,B,2.912059071852747,0.0,0.08339166927796143,0.5185338854789734,1.149999976158142,53.24800137329102,0.23224830627441406
observed_test,v2_2018_376_48h,,17,PCC,C,2.912059071852747,0.0,0.08339166927796143,0.5185338854789734,1.149999976158142,53.24800137329102,0.23224830627441406
observed_test,v2_2018_376_48h,,18,PCC,A,2.888165108802557,0.0,0.0,0.501911997795105,1.149999976158142,53.24800137329102,0.23508720099925995
observed_test,v2_2018_376_48h,,18,PCC,B,2.888165108802557,0.0,0.0,0.501911997795105,1.149999976158142,53.24800137329102,0.23508720099925995
observed_test,v2_2018_376_48h,,18,PCC,C,2.888165108802557,0.0,0.0,0.501911997795105,1.149999976158142,53.24800137329102,0.23508720099925995
observed_test,v2_2018_376_48h,,19,PCC,A,2.9849615821466244,0.0,0.0,0.5692486763000488,1.149999976158142,53.24800137329102,0.2324305921792984
observed_test,v2_2018_376_48h,,19,PCC,B,2.9849615821466244,0.0,0.0,0.5692486763000488,1.149999976158142,53.24800137329102,0.2324305921792984
observed_test,v2_2018_376_48h,,19,PCC,C,2.9849615821466244,0.0,0.0,0.5692486763000488,1.149999976158142,53.24800137329102,0.2324305921792984
observed_test,v2_2018_376_48h,,20,PCC,A,2.825617614510635,0.0,0.0,0.458400696516037,1.149999976158142,53.24800137329102,0.23353058099746704
observed_test,v2_2018_376_48h,,20,PCC,B,2.825617614510635,0.0,0.0,0.458400696516037,1.149999976158142,53.24800137329102,0.23353058099746704
observed_test,v2_2018_376_48h,,20,PCC,C,2.825617614510635,0.0,0.0,0.458400696516037,1.149999976158142,53.24800137329102,0.23353058099746704
observed_test,v2_2018_376_48h,,21,PCC,A,2.740638571998929,0.0,0.0,0.39928483963012695,1.149999976158142,53.24800137329102,0.24686963856220245
observed_test,v2_2018_376_48h,,21,PCC,B,2.740638571998929,0.0,0.0,0.39928483963012695,1.149999976158142,53.24800137329102,0.24686963856220245
observed_test,v2_2018_376_48h,,21,PCC,C,2.740638571998929,0.0,0.0,0.39928483963012695,1.149999976158142,53.24800137329102,0.24686963856220245
observed_test,v2_2018_376_48h,,22,PCC,A,2.689500792288461,0.0,0.0,0.3637107312679291,1.149999976158142,53.24800137329102,0.26785197854042053
observed_test,v2_2018_376_48h,,22,PCC,B,2.689500792288461,0.0,0.0,0.3637107312679291,1.149999976158142,53.24800137329102,0.26785197854042053
observed_test,v2_2018_376_48h,,22,PCC,C,2.689500792288461,0.0,0.0,0.3637107312679291,1.149999976158142,53.24800137329102,0.26785197854042053
observed_test,v2_2018_376_48h,,23,PCC,A,2.666340906989589,0.0,0.0,0.34759950637817383,1.149999976158142,53.24800137329102,0.2769745886325836
observed_test,v2_2018_376_48h,,23,PCC,B,2.666340906989589,0.0,0.0,0.34759950637817383,1.149999976158142,53.24800137329102,0.2769745886325836
observed_test,v2_2018_376_48h,,23,PCC,C,2.666340906989589,0.0,0.0,0.34759950637817383,1.149999976158142,53.24800137329102,0.2769745886325836
observed_test,v2_2018_376_48h,,24,PCC,A,2.589738233557025,0.0,0.0,0.29431068897247314,1.149999976158142,53.24800137329102,0.2671167552471161
observed_test,v2_2018_376_48h,,24,PCC,B,2.589738233557025,0.0,0.0,0.29431068897247314,1.149999976158142,53.24800137329102,0.2671167552471161
observed_test,v2_2018_376_48h,,24,PCC,C,2.589738233557025,0.0,0.0,0.29431068897247314,1.149999976158142,53.24800137329102,0.2671167552471161
observed_test,v2_2018_376_48h,,25,PCC,A,2.6237012928594003,0.0,0.0,0.3179371654987335,1.149999976158142,34.72425106811524,0.253480464220047
observed_test,v2_2018_376_48h,,25,PCC,B,2.6237012928594003,0.0,0.0,0.3179371654987335,1.149999976158142,34.72425106811524,0.253480464220047
observed_test,v2_2018_376_48h,,25,PCC,C,2.6237012928594003,0.0,0.0,0.3179371654987335,1.149999976158142,34.72425106811524,0.253480464220047
observed_test,v2_2018_376_48h,,26,PCC,A,2.4875831211508435,0.0,0.0,0.2232462614774704,1.149999976158142,34.72425106811524,0.24217432737350464
observed_test,v2_2018_376_48h,,26,PCC,B,2.4875831211508435,0.0,0.0,0.2232462614774704,1.149999976158142,34.72425106811524,0.24217432737350464
observed_test,v2_2018_376_48h,,26,PCC,C,2.4875831211508435,0.0,0.0,0.2232462614774704,1.149999976158142,34.72425106811524,0.24217432737350464
observed_test,v2_2018_376_48h,,27,PCC,A,2.5452259178952694,0.0,0.0,0.2633455991744995,1.149999976158142,53.24800137329102,0.24943625926971436
observed_test,v2_2018_376_48h,,27,PCC,B,2.5452259178952694,0.0,0.0,0.2633455991744995,1.149999976158142,53.24800137329102,0.24943625926971436
observed_test,v2_2018_376_48h,,27,PCC,C,2.5452259178952694,0.0,0.0,0.2633455991744995,1.149999976158142,53.24800137329102,0.24943625926971436
observed_test,v2_2018_376_48h,,28,PCC,A,2.6066056994782514,0.0,0.0,0.3060445785522461,1.149999976158142,53.24800137329102,0.24825505912303925
observed_test,v2_2018_376_48h,,28,PCC,B,2.6066056994782514,0.0,0.0,0.3060445785522461,1.149999976158142,53.24800137329102,0.24825505912303925
observed_test,v2_2018_376_48h,,28,PCC,C,2.6066056994782514,0.0,0.0,0.3060445785522461,1.149999976158142,53.24800137329102,0.24825505912303925
observed_test,v2_2018_376_48h,,29,PCC,A,2.5763726205374935,0.0,0.0,0.2850128710269928,1.149999976158142,53.24800137329102,0.23179291188716888
observed_test,v2_2018_376_48h,,29,PCC,B,2.5763726205374935,0.0,0.0,0.2850128710269928,1.149999976158142,53.24800137329102,0.23179291188716888
observed_test,v2_2018_376_48h,,29,PCC,C,2.5763726205374935,0.0,0.0,0.2850128710269928,1.149999976158142,53.24800137329102,0.23179291188716888
observed_test,v2_2018_376_48h,,30,PCC,A,2.7605416539868575,0.0,0.0,0.4131304621696472,1.149999976158142,121.88174847412108,0.22160188853740692
observed_test,v2_2018_376_48h,,30,PCC,B,2.7605416539868575,0.0,0.0,0.4131304621696472,1.149999976158142,121.88174847412108,0.22160188853740692
observed_test,v2_2018_376_48h,,30,PCC,C,2.7605416539868575,0.0,0.0,0.4131304621696472,1.149999976158142,121.88174847412108,0.22160188853740692
observed_test,v2_2018_376_48h,,31,PCC,A,3.0129513006293838,0.0,0.0,0.5887197852134705,1.149999976158142,121.88174847412108,0.21815140545368195
observed_test,v2_2018_376_48h,,31,PCC,B,3.0129513006293838,0.0,0.0,0.5887197852134705,1.149999976158142,121.88174847412108,0.21815140545368195
observed_test,v2_2018_376_48h,,31,PCC,C,3.0129513006293838,0.0,0.0,0.5887197852134705,1.149999976158142,121.88174847412108,0.21815140545368195
observed_test,v2_2018_376_48h,,32,PCC,A,2.7649040079514635,0.0,0.26142915280965656,0.41616514325141907,1.149999976158142,121.88174847412108,0.2183690369129181
observed_test,v2_2018_376_48h,,32,PCC,B,2.7649040079514635,0.0,0.26142915280965656,0.41616514325141907,1.149999976158142,121.88174847412108,0.2183690369129181
observed_test,v2_2018_376_48h,,32,PCC,C,2.7649040079514635,0.0,0.26142915280965656,0.41616514325141907,1.149999976158142,121.88174847412108,0.2183690369129181
observed_test,v2_2018_376_48h,,33,PCC,A,2.9051724072175276,0.0,0.5662750166196089,0.5137431621551514,1.149999976158142,121.88174847412108,0.22328698635101318
observed_test,v2_2018_376_48h,,33,PCC,B,2.9051724072175276,0.0,0.5662750166196089,0.5137431621551514,1.149999976158142,121.88174847412108,0.22328698635101318
observed_test,v2_2018_376_48h,,33,PCC,C,2.9051724072175276,0.0,0.5662750166196089,0.5137431621551514,1.149999976158142,121.88174847412108,0.22328698635101318
observed_test,v2_2018_376_48h,,34,PCC,A,2.6904467608222724,0.0,0.7705374979055843,0.3643687963485718,1.149999976158142,53.24800137329102,0.23920482397079468
observed_test,v2_2018_376_48h,,34,PCC,B,2.6904467608222724,0.0,0.7705374979055843,0.3643687963485718,1.149999976158142,53.24800137329102,0.23920482397079468
observed_test,v2_2018_376_48h,,34,PCC,C,2.6904467608222724,0.0,0.7705374979055843,0.3643687963485718,1.149999976158142,53.24800137329102,0.23920482397079468
observed_test,v2_2018_376_48h,,35,PCC,A,2.686130632121376,0.0,0.8230749804240006,0.36136627197265625,1.149999976158142,53.24800137329102,0.2592657804489136
observed_test,v2_2018_376_48h,,35,PCC,B,2.686130632121376,0.0,0.8230749804240006,0.36136627197265625,1.149999976158142,53.24800137329102,0.2592657804489136
observed_test,v2_2018_376_48h,,35,PCC,C,2.686130632121376,0.0,0.8230749804240006,0.36136627197265625,1.149999976158142,53.24800137329102,0.2592657804489136
observed_test,v2_2018_376_48h,,36,PCC,A,2.940481482794702,0.0,0.841529151568046,0.5383059978485107,1.149999976158142,34.72425106811524,0.2654508352279663
observed_test,v2_2018_376_48h,,36,PCC,B,2.940481482794702,0.0,0.841529151568046,0.5383059978485107,1.149999976158142,34.72425106811524,0.2654508352279663
observed_test,v2_2018_376_48h,,36,PCC,C,2.940481482794702,0.0,0.841529151568046,0.5383059978485107,1.149999976158142,34.72425106811524,0.2654508352279663
observed_test,v2_2018_376_48h,,37,PCC,A,3.033735447282245,0.0,0.8327999940285316,0.6031783223152161,1.149999976158142,34.72425106811524,0.26428574323654175
observed_test,v2_2018_376_48h,,37,PCC,B,3.033735447282245,0.0,0.8327999940285316,0.6031783223152161,1.149999976158142,34.72425106811524,0.26428574323654175
observed_test,v2_2018_376_48h,,37,PCC,C,3.033735447282245,0.0,0.8327999940285316,0.6031783223152161,1.149999976158142,34.72425106811524,0.26428574323654175
observed_test,v2_2018_376_48h,,38,PCC,A,3.1232014249141358,0.0,0.6688708296188941,0.6654155254364014,1.149999976158142,34.72425106811524,0.2717510163784027
observed_test,v2_2018_376_48h,,38,PCC,B,3.1232014249141358,0.0,0.6688708296188941,0.6654155254364014,1.149999976158142,34.72425106811524,0.2717510163784027
observed_test,v2_2018_376_48h,,38,PCC,C,3.1232014249141358,0.0,0.6688708296188941,0.6654155254364014,1.149999976158142,34.72425106811524,0.2717510163784027
observed_test,v2_2018_376_48h,,39,PCC,A,2.915610662966831,0.0,0.41844999560943014,0.5210045576095581,1.149999976158142,34.72425106811524,0.2733449637889862
observed_test,v2_2018_376_48h,,39,PCC,B,2.915610662966831,0.0,0.41844999560943014,0.5210045576095581,1.149999976158142,34.72425106811524,0.2733449637889862
observed_test,v2_2018_376_48h,,39,PCC,C,2.915610662966831,0.0,0.41844999560943014,0.5210045576095581,1.149999976158142,34.72425106811524,0.2733449637889862
observed_test,v2_2018_376_48h,,40,PCC,A,2.9761405680146122,0.0,0.17934583414059416,0.5631123185157776,1.149999976158142,53.24800137329102,0.2715685963630676
observed_test,v2_2018_376_48h,,40,PCC,B,2.9761405680146122,0.0,0.17934583414059416,0.5631123185157776,1.149999976158142,53.24800137329102,0.2715685963630676
observed_test,v2_2018_376_48h,,40,PCC,C,2.9761405680146122,0.0,0.17934583414059416,0.5631123185157776,1.149999976158142,53.24800137329102,0.2715685963630676
observed_test,v2_2018_376_48h,,41,PCC,A,2.912059071852747,0.0,0.03674583366284003,0.5185338854789734,1.149999976158142,53.24800137329102,0.2635834217071533
observed_test,v2_2018_376_48h,,41,PCC,B,2.912059071852747,0.0,0.03674583366284003,0.5185338854789734,1.149999976158142,53.24800137329102,0.2635834217071533
observed_test,v2_2018_376_48h,,41,PCC,C,2.912059071852747,0.0,0.03674583366284003,0.5185338854789734,1.149999976158142,53.24800137329102,0.2635834217071533
observed_test,v2_2018_376_48h,,42,PCC,A,2.888165108802557,0.0,0.0,0.501911997795105,1.149999976158142,53.24800137329102,0.2650112509727478
observed_test,v2_2018_376_48h,,42,PCC,B,2.888165108802557,0.0,0.0,0.501911997795105,1.149999976158142,53.24800137329102,0.2650112509727478
observed_test,v2_2018_376_48h,,42,PCC,C,2.888165108802557,0.0,0.0,0.501911997795105,1.149999976158142,53.24800137329102,0.2650112509727478
observed_test,v2_2018_376_48h,,43,PCC,A,2.9849615821466244,0.0,0.0,0.5692486763000488,1.149999976158142,53.24800137329102,0.2647228240966797
observed_test,v2_2018_376_48h,,43,PCC,B,2.9849615821466244,0.0,0.0,0.5692486763000488,1.149999976158142,53.24800137329102,0.2647228240966797
observed_test,v2_2018_376_48h,,43,PCC,C,2.9849615821466244,0.0,0.0,0.5692486763000488,1.149999976158142,53.24800137329102,0.2647228240966797
observed_test,v2_2018_376_48h,,44,PCC,A,2.825617614510635,0.0,0.0,0.458400696516037,1.149999976158142,53.24800137329102,0.2669733464717865
observed_test,v2_2018_376_48h,,44,PCC,B,2.825617614510635,0.0,0.0,0.458400696516037,1.149999976158142,53.24800137329102,0.2669733464717865
observed_test,v2_2018_376_48h,,44,PCC,C,2.825617614510635,0.0,0.0,0.458400696516037,1.149999976158142,53.24800137329102,0.2669733464717865
observed_test,v2_2018_376_48h,,45,PCC,A,2.740638571998929,0.0,0.0,0.39928483963012695,1.149999976158142,53.24800137329102,0.26793980598449707
observed_test,v2_2018_376_48h,,45,PCC,B,2.740638571998929,0.0,0.0,0.39928483963012695,1.149999976158142,53.24800137329102,0.26793980598449707
observed_test,v2_2018_376_48h,,45,PCC,C,2.740638571998929,0.0,0.0,0.39928483963012695,1.149999976158142,53.24800137329102,0.26793980598449707
observed_test,v2_2018_376_48h,,46,PCC,A,2.689500792288461,0.0,0.0,0.3637107312679291,1.149999976158142,53.24800137329102,0.2686484754085541
observed_test,v2_2018_376_48h,,46,PCC,B,2.689500792288461,0.0,0.0,0.3637107312679291,1.149999976158142,53.24800137329102,0.2686484754085541
observed_test,v2_2018_376_48h,,46,PCC,C,2.689500792288461,0.0,0.0,0.3637107312679291,1.149999976158142,53.24800137329102,0.2686484754085541
observed_test,v2_2018_376_48h,,47,PCC,A,2.666340906989589,0.0,0.0,0.34759950637817383,1.149999976158142,53.24800137329102,0.26784855127334595
observed_test,v2_2018_376_48h,,47,PCC,B,2.666340906989589,0.0,0.0,0.34759950637817383,1.149999976158142,53.24800137329102,0.26784855127334595
observed_test,v2_2018_376_48h,,47,PCC,C,2.666340906989589,0.0,0.0,0.34759950637817383,1.149999976158142,53.24800137329102,0.26784855127334595
observed_test,v2_2018_542_48h,,0,PCC,A,2.589738233557025,0.0,0.0,0.29431068897247314,1.149999976158142,53.24800137329102,0.3395504057407379
observed_test,v2_2018_542_48h,,0,PCC,B,2.589738233557025,0.0,0.0,0.29431068897247314,1.149999976158142,53.24800137329102,0.3395504057407379
observed_test,v2_2018_542_48h,,0,PCC,C,2.589738233557025,0.0,0.0,0.29431068897247314,1.149999976158142,53.24800137329102,0.3395504057407379
observed_test,v2_2018_542_48h,,1,PCC,A,2.6237012928594003,0.0,0.0,0.3179371654987335,1.149999976158142,53.24800137329102,0.3584844470024109
observed_test,v2_2018_542_48h,,1,PCC,B,2.6237012928594003,0.0,0.0,0.3179371654987335,1.149999976158142,53.24800137329102,0.3584844470024109
observed_test,v2_2018_542_48h,,1,PCC,C,2.6237012928594003,0.0,0.0,0.3179371654987335,1.149999976158142,53.24800137329102,0.3584844470024109
observed_test,v2_2018_542_48h,,2,PCC,A,2.4875831211508435,0.0,0.0,0.2232462614774704,1.149999976158142,53.24800137329102,0.3493867814540863
observed_test,v2_2018_542_48h,,2,PCC,B,2.4875831211508435,0.0,0.0,0.2232462614774704,1.149999976158142,53.24800137329102,0.3493867814540863
observed_test,v2_2018_542_48h,,2,PCC,C,2.4875831211508435,0.0,0.0,0.2232462614774704,1.149999976158142,53.24800137329102,0.3493867814540863
observed_test,v2_2018_542_48h,,3,PCC,A,2.5452259178952694,0.0,0.0,0.2633455991744995,1.149999976158142,53.24800137329102,0.34039369225502014
observed_test,v2_2018_542_48h,,3,PCC,B,2.5452259178952694,0.0,0.0,0.2633455991744995,1.149999976158142,53.24800137329102,0.34039369225502014
observed_test,v2_2018_542_48h,,3,PCC,C,2.5452259178952694,0.0,0.0,0.2633455991744995,1.149999976158142,53.24800137329102,0.34039369225502014
observed_test,v2_2018_542_48h,,4,PCC,A,2.6066056994782514,0.0,0.0,0.3060445785522461,1.149999976158142,53.24800137329102,0.3419335186481476
observed_test,v2_2018_542_48h,,4,PCC,B,2.6066056994782514,0.0,0.0,0.3060445785522461,1.149999976158142,53.24800137329102,0.3419335186481476
observed_test,v2_2018_542_48h,,4,PCC,C,2.6066056994782514,0.0,0.0,0.3060445785522461,1.149999976158142,53.24800137329102,0.3419335186481476
observed_test,v2_2018_542_48h,,5,PCC,A,2.5763726205374935,0.0,0.0,0.2850128710269928,1.149999976158142,53.24800137329102,0.34306105971336365
observed_test,v2_2018_542_48h,,5,PCC,B,2.5763726205374935,0.0,0.0,0.2850128710269928,1.149999976158142,53.24800137329102,0.34306105971336365
observed_test,v2_2018_542_48h,,5,PCC,C,2.5763726205374935,0.0,0.0,0.2850128710269928,1.149999976158142,53.24800137329102,0.34306105971336365
observed_test,v2_2018_542_48h,,6,PCC,A,2.7605416539868575,0.0,0.0,0.4131304621696472,1.149999976158142,53.24800137329102,0.3405168056488037
observed_test,v2_2018_542_48h,,6,PCC,B,2.7605416539868575,0.0,0.0,0.4131304621696472,1.149999976158142,53.24800137329102,0.3405168056488037
observed_test,v2_2018_542_48h,,6,PCC,C,2.7605416539868575,0.0,0.0,0.4131304621696472,1.149999976158142,53.24800137329102,0.3405168056488037
observed_test,v2_2018_542_48h,,7,PCC,A,3.0129513006293838,0.0,0.0,0.5887197852134705,1.149999976158142,53.24800137329102,0.3422624468803406
observed_test,v2_2018_542_48h,,7,PCC,B,3.0129513006293838,0.0,0.0,0.5887197852134705,1.149999976158142,53.24800137329102,0.3422624468803406
observed_test,v2_2018_542_48h,,7,PCC,C,3.0129513006293838,0.0,0.0,0.5887197852134705,1.149999976158142,53.24800137329102,0.3422624468803406
observed_test,v2_2018_542_48h,,8,PCC,A,2.7649040079514635,0.0,0.3588416541998203,0.41616514325141907,1.149999976158142,53.24800137329102,0.3416255712509155
observed_test,v2_2018_542_48h,,8,PCC,B,2.7649040079514635,0.0,0.3588416541998203,0.41616514325141907,1.149999976158142,53.24800137329102,0.3416255712509155
observed_test,v2_2018_542_48h,,8,PCC,C,2.7649040079514635,0.0,0.3588416541998203,0.41616514325141907,1.149999976158142,53.24800137329102,0.3416255712509155
observed_test,v2_2018_542_48h,,9,PCC,A,2.9051724072175276,0.0,0.72754999765983,0.5137431621551514,1.149999976158142,53.24800137329102,0.34979093074798584
observed_test,v2_2018_542_48h,,9,PCC,B,2.9051724072175276,0.0,0.72754999765983,0.5137431621551514,1.149999976158142,53.24800137329102,0.34979093074798584
observed_test,v2_2018_542_48h,,9,PCC,C,2.9051724072175276,0.0,0.72754999765983,0.5137431621551514,1.149999976158142,53.24800137329102,0.34979093074798584
observed_test,v2_2018_542_48h,,10,PCC,A,2.6904467608222724,0.0,0.953833357645915,0.3643687963485718,1.149999976158142,53.24800137329102,0.3513350784778595
observed_test,v2_2018_542_48h,,10,PCC,B,2.6904467608222724,0.0,0.953833357645915,0.3643687963485718,1.149999976158142,53.24800137329102,0.3513350784778595
observed_test,v2_2018_542_48h,,10,PCC,C,2.6904467608222724,0.0,0.953833357645915,0.3643687963485718,1.149999976158142,53.24800137329102,0.3513350784778595
observed_test,v2_2018_542_48h,,11,PCC,A,2.686130632121376,0.0,1.0817833817922151,0.36136627197265625,1.149999976158142,53.24800137329102,0.352043479681015
observed_test,v2_2018_542_48h,,11,PCC,B,2.686130632121376,0.0,1.0817833817922151,0.36136627197265625,1.149999976158142,53.24800137329102,0.352043479681015
observed_test,v2_2018_542_48h,,11,PCC,C,2.686130632121376,0.0,1.0817833817922151,0.36136627197265625,1.149999976158142,53.24800137329102,0.352043479681015
observed_test,v2_2018_542_48h,,12,PCC,A,2.940481482794702,0.0,1.118341661416567,0.5383059978485107,1.149999976158142,53.24800137329102,0.35197725892066956
observed_test,v2_2018_542_48h,,12,PCC,B,2.940481482794702,0.0,1.118341661416567,0.5383059978485107,1.149999976158142,53.24800137329102,0.35197725892066956
observed_test,v2_2018_542_48h,,12,PCC,C,2.940481482794702,0.0,1.118341661416567,0.5383059978485107,1.149999976158142,53.24800137329102,0.35197725892066956
observed_test,v2_2018_542_48h,,13,PCC,A,3.033735447282245,0.0,1.041087508201599,0.6031783223152161,1.149999976158142,53.24800137329102,0.3435025215148926
observed_test,v2_2018_542_48h,,13,PCC,B,3.033735447282245,0.0,1.041087508201599,0.6031783223152161,1.149999976158142,53.24800137329102,0.3435025215148926
observed_test,v2_2018_542_48h,,13,PCC,C,3.033735447282245,0.0,1.041087508201599,0.6031783223152161,1.149999976158142,53.24800137329102,0.3435025215148926
observed_test,v2_2018_542_48h,,14,PCC,A,3.1232014249141358,0.0,0.5646666655173668,0.6654155254364014,1.149999976158142,53.24800137329102,0.33751198649406433
observed_test,v2_2018_542_48h,,14,PCC,B,3.1232014249141358,0.0,0.5646666655173668,0.6654155254364014,1.149999976158142,53.24800137329102,0.33751198649406433
observed_test,v2_2018_542_48h,,14,PCC,C,3.1232014249141358,0.0,0.5646666655173668,0.6654155254364014,1.149999976158142,53.24800137329102,0.33751198649406433
observed_test,v2_2018_542_48h,,15,PCC,A,2.915610662966831,0.0,0.1549166698868458,0.5210045576095581,1.149999976158142,53.24800137329102,0.3310859501361847
observed_test,v2_2018_542_48h,,15,PCC,B,2.915610662966831,0.0,0.1549166698868458,0.5210045576095581,1.149999976158142,53.24800137329102,0.3310859501361847
observed_test,v2_2018_542_48h,,15,PCC,C,2.915610662966831,0.0,0.1549166698868458,0.5210045576095581,1.149999976158142,53.24800137329102,0.3310859501361847
observed_test,v2_2018_542_48h,,16,PCC,A,2.9761405680146122,0.0,0.05527916722572767,0.5631123185157776,1.149999976158142,53.24800137329102,0.32164841890335083
observed_test,v2_2018_542_48h,,16,PCC,B,2.9761405680146122,0.0,0.05527916722572767,0.5631123185157776,1.149999976158142,53.24800137329102,0.32164841890335083
observed_test,v2_2018_542_48h,,16,PCC,C,2.9761405680146122,0.0,0.05527916722572767,0.5631123185157776,1.149999976158142,53.24800137329102,0.32164841890335083
observed_test,v2_2018_542_48h,,17,PCC,A,2.912059071852747,0.0,0.0,0.5185338854789734,1.149999976158142,53.24800137329102,0.2997533977031708
observed_test,v2_2018_542_48h,,17,PCC,B,2.912059071852747,0.0,0.0,0.5185338854789734,1.149999976158142,53.24800137329102,0.2997533977031708
observed_test,v2_2018_542_48h,,17,PCC,C,2.912059071852747,0.0,0.0,0.5185338854789734,1.149999976158142,53.24800137329102,0.2997533977031708
observed_test,v2_2018_542_48h,,18,PCC,A,2.888165108802557,0.0,0.0,0.501911997795105,1.149999976158142,53.24800137329102,0.2852819263935089
observed_test,v2_2018_542_48h,,18,PCC,B,2.888165108802557,0.0,0.0,0.501911997795105,1.149999976158142,53.24800137329102,0.2852819263935089
observed_test,v2_2018_542_48h,,18,PCC,C,2.888165108802557,0.0,0.0,0.501911997795105,1.149999976158142,53.24800137329102,0.2852819263935089
observed_test,v2_2018_542_48h,,19,PCC,A,2.9849615821466244,0.0,0.0,0.5692486763000488,1.149999976158142,53.24800137329102,0.2762019634246826
observed_test,v2_2018_542_48h,,19,PCC,B,2.9849615821466244,0.0,0.0,0.5692486763000488,1.149999976158142,53.24800137329102,0.2762019634246826
observed_test,v2_2018_542_48h,,19,PCC,C,2.9849615821466244,0.0,0.0,0.5692486763000488,1.149999976158142,53.24800137329102,0.2762019634246826
observed_test,v2_2018_542_48h,,20,PCC,A,2.825617614510635,0.0,0.0,0.458400696516037,1.149999976158142,53.24800137329102,0.2631073296070099
observed_test,v2_2018_542_48h,,20,PCC,B,2.825617614510635,0.0,0.0,0.458400696516037,1.149999976158142,53.24800137329102,0.2631073296070099
observed_test,v2_2018_542_48h,,20,PCC,C,2.825617614510635,0.0,0.0,0.458400696516037,1.149999976158142,53.24800137329102,0.2631073296070099
observed_test,v2_2018_542_48h,,21,PCC,A,2.740638571998929,0.0,0.0,0.39928483963012695,1.149999976158142,53.24800137329102,0.2648462951183319
observed_test,v2_2018_542_48h,,21,PCC,B,2.740638571998929,0.0,0.0,0.39928483963012695,1.149999976158142,53.24800137329102,0.2648462951183319
observed_test,v2_2018_542_48h,,21,PCC,C,2.740638571998929,0.0,0.0,0.39928483963012695,1.149999976158142,53.24800137329102,0.2648462951183319
observed_test,v2_2018_542_48h,,22,PCC,A,2.689500792288461,0.0,0.0,0.3637107312679291,1.149999976158142,53.24800137329102,0.27600327134132385
observed_test,v2_2018_542_48h,,22,PCC,B,2.689500792288461,0.0,0.0,0.3637107312679291,1.149999976158142,53.24800137329102,0.27600327134132385
observed_test,v2_2018_542_48h,,22,PCC,C,2.689500792288461,0.0,0.0,0.3637107312679291,1.149999976158142,53.24800137329102,0.27600327134132385
observed_test,v2_2018_542_48h,,23,PCC,A,2.666340906989589,0.0,0.0,0.34759950637817383,1.149999976158142,53.24800137329102,0.279354065656662
observed_test,v2_2018_542_48h,,23,PCC,B,2.666340906989589,0.0,0.0,0.34759950637817383,1.149999976158142,53.24800137329102,0.279354065656662
observed_test,v2_2018_542_48h,,23,PCC,C,2.666340906989589,0.0,0.0,0.34759950637817383,1.149999976158142,53.24800137329102,0.279354065656662
observed_test,v2_2018_542_48h,,24,PCC,A,2.589738233557025,0.0,0.0,0.29431068897247314,1.149999976158142,53.24800137329102,0.2890777885913849
observed_test,v2_2018_542_48h,,24,PCC,B,2.589738233557025,0.0,0.0,0.29431068897247314,1.149999976158142,53.24800137329102,0.2890777885913849
observed_test,v2_2018_542_48h,,24,PCC,C,2.589738233557025,0.0,0.0,0.29431068897247314,1.149999976158142,53.24800137329102,0.2890777885913849
observed_test,v2_2018_542_48h,,25,PCC,A,2.6237012928594003,0.0,0.0,0.3179371654987335,1.149999976158142,34.72425106811524,0.3088434636592865
observed_test,v2_2018_542_48h,,25,PCC,B,2.6237012928594003,0.0,0.0,0.3179371654987335,1.149999976158142,34.72425106811524,0.3088434636592865
observed_test,v2_2018_542_48h,,25,PCC,C,2.6237012928594003,0.0,0.0,0.3179371654987335,1.149999976158142,34.72425106811524,0.3088434636592865
observed_test,v2_2018_542_48h,,26,PCC,A,2.4875831211508435,0.0,0.0,0.2232462614774704,1.149999976158142,34.72425106811524,0.3097779154777527
observed_test,v2_2018_542_48h,,26,PCC,B,2.4875831211508435,0.0,0.0,0.2232462614774704,1.149999976158142,34.72425106811524,0.3097779154777527
observed_test,v2_2018_542_48h,,26,PCC,C,2.4875831211508435,0.0,0.0,0.2232462614774704,1.149999976158142,34.72425106811524,0.3097779154777527
observed_test,v2_2018_542_48h,,27,PCC,A,2.5452259178952694,0.0,0.0,0.2633455991744995,1.149999976158142,53.24800137329102,0.31163012981414795
observed_test,v2_2018_542_48h,,27,PCC,B,2.5452259178952694,0.0,0.0,0.2633455991744995,1.149999976158142,53.24800137329102,0.31163012981414795
observed_test,v2_2018_542_48h,,27,PCC,C,2.5452259178952694,0.0,0.0,0.2633455991744995,1.149999976158142,53.24800137329102,0.31163012981414795
observed_test,v2_2018_542_48h,,28,PCC,A,2.6066056994782514,0.0,0.0,0.3060445785522461,1.149999976158142,53.24800137329102,0.32150399684906006
observed_test,v2_2018_542_48h,,28,PCC,B,2.6066056994782514,0.0,0.0,0.3060445785522461,1.149999976158142,53.24800137329102,0.32150399684906006
observed_test,v2_2018_542_48h,,28,PCC,C,2.6066056994782514,0.0,0.0,0.3060445785522461,1.149999976158142,53.24800137329102,0.32150399684906006
observed_test,v2_2018_542_48h,,29,PCC,A,2.5763726205374935,0.0,0.0,0.2850128710269928,1.149999976158142,53.24800137329102,0.3338591456413269
observed_test,v2_2018_542_48h,,29,PCC,B,2.5763726205374935,0.0,0.0,0.2850128710269928,1.149999976158142,53.24800137329102,0.3338591456413269
observed_test,v2_2018_542_48h,,29,PCC,C,2.5763726205374935,0.0,0.0,0.2850128710269928,1.149999976158142,53.24800137329102,0.3338591456413269
observed_test,v2_2018_542_48h,,30,PCC,A,2.7605416539868575,0.0,0.0,0.4131304621696472,1.149999976158142,121.88174847412108,0.3498738408088684
observed_test,v2_2018_542_48h,,30,PCC,B,2.7605416539868575,0.0,0.0,0.4131304621696472,1.149999976158142,121.88174847412108,0.3498738408088684
observed_test,v2_2018_542_48h,,30,PCC,C,2.7605416539868575,0.0,0.0,0.4131304621696472,1.149999976158142,121.88174847412108,0.3498738408088684
observed_test,v2_2018_542_48h,,31,PCC,A,3.0129513006293838,0.0,0.0,0.5887197852134705,1.149999976158142,121.88174847412108,0.3462944030761719
observed_test,v2_2018_542_48h,,31,PCC,B,3.0129513006293838,0.0,0.0,0.5887197852134705,1.149999976158142,121.88174847412108,0.3462944030761719
observed_test,v2_2018_542_48h,,31,PCC,C,3.0129513006293838,0.0,0.0,0.5887197852134705,1.149999976158142,121.88174847412108,0.3462944030761719
observed_test,v2_2018_542_48h,,32,PCC,A,2.7649040079514635,0.0,0.3556791692972183,0.41616514325141907,1.149999976158142,121.88174847412108,0.3434279263019562
observed_test,v2_2018_542_48h,,32,PCC,B,2.7649040079514635,0.0,0.3556791692972183,0.41616514325141907,1.149999976158142,121.88174847412108,0.3434279263019562
observed_test,v2_2018_542_48h,,32,PCC,C,2.7649040079514635,0.0,0.3556791692972183,0.41616514325141907,1.149999976158142,121.88174847412108,0.3434279263019562
observed_test,v2_2018_542_48h,,33,PCC,A,2.9051724072175276,0.0,0.698012514756276,0.5137431621551514,1.149999976158142,121.88174847412108,0.34227651357650757
observed_test,v2_2018_542_48h,,33,PCC,B,2.9051724072175276,0.0,0.698012514756276,0.5137431621551514,1.149999976158142,121.88174847412108,0.34227651357650757
observed_test,v2_2018_542_48h,,33,PCC,C,2.9051724072175276,0.0,0.698012514756276,0.5137431621551514,1.149999976158142,121.88174847412108,0.34227651357650757
observed_test,v2_2018_542_48h,,34,PCC,A,2.6904467608222724,0.0,1.0104208038403437,0.3643687963485718,1.149999976158142,53.24800137329102,0.34157341718673706
observed_test,v2_2018_542_48h,,34,PCC,B,2.6904467608222724,0.0,1.0104208038403437,0.3643687963485718,1.149999976158142,53.24800137329102,0.34157341718673706
observed_test,v2_2018_542_48h,,34,PCC,C,2.6904467608222724,0.0,1.0104208038403437,0.3643687963485718,1.149999976158142,53.24800137329102,0.34157341718673706
observed_test,v2_2018_542_48h,,35,PCC,A,2.686130632121376,0.0,1.1441833697832546,0.36136627197265625,1.149999976158142,53.24800137329102,0.33814752101898193
observed_test,v2_2018_542_48h,,35,PCC,B,2.686130632121376,0.0,1.1441833697832546,0.36136627197265625,1.149999976158142,53.24800137329102,0.33814752101898193
observed_test,v2_2018_542_48h,,35,PCC,C,2.686130632121376,0.0,1.1441833697832546,0.36136627197265625,1.149999976158142,53.24800137329102,0.33814752101898193
observed_test,v2_2018_542_48h,,36,PCC,A,2.940481482794702,0.0,1.17980413711988,0.5383059978485107,1.149999976158142,34.72425106811524,0.33659231662750244
observed_test,v2_2018_542_48h,,36,PCC,B,2.940481482794702,0.0,1.17980413711988,0.5383059978485107,1.149999976158142,34.72425106811524,0.33659231662750244
observed_test,v2_2018_542_48h,,36,PCC,C,2.940481482794702,0.0,1.17980413711988,0.5383059978485107,1.149999976158142,34.72425106811524,0.33659231662750244
observed_test,v2_2018_542_48h,,37,PCC,A,3.033735447282245,0.0,1.1227749861203706,0.6031783223152161,1.149999976158142,34.72425106811524,0.3255828320980072
observed_test,v2_2018_542_48h,,37,PCC,B,3.033735447282245,0.0,1.1227749861203706,0.6031783223152161,1.149999976158142,34.72425106811524,0.3255828320980072
observed_test,v2_2018_542_48h,,37,PCC,C,3.033735447282245,0.0,1.1227749861203706,0.6031783223152161,1.149999976158142,34.72425106811524,0.3255828320980072
observed_test,v2_2018_542_48h,,38,PCC,A,3.1232014249141358,0.0,0.9750958818655747,0.6654155254364014,1.149999976158142,34.72425106811524,0.31709447503089905
observed_test,v2_2018_542_48h,,38,PCC,B,3.1232014249141358,0.0,0.9750958818655747,0.6654155254364014,1.149999976158142,34.72425106811524,0.31709447503089905
observed_test,v2_2018_542_48h,,38,PCC,C,3.1232014249141358,0.0,0.9750958818655747,0.6654155254364014,1.149999976158142,34.72425106811524,0.31709447503089905
observed_test,v2_2018_542_48h,,39,PCC,A,2.915610662966831,0.0,0.7193541870667383,0.5210045576095581,1.149999976158142,34.72425106811524,0.3180161416530609
observed_test,v2_2018_542_48h,,39,PCC,B,2.915610662966831,0.0,0.7193541870667383,0.5210045576095581,1.149999976158142,34.72425106811524,0.3180161416530609
observed_test,v2_2018_542_48h,,39,PCC,C,2.915610662966831,0.0,0.7193541870667383,0.5210045576095581,1.149999976158142,34.72425106811524,0.3180161416530609
observed_test,v2_2018_542_48h,,40,PCC,A,2.9761405680146122,0.0,0.3309583434691796,0.5631123185157776,1.149999976158142,53.24800137329102,0.31527936458587646
observed_test,v2_2018_542_48h,,40,PCC,B,2.9761405680146122,0.0,0.3309583434691796,0.5631123185157776,1.149999976158142,53.24800137329102,0.31527936458587646
observed_test,v2_2018_542_48h,,40,PCC,C,2.9761405680146122,0.0,0.3309583434691796,0.5631123185157776,1.149999976158142,53.24800137329102,0.31527936458587646
observed_test,v2_2018_542_48h,,41,PCC,A,2.912059071852747,0.0,0.0,0.5185338854789734,1.149999976158142,53.24800137329102,0.2851102352142334
observed_test,v2_2018_542_48h,,41,PCC,B,2.912059071852747,0.0,0.0,0.5185338854789734,1.149999976158142,53.24800137329102,0.2851102352142334
observed_test,v2_2018_542_48h,,41,PCC,C,2.912059071852747,0.0,0.0,0.5185338854789734,1.149999976158142,53.24800137329102,0.2851102352142334
observed_test,v2_2018_542_48h,,42,PCC,A,2.888165108802557,0.0,0.0,0.501911997795105,1.149999976158142,53.24800137329102,0.2613919973373413
observed_test,v2_2018_542_48h,,42,PCC,B,2.888165108802557,0.0,0.0,0.501911997795105,1.149999976158142,53.24800137329102,0.2613919973373413
observed_test,v2_2018_542_48h,,42,PCC,C,2.888165108802557,0.0,0.0,0.501911997795105,1.149999976158142,53.24800137329102,0.2613919973373413
observed_test,v2_2018_542_48h,,43,PCC,A,2.9849615821466244,0.0,0.0,0.5692486763000488,1.149999976158142,53.24800137329102,0.24509786069393158
observed_test,v2_2018_542_48h,,43,PCC,B,2.9849615821466244,0.0,0.0,0.5692486763000488,1.149999976158142,53.24800137329102,0.24509786069393158
observed_test,v2_2018_542_48h,,43,PCC,C,2.9849615821466244,0.0,0.0,0.5692486763000488,1.149999976158142,53.24800137329102,0.24509786069393158
observed_test,v2_2018_542_48h,,44,PCC,A,2.825617614510635,0.0,0.0,0.458400696516037,1.149999976158142,53.24800137329102,0.24263539910316467
observed_test,v2_2018_542_48h,,44,PCC,B,2.825617614510635,0.0,0.0,0.458400696516037,1.149999976158142,53.24800137329102,0.24263539910316467
observed_test,v2_2018_542_48h,,44,PCC,C,2.825617614510635,0.0,0.0,0.458400696516037,1.149999976158142,53.24800137329102,0.24263539910316467
observed_test,v2_2018_542_48h,,45,PCC,A,2.740638571998929,0.0,0.0,0.39928483963012695,1.149999976158142,53.24800137329102,0.24301493167877197
observed_test,v2_2018_542_48h,,45,PCC,B,2.740638571998929,0.0,0.0,0.39928483963012695,1.149999976158142,53.24800137329102,0.24301493167877197
observed_test,v2_2018_542_48h,,45,PCC,C,2.740638571998929,0.0,0.0,0.39928483963012695,1.149999976158142,53.24800137329102,0.24301493167877197
observed_test,v2_2018_542_48h,,46,PCC,A,2.689500792288461,0.0,0.0,0.3637107312679291,1.149999976158142,53.24800137329102,0.24866795539855957
observed_test,v2_2018_542_48h,,46,PCC,B,2.689500792288461,0.0,0.0,0.3637107312679291,1.149999976158142,53.24800137329102,0.24866795539855957
observed_test,v2_2018_542_48h,,46,PCC,C,2.689500792288461,0.0,0.0,0.3637107312679291,1.149999976158142,53.24800137329102,0.24866795539855957
observed_test,v2_2018_542_48h,,47,PCC,A,2.666340906989589,0.0,0.0,0.34759950637817383,1.149999976158142,53.24800137329102,0.26080694794654846
observed_test,v2_2018_542_48h,,47,PCC,B,2.666340906989589,0.0,0.0,0.34759950637817383,1.149999976158142,53.24800137329102,0.26080694794654846
observed_test,v2_2018_542_48h,,47,PCC,C,2.666340906989589,0.0,0.0,0.34759950637817383,1.149999976158142,53.24800137329102,0.26080694794654846
observed_test,v2_2018_429_48h,,0,PCC,A,2.589738233557025,0.0,0.0,0.29431068897247314,1.149999976158142,53.24800137329102,0.29204216599464417
observed_test,v2_2018_429_48h,,0,PCC,B,2.589738233557025,0.0,0.0,0.29431068897247314,1.149999976158142,53.24800137329102,0.29204216599464417
observed_test,v2_2018_429_48h,,0,PCC,C,2.589738233557025,0.0,0.0,0.29431068897247314,1.149999976158142,53.24800137329102,0.29204216599464417
observed_test,v2_2018_429_48h,,1,PCC,A,2.6237012928594003,0.0,0.0,0.3179371654987335,1.149999976158142,34.72425106811524,0.28155291080474854
observed_test,v2_2018_429_48h,,1,PCC,B,2.6237012928594003,0.0,0.0,0.3179371654987335,1.149999976158142,34.72425106811524,0.28155291080474854
observed_test,v2_2018_429_48h,,1,PCC,C,2.6237012928594003,0.0,0.0,0.3179371654987335,1.149999976158142,34.72425106811524,0.28155291080474854
observed_test,v2_2018_429_48h,,2,PCC,A,2.4875831211508435,0.0,0.0,0.2232462614774704,1.149999976158142,34.72425106811524,0.30299630761146545
observed_test,v2_2018_429_48h,,2,PCC,B,2.4875831211508435,0.0,0.0,0.2232462614774704,1.149999976158142,34.72425106811524,0.30299630761146545
observed_test,v2_2018_429_48h,,2,PCC,C,2.4875831211508435,0.0,0.0,0.2232462614774704,1.149999976158142,34.72425106811524,0.30299630761146545
observed_test,v2_2018_429_48h,,3,PCC,A,2.5452259178952694,0.0,0.0,0.2633455991744995,1.149999976158142,34.72425106811524,0.29573163390159607
observed_test,v2_2018_429_48h,,3,PCC,B,2.5452259178952694,0.0,0.0,0.2633455991744995,1.149999976158142,34.72425106811524,0.29573163390159607
observed_test,v2_2018_429_48h,,3,PCC,C,2.5452259178952694,0.0,0.0,0.2633455991744995,1.149999976158142,34.72425106811524,0.29573163390159607
observed_test,v2_2018_429_48h,,4,PCC,A,2.6066056994782514,0.0,0.0,0.3060445785522461,1.149999976158142,34.72425106811524,0.2604200541973114
observed_test,v2_2018_429_48h,,4,PCC,B,2.6066056994782514,0.0,0.0,0.3060445785522461,1.149999976158142,34.72425106811524,0.2604200541973114
observed_test,v2_2018_429_48h,,4,PCC,C,2.6066056994782514,0.0,0.0,0.3060445785522461,1.149999976158142,34.72425106811524,0.2604200541973114
observed_test,v2_2018_429_48h,,5,PCC,A,2.5763726205374935,0.0,0.004345833216435634,0.2850128710269928,1.149999976158142,34.72425106811524,0.24564382433891296
observed_test,v2_2018_429_48h,,5,PCC,B,2.5763726205374935,0.0,0.004345833216435634,0.2850128710269928,1.149999976158142,34.72425106811524,0.24564382433891296
observed_test,v2_2018_429_48h,,5,PCC,C,2.5763726205374935,0.0,0.004345833216435634,0.2850128710269928,1.149999976158142,34.72425106811524,0.24564382433891296
observed_test,v2_2018_429_48h,,6,PCC,A,2.7605416539868575,0.0,0.09664583664674024,0.4131304621696472,1.149999976158142,53.24800137329102,0.23213675618171692
observed_test,v2_2018_429_48h,,6,PCC,B,2.7605416539868575,0.0,0.09664583664674024,0.4131304621696472,1.149999976158142,53.24800137329102,0.23213675618171692
observed_test,v2_2018_429_48h,,6,PCC,C,2.7605416539868575,0.0,0.09664583664674024,0.4131304621696472,1.149999976158142,53.24800137329102,0.23213675618171692
observed_test,v2_2018_429_48h,,7,PCC,A,3.0315111269718575,0.0,0.36419584200932426,0.5887197852134705,1.1577249765396118,53.24800137329102,0.22217637300491333
observed_test,v2_2018_429_48h,,7,PCC,B,3.0315111269718575,0.0,0.36419584200932426,0.5887197852134705,1.1577249765396118,53.24800137329102,0.22217637300491333
observed_test,v2_2018_429_48h,,7,PCC,C,3.0315111269718575,0.0,0.36419584200932426,0.5887197852134705,1.1577249765396118,53.24800137329102,0.22217637300491333
observed_test,v2_2018_429_48h,,8,PCC,A,2.824933598931836,0.0,0.6265041919854971,0.41616514325141907,1.1774499416351318,53.24800137329102,0.2238142341375351
observed_test,v2_2018_429_48h,,8,PCC,B,2.824933598931836,0.0,0.6265041919854971,0.41616514325141907,1.1774499416351318,53.24800137329102,0.2238142341375351
observed_test,v2_2018_429_48h,,8,PCC,C,2.824933598931836,0.0,0.6265041919854971,0.41616514325141907,1.1774499416351318,53.24800137329102,0.2238142341375351
observed_test,v2_2018_429_48h,,9,PCC,A,3.013399545625056,0.0,0.9129583262480221,0.5137431621551514,1.196874976158142,53.24800137329102,0.2249642014503479
observed_test,v2_2018_429_48h,,9,PCC,B,3.013399545625056,0.0,0.9129583262480221,0.5137431621551514,1.196874976158142,53.24800137329102,0.2249642014503479
observed_test,v2_2018_429_48h,,9,PCC,C,3.013399545625056,0.0,0.9129583262480221,0.5137431621551514,1.196874976158142,53.24800137329102,0.2249642014503479
observed_test,v2_2018_429_48h,,10,PCC,A,2.8083840335723096,0.0,1.0779166450867286,0.3643687963485718,1.2055749893188477,53.24800137329102,0.22651337087154388
observed_test,v2_2018_429_48h,,10,PCC,B,2.8083840335723096,0.0,1.0779166450867286,0.3643687963485718,1.2055749893188477,53.24800137329102,0.22651337087154388
observed_test,v2_2018_429_48h,,10,PCC,C,2.8083840335723096,0.0,1.0779166450867286,0.3643687963485718,1.2055749893188477,53.24800137329102,0.22651337087154388
observed_test,v2_2018_429_48h,,11,PCC,A,2.8133920751545247,0.0,1.1748875562961285,0.36136627197265625,1.2100750207901,53.24800137329102,0.23188455402851105
observed_test,v2_2018_429_48h,,11,PCC,B,2.8133920751545247,0.0,1.1748875562961285,0.36136627197265625,1.2100750207901,53.24800137329102,0.23188455402851105
observed_test,v2_2018_429_48h,,11,PCC,C,2.8133920751545247,0.0,1.1748875562961285,0.36136627197265625,1.2100750207901,53.24800137329102,0.23188455402851105
observed_test,v2_2018_429_48h,,12,PCC,A,3.0861184606444803,0.0,1.1984041103949912,0.5383059978485107,1.212249994277954,53.24800137329102,0.24851679801940918
observed_test,v2_2018_429_48h,,12,PCC,B,3.0861184606444803,0.0,1.1984041103949912,0.5383059978485107,1.212249994277954,53.24800137329102,0.24851679801940918
observed_test,v2_2018_429_48h,,12,PCC,C,3.0861184606444803,0.0,1.1984041103949912,0.5383059978485107,1.212249994277954,53.24800137329102,0.24851679801940918
observed_test,v2_2018_429_48h,,13,PCC,A,3.1862356524415003,0.0,1.1479457983603842,0.6031783223152161,1.212999939918518,53.24800137329102,0.2552449107170105
observed_test,v2_2018_429_48h,,13,PCC,B,3.1862356524415003,0.0,1.1479457983603842,0.6031783223152161,1.212999939918518,53.24800137329102,0.2552449107170105
observed_test,v2_2018_429_48h,,13,PCC,C,3.1862356524415003,0.0,1.1479457983603842,0.6031783223152161,1.212999939918518,53.24800137329102,0.2552449107170105
observed_test,v2_2018_429_48h,,14,PCC,A,3.279291133779767,0.0,1.0272750487694373,0.6654155254364014,1.2124749422073364,53.24800137329102,0.2668544054031372
observed_test,v2_2018_429_48h,,14,PCC,B,3.279291133779767,0.0,1.0272750487694373,0.6654155254364014,1.2124749422073364,53.24800137329102,0.2668544054031372
observed_test,v2_2018_429_48h,,14,PCC,C,3.279291133779767,0.0,1.0272750487694373,0.6654155254364014,1.2124749422073364,53.24800137329102,0.2668544054031372
observed_test,v2_2018_429_48h,,15,PCC,A,3.0545120682095734,0.0,0.5650750146462367,0.5210045576095581,1.2099249362945557,53.24800137329102,0.2685477137565613
observed_test,v2_2018_429_48h,,15,PCC,B,3.0545120682095734,0.0,0.5650750146462367,0.5210045576095581,1.2099249362945557,53.24800137329102,0.2685477137565613
observed_test,v2_2018_429_48h,,15,PCC,C,3.0545120682095734,0.0,0.5650750146462367,0.5210045576095581,1.2099249362945557,53.24800137329102,0.2685477137565613
observed_test,v2_2018_429_48h,,16,PCC,A,3.108773343854152,0.0,0.24580416771081773,0.5631123185157776,1.2059500217437744,53.24800137329102,0.2619698643684387
observed_test,v2_2018_429_48h,,16,PCC,B,3.108773343854152,0.0,0.24580416771081773,0.5631123185157776,1.2059500217437744,53.24800137329102,0.2619698643684387
observed_test,v2_2018_429_48h,,16,PCC,C,3.108773343854152,0.0,0.24580416771081773,0.5631123185157776,1.2059500217437744,53.24800137329102,0.2619698643684387
observed_test,v2_2018_429_48h,,17,PCC,A,3.0214350545221724,0.0,0.07404583291365549,0.5185338854789734,1.1972500085830688,53.24800137329102,0.2320890873670578
observed_test,v2_2018_429_48h,,17,PCC,B,3.0214350545221724,0.0,0.07404583291365549,0.5185338854789734,1.1972500085830688,53.24800137329102,0.2320890873670578
observed_test,v2_2018_429_48h,,17,PCC,C,3.0214350545221724,0.0,0.07404583291365549,0.5185338854789734,1.1972500085830688,53.24800137329102,0.2320890873670578
observed_test,v2_2018_429_48h,,18,PCC,A,2.9741922883937755,0.0,0.0005333333459790222,0.501911997795105,1.1875,121.88174847412108,0.21596577763557434
observed_test,v2_2018_429_48h,,18,PCC,B,2.9741922883937755,0.0,0.0005333333459790222,0.501911997795105,1.1875,121.88174847412108,0.21596577763557434
observed_test,v2_2018_429_48h,,18,PCC,C,2.9741922883937755,0.0,0.0005333333459790222,0.501911997795105,1.1875,121.88174847412108,0.21596577763557434
observed_test,v2_2018_429_48h,,19,PCC,A,3.0457848501078786,0.0,0.0,0.5692486763000488,1.1755750179290771,121.88174847412108,0.20615766942501068
observed_test,v2_2018_429_48h,,19,PCC,B,3.0457848501078786,0.0,0.0,0.5692486763000488,1.1755750179290771,121.88174847412108,0.20615766942501068
observed_test,v2_2018_429_48h,,19,PCC,C,3.0457848501078786,0.0,0.0,0.5692486763000488,1.1755750179290771,121.88174847412108,0.20615766942501068
observed_test,v2_2018_429_48h,,20,PCC,A,2.873490642683217,0.0,0.0,0.458400696516037,1.171375036239624,121.88174847412108,0.2008131742477417
observed_test,v2_2018_429_48h,,20,PCC,B,2.873490642683217,0.0,0.0,0.458400696516037,1.171375036239624,121.88174847412108,0.2008131742477417
observed_test,v2_2018_429_48h,,20,PCC,C,2.873490642683217,0.0,0.0,0.458400696516037,1.171375036239624,121.88174847412108,0.2008131742477417
observed_test,v2_2018_429_48h,,21,PCC,A,2.7778356299988283,0.0,0.0,0.39928483963012695,1.1671749353408813,53.24800137329102,0.1999589502811432
observed_test,v2_2018_429_48h,,21,PCC,B,2.7778356299988283,0.0,0.0,0.39928483963012695,1.1671749353408813,53.24800137329102,0.1999589502811432
observed_test,v2_2018_429_48h,,21,PCC,C,2.7778356299988283,0.0,0.0,0.39928483963012695,1.1671749353408813,53.24800137329102,0.1999589502811432
observed_test,v2_2018_429_48h,,22,PCC,A,2.71718373902944,0.0,0.0,0.3637107312679291,1.1630499362945557,53.24800137329102,0.20652389526367188
observed_test,v2_2018_429_48h,,22,PCC,B,2.71718373902944,0.0,0.0,0.3637107312679291,1.1630499362945557,53.24800137329102,0.20652389526367188
observed_test,v2_2018_429_48h,,22,PCC,C,2.71718373902944,0.0,0.0,0.3637107312679291,1.1630499362945557,53.24800137329102,0.20652389526367188
observed_test,v2_2018_429_48h,,23,PCC,A,2.6861968395933076,0.0,0.0,0.34759950637817383,1.1594499349594116,53.24800137329102,0.24197621643543243
observed_test,v2_2018_429_48h,,23,PCC,B,2.6861968395933076,0.0,0.0,0.34759950637817383,1.1594499349594116,53.24800137329102,0.24197621643543243
observed_test,v2_2018_429_48h,,23,PCC,C,2.6861968395933076,0.0,0.0,0.34759950637817383,1.1594499349594116,53.24800137329102,0.24197621643543243
observed_test,v2_2018_429_48h,,24,PCC,A,2.6025558743519603,0.0,0.0,0.29431068897247314,1.1562999486923218,53.24800137329102,0.2597443163394928
observed_test,v2_2018_429_48h,,24,PCC,B,2.6025558743519603,0.0,0.0,0.29431068897247314,1.1562999486923218,53.24800137329102,0.2597443163394928
observed_test,v2_2018_429_48h,,24,PCC,C,2.6025558743519603,0.0,0.0,0.29431068897247314,1.1562999486923218,53.24800137329102,0.2597443163394928
observed_test,v2_2018_429_48h,,25,PCC,A,2.6315963252094527,0.0,0.0,0.3179371654987335,1.1538249254226685,53.24800137329102,0.2683746814727783
observed_test,v2_2018_429_48h,,25,PCC,B,2.6315963252094527,0.0,0.0,0.3179371654987335,1.1538249254226685,53.24800137329102,0.2683746814727783
observed_test,v2_2018_429_48h,,25,PCC,C,2.6315963252094527,0.0,0.0,0.3179371654987335,1.1538249254226685,53.24800137329102,0.2683746814727783
observed_test,v2_2018_429_48h,,26,PCC,A,2.4893343318315697,0.0,0.0,0.2232462614774704,1.1509000062942505,53.24800137329102,0.28207725286483765
observed_test,v2_2018_429_48h,,26,PCC,B,2.4893343318315697,0.0,0.0,0.2232462614774704,1.1509000062942505,53.24800137329102,0.28207725286483765
observed_test,v2_2018_429_48h,,26,PCC,C,2.4893343318315697,0.0,0.0,0.2232462614774704,1.1509000062942505,53.24800137329102,0.28207725286483765
observed_test,v2_2018_429_48h,,27,PCC,A,2.5452259178952694,0.0,0.0,0.2633455991744995,1.149999976158142,53.24800137329102,0.29512742161750793
observed_test,v2_2018_429_48h,,27,PCC,B,2.5452259178952694,0.0,0.0,0.2633455991744995,1.149999976158142,53.24800137329102,0.29512742161750793
observed_test,v2_2018_429_48h,,27,PCC,C,2.5452259178952694,0.0,0.0,0.2633455991744995,1.149999976158142,53.24800137329102,0.29512742161750793
observed_test,v2_2018_429_48h,,28,PCC,A,2.6066056994782514,0.0,0.0,0.3060445785522461,1.149999976158142,53.24800137329102,0.2957279682159424
observed_test,v2_2018_429_48h,,28,PCC,B,2.6066056994782514,0.0,0.0,0.3060445785522461,1.149999976158142,53.24800137329102,0.2957279682159424
observed_test,v2_2018_429_48h,,28,PCC,C,2.6066056994782514,0.0,0.0,0.3060445785522461,1.149999976158142,53.24800137329102,0.2957279682159424
observed_test,v2_2018_429_48h,,29,PCC,A,2.5786483755153378,0.0,0.005070833363928474,0.2850128710269928,1.1511249542236328,53.24800137329102,0.2854676842689514
observed_test,v2_2018_429_48h,,29,PCC,B,2.5786483755153378,0.0,0.005070833363928474,0.2850128710269928,1.1511249542236328,53.24800137329102,0.2854676842689514
observed_test,v2_2018_429_48h,,29,PCC,C,2.5786483755153378,0.0,0.005070833363928474,0.2850128710269928,1.1511249542236328,53.24800137329102,0.2854676842689514
observed_test,v2_2018_429_48h,,30,PCC,A,2.7895220971371715,0.0,0.09911666409327434,0.4131304621696472,1.1632750034332275,53.24800137329102,0.27972814440727234
observed_test,v2_2018_429_48h,,30,PCC,B,2.7895220971371715,0.0,0.09911666409327434,0.4131304621696472,1.1632750034332275,53.24800137329102,0.27972814440727234
observed_test,v2_2018_429_48h,,30,PCC,C,2.7895220971371715,0.0,0.09911666409327434,0.4131304621696472,1.1632750034332275,53.24800137329102,0.27972814440727234
observed_test,v2_2018_429_48h,,31,PCC,A,3.0745771873991967,0.0,0.3630333221875704,0.5887197852134705,1.1756500005722046,53.24800137329102,0.27816811203956604
observed_test,v2_2018_429_48h,,31,PCC,B,3.0745771873991967,0.0,0.3630333221875704,0.5887197852134705,1.1756500005722046,53.24800137329102,0.27816811203956604
observed_test,v2_2018_429_48h,,31,PCC,C,3.0745771873991967,0.0,0.3630333221875704,0.5887197852134705,1.1756500005722046,53.24800137329102,0.27816811203956604
observed_test,v2_2018_429_48h,,32,PCC,A,2.855932650614817,0.0,0.6620000188167278,0.41616514325141907,1.1916249990463257,53.24800137329102,0.28536751866340637
observed_test,v2_2018_429_48h,,32,PCC,B,2.855932650614817,0.0,0.6620000188167278,0.41616514325141907,1.1916249990463257,53.24800137329102,0.28536751866340637
observed_test,v2_2018_429_48h,,32,PCC,C,2.855932650614817,0.0,0.6620000188167278,0.41616514325141907,1.1916249990463257,53.24800137329102,0.28536751866340637
observed_test,v2_2018_429_48h,,33,PCC,A,3.0324475175810073,0.0,0.905074981542734,0.5137431621551514,1.2051249742507935,53.24800137329102,0.29526129364967346
observed_test,v2_2018_429_48h,,33,PCC,B,3.0324475175810073,0.0,0.905074981542734,0.5137431621551514,1.2051249742507935,53.24800137329102,0.29526129364967346
observed_test,v2_2018_429_48h,,33,PCC,C,3.0324475175810073,0.0,0.905074981542734,0.5137431621551514,1.2051249742507935,53.24800137329102,0.29526129364967346
observed_test,v2_2018_429_48h,,34,PCC,A,2.8246183478304197,0.0,1.067508298617143,0.3643687963485718,1.21322500705719,53.24800137329102,0.30343109369277954
observed_test,v2_2018_429_48h,,34,PCC,B,2.8246183478304197,0.0,1.067508298617143,0.3643687963485718,1.21322500705719,53.24800137329102,0.30343109369277954
observed_test,v2_2018_429_48h,,34,PCC,C,2.8246183478304197,0.0,1.067508298617143,0.3643687963485718,1.21322500705719,53.24800137329102,0.30343109369277954
observed_test,v2_2018_429_48h,,35,PCC,A,2.831345184752687,0.0,1.1598833478414095,0.36136627197265625,1.2185499668121338,53.24800137329102,0.2977258265018463
observed_test,v2_2018_429_48h,,35,PCC,B,2.831345184752687,0.0,1.1598833478414095,0.36136627197265625,1.2185499668121338,53.24800137329102,0.2977258265018463
observed_test,v2_2018_429_48h,,35,PCC,C,2.831345184752687,0.0,1.1598833478414095,0.36136627197265625,1.2185499668121338,53.24800137329102,0.2977258265018463
observed_test,v2_2018_429_48h,,36,PCC,A,3.1082271038576104,0.0,1.1864416874372041,0.5383059978485107,1.2216999530792236,53.24800137329102,0.28627684712409973
observed_test,v2_2018_429_48h,,36,PCC,B,3.1082271038576104,0.0,1.1864416874372041,0.5383059978485107,1.2216999530792236,53.24800137329102,0.28627684712409973
observed_test,v2_2018_429_48h,,36,PCC,C,3.1082271038576104,0.0,1.1864416874372041,0.5383059978485107,1.2216999530792236,53.24800137329102,0.28627684712409973
observed_test,v2_2018_429_48h,,37,PCC,A,3.211107739254848,0.0,1.1450083209918094,0.6031783223152161,1.2232749462127686,53.24800137329102,0.2841779291629791
observed_test,v2_2018_429_48h,,37,PCC,B,3.211107739254848,0.0,1.1450083209918094,0.6031783223152161,1.2232749462127686,53.24800137329102,0.2841779291629791
observed_test,v2_2018_429_48h,,37,PCC,C,3.211107739254848,0.0,1.1450083209918094,0.6031783223152161,1.2232749462127686,53.24800137329102,0.2841779291629791
observed_test,v2_2018_429_48h,,38,PCC,A,3.306461592720948,0.0,1.0337916704324575,0.6654155254364014,1.223349928855896,53.24800137329102,0.283867210149765
observed_test,v2_2018_429_48h,,38,PCC,B,3.306461592720948,0.0,1.0337916704324575,0.6654155254364014,1.223349928855896,53.24800137329102,0.283867210149765
observed_test,v2_2018_429_48h,,38,PCC,C,3.306461592720948,0.0,1.0337916704324575,0.6654155254364014,1.223349928855896,53.24800137329102,0.283867210149765
observed_test,v2_2018_429_48h,,39,PCC,A,3.081805642947446,0.0,0.8514874829695774,0.5210045576095581,1.2216999530792236,53.24800137329102,0.26969581842422485
observed_test,v2_2018_429_48h,,39,PCC,B,3.081805642947446,0.0,0.8514874829695774,0.5210045576095581,1.2216999530792236,53.24800137329102,0.26969581842422485
observed_test,v2_2018_429_48h,,39,PCC,C,3.081805642947446,0.0,0.8514874829695774,0.5210045576095581,1.2216999530792236,53.24800137329102,0.26969581842422485
observed_test,v2_2018_429_48h,,40,PCC,A,3.1393535177822263,0.0,0.5943333300260397,0.5631123185157776,1.218850016593933,53.24800137329102,0.24999181926250458
observed_test,v2_2018_429_48h,,40,PCC,B,3.1393535177822263,0.0,0.5943333300260397,0.5631123185157776,1.218850016593933,53.24800137329102,0.24999181926250458
observed_test,v2_2018_429_48h,,40,PCC,C,3.1393535177822263,0.0,0.5943333300260397,0.5631123185157776,1.218850016593933,53.24800137329102,0.24999181926250458
observed_test,v2_2018_429_48h,,41,PCC,A,3.0526852564420888,0.0,0.29412917792797083,0.5185338854789734,1.2107499837875366,53.24800137329102,0.2426277995109558
observed_test,v2_2018_429_48h,,41,PCC,B,3.0526852564420888,0.0,0.29412917792797083,0.5185338854789734,1.2107499837875366,53.24800137329102,0.2426277995109558
observed_test,v2_2018_429_48h,,41,PCC,C,3.0526852564420888,0.0,0.29412917792797083,0.5185338854789734,1.2107499837875366,53.24800137329102,0.2426277995109558
observed_test,v2_2018_429_48h,,42,PCC,A,3.000344498482716,0.0,0.06545833670175992,0.501911997795105,1.1988999843597412,53.24800137329102,0.22674660384655
observed_test,v2_2018_429_48h,,42,PCC,B,3.000344498482716,0.0,0.06545833670175992,0.501911997795105,1.1988999843597412,53.24800137329102,0.22674660384655
observed_test,v2_2018_429_48h,,42,PCC,C,3.000344498482716,0.0,0.06545833670175992,0.501911997795105,1.1988999843597412,53.24800137329102,0.22674660384655
observed_test,v2_2018_429_48h,,43,PCC,A,3.061837856329452,0.0,0.0,0.5692486763000488,1.182325005531311,53.24800137329102,0.20943984389305115
observed_test,v2_2018_429_48h,,43,PCC,B,3.061837856329452,0.0,0.0,0.5692486763000488,1.182325005531311,53.24800137329102,0.20943984389305115
observed_test,v2_2018_429_48h,,43,PCC,C,3.061837856329452,0.0,0.0,0.5692486763000488,1.182325005531311,53.24800137329102,0.20943984389305115
observed_test,v2_2018_429_48h,,44,PCC,A,2.8862567301314037,0.0,0.0,0.458400696516037,1.1770750284194946,53.24800137329102,0.20312906801700592
observed_test,v2_2018_429_48h,,44,PCC,B,2.8862567301314037,0.0,0.0,0.458400696516037,1.1770750284194946,53.24800137329102,0.20312906801700592
observed_test,v2_2018_429_48h,,44,PCC,C,2.8862567301314037,0.0,0.0,0.458400696516037,1.1770750284194946,53.24800137329102,0.20312906801700592
observed_test,v2_2018_429_48h,,45,PCC,A,2.7892061453685244,0.0,0.0,0.39928483963012695,1.1724250316619873,53.24800137329102,0.1994336098432541
observed_test,v2_2018_429_48h,,45,PCC,B,2.7892061453685244,0.0,0.0,0.39928483963012695,1.1724250316619873,53.24800137329102,0.1994336098432541
observed_test,v2_2018_429_48h,,45,PCC,C,2.7892061453685244,0.0,0.0,0.39928483963012695,1.1724250316619873,53.24800137329102,0.1994336098432541
observed_test,v2_2018_429_48h,,46,PCC,A,2.7273661757795593,0.0,0.0,0.3637107312679291,1.1678500175476074,53.24800137329102,0.21388521790504456
observed_test,v2_2018_429_48h,,46,PCC,B,2.7273661757795593,0.0,0.0,0.3637107312679291,1.1678500175476074,53.24800137329102,0.21388521790504456
observed_test,v2_2018_429_48h,,46,PCC,C,2.7273661757795593,0.0,0.0,0.3637107312679291,1.1678500175476074,53.24800137329102,0.21388521790504456
observed_test,v2_2018_429_48h,,47,PCC,A,2.6962826073577304,0.0,0.0,0.34759950637817383,1.1642500162124634,53.24800137329102,0.251971572637558
observed_test,v2_2018_429_48h,,47,PCC,B,2.6962826073577304,0.0,0.0,0.34759950637817383,1.1642500162124634,53.24800137329102,0.251971572637558
observed_test,v2_2018_429_48h,,47,PCC,C,2.6962826073577304,0.0,0.0,0.34759950637817383,1.1642500162124634,53.24800137329102,0.251971572637558
observed_test,v2_2018_482_48h,,0,PCC,A,2.589738233557025,0.0,0.0,0.29431068897247314,1.149999976158142,53.24800137329102,0.3548120856285095
observed_test,v2_2018_482_48h,,0,PCC,B,2.589738233557025,0.0,0.0,0.29431068897247314,1.149999976158142,53.24800137329102,0.3548120856285095
observed_test,v2_2018_482_48h,,0,PCC,C,2.589738233557025,0.0,0.0,0.29431068897247314,1.149999976158142,53.24800137329102,0.3548120856285095
observed_test,v2_2018_482_48h,,1,PCC,A,2.6237012928594003,0.0,0.0,0.3179371654987335,1.149999976158142,53.24800137329102,0.3646826446056366
observed_test,v2_2018_482_48h,,1,PCC,B,2.6237012928594003,0.0,0.0,0.3179371654987335,1.149999976158142,53.24800137329102,0.3646826446056366
observed_test,v2_2018_482_48h,,1,PCC,C,2.6237012928594003,0.0,0.0,0.3179371654987335,1.149999976158142,53.24800137329102,0.3646826446056366
observed_test,v2_2018_482_48h,,2,PCC,A,2.4875831211508435,0.0,0.0,0.2232462614774704,1.149999976158142,53.24800137329102,0.3680115044116974
observed_test,v2_2018_482_48h,,2,PCC,B,2.4875831211508435,0.0,0.0,0.2232462614774704,1.149999976158142,53.24800137329102,0.3680115044116974
observed_test,v2_2018_482_48h,,2,PCC,C,2.4875831211508435,0.0,0.0,0.2232462614774704,1.149999976158142,53.24800137329102,0.3680115044116974
observed_test,v2_2018_482_48h,,3,PCC,A,2.5452259178952694,0.0,0.0,0.2633455991744995,1.149999976158142,53.24800137329102,0.3710765242576599
observed_test,v2_2018_482_48h,,3,PCC,B,2.5452259178952694,0.0,0.0,0.2633455991744995,1.149999976158142,53.24800137329102,0.3710765242576599
observed_test,v2_2018_482_48h,,3,PCC,C,2.5452259178952694,0.0,0.0,0.2633455991744995,1.149999976158142,53.24800137329102,0.3710765242576599
observed_test,v2_2018_482_48h,,4,PCC,A,2.6066056994782514,0.0,0.0,0.3060445785522461,1.149999976158142,53.24800137329102,0.3493121564388275
observed_test,v2_2018_482_48h,,4,PCC,B,2.6066056994782514,0.0,0.0,0.3060445785522461,1.149999976158142,53.24800137329102,0.3493121564388275
observed_test,v2_2018_482_48h,,4,PCC,C,2.6066056994782514,0.0,0.0,0.3060445785522461,1.149999976158142,53.24800137329102,0.3493121564388275
observed_test,v2_2018_482_48h,,5,PCC,A,2.5763726205374935,0.0,0.0,0.2850128710269928,1.149999976158142,53.24800137329102,0.32308244705200195
observed_test,v2_2018_482_48h,,5,PCC,B,2.5763726205374935,0.0,0.0,0.2850128710269928,1.149999976158142,53.24800137329102,0.32308244705200195
observed_test,v2_2018_482_48h,,5,PCC,C,2.5763726205374935,0.0,0.0,0.2850128710269928,1.149999976158142,53.24800137329102,0.32308244705200195
observed_test,v2_2018_482_48h,,6,PCC,A,2.7605416539868575,0.0,0.04955000029160426,0.4131304621696472,1.149999976158142,53.24800137329102,0.2904535233974457
observed_test,v2_2018_482_48h,,6,PCC,B,2.7605416539868575,0.0,0.04955000029160426,0.4131304621696472,1.149999976158142,53.24800137329102,0.2904535233974457
observed_test,v2_2018_482_48h,,6,PCC,C,2.7605416539868575,0.0,0.04955000029160426,0.4131304621696472,1.149999976158142,53.24800137329102,0.2904535233974457
observed_test,v2_2018_482_48h,,7,PCC,A,3.042142600596632,0.0,0.2414708240674092,0.5887197852134705,1.1621500253677368,53.24800137329102,0.2714405357837677
observed_test,v2_2018_482_48h,,7,PCC,B,3.042142600596632,0.0,0.2414708240674092,0.5887197852134705,1.1621500253677368,53.24800137329102,0.2714405357837677
observed_test,v2_2018_482_48h,,7,PCC,C,3.042142600596632,0.0,0.2414708240674092,0.5887197852134705,1.1621500253677368,53.24800137329102,0.2714405357837677
observed_test,v2_2018_482_48h,,8,PCC,A,2.832642367471356,0.0,0.5334250055826627,0.41616514325141907,1.1809749603271484,53.24800137329102,0.2632492184638977
observed_test,v2_2018_482_48h,,8,PCC,B,2.832642367471356,0.0,0.5334250055826627,0.41616514325141907,1.1809749603271484,53.24800137329102,0.2632492184638977
observed_test,v2_2018_482_48h,,8,PCC,C,2.832642367471356,0.0,0.5334250055826627,0.41616514325141907,1.1809749603271484,53.24800137329102,0.2632492184638977
observed_test,v2_2018_482_48h,,9,PCC,A,3.001451282315808,0.0,0.806220850119224,0.5137431621551514,1.1916999816894531,53.24800137329102,0.25602078437805176
observed_test,v2_2018_482_48h,,9,PCC,B,3.001451282315808,0.0,0.806220850119224,0.5137431621551514,1.1916999816894531,53.24800137329102,0.25602078437805176
observed_test,v2_2018_482_48h,,9,PCC,C,3.001451282315808,0.0,0.806220850119224,0.5137431621551514,1.1916999816894531,53.24800137329102,0.25602078437805176
observed_test,v2_2018_482_48h,,10,PCC,A,2.7932638314796385,0.0,0.8420291428382579,0.3643687963485718,1.198449969291687,53.24800137329102,0.27195778489112854
observed_test,v2_2018_482_48h,,10,PCC,B,2.7932638314796385,0.0,0.8420291428382579,0.3643687963485718,1.198449969291687,53.24800137329102,0.27195778489112854
observed_test,v2_2018_482_48h,,10,PCC,C,2.7932638314796385,0.0,0.8420291428382579,0.3643687963485718,1.198449969291687,53.24800137329102,0.27195778489112854
observed_test,v2_2018_482_48h,,11,PCC,A,2.800364056584916,0.0,1.0265541764406056,0.36136627197265625,1.2039250135421753,53.24800137329102,0.2934848368167877
observed_test,v2_2018_482_48h,,11,PCC,B,2.800364056584916,0.0,1.0265541764406056,0.36136627197265625,1.2039250135421753,53.24800137329102,0.2934848368167877
observed_test,v2_2018_482_48h,,11,PCC,C,2.800364056584916,0.0,1.0265541764406056,0.36136627197265625,1.2039250135421753,53.24800137329102,0.2934848368167877
observed_test,v2_2018_482_48h,,12,PCC,A,3.07559041577804,0.0,0.9688166471628041,0.5383059978485107,1.2077499628067017,53.24800137329102,0.3061053156852722
observed_test,v2_2018_482_48h,,12,PCC,B,3.07559041577804,0.0,0.9688166471628041,0.5383059978485107,1.2077499628067017,53.24800137329102,0.3061053156852722
observed_test,v2_2018_482_48h,,12,PCC,C,3.07559041577804,0.0,0.9688166471628041,0.5383059978485107,1.2077499628067017,53.24800137329102,0.3061053156852722
observed_test,v2_2018_482_48h,,13,PCC,A,3.179155477461487,0.0,0.709016678424982,0.6031783223152161,1.2100750207901,53.24800137329102,0.3092762529850006
observed_test,v2_2018_482_48h,,13,PCC,B,3.179155477461487,0.0,0.709016678424982,0.6031783223152161,1.2100750207901,53.24800137329102,0.3092762529850006
observed_test,v2_2018_482_48h,,13,PCC,C,3.179155477461487,0.0,0.709016678424982,0.6031783223152161,1.2100750207901,53.24800137329102,0.3092762529850006
observed_test,v2_2018_482_48h,,14,PCC,A,3.2734824228779424,0.0,0.7882125102556667,0.6654155254364014,1.2101500034332275,53.24800137329102,0.3121802508831024
observed_test,v2_2018_482_48h,,14,PCC,B,3.2734824228779424,0.0,0.7882125102556667,0.6654155254364014,1.2101500034332275,53.24800137329102,0.3121802508831024
observed_test,v2_2018_482_48h,,14,PCC,C,3.2734824228779424,0.0,0.7882125102556667,0.6654155254364014,1.2101500034332275,53.24800137329102,0.3121802508831024
observed_test,v2_2018_482_48h,,15,PCC,A,3.050339944566511,0.0,0.8032541435498457,0.5210045576095581,1.2081249952316284,53.24800137329102,0.331370085477829
observed_test,v2_2018_482_48h,,15,PCC,B,3.050339944566511,0.0,0.8032541435498457,0.5210045576095581,1.2081249952316284,53.24800137329102,0.331370085477829
observed_test,v2_2018_482_48h,,15,PCC,C,3.050339944566511,0.0,0.8032541435498457,0.5210045576095581,1.2081249952316284,53.24800137329102,0.331370085477829
observed_test,v2_2018_482_48h,,16,PCC,A,3.106817521690861,0.0,0.5977541781388795,0.5631123185157776,1.2051249742507935,53.24800137329102,0.3452150523662567
observed_test,v2_2018_482_48h,,16,PCC,B,3.106817521690861,0.0,0.5977541781388795,0.5631123185157776,1.2051249742507935,53.24800137329102,0.3452150523662567
observed_test,v2_2018_482_48h,,16,PCC,C,3.106817521690861,0.0,0.5977541781388795,0.5631123185157776,1.2051249742507935,53.24800137329102,0.3452150523662567
observed_test,v2_2018_482_48h,,17,PCC,A,3.023171054206737,0.0,0.2843208324450713,0.5185338854789734,1.1979999542236328,53.24800137329102,0.34414005279541016
observed_test,v2_2018_482_48h,,17,PCC,B,3.023171054206737,0.0,0.2843208324450713,0.5185338854789734,1.1979999542236328,53.24800137329102,0.34414005279541016
observed_test,v2_2018_482_48h,,17,PCC,C,3.023171054206737,0.0,0.2843208324450713,0.5185338854789734,1.1979999542236328,53.24800137329102,0.34414005279541016
observed_test,v2_2018_482_48h,,18,PCC,A,2.97333194276019,0.0,0.04158750033149352,0.501911997795105,1.1871249675750732,53.24800137329102,0.3426823019981384
observed_test,v2_2018_482_48h,,18,PCC,B,2.97333194276019,0.0,0.04158750033149352,0.501911997795105,1.1871249675750732,53.24800137329102,0.3426823019981384
observed_test,v2_2018_482_48h,,18,PCC,C,2.97333194276019,0.0,0.04158750033149352,0.501911997795105,1.1871249675750732,53.24800137329102,0.3426823019981384
observed_test,v2_2018_482_48h,,19,PCC,A,3.0345477741034586,0.0,0.0,0.5692486763000488,1.1708500385284424,53.24800137329102,0.3418526351451874
observed_test,v2_2018_482_48h,,19,PCC,B,3.0345477741034586,0.0,0.0,0.5692486763000488,1.1708500385284424,53.24800137329102,0.3418526351451874
observed_test,v2_2018_482_48h,,19,PCC,C,3.0345477741034586,0.0,0.0,0.5692486763000488,1.1708500385284424,53.24800137329102,0.3418526351451874
observed_test,v2_2018_482_48h,,20,PCC,A,2.856693018678142,0.0,0.0,0.458400696516037,1.1638749837875366,53.24800137329102,0.33651256561279297
observed_test,v2_2018_482_48h,,20,PCC,B,2.856693018678142,0.0,0.0,0.458400696516037,1.1638749837875366,53.24800137329102,0.33651256561279297
observed_test,v2_2018_482_48h,,20,PCC,C,2.856693018678142,0.0,0.0,0.458400696516037,1.1638749837875366,53.24800137329102,0.33651256561279297
observed_test,v2_2018_482_48h,,21,PCC,A,2.7625671095644955,0.0,0.0,0.39928483963012695,1.1601250171661377,53.24800137329102,0.3371344804763794
observed_test,v2_2018_482_48h,,21,PCC,B,2.7625671095644955,0.0,0.0,0.39928483963012695,1.1601250171661377,53.24800137329102,0.3371344804763794
observed_test,v2_2018_482_48h,,21,PCC,C,2.7625671095644955,0.0,0.0,0.39928483963012695,1.1601250171661377,53.24800137329102,0.3371344804763794
observed_test,v2_2018_482_48h,,22,PCC,A,2.704615133472533,0.0,0.0,0.3637107312679291,1.1571249961853027,53.24800137329102,0.33799830079078674
observed_test,v2_2018_482_48h,,22,PCC,B,2.704615133472533,0.0,0.0,0.3637107312679291,1.1571249961853027,53.24800137329102,0.33799830079078674
observed_test,v2_2018_482_48h,,22,PCC,C,2.704615133472533,0.0,0.0,0.3637107312679291,1.1571249961853027,53.24800137329102,0.33799830079078674
observed_test,v2_2018_482_48h,,23,PCC,A,2.6757962203392935,0.0,0.0,0.34759950637817383,1.1545000076293945,53.24800137329102,0.3385236859321594
observed_test,v2_2018_482_48h,,23,PCC,B,2.6757962203392935,0.0,0.0,0.34759950637817383,1.1545000076293945,53.24800137329102,0.3385236859321594
observed_test,v2_2018_482_48h,,23,PCC,C,2.6757962203392935,0.0,0.0,0.34759950637817383,1.1545000076293945,53.24800137329102,0.3385236859321594
observed_test,v2_2018_482_48h,,24,PCC,A,2.5949263609080027,0.0,0.0,0.29431068897247314,1.1525499820709229,53.24800137329102,0.3395809233188629
observed_test,v2_2018_482_48h,,24,PCC,B,2.5949263609080027,0.0,0.0,0.29431068897247314,1.1525499820709229,53.24800137329102,0.3395809233188629
observed_test,v2_2018_482_48h,,24,PCC,C,2.5949263609080027,0.0,0.0,0.29431068897247314,1.1525499820709229,53.24800137329102,0.3395809233188629
observed_test,v2_2018_482_48h,,25,PCC,A,2.628190629804694,0.0,0.0,0.3179371654987335,1.152174949645996,53.24800137329102,0.3408880829811096
observed_test,v2_2018_482_48h,,25,PCC,B,2.628190629804694,0.0,0.0,0.3179371654987335,1.152174949645996,53.24800137329102,0.3408880829811096
observed_test,v2_2018_482_48h,,25,PCC,C,2.628190629804694,0.0,0.0,0.3179371654987335,1.152174949645996,53.24800137329102,0.3408880829811096
observed_test,v2_2018_482_48h,,26,PCC,A,2.491377333642939,0.0,0.0,0.2232462614774704,1.1519500017166138,53.24800137329102,0.3375415503978729
observed_test,v2_2018_482_48h,,26,PCC,B,2.491377333642939,0.0,0.0,0.2232462614774704,1.1519500017166138,53.24800137329102,0.3375415503978729
observed_test,v2_2018_482_48h,,26,PCC,C,2.491377333642939,0.0,0.0,0.2232462614774704,1.1519500017166138,53.24800137329102,0.3375415503978729
observed_test,v2_2018_482_48h,,27,PCC,A,2.546573041893056,0.0,0.0,0.2633455991744995,1.1506749391555786,53.24800137329102,0.3414383828639984
observed_test,v2_2018_482_48h,,27,PCC,B,2.546573041893056,0.0,0.0,0.2633455991744995,1.1506749391555786,53.24800137329102,0.3414383828639984
observed_test,v2_2018_482_48h,,27,PCC,C,2.546573041893056,0.0,0.0,0.2633455991744995,1.1506749391555786,53.24800137329102,0.3414383828639984
observed_test,v2_2018_482_48h,,28,PCC,A,2.6066056994782514,0.0,0.0,0.3060445785522461,1.149999976158142,53.24800137329102,0.3527320623397827
observed_test,v2_2018_482_48h,,28,PCC,B,2.6066056994782514,0.0,0.0,0.3060445785522461,1.149999976158142,53.24800137329102,0.3527320623397827
observed_test,v2_2018_482_48h,,28,PCC,C,2.6066056994782514,0.0,0.0,0.3060445785522461,1.149999976158142,53.24800137329102,0.3527320623397827
observed_test,v2_2018_482_48h,,29,PCC,A,2.5772829707591067,0.0,0.0,0.2850128710269928,1.1504499912261963,53.24800137329102,0.3338092565536499
observed_test,v2_2018_482_48h,,29,PCC,B,2.5772829707591067,0.0,0.0,0.2850128710269928,1.1504499912261963,53.24800137329102,0.3338092565536499
observed_test,v2_2018_482_48h,,29,PCC,C,2.5772829707591067,0.0,0.0,0.2850128710269928,1.1504499912261963,53.24800137329102,0.3338092565536499
observed_test,v2_2018_482_48h,,30,PCC,A,2.779534476493822,0.0,0.046854165311043076,0.4131304621696472,1.1586999893188477,53.24800137329102,0.30465564131736755
observed_test,v2_2018_482_48h,,30,PCC,B,2.779534476493822,0.0,0.046854165311043076,0.4131304621696472,1.1586999893188477,53.24800137329102,0.30465564131736755
observed_test,v2_2018_482_48h,,30,PCC,C,2.779534476493822,0.0,0.046854165311043076,0.4131304621696472,1.1586999893188477,53.24800137329102,0.30465564131736755
observed_test,v2_2018_482_48h,,31,PCC,A,3.0689910812144556,0.0,0.2927708224608348,0.5887197852134705,1.1733249425888062,53.24800137329102,0.28409716486930847
observed_test,v2_2018_482_48h,,31,PCC,B,3.0689910812144556,0.0,0.2927708224608348,0.5887197852134705,1.1733249425888062,53.24800137329102,0.28409716486930847
observed_test,v2_2018_482_48h,,31,PCC,C,3.0689910812144556,0.0,0.2927708224608348,0.5887197852134705,1.1733249425888062,53.24800137329102,0.28409716486930847
observed_test,v2_2018_482_48h,,32,PCC,A,2.85183216970991,0.0,0.6052708396544823,0.41616514325141907,1.1897499561309814,53.24800137329102,0.27186769247055054
observed_test,v2_2018_482_48h,,32,PCC,B,2.85183216970991,0.0,0.6052708396544823,0.41616514325141907,1.1897499561309814,53.24800137329102,0.27186769247055054
observed_test,v2_2018_482_48h,,32,PCC,C,2.85183216970991,0.0,0.6052708396544823,0.41616514325141907,1.1897499561309814,53.24800137329102,0.27186769247055054
observed_test,v2_2018_482_48h,,33,PCC,A,3.0244819169628934,0.0,0.8580833100355587,0.5137431621551514,1.2016749382019043,53.24800137329102,0.2652413845062256
observed_test,v2_2018_482_48h,,33,PCC,B,3.0244819169628934,0.0,0.8580833100355587,0.5137431621551514,1.2016749382019043,53.24800137329102,0.2652413845062256
observed_test,v2_2018_482_48h,,33,PCC,C,3.0244819169628934,0.0,0.8580833100355587,0.5137431621551514,1.2016749382019043,53.24800137329102,0.2652413845062256
observed_test,v2_2018_482_48h,,34,PCC,A,2.8198434007090163,0.0,1.036295867883242,0.3643687963485718,1.210974931716919,53.24800137329102,0.27402129769325256
observed_test,v2_2018_482_48h,,34,PCC,B,2.8198434007090163,0.0,1.036295867883242,0.3643687963485718,1.210974931716919,53.24800137329102,0.27402129769325256
observed_test,v2_2018_482_48h,,34,PCC,C,2.8198434007090163,0.0,1.036295867883242,0.3643687963485718,1.210974931716919,53.24800137329102,0.27402129769325256
observed_test,v2_2018_482_48h,,35,PCC,A,2.830709819474123,0.0,1.1309541188753567,0.36136627197265625,1.218250036239624,53.24800137329102,0.291171669960022
observed_test,v2_2018_482_48h,,35,PCC,B,2.830709819474123,0.0,1.1309541188753567,0.36136627197265625,1.218250036239624,53.24800137329102,0.291171669960022
observed_test,v2_2018_482_48h,,35,PCC,C,2.830709819474123,0.0,1.1309541188753567,0.36136627197265625,1.218250036239624,53.24800137329102,0.291171669960022
observed_test,v2_2018_482_48h,,36,PCC,A,3.1120873033065073,0.0,1.1581166432454035,0.5383059978485107,1.223349928855896,53.24800137329102,0.3156188428401947
observed_test,v2_2018_482_48h,,36,PCC,B,3.1120873033065073,0.0,1.1581166432454035,0.5383059978485107,1.223349928855896,53.24800137329102,0.3156188428401947
observed_test,v2_2018_482_48h,,36,PCC,C,3.1120873033065073,0.0,1.1581166432454035,0.5383059978485107,1.223349928855896,53.24800137329102,0.3156188428401947
observed_test,v2_2018_482_48h,,37,PCC,A,3.2178251908916162,0.0,1.1164207871143634,0.6031783223152161,1.2260500192642212,53.24800137329102,0.32237645983695984
observed_test,v2_2018_482_48h,,37,PCC,B,3.2178251908916162,0.0,1.1164207871143634,0.6031783223152161,1.2260500192642212,53.24800137329102,0.32237645983695984
observed_test,v2_2018_482_48h,,37,PCC,C,3.2178251908916162,0.0,1.1164207871143634,0.6031783223152161,1.2260500192642212,53.24800137329102,0.32237645983695984
observed_test,v2_2018_482_48h,,38,PCC,A,3.314893947899764,0.0,0.9880541608883783,0.6654155254364014,1.2267249822616577,53.24800137329102,0.3223702907562256
observed_test,v2_2018_482_48h,,38,PCC,B,3.314893947899764,0.0,0.9880541608883783,0.6654155254364014,1.2267249822616577,53.24800137329102,0.3223702907562256
observed_test,v2_2018_482_48h,,38,PCC,C,3.314893947899764,0.0,0.9880541608883783,0.6654155254364014,1.2267249822616577,53.24800137329102,0.3223702907562256
observed_test,v2_2018_482_48h,,39,PCC,A,3.089976362606057,0.0,0.7958166874372042,0.5210045576095581,1.2252249717712402,53.24800137329102,0.34285256266593933
observed_test,v2_2018_482_48h,,39,PCC,B,3.089976362606057,0.0,0.7958166874372042,0.5210045576095581,1.2252249717712402,53.24800137329102,0.34285256266593933
observed_test,v2_2018_482_48h,,39,PCC,C,3.089976362606057,0.0,0.7958166874372042,0.5210045576095581,1.2252249717712402,53.24800137329102,0.34285256266593933
observed_test,v2_2018_482_48h,,40,PCC,A,3.1453984523140797,0.0,0.48868747857900763,0.5631123185157776,1.2214000225067139,53.24800137329102,0.34777942299842834
observed_test,v2_2018_482_48h,,40,PCC,B,3.1453984523140797,0.0,0.48868747857900763,0.5631123185157776,1.2214000225067139,53.24800137329102,0.34777942299842834
observed_test,v2_2018_482_48h,,40,PCC,C,3.1453984523140797,0.0,0.48868747857900763,0.5631123185157776,1.2214000225067139,53.24800137329102,0.34777942299842834
observed_test,v2_2018_482_48h,,41,PCC,A,3.055810387013968,0.0,0.26478750201372,0.5185338854789734,1.2121000289916992,53.24800137329102,0.3465540111064911
observed_test,v2_2018_482_48h,,41,PCC,B,3.055810387013968,0.0,0.26478750201372,0.5185338854789734,1.2121000289916992,53.24800137329102,0.3465540111064911
observed_test,v2_2018_482_48h,,41,PCC,C,3.055810387013968,0.0,0.26478750201372,0.5185338854789734,1.2121000289916992,53.24800137329102,0.3465540111064911
observed_test,v2_2018_482_48h,,42,PCC,A,3.0032692907748966,0.0,0.04223333313488043,0.501911997795105,1.2001749277114868,53.24800137329102,0.3442908227443695
observed_test,v2_2018_482_48h,,42,PCC,B,3.0032692907748966,0.0,0.04223333313488043,0.501911997795105,1.2001749277114868,53.24800137329102,0.3442908227443695
observed_test,v2_2018_482_48h,,42,PCC,C,3.0032692907748966,0.0,0.04223333313488043,0.501911997795105,1.2001749277114868,53.24800137329102,0.3442908227443695
observed_test,v2_2018_482_48h,,43,PCC,A,3.0753937345500426,0.0,0.0,0.5692486763000488,1.1880249977111816,53.24800137329102,0.34267792105674744
observed_test,v2_2018_482_48h,,43,PCC,B,3.0753937345500426,0.0,0.0,0.5692486763000488,1.1880249977111816,53.24800137329102,0.34267792105674744
observed_test,v2_2018_482_48h,,43,PCC,C,3.0753937345500426,0.0,0.0,0.5692486763000488,1.1880249977111816,53.24800137329102,0.34267792105674744
observed_test,v2_2018_482_48h,,44,PCC,A,2.899526626154614,0.0,0.0,0.458400696516037,1.1829999685287476,53.24800137329102,0.3412202000617981
observed_test,v2_2018_482_48h,,44,PCC,B,2.899526626154614,0.0,0.0,0.458400696516037,1.1829999685287476,53.24800137329102,0.3412202000617981
observed_test,v2_2018_482_48h,,44,PCC,C,2.899526626154614,0.0,0.0,0.458400696516037,1.1829999685287476,53.24800137329102,0.3412202000617981
observed_test,v2_2018_482_48h,,45,PCC,A,2.8026880586332132,0.0,0.0,0.39928483963012695,1.1786500215530396,53.24800137329102,0.33866459131240845
observed_test,v2_2018_482_48h,,45,PCC,B,2.8026880586332132,0.0,0.0,0.39928483963012695,1.1786500215530396,53.24800137329102,0.33866459131240845
observed_test,v2_2018_482_48h,,45,PCC,C,2.8026880586332132,0.0,0.0,0.39928483963012695,1.1786500215530396,53.24800137329102,0.33866459131240845
observed_test,v2_2018_482_48h,,46,PCC,A,2.7435939443964728,0.0,0.0,0.3637107312679291,1.1754999160766602,53.24800137329102,0.3380708396434784
observed_test,v2_2018_482_48h,,46,PCC,B,2.7435939443964728,0.0,0.0,0.3637107312679291,1.1754999160766602,53.24800137329102,0.3380708396434784
observed_test,v2_2018_482_48h,,46,PCC,C,2.7435939443964728,0.0,0.0,0.3637107312679291,1.1754999160766602,53.24800137329102,0.3380708396434784
observed_test,v2_2018_482_48h,,47,PCC,A,2.714877881610524,0.0,0.0,0.34759950637817383,1.1730999946594238,53.24800137329102,0.33799898624420166
observed_test,v2_2018_482_48h,,47,PCC,B,2.714877881610524,0.0,0.0,0.34759950637817383,1.1730999946594238,53.24800137329102,0.33799898624420166
observed_test,v2_2018_482_48h,,47,PCC,C,2.714877881610524,0.0,0.0,0.34759950637817383,1.1730999946594238,53.24800137329102,0.33799898624420166
observed_test,v2_2018_509_48h,,0,PCC,A,2.589738233557025,0.0,0.0,0.29431068897247314,1.149999976158142,53.24800137329102,0.3283029794692993
observed_test,v2_2018_509_48h,,0,PCC,B,2.589738233557025,0.0,0.0,0.29431068897247314,1.149999976158142,53.24800137329102,0.3283029794692993
observed_test,v2_2018_509_48h,,0,PCC,C,2.589738233557025,0.0,0.0,0.29431068897247314,1.149999976158142,53.24800137329102,0.3283029794692993
observed_test,v2_2018_509_48h,,1,PCC,A,2.6237012928594003,0.0,0.0,0.3179371654987335,1.149999976158142,34.72425106811524,0.32183223962783813
observed_test,v2_2018_509_48h,,1,PCC,B,2.6237012928594003,0.0,0.0,0.3179371654987335,1.149999976158142,34.72425106811524,0.32183223962783813
observed_test,v2_2018_509_48h,,1,PCC,C,2.6237012928594003,0.0,0.0,0.3179371654987335,1.149999976158142,34.72425106811524,0.32183223962783813
observed_test,v2_2018_509_48h,,2,PCC,A,2.4875831211508435,0.0,0.0,0.2232462614774704,1.149999976158142,34.72425106811524,0.30385276675224304
observed_test,v2_2018_509_48h,,2,PCC,B,2.4875831211508435,0.0,0.0,0.2232462614774704,1.149999976158142,34.72425106811524,0.30385276675224304
observed_test,v2_2018_509_48h,,2,PCC,C,2.4875831211508435,0.0,0.0,0.2232462614774704,1.149999976158142,34.72425106811524,0.30385276675224304
observed_test,v2_2018_509_48h,,3,PCC,A,2.5452259178952694,0.0,0.0,0.2633455991744995,1.149999976158142,53.24800137329102,0.27850639820098877
observed_test,v2_2018_509_48h,,3,PCC,B,2.5452259178952694,0.0,0.0,0.2633455991744995,1.149999976158142,53.24800137329102,0.27850639820098877
observed_test,v2_2018_509_48h,,3,PCC,C,2.5452259178952694,0.0,0.0,0.2633455991744995,1.149999976158142,53.24800137329102,0.27850639820098877
observed_test,v2_2018_509_48h,,4,PCC,A,2.6066056994782514,0.0,0.0,0.3060445785522461,1.149999976158142,53.24800137329102,0.2660975158214569
observed_test,v2_2018_509_48h,,4,PCC,B,2.6066056994782514,0.0,0.0,0.3060445785522461,1.149999976158142,53.24800137329102,0.2660975158214569
observed_test,v2_2018_509_48h,,4,PCC,C,2.6066056994782514,0.0,0.0,0.3060445785522461,1.149999976158142,53.24800137329102,0.2660975158214569
observed_test,v2_2018_509_48h,,5,PCC,A,2.5763726205374935,0.0,0.0,0.2850128710269928,1.149999976158142,53.24800137329102,0.2621997594833374
observed_test,v2_2018_509_48h,,5,PCC,B,2.5763726205374935,0.0,0.0,0.2850128710269928,1.149999976158142,53.24800137329102,0.2621997594833374
observed_test,v2_2018_509_48h,,5,PCC,C,2.5763726205374935,0.0,0.0,0.2850128710269928,1.149999976158142,53.24800137329102,0.2621997594833374
observed_test,v2_2018_509_48h,,6,PCC,A,2.7605416539868575,0.0,0.0,0.4131304621696472,1.149999976158142,121.88174847412108,0.25578537583351135
observed_test,v2_2018_509_48h,,6,PCC,B,2.7605416539868575,0.0,0.0,0.4131304621696472,1.149999976158142,121.88174847412108,0.25578537583351135
observed_test,v2_2018_509_48h,,6,PCC,C,2.7605416539868575,0.0,0.0,0.4131304621696472,1.149999976158142,121.88174847412108,0.25578537583351135
observed_test,v2_2018_509_48h,,7,PCC,A,3.0129513006293838,0.0,0.2612916609415641,0.5887197852134705,1.149999976158142,121.88174847412108,0.2414793074131012
observed_test,v2_2018_509_48h,,7,PCC,B,3.0129513006293838,0.0,0.2612916609415641,0.5887197852134705,1.149999976158142,121.88174847412108,0.2414793074131012
observed_test,v2_2018_509_48h,,7,PCC,C,3.0129513006293838,0.0,0.2612916609415641,0.5887197852134705,1.149999976158142,121.88174847412108,0.2414793074131012
observed_test,v2_2018_509_48h,,8,PCC,A,2.7649040079514635,0.0,0.6569750033892118,0.41616514325141907,1.149999976158142,121.88174847412108,0.23656603693962097
observed_test,v2_2018_509_48h,,8,PCC,B,2.7649040079514635,0.0,0.6569750033892118,0.41616514325141907,1.149999976158142,121.88174847412108,0.23656603693962097
observed_test,v2_2018_509_48h,,8,PCC,C,2.7649040079514635,0.0,0.6569750033892118,0.41616514325141907,1.149999976158142,121.88174847412108,0.23656603693962097
observed_test,v2_2018_509_48h,,9,PCC,A,2.9051724072175276,0.0,0.9361499777207007,0.5137431621551514,1.149999976158142,121.88174847412108,0.23691198229789734
observed_test,v2_2018_509_48h,,9,PCC,B,2.9051724072175276,0.0,0.9361499777207007,0.5137431621551514,1.149999976158142,121.88174847412108,0.23691198229789734
observed_test,v2_2018_509_48h,,9,PCC,C,2.9051724072175276,0.0,0.9361499777207007,0.5137431621551514,1.149999976158142,121.88174847412108,0.23691198229789734
observed_test,v2_2018_509_48h,,10,PCC,A,2.6904467608222724,0.0,1.1640708033855145,0.3643687963485718,1.149999976158142,53.24800137329102,0.24951933324337006
observed_test,v2_2018_509_48h,,10,PCC,B,2.6904467608222724,0.0,1.1640708033855145,0.3643687963485718,1.149999976158142,53.24800137329102,0.24951933324337006
observed_test,v2_2018_509_48h,,10,PCC,C,2.6904467608222724,0.0,1.1640708033855145,0.3643687963485718,1.149999976158142,53.24800137329102,0.24951933324337006
observed_test,v2_2018_509_48h,,11,PCC,A,2.686130632121376,0.0,1.2692041121996365,0.36136627197265625,1.149999976158142,53.24800137329102,0.2664293944835663
observed_test,v2_2018_509_48h,,11,PCC,B,2.686130632121376,0.0,1.2692041121996365,0.36136627197265625,1.149999976158142,53.24800137329102,0.2664293944835663
observed_test,v2_2018_509_48h,,11,PCC,C,2.686130632121376,0.0,1.2692041121996365,0.36136627197265625,1.149999976158142,53.24800137329102,0.2664293944835663
observed_test,v2_2018_509_48h,,12,PCC,A,2.940481482794702,0.0,1.2726875451894906,0.5383059978485107,1.149999976158142,34.72425106811524,0.2777911424636841
observed_test,v2_2018_509_48h,,12,PCC,B,2.940481482794702,0.0,1.2726875451894906,0.5383059978485107,1.149999976158142,34.72425106811524,0.2777911424636841
observed_test,v2_2018_509_48h,,12,PCC,C,2.940481482794702,0.0,1.2726875451894906,0.5383059978485107,1.149999976158142,34.72425106811524,0.2777911424636841
observed_test,v2_2018_509_48h,,13,PCC,A,3.033735447282245,0.0,1.1883167120126576,0.6031783223152161,1.149999976158142,34.72425106811524,0.27098700404167175
observed_test,v2_2018_509_48h,,13,PCC,B,3.033735447282245,0.0,1.1883167120126576,0.6031783223152161,1.149999976158142,34.72425106811524,0.27098700404167175
observed_test,v2_2018_509_48h,,13,PCC,C,3.033735447282245,0.0,1.1883167120126576,0.6031783223152161,1.149999976158142,34.72425106811524,0.27098700404167175
observed_test,v2_2018_509_48h,,14,PCC,A,3.1232014249141358,0.0,1.02835836318823,0.6654155254364014,1.149999976158142,34.72425106811524,0.25144168734550476
observed_test,v2_2018_509_48h,,14,PCC,B,3.1232014249141358,0.0,1.02835836318823,0.6654155254364014,1.149999976158142,34.72425106811524,0.25144168734550476
observed_test,v2_2018_509_48h,,14,PCC,C,3.1232014249141358,0.0,1.02835836318823,0.6654155254364014,1.149999976158142,34.72425106811524,0.25144168734550476
observed_test,v2_2018_509_48h,,15,PCC,A,2.915610662966831,0.0,0.7799250002090746,0.5210045576095581,1.149999976158142,34.72425106811524,0.2531518042087555
observed_test,v2_2018_509_48h,,15,PCC,B,2.915610662966831,0.0,0.7799250002090746,0.5210045576095581,1.149999976158142,34.72425106811524,0.2531518042087555
observed_test,v2_2018_509_48h,,15,PCC,C,2.915610662966831,0.0,0.7799250002090746,0.5210045576095581,1.149999976158142,34.72425106811524,0.2531518042087555
observed_test,v2_2018_509_48h,,16,PCC,A,2.9761405680146122,0.0,0.4337458369823602,0.5631123185157776,1.149999976158142,53.24800137329102,0.2589070200920105
observed_test,v2_2018_509_48h,,16,PCC,B,2.9761405680146122,0.0,0.4337458369823602,0.5631123185157776,1.149999976158142,53.24800137329102,0.2589070200920105
observed_test,v2_2018_509_48h,,16,PCC,C,2.9761405680146122,0.0,0.4337458369823602,0.5631123185157776,1.149999976158142,53.24800137329102,0.2589070200920105
observed_test,v2_2018_509_48h,,17,PCC,A,2.912059071852747,0.0,0.06636666993682201,0.5185338854789734,1.149999976158142,53.24800137329102,0.2724916338920593
observed_test,v2_2018_509_48h,,17,PCC,B,2.912059071852747,0.0,0.06636666993682201,0.5185338854789734,1.149999976158142,53.24800137329102,0.2724916338920593
observed_test,v2_2018_509_48h,,17,PCC,C,2.912059071852747,0.0,0.06636666993682201,0.5185338854789734,1.149999976158142,53.24800137329102,0.2724916338920593
observed_test,v2_2018_509_48h,,18,PCC,A,2.888165108802557,0.0,0.0,0.501911997795105,1.149999976158142,53.24800137329102,0.2840218245983124
observed_test,v2_2018_509_48h,,18,PCC,B,2.888165108802557,0.0,0.0,0.501911997795105,1.149999976158142,53.24800137329102,0.2840218245983124
observed_test,v2_2018_509_48h,,18,PCC,C,2.888165108802557,0.0,0.0,0.501911997795105,1.149999976158142,53.24800137329102,0.2840218245983124
observed_test,v2_2018_509_48h,,19,PCC,A,2.9849615821466244,0.0,0.0,0.5692486763000488,1.149999976158142,53.24800137329102,0.28442564606666565
observed_test,v2_2018_509_48h,,19,PCC,B,2.9849615821466244,0.0,0.0,0.5692486763000488,1.149999976158142,53.24800137329102,0.28442564606666565
observed_test,v2_2018_509_48h,,19,PCC,C,2.9849615821466244,0.0,0.0,0.5692486763000488,1.149999976158142,53.24800137329102,0.28442564606666565
observed_test,v2_2018_509_48h,,20,PCC,A,2.825617614510635,0.0,0.0,0.458400696516037,1.149999976158142,53.24800137329102,0.2950979769229889
observed_test,v2_2018_509_48h,,20,PCC,B,2.825617614510635,0.0,0.0,0.458400696516037,1.149999976158142,53.24800137329102,0.2950979769229889
observed_test,v2_2018_509_48h,,20,PCC,C,2.825617614510635,0.0,0.0,0.458400696516037,1.149999976158142,53.24800137329102,0.2950979769229889
observed_test,v2_2018_509_48h,,21,PCC,A,2.740638571998929,0.0,0.0,0.39928483963012695,1.149999976158142,53.24800137329102,0.29421675205230713
observed_test,v2_2018_509_48h,,21,PCC,B,2.740638571998929,0.0,0.0,0.39928483963012695,1.149999976158142,53.24800137329102,0.29421675205230713
observed_test,v2_2018_509_48h,,21,PCC,C,2.740638571998929,0.0,0.0,0.39928483963012695,1.149999976158142,53.24800137329102,0.29421675205230713
observed_test,v2_2018_509_48h,,22,PCC,A,2.689500792288461,0.0,0.0,0.3637107312679291,1.149999976158142,53.24800137329102,0.297757089138031
observed_test,v2_2018_509_48h,,22,PCC,B,2.689500792288461,0.0,0.0,0.3637107312679291,1.149999976158142,53.24800137329102,0.297757089138031
observed_test,v2_2018_509_48h,,22,PCC,C,2.689500792288461,0.0,0.0,0.3637107312679291,1.149999976158142,53.24800137329102,0.297757089138031
observed_test,v2_2018_509_48h,,23,PCC,A,2.666340906989589,0.0,0.0,0.34759950637817383,1.149999976158142,53.24800137329102,0.3050990402698517
observed_test,v2_2018_509_48h,,23,PCC,B,2.666340906989589,0.0,0.0,0.34759950637817383,1.149999976158142,53.24800137329102,0.3050990402698517
observed_test,v2_2018_509_48h,,23,PCC,C,2.666340906989589,0.0,0.0,0.34759950637817383,1.149999976158142,53.24800137329102,0.3050990402698517
observed_test,v2_2018_509_48h,,24,PCC,A,2.589738233557025,0.0,0.0,0.29431068897247314,1.149999976158142,53.24800137329102,0.30887773633003235
observed_test,v2_2018_509_48h,,24,PCC,B,2.589738233557025,0.0,0.0,0.29431068897247314,1.149999976158142,53.24800137329102,0.30887773633003235
observed_test,v2_2018_509_48h,,24,PCC,C,2.589738233557025,0.0,0.0,0.29431068897247314,1.149999976158142,53.24800137329102,0.30887773633003235
observed_test,v2_2018_509_48h,,25,PCC,A,2.6237012928594003,0.0,0.0,0.3179371654987335,1.149999976158142,34.72425106811524,0.30848458409309387
observed_test,v2_2018_509_48h,,25,PCC,B,2.6237012928594003,0.0,0.0,0.3179371654987335,1.149999976158142,34.72425106811524,0.30848458409309387
observed_test,v2_2018_509_48h,,25,PCC,C,2.6237012928594003,0.0,0.0,0.3179371654987335,1.149999976158142,34.72425106811524,0.30848458409309387
observed_test,v2_2018_509_48h,,26,PCC,A,2.4875831211508435,0.0,0.0,0.2232462614774704,1.149999976158142,34.72425106811524,0.29789969325065613
observed_test,v2_2018_509_48h,,26,PCC,B,2.4875831211508435,0.0,0.0,0.2232462614774704,1.149999976158142,34.72425106811524,0.29789969325065613
observed_test,v2_2018_509_48h,,26,PCC,C,2.4875831211508435,0.0,0.0,0.2232462614774704,1.149999976158142,34.72425106811524,0.29789969325065613
observed_test,v2_2018_509_48h,,27,PCC,A,2.5452259178952694,0.0,0.0,0.2633455991744995,1.149999976158142,53.24800137329102,0.2821500599384308
observed_test,v2_2018_509_48h,,27,PCC,B,2.5452259178952694,0.0,0.0,0.2633455991744995,1.149999976158142,53.24800137329102,0.2821500599384308
observed_test,v2_2018_509_48h,,27,PCC,C,2.5452259178952694,0.0,0.0,0.2633455991744995,1.149999976158142,53.24800137329102,0.2821500599384308
observed_test,v2_2018_509_48h,,28,PCC,A,2.6066056994782514,0.0,0.0,0.3060445785522461,1.149999976158142,53.24800137329102,0.2802436947822571
observed_test,v2_2018_509_48h,,28,PCC,B,2.6066056994782514,0.0,0.0,0.3060445785522461,1.149999976158142,53.24800137329102,0.2802436947822571
observed_test,v2_2018_509_48h,,28,PCC,C,2.6066056994782514,0.0,0.0,0.3060445785522461,1.149999976158142,53.24800137329102,0.2802436947822571
observed_test,v2_2018_509_48h,,29,PCC,A,2.5763726205374935,0.0,0.0,0.2850128710269928,1.149999976158142,53.24800137329102,0.2548019289970398
observed_test,v2_2018_509_48h,,29,PCC,B,2.5763726205374935,0.0,0.0,0.2850128710269928,1.149999976158142,53.24800137329102,0.2548019289970398
observed_test,v2_2018_509_48h,,29,PCC,C,2.5763726205374935,0.0,0.0,0.2850128710269928,1.149999976158142,53.24800137329102,0.2548019289970398
observed_test,v2_2018_509_48h,,30,PCC,A,2.7605416539868575,0.0,0.0,0.4131304621696472,1.149999976158142,121.88174847412108,0.23749005794525146
observed_test,v2_2018_509_48h,,30,PCC,B,2.7605416539868575,0.0,0.0,0.4131304621696472,1.149999976158142,121.88174847412108,0.23749005794525146
observed_test,v2_2018_509_48h,,30,PCC,C,2.7605416539868575,0.0,0.0,0.4131304621696472,1.149999976158142,121.88174847412108,0.23749005794525146
observed_test,v2_2018_509_48h,,31,PCC,A,3.0129513006293838,0.0,0.26870000247771925,0.5887197852134705,1.149999976158142,121.88174847412108,0.21759577095508575
observed_test,v2_2018_509_48h,,31,PCC,B,3.0129513006293838,0.0,0.26870000247771925,0.5887197852134705,1.149999976158142,121.88174847412108,0.21759577095508575
observed_test,v2_2018_509_48h,,31,PCC,C,3.0129513006293838,0.0,0.26870000247771925,0.5887197852134705,1.149999976158142,121.88174847412108,0.21759577095508575
observed_test,v2_2018_509_48h,,32,PCC,A,2.7649040079514635,0.0,0.6493166662179506,0.41616514325141907,1.149999976158142,121.88174847412108,0.20714296400547028
observed_test,v2_2018_509_48h,,32,PCC,B,2.7649040079514635,0.0,0.6493166662179506,0.41616514325141907,1.149999976158142,121.88174847412108,0.20714296400547028
observed_test,v2_2018_509_48h,,32,PCC,C,2.7649040079514635,0.0,0.6493166662179506,0.41616514325141907,1.149999976158142,121.88174847412108,0.20714296400547028
observed_test,v2_2018_509_48h,,33,PCC,A,2.9051724072175276,0.0,0.9366583365660447,0.5137431621551514,1.149999976158142,121.88174847412108,0.21006016433238983
observed_test,v2_2018_509_48h,,33,PCC,B,2.9051724072175276,0.0,0.9366583365660447,0.5137431621551514,1.149999976158142,121.88174847412108,0.21006016433238983
observed_test,v2_2018_509_48h,,33,PCC,C,2.9051724072175276,0.0,0.9366583365660447,0.5137431621551514,1.149999976158142,121.88174847412108,0.21006016433238983
observed_test,v2_2018_509_48h,,34,PCC,A,2.6904467608222724,0.0,1.1230916931078982,0.3643687963485718,1.149999976158142,53.24800137329102,0.23078852891921997
observed_test,v2_2018_509_48h,,34,PCC,B,2.6904467608222724,0.0,1.1230916931078982,0.3643687963485718,1.149999976158142,53.24800137329102,0.23078852891921997
observed_test,v2_2018_509_48h,,34,PCC,C,2.6904467608222724,0.0,1.1230916931078982,0.3643687963485718,1.149999976158142,53.24800137329102,0.23078852891921997
observed_test,v2_2018_509_48h,,35,PCC,A,2.686130632121376,0.0,1.2181499829659093,0.36136627197265625,1.149999976158142,53.24800137329102,0.2465364784002304
observed_test,v2_2018_509_48h,,35,PCC,B,2.686130632121376,0.0,1.2181499829659093,0.36136627197265625,1.149999976158142,53.24800137329102,0.2465364784002304
observed_test,v2_2018_509_48h,,35,PCC,C,2.686130632121376,0.0,1.2181499829659093,0.36136627197265625,1.149999976158142,53.24800137329102,0.2465364784002304
observed_test,v2_2018_509_48h,,36,PCC,A,2.940481482794702,0.0,1.2306333734438968,0.5383059978485107,1.149999976158142,34.72425106811524,0.2510838210582733
observed_test,v2_2018_509_48h,,36,PCC,B,2.940481482794702,0.0,1.2306333734438968,0.5383059978485107,1.149999976158142,34.72425106811524,0.2510838210582733
observed_test,v2_2018_509_48h,,36,PCC,C,2.940481482794702,0.0,1.2306333734438968,0.5383059978485107,1.149999976158142,34.72425106811524,0.2510838210582733
observed_test,v2_2018_509_48h,,37,PCC,A,3.033735447282245,0.0,1.1592333133404071,0.6031783223152161,1.149999976158142,34.72425106811524,0.2372344434261322
observed_test,v2_2018_509_48h,,37,PCC,B,3.033735447282245,0.0,1.1592333133404071,0.6031783223152161,1.149999976158142,34.72425106811524,0.2372344434261322
observed_test,v2_2018_509_48h,,37,PCC,C,3.033735447282245,0.0,1.1592333133404071,0.6031783223152161,1.149999976158142,34.72425106811524,0.2372344434261322
observed_test,v2_2018_509_48h,,38,PCC,A,3.123763442935555,0.0,1.0012208269192622,0.6654155254364014,1.1502249240875244,34.72425106811524,0.22046156227588654
observed_test,v2_2018_509_48h,,38,PCC,B,3.123763442935555,0.0,1.0012208269192622,0.6654155254364014,1.1502249240875244,34.72425106811524,0.22046156227588654
observed_test,v2_2018_509_48h,,38,PCC,C,3.123763442935555,0.0,1.0012208269192622,0.6654155254364014,1.1502249240875244,34.72425106811524,0.22046156227588654
observed_test,v2_2018_509_48h,,39,PCC,A,2.915610662966831,0.0,0.7547541879690609,0.5210045576095581,1.149999976158142,34.72425106811524,0.21257410943508148
observed_test,v2_2018_509_48h,,39,PCC,B,2.915610662966831,0.0,0.7547541879690609,0.5210045576095581,1.149999976158142,34.72425106811524,0.21257410943508148
observed_test,v2_2018_509_48h,,39,PCC,C,2.915610662966831,0.0,0.7547541879690609,0.5210045576095581,1.149999976158142,34.72425106811524,0.21257410943508148
observed_test,v2_2018_509_48h,,40,PCC,A,2.9761405680146122,0.0,0.40694165688294626,0.5631123185157776,1.149999976158142,53.24800137329102,0.21133701503276825
observed_test,v2_2018_509_48h,,40,PCC,B,2.9761405680146122,0.0,0.40694165688294626,0.5631123185157776,1.149999976158142,53.24800137329102,0.21133701503276825
observed_test,v2_2018_509_48h,,40,PCC,C,2.9761405680146122,0.0,0.40694165688294626,0.5631123185157776,1.149999976158142,53.24800137329102,0.21133701503276825
observed_test,v2_2018_509_48h,,41,PCC,A,2.912059071852747,0.0,0.05749583315963928,0.5185338854789734,1.149999976158142,53.24800137329102,0.21489055454730988
observed_test,v2_2018_509_48h,,41,PCC,B,2.912059071852747,0.0,0.05749583315963928,0.5185338854789734,1.149999976158142,53.24800137329102,0.21489055454730988
observed_test,v2_2018_509_48h,,41,PCC,C,2.912059071852747,0.0,0.05749583315963928,0.5185338854789734,1.149999976158142,53.24800137329102,0.21489055454730988
observed_test,v2_2018_509_48h,,42,PCC,A,2.888165108802557,0.0,0.0,0.501911997795105,1.149999976158142,53.24800137329102,0.21920259296894073
observed_test,v2_2018_509_48h,,42,PCC,B,2.888165108802557,0.0,0.0,0.501911997795105,1.149999976158142,53.24800137329102,0.21920259296894073
observed_test,v2_2018_509_48h,,42,PCC,C,2.888165108802557,0.0,0.0,0.501911997795105,1.149999976158142,53.24800137329102,0.21920259296894073
observed_test,v2_2018_509_48h,,43,PCC,A,2.9849615821466244,0.0,0.0,0.5692486763000488,1.149999976158142,53.24800137329102,0.23164419829845428
observed_test,v2_2018_509_48h,,43,PCC,B,2.9849615821466244,0.0,0.0,0.5692486763000488,1.149999976158142,53.24800137329102,0.23164419829845428
observed_test,v2_2018_509_48h,,43,PCC,C,2.9849615821466244,0.0,0.0,0.5692486763000488,1.149999976158142,53.24800137329102,0.23164419829845428
observed_test,v2_2018_509_48h,,44,PCC,A,2.825617614510635,0.0,0.0,0.458400696516037,1.149999976158142,53.24800137329102,0.24770797789096832
observed_test,v2_2018_509_48h,,44,PCC,B,2.825617614510635,0.0,0.0,0.458400696516037,1.149999976158142,53.24800137329102,0.24770797789096832
observed_test,v2_2018_509_48h,,44,PCC,C,2.825617614510635,0.0,0.0,0.458400696516037,1.149999976158142,53.24800137329102,0.24770797789096832
observed_test,v2_2018_509_48h,,45,PCC,A,2.740638571998929,0.0,0.0,0.39928483963012695,1.149999976158142,53.24800137329102,0.2684735953807831
observed_test,v2_2018_509_48h,,45,PCC,B,2.740638571998929,0.0,0.0,0.39928483963012695,1.149999976158142,53.24800137329102,0.2684735953807831
observed_test,v2_2018_509_48h,,45,PCC,C,2.740638571998929,0.0,0.0,0.39928483963012695,1.149999976158142,53.24800137329102,0.2684735953807831
observed_test,v2_2018_509_48h,,46,PCC,A,2.689500792288461,0.0,0.0,0.3637107312679291,1.149999976158142,53.24800137329102,0.2757553458213806
observed_test,v2_2018_509_48h,,46,PCC,B,2.689500792288461,0.0,0.0,0.3637107312679291,1.149999976158142,53.24800137329102,0.2757553458213806
observed_test,v2_2018_509_48h,,46,PCC,C,2.689500792288461,0.0,0.0,0.3637107312679291,1.149999976158142,53.24800137329102,0.2757553458213806
observed_test,v2_2018_509_48h,,47,PCC,A,2.666340906989589,0.0,0.0,0.34759950637817383,1.149999976158142,53.24800137329102,0.2743472754955292
observed_test,v2_2018_509_48h,,47,PCC,B,2.666340906989589,0.0,0.0,0.34759950637817383,1.149999976158142,53.24800137329102,0.2743472754955292
observed_test,v2_2018_509_48h,,47,PCC,C,2.666340906989589,0.0,0.0,0.34759950637817383,1.149999976158142,53.24800137329102,0.2743472754955292
observed_test,v2_2018_417_48h,,0,PCC,A,2.589738233557025,0.0,0.0,0.29431068897247314,1.149999976158142,53.24800137329102,0.3240935206413269
observed_test,v2_2018_417_48h,,0,PCC,B,2.589738233557025,0.0,0.0,0.29431068897247314,1.149999976158142,53.24800137329102,0.3240935206413269
observed_test,v2_2018_417_48h,,0,PCC,C,2.589738233557025,0.0,0.0,0.29431068897247314,1.149999976158142,53.24800137329102,0.3240935206413269
observed_test,v2_2018_417_48h,,1,PCC,A,2.6237012928594003,0.0,0.0,0.3179371654987335,1.149999976158142,34.72425106811524,0.3257555365562439
observed_test,v2_2018_417_48h,,1,PCC,B,2.6237012928594003,0.0,0.0,0.3179371654987335,1.149999976158142,34.72425106811524,0.3257555365562439
observed_test,v2_2018_417_48h,,1,PCC,C,2.6237012928594003,0.0,0.0,0.3179371654987335,1.149999976158142,34.72425106811524,0.3257555365562439
observed_test,v2_2018_417_48h,,2,PCC,A,2.4875831211508435,0.0,0.0,0.2232462614774704,1.149999976158142,34.72425106811524,0.331983745098114
observed_test,v2_2018_417_48h,,2,PCC,B,2.4875831211508435,0.0,0.0,0.2232462614774704,1.149999976158142,34.72425106811524,0.331983745098114
observed_test,v2_2018_417_48h,,2,PCC,C,2.4875831211508435,0.0,0.0,0.2232462614774704,1.149999976158142,34.72425106811524,0.331983745098114
observed_test,v2_2018_417_48h,,3,PCC,A,2.5452259178952694,0.0,0.0,0.2633455991744995,1.149999976158142,53.24800137329102,0.33688339591026306
observed_test,v2_2018_417_48h,,3,PCC,B,2.5452259178952694,0.0,0.0,0.2633455991744995,1.149999976158142,53.24800137329102,0.33688339591026306
observed_test,v2_2018_417_48h,,3,PCC,C,2.5452259178952694,0.0,0.0,0.2633455991744995,1.149999976158142,53.24800137329102,0.33688339591026306
observed_test,v2_2018_417_48h,,4,PCC,A,2.6066056994782514,0.0,0.0,0.3060445785522461,1.149999976158142,53.24800137329102,0.31151601672172546
observed_test,v2_2018_417_48h,,4,PCC,B,2.6066056994782514,0.0,0.0,0.3060445785522461,1.149999976158142,53.24800137329102,0.31151601672172546
observed_test,v2_2018_417_48h,,4,PCC,C,2.6066056994782514,0.0,0.0,0.3060445785522461,1.149999976158142,53.24800137329102,0.31151601672172546
observed_test,v2_2018_417_48h,,5,PCC,A,2.5763726205374935,0.0,0.0,0.2850128710269928,1.149999976158142,53.24800137329102,0.29745304584503174
observed_test,v2_2018_417_48h,,5,PCC,B,2.5763726205374935,0.0,0.0,0.2850128710269928,1.149999976158142,53.24800137329102,0.29745304584503174
observed_test,v2_2018_417_48h,,5,PCC,C,2.5763726205374935,0.0,0.0,0.2850128710269928,1.149999976158142,53.24800137329102,0.29745304584503174
observed_test,v2_2018_417_48h,,6,PCC,A,2.7605416539868575,0.0,0.02869583415583922,0.4131304621696472,1.149999976158142,121.88174847412108,0.28338560461997986
observed_test,v2_2018_417_48h,,6,PCC,B,2.7605416539868575,0.0,0.02869583415583922,0.4131304621696472,1.149999976158142,121.88174847412108,0.28338560461997986
observed_test,v2_2018_417_48h,,6,PCC,C,2.7605416539868575,0.0,0.02869583415583922,0.4131304621696472,1.149999976158142,121.88174847412108,0.28338560461997986
observed_test,v2_2018_417_48h,,7,PCC,A,3.0129513006293838,0.0,0.2581916749477386,0.5887197852134705,1.149999976158142,121.88174847412108,0.28136149048805237
observed_test,v2_2018_417_48h,,7,PCC,B,3.0129513006293838,0.0,0.2581916749477386,0.5887197852134705,1.149999976158142,121.88174847412108,0.28136149048805237
observed_test,v2_2018_417_48h,,7,PCC,C,3.0129513006293838,0.0,0.2581916749477386,0.5887197852134705,1.149999976158142,121.88174847412108,0.28136149048805237
observed_test,v2_2018_417_48h,,8,PCC,A,2.7649040079514635,0.0,0.705941651876156,0.41616514325141907,1.149999976158142,121.88174847412108,0.28054937720298767
observed_test,v2_2018_417_48h,,8,PCC,B,2.7649040079514635,0.0,0.705941651876156,0.41616514325141907,1.149999976158142,121.88174847412108,0.28054937720298767
observed_test,v2_2018_417_48h,,8,PCC,C,2.7649040079514635,0.0,0.705941651876156,0.41616514325141907,1.149999976158142,121.88174847412108,0.28054937720298767
observed_test,v2_2018_417_48h,,9,PCC,A,2.9051724072175276,0.0,0.9025958295051867,0.5137431621551514,1.149999976158142,121.88174847412108,0.2806977927684784
observed_test,v2_2018_417_48h,,9,PCC,B,2.9051724072175276,0.0,0.9025958295051867,0.5137431621551514,1.149999976158142,121.88174847412108,0.2806977927684784
observed_test,v2_2018_417_48h,,9,PCC,C,2.9051724072175276,0.0,0.9025958295051867,0.5137431621551514,1.149999976158142,121.88174847412108,0.2806977927684784
observed_test,v2_2018_417_48h,,10,PCC,A,2.6904467608222724,0.0,1.2545374723581166,0.3643687963485718,1.149999976158142,53.24800137329102,0.2847466468811035
observed_test,v2_2018_417_48h,,10,PCC,B,2.6904467608222724,0.0,1.2545374723581166,0.3643687963485718,1.149999976158142,53.24800137329102,0.2847466468811035
observed_test,v2_2018_417_48h,,10,PCC,C,2.6904467608222724,0.0,1.2545374723581166,0.3643687963485718,1.149999976158142,53.24800137329102,0.2847466468811035
observed_test,v2_2018_417_48h,,11,PCC,A,2.686130632121376,0.0,1.3785083706562336,0.36136627197265625,1.149999976158142,53.24800137329102,0.30140700936317444
observed_test,v2_2018_417_48h,,11,PCC,B,2.686130632121376,0.0,1.3785083706562336,0.36136627197265625,1.149999976158142,53.24800137329102,0.30140700936317444
observed_test,v2_2018_417_48h,,11,PCC,C,2.686130632121376,0.0,1.3785083706562336,0.36136627197265625,1.149999976158142,53.24800137329102,0.30140700936317444
observed_test,v2_2018_417_48h,,12,PCC,A,2.940481482794702,0.0,1.416700046796065,0.5383059978485107,1.149999976158142,34.72425106811524,0.30838295817375183
observed_test,v2_2018_417_48h,,12,PCC,B,2.940481482794702,0.0,1.416700046796065,0.5383059978485107,1.149999976158142,34.72425106811524,0.30838295817375183
observed_test,v2_2018_417_48h,,12,PCC,C,2.940481482794702,0.0,1.416700046796065,0.5383059978485107,1.149999976158142,34.72425106811524,0.30838295817375183
observed_test,v2_2018_417_48h,,13,PCC,A,3.033735447282245,0.0,1.3586416840553284,0.6031783223152161,1.149999976158142,34.72425106811524,0.28811511397361755
observed_test,v2_2018_417_48h,,13,PCC,B,3.033735447282245,0.0,1.3586416840553284,0.6031783223152161,1.149999976158142,34.72425106811524,0.28811511397361755
observed_test,v2_2018_417_48h,,13,PCC,C,3.033735447282245,0.0,1.3586416840553284,0.6031783223152161,1.149999976158142,34.72425106811524,0.28811511397361755
observed_test,v2_2018_417_48h,,14,PCC,A,3.1232014249141358,0.0,1.2130999794373145,0.6654155254364014,1.149999976158142,34.72425106811524,0.27196237444877625
observed_test,v2_2018_417_48h,,14,PCC,B,3.1232014249141358,0.0,1.2130999794373145,0.6654155254364014,1.149999976158142,34.72425106811524,0.27196237444877625
observed_test,v2_2018_417_48h,,14,PCC,C,3.1232014249141358,0.0,1.2130999794373145,0.6654155254364014,1.149999976158142,34.72425106811524,0.27196237444877625
observed_test,v2_2018_417_48h,,15,PCC,A,2.915610662966831,0.0,0.9863832822212806,0.5210045576095581,1.149999976158142,34.72425106811524,0.2654355466365814
observed_test,v2_2018_417_48h,,15,PCC,B,2.915610662966831,0.0,0.9863832822212806,0.5210045576095581,1.149999976158142,34.72425106811524,0.2654355466365814
observed_test,v2_2018_417_48h,,15,PCC,C,2.915610662966831,0.0,0.9863832822212806,0.5210045576095581,1.149999976158142,34.72425106811524,0.2654355466365814
observed_test,v2_2018_417_48h,,16,PCC,A,2.9761405680146122,0.0,0.6686708101859459,0.5631123185157776,1.149999976158142,53.24800137329102,0.2577410638332367
observed_test,v2_2018_417_48h,,16,PCC,B,2.9761405680146122,0.0,0.6686708101859459,0.5631123185157776,1.149999976158142,53.24800137329102,0.2577410638332367
observed_test,v2_2018_417_48h,,16,PCC,C,2.9761405680146122,0.0,0.6686708101859459,0.5631123185157776,1.149999976158142,53.24800137329102,0.2577410638332367
observed_test,v2_2018_417_48h,,17,PCC,A,2.912059071852747,0.0,0.3063916586912595,0.5185338854789734,1.149999976158142,53.24800137329102,0.25563478469848633
observed_test,v2_2018_417_48h,,17,PCC,B,2.912059071852747,0.0,0.3063916586912595,0.5185338854789734,1.149999976158142,53.24800137329102,0.25563478469848633
observed_test,v2_2018_417_48h,,17,PCC,C,2.912059071852747,0.0,0.3063916586912595,0.5185338854789734,1.149999976158142,53.24800137329102,0.25563478469848633
observed_test,v2_2018_417_48h,,18,PCC,A,2.888165108802557,0.0,0.043995832451261006,0.501911997795105,1.149999976158142,53.24800137329102,0.2592598795890808
observed_test,v2_2018_417_48h,,18,PCC,B,2.888165108802557,0.0,0.043995832451261006,0.501911997795105,1.149999976158142,53.24800137329102,0.2592598795890808
observed_test,v2_2018_417_48h,,18,PCC,C,2.888165108802557,0.0,0.043995832451261006,0.501911997795105,1.149999976158142,53.24800137329102,0.2592598795890808
observed_test,v2_2018_417_48h,,19,PCC,A,2.9849615821466244,0.0,0.0,0.5692486763000488,1.149999976158142,53.24800137329102,0.2766875922679901
observed_test,v2_2018_417_48h,,19,PCC,B,2.9849615821466244,0.0,0.0,0.5692486763000488,1.149999976158142,53.24800137329102,0.2766875922679901
observed_test,v2_2018_417_48h,,19,PCC,C,2.9849615821466244,0.0,0.0,0.5692486763000488,1.149999976158142,53.24800137329102,0.2766875922679901
observed_test,v2_2018_417_48h,,20,PCC,A,2.825617614510635,0.0,0.0,0.458400696516037,1.149999976158142,53.24800137329102,0.29759371280670166
observed_test,v2_2018_417_48h,,20,PCC,B,2.825617614510635,0.0,0.0,0.458400696516037,1.149999976158142,53.24800137329102,0.29759371280670166
observed_test,v2_2018_417_48h,,20,PCC,C,2.825617614510635,0.0,0.0,0.458400696516037,1.149999976158142,53.24800137329102,0.29759371280670166
observed_test,v2_2018_417_48h,,21,PCC,A,2.740638571998929,0.0,0.0,0.39928483963012695,1.149999976158142,53.24800137329102,0.29918307065963745
observed_test,v2_2018_417_48h,,21,PCC,B,2.740638571998929,0.0,0.0,0.39928483963012695,1.149999976158142,53.24800137329102,0.29918307065963745
observed_test,v2_2018_417_48h,,21,PCC,C,2.740638571998929,0.0,0.0,0.39928483963012695,1.149999976158142,53.24800137329102,0.29918307065963745
observed_test,v2_2018_417_48h,,22,PCC,A,2.689500792288461,0.0,0.0,0.3637107312679291,1.149999976158142,53.24800137329102,0.2935025990009308
observed_test,v2_2018_417_48h,,22,PCC,B,2.689500792288461,0.0,0.0,0.3637107312679291,1.149999976158142,53.24800137329102,0.2935025990009308
observed_test,v2_2018_417_48h,,22,PCC,C,2.689500792288461,0.0,0.0,0.3637107312679291,1.149999976158142,53.24800137329102,0.2935025990009308
observed_test,v2_2018_417_48h,,23,PCC,A,2.666340906989589,0.0,0.0,0.34759950637817383,1.149999976158142,53.24800137329102,0.28960120677948
observed_test,v2_2018_417_48h,,23,PCC,B,2.666340906989589,0.0,0.0,0.34759950637817383,1.149999976158142,53.24800137329102,0.28960120677948
observed_test,v2_2018_417_48h,,23,PCC,C,2.666340906989589,0.0,0.0,0.34759950637817383,1.149999976158142,53.24800137329102,0.28960120677948
observed_test,v2_2018_417_48h,,24,PCC,A,2.589738233557025,0.0,0.0,0.29431068897247314,1.149999976158142,53.24800137329102,0.2904060482978821
observed_test,v2_2018_417_48h,,24,PCC,B,2.589738233557025,0.0,0.0,0.29431068897247314,1.149999976158142,53.24800137329102,0.2904060482978821
observed_test,v2_2018_417_48h,,24,PCC,C,2.589738233557025,0.0,0.0,0.29431068897247314,1.149999976158142,53.24800137329102,0.2904060482978821
observed_test,v2_2018_417_48h,,25,PCC,A,2.6237012928594003,0.0,0.0,0.3179371654987335,1.149999976158142,34.72425106811524,0.296613872051239
observed_test,v2_2018_417_48h,,25,PCC,B,2.6237012928594003,0.0,0.0,0.3179371654987335,1.149999976158142,34.72425106811524,0.296613872051239
observed_test,v2_2018_417_48h,,25,PCC,C,2.6237012928594003,0.0,0.0,0.3179371654987335,1.149999976158142,34.72425106811524,0.296613872051239
observed_test,v2_2018_417_48h,,26,PCC,A,2.4875831211508435,0.0,0.0,0.2232462614774704,1.149999976158142,34.72425106811524,0.3104727864265442
observed_test,v2_2018_417_48h,,26,PCC,B,2.4875831211508435,0.0,0.0,0.2232462614774704,1.149999976158142,34.72425106811524,0.3104727864265442
observed_test,v2_2018_417_48h,,26,PCC,C,2.4875831211508435,0.0,0.0,0.2232462614774704,1.149999976158142,34.72425106811524,0.3104727864265442
observed_test,v2_2018_417_48h,,27,PCC,A,2.5452259178952694,0.0,0.0,0.2633455991744995,1.149999976158142,53.24800137329102,0.33049213886260986
observed_test,v2_2018_417_48h,,27,PCC,B,2.5452259178952694,0.0,0.0,0.2633455991744995,1.149999976158142,53.24800137329102,0.33049213886260986
observed_test,v2_2018_417_48h,,27,PCC,C,2.5452259178952694,0.0,0.0,0.2633455991744995,1.149999976158142,53.24800137329102,0.33049213886260986
observed_test,v2_2018_417_48h,,28,PCC,A,2.6066056994782514,0.0,0.0,0.3060445785522461,1.149999976158142,53.24800137329102,0.3265937566757202
observed_test,v2_2018_417_48h,,28,PCC,B,2.6066056994782514,0.0,0.0,0.3060445785522461,1.149999976158142,53.24800137329102,0.3265937566757202
observed_test,v2_2018_417_48h,,28,PCC,C,2.6066056994782514,0.0,0.0,0.3060445785522461,1.149999976158142,53.24800137329102,0.3265937566757202
observed_test,v2_2018_417_48h,,29,PCC,A,2.5763726205374935,0.0,0.0,0.2850128710269928,1.149999976158142,53.24800137329102,0.32408881187438965
observed_test,v2_2018_417_48h,,29,PCC,B,2.5763726205374935,0.0,0.0,0.2850128710269928,1.149999976158142,53.24800137329102,0.32408881187438965
observed_test,v2_2018_417_48h,,29,PCC,C,2.5763726205374935,0.0,0.0,0.2850128710269928,1.149999976158142,53.24800137329102,0.32408881187438965
observed_test,v2_2018_417_48h,,30,PCC,A,2.7605416539868575,0.0,0.05896250144220316,0.4131304621696472,1.149999976158142,121.88174847412108,0.30246126651763916
observed_test,v2_2018_417_48h,,30,PCC,B,2.7605416539868575,0.0,0.05896250144220316,0.4131304621696472,1.149999976158142,121.88174847412108,0.30246126651763916
observed_test,v2_2018_417_48h,,30,PCC,C,2.7605416539868575,0.0,0.05896250144220316,0.4131304621696472,1.149999976158142,121.88174847412108,0.30246126651763916
observed_test,v2_2018_417_48h,,31,PCC,A,3.0129513006293838,0.0,0.2768458368686529,0.5887197852134705,1.149999976158142,121.88174847412108,0.2702350914478302
observed_test,v2_2018_417_48h,,31,PCC,B,3.0129513006293838,0.0,0.2768458368686529,0.5887197852134705,1.149999976158142,121.88174847412108,0.2702350914478302
observed_test,v2_2018_417_48h,,31,PCC,C,3.0129513006293838,0.0,0.2768458368686529,0.5887197852134705,1.149999976158142,121.88174847412108,0.2702350914478302
observed_test,v2_2018_417_48h,,32,PCC,A,2.7649040079514635,0.0,0.5969249858306004,0.41616514325141907,1.149999976158142,121.88174847412108,0.26409101486206055
observed_test,v2_2018_417_48h,,32,PCC,B,2.7649040079514635,0.0,0.5969249858306004,0.41616514325141907,1.149999976158142,121.88174847412108,0.26409101486206055
observed_test,v2_2018_417_48h,,32,PCC,C,2.7649040079514635,0.0,0.5969249858306004,0.41616514325141907,1.149999976158142,121.88174847412108,0.26409101486206055
observed_test,v2_2018_417_48h,,33,PCC,A,2.907250437854574,0.0,0.9364458230825571,0.5137431621551514,1.1509000062942505,121.88174847412108,0.2646627426147461
observed_test,v2_2018_417_48h,,33,PCC,B,2.907250437854574,0.0,0.9364458230825571,0.5137431621551514,1.1509000062942505,121.88174847412108,0.2646627426147461
observed_test,v2_2018_417_48h,,33,PCC,C,2.907250437854574,0.0,0.9364458230825571,0.5137431621551514,1.1509000062942505,121.88174847412108,0.2646627426147461
observed_test,v2_2018_417_48h,,34,PCC,A,2.7260986030936514,0.0,1.1315124539228585,0.3643687963485718,1.1668000221252441,53.24800137329102,0.2743819057941437
observed_test,v2_2018_417_48h,,34,PCC,B,2.7260986030936514,0.0,1.1315124539228585,0.3643687963485718,1.1668000221252441,53.24800137329102,0.2743819057941437
observed_test,v2_2018_417_48h,,34,PCC,C,2.7260986030936514,0.0,1.1315124539228585,0.3643687963485718,1.1668000221252441,53.24800137329102,0.2743819057941437
observed_test,v2_2018_417_48h,,35,PCC,A,2.7484108236261213,0.0,1.239004158056699,0.36136627197265625,1.1793999671936035,53.24800137329102,0.2967167794704437
observed_test,v2_2018_417_48h,,35,PCC,B,2.7484108236261213,0.0,1.239004158056699,0.36136627197265625,1.1793999671936035,53.24800137329102,0.2967167794704437
observed_test,v2_2018_417_48h,,35,PCC,C,2.7484108236261213,0.0,1.239004158056699,0.36136627197265625,1.1793999671936035,53.24800137329102,0.2967167794704437
observed_test,v2_2018_417_48h,,36,PCC,A,3.028565483383133,0.0,1.2732041569856496,0.5383059978485107,1.1876499652862549,34.72425106811524,0.30099955201148987
observed_test,v2_2018_417_48h,,36,PCC,B,3.028565483383133,0.0,1.2732041569856496,0.5383059978485107,1.1876499652862549,34.72425106811524,0.30099955201148987
observed_test,v2_2018_417_48h,,36,PCC,C,3.028565483383133,0.0,1.2732041569856496,0.5383059978485107,1.1876499652862549,34.72425106811524,0.30099955201148987
observed_test,v2_2018_417_48h,,37,PCC,A,3.1352206485811895,0.0,1.2219874904705927,0.6031783223152161,1.1919249296188354,34.72425106811524,0.27176740765571594
observed_test,v2_2018_417_48h,,37,PCC,B,3.1352206485811895,0.0,1.2219874904705927,0.6031783223152161,1.1919249296188354,34.72425106811524,0.27176740765571594
observed_test,v2_2018_417_48h,,37,PCC,C,3.1352206485811895,0.0,1.2219874904705927,0.6031783223152161,1.1919249296188354,34.72425106811524,0.27176740765571594
observed_test,v2_2018_417_48h,,38,PCC,A,3.22888523555771,0.0,1.1135416535230782,0.6654155254364014,1.1922999620437622,34.72425106811524,0.250858336687088
observed_test,v2_2018_417_48h,,38,PCC,B,3.22888523555771,0.0,1.1135416535230782,0.6654155254364014,1.1922999620437622,34.72425106811524,0.250858336687088
observed_test,v2_2018_417_48h,,38,PCC,C,3.22888523555771,0.0,1.1135416535230782,0.6654155254364014,1.1922999620437622,34.72425106811524,0.250858336687088
observed_test,v2_2018_417_48h,,39,PCC,A,3.005835910784453,0.0,0.9123041652716122,0.5210045576095581,1.18892502784729,34.72425106811524,0.24566330015659332
observed_test,v2_2018_417_48h,,39,PCC,B,3.005835910784453,0.0,0.9123041652716122,0.5210045576095581,1.18892502784729,34.72425106811524,0.24566330015659332
observed_test,v2_2018_417_48h,,39,PCC,C,3.005835910784453,0.0,0.9123041652716122,0.5210045576095581,1.18892502784729,34.72425106811524,0.24566330015659332
observed_test,v2_2018_417_48h,,40,PCC,A,3.0504575713333146,0.0,0.6269833216300377,0.5631123185157776,1.1813499927520752,53.24800137329102,0.2558567225933075
observed_test,v2_2018_417_48h,,40,PCC,B,3.0504575713333146,0.0,0.6269833216300377,0.5631123185157776,1.1813499927520752,53.24800137329102,0.2558567225933075
observed_test,v2_2018_417_48h,,40,PCC,C,3.0504575713333146,0.0,0.6269833216300377,0.5631123185157776,1.1813499927520752,53.24800137329102,0.2558567225933075
observed_test,v2_2018_417_48h,,41,PCC,A,2.957545519795026,0.0,0.2915166604977387,0.5185338854789734,1.1696499586105347,53.24800137329102,0.26320913434028625
observed_test,v2_2018_417_48h,,41,PCC,B,2.957545519795026,0.0,0.2915166604977387,0.5185338854789734,1.1696499586105347,53.24800137329102,0.26320913434028625
observed_test,v2_2018_417_48h,,41,PCC,C,2.957545519795026,0.0,0.2915166604977387,0.5185338854789734,1.1696499586105347,53.24800137329102,0.26320913434028625
observed_test,v2_2018_417_48h,,42,PCC,A,2.9120805843278936,0.0,0.04336250086243335,0.501911997795105,1.1604249477386475,53.24800137329102,0.2816186845302582
observed_test,v2_2018_417_48h,,42,PCC,B,2.9120805843278936,0.0,0.04336250086243335,0.501911997795105,1.1604249477386475,53.24800137329102,0.2816186845302582
observed_test,v2_2018_417_48h,,42,PCC,C,2.9120805843278936,0.0,0.04336250086243335,0.501911997795105,1.1604249477386475,53.24800137329102,0.2816186845302582
observed_test,v2_2018_417_48h,,43,PCC,A,2.9901341639334,0.0,0.0,0.5692486763000488,1.152174949645996,53.24800137329102,0.29727253317832947
observed_test,v2_2018_417_48h,,43,PCC,B,2.9901341639334,0.0,0.0,0.5692486763000488,1.152174949645996,53.24800137329102,0.29727253317832947
observed_test,v2_2018_417_48h,,43,PCC,C,2.9901341639334,0.0,0.0,0.5692486763000488,1.152174949645996,53.24800137329102,0.29727253317832947
observed_test,v2_2018_417_48h,,44,PCC,A,2.825617614510635,0.0,0.0,0.458400696516037,1.149999976158142,53.24800137329102,0.30820977687835693
observed_test,v2_2018_417_48h,,44,PCC,B,2.825617614510635,0.0,0.0,0.458400696516037,1.149999976158142,53.24800137329102,0.30820977687835693
observed_test,v2_2018_417_48h,,44,PCC,C,2.825617614510635,0.0,0.0,0.458400696516037,1.149999976158142,53.24800137329102,0.30820977687835693
observed_test,v2_2018_417_48h,,45,PCC,A,2.740638571998929,0.0,0.0,0.39928483963012695,1.149999976158142,53.24800137329102,0.31189200282096863
observed_test,v2_2018_417_48h,,45,PCC,B,2.740638571998929,0.0,0.0,0.39928483963012695,1.149999976158142,53.24800137329102,0.31189200282096863
observed_test,v2_2018_417_48h,,45,PCC,C,2.740638571998929,0.0,0.0,0.39928483963012695,1.149999976158142,53.24800137329102,0.31189200282096863
observed_test,v2_2018_417_48h,,46,PCC,A,2.689500792288461,0.0,0.0,0.3637107312679291,1.149999976158142,53.24800137329102,0.30508312582969666
observed_test,v2_2018_417_48h,,46,PCC,B,2.689500792288461,0.0,0.0,0.3637107312679291,1.149999976158142,53.24800137329102,0.30508312582969666
observed_test,v2_2018_417_48h,,46,PCC,C,2.689500792288461,0.0,0.0,0.3637107312679291,1.149999976158142,53.24800137329102,0.30508312582969666
observed_test,v2_2018_417_48h,,47,PCC,A,2.666340906989589,0.0,0.0,0.34759950637817383,1.149999976158142,53.24800137329102,0.3041776418685913
observed_test,v2_2018_417_48h,,47,PCC,B,2.666340906989589,0.0,0.0,0.34759950637817383,1.149999976158142,53.24800137329102,0.3041776418685913
observed_test,v2_2018_417_48h,,47,PCC,C,2.666340906989589,0.0,0.0,0.34759950637817383,1.149999976158142,53.24800137329102,0.3041776418685913
observed_test,v2_2018_493_48h,,0,PCC,A,2.6239188515480456,0.0,0.0,0.29431068897247314,1.1668000221252441,53.24800137329102,0.31429949402809143
observed_test,v2_2018_493_48h,,0,PCC,B,2.6239188515480456,0.0,0.0,0.29431068897247314,1.1668000221252441,53.24800137329102,0.31429949402809143
observed_test,v2_2018_493_48h,,0,PCC,C,2.6239188515480456,0.0,0.0,0.29431068897247314,1.1668000221252441,53.24800137329102,0.31429949402809143
observed_test,v2_2018_493_48h,,1,PCC,A,2.6593066929139293,0.0,0.0,0.3179371654987335,1.1672499179840088,53.24800137329102,0.3190944790840149
observed_test,v2_2018_493_48h,,1,PCC,B,2.6593066929139293,0.0,0.0,0.3179371654987335,1.1672499179840088,53.24800137329102,0.3190944790840149
observed_test,v2_2018_493_48h,,1,PCC,C,2.6593066929139293,0.0,0.0,0.3179371654987335,1.1672499179840088,53.24800137329102,0.3190944790840149
observed_test,v2_2018_493_48h,,2,PCC,A,2.5226061750231987,0.0,0.0,0.2232462614774704,1.1679999828338623,53.24800137329102,0.3179285526275635
observed_test,v2_2018_493_48h,,2,PCC,B,2.5226061750231987,0.0,0.0,0.2232462614774704,1.1679999828338623,53.24800137329102,0.3179285526275635
observed_test,v2_2018_493_48h,,2,PCC,C,2.5226061750231987,0.0,0.0,0.2232462614774704,1.1679999828338623,53.24800137329102,0.3179285526275635
observed_test,v2_2018_493_48h,,3,PCC,A,2.581151207200423,0.0,0.0,0.2633455991744995,1.1679999828338623,53.24800137329102,0.3199610114097595
observed_test,v2_2018_493_48h,,3,PCC,B,2.581151207200423,0.0,0.0,0.2633455991744995,1.1679999828338623,53.24800137329102,0.3199610114097595
observed_test,v2_2018_493_48h,,3,PCC,C,2.581151207200423,0.0,0.0,0.2633455991744995,1.1679999828338623,53.24800137329102,0.3199610114097595
observed_test,v2_2018_493_48h,,4,PCC,A,2.64272319133363,0.0,0.0,0.3060445785522461,1.1676249504089355,53.24800137329102,0.30600374937057495
observed_test,v2_2018_493_48h,,4,PCC,B,2.64272319133363,0.0,0.0,0.3060445785522461,1.1676249504089355,53.24800137329102,0.30600374937057495
observed_test,v2_2018_493_48h,,4,PCC,C,2.64272319133363,0.0,0.0,0.3060445785522461,1.1676249504089355,53.24800137329102,0.30600374937057495
observed_test,v2_2018_493_48h,,5,PCC,A,2.6115717037287753,0.0,0.0,0.2850128710269928,1.1674000024795532,53.24800137329102,0.2811015546321869
observed_test,v2_2018_493_48h,,5,PCC,B,2.6115717037287753,0.0,0.0,0.2850128710269928,1.1674000024795532,53.24800137329102,0.2811015546321869
observed_test,v2_2018_493_48h,,5,PCC,C,2.6115717037287753,0.0,0.0,0.2850128710269928,1.1674000024795532,53.24800137329102,0.2811015546321869
observed_test,v2_2018_493_48h,,6,PCC,A,2.8003281832274785,0.0,0.003587500004169459,0.4131304621696472,1.1682249307632446,53.24800137329102,0.2562400698661804
observed_test,v2_2018_493_48h,,6,PCC,B,2.8003281832274785,0.0,0.003587500004169459,0.4131304621696472,1.1682249307632446,53.24800137329102,0.2562400698661804
observed_test,v2_2018_493_48h,,6,PCC,C,2.8003281832274785,0.0,0.003587500004169459,0.4131304621696472,1.1682249307632446,53.24800137329102,0.2562400698661804
observed_test,v2_2018_493_48h,,7,PCC,A,3.061423030054406,0.0,0.03185833159547585,0.5887197852134705,1.1701749563217163,53.24800137329102,0.24238398671150208
observed_test,v2_2018_493_48h,,7,PCC,B,3.061423030054406,0.0,0.03185833159547585,0.5887197852134705,1.1701749563217163,53.24800137329102,0.24238398671150208
observed_test,v2_2018_493_48h,,7,PCC,C,3.061423030054406,0.0,0.03185833159547585,0.5887197852134705,1.1701749563217163,53.24800137329102,0.24238398671150208
observed_test,v2_2018_493_48h,,8,PCC,A,2.816404942767805,0.0,0.04922083507363612,0.41616514325141907,1.173550009727478,53.24800137329102,0.23888331651687622
observed_test,v2_2018_493_48h,,8,PCC,B,2.816404942767805,0.0,0.04922083507363612,0.41616514325141907,1.173550009727478,53.24800137329102,0.23888331651687622
observed_test,v2_2018_493_48h,,8,PCC,C,2.816404942767805,0.0,0.04922083507363612,0.41616514325141907,1.173550009727478,53.24800137329102,0.23888331651687622
observed_test,v2_2018_493_48h,,9,PCC,A,2.9687232631077882,0.0,0.08463749948602456,0.5137431621551514,1.1775249242782593,53.24800137329102,0.25215375423431396
observed_test,v2_2018_493_48h,,9,PCC,B,2.9687232631077882,0.0,0.08463749948602456,0.5137431621551514,1.1775249242782593,53.24800137329102,0.25215375423431396
observed_test,v2_2018_493_48h,,9,PCC,C,2.9687232631077882,0.0,0.08463749948602456,0.5137431621551514,1.1775249242782593,53.24800137329102,0.25215375423431396
observed_test,v2_2018_493_48h,,10,PCC,A,2.7568163755024684,0.0,0.25911250939735997,0.3643687963485718,1.1812750101089478,53.24800137329102,0.2698062062263489
observed_test,v2_2018_493_48h,,10,PCC,B,2.7568163755024684,0.0,0.25911250939735997,0.3643687963485718,1.1812750101089478,53.24800137329102,0.2698062062263489
observed_test,v2_2018_493_48h,,10,PCC,C,2.7568163755024684,0.0,0.25911250939735997,0.3643687963485718,1.1812750101089478,53.24800137329102,0.2698062062263489
observed_test,v2_2018_493_48h,,11,PCC,A,2.7587380347019916,0.0,0.20632917204728493,0.36136627197265625,1.1842750310897827,53.24800137329102,0.28875672817230225
observed_test,v2_2018_493_48h,,11,PCC,B,2.7587380347019916,0.0,0.20632917204728493,0.36136627197265625,1.1842750310897827,53.24800137329102,0.28875672817230225
observed_test,v2_2018_493_48h,,11,PCC,C,2.7587380347019916,0.0,0.20632917204728493,0.36136627197265625,1.1842750310897827,53.24800137329102,0.28875672817230225
observed_test,v2_2018_493_48h,,12,PCC,A,3.0247052839342365,0.0,0.12401666205662946,0.5383059978485107,1.1859999895095825,53.24800137329102,0.3051593005657196
observed_test,v2_2018_493_48h,,12,PCC,B,3.0247052839342365,0.0,0.12401666205662946,0.5383059978485107,1.1859999895095825,53.24800137329102,0.3051593005657196
observed_test,v2_2018_493_48h,,12,PCC,C,3.0247052839342365,0.0,0.12401666205662946,0.5383059978485107,1.1859999895095825,53.24800137329102,0.3051593005657196
observed_test,v2_2018_493_48h,,13,PCC,A,3.11960767387184,0.0,0.09828333098154801,0.6031783223152161,1.1854749917984009,53.24800137329102,0.32414522767066956
observed_test,v2_2018_493_48h,,13,PCC,B,3.11960767387184,0.0,0.09828333098154801,0.6031783223152161,1.1854749917984009,53.24800137329102,0.32414522767066956
observed_test,v2_2018_493_48h,,13,PCC,C,3.11960767387184,0.0,0.09828333098154801,0.6031783223152161,1.1854749917984009,53.24800137329102,0.32414522767066956
observed_test,v2_2018_493_48h,,14,PCC,A,3.2063994514755145,0.0,0.0665375031530857,0.6654155254364014,1.1833000183105469,53.24800137329102,0.33393537998199463
observed_test,v2_2018_493_48h,,14,PCC,B,3.2063994514755145,0.0,0.0665375031530857,0.6654155254364014,1.1833000183105469,53.24800137329102,0.33393537998199463
observed_test,v2_2018_493_48h,,14,PCC,C,3.2063994514755145,0.0,0.0665375031530857,0.6654155254364014,1.1833000183105469,53.24800137329102,0.33393537998199463
observed_test,v2_2018_493_48h,,15,PCC,A,2.9872344675413687,0.0,0.06649166775437501,0.5210045576095581,1.180899977684021,53.24800137329102,0.33610498905181885
observed_test,v2_2018_493_48h,,15,PCC,B,2.9872344675413687,0.0,0.06649166775437501,0.5210045576095581,1.180899977684021,53.24800137329102,0.33610498905181885
observed_test,v2_2018_493_48h,,15,PCC,C,2.9872344675413687,0.0,0.06649166775437501,0.5210045576095581,1.180899977684021,53.24800137329102,0.33610498905181885
observed_test,v2_2018_493_48h,,16,PCC,A,3.0437013516714218,0.0,0.04955416616912071,0.5631123185157776,1.1784999370574951,53.24800137329102,0.3331435024738312
observed_test,v2_2018_493_48h,,16,PCC,B,3.0437013516714218,0.0,0.04955416616912071,0.5631123185157776,1.1784999370574951,53.24800137329102,0.3331435024738312
observed_test,v2_2018_493_48h,,16,PCC,C,3.0437013516714218,0.0,0.04955416616912071,0.5631123185157776,1.1784999370574951,53.24800137329102,0.3331435024738312
observed_test,v2_2018_493_48h,,17,PCC,A,2.9724763312610456,0.0,0.07918333061612569,0.5185338854789734,1.1761000156402588,53.24800137329102,0.33335667848587036
observed_test,v2_2018_493_48h,,17,PCC,B,2.9724763312610456,0.0,0.07918333061612569,0.5185338854789734,1.1761000156402588,53.24800137329102,0.33335667848587036
observed_test,v2_2018_493_48h,,17,PCC,C,2.9724763312610456,0.0,0.07918333061612569,0.5185338854789734,1.1761000156402588,53.24800137329102,0.33335667848587036
observed_test,v2_2018_493_48h,,18,PCC,A,2.944426954811213,0.0,0.003691666643135249,0.501911997795105,1.1745250225067139,53.24800137329102,0.33116862177848816
observed_test,v2_2018_493_48h,,18,PCC,B,2.944426954811213,0.0,0.003691666643135249,0.501911997795105,1.1745250225067139,53.24800137329102,0.33116862177848816
observed_test,v2_2018_493_48h,,18,PCC,C,2.944426954811213,0.0,0.003691666643135249,0.501911997795105,1.1745250225067139,53.24800137329102,0.33116862177848816
observed_test,v2_2018_493_48h,,19,PCC,A,3.0420391581064052,0.0,0.0,0.5692486763000488,1.1740000247955322,53.24800137329102,0.3232167661190033
observed_test,v2_2018_493_48h,,19,PCC,B,3.0420391581064052,0.0,0.0,0.5692486763000488,1.1740000247955322,53.24800137329102,0.3232167661190033
observed_test,v2_2018_493_48h,,19,PCC,C,3.0420391581064052,0.0,0.0,0.5692486763000488,1.1740000247955322,53.24800137329102,0.3232167661190033
observed_test,v2_2018_493_48h,,20,PCC,A,2.879537680529374,0.0,0.0,0.458400696516037,1.1740750074386597,53.24800137329102,0.3166375756263733
observed_test,v2_2018_493_48h,,20,PCC,B,2.879537680529374,0.0,0.0,0.458400696516037,1.1740750074386597,53.24800137329102,0.3166375756263733
observed_test,v2_2018_493_48h,,20,PCC,C,2.879537680529374,0.0,0.0,0.458400696516037,1.1740750074386597,53.24800137329102,0.3166375756263733
observed_test,v2_2018_493_48h,,21,PCC,A,2.794891273963259,0.0,0.0,0.39928483963012695,1.1750500202178955,53.24800137329102,0.31091925501823425
observed_test,v2_2018_493_48h,,21,PCC,B,2.794891273963259,0.0,0.0,0.39928483963012695,1.1750500202178955,53.24800137329102,0.31091925501823425
observed_test,v2_2018_493_48h,,21,PCC,C,2.794891273963259,0.0,0.0,0.39928483963012695,1.1750500202178955,53.24800137329102,0.31091925501823425
observed_test,v2_2018_493_48h,,22,PCC,A,2.7451850607733603,0.0,0.0,0.3637107312679291,1.1762499809265137,53.24800137329102,0.3104761242866516
observed_test,v2_2018_493_48h,,22,PCC,B,2.7451850607733603,0.0,0.0,0.3637107312679291,1.1762499809265137,53.24800137329102,0.3104761242866516
observed_test,v2_2018_493_48h,,22,PCC,C,2.7451850607733603,0.0,0.0,0.3637107312679291,1.1762499809265137,53.24800137329102,0.3104761242866516
observed_test,v2_2018_493_48h,,23,PCC,A,2.7257514042952047,0.0,0.0,0.34759950637817383,1.1782749891281128,53.24800137329102,0.3111721873283386
observed_test,v2_2018_493_48h,,23,PCC,B,2.7257514042952047,0.0,0.0,0.34759950637817383,1.1782749891281128,53.24800137329102,0.3111721873283386
observed_test,v2_2018_493_48h,,23,PCC,C,2.7257514042952047,0.0,0.0,0.34759950637817383,1.1782749891281128,53.24800137329102,0.3111721873283386
observed_test,v2_2018_493_48h,,24,PCC,A,2.652605987023071,0.0,0.0,0.29431068897247314,1.180899977684021,53.24800137329102,0.30889201164245605
observed_test,v2_2018_493_48h,,24,PCC,B,2.652605987023071,0.0,0.0,0.29431068897247314,1.180899977684021,53.24800137329102,0.30889201164245605
observed_test,v2_2018_493_48h,,24,PCC,C,2.652605987023071,0.0,0.0,0.29431068897247314,1.180899977684021,53.24800137329102,0.30889201164245605
observed_test,v2_2018_493_48h,,25,PCC,A,2.6915066436221786,0.0,0.0,0.3179371654987335,1.1828500032424927,34.72425106811524,0.3114953935146332
observed_test,v2_2018_493_48h,,25,PCC,B,2.6915066436221786,0.0,0.0,0.3179371654987335,1.1828500032424927,34.72425106811524,0.3114953935146332
observed_test,v2_2018_493_48h,,25,PCC,C,2.6915066436221786,0.0,0.0,0.3179371654987335,1.1828500032424927,34.72425106811524,0.3114953935146332
observed_test,v2_2018_493_48h,,26,PCC,A,2.553689120838137,0.0,0.0,0.2232462614774704,1.1839749813079834,34.72425106811524,0.30886760354042053
observed_test,v2_2018_493_48h,,26,PCC,B,2.553689120838137,0.0,0.0,0.2232462614774704,1.1839749813079834,34.72425106811524,0.30886760354042053
observed_test,v2_2018_493_48h,,26,PCC,C,2.553689120838137,0.0,0.0,0.2232462614774704,1.1839749813079834,34.72425106811524,0.30886760354042053
observed_test,v2_2018_493_48h,,27,PCC,A,2.6134838486132104,0.0,0.0,0.2633455991744995,1.1841999292373657,34.72425106811524,0.31217098236083984
observed_test,v2_2018_493_48h,,27,PCC,B,2.6134838486132104,0.0,0.0,0.2633455991744995,1.1841999292373657,34.72425106811524,0.31217098236083984
observed_test,v2_2018_493_48h,,27,PCC,C,2.6134838486132104,0.0,0.0,0.2633455991744995,1.1841999292373657,34.72425106811524,0.31217098236083984
observed_test,v2_2018_493_48h,,28,PCC,A,2.676535352949107,0.0,0.0,0.3060445785522461,1.1841249465942383,34.72425106811524,0.2956193685531616
observed_test,v2_2018_493_48h,,28,PCC,B,2.676535352949107,0.0,0.0,0.3060445785522461,1.1841249465942383,34.72425106811524,0.2956193685531616
observed_test,v2_2018_493_48h,,28,PCC,C,2.676535352949107,0.0,0.0,0.3060445785522461,1.1841249465942383,34.72425106811524,0.2956193685531616
observed_test,v2_2018_493_48h,,29,PCC,A,2.6443431059449636,0.0,0.0,0.2850128710269928,1.1835999488830566,34.72425106811524,0.25929492712020874
observed_test,v2_2018_493_48h,,29,PCC,B,2.6443431059449636,0.0,0.0,0.2850128710269928,1.1835999488830566,34.72425106811524,0.25929492712020874
observed_test,v2_2018_493_48h,,29,PCC,C,2.6443431059449636,0.0,0.0,0.2850128710269928,1.1835999488830566,34.72425106811524,0.25929492712020874
observed_test,v2_2018_493_48h,,30,PCC,A,2.8368403301934992,0.0,0.013058333514401546,0.4131304621696472,1.1849499940872192,53.24800137329102,0.23812608420848846
observed_test,v2_2018_493_48h,,30,PCC,B,2.8368403301934992,0.0,0.013058333514401546,0.4131304621696472,1.1849499940872192,53.24800137329102,0.23812608420848846
observed_test,v2_2018_493_48h,,30,PCC,C,2.8368403301934992,0.0,0.013058333514401546,0.4131304621696472,1.1849499940872192,53.24800137329102,0.23812608420848846
observed_test,v2_2018_493_48h,,31,PCC,A,3.1066514726441117,0.0,0.14935833616898608,0.5887197852134705,1.1890000104904175,53.24800137329102,0.2374788075685501
observed_test,v2_2018_493_48h,,31,PCC,B,3.1066514726441117,0.0,0.14935833616898608,0.5887197852134705,1.1890000104904175,53.24800137329102,0.2374788075685501
observed_test,v2_2018_493_48h,,31,PCC,C,3.1066514726441117,0.0,0.14935833616898608,0.5887197852134705,1.1890000104904175,53.24800137329102,0.2374788075685501
observed_test,v2_2018_493_48h,,32,PCC,A,2.861673167464334,0.0,0.13339583976910663,0.41616514325141907,1.1942499876022339,53.24800137329102,0.2384095937013626
observed_test,v2_2018_493_48h,,32,PCC,B,2.861673167464334,0.0,0.13339583976910663,0.41616514325141907,1.1942499876022339,53.24800137329102,0.2384095937013626
observed_test,v2_2018_493_48h,,32,PCC,C,2.861673167464334,0.0,0.13339583976910663,0.41616514325141907,1.1942499876022339,53.24800137329102,0.2384095937013626
observed_test,v2_2018_493_48h,,33,PCC,A,3.0222307629787344,0.0,0.2715833198565703,0.5137431621551514,1.2006999254226685,53.24800137329102,0.24782107770442963
observed_test,v2_2018_493_48h,,33,PCC,B,3.0222307629787344,0.0,0.2715833198565703,0.5137431621551514,1.2006999254226685,53.24800137329102,0.24782107770442963
observed_test,v2_2018_493_48h,,33,PCC,C,3.0222307629787344,0.0,0.2715833198565703,0.5137431621551514,1.2006999254226685,53.24800137329102,0.24782107770442963
observed_test,v2_2018_493_48h,,34,PCC,A,2.8123631140105907,0.0,0.8582750192055335,0.3643687963485718,1.207450032234192,53.24800137329102,0.27238571643829346
observed_test,v2_2018_493_48h,,34,PCC,B,2.8123631140105907,0.0,0.8582750192055335,0.3643687963485718,1.207450032234192,53.24800137329102,0.27238571643829346
observed_test,v2_2018_493_48h,,34,PCC,C,2.8123631140105907,0.0,0.8582750192055335,0.3643687963485718,1.207450032234192,53.24800137329102,0.27238571643829346
observed_test,v2_2018_493_48h,,35,PCC,A,2.8186348488223607,0.0,0.7286374958661885,0.36136627197265625,1.2125499248504639,53.24800137329102,0.2993454933166504
observed_test,v2_2018_493_48h,,35,PCC,B,2.8186348488223607,0.0,0.7286374958661885,0.36136627197265625,1.2125499248504639,53.24800137329102,0.2993454933166504
observed_test,v2_2018_493_48h,,35,PCC,C,2.8186348488223607,0.0,0.7286374958661885,0.36136627197265625,1.2125499248504639,53.24800137329102,0.2993454933166504
observed_test,v2_2018_493_48h,,36,PCC,A,3.0931371572221074,0.0,0.8265666663646698,0.5383059978485107,1.215250015258789,53.24800137329102,0.3172948658466339
observed_test,v2_2018_493_48h,,36,PCC,B,3.0931371572221074,0.0,0.8265666663646698,0.5383059978485107,1.215250015258789,53.24800137329102,0.3172948658466339
observed_test,v2_2018_493_48h,,36,PCC,C,3.0931371572221074,0.0,0.8265666663646698,0.5383059978485107,1.215250015258789,53.24800137329102,0.3172948658466339
observed_test,v2_2018_493_48h,,37,PCC,A,3.1936791278902064,0.0,1.0726999778013961,0.6031783223152161,1.2160749435424805,53.24800137329102,0.3176347613334656
observed_test,v2_2018_493_48h,,37,PCC,B,3.1936791278902064,0.0,1.0726999778013961,0.6031783223152161,1.2160749435424805,53.24800137329102,0.3176347613334656
observed_test,v2_2018_493_48h,,37,PCC,C,3.1936791278902064,0.0,1.0726999778013961,0.6031783223152161,1.2160749435424805,53.24800137329102,0.3176347613334656
observed_test,v2_2018_493_48h,,38,PCC,A,3.287348810277637,0.0,0.8142000207534202,0.6654155254364014,1.2157000303268433,53.24800137329102,0.30647626519203186
observed_test,v2_2018_493_48h,,38,PCC,B,3.287348810277637,0.0,0.8142000207534202,0.6654155254364014,1.2157000303268433,53.24800137329102,0.30647626519203186
observed_test,v2_2018_493_48h,,38,PCC,C,3.287348810277637,0.0,0.8142000207534202,0.6654155254364014,1.2157000303268433,53.24800137329102,0.30647626519203186
observed_test,v2_2018_493_48h,,39,PCC,A,3.061292079987163,0.0,0.751354144169734,0.5210045576095581,1.2128499746322632,53.24800137329102,0.28549402952194214
observed_test,v2_2018_493_48h,,39,PCC,B,3.061292079987163,0.0,0.751354144169734,0.5210045576095581,1.2128499746322632,53.24800137329102,0.28549402952194214
observed_test,v2_2018_493_48h,,39,PCC,C,3.061292079987163,0.0,0.751354144169734,0.5210045576095581,1.2128499746322632,53.24800137329102,0.28549402952194214
observed_test,v2_2018_493_48h,,40,PCC,A,3.114462494524774,0.0,0.47527915583207053,0.5631123185157776,1.2083499431610107,53.24800137329102,0.2766748368740082
observed_test,v2_2018_493_48h,,40,PCC,B,3.114462494524774,0.0,0.47527915583207053,0.5631123185157776,1.2083499431610107,53.24800137329102,0.2766748368740082
observed_test,v2_2018_493_48h,,40,PCC,C,3.114462494524774,0.0,0.47527915583207053,0.5631123185157776,1.2083499431610107,53.24800137329102,0.2766748368740082
observed_test,v2_2018_493_48h,,41,PCC,A,3.0302891772179184,0.0,0.18225833773612976,0.5185338854789734,1.2010749578475952,53.24800137329102,0.2770940661430359
observed_test,v2_2018_493_48h,,41,PCC,B,3.0302891772179184,0.0,0.18225833773612976,0.5185338854789734,1.2010749578475952,53.24800137329102,0.2770940661430359
observed_test,v2_2018_493_48h,,41,PCC,C,3.0302891772179184,0.0,0.18225833773612976,0.5185338854789734,1.2010749578475952,53.24800137329102,0.2770940661430359
observed_test,v2_2018_493_48h,,42,PCC,A,2.9917418625654535,0.0,0.006070833366650801,0.501911997795105,1.1951500177383423,121.88174847412108,0.2801923453807831
observed_test,v2_2018_493_48h,,42,PCC,B,2.9917418625654535,0.0,0.006070833366650801,0.501911997795105,1.1951500177383423,121.88174847412108,0.2801923453807831
observed_test,v2_2018_493_48h,,42,PCC,C,2.9917418625654535,0.0,0.006070833366650801,0.501911997795105,1.1951500177383423,121.88174847412108,0.2801923453807831
observed_test,v2_2018_493_48h,,43,PCC,A,3.0828851185529893,0.0,0.0,0.5692486763000488,1.1911749839782715,121.88174847412108,0.286238431930542
observed_test,v2_2018_493_48h,,43,PCC,B,3.0828851185529893,0.0,0.0,0.5692486763000488,1.1911749839782715,121.88174847412108,0.286238431930542
observed_test,v2_2018_493_48h,,43,PCC,C,3.0828851185529893,0.0,0.0,0.5692486763000488,1.1911749839782715,121.88174847412108,0.286238431930542
observed_test,v2_2018_493_48h,,44,PCC,A,2.913636470125372,0.0,0.0,0.458400696516037,1.1892999410629272,121.88174847412108,0.28883904218673706
observed_test,v2_2018_493_48h,,44,PCC,B,2.913636470125372,0.0,0.0,0.458400696516037,1.1892999410629272,121.88174847412108,0.28883904218673706
observed_test,v2_2018_493_48h,,44,PCC,C,2.913636470125372,0.0,0.0,0.458400696516037,1.1892999410629272,121.88174847412108,0.28883904218673706
observed_test,v2_2018_493_48h,,45,PCC,A,2.820555679411015,0.0,0.0,0.39928483963012695,1.186900019645691,53.24800137329102,0.2975204885005951
observed_test,v2_2018_493_48h,,45,PCC,B,2.820555679411015,0.0,0.0,0.39928483963012695,1.186900019645691,53.24800137329102,0.2975204885005951
observed_test,v2_2018_493_48h,,45,PCC,C,2.820555679411015,0.0,0.0,0.39928483963012695,1.186900019645691,53.24800137329102,0.2975204885005951
observed_test,v2_2018_493_48h,,46,PCC,A,2.7625267625816576,0.0,0.0,0.3637107312679291,1.1844249963760376,53.24800137329102,0.3060232102870941
observed_test,v2_2018_493_48h,,46,PCC,B,2.7625267625816576,0.0,0.0,0.3637107312679291,1.1844249963760376,53.24800137329102,0.3060232102870941
observed_test,v2_2018_493_48h,,46,PCC,C,2.7625267625816576,0.0,0.0,0.3637107312679291,1.1844249963760376,53.24800137329102,0.3060232102870941
observed_test,v2_2018_493_48h,,47,PCC,A,2.7317395940817257,0.0,0.0,0.34759950637817383,1.1811249256134033,53.24800137329102,0.30275729298591614
observed_test,v2_2018_493_48h,,47,PCC,B,2.7317395940817257,0.0,0.0,0.34759950637817383,1.1811249256134033,53.24800137329102,0.30275729298591614
observed_test,v2_2018_493_48h,,47,PCC,C,2.7317395940817257,0.0,0.0,0.34759950637817383,1.1811249256134033,53.24800137329102,0.30275729298591614
observed_test,v2_2018_455_48h,,0,PCC,A,2.668322925389583,0.0,0.0,0.29431068897247314,1.1886249780654907,53.24800137329102,0.34276068210601807
observed_test,v2_2018_455_48h,,0,PCC,B,2.668322925389583,0.0,0.0,0.29431068897247314,1.1886249780654907,53.24800137329102,0.34276068210601807
observed_test,v2_2018_455_48h,,0,PCC,C,2.668322925389583,0.0,0.0,0.29431068897247314,1.1886249780654907,53.24800137329102,0.34276068210601807
observed_test,v2_2018_455_48h,,1,PCC,A,2.6973891636743104,0.0,0.0,0.3179371654987335,1.1856999397277832,34.72425106811524,0.33996203541755676
observed_test,v2_2018_455_48h,,1,PCC,B,2.6973891636743104,0.0,0.0,0.3179371654987335,1.1856999397277832,34.72425106811524,0.33996203541755676
observed_test,v2_2018_455_48h,,1,PCC,C,2.6973891636743104,0.0,0.0,0.3179371654987335,1.1856999397277832,34.72425106811524,0.33996203541755676
observed_test,v2_2018_455_48h,,2,PCC,A,2.553105306628417,0.0,0.0,0.2232462614774704,1.183674931526184,34.72425106811524,0.3366945683956146
observed_test,v2_2018_455_48h,,2,PCC,B,2.553105306628417,0.0,0.0,0.2232462614774704,1.183674931526184,34.72425106811524,0.3366945683956146
observed_test,v2_2018_455_48h,,2,PCC,C,2.553105306628417,0.0,0.0,0.2232462614774704,1.183674931526184,34.72425106811524,0.3366945683956146
observed_test,v2_2018_455_48h,,3,PCC,A,2.6082447687065944,0.0,0.0,0.2633455991744995,1.1815749406814575,34.72425106811524,0.34762367606163025
observed_test,v2_2018_455_48h,,3,PCC,B,2.6082447687065944,0.0,0.0,0.2633455991744995,1.1815749406814575,34.72425106811524,0.34762367606163025
observed_test,v2_2018_455_48h,,3,PCC,C,2.6082447687065944,0.0,0.0,0.2633455991744995,1.1815749406814575,34.72425106811524,0.34762367606163025
observed_test,v2_2018_455_48h,,4,PCC,A,2.670233986673992,0.0,0.0,0.3060445785522461,1.1810499429702759,34.72425106811524,0.3358742594718933
observed_test,v2_2018_455_48h,,4,PCC,B,2.670233986673992,0.0,0.0,0.3060445785522461,1.1810499429702759,34.72425106811524,0.3358742594718933
observed_test,v2_2018_455_48h,,4,PCC,C,2.670233986673992,0.0,0.0,0.3060445785522461,1.1810499429702759,34.72425106811524,0.3358742594718933
observed_test,v2_2018_455_48h,,5,PCC,A,2.6454051410114494,0.0,0.000945833296729968,0.2850128710269928,1.1841249465942383,34.72425106811524,0.30183544754981995
observed_test,v2_2018_455_48h,,5,PCC,B,2.6454051410114494,0.0,0.000945833296729968,0.2850128710269928,1.1841249465942383,34.72425106811524,0.30183544754981995
observed_test,v2_2018_455_48h,,5,PCC,C,2.6454051410114494,0.0,0.000945833296729968,0.2850128710269928,1.1841249465942383,34.72425106811524,0.30183544754981995
observed_test,v2_2018_455_48h,,6,PCC,A,2.8512487052239606,0.0,0.03732500167993399,0.4131304621696472,1.1915500164031982,53.24800137329102,0.2928365170955658
observed_test,v2_2018_455_48h,,6,PCC,B,2.8512487052239606,0.0,0.03732500167993399,0.4131304621696472,1.1915500164031982,53.24800137329102,0.2928365170955658
observed_test,v2_2018_455_48h,,6,PCC,C,2.8512487052239606,0.0,0.03732500167993399,0.4131304621696472,1.1915500164031982,53.24800137329102,0.2928365170955658
observed_test,v2_2018_455_48h,,7,PCC,A,3.1340406920066433,0.0,0.1915499997826723,0.5887197852134705,1.2003999948501587,53.24800137329102,0.2831554710865021
observed_test,v2_2018_455_48h,,7,PCC,B,3.1340406920066433,0.0,0.1915499997826723,0.5887197852134705,1.2003999948501587,53.24800137329102,0.2831554710865021
observed_test,v2_2018_455_48h,,7,PCC,C,3.1340406920066433,0.0,0.1915499997826723,0.5887197852134705,1.2003999948501587,53.24800137329102,0.2831554710865021
observed_test,v2_2018_455_48h,,8,PCC,A,2.8943122550919256,0.0,0.4467083284488091,0.41616514325141907,1.2091749906539917,53.24800137329102,0.27899616956710815
observed_test,v2_2018_455_48h,,8,PCC,B,2.8943122550919256,0.0,0.4467083284488091,0.41616514325141907,1.2091749906539917,53.24800137329102,0.27899616956710815
observed_test,v2_2018_455_48h,,8,PCC,C,2.8943122550919256,0.0,0.4467083284488091,0.41616514325141907,1.2091749906539917,53.24800137329102,0.27899616956710815
observed_test,v2_2018_455_48h,,9,PCC,A,3.0587683215307755,0.0,0.6951500016909379,0.5137431621551514,1.2165249586105347,53.24800137329102,0.28237292170524597
observed_test,v2_2018_455_48h,,9,PCC,B,3.0587683215307755,0.0,0.6951500016909379,0.5137431621551514,1.2165249586105347,53.24800137329102,0.28237292170524597
observed_test,v2_2018_455_48h,,9,PCC,C,3.0587683215307755,0.0,0.6951500016909379,0.5137431621551514,1.2165249586105347,53.24800137329102,0.28237292170524597
observed_test,v2_2018_455_48h,,10,PCC,A,2.8433991319017244,0.0,0.8370625285001901,0.3643687963485718,1.2220749855041504,53.24800137329102,0.29163238406181335
observed_test,v2_2018_455_48h,,10,PCC,B,2.8433991319017244,0.0,0.8370625285001901,0.3643687963485718,1.2220749855041504,53.24800137329102,0.29163238406181335
observed_test,v2_2018_455_48h,,10,PCC,C,2.8433991319017244,0.0,0.8370625285001901,0.3643687963485718,1.2220749855041504,53.24800137329102,0.29163238406181335
observed_test,v2_2018_455_48h,,11,PCC,A,2.8434199028745297,0.0,0.8834583254960866,0.36136627197265625,1.2242499589920044,53.24800137329102,0.3122522830963135
observed_test,v2_2018_455_48h,,11,PCC,B,2.8434199028745297,0.0,0.8834583254960866,0.36136627197265625,1.2242499589920044,53.24800137329102,0.3122522830963135
observed_test,v2_2018_455_48h,,11,PCC,C,2.8434199028745297,0.0,0.8834583254960866,0.36136627197265625,1.2242499589920044,53.24800137329102,0.3122522830963135
observed_test,v2_2018_455_48h,,12,PCC,A,3.1170006140276407,0.0,0.9930333265891441,0.5383059978485107,1.225450038909912,53.24800137329102,0.3309154510498047
observed_test,v2_2018_455_48h,,12,PCC,B,3.1170006140276407,0.0,0.9930333265891441,0.5383059978485107,1.225450038909912,53.24800137329102,0.3309154510498047
observed_test,v2_2018_455_48h,,12,PCC,C,3.1170006140276407,0.0,0.9930333265891441,0.5383059978485107,1.225450038909912,53.24800137329102,0.3309154510498047
observed_test,v2_2018_455_48h,,13,PCC,A,3.21836970875057,0.0,0.9853875407805809,0.6031783223152161,1.2262749671936035,53.24800137329102,0.3257731795310974
observed_test,v2_2018_455_48h,,13,PCC,B,3.21836970875057,0.0,0.9853875407805809,0.6031783223152161,1.2262749671936035,53.24800137329102,0.3257731795310974
observed_test,v2_2018_455_48h,,13,PCC,C,3.21836970875057,0.0,0.9853875407805809,0.6031783223152161,1.2262749671936035,53.24800137329102,0.3257731795310974
observed_test,v2_2018_455_48h,,14,PCC,A,3.3139569533606092,0.0,0.8003333440193763,0.6654155254364014,1.226349949836731,53.24800137329102,0.31888633966445923
observed_test,v2_2018_455_48h,,14,PCC,B,3.3139569533606092,0.0,0.8003333440193763,0.6654155254364014,1.226349949836731,53.24800137329102,0.31888633966445923
observed_test,v2_2018_455_48h,,14,PCC,C,3.3139569533606092,0.0,0.8003333440193763,0.6654155254364014,1.226349949836731,53.24800137329102,0.31888633966445923
observed_test,v2_2018_455_48h,,15,PCC,A,3.0898025586606637,0.0,0.7359416438983036,0.5210045576095581,1.2251499891281128,53.24800137329102,0.3320882022380829
observed_test,v2_2018_455_48h,,15,PCC,B,3.0898025586606637,0.0,0.7359416438983036,0.5210045576095581,1.2251499891281128,53.24800137329102,0.3320882022380829
observed_test,v2_2018_455_48h,,15,PCC,C,3.0898025586606637,0.0,0.7359416438983036,0.5210045576095581,1.2251499891281128,53.24800137329102,0.3320882022380829
observed_test,v2_2018_455_48h,,16,PCC,A,3.1512653536191055,0.0,0.5880374747973222,0.5631123185157776,1.2238749265670776,53.24800137329102,0.3351948857307434
observed_test,v2_2018_455_48h,,16,PCC,B,3.1512653536191055,0.0,0.5880374747973222,0.5631123185157776,1.2238749265670776,53.24800137329102,0.3351948857307434
observed_test,v2_2018_455_48h,,16,PCC,C,3.1512653536191055,0.0,0.5880374747973222,0.5631123185157776,1.2238749265670776,53.24800137329102,0.3351948857307434
observed_test,v2_2018_455_48h,,17,PCC,A,3.0749077632927744,0.0,0.33685415983200073,0.5185338854789734,1.2203500270843506,53.24800137329102,0.339530885219574
observed_test,v2_2018_455_48h,,17,PCC,B,3.0749077632927744,0.0,0.33685415983200073,0.5185338854789734,1.2203500270843506,53.24800137329102,0.339530885219574
observed_test,v2_2018_455_48h,,17,PCC,C,3.0749077632927744,0.0,0.33685415983200073,0.5185338854789734,1.2203500270843506,53.24800137329102,0.339530885219574
observed_test,v2_2018_455_48h,,18,PCC,A,3.0383684391182526,0.0,0.10193333459588196,0.501911997795105,1.2154749631881714,121.88174847412108,0.3364403545856476
observed_test,v2_2018_455_48h,,18,PCC,B,3.0383684391182526,0.0,0.10193333459588196,0.501911997795105,1.2154749631881714,121.88174847412108,0.3364403545856476
observed_test,v2_2018_455_48h,,18,PCC,C,3.0383684391182526,0.0,0.10193333459588196,0.501911997795105,1.2154749631881714,121.88174847412108,0.3364403545856476
observed_test,v2_2018_455_48h,,19,PCC,A,3.1176665847819294,0.0,0.011920833136313235,0.5692486763000488,1.20579993724823,121.88174847412108,0.34987059235572815
observed_test,v2_2018_455_48h,,19,PCC,B,3.1176665847819294,0.0,0.011920833136313235,0.5692486763000488,1.20579993724823,121.88174847412108,0.34987059235572815
observed_test,v2_2018_455_48h,,19,PCC,C,3.1176665847819294,0.0,0.011920833136313235,0.5692486763000488,1.20579993724823,121.88174847412108,0.34987059235572815
observed_test,v2_2018_455_48h,,20,PCC,A,2.9408485409168406,0.0,0.0,0.458400696516037,1.201449990272522,121.88174847412108,0.36810052394866943
observed_test,v2_2018_455_48h,,20,PCC,B,2.9408485409168406,0.0,0.0,0.458400696516037,1.201449990272522,121.88174847412108,0.36810052394866943
observed_test,v2_2018_455_48h,,20,PCC,C,2.9408485409168406,0.0,0.0,0.458400696516037,1.201449990272522,121.88174847412108,0.36810052394866943
observed_test,v2_2018_455_48h,,21,PCC,A,2.8444332195089004,0.0,0.0,0.39928483963012695,1.1979249715805054,53.24800137329102,0.3760484457015991
observed_test,v2_2018_455_48h,,21,PCC,B,2.8444332195089004,0.0,0.0,0.39928483963012695,1.1979249715805054,53.24800137329102,0.3760484457015991
observed_test,v2_2018_455_48h,,21,PCC,C,2.8444332195089004,0.0,0.0,0.39928483963012695,1.1979249715805054,53.24800137329102,0.3760484457015991
observed_test,v2_2018_455_48h,,22,PCC,A,2.785754988074187,0.0,0.0,0.3637107312679291,1.1953749656677246,53.24800137329102,0.37326011061668396
observed_test,v2_2018_455_48h,,22,PCC,B,2.785754988074187,0.0,0.0,0.3637107312679291,1.1953749656677246,53.24800137329102,0.37326011061668396
observed_test,v2_2018_455_48h,,22,PCC,C,2.785754988074187,0.0,0.0,0.3637107312679291,1.1953749656677246,53.24800137329102,0.37326011061668396
observed_test,v2_2018_455_48h,,23,PCC,A,2.756796212030219,0.0,0.0,0.34759950637817383,1.1930500268936157,53.24800137329102,0.36769899725914
observed_test,v2_2018_455_48h,,23,PCC,B,2.756796212030219,0.0,0.0,0.34759950637817383,1.1930500268936157,53.24800137329102,0.36769899725914
observed_test,v2_2018_455_48h,,23,PCC,C,2.756796212030219,0.0,0.0,0.34759950637817383,1.1930500268936157,53.24800137329102,0.36769899725914
observed_test,v2_2018_455_48h,,24,PCC,A,2.669238505808915,0.0,0.0,0.29431068897247314,1.189074993133545,53.24800137329102,0.37295687198638916
observed_test,v2_2018_455_48h,,24,PCC,B,2.669238505808915,0.0,0.0,0.29431068897247314,1.189074993133545,53.24800137329102,0.37295687198638916
observed_test,v2_2018_455_48h,,24,PCC,C,2.669238505808915,0.0,0.0,0.29431068897247314,1.189074993133545,53.24800137329102,0.37295687198638916
observed_test,v2_2018_455_48h,,25,PCC,A,2.696460292916926,0.0,0.0,0.3179371654987335,1.185249924659729,34.72425106811524,0.36424681544303894
observed_test,v2_2018_455_48h,,25,PCC,B,2.696460292916926,0.0,0.0,0.3179371654987335,1.185249924659729,34.72425106811524,0.36424681544303894
observed_test,v2_2018_455_48h,,25,PCC,C,2.696460292916926,0.0,0.0,0.3179371654987335,1.185249924659729,34.72425106811524,0.36424681544303894
observed_test,v2_2018_455_48h,,26,PCC,A,2.550040803911363,0.0,0.0,0.2232462614774704,1.1820999383926392,34.72425106811524,0.36309880018234253
observed_test,v2_2018_455_48h,,26,PCC,B,2.550040803911363,0.0,0.0,0.2232462614774704,1.1820999383926392,34.72425106811524,0.36309880018234253
observed_test,v2_2018_455_48h,,26,PCC,C,2.550040803911363,0.0,0.0,0.2232462614774704,1.1820999383926392,34.72425106811524,0.36309880018234253
observed_test,v2_2018_455_48h,,27,PCC,A,2.6046523587379298,0.0,0.0,0.2633455991744995,1.1797749996185303,34.72425106811524,0.36774942278862
observed_test,v2_2018_455_48h,,27,PCC,B,2.6046523587379298,0.0,0.0,0.2633455991744995,1.1797749996185303,34.72425106811524,0.36774942278862
observed_test,v2_2018_455_48h,,27,PCC,C,2.6046523587379298,0.0,0.0,0.2633455991744995,1.1797749996185303,34.72425106811524,0.36774942278862
observed_test,v2_2018_455_48h,,28,PCC,A,2.6674676881006483,0.0,0.0,0.3060445785522461,1.1797000169754028,34.72425106811524,0.36273154616355896
observed_test,v2_2018_455_48h,,28,PCC,B,2.6674676881006483,0.0,0.0,0.3060445785522461,1.1797000169754028,34.72425106811524,0.36273154616355896
observed_test,v2_2018_455_48h,,28,PCC,C,2.6674676881006483,0.0,0.0,0.3060445785522461,1.1797000169754028,34.72425106811524,0.36273154616355896
observed_test,v2_2018_455_48h,,29,PCC,A,2.648439561366034,0.0,0.007087500013697606,0.2850128710269928,1.1856249570846558,34.72425106811524,0.3521607518196106
observed_test,v2_2018_455_48h,,29,PCC,B,2.648439561366034,0.0,0.007087500013697606,0.2850128710269928,1.1856249570846558,34.72425106811524,0.3521607518196106
observed_test,v2_2018_455_48h,,29,PCC,C,2.648439561366034,0.0,0.007087500013697606,0.2850128710269928,1.1856249570846558,34.72425106811524,0.3521607518196106
observed_test,v2_2018_455_48h,,30,PCC,A,2.8682766901714563,0.0,0.09211250222646272,0.4131304621696472,1.1993499994277954,53.24800137329102,0.32330453395843506
observed_test,v2_2018_455_48h,,30,PCC,B,2.8682766901714563,0.0,0.09211250222646272,0.4131304621696472,1.1993499994277954,53.24800137329102,0.32330453395843506
observed_test,v2_2018_455_48h,,30,PCC,C,2.8682766901714563,0.0,0.09211250222646272,0.4131304621696472,1.1993499994277954,53.24800137329102,0.32330453395843506
observed_test,v2_2018_455_48h,,31,PCC,A,3.174944370271616,0.0,0.3229791728349832,0.5887197852134705,1.217424988746643,53.24800137329102,0.3190268874168396
observed_test,v2_2018_455_48h,,31,PCC,B,3.174944370271616,0.0,0.3229791728349832,0.5887197852134705,1.217424988746643,53.24800137329102,0.3190268874168396
observed_test,v2_2018_455_48h,,31,PCC,C,3.174944370271616,0.0,0.3229791728349832,0.5887197852134705,1.217424988746643,53.24800137329102,0.3190268874168396
observed_test,v2_2018_455_48h,,32,PCC,A,2.9451570191130703,0.0,0.6059333108938657,0.41616514325141907,1.2324249744415283,53.24800137329102,0.31302687525749207
observed_test,v2_2018_455_48h,,32,PCC,B,2.9451570191130703,0.0,0.6059333108938657,0.41616514325141907,1.2324249744415283,53.24800137329102,0.31302687525749207
observed_test,v2_2018_455_48h,,32,PCC,C,2.9451570191130703,0.0,0.6059333108938657,0.41616514325141907,1.2324249744415283,53.24800137329102,0.31302687525749207
observed_test,v2_2018_455_48h,,33,PCC,A,3.1150466206630654,0.0,0.8317708395994625,0.5137431621551514,1.2409000396728516,53.24800137329102,0.3080359697341919
observed_test,v2_2018_455_48h,,33,PCC,B,3.1150466206630654,0.0,0.8317708395994625,0.5137431621551514,1.2409000396728516,53.24800137329102,0.3080359697341919
observed_test,v2_2018_455_48h,,33,PCC,C,3.1150466206630654,0.0,0.8317708395994625,0.5137431621551514,1.2409000396728516,53.24800137329102,0.3080359697341919
observed_test,v2_2018_455_48h,,34,PCC,A,2.898468249209041,0.0,0.93189999461174,0.3643687963485718,1.2480249404907227,53.24800137329102,0.31461378931999207
observed_test,v2_2018_455_48h,,34,PCC,B,2.898468249209041,0.0,0.93189999461174,0.3643687963485718,1.2480249404907227,53.24800137329102,0.31461378931999207
observed_test,v2_2018_455_48h,,34,PCC,C,2.898468249209041,0.0,0.93189999461174,0.3643687963485718,1.2480249404907227,53.24800137329102,0.31461378931999207
observed_test,v2_2018_455_48h,,35,PCC,A,2.906017777018557,0.0,1.0434457888970008,0.36136627197265625,1.2537999153137207,53.24800137329102,0.3251783847808838
observed_test,v2_2018_455_48h,,35,PCC,B,2.906017777018557,0.0,1.0434457888970008,0.36136627197265625,1.2537999153137207,53.24800137329102,0.3251783847808838
observed_test,v2_2018_455_48h,,35,PCC,C,2.906017777018557,0.0,1.0434457888970008,0.36136627197265625,1.2537999153137207,53.24800137329102,0.3251783847808838
observed_test,v2_2018_455_48h,,36,PCC,A,3.1926263305771863,0.0,1.0718416709166305,0.5383059978485107,1.2577749490737915,53.24800137329102,0.32520467042922974
observed_test,v2_2018_455_48h,,36,PCC,B,3.1926263305771863,0.0,1.0718416709166305,0.5383059978485107,1.2577749490737915,53.24800137329102,0.32520467042922974
observed_test,v2_2018_455_48h,,36,PCC,C,3.1926263305771863,0.0,1.0718416709166305,0.5383059978485107,1.2577749490737915,53.24800137329102,0.32520467042922974
observed_test,v2_2018_455_48h,,37,PCC,A,3.300429444639319,0.0,1.0088583597770102,0.6031783223152161,1.2601749897003174,53.24800137329102,0.31682246923446655
observed_test,v2_2018_455_48h,,37,PCC,B,3.300429444639319,0.0,1.0088583597770102,0.6031783223152161,1.2601749897003174,53.24800137329102,0.31682246923446655
observed_test,v2_2018_455_48h,,37,PCC,C,3.300429444639319,0.0,1.0088583597770102,0.6031783223152161,1.2601749897003174,53.24800137329102,0.31682246923446655
observed_test,v2_2018_455_48h,,38,PCC,A,3.397904337283881,0.0,0.9389291589076701,0.6654155254364014,1.2599499225616455,53.24800137329102,0.30711761116981506
observed_test,v2_2018_455_48h,,38,PCC,B,3.397904337283881,0.0,0.9389291589076701,0.6654155254364014,1.2599499225616455,53.24800137329102,0.30711761116981506
observed_test,v2_2018_455_48h,,38,PCC,C,3.397904337283881,0.0,0.9389291589076701,0.6654155254364014,1.2599499225616455,53.24800137329102,0.30711761116981506
observed_test,v2_2018_455_48h,,39,PCC,A,3.1645556632059075,0.0,0.8456291487583747,0.5210045576095581,1.2574000358581543,53.24800137329102,0.30297839641571045
observed_test,v2_2018_455_48h,,39,PCC,B,3.1645556632059075,0.0,0.8456291487583747,0.5210045576095581,1.2574000358581543,53.24800137329102,0.30297839641571045
observed_test,v2_2018_455_48h,,39,PCC,C,3.1645556632059075,0.0,0.8456291487583747,0.5210045576095581,1.2574000358581543,53.24800137329102,0.30297839641571045
observed_test,v2_2018_455_48h,,40,PCC,A,3.2170483483394516,0.0,0.615929181759174,0.5631123185157776,1.2516249418258667,53.24800137329102,0.31344354152679443
observed_test,v2_2018_455_48h,,40,PCC,B,3.2170483483394516,0.0,0.615929181759174,0.5631123185157776,1.2516249418258667,53.24800137329102,0.31344354152679443
observed_test,v2_2018_455_48h,,40,PCC,C,3.2170483483394516,0.0,0.615929181759174,0.5631123185157776,1.2516249418258667,53.24800137329102,0.31344354152679443
observed_test,v2_2018_455_48h,,41,PCC,A,3.125255341491497,0.0,0.3414083272218704,0.5185338854789734,1.2421000003814697,53.24800137329102,0.32317930459976196
observed_test,v2_2018_455_48h,,41,PCC,B,3.125255341491497,0.0,0.3414083272218704,0.5185338854789734,1.2421000003814697,53.24800137329102,0.32317930459976196
observed_test,v2_2018_455_48h,,41,PCC,C,3.125255341491497,0.0,0.3414083272218704,0.5185338854789734,1.2421000003814697,53.24800137329102,0.32317930459976196
observed_test,v2_2018_455_48h,,42,PCC,A,3.076392379753789,0.0,0.1019666687800334,0.501911997795105,1.2320499420166016,121.88174847412108,0.33190372586250305
observed_test,v2_2018_455_48h,,42,PCC,B,3.076392379753789,0.0,0.1019666687800334,0.501911997795105,1.2320499420166016,121.88174847412108,0.33190372586250305
observed_test,v2_2018_455_48h,,42,PCC,C,3.076392379753789,0.0,0.1019666687800334,0.501911997795105,1.2320499420166016,121.88174847412108,0.33190372586250305
observed_test,v2_2018_455_48h,,43,PCC,A,3.1301525082936528,0.0,0.01122083317918273,0.5692486763000488,1.211050033569336,121.88174847412108,0.35107919573783875
observed_test,v2_2018_455_48h,,43,PCC,B,3.1301525082936528,0.0,0.01122083317918273,0.5692486763000488,1.211050033569336,121.88174847412108,0.35107919573783875
observed_test,v2_2018_455_48h,,43,PCC,C,3.1301525082936528,0.0,0.01122083317918273,0.5692486763000488,1.211050033569336,121.88174847412108,0.35107919573783875
observed_test,v2_2018_455_48h,,44,PCC,A,2.9463917701879745,0.0,0.0,0.458400696516037,1.2039250135421753,121.88174847412108,0.3593016564846039
observed_test,v2_2018_455_48h,,44,PCC,B,2.9463917701879745,0.0,0.0,0.458400696516037,1.2039250135421753,121.88174847412108,0.3593016564846039
observed_test,v2_2018_455_48h,,44,PCC,C,2.9463917701879745,0.0,0.0,0.458400696516037,1.2039250135421753,121.88174847412108,0.3593016564846039
observed_test,v2_2018_455_48h,,45,PCC,A,2.8449204055969233,0.0,0.0,0.39928483963012695,1.1981499195098877,53.24800137329102,0.36071404814720154
observed_test,v2_2018_455_48h,,45,PCC,B,2.8449204055969233,0.0,0.0,0.39928483963012695,1.1981499195098877,53.24800137329102,0.36071404814720154
observed_test,v2_2018_455_48h,,45,PCC,C,2.8449204055969233,0.0,0.0,0.39928483963012695,1.1981499195098877,53.24800137329102,0.36071404814720154
observed_test,v2_2018_455_48h,,46,PCC,A,2.779709403328121,0.0,0.0,0.3637107312679291,1.192525029182434,53.24800137329102,0.3595772385597229
observed_test,v2_2018_455_48h,,46,PCC,B,2.779709403328121,0.0,0.0,0.3637107312679291,1.192525029182434,53.24800137329102,0.3595772385597229
observed_test,v2_2018_455_48h,,46,PCC,C,2.779709403328121,0.0,0.0,0.3637107312679291,1.192525029182434,53.24800137329102,0.3595772385597229
observed_test,v2_2018_455_48h,,47,PCC,A,2.74529223493082,0.0,0.0,0.34759950637817383,1.1875749826431274,53.24800137329102,0.3599590063095093
observed_test,v2_2018_455_48h,,47,PCC,B,2.74529223493082,0.0,0.0,0.34759950637817383,1.1875749826431274,53.24800137329102,0.3599590063095093
observed_test,v2_2018_455_48h,,47,PCC,C,2.74529223493082,0.0,0.0,0.34759950637817383,1.1875749826431274,53.24800137329102,0.3599590063095093
dfl_generated,dfl_evaluation_00,0.19858039915561676,0,PCC,A,2.619884967803955,0.0,6.536445653182454e-06,0.29431068897247314,1.1644916534423828,53.24800109863281,0.33803772926330566
dfl_generated,dfl_evaluation_00,0.19858039915561676,0,PCC,B,2.617799758911133,0.0,9.584806548446068e-07,0.29431068897247314,1.1644916534423828,53.24800109863281,0.33803772926330566
dfl_generated,dfl_evaluation_00,0.19858039915561676,0,PCC,C,2.621446132659912,0.0,0.0,0.29431068897247314,1.1644916534423828,53.24800109863281,0.33803772926330566
dfl_generated,dfl_evaluation_00,0.19858039915561676,1,PCC,A,2.64983868598938,0.0,0.0,0.3179371654987335,1.1635215282440186,53.24800109863281,0.32603326439857483
dfl_generated,dfl_evaluation_00,0.19858039915561676,1,PCC,B,2.647951602935791,0.0,3.1090446555026574e-06,0.3179371654987335,1.1635215282440186,53.24800109863281,0.32603326439857483
dfl_generated,dfl_evaluation_00,0.19858039915561676,1,PCC,C,2.647448778152466,0.0,0.0,0.3179371654987335,1.1635215282440186,53.24800109863281,0.32603326439857483
dfl_generated,dfl_evaluation_00,0.19858039915561676,2,PCC,A,2.5082244873046875,0.0,3.4164136195613537e-06,0.2232462614774704,1.1617168188095093,53.24800109863281,0.3192523717880249
dfl_generated,dfl_evaluation_00,0.19858039915561676,2,PCC,B,2.507617712020874,0.0,0.0,0.2232462614774704,1.1617168188095093,53.24800109863281,0.3192523717880249
dfl_generated,dfl_evaluation_00,0.19858039915561676,2,PCC,C,2.510223150253296,0.0,0.0,0.2232462614774704,1.1617168188095093,53.24800109863281,0.3192523717880249
dfl_generated,dfl_evaluation_00,0.19858039915561676,3,PCC,A,2.5642635822296143,0.0,1.155512336481479e-06,0.2633455991744995,1.1604323387145996,53.24800109863281,0.31729045510292053
dfl_generated,dfl_evaluation_00,0.19858039915561676,3,PCC,B,2.5629444122314453,0.0,4.052824351674644e-06,0.2633455991744995,1.1604323387145996,53.24800109863281,0.31729045510292053
dfl_generated,dfl_evaluation_00,0.19858039915561676,3,PCC,C,2.563159704208374,0.0,0.0,0.2633455991744995,1.1604323387145996,53.24800109863281,0.31729045510292053
dfl_generated,dfl_evaluation_00,0.19858039915561676,4,PCC,A,2.623615264892578,0.0,0.0,0.3060445785522461,1.1582928895950317,53.24800109863281,0.333076149225235
dfl_generated,dfl_evaluation_00,0.19858039915561676,4,PCC,B,2.6250159740448,0.0,4.009121767012402e-06,0.3060445785522461,1.1582928895950317,53.24800109863281,0.333076149225235
dfl_generated,dfl_evaluation_00,0.19858039915561676,4,PCC,C,2.6231493949890137,0.0,4.365887889434816e-06,0.3060445785522461,1.1582928895950317,53.24800109863281,0.333076149225235
dfl_generated,dfl_evaluation_00,0.19858039915561676,5,PCC,A,2.5963611602783203,0.0,0.0022882719058543444,0.2850128710269928,1.1594418287277222,53.24800109863281,0.3248692750930786
dfl_generated,dfl_evaluation_00,0.19858039915561676,5,PCC,B,2.596376657485962,0.0,0.0023268440272659063,0.2850128710269928,1.1594418287277222,53.24800109863281,0.3248692750930786
dfl_generated,dfl_evaluation_00,0.19858039915561676,5,PCC,C,2.595832347869873,0.0,0.0020828121341764927,0.2850128710269928,1.1594418287277222,53.24800109863281,0.3248692750930786
dfl_generated,dfl_evaluation_00,0.19858039915561676,6,PCC,A,2.794034957885742,0.0,0.053591370582580566,0.4131304621696472,1.1653168201446533,53.24800109863281,0.31603583693504333
dfl_generated,dfl_evaluation_00,0.19858039915561676,6,PCC,B,2.7946224212646484,0.0,0.04857414960861206,0.4131304621696472,1.1653168201446533,53.24800109863281,0.31603583693504333
dfl_generated,dfl_evaluation_00,0.19858039915561676,6,PCC,C,2.7939510345458984,0.0,0.052467573434114456,0.4131304621696472,1.1653168201446533,53.24800109863281,0.31603583693504333
dfl_generated,dfl_evaluation_00,0.19858039915561676,7,PCC,A,3.0772292613983154,0.0,0.25623637437820435,0.5887197852134705,1.1750980615615845,53.24800109863281,0.2947883605957031
dfl_generated,dfl_evaluation_00,0.19858039915561676,7,PCC,B,3.069016933441162,0.0,0.24661670625209808,0.5887197852134705,1.1750980615615845,53.24800109863281,0.2947883605957031
dfl_generated,dfl_evaluation_00,0.19858039915561676,7,PCC,C,3.0754261016845703,0.0,0.2577784061431885,0.5887197852134705,1.1750980615615845,53.24800109863281,0.2947883605957031
dfl_generated,dfl_evaluation_00,0.19858039915561676,8,PCC,A,2.8446784019470215,0.0,0.46786385774612427,0.41616514325141907,1.186158299446106,53.24800109863281,0.27004191279411316
dfl_generated,dfl_evaluation_00,0.19858039915561676,8,PCC,B,2.8422505855560303,0.0,0.487429141998291,0.41616514325141907,1.186158299446106,53.24800109863281,0.27004191279411316
dfl_generated,dfl_evaluation_00,0.19858039915561676,8,PCC,C,2.8416521549224854,0.0,0.46331024169921875,0.41616514325141907,1.186158299446106,53.24800109863281,0.27004191279411316
dfl_generated,dfl_evaluation_00,0.19858039915561676,9,PCC,A,3.013395071029663,0.0,0.667147159576416,0.5137431621551514,1.1933271884918213,53.24800109863281,0.23186103999614716
dfl_generated,dfl_evaluation_00,0.19858039915561676,9,PCC,B,3.0073277950286865,0.0,0.6983349919319153,0.5137431621551514,1.1933271884918213,53.24800109863281,0.23186103999614716
dfl_generated,dfl_evaluation_00,0.19858039915561676,9,PCC,C,3.0114264488220215,0.0,0.6952214241027832,0.5137431621551514,1.1933271884918213,53.24800109863281,0.23186103999614716
dfl_generated,dfl_evaluation_00,0.19858039915561676,10,PCC,A,2.803820848464966,0.0,0.8277321457862854,0.3643687963485718,1.201119065284729,53.24800109863281,0.2708171606063843
dfl_generated,dfl_evaluation_00,0.19858039915561676,10,PCC,B,2.794562816619873,0.0,0.8543460369110107,0.3643687963485718,1.201119065284729,53.24800109863281,0.2708171606063843
dfl_generated,dfl_evaluation_00,0.19858039915561676,10,PCC,C,2.801267623901367,0.0,0.8088701367378235,0.3643687963485718,1.201119065284729,53.24800109863281,0.2708171606063843
dfl_generated,dfl_evaluation_00,0.19858039915561676,11,PCC,A,2.8071916103363037,0.0,0.8836115598678589,0.36136627197265625,1.2134062051773071,53.24800109863281,0.2878132164478302
dfl_generated,dfl_evaluation_00,0.19858039915561676,11,PCC,B,2.8026933670043945,0.0,0.898057222366333,0.36136627197265625,1.2134062051773071,53.24800109863281,0.2878132164478302
dfl_generated,dfl_evaluation_00,0.19858039915561676,11,PCC,C,2.8108489513397217,0.0,0.9107211828231812,0.36136627197265625,1.2134062051773071,53.24800109863281,0.2878132164478302
dfl_generated,dfl_evaluation_00,0.19858039915561676,12,PCC,A,3.0935542583465576,0.0,0.8538106083869934,0.5383059978485107,1.218499779701233,53.24800109863281,0.29335087537765503
dfl_generated,dfl_evaluation_00,0.19858039915561676,12,PCC,B,3.0981669425964355,0.0,0.9134133458137512,0.5383059978485107,1.218499779701233,53.24800109863281,0.29335087537765503
dfl_generated,dfl_evaluation_00,0.19858039915561676,12,PCC,C,3.07975697517395,0.0,0.8515070080757141,0.5383059978485107,1.218499779701233,53.24800109863281,0.29335087537765503
dfl_generated,dfl_evaluation_00,0.19858039915561676,13,PCC,A,3.1983447074890137,0.0,0.8935802578926086,0.6031783223152161,1.215491533279419,53.24800109863281,0.2942185699939728
dfl_generated,dfl_evaluation_00,0.19858039915561676,13,PCC,B,3.2011044025421143,0.0,0.8602664470672607,0.6031783223152161,1.215491533279419,53.24800109863281,0.2942185699939728
dfl_generated,dfl_evaluation_00,0.19858039915561676,13,PCC,C,3.1942012310028076,0.0,0.8771179914474487,0.6031783223152161,1.215491533279419,53.24800109863281,0.2942185699939728
dfl_generated,dfl_evaluation_00,0.19858039915561676,14,PCC,A,3.282809257507324,0.0,0.8002549409866333,0.6654155254364014,1.2179780006408691,53.24800109863281,0.2917840778827667
dfl_generated,dfl_evaluation_00,0.19858039915561676,14,PCC,B,3.2819442749023438,0.0,0.7914393544197083,0.6654155254364014,1.2179780006408691,53.24800109863281,0.2917840778827667
dfl_generated,dfl_evaluation_00,0.19858039915561676,14,PCC,C,3.284294843673706,0.0,0.7886584401130676,0.6654155254364014,1.2179780006408691,53.24800109863281,0.2917840778827667
dfl_generated,dfl_evaluation_00,0.19858039915561676,15,PCC,A,3.0561025142669678,0.0,0.6431049108505249,0.5210045576095581,1.2137339115142822,53.24800109863281,0.2928503453731537
dfl_generated,dfl_evaluation_00,0.19858039915561676,15,PCC,B,3.063504457473755,0.0,0.6849380135536194,0.5210045576095581,1.2137339115142822,53.24800109863281,0.2928503453731537
dfl_generated,dfl_evaluation_00,0.19858039915561676,15,PCC,C,3.058765172958374,0.0,0.6714364290237427,0.5210045576095581,1.2137339115142822,53.24800109863281,0.2928503453731537
dfl_generated,dfl_evaluation_00,0.19858039915561676,16,PCC,A,3.116185188293457,0.0,0.45850899815559387,0.5631123185157776,1.2068759202957153,53.24800109863281,0.30926287174224854
dfl_generated,dfl_evaluation_00,0.19858039915561676,16,PCC,B,3.114675760269165,0.0,0.4572834372520447,0.5631123185157776,1.2068759202957153,53.24800109863281,0.30926287174224854
dfl_generated,dfl_evaluation_00,0.19858039915561676,16,PCC,C,3.101161003112793,0.0,0.4489253759384155,0.5631123185157776,1.2068759202957153,53.24800109863281,0.30926287174224854
dfl_generated,dfl_evaluation_00,0.19858039915561676,17,PCC,A,3.0288681983947754,0.0,0.22088173031806946,0.5185338854789734,1.1995328664779663,53.24800109863281,0.31426024436950684
dfl_generated,dfl_evaluation_00,0.19858039915561676,17,PCC,B,3.0197975635528564,0.0,0.22214150428771973,0.5185338854789734,1.1995328664779663,53.24800109863281,0.31426024436950684
dfl_generated,dfl_evaluation_00,0.19858039915561676,17,PCC,C,3.0257766246795654,0.0,0.2055702805519104,0.5185338854789734,1.1995328664779663,53.24800109863281,0.31426024436950684
dfl_generated,dfl_evaluation_00,0.19858039915561676,18,PCC,A,2.9720044136047363,0.0,0.047696780413389206,0.501911997795105,1.1860860586166382,53.24800109863281,0.32228317856788635
dfl_generated,dfl_evaluation_00,0.19858039915561676,18,PCC,B,2.9796411991119385,0.0,0.050520703196525574,0.501911997795105,1.1860860586166382,53.24800109863281,0.32228317856788635
dfl_generated,dfl_evaluation_00,0.19858039915561676,18,PCC,C,2.982649326324463,0.0,0.050509579479694366,0.501911997795105,1.1860860586166382,53.24800109863281,0.32228317856788635
dfl_generated,dfl_evaluation_00,0.19858039915561676,19,PCC,A,3.0512325763702393,0.0,0.00237768585793674,0.5692486763000488,1.1783028841018677,53.24800109863281,0.3209875226020813
dfl_generated,dfl_evaluation_00,0.19858039915561676,19,PCC,B,3.051593065261841,0.0,0.0025232897605746984,0.5692486763000488,1.1783028841018677,53.24800109863281,0.3209875226020813
dfl_generated,dfl_evaluation_00,0.19858039915561676,19,PCC,C,3.0543642044067383,0.0,0.002208927646279335,0.5692486763000488,1.1783028841018677,53.24800109863281,0.3209875226020813
dfl_generated,dfl_evaluation_00,0.19858039915561676,20,PCC,A,2.8824448585510254,0.0,0.0,0.458400696516037,1.173907995223999,53.24800109863281,0.33366674184799194
dfl_generated,dfl_evaluation_00,0.19858039915561676,20,PCC,B,2.8775830268859863,0.0,5.897302798985038e-06,0.458400696516037,1.173907995223999,53.24800109863281,0.33366674184799194
dfl_generated,dfl_evaluation_00,0.19858039915561676,20,PCC,C,2.881058692932129,0.0,3.8622783904429525e-07,0.458400696516037,1.173907995223999,53.24800109863281,0.33366674184799194
dfl_generated,dfl_evaluation_00,0.19858039915561676,21,PCC,A,2.7890403270721436,0.0,3.582104852739576e-07,0.39928483963012695,1.1706042289733887,53.24800109863281,0.3445003628730774
dfl_generated,dfl_evaluation_00,0.19858039915561676,21,PCC,B,2.786452531814575,0.0,0.0,0.39928483963012695,1.1706042289733887,53.24800109863281,0.3445003628730774
dfl_generated,dfl_evaluation_00,0.19858039915561676,21,PCC,C,2.7874138355255127,0.0,0.0,0.39928483963012695,1.1706042289733887,53.24800109863281,0.3445003628730774
dfl_generated,dfl_evaluation_00,0.19858039915561676,22,PCC,A,2.7333719730377197,0.0,0.0,0.3637107312679291,1.1666640043258667,53.24800109863281,0.32986754179000854
dfl_generated,dfl_evaluation_00,0.19858039915561676,22,PCC,B,2.7296314239501953,0.0,6.693247769362642e-07,0.3637107312679291,1.1666640043258667,53.24800109863281,0.32986754179000854
dfl_generated,dfl_evaluation_00,0.19858039915561676,22,PCC,C,2.728181838989258,0.0,3.3613316645642044e-06,0.3637107312679291,1.1666640043258667,53.24800109863281,0.32986754179000854
dfl_generated,dfl_evaluation_00,0.19858039915561676,23,PCC,A,2.699237823486328,0.0,0.0,0.34759950637817383,1.1671034097671509,53.24800109863281,0.3312799632549286
dfl_generated,dfl_evaluation_00,0.19858039915561676,23,PCC,B,2.699375629425049,0.0,0.0,0.34759950637817383,1.1671034097671509,53.24800109863281,0.3312799632549286
dfl_generated,dfl_evaluation_00,0.19858039915561676,23,PCC,C,2.6998395919799805,0.0,2.5347696919197915e-06,0.34759950637817383,1.1671034097671509,53.24800109863281,0.3312799632549286
dfl_generated,dfl_evaluation_00,0.19858039915561676,24,PCC,A,2.6193714141845703,0.0,6.411786444004974e-07,0.29431068897247314,1.1649253368377686,53.24800109863281,0.3231917917728424
dfl_generated,dfl_evaluation_00,0.19858039915561676,24,PCC,B,2.618482828140259,0.0,0.0,0.29431068897247314,1.1649253368377686,53.24800109863281,0.3231917917728424
dfl_generated,dfl_evaluation_00,0.19858039915561676,24,PCC,C,2.6189255714416504,0.0,0.0,0.29431068897247314,1.1649253368377686,53.24800109863281,0.3231917917728424
dfl_generated,dfl_evaluation_00,0.19858039915561676,25,PCC,A,2.6508612632751465,0.0,5.5258310567296576e-06,0.3179371654987335,1.164070725440979,53.24800109863281,0.3289507031440735
dfl_generated,dfl_evaluation_00,0.19858039915561676,25,PCC,B,2.6493139266967773,0.0,1.2155969670857303e-06,0.3179371654987335,1.164070725440979,53.24800109863281,0.3289507031440735
dfl_generated,dfl_evaluation_00,0.19858039915561676,25,PCC,C,2.6494531631469727,0.0,0.0,0.3179371654987335,1.164070725440979,53.24800109863281,0.3289507031440735
dfl_generated,dfl_evaluation_00,0.19858039915561676,26,PCC,A,2.5108489990234375,0.0,3.537242037054966e-06,0.2232462614774704,1.1617448329925537,53.24800109863281,0.3247455954551697
dfl_generated,dfl_evaluation_00,0.19858039915561676,26,PCC,B,2.5102171897888184,0.0,0.0,0.2232462614774704,1.1617448329925537,53.24800109863281,0.3247455954551697
dfl_generated,dfl_evaluation_00,0.19858039915561676,26,PCC,C,2.50897479057312,0.0,5.667470190928725e-07,0.2232462614774704,1.1617448329925537,53.24800109863281,0.3247455954551697
dfl_generated,dfl_evaluation_00,0.19858039915561676,27,PCC,A,2.563427209854126,0.0,1.7789858475225628e-06,0.2633455991744995,1.1596159934997559,53.24800109863281,0.30898430943489075
dfl_generated,dfl_evaluation_00,0.19858039915561676,27,PCC,B,2.563384771347046,0.0,0.0,0.2633455991744995,1.1596159934997559,53.24800109863281,0.30898430943489075
dfl_generated,dfl_evaluation_00,0.19858039915561676,27,PCC,C,2.5650696754455566,0.0,0.0,0.2633455991744995,1.1596159934997559,53.24800109863281,0.30898430943489075
dfl_generated,dfl_evaluation_00,0.19858039915561676,28,PCC,A,2.623891592025757,0.0,4.484063083509682e-06,0.3060445785522461,1.15886652469635,53.24800109863281,0.3392452597618103
dfl_generated,dfl_evaluation_00,0.19858039915561676,28,PCC,B,2.6234030723571777,0.0,7.599992841278436e-06,0.3060445785522461,1.15886652469635,53.24800109863281,0.3392452597618103
dfl_generated,dfl_evaluation_00,0.19858039915561676,28,PCC,C,2.6244242191314697,0.0,9.060757292900234e-06,0.3060445785522461,1.15886652469635,53.24800109863281,0.3392452597618103
dfl_generated,dfl_evaluation_00,0.19858039915561676,29,PCC,A,2.5976908206939697,0.0,0.002294122241437435,0.2850128710269928,1.1599267721176147,53.24800109863281,0.3321957588195801
dfl_generated,dfl_evaluation_00,0.19858039915561676,29,PCC,B,2.5953075885772705,0.0,0.002565142000094056,0.2850128710269928,1.1599267721176147,53.24800109863281,0.3321957588195801
dfl_generated,dfl_evaluation_00,0.19858039915561676,29,PCC,C,2.5965588092803955,0.0,0.002619133796542883,0.2850128710269928,1.1599267721176147,53.24800109863281,0.3321957588195801
dfl_generated,dfl_evaluation_00,0.19858039915561676,30,PCC,A,2.791639804840088,0.0,0.049279771745204926,0.4131304621696472,1.1638706922531128,53.24800109863281,0.316957026720047
dfl_generated,dfl_evaluation_00,0.19858039915561676,30,PCC,B,2.7931811809539795,0.0,0.053589798510074615,0.4131304621696472,1.1638706922531128,53.24800109863281,0.316957026720047
dfl_generated,dfl_evaluation_00,0.19858039915561676,30,PCC,C,2.7911429405212402,0.0,0.05105751380324364,0.4131304621696472,1.1638706922531128,53.24800109863281,0.316957026720047
dfl_generated,dfl_evaluation_00,0.19858039915561676,31,PCC,A,3.0684142112731934,0.0,0.24005314707756042,0.5887197852134705,1.172763705253601,53.24800109863281,0.29102909564971924
dfl_generated,dfl_evaluation_00,0.19858039915561676,31,PCC,B,3.0685322284698486,0.0,0.24218489229679108,0.5887197852134705,1.172763705253601,53.24800109863281,0.29102909564971924
dfl_generated,dfl_evaluation_00,0.19858039915561676,31,PCC,C,3.0661487579345703,0.0,0.22294291853904724,0.5887197852134705,1.172763705253601,53.24800109863281,0.29102909564971924
dfl_generated,dfl_evaluation_00,0.19858039915561676,32,PCC,A,2.8417320251464844,0.0,0.46175944805145264,0.41616514325141907,1.1872317790985107,53.24800109863281,0.24797627329826355
dfl_generated,dfl_evaluation_00,0.19858039915561676,32,PCC,B,2.8440089225769043,0.0,0.4676557183265686,0.41616514325141907,1.1872317790985107,53.24800109863281,0.24797627329826355
dfl_generated,dfl_evaluation_00,0.19858039915561676,32,PCC,C,2.8411123752593994,0.0,0.4861654043197632,0.41616514325141907,1.1872317790985107,53.24800109863281,0.24797627329826355
dfl_generated,dfl_evaluation_00,0.19858039915561676,33,PCC,A,3.008159637451172,0.0,0.6784858107566833,0.5137431621551514,1.197511911392212,53.24800109863281,0.2616657316684723
dfl_generated,dfl_evaluation_00,0.19858039915561676,33,PCC,B,3.006497859954834,0.0,0.6236079335212708,0.5137431621551514,1.197511911392212,53.24800109863281,0.2616657316684723
dfl_generated,dfl_evaluation_00,0.19858039915561676,33,PCC,C,3.016444206237793,0.0,0.6414872407913208,0.5137431621551514,1.197511911392212,53.24800109863281,0.2616657316684723
dfl_generated,dfl_evaluation_00,0.19858039915561676,34,PCC,A,2.8044180870056152,0.0,0.8118259310722351,0.3643687963485718,1.2033017873764038,53.24800109863281,0.2726280689239502
dfl_generated,dfl_evaluation_00,0.19858039915561676,34,PCC,B,2.7966415882110596,0.0,0.810360312461853,0.3643687963485718,1.2033017873764038,53.24800109863281,0.2726280689239502
dfl_generated,dfl_evaluation_00,0.19858039915561676,34,PCC,C,2.8030591011047363,0.0,0.8346280455589294,0.3643687963485718,1.2033017873764038,53.24800109863281,0.2726280689239502
dfl_generated,dfl_evaluation_00,0.19858039915561676,35,PCC,A,2.809250593185425,0.0,0.9076064825057983,0.36136627197265625,1.2085040807724,53.24800109863281,0.2885546386241913
dfl_generated,dfl_evaluation_00,0.19858039915561676,35,PCC,B,2.8193538188934326,0.0,0.8622795343399048,0.36136627197265625,1.2085040807724,53.24800109863281,0.2885546386241913
dfl_generated,dfl_evaluation_00,0.19858039915561676,35,PCC,C,2.817139148712158,0.0,0.8902039527893066,0.36136627197265625,1.2085040807724,53.24800109863281,0.2885546386241913
dfl_generated,dfl_evaluation_00,0.19858039915561676,36,PCC,A,3.0874035358428955,0.0,0.9327871799468994,0.5383059978485107,1.2148795127868652,53.24800109863281,0.2993510663509369
dfl_generated,dfl_evaluation_00,0.19858039915561676,36,PCC,B,3.0879263877868652,0.0,0.9057183265686035,0.5383059978485107,1.2148795127868652,53.24800109863281,0.2993510663509369
dfl_generated,dfl_evaluation_00,0.19858039915561676,36,PCC,C,3.092694044113159,0.0,0.9310702681541443,0.5383059978485107,1.2148795127868652,53.24800109863281,0.2993510663509369
dfl_generated,dfl_evaluation_00,0.19858039915561676,37,PCC,A,3.1906967163085938,0.0,0.9008965492248535,0.6031783223152161,1.215850591659546,53.24800109863281,0.2992907464504242
dfl_generated,dfl_evaluation_00,0.19858039915561676,37,PCC,B,3.1969754695892334,0.0,0.8947843313217163,0.6031783223152161,1.215850591659546,53.24800109863281,0.2992907464504242
dfl_generated,dfl_evaluation_00,0.19858039915561676,37,PCC,C,3.1964468955993652,0.0,0.8748894333839417,0.6031783223152161,1.215850591659546,53.24800109863281,0.2992907464504242
dfl_generated,dfl_evaluation_00,0.19858039915561676,38,PCC,A,3.2939562797546387,0.0,0.8034560680389404,0.6654155254364014,1.216140627861023,53.24800109863281,0.29960331320762634
dfl_generated,dfl_evaluation_00,0.19858039915561676,38,PCC,B,3.2828073501586914,0.0,0.7996238470077515,0.6654155254364014,1.216140627861023,53.24800109863281,0.29960331320762634
dfl_generated,dfl_evaluation_00,0.19858039915561676,38,PCC,C,3.2815542221069336,0.0,0.8083664178848267,0.6654155254364014,1.216140627861023,53.24800109863281,0.29960331320762634
dfl_generated,dfl_evaluation_00,0.19858039915561676,39,PCC,A,3.051272392272949,0.0,0.6274037957191467,0.5210045576095581,1.209828495979309,53.24800109863281,0.3047788143157959
dfl_generated,dfl_evaluation_00,0.19858039915561676,39,PCC,B,3.0662765502929688,0.0,0.6348007917404175,0.5210045576095581,1.209828495979309,53.24800109863281,0.3047788143157959
dfl_generated,dfl_evaluation_00,0.19858039915561676,39,PCC,C,3.052248239517212,0.0,0.6351697444915771,0.5210045576095581,1.209828495979309,53.24800109863281,0.3047788143157959
dfl_generated,dfl_evaluation_00,0.19858039915561676,40,PCC,A,3.108262538909912,0.0,0.4181928336620331,0.5631123185157776,1.206478476524353,53.24800109863281,0.3289695084095001
dfl_generated,dfl_evaluation_00,0.19858039915561676,40,PCC,B,3.1090240478515625,0.0,0.4255591928958893,0.5631123185157776,1.206478476524353,53.24800109863281,0.3289695084095001
dfl_generated,dfl_evaluation_00,0.19858039915561676,40,PCC,C,3.1029694080352783,0.0,0.43552929162979126,0.5631123185157776,1.206478476524353,53.24800109863281,0.3289695084095001
dfl_generated,dfl_evaluation_00,0.19858039915561676,41,PCC,A,3.030648946762085,0.0,0.20518383383750916,0.5185338854789734,1.1948790550231934,53.24800109863281,0.336872935295105
dfl_generated,dfl_evaluation_00,0.19858039915561676,41,PCC,B,3.0275425910949707,0.0,0.1946037858724594,0.5185338854789734,1.1948790550231934,53.24800109863281,0.336872935295105
dfl_generated,dfl_evaluation_00,0.19858039915561676,41,PCC,C,3.030545949935913,0.0,0.19366644322872162,0.5185338854789734,1.1948790550231934,53.24800109863281,0.336872935295105
dfl_generated,dfl_evaluation_00,0.19858039915561676,42,PCC,A,2.973810911178589,0.0,0.04933615401387215,0.501911997795105,1.191590428352356,53.24800109863281,0.3309348225593567
dfl_generated,dfl_evaluation_00,0.19858039915561676,42,PCC,B,2.978659152984619,0.0,0.04655759781599045,0.501911997795105,1.191590428352356,53.24800109863281,0.3309348225593567
dfl_generated,dfl_evaluation_00,0.19858039915561676,42,PCC,C,2.9784598350524902,0.0,0.04509925842285156,0.501911997795105,1.191590428352356,53.24800109863281,0.3309348225593567
dfl_generated,dfl_evaluation_00,0.19858039915561676,43,PCC,A,3.0602986812591553,0.0,0.0021592865232378244,0.5692486763000488,1.1812374591827393,53.24800109863281,0.33558955788612366
dfl_generated,dfl_evaluation_00,0.19858039915561676,43,PCC,B,3.0622355937957764,0.0,0.001963843824341893,0.5692486763000488,1.1812374591827393,53.24800109863281,0.33558955788612366
dfl_generated,dfl_evaluation_00,0.19858039915561676,43,PCC,C,3.0581040382385254,0.0,0.0023627160117030144,0.5692486763000488,1.1812374591827393,53.24800109863281,0.33558955788612366
dfl_generated,dfl_evaluation_00,0.19858039915561676,44,PCC,A,2.8836734294891357,0.0,1.2754366025546915e-06,0.458400696516037,1.1764124631881714,53.24800109863281,0.35019075870513916
dfl_generated,dfl_evaluation_00,0.19858039915561676,44,PCC,B,2.8802642822265625,0.0,4.6060307568041026e-07,0.458400696516037,1.1764124631881714,53.24800109863281,0.35019075870513916
dfl_generated,dfl_evaluation_00,0.19858039915561676,44,PCC,C,2.8809468746185303,0.0,2.827510797942523e-06,0.458400696516037,1.1764124631881714,53.24800109863281,0.35019075870513916
dfl_generated,dfl_evaluation_00,0.19858039915561676,45,PCC,A,2.7892215251922607,0.0,7.47702245007531e-07,0.39928483963012695,1.1702806949615479,53.24800109863281,0.3492613136768341
dfl_generated,dfl_evaluation_00,0.19858039915561676,45,PCC,B,2.7916643619537354,0.0,0.0,0.39928483963012695,1.1702806949615479,53.24800109863281,0.3492613136768341
dfl_generated,dfl_evaluation_00,0.19858039915561676,45,PCC,C,2.789445400238037,0.0,1.1077234063350261e-07,0.39928483963012695,1.1702806949615479,53.24800109863281,0.3492613136768341
dfl_generated,dfl_evaluation_00,0.19858039915561676,46,PCC,A,2.732029914855957,0.0,1.3616756859846646e-06,0.3637107312679291,1.169529676437378,53.24800109863281,0.3221166729927063
dfl_generated,dfl_evaluation_00,0.19858039915561676,46,PCC,B,2.731698513031006,0.0,5.553876576414041e-07,0.3637107312679291,1.169529676437378,53.24800109863281,0.3221166729927063
dfl_generated,dfl_evaluation_00,0.19858039915561676,46,PCC,C,2.726839542388916,0.0,0.0,0.3637107312679291,1.169529676437378,53.24800109863281,0.3221166729927063
dfl_generated,dfl_evaluation_00,0.19858039915561676,47,PCC,A,2.7034428119659424,0.0,0.0,0.34759950637817383,1.1672254800796509,53.24800109863281,0.34732362627983093
dfl_generated,dfl_evaluation_00,0.19858039915561676,47,PCC,B,2.700821876525879,0.0,9.043812383424665e-07,0.34759950637817383,1.1672254800796509,53.24800109863281,0.34732362627983093
dfl_generated,dfl_evaluation_00,0.19858039915561676,47,PCC,C,2.699247121810913,0.0,4.790623506778502e-07,0.34759950637817383,1.1672254800796509,53.24800109863281,0.34732362627983093
dfl_generated,dfl_evaluation_01,0.0023659924045205116,0,PCC,A,2.603878974914551,0.0,1.427882693860738e-06,0.29431068897247314,1.1564371585845947,53.24800109863281,0.29862698912620544
dfl_generated,dfl_evaluation_01,0.0023659924045205116,0,PCC,B,2.601201295852661,0.0,1.4012682640895946e-06,0.29431068897247314,1.1564371585845947,53.24800109863281,0.29862698912620544
dfl_generated,dfl_evaluation_01,0.0023659924045205116,0,PCC,C,2.600080728530884,0.0,7.914379125395499e-07,0.29431068897247314,1.1564371585845947,53.24800109863281,0.29862698912620544
dfl_generated,dfl_evaluation_01,0.0023659924045205116,1,PCC,A,2.633798360824585,0.0,2.5379922590218484e-06,0.3179371654987335,1.1553852558135986,34.72425079345703,0.31501269340515137
dfl_generated,dfl_evaluation_01,0.0023659924045205116,1,PCC,B,2.634150743484497,0.0,1.7773504623619374e-06,0.3179371654987335,1.1553852558135986,34.72425079345703,0.31501269340515137
dfl_generated,dfl_evaluation_01,0.0023659924045205116,1,PCC,C,2.635026454925537,0.0,5.698041150026256e-07,0.3179371654987335,1.1553852558135986,34.72425079345703,0.31501269340515137
dfl_generated,dfl_evaluation_01,0.0023659924045205116,2,PCC,A,2.4974117279052734,0.0,1.1746361394671112e-07,0.2232462614774704,1.1544760465621948,34.72425079345703,0.29651978611946106
dfl_generated,dfl_evaluation_01,0.0023659924045205116,2,PCC,B,2.4964373111724854,0.0,1.8119375226888224e-06,0.2232462614774704,1.1544760465621948,34.72425079345703,0.29651978611946106
dfl_generated,dfl_evaluation_01,0.0023659924045205116,2,PCC,C,2.4981529712677,0.0,0.0,0.2232462614774704,1.1544760465621948,34.72425079345703,0.29651978611946106
dfl_generated,dfl_evaluation_01,0.0023659924045205116,3,PCC,A,2.5526912212371826,0.0,1.1376771453797119e-06,0.2633455991744995,1.15360426902771,53.24800109863281,0.29802176356315613
dfl_generated,dfl_evaluation_01,0.0023659924045205116,3,PCC,B,2.553605079650879,0.0,0.0,0.2633455991744995,1.15360426902771,53.24800109863281,0.29802176356315613
dfl_generated,dfl_evaluation_01,0.0023659924045205116,3,PCC,C,2.5526506900787354,0.0,0.0,0.2633455991744995,1.15360426902771,53.24800109863281,0.29802176356315613
dfl_generated,dfl_evaluation_01,0.0023659924045205116,4,PCC,A,2.6123530864715576,0.0,0.0,0.3060445785522461,1.1533576250076294,53.24800109863281,0.2941674590110779
dfl_generated,dfl_evaluation_01,0.0023659924045205116,4,PCC,B,2.6140947341918945,0.0,0.0,0.3060445785522461,1.1533576250076294,53.24800109863281,0.2941674590110779
dfl_generated,dfl_evaluation_01,0.0023659924045205116,4,PCC,C,2.613546133041382,0.0,0.0,0.3060445785522461,1.1533576250076294,53.24800109863281,0.2941674590110779
dfl_generated,dfl_evaluation_01,0.0023659924045205116,5,PCC,A,2.583784818649292,0.0,0.001707455376163125,0.2850128710269928,1.1539136171340942,53.24800109863281,0.28469815850257874
dfl_generated,dfl_evaluation_01,0.0023659924045205116,5,PCC,B,2.584660768508911,0.0,0.0015448041958734393,0.2850128710269928,1.1539136171340942,53.24800109863281,0.28469815850257874
dfl_generated,dfl_evaluation_01,0.0023659924045205116,5,PCC,C,2.584538459777832,0.0,0.0015702948439866304,0.2850128710269928,1.1539136171340942,53.24800109863281,0.28469815850257874
dfl_generated,dfl_evaluation_01,0.0023659924045205116,6,PCC,A,2.7741918563842773,0.0,0.03467683866620064,0.4131304621696472,1.156747817993164,121.88175201416016,0.273125022649765
dfl_generated,dfl_evaluation_01,0.0023659924045205116,6,PCC,B,2.7769813537597656,0.0,0.03685775399208069,0.4131304621696472,1.156747817993164,121.88175201416016,0.273125022649765
dfl_generated,dfl_evaluation_01,0.0023659924045205116,6,PCC,C,2.774841785430908,0.0,0.03356450796127319,0.4131304621696472,1.156747817993164,121.88175201416016,0.273125022649765
dfl_generated,dfl_evaluation_01,0.0023659924045205116,7,PCC,A,3.041811466217041,0.0,0.19101209938526154,0.5887197852134705,1.1609150171279907,121.88175201416016,0.2642768919467926
dfl_generated,dfl_evaluation_01,0.0023659924045205116,7,PCC,B,3.040294885635376,0.0,0.18816255033016205,0.5887197852134705,1.1609150171279907,121.88175201416016,0.2642768919467926
dfl_generated,dfl_evaluation_01,0.0023659924045205116,7,PCC,C,3.0427513122558594,0.0,0.17445747554302216,0.5887197852134705,1.1609150171279907,121.88175201416016,0.2642768919467926
dfl_generated,dfl_evaluation_01,0.0023659924045205116,8,PCC,A,2.8026676177978516,0.0,0.40839704871177673,0.41616514325141907,1.1674599647521973,121.88175201416016,0.24575845897197723
dfl_generated,dfl_evaluation_01,0.0023659924045205116,8,PCC,B,2.8016281127929688,0.0,0.4200068712234497,0.41616514325141907,1.1674599647521973,121.88175201416016,0.24575845897197723
dfl_generated,dfl_evaluation_01,0.0023659924045205116,8,PCC,C,2.800218343734741,0.0,0.4191913604736328,0.41616514325141907,1.1674599647521973,121.88175201416016,0.24575845897197723
dfl_generated,dfl_evaluation_01,0.0023659924045205116,9,PCC,A,2.9574050903320312,0.0,0.667387843132019,0.5137431621551514,1.1730345487594604,121.88175201416016,0.23071567714214325
dfl_generated,dfl_evaluation_01,0.0023659924045205116,9,PCC,B,2.9577338695526123,0.0,0.6827734112739563,0.5137431621551514,1.1730345487594604,121.88175201416016,0.23071567714214325
dfl_generated,dfl_evaluation_01,0.0023659924045205116,9,PCC,C,2.9576237201690674,0.0,0.6841511726379395,0.5137431621551514,1.1730345487594604,121.88175201416016,0.23071567714214325
dfl_generated,dfl_evaluation_01,0.0023659924045205116,10,PCC,A,2.746337652206421,0.0,0.8322687745094299,0.3643687963485718,1.1786502599716187,53.24800109863281,0.2567135989665985
dfl_generated,dfl_evaluation_01,0.0023659924045205116,10,PCC,B,2.7424259185791016,0.0,0.8513218760490417,0.3643687963485718,1.1786502599716187,53.24800109863281,0.2567135989665985
dfl_generated,dfl_evaluation_01,0.0023659924045205116,10,PCC,C,2.744567632675171,0.0,0.8323463201522827,0.3643687963485718,1.1786502599716187,53.24800109863281,0.2567135989665985
dfl_generated,dfl_evaluation_01,0.0023659924045205116,11,PCC,A,2.750869035720825,0.0,0.9151554107666016,0.36136627197265625,1.1827630996704102,53.24800109863281,0.2721770703792572
dfl_generated,dfl_evaluation_01,0.0023659924045205116,11,PCC,B,2.751833200454712,0.0,0.9034597277641296,0.36136627197265625,1.1827630996704102,53.24800109863281,0.2721770703792572
dfl_generated,dfl_evaluation_01,0.0023659924045205116,11,PCC,C,2.75152325630188,0.0,0.8855475783348083,0.36136627197265625,1.1827630996704102,53.24800109863281,0.2721770703792572
dfl_generated,dfl_evaluation_01,0.0023659924045205116,12,PCC,A,3.018425703048706,0.0,0.9388028979301453,0.5383059978485107,1.1793835163116455,34.72425079345703,0.2730291783809662
dfl_generated,dfl_evaluation_01,0.0023659924045205116,12,PCC,B,3.022467613220215,0.0,0.9241334199905396,0.5383059978485107,1.1793835163116455,34.72425079345703,0.2730291783809662
dfl_generated,dfl_evaluation_01,0.0023659924045205116,12,PCC,C,3.020695924758911,0.0,0.9146245718002319,0.5383059978485107,1.1793835163116455,34.72425079345703,0.2730291783809662
dfl_generated,dfl_evaluation_01,0.0023659924045205116,13,PCC,A,3.1180601119995117,0.0,0.927445113658905,0.6031783223152161,1.1819182634353638,34.72425079345703,0.27367109060287476
dfl_generated,dfl_evaluation_01,0.0023659924045205116,13,PCC,B,3.118717908859253,0.0,0.9110043048858643,0.6031783223152161,1.1819182634353638,34.72425079345703,0.27367109060287476
dfl_generated,dfl_evaluation_01,0.0023659924045205116,13,PCC,C,3.117570161819458,0.0,0.9061804413795471,0.6031783223152161,1.1819182634353638,34.72425079345703,0.27367109060287476
dfl_generated,dfl_evaluation_01,0.0023659924045205116,14,PCC,A,3.206963300704956,0.0,0.8244672417640686,0.6654155254364014,1.1869213581085205,34.72425079345703,0.26819393038749695
dfl_generated,dfl_evaluation_01,0.0023659924045205116,14,PCC,B,3.211333751678467,0.0,0.8114867806434631,0.6654155254364014,1.1869213581085205,34.72425079345703,0.26819393038749695
dfl_generated,dfl_evaluation_01,0.0023659924045205116,14,PCC,C,3.205268621444702,0.0,0.8140621185302734,0.6654155254364014,1.1869213581085205,34.72425079345703,0.26819393038749695
dfl_generated,dfl_evaluation_01,0.0023659924045205116,15,PCC,A,2.9846129417419434,0.0,0.6505348086357117,0.5210045576095581,1.1852381229400635,34.72425079345703,0.268052339553833
dfl_generated,dfl_evaluation_01,0.0023659924045205116,15,PCC,B,2.983790874481201,0.0,0.6351330876350403,0.5210045576095581,1.1852381229400635,34.72425079345703,0.268052339553833
dfl_generated,dfl_evaluation_01,0.0023659924045205116,15,PCC,C,2.992239236831665,0.0,0.6360830068588257,0.5210045576095581,1.1852381229400635,34.72425079345703,0.268052339553833
dfl_generated,dfl_evaluation_01,0.0023659924045205116,16,PCC,A,3.047420024871826,0.0,0.42717036604881287,0.5631123185157776,1.1815134286880493,53.24800109863281,0.2741239368915558
dfl_generated,dfl_evaluation_01,0.0023659924045205116,16,PCC,B,3.050830364227295,0.0,0.4079160988330841,0.5631123185157776,1.1815134286880493,53.24800109863281,0.2741239368915558
dfl_generated,dfl_evaluation_01,0.0023659924045205116,16,PCC,C,3.0406289100646973,0.0,0.4321396052837372,0.5631123185157776,1.1815134286880493,53.24800109863281,0.2741239368915558
dfl_generated,dfl_evaluation_01,0.0023659924045205116,17,PCC,A,2.9649603366851807,0.0,0.1614026129245758,0.5185338854789734,1.1733773946762085,53.24800109863281,0.26985299587249756
dfl_generated,dfl_evaluation_01,0.0023659924045205116,17,PCC,B,2.965481996536255,0.0,0.17272883653640747,0.5185338854789734,1.1733773946762085,53.24800109863281,0.26985299587249756
dfl_generated,dfl_evaluation_01,0.0023659924045205116,17,PCC,C,2.9681994915008545,0.0,0.15820105373859406,0.5185338854789734,1.1733773946762085,53.24800109863281,0.26985299587249756
dfl_generated,dfl_evaluation_01,0.0023659924045205116,18,PCC,A,2.929675817489624,0.0,0.028994975611567497,0.501911997795105,1.167216181755066,53.24800109863281,0.27277448773384094
dfl_generated,dfl_evaluation_01,0.0023659924045205116,18,PCC,B,2.9244461059570312,0.0,0.0345519483089447,0.501911997795105,1.167216181755066,53.24800109863281,0.27277448773384094
dfl_generated,dfl_evaluation_01,0.0023659924045205116,18,PCC,C,2.9280176162719727,0.0,0.03042594902217388,0.501911997795105,1.167216181755066,53.24800109863281,0.27277448773384094
dfl_generated,dfl_evaluation_01,0.0023659924045205116,19,PCC,A,3.0141711235046387,0.0,0.0010774473194032907,0.5692486763000488,1.1626149415969849,53.24800109863281,0.2730800211429596
dfl_generated,dfl_evaluation_01,0.0023659924045205116,19,PCC,B,3.012730836868286,0.0,0.001422773813828826,0.5692486763000488,1.1626149415969849,53.24800109863281,0.2730800211429596
dfl_generated,dfl_evaluation_01,0.0023659924045205116,19,PCC,C,3.015225648880005,0.0,0.0011901671532541513,0.5692486763000488,1.1626149415969849,53.24800109863281,0.2730800211429596
dfl_generated,dfl_evaluation_01,0.0023659924045205116,20,PCC,A,2.8534326553344727,0.0,0.0,0.458400696516037,1.161147952079773,53.24800109863281,0.28106486797332764
dfl_generated,dfl_evaluation_01,0.0023659924045205116,20,PCC,B,2.8525307178497314,0.0,0.0,0.458400696516037,1.161147952079773,53.24800109863281,0.28106486797332764
dfl_generated,dfl_evaluation_01,0.0023659924045205116,20,PCC,C,2.8530895709991455,0.0,0.0,0.458400696516037,1.161147952079773,53.24800109863281,0.28106486797332764
dfl_generated,dfl_evaluation_01,0.0023659924045205116,21,PCC,A,2.7600138187408447,0.0,3.3568340995770996e-07,0.39928483963012695,1.160048484802246,53.24800109863281,0.2888011932373047
dfl_generated,dfl_evaluation_01,0.0023659924045205116,21,PCC,B,2.7595088481903076,0.0,4.163735411566449e-06,0.39928483963012695,1.160048484802246,53.24800109863281,0.2888011932373047
dfl_generated,dfl_evaluation_01,0.0023659924045205116,21,PCC,C,2.7609989643096924,0.0,0.0,0.39928483963012695,1.160048484802246,53.24800109863281,0.2888011932373047
dfl_generated,dfl_evaluation_01,0.0023659924045205116,22,PCC,A,2.7066707611083984,0.0,0.0,0.3637107312679291,1.1575160026550293,53.24800109863281,0.28562065958976746
dfl_generated,dfl_evaluation_01,0.0023659924045205116,22,PCC,B,2.7079806327819824,0.0,0.0,0.3637107312679291,1.1575160026550293,53.24800109863281,0.28562065958976746
dfl_generated,dfl_evaluation_01,0.0023659924045205116,22,PCC,C,2.7065274715423584,0.0,0.0,0.3637107312679291,1.1575160026550293,53.24800109863281,0.28562065958976746
dfl_generated,dfl_evaluation_01,0.0023659924045205116,23,PCC,A,2.68087100982666,0.0,9.438607548872824e-07,0.34759950637817383,1.1568890810012817,53.24800109863281,0.2967486083507538
dfl_generated,dfl_evaluation_01,0.0023659924045205116,23,PCC,B,2.680861234664917,0.0,1.219787463924149e-06,0.34759950637817383,1.1568890810012817,53.24800109863281,0.2967486083507538
dfl_generated,dfl_evaluation_01,0.0023659924045205116,23,PCC,C,2.677353620529175,0.0,2.595666614979564e-07,0.34759950637817383,1.1568890810012817,53.24800109863281,0.2967486083507538
dfl_generated,dfl_evaluation_01,0.0023659924045205116,24,PCC,A,2.602095603942871,0.0,6.664880629614345e-07,0.29431068897247314,1.1558892726898193,53.24800109863281,0.29438939690589905
dfl_generated,dfl_evaluation_01,0.0023659924045205116,24,PCC,B,2.6039628982543945,0.0,0.0,0.29431068897247314,1.1558892726898193,53.24800109863281,0.29438939690589905
dfl_generated,dfl_evaluation_01,0.0023659924045205116,24,PCC,C,2.5989480018615723,0.0,1.361480713057972e-06,0.29431068897247314,1.1558892726898193,53.24800109863281,0.29438939690589905
dfl_generated,dfl_evaluation_01,0.0023659924045205116,25,PCC,A,2.6345913410186768,0.0,0.0,0.3179371654987335,1.154761552810669,34.72425079345703,0.30111876130104065
dfl_generated,dfl_evaluation_01,0.0023659924045205116,25,PCC,B,2.6360979080200195,0.0,1.6946229379755096e-06,0.3179371654987335,1.154761552810669,34.72425079345703,0.30111876130104065
dfl_generated,dfl_evaluation_01,0.0023659924045205116,25,PCC,C,2.634862184524536,0.0,2.7261744435236324e-06,0.3179371654987335,1.154761552810669,34.72425079345703,0.30111876130104065
dfl_generated,dfl_evaluation_01,0.0023659924045205116,26,PCC,A,2.496049165725708,0.0,6.603151092576809e-08,0.2232462614774704,1.1546874046325684,34.72425079345703,0.3123534023761749
dfl_generated,dfl_evaluation_01,0.0023659924045205116,26,PCC,B,2.4964137077331543,0.0,1.928960500663379e-06,0.2232462614774704,1.1546874046325684,34.72425079345703,0.3123534023761749
dfl_generated,dfl_evaluation_01,0.0023659924045205116,26,PCC,C,2.4956655502319336,0.0,1.8468472262611613e-06,0.2232462614774704,1.1546874046325684,34.72425079345703,0.3123534023761749
dfl_generated,dfl_evaluation_01,0.0023659924045205116,27,PCC,A,2.5535542964935303,0.0,1.211499807141081e-06,0.2633455991744995,1.154181957244873,53.24800109863281,0.30460813641548157
dfl_generated,dfl_evaluation_01,0.0023659924045205116,27,PCC,B,2.55324649810791,0.0,0.0,0.2633455991744995,1.154181957244873,53.24800109863281,0.30460813641548157
dfl_generated,dfl_evaluation_01,0.0023659924045205116,27,PCC,C,2.5548253059387207,0.0,1.2847586958741886e-06,0.2633455991744995,1.154181957244873,53.24800109863281,0.30460813641548157
dfl_generated,dfl_evaluation_01,0.0023659924045205116,28,PCC,A,2.614703416824341,0.0,0.0,0.3060445785522461,1.1543138027191162,53.24800109863281,0.2956484258174896
dfl_generated,dfl_evaluation_01,0.0023659924045205116,28,PCC,B,2.6139447689056396,0.0,0.0,0.3060445785522461,1.1543138027191162,53.24800109863281,0.2956484258174896
dfl_generated,dfl_evaluation_01,0.0023659924045205116,28,PCC,C,2.614145040512085,0.0,7.618328368153016e-07,0.3060445785522461,1.1543138027191162,53.24800109863281,0.2956484258174896
dfl_generated,dfl_evaluation_01,0.0023659924045205116,29,PCC,A,2.5853326320648193,0.0,0.0016706439200788736,0.2850128710269928,1.1537320613861084,53.24800109863281,0.2816842496395111
dfl_generated,dfl_evaluation_01,0.0023659924045205116,29,PCC,B,2.585402250289917,0.0,0.0021262764930725098,0.2850128710269928,1.1537320613861084,53.24800109863281,0.2816842496395111
dfl_generated,dfl_evaluation_01,0.0023659924045205116,29,PCC,C,2.584308385848999,0.0,0.0019938736222684383,0.2850128710269928,1.1537320613861084,53.24800109863281,0.2816842496395111
dfl_generated,dfl_evaluation_01,0.0023659924045205116,30,PCC,A,2.774165153503418,0.0,0.03403797745704651,0.4131304621696472,1.1554023027420044,121.88175201416016,0.2713587284088135
dfl_generated,dfl_evaluation_01,0.0023659924045205116,30,PCC,B,2.7741386890411377,0.0,0.0374138280749321,0.4131304621696472,1.1554023027420044,121.88175201416016,0.2713587284088135
dfl_generated,dfl_evaluation_01,0.0023659924045205116,30,PCC,C,2.773627281188965,0.0,0.034263622015714645,0.4131304621696472,1.1554023027420044,121.88175201416016,0.2713587284088135
dfl_generated,dfl_evaluation_01,0.0023659924045205116,31,PCC,A,3.0373849868774414,0.0,0.1742977648973465,0.5887197852134705,1.1605641841888428,121.88175201416016,0.2607632577419281
dfl_generated,dfl_evaluation_01,0.0023659924045205116,31,PCC,B,3.041592597961426,0.0,0.1708735078573227,0.5887197852134705,1.1605641841888428,121.88175201416016,0.2607632577419281
dfl_generated,dfl_evaluation_01,0.0023659924045205116,31,PCC,C,3.0383968353271484,0.0,0.1596783697605133,0.5887197852134705,1.1605641841888428,121.88175201416016,0.2607632577419281
dfl_generated,dfl_evaluation_01,0.0023659924045205116,32,PCC,A,2.80180025100708,0.0,0.43344035744667053,0.41616514325141907,1.164397120475769,121.88175201416016,0.23730212450027466
dfl_generated,dfl_evaluation_01,0.0023659924045205116,32,PCC,B,2.8011763095855713,0.0,0.4306868612766266,0.41616514325141907,1.164397120475769,121.88175201416016,0.23730212450027466
dfl_generated,dfl_evaluation_01,0.0023659924045205116,32,PCC,C,2.8023746013641357,0.0,0.4318564534187317,0.41616514325141907,1.164397120475769,121.88175201416016,0.23730212450027466
dfl_generated,dfl_evaluation_01,0.0023659924045205116,33,PCC,A,2.957956314086914,0.0,0.6681388020515442,0.5137431621551514,1.1712443828582764,121.88175201416016,0.25345921516418457
dfl_generated,dfl_evaluation_01,0.0023659924045205116,33,PCC,B,2.9582762718200684,0.0,0.6639137268066406,0.5137431621551514,1.1712443828582764,121.88175201416016,0.25345921516418457
dfl_generated,dfl_evaluation_01,0.0023659924045205116,33,PCC,C,2.955200672149658,0.0,0.654959499835968,0.5137431621551514,1.1712443828582764,121.88175201416016,0.25345921516418457
dfl_generated,dfl_evaluation_01,0.0023659924045205116,34,PCC,A,2.754568099975586,0.0,0.8471117615699768,0.3643687963485718,1.1732310056686401,53.24800109863281,0.26076540350914
dfl_generated,dfl_evaluation_01,0.0023659924045205116,34,PCC,B,2.7499396800994873,0.0,0.8475084900856018,0.3643687963485718,1.1732310056686401,53.24800109863281,0.26076540350914
dfl_generated,dfl_evaluation_01,0.0023659924045205116,34,PCC,C,2.746103048324585,0.0,0.8423868417739868,0.3643687963485718,1.1732310056686401,53.24800109863281,0.26076540350914
dfl_generated,dfl_evaluation_01,0.0023659924045205116,35,PCC,A,2.751417636871338,0.0,0.916648268699646,0.36136627197265625,1.1789560317993164,53.24800109863281,0.271271288394928
dfl_generated,dfl_evaluation_01,0.0023659924045205116,35,PCC,B,2.7501749992370605,0.0,0.9095432758331299,0.36136627197265625,1.1789560317993164,53.24800109863281,0.271271288394928
dfl_generated,dfl_evaluation_01,0.0023659924045205116,35,PCC,C,2.7523419857025146,0.0,0.9329845309257507,0.36136627197265625,1.1789560317993164,53.24800109863281,0.271271288394928
dfl_generated,dfl_evaluation_01,0.0023659924045205116,36,PCC,A,3.01485538482666,0.0,0.9498886466026306,0.5383059978485107,1.184926986694336,34.72425079345703,0.27787041664123535
dfl_generated,dfl_evaluation_01,0.0023659924045205116,36,PCC,B,3.0157127380371094,0.0,0.9521572589874268,0.5383059978485107,1.184926986694336,34.72425079345703,0.27787041664123535
dfl_generated,dfl_evaluation_01,0.0023659924045205116,36,PCC,C,3.0153229236602783,0.0,0.9485805630683899,0.5383059978485107,1.184926986694336,34.72425079345703,0.27787041664123535
dfl_generated,dfl_evaluation_01,0.0023659924045205116,37,PCC,A,3.117565393447876,0.0,0.9413381814956665,0.6031783223152161,1.1849356889724731,34.72425079345703,0.276592880487442
dfl_generated,dfl_evaluation_01,0.0023659924045205116,37,PCC,B,3.1131560802459717,0.0,0.9203832149505615,0.6031783223152161,1.1849356889724731,34.72425079345703,0.276592880487442
dfl_generated,dfl_evaluation_01,0.0023659924045205116,37,PCC,C,3.1135194301605225,0.0,0.9217807650566101,0.6031783223152161,1.1849356889724731,34.72425079345703,0.276592880487442
dfl_generated,dfl_evaluation_01,0.0023659924045205116,38,PCC,A,3.2039783000946045,0.0,0.791682243347168,0.6654155254364014,1.188415765762329,34.72425079345703,0.2762060761451721
dfl_generated,dfl_evaluation_01,0.0023659924045205116,38,PCC,B,3.2086641788482666,0.0,0.8099843859672546,0.6654155254364014,1.188415765762329,34.72425079345703,0.2762060761451721
dfl_generated,dfl_evaluation_01,0.0023659924045205116,38,PCC,C,3.206226110458374,0.0,0.8104724884033203,0.6654155254364014,1.188415765762329,34.72425079345703,0.2762060761451721
dfl_generated,dfl_evaluation_01,0.0023659924045205116,39,PCC,A,2.9960103034973145,0.0,0.6439045071601868,0.5210045576095581,1.1812037229537964,34.72425079345703,0.2735317051410675
dfl_generated,dfl_evaluation_01,0.0023659924045205116,39,PCC,B,2.9937517642974854,0.0,0.6722741723060608,0.5210045576095581,1.1812037229537964,34.72425079345703,0.2735317051410675
dfl_generated,dfl_evaluation_01,0.0023659924045205116,39,PCC,C,2.987807035446167,0.0,0.663327157497406,0.5210045576095581,1.1812037229537964,34.72425079345703,0.2735317051410675
dfl_generated,dfl_evaluation_01,0.0023659924045205116,40,PCC,A,3.0459327697753906,0.0,0.43700751662254333,0.5631123185157776,1.180050015449524,53.24800109863281,0.2769308090209961
dfl_generated,dfl_evaluation_01,0.0023659924045205116,40,PCC,B,3.0470352172851562,0.0,0.43897905945777893,0.5631123185157776,1.180050015449524,53.24800109863281,0.2769308090209961
dfl_generated,dfl_evaluation_01,0.0023659924045205116,40,PCC,C,3.035270929336548,0.0,0.41720694303512573,0.5631123185157776,1.180050015449524,53.24800109863281,0.2769308090209961
dfl_generated,dfl_evaluation_01,0.0023659924045205116,41,PCC,A,2.9636831283569336,0.0,0.1663682609796524,0.5185338854789734,1.1724106073379517,53.24800109863281,0.28027281165122986
dfl_generated,dfl_evaluation_01,0.0023659924045205116,41,PCC,B,2.9701900482177734,0.0,0.15703743696212769,0.5185338854789734,1.1724106073379517,53.24800109863281,0.28027281165122986
dfl_generated,dfl_evaluation_01,0.0023659924045205116,41,PCC,C,2.968050003051758,0.0,0.1725955307483673,0.5185338854789734,1.1724106073379517,53.24800109863281,0.28027281165122986
dfl_generated,dfl_evaluation_01,0.0023659924045205116,42,PCC,A,2.9348526000976562,0.0,0.03307214751839638,0.501911997795105,1.1679145097732544,53.24800109863281,0.2767150402069092
dfl_generated,dfl_evaluation_01,0.0023659924045205116,42,PCC,B,2.9327991008758545,0.0,0.033512189984321594,0.501911997795105,1.1679145097732544,53.24800109863281,0.2767150402069092
dfl_generated,dfl_evaluation_01,0.0023659924045205116,42,PCC,C,2.9289557933807373,0.0,0.03398770093917847,0.501911997795105,1.1679145097732544,53.24800109863281,0.2767150402069092
dfl_generated,dfl_evaluation_01,0.0023659924045205116,43,PCC,A,3.022249460220337,0.0,0.0014122878201305866,0.5692486763000488,1.1646454334259033,53.24800109863281,0.27644819021224976
dfl_generated,dfl_evaluation_01,0.0023659924045205116,43,PCC,B,3.0186524391174316,0.0,0.0013777170097455382,0.5692486763000488,1.1646454334259033,53.24800109863281,0.27644819021224976
dfl_generated,dfl_evaluation_01,0.0023659924045205116,43,PCC,C,3.018402338027954,0.0,0.0013381389435380697,0.5692486763000488,1.1646454334259033,53.24800109863281,0.27644819021224976
dfl_generated,dfl_evaluation_01,0.0023659924045205116,44,PCC,A,2.851297378540039,0.0,0.0,0.458400696516037,1.159606695175171,53.24800109863281,0.2858433723449707
dfl_generated,dfl_evaluation_01,0.0023659924045205116,44,PCC,B,2.8524680137634277,0.0,0.0,0.458400696516037,1.159606695175171,53.24800109863281,0.2858433723449707
dfl_generated,dfl_evaluation_01,0.0023659924045205116,44,PCC,C,2.8498640060424805,0.0,0.0,0.458400696516037,1.159606695175171,53.24800109863281,0.2858433723449707
dfl_generated,dfl_evaluation_01,0.0023659924045205116,45,PCC,A,2.762904167175293,0.0,1.5012763014965458e-06,0.39928483963012695,1.1595171689987183,53.24800109863281,0.292407751083374
dfl_generated,dfl_evaluation_01,0.0023659924045205116,45,PCC,B,2.7620136737823486,0.0,0.0,0.39928483963012695,1.1595171689987183,53.24800109863281,0.292407751083374
dfl_generated,dfl_evaluation_01,0.0023659924045205116,45,PCC,C,2.7618844509124756,0.0,3.84154986932117e-07,0.39928483963012695,1.1595171689987183,53.24800109863281,0.292407751083374
dfl_generated,dfl_evaluation_01,0.0023659924045205116,46,PCC,A,2.7077622413635254,0.0,0.0,0.3637107312679291,1.1586824655532837,53.24800109863281,0.28568729758262634
dfl_generated,dfl_evaluation_01,0.0023659924045205116,46,PCC,B,2.7063632011413574,0.0,3.048330370347685e-07,0.3637107312679291,1.1586824655532837,53.24800109863281,0.28568729758262634
dfl_generated,dfl_evaluation_01,0.0023659924045205116,46,PCC,C,2.706935405731201,0.0,0.0,0.3637107312679291,1.1586824655532837,53.24800109863281,0.28568729758262634
dfl_generated,dfl_evaluation_01,0.0023659924045205116,47,PCC,A,2.6818654537200928,0.0,1.4804733154960559e-06,0.34759950637817383,1.1578234434127808,53.24800109863281,0.30223798751831055
dfl_generated,dfl_evaluation_01,0.0023659924045205116,47,PCC,B,2.682607889175415,0.0,2.849234306268045e-07,0.34759950637817383,1.1578234434127808,53.24800109863281,0.30223798751831055
dfl_generated,dfl_evaluation_01,0.0023659924045205116,47,PCC,C,2.682454824447632,0.0,0.0,0.34759950637817383,1.1578234434127808,53.24800109863281,0.30223798751831055
dfl_generated,dfl_evaluation_02,0.0023659924045205116,0,PCC,A,2.6107215881347656,0.0,5.370814051275374e-07,0.29431068897247314,1.1605817079544067,53.24800109863281,0.3211151361465454
dfl_generated,dfl_evaluation_02,0.0023659924045205116,0,PCC,B,2.6115145683288574,0.0,1.8134079482479137e-06,0.29431068897247314,1.1605817079544067,53.24800109863281,0.3211151361465454
dfl_generated,dfl_evaluation_02,0.0023659924045205116,0,PCC,C,2.6121838092803955,0.0,1.3497536883733119e-06,0.29431068897247314,1.1605817079544067,53.24800109863281,0.3211151361465454
dfl_generated,dfl_evaluation_02,0.0023659924045205116,1,PCC,A,2.6419098377227783,0.0,0.0,0.3179371654987335,1.1597942113876343,34.72425079345703,0.3200588524341583
dfl_generated,dfl_evaluation_02,0.0023659924045205116,1,PCC,B,2.6416826248168945,0.0,1.6062438135122648e-06,0.3179371654987335,1.1597942113876343,34.72425079345703,0.3200588524341583
dfl_generated,dfl_evaluation_02,0.0023659924045205116,1,PCC,C,2.6421291828155518,0.0,0.0,0.3179371654987335,1.1597942113876343,34.72425079345703,0.3200588524341583
dfl_generated,dfl_evaluation_02,0.0023659924045205116,2,PCC,A,2.5026721954345703,0.0,1.0898336313402979e-06,0.2232462614774704,1.158433198928833,34.72425079345703,0.3006938695907593
dfl_generated,dfl_evaluation_02,0.0023659924045205116,2,PCC,B,2.5030951499938965,0.0,0.0,0.2232462614774704,1.158433198928833,34.72425079345703,0.3006938695907593
dfl_generated,dfl_evaluation_02,0.0023659924045205116,2,PCC,C,2.504138708114624,0.0,0.0,0.2232462614774704,1.158433198928833,34.72425079345703,0.3006938695907593
dfl_generated,dfl_evaluation_02,0.0023659924045205116,3,PCC,A,2.5594422817230225,0.0,0.0,0.2633455991744995,1.157544493675232,34.72425079345703,0.30342593789100647
dfl_generated,dfl_evaluation_02,0.0023659924045205116,3,PCC,B,2.5582053661346436,0.0,1.1240550747970701e-06,0.2633455991744995,1.157544493675232,34.72425079345703,0.30342593789100647
dfl_generated,dfl_evaluation_02,0.0023659924045205116,3,PCC,C,2.558525800704956,0.0,0.0,0.2633455991744995,1.157544493675232,34.72425079345703,0.30342593789100647
dfl_generated,dfl_evaluation_02,0.0023659924045205116,4,PCC,A,2.6186459064483643,0.0,1.6039986121541006e-06,0.3060445785522461,1.1564209461212158,34.72425079345703,0.3176841735839844
dfl_generated,dfl_evaluation_02,0.0023659924045205116,4,PCC,B,2.621406078338623,0.0,0.0,0.3060445785522461,1.1564209461212158,34.72425079345703,0.3176841735839844
dfl_generated,dfl_evaluation_02,0.0023659924045205116,4,PCC,C,2.618999719619751,0.0,1.299209543503821e-06,0.3060445785522461,1.1564209461212158,34.72425079345703,0.3176841735839844
dfl_generated,dfl_evaluation_02,0.0023659924045205116,5,PCC,A,2.5912582874298096,0.0,0.0016431722324341536,0.2850128710269928,1.1571698188781738,34.72425079345703,0.31065452098846436
dfl_generated,dfl_evaluation_02,0.0023659924045205116,5,PCC,B,2.5903024673461914,0.0,0.0019445674261078238,0.2850128710269928,1.1571698188781738,34.72425079345703,0.31065452098846436
dfl_generated,dfl_evaluation_02,0.0023659924045205116,5,PCC,C,2.590501070022583,0.0,0.001738712191581726,0.2850128710269928,1.1571698188781738,34.72425079345703,0.31065452098846436
dfl_generated,dfl_evaluation_02,0.0023659924045205116,6,PCC,A,2.7838711738586426,0.0,0.04279341921210289,0.4131304621696472,1.1612331867218018,53.24800109863281,0.3053463101387024
dfl_generated,dfl_evaluation_02,0.0023659924045205116,6,PCC,B,2.784545660018921,0.0,0.03883076459169388,0.4131304621696472,1.1612331867218018,53.24800109863281,0.3053463101387024
dfl_generated,dfl_evaluation_02,0.0023659924045205116,6,PCC,C,2.7852964401245117,0.0,0.040921155363321304,0.4131304621696472,1.1612331867218018,53.24800109863281,0.3053463101387024
dfl_generated,dfl_evaluation_02,0.0023659924045205116,7,PCC,A,3.0598795413970947,0.0,0.22919756174087524,0.5887197852134705,1.1705944538116455,53.24800109863281,0.2917877733707428
dfl_generated,dfl_evaluation_02,0.0023659924045205116,7,PCC,B,3.0532491207122803,0.0,0.2108662724494934,0.5887197852134705,1.1705944538116455,53.24800109863281,0.2917877733707428
dfl_generated,dfl_evaluation_02,0.0023659924045205116,7,PCC,C,3.0555663108825684,0.0,0.21353931725025177,0.5887197852134705,1.1705944538116455,53.24800109863281,0.2917877733707428
dfl_generated,dfl_evaluation_02,0.0023659924045205116,8,PCC,A,2.827075719833374,0.0,0.4746449291706085,0.41616514325141907,1.1777795553207397,53.24800109863281,0.26952797174453735
dfl_generated,dfl_evaluation_02,0.0023659924045205116,8,PCC,B,2.8263399600982666,0.0,0.48168838024139404,0.41616514325141907,1.1777795553207397,53.24800109863281,0.26952797174453735
dfl_generated,dfl_evaluation_02,0.0023659924045205116,8,PCC,C,2.8199803829193115,0.0,0.4880295395851135,0.41616514325141907,1.1777795553207397,53.24800109863281,0.26952797174453735
dfl_generated,dfl_evaluation_02,0.0023659924045205116,9,PCC,A,2.989572048187256,0.0,0.6634654402732849,0.5137431621551514,1.1899229288101196,53.24800109863281,0.2341308295726776
dfl_generated,dfl_evaluation_02,0.0023659924045205116,9,PCC,B,2.987764596939087,0.0,0.6867923140525818,0.5137431621551514,1.1899229288101196,53.24800109863281,0.2341308295726776
dfl_generated,dfl_evaluation_02,0.0023659924045205116,9,PCC,C,2.9865989685058594,0.0,0.6905333399772644,0.5137431621551514,1.1899229288101196,53.24800109863281,0.2341308295726776
dfl_generated,dfl_evaluation_02,0.0023659924045205116,10,PCC,A,2.7848877906799316,0.0,0.8233247399330139,0.3643687963485718,1.1892826557159424,53.24800109863281,0.2791713774204254
dfl_generated,dfl_evaluation_02,0.0023659924045205116,10,PCC,B,2.7772815227508545,0.0,0.8494038581848145,0.3643687963485718,1.1892826557159424,53.24800109863281,0.2791713774204254
dfl_generated,dfl_evaluation_02,0.0023659924045205116,10,PCC,C,2.782912254333496,0.0,0.8171488642692566,0.3643687963485718,1.1892826557159424,53.24800109863281,0.2791713774204254
dfl_generated,dfl_evaluation_02,0.0023659924045205116,11,PCC,A,2.783503293991089,0.0,0.9182416796684265,0.36136627197265625,1.2003849744796753,53.24800109863281,0.29499879479408264
dfl_generated,dfl_evaluation_02,0.0023659924045205116,11,PCC,B,2.786820888519287,0.0,0.9123833775520325,0.36136627197265625,1.2003849744796753,53.24800109863281,0.29499879479408264
dfl_generated,dfl_evaluation_02,0.0023659924045205116,11,PCC,C,2.7807109355926514,0.0,0.9082434773445129,0.36136627197265625,1.2003849744796753,53.24800109863281,0.29499879479408264
dfl_generated,dfl_evaluation_02,0.0023659924045205116,12,PCC,A,3.0665979385375977,0.0,0.8937094211578369,0.5383059978485107,1.2053064107894897,53.24800109863281,0.2944470942020416
dfl_generated,dfl_evaluation_02,0.0023659924045205116,12,PCC,B,3.0591039657592773,0.0,0.9352526068687439,0.5383059978485107,1.2053064107894897,53.24800109863281,0.2944470942020416
dfl_generated,dfl_evaluation_02,0.0023659924045205116,12,PCC,C,3.0596861839294434,0.0,0.9220162630081177,0.5383059978485107,1.2053064107894897,53.24800109863281,0.2944470942020416
dfl_generated,dfl_evaluation_02,0.0023659924045205116,13,PCC,A,3.1649866104125977,0.0,0.8868361711502075,0.6031783223152161,1.2060762643814087,53.24800109863281,0.29002997279167175
dfl_generated,dfl_evaluation_02,0.0023659924045205116,13,PCC,B,3.1587448120117188,0.0,0.8866840600967407,0.6031783223152161,1.2060762643814087,53.24800109863281,0.29002997279167175
dfl_generated,dfl_evaluation_02,0.0023659924045205116,13,PCC,C,3.160663604736328,0.0,0.8712188005447388,0.6031783223152161,1.2060762643814087,53.24800109863281,0.29002997279167175
dfl_generated,dfl_evaluation_02,0.0023659924045205116,14,PCC,A,3.255662441253662,0.0,0.801142692565918,0.6654155254364014,1.2043657302856445,53.24800109863281,0.28800737857818604
dfl_generated,dfl_evaluation_02,0.0023659924045205116,14,PCC,B,3.249293565750122,0.0,0.8159781694412231,0.6654155254364014,1.2043657302856445,53.24800109863281,0.28800737857818604
dfl_generated,dfl_evaluation_02,0.0023659924045205116,14,PCC,C,3.2556653022766113,0.0,0.783008873462677,0.6654155254364014,1.2043657302856445,53.24800109863281,0.28800737857818604
dfl_generated,dfl_evaluation_02,0.0023659924045205116,15,PCC,A,3.03149676322937,0.0,0.6402820348739624,0.5210045576095581,1.1968166828155518,53.24800109863281,0.2828069031238556
dfl_generated,dfl_evaluation_02,0.0023659924045205116,15,PCC,B,3.031346321105957,0.0,0.6401351690292358,0.5210045576095581,1.1968166828155518,53.24800109863281,0.2828069031238556
dfl_generated,dfl_evaluation_02,0.0023659924045205116,15,PCC,C,3.0318198204040527,0.0,0.6258524656295776,0.5210045576095581,1.1968166828155518,53.24800109863281,0.2828069031238556
dfl_generated,dfl_evaluation_02,0.0023659924045205116,16,PCC,A,3.0875837802886963,0.0,0.40980225801467896,0.5631123185157776,1.1923177242279053,53.24800109863281,0.2968794107437134
dfl_generated,dfl_evaluation_02,0.0023659924045205116,16,PCC,B,3.0885748863220215,0.0,0.4239458441734314,0.5631123185157776,1.1923177242279053,53.24800109863281,0.2968794107437134
dfl_generated,dfl_evaluation_02,0.0023659924045205116,16,PCC,C,3.0806684494018555,0.0,0.42208147048950195,0.5631123185157776,1.1923177242279053,53.24800109863281,0.2968794107437134
dfl_generated,dfl_evaluation_02,0.0023659924045205116,17,PCC,A,2.998906373977661,0.0,0.18681198358535767,0.5185338854789734,1.188603162765503,53.24800109863281,0.29452335834503174
dfl_generated,dfl_evaluation_02,0.0023659924045205116,17,PCC,B,2.9923505783081055,0.0,0.18203485012054443,0.5185338854789734,1.188603162765503,53.24800109863281,0.29452335834503174
dfl_generated,dfl_evaluation_02,0.0023659924045205116,17,PCC,C,3.0068280696868896,0.0,0.18302187323570251,0.5185338854789734,1.188603162765503,53.24800109863281,0.29452335834503174
dfl_generated,dfl_evaluation_02,0.0023659924045205116,18,PCC,A,2.9533803462982178,0.0,0.03496701270341873,0.501911997795105,1.1775498390197754,121.88175201416016,0.2976606488227844
dfl_generated,dfl_evaluation_02,0.0023659924045205116,18,PCC,B,2.9568872451782227,0.0,0.04150852560997009,0.501911997795105,1.1775498390197754,121.88175201416016,0.2976606488227844
dfl_generated,dfl_evaluation_02,0.0023659924045205116,18,PCC,C,2.955432415008545,0.0,0.04040227830410004,0.501911997795105,1.1775498390197754,121.88175201416016,0.2976606488227844
dfl_generated,dfl_evaluation_02,0.0023659924045205116,19,PCC,A,3.032773494720459,0.0,0.001807764987461269,0.5692486763000488,1.1702314615249634,121.88175201416016,0.29846417903900146
dfl_generated,dfl_evaluation_02,0.0023659924045205116,19,PCC,B,3.0353541374206543,0.0,0.0015791007317602634,0.5692486763000488,1.1702314615249634,121.88175201416016,0.29846417903900146
dfl_generated,dfl_evaluation_02,0.0023659924045205116,19,PCC,C,3.0406970977783203,0.0,0.0016604663105681539,0.5692486763000488,1.1702314615249634,121.88175201416016,0.29846417903900146
dfl_generated,dfl_evaluation_02,0.0023659924045205116,20,PCC,A,2.8665976524353027,0.0,0.0,0.458400696516037,1.1684129238128662,121.88175201416016,0.29892978072166443
dfl_generated,dfl_evaluation_02,0.0023659924045205116,20,PCC,B,2.867790699005127,0.0,0.0,0.458400696516037,1.1684129238128662,121.88175201416016,0.29892978072166443
dfl_generated,dfl_evaluation_02,0.0023659924045205116,20,PCC,C,2.8657171726226807,0.0,0.0,0.458400696516037,1.1684129238128662,121.88175201416016,0.29892978072166443
dfl_generated,dfl_evaluation_02,0.0023659924045205116,21,PCC,A,2.7762410640716553,0.0,1.8398906149741379e-06,0.39928483963012695,1.1660948991775513,53.24800109863281,0.3126577138900757
dfl_generated,dfl_evaluation_02,0.0023659924045205116,21,PCC,B,2.7769386768341064,0.0,0.0,0.39928483963012695,1.1660948991775513,53.24800109863281,0.3126577138900757
dfl_generated,dfl_evaluation_02,0.0023659924045205116,21,PCC,C,2.778057098388672,0.0,0.0,0.39928483963012695,1.1660948991775513,53.24800109863281,0.3126577138900757
dfl_generated,dfl_evaluation_02,0.0023659924045205116,22,PCC,A,2.7200827598571777,0.0,1.4451541119342437e-07,0.3637107312679291,1.1620864868164062,53.24800109863281,0.3103983998298645
dfl_generated,dfl_evaluation_02,0.0023659924045205116,22,PCC,B,2.7209761142730713,0.0,0.0,0.3637107312679291,1.1620864868164062,53.24800109863281,0.3103983998298645
dfl_generated,dfl_evaluation_02,0.0023659924045205116,22,PCC,C,2.720527172088623,0.0,0.0,0.3637107312679291,1.1620864868164062,53.24800109863281,0.3103983998298645
dfl_generated,dfl_evaluation_02,0.0023659924045205116,23,PCC,A,2.690174102783203,0.0,0.0,0.34759950637817383,1.1619873046875,53.24800109863281,0.3155331611633301
dfl_generated,dfl_evaluation_02,0.0023659924045205116,23,PCC,B,2.6911723613739014,0.0,0.0,0.34759950637817383,1.1619873046875,53.24800109863281,0.3155331611633301
dfl_generated,dfl_evaluation_02,0.0023659924045205116,23,PCC,C,2.693366289138794,0.0,3.4665915791265434e-06,0.34759950637817383,1.1619873046875,53.24800109863281,0.3155331611633301
dfl_generated,dfl_evaluation_02,0.0023659924045205116,24,PCC,A,2.610612630844116,0.0,3.7774748307128903e-06,0.29431068897247314,1.1600075960159302,53.24800109863281,0.3183061182498932
dfl_generated,dfl_evaluation_02,0.0023659924045205116,24,PCC,B,2.610679864883423,0.0,1.718252917726204e-08,0.29431068897247314,1.1600075960159302,53.24800109863281,0.3183061182498932
dfl_generated,dfl_evaluation_02,0.0023659924045205116,24,PCC,C,2.610813617706299,0.0,0.0,0.29431068897247314,1.1600075960159302,53.24800109863281,0.3183061182498932
dfl_generated,dfl_evaluation_02,0.0023659924045205116,25,PCC,A,2.6421897411346436,0.0,0.0,0.3179371654987335,1.1588008403778076,34.72425079345703,0.3166017234325409
dfl_generated,dfl_evaluation_02,0.0023659924045205116,25,PCC,B,2.641850233078003,0.0,3.831841695500771e-06,0.3179371654987335,1.1588008403778076,34.72425079345703,0.3166017234325409
dfl_generated,dfl_evaluation_02,0.0023659924045205116,25,PCC,C,2.642426013946533,0.0,3.007866382631619e-07,0.3179371654987335,1.1588008403778076,34.72425079345703,0.3166017234325409
dfl_generated,dfl_evaluation_02,0.0023659924045205116,26,PCC,A,2.5045855045318604,0.0,1.8145330216157163e-07,0.2232462614774704,1.1578052043914795,34.72425079345703,0.32019469141960144
dfl_generated,dfl_evaluation_02,0.0023659924045205116,26,PCC,B,2.502289295196533,0.0,8.61135504237609e-07,0.2232462614774704,1.1578052043914795,34.72425079345703,0.32019469141960144
dfl_generated,dfl_evaluation_02,0.0023659924045205116,26,PCC,C,2.5042104721069336,0.0,0.0,0.2232462614774704,1.1578052043914795,34.72425079345703,0.32019469141960144
dfl_generated,dfl_evaluation_02,0.0023659924045205116,27,PCC,A,2.5593743324279785,0.0,1.2418839787642355e-06,0.2633455991744995,1.1571118831634521,34.72425079345703,0.30634117126464844
dfl_generated,dfl_evaluation_02,0.0023659924045205116,27,PCC,B,2.557504653930664,0.0,0.0,0.2633455991744995,1.1571118831634521,34.72425079345703,0.30634117126464844
dfl_generated,dfl_evaluation_02,0.0023659924045205116,27,PCC,C,2.559617519378662,0.0,6.404891284006453e-09,0.2633455991744995,1.1571118831634521,34.72425079345703,0.30634117126464844
dfl_generated,dfl_evaluation_02,0.0023659924045205116,28,PCC,A,2.6201372146606445,0.0,0.0,0.3060445785522461,1.1562917232513428,34.72425079345703,0.3300710618495941
dfl_generated,dfl_evaluation_02,0.0023659924045205116,28,PCC,B,2.6218528747558594,0.0,0.0,0.3060445785522461,1.1562917232513428,34.72425079345703,0.3300710618495941
dfl_generated,dfl_evaluation_02,0.0023659924045205116,28,PCC,C,2.6204984188079834,0.0,5.0219168770127e-06,0.3060445785522461,1.1562917232513428,34.72425079345703,0.3300710618495941
dfl_generated,dfl_evaluation_02,0.0023659924045205116,29,PCC,A,2.5926802158355713,0.0,0.0015324208652600646,0.2850128710269928,1.1569676399230957,34.72425079345703,0.31965968012809753
dfl_generated,dfl_evaluation_02,0.0023659924045205116,29,PCC,B,2.5918264389038086,0.0,0.002047813031822443,0.2850128710269928,1.1569676399230957,34.72425079345703,0.31965968012809753
dfl_generated,dfl_evaluation_02,0.0023659924045205116,29,PCC,C,2.590975284576416,0.0,0.002131517045199871,0.2850128710269928,1.1569676399230957,34.72425079345703,0.31965968012809753
dfl_generated,dfl_evaluation_02,0.0023659924045205116,30,PCC,A,2.784989595413208,0.0,0.042249418795108795,0.4131304621696472,1.1603775024414062,53.24800109863281,0.3070496916770935
dfl_generated,dfl_evaluation_02,0.0023659924045205116,30,PCC,B,2.7842471599578857,0.0,0.04274959862232208,0.4131304621696472,1.1603775024414062,53.24800109863281,0.3070496916770935
dfl_generated,dfl_evaluation_02,0.0023659924045205116,30,PCC,C,2.783870220184326,0.0,0.04110769182443619,0.4131304621696472,1.1603775024414062,53.24800109863281,0.3070496916770935
dfl_generated,dfl_evaluation_02,0.0023659924045205116,31,PCC,A,3.0568268299102783,0.0,0.15725596249103546,0.5887197852134705,1.1675732135772705,53.24800109863281,0.28120702505111694
dfl_generated,dfl_evaluation_02,0.0023659924045205116,31,PCC,B,3.056276798248291,0.0,0.1609584540128708,0.5887197852134705,1.1675732135772705,53.24800109863281,0.28120702505111694
dfl_generated,dfl_evaluation_02,0.0023659924045205116,31,PCC,C,3.052856922149658,0.0,0.1642434448003769,0.5887197852134705,1.1675732135772705,53.24800109863281,0.28120702505111694
dfl_generated,dfl_evaluation_02,0.0023659924045205116,32,PCC,A,2.827799081802368,0.0,0.3994295299053192,0.41616514325141907,1.1770133972167969,53.24800109863281,0.2546696066856384
dfl_generated,dfl_evaluation_02,0.0023659924045205116,32,PCC,B,2.8268442153930664,0.0,0.39066630601882935,0.41616514325141907,1.1770133972167969,53.24800109863281,0.2546696066856384
dfl_generated,dfl_evaluation_02,0.0023659924045205116,32,PCC,C,2.821047067642212,0.0,0.429598867893219,0.41616514325141907,1.1770133972167969,53.24800109863281,0.2546696066856384
dfl_generated,dfl_evaluation_02,0.0023659924045205116,33,PCC,A,2.9853286743164062,0.0,0.5751774311065674,0.5137431621551514,1.1884956359863281,53.24800109863281,0.2658664286136627
dfl_generated,dfl_evaluation_02,0.0023659924045205116,33,PCC,B,2.988682746887207,0.0,0.5632553100585938,0.5137431621551514,1.1884956359863281,53.24800109863281,0.2658664286136627
dfl_generated,dfl_evaluation_02,0.0023659924045205116,33,PCC,C,2.9931015968322754,0.0,0.5706973075866699,0.5137431621551514,1.1884956359863281,53.24800109863281,0.2658664286136627
dfl_generated,dfl_evaluation_02,0.0023659924045205116,34,PCC,A,2.778895854949951,0.0,0.7894703149795532,0.3643687963485718,1.193104863166809,53.24800109863281,0.27223309874534607
dfl_generated,dfl_evaluation_02,0.0023659924045205116,34,PCC,B,2.783599853515625,0.0,0.7892651557922363,0.3643687963485718,1.193104863166809,53.24800109863281,0.27223309874534607
dfl_generated,dfl_evaluation_02,0.0023659924045205116,34,PCC,C,2.783520221710205,0.0,0.8014464378356934,0.3643687963485718,1.193104863166809,53.24800109863281,0.27223309874534607
dfl_generated,dfl_evaluation_02,0.0023659924045205116,35,PCC,A,2.7826457023620605,0.0,0.8797886967658997,0.36136627197265625,1.1954337358474731,53.24800109863281,0.291334331035614
dfl_generated,dfl_evaluation_02,0.0023659924045205116,35,PCC,B,2.7850098609924316,0.0,0.9038633108139038,0.36136627197265625,1.1954337358474731,53.24800109863281,0.291334331035614
dfl_generated,dfl_evaluation_02,0.0023659924045205116,35,PCC,C,2.7904481887817383,0.0,0.894576370716095,0.36136627197265625,1.1954337358474731,53.24800109863281,0.291334331035614
dfl_generated,dfl_evaluation_02,0.0023659924045205116,36,PCC,A,3.0534541606903076,0.0,0.9474379420280457,0.5383059978485107,1.2008187770843506,53.24800109863281,0.30308228731155396
dfl_generated,dfl_evaluation_02,0.0023659924045205116,36,PCC,B,3.0581111907958984,0.0,0.927282452583313,0.5383059978485107,1.2008187770843506,53.24800109863281,0.30308228731155396
dfl_generated,dfl_evaluation_02,0.0023659924045205116,36,PCC,C,3.0655078887939453,0.0,0.9225406646728516,0.5383059978485107,1.2008187770843506,53.24800109863281,0.30308228731155396
dfl_generated,dfl_evaluation_02,0.0023659924045205116,37,PCC,A,3.15674090385437,0.0,0.8862587213516235,0.6031783223152161,1.2014600038528442,53.24800109863281,0.2975723445415497
dfl_generated,dfl_evaluation_02,0.0023659924045205116,37,PCC,B,3.1596972942352295,0.0,0.890839159488678,0.6031783223152161,1.2014600038528442,53.24800109863281,0.2975723445415497
dfl_generated,dfl_evaluation_02,0.0023659924045205116,37,PCC,C,3.1619255542755127,0.0,0.8707731366157532,0.6031783223152161,1.2014600038528442,53.24800109863281,0.2975723445415497
dfl_generated,dfl_evaluation_02,0.0023659924045205116,38,PCC,A,3.267066717147827,0.0,0.8132073879241943,0.6654155254364014,1.2009546756744385,53.24800109863281,0.29648494720458984
dfl_generated,dfl_evaluation_02,0.0023659924045205116,38,PCC,B,3.2520642280578613,0.0,0.7574365139007568,0.6654155254364014,1.2009546756744385,53.24800109863281,0.29648494720458984
dfl_generated,dfl_evaluation_02,0.0023659924045205116,38,PCC,C,3.247525930404663,0.0,0.766055703163147,0.6654155254364014,1.2009546756744385,53.24800109863281,0.29648494720458984
dfl_generated,dfl_evaluation_02,0.0023659924045205116,39,PCC,A,3.0245778560638428,0.0,0.6131535768508911,0.5210045576095581,1.1983819007873535,53.24800109863281,0.2951611876487732
dfl_generated,dfl_evaluation_02,0.0023659924045205116,39,PCC,B,3.032989740371704,0.0,0.6216793060302734,0.5210045576095581,1.1983819007873535,53.24800109863281,0.2951611876487732
dfl_generated,dfl_evaluation_02,0.0023659924045205116,39,PCC,C,3.029322624206543,0.0,0.6035628318786621,0.5210045576095581,1.1983819007873535,53.24800109863281,0.2951611876487732
dfl_generated,dfl_evaluation_02,0.0023659924045205116,40,PCC,A,3.0723209381103516,0.0,0.41008585691452026,0.5631123185157776,1.1908224821090698,53.24800109863281,0.30512645840644836
dfl_generated,dfl_evaluation_02,0.0023659924045205116,40,PCC,B,3.094520330429077,0.0,0.3961044251918793,0.5631123185157776,1.1908224821090698,53.24800109863281,0.30512645840644836
dfl_generated,dfl_evaluation_02,0.0023659924045205116,40,PCC,C,3.0794930458068848,0.0,0.3981117904186249,0.5631123185157776,1.1908224821090698,53.24800109863281,0.30512645840644836
dfl_generated,dfl_evaluation_02,0.0023659924045205116,41,PCC,A,3.004141092300415,0.0,0.17650160193443298,0.5185338854789734,1.1874345541000366,53.24800109863281,0.30297327041625977
dfl_generated,dfl_evaluation_02,0.0023659924045205116,41,PCC,B,2.993852376937866,0.0,0.16855305433273315,0.5185338854789734,1.1874345541000366,53.24800109863281,0.30297327041625977
dfl_generated,dfl_evaluation_02,0.0023659924045205116,41,PCC,C,3.0012869834899902,0.0,0.15449531376361847,0.5185338854789734,1.1874345541000366,53.24800109863281,0.30297327041625977
dfl_generated,dfl_evaluation_02,0.0023659924045205116,42,PCC,A,2.959242820739746,0.0,0.038690872490406036,0.501911997795105,1.181066632270813,121.88175201416016,0.3029986023902893
dfl_generated,dfl_evaluation_02,0.0023659924045205116,42,PCC,B,2.9597737789154053,0.0,0.0335492305457592,0.501911997795105,1.181066632270813,121.88175201416016,0.3029986023902893
dfl_generated,dfl_evaluation_02,0.0023659924045205116,42,PCC,C,2.958739995956421,0.0,0.0372445210814476,0.501911997795105,1.181066632270813,121.88175201416016,0.3029986023902893
dfl_generated,dfl_evaluation_02,0.0023659924045205116,43,PCC,A,3.0481529235839844,0.0,0.0019301848951727152,0.5692486763000488,1.1738803386688232,121.88175201416016,0.3052242398262024
dfl_generated,dfl_evaluation_02,0.0023659924045205116,43,PCC,B,3.0469753742218018,0.0,0.0013576773926615715,0.5692486763000488,1.1738803386688232,121.88175201416016,0.3052242398262024
dfl_generated,dfl_evaluation_02,0.0023659924045205116,43,PCC,C,3.039201498031616,0.0,0.0018795367795974016,0.5692486763000488,1.1738803386688232,121.88175201416016,0.3052242398262024
dfl_generated,dfl_evaluation_02,0.0023659924045205116,44,PCC,A,2.8711037635803223,0.0,0.0,0.458400696516037,1.1687743663787842,121.88175201416016,0.3121115267276764
dfl_generated,dfl_evaluation_02,0.0023659924045205116,44,PCC,B,2.86620831489563,0.0,0.0,0.458400696516037,1.1687743663787842,121.88175201416016,0.3121115267276764
dfl_generated,dfl_evaluation_02,0.0023659924045205116,44,PCC,C,2.8705177307128906,0.0,7.452780437233741e-07,0.458400696516037,1.1687743663787842,121.88175201416016,0.3121115267276764
dfl_generated,dfl_evaluation_02,0.0023659924045205116,45,PCC,A,2.7784974575042725,0.0,0.0,0.39928483963012695,1.164040446281433,53.24800109863281,0.3171304166316986
dfl_generated,dfl_evaluation_02,0.0023659924045205116,45,PCC,B,2.7800791263580322,0.0,2.109161414409755e-06,0.39928483963012695,1.164040446281433,53.24800109863281,0.3171304166316986
dfl_generated,dfl_evaluation_02,0.0023659924045205116,45,PCC,C,2.7739055156707764,0.0,1.8441375004840665e-06,0.39928483963012695,1.164040446281433,53.24800109863281,0.3171304166316986
dfl_generated,dfl_evaluation_02,0.0023659924045205116,46,PCC,A,2.723036289215088,0.0,0.0,0.3637107312679291,1.1641956567764282,53.24800109863281,0.3042367696762085
dfl_generated,dfl_evaluation_02,0.0023659924045205116,46,PCC,B,2.717891216278076,0.0,4.74137823402998e-06,0.3637107312679291,1.1641956567764282,53.24800109863281,0.3042367696762085
dfl_generated,dfl_evaluation_02,0.0023659924045205116,46,PCC,C,2.719891309738159,0.0,0.0,0.3637107312679291,1.1641956567764282,53.24800109863281,0.3042367696762085
dfl_generated,dfl_evaluation_02,0.0023659924045205116,47,PCC,A,2.691995620727539,0.0,0.0,0.34759950637817383,1.1635594367980957,53.24800109863281,0.32577580213546753
dfl_generated,dfl_evaluation_02,0.0023659924045205116,47,PCC,B,2.691847562789917,0.0,0.0,0.34759950637817383,1.1635594367980957,53.24800109863281,0.32577580213546753
dfl_generated,dfl_evaluation_02,0.0023659924045205116,47,PCC,C,2.6907410621643066,0.0,0.0,0.34759950637817383,1.1635594367980957,53.24800109863281,0.32577580213546753
dfl_generated,dfl_evaluation_03,0.19858039915561676,0,PCC,A,2.6104023456573486,0.0,6.086205758037977e-06,0.29431068897247314,1.1593047380447388,53.24800109863281,0.30437546968460083
dfl_generated,dfl_evaluation_03,0.19858039915561676,0,PCC,B,2.6087331771850586,0.0,9.603492117093992e-07,0.29431068897247314,1.1593047380447388,53.24800109863281,0.30437546968460083
dfl_generated,dfl_evaluation_03,0.19858039915561676,0,PCC,C,2.610020875930786,0.0,0.0,0.29431068897247314,1.1593047380447388,53.24800109863281,0.30437546968460083
dfl_generated,dfl_evaluation_03,0.19858039915561676,1,PCC,A,2.6394457817077637,0.0,0.0,0.3179371654987335,1.158437967300415,53.24800109863281,0.28169092535972595
dfl_generated,dfl_evaluation_03,0.19858039915561676,1,PCC,B,2.6405997276306152,0.0,0.0,0.3179371654987335,1.158437967300415,53.24800109863281,0.28169092535972595
dfl_generated,dfl_evaluation_03,0.19858039915561676,1,PCC,C,2.6378860473632812,0.0,1.2223783869558247e-06,0.3179371654987335,1.158437967300415,53.24800109863281,0.28169092535972595
dfl_generated,dfl_evaluation_03,0.19858039915561676,2,PCC,A,2.5026140213012695,0.0,1.07501182355918e-06,0.2232462614774704,1.1572980880737305,53.24800109863281,0.3111324608325958
dfl_generated,dfl_evaluation_03,0.19858039915561676,2,PCC,B,2.5007166862487793,0.0,0.0,0.2232462614774704,1.1572980880737305,53.24800109863281,0.3111324608325958
dfl_generated,dfl_evaluation_03,0.19858039915561676,2,PCC,C,2.501466989517212,0.0,0.0,0.2232462614774704,1.1572980880737305,53.24800109863281,0.3111324608325958
dfl_generated,dfl_evaluation_03,0.19858039915561676,3,PCC,A,2.5594887733459473,0.0,0.0,0.2633455991744995,1.1566362380981445,53.24800109863281,0.30778446793556213
dfl_generated,dfl_evaluation_03,0.19858039915561676,3,PCC,B,2.557811737060547,0.0,0.0,0.2633455991744995,1.1566362380981445,53.24800109863281,0.30778446793556213
dfl_generated,dfl_evaluation_03,0.19858039915561676,3,PCC,C,2.5571231842041016,0.0,0.0,0.2633455991744995,1.1566362380981445,53.24800109863281,0.30778446793556213
dfl_generated,dfl_evaluation_03,0.19858039915561676,4,PCC,A,2.618068218231201,0.0,7.162721885833889e-06,0.3060445785522461,1.1557660102844238,53.24800109863281,0.30452170968055725
dfl_generated,dfl_evaluation_03,0.19858039915561676,4,PCC,B,2.617567539215088,0.0,5.826106644235551e-06,0.3060445785522461,1.1557660102844238,53.24800109863281,0.30452170968055725
dfl_generated,dfl_evaluation_03,0.19858039915561676,4,PCC,C,2.618396043777466,0.0,7.825017746654339e-06,0.3060445785522461,1.1557660102844238,53.24800109863281,0.30452170968055725
dfl_generated,dfl_evaluation_03,0.19858039915561676,5,PCC,A,2.590242862701416,0.0,0.0014326394302770495,0.2850128710269928,1.156391978263855,53.24800109863281,0.29901397228240967
dfl_generated,dfl_evaluation_03,0.19858039915561676,5,PCC,B,2.5890681743621826,0.0,0.0014930682955309749,0.2850128710269928,1.156391978263855,53.24800109863281,0.29901397228240967
dfl_generated,dfl_evaluation_03,0.19858039915561676,5,PCC,C,2.5903244018554688,0.0,0.001433012424968183,0.2850128710269928,1.156391978263855,53.24800109863281,0.29901397228240967
dfl_generated,dfl_evaluation_03,0.19858039915561676,6,PCC,A,2.7832798957824707,0.0,0.03429168835282326,0.4131304621696472,1.1606723070144653,53.24800109863281,0.2878810465335846
dfl_generated,dfl_evaluation_03,0.19858039915561676,6,PCC,B,2.7800207138061523,0.0,0.036683548241853714,0.4131304621696472,1.1606723070144653,53.24800109863281,0.2878810465335846
dfl_generated,dfl_evaluation_03,0.19858039915561676,6,PCC,C,2.7826101779937744,0.0,0.040222734212875366,0.4131304621696472,1.1606723070144653,53.24800109863281,0.2878810465335846
dfl_generated,dfl_evaluation_03,0.19858039915561676,7,PCC,A,3.0531117916107178,0.0,0.1901780217885971,0.5887197852134705,1.1666145324707031,53.24800109863281,0.27318015694618225
dfl_generated,dfl_evaluation_03,0.19858039915561676,7,PCC,B,3.0555660724639893,0.0,0.19778406620025635,0.5887197852134705,1.1666145324707031,53.24800109863281,0.27318015694618225
dfl_generated,dfl_evaluation_03,0.19858039915561676,7,PCC,C,3.051082134246826,0.0,0.18622846901416779,0.5887197852134705,1.1666145324707031,53.24800109863281,0.27318015694618225
dfl_generated,dfl_evaluation_03,0.19858039915561676,8,PCC,A,2.8177146911621094,0.0,0.42336270213127136,0.41616514325141907,1.1721489429473877,53.24800109863281,0.25911518931388855
dfl_generated,dfl_evaluation_03,0.19858039915561676,8,PCC,B,2.8140697479248047,0.0,0.43657243251800537,0.41616514325141907,1.1721489429473877,53.24800109863281,0.25911518931388855
dfl_generated,dfl_evaluation_03,0.19858039915561676,8,PCC,C,2.8220443725585938,0.0,0.42220523953437805,0.41616514325141907,1.1721489429473877,53.24800109863281,0.25911518931388855
dfl_generated,dfl_evaluation_03,0.19858039915561676,9,PCC,A,2.9764018058776855,0.0,0.6719842553138733,0.5137431621551514,1.1819976568222046,53.24800109863281,0.2440149188041687
dfl_generated,dfl_evaluation_03,0.19858039915561676,9,PCC,B,2.9753615856170654,0.0,0.6810364127159119,0.5137431621551514,1.1819976568222046,53.24800109863281,0.2440149188041687
dfl_generated,dfl_evaluation_03,0.19858039915561676,9,PCC,C,2.980537176132202,0.0,0.6743616461753845,0.5137431621551514,1.1819976568222046,53.24800109863281,0.2440149188041687
dfl_generated,dfl_evaluation_03,0.19858039915561676,10,PCC,A,2.763634443283081,0.0,0.8160407543182373,0.3643687963485718,1.1820225715637207,53.24800109863281,0.2603279948234558
dfl_generated,dfl_evaluation_03,0.19858039915561676,10,PCC,B,2.7596566677093506,0.0,0.8209879994392395,0.3643687963485718,1.1820225715637207,53.24800109863281,0.2603279948234558
dfl_generated,dfl_evaluation_03,0.19858039915561676,10,PCC,C,2.7678635120391846,0.0,0.8184105157852173,0.3643687963485718,1.1820225715637207,53.24800109863281,0.2603279948234558
dfl_generated,dfl_evaluation_03,0.19858039915561676,11,PCC,A,2.7689595222473145,0.0,0.8613922595977783,0.36136627197265625,1.190935492515564,53.24800109863281,0.27480268478393555
dfl_generated,dfl_evaluation_03,0.19858039915561676,11,PCC,B,2.7739756107330322,0.0,0.8637279868125916,0.36136627197265625,1.190935492515564,53.24800109863281,0.27480268478393555
dfl_generated,dfl_evaluation_03,0.19858039915561676,11,PCC,C,2.76739764213562,0.0,0.8949130177497864,0.36136627197265625,1.190935492515564,53.24800109863281,0.27480268478393555
dfl_generated,dfl_evaluation_03,0.19858039915561676,12,PCC,A,3.0423953533172607,0.0,0.9324332475662231,0.5383059978485107,1.1961629390716553,53.24800109863281,0.27337953448295593
dfl_generated,dfl_evaluation_03,0.19858039915561676,12,PCC,B,3.0395071506500244,0.0,0.9177395701408386,0.5383059978485107,1.1961629390716553,53.24800109863281,0.27337953448295593
dfl_generated,dfl_evaluation_03,0.19858039915561676,12,PCC,C,3.046440601348877,0.0,0.8971516489982605,0.5383059978485107,1.1961629390716553,53.24800109863281,0.27337953448295593
dfl_generated,dfl_evaluation_03,0.19858039915561676,13,PCC,A,3.1362464427948,0.0,0.8982789516448975,0.6031783223152161,1.1939796209335327,53.24800109863281,0.2785767912864685
dfl_generated,dfl_evaluation_03,0.19858039915561676,13,PCC,B,3.138298988342285,0.0,0.9109189510345459,0.6031783223152161,1.1939796209335327,53.24800109863281,0.2785767912864685
dfl_generated,dfl_evaluation_03,0.19858039915561676,13,PCC,C,3.145167827606201,0.0,0.9289075136184692,0.6031783223152161,1.1939796209335327,53.24800109863281,0.2785767912864685
dfl_generated,dfl_evaluation_03,0.19858039915561676,14,PCC,A,3.223392963409424,0.0,0.786838173866272,0.6654155254364014,1.1940819025039673,53.24800109863281,0.27841681241989136
dfl_generated,dfl_evaluation_03,0.19858039915561676,14,PCC,B,3.2226486206054688,0.0,0.8215999603271484,0.6654155254364014,1.1940819025039673,53.24800109863281,0.27841681241989136
dfl_generated,dfl_evaluation_03,0.19858039915561676,14,PCC,C,3.2229278087615967,0.0,0.7897177338600159,0.6654155254364014,1.1940819025039673,53.24800109863281,0.27841681241989136
dfl_generated,dfl_evaluation_03,0.19858039915561676,15,PCC,A,3.0093822479248047,0.0,0.6649672985076904,0.5210045576095581,1.1920994520187378,53.24800109863281,0.27485477924346924
dfl_generated,dfl_evaluation_03,0.19858039915561676,15,PCC,B,3.0171267986297607,0.0,0.6215553879737854,0.5210045576095581,1.1920994520187378,53.24800109863281,0.27485477924346924
dfl_generated,dfl_evaluation_03,0.19858039915561676,15,PCC,C,3.0160348415374756,0.0,0.6638534665107727,0.5210045576095581,1.1920994520187378,53.24800109863281,0.27485477924346924
dfl_generated,dfl_evaluation_03,0.19858039915561676,16,PCC,A,3.0672173500061035,0.0,0.43617621064186096,0.5631123185157776,1.1863797903060913,53.24800109863281,0.28458353877067566
dfl_generated,dfl_evaluation_03,0.19858039915561676,16,PCC,B,3.0685102939605713,0.0,0.4107376039028168,0.5631123185157776,1.1863797903060913,53.24800109863281,0.28458353877067566
dfl_generated,dfl_evaluation_03,0.19858039915561676,16,PCC,C,3.059232473373413,0.0,0.4040739834308624,0.5631123185157776,1.1863797903060913,53.24800109863281,0.28458353877067566
dfl_generated,dfl_evaluation_03,0.19858039915561676,17,PCC,A,2.989542245864868,0.0,0.16648899018764496,0.5185338854789734,1.1826319694519043,53.24800109863281,0.28458428382873535
dfl_generated,dfl_evaluation_03,0.19858039915561676,17,PCC,B,2.9906346797943115,0.0,0.17318333685398102,0.5185338854789734,1.1826319694519043,53.24800109863281,0.28458428382873535
dfl_generated,dfl_evaluation_03,0.19858039915561676,17,PCC,C,2.984755754470825,0.0,0.1786784678697586,0.5185338854789734,1.1826319694519043,53.24800109863281,0.28458428382873535
dfl_generated,dfl_evaluation_03,0.19858039915561676,18,PCC,A,2.9462671279907227,0.0,0.036214858293533325,0.501911997795105,1.174371361732483,53.24800109863281,0.283371239900589
dfl_generated,dfl_evaluation_03,0.19858039915561676,18,PCC,B,2.9448959827423096,0.0,0.03621547669172287,0.501911997795105,1.174371361732483,53.24800109863281,0.283371239900589
dfl_generated,dfl_evaluation_03,0.19858039915561676,18,PCC,C,2.9502012729644775,0.0,0.03470996394753456,0.501911997795105,1.174371361732483,53.24800109863281,0.283371239900589
dfl_generated,dfl_evaluation_03,0.19858039915561676,19,PCC,A,3.025395154953003,0.0,0.001148733776062727,0.5692486763000488,1.1687260866165161,53.24800109863281,0.2806832194328308
dfl_generated,dfl_evaluation_03,0.19858039915561676,19,PCC,B,3.0305275917053223,0.0,0.0012210514396429062,0.5692486763000488,1.1687260866165161,53.24800109863281,0.2806832194328308
dfl_generated,dfl_evaluation_03,0.19858039915561676,19,PCC,C,3.0297515392303467,0.0,0.0013908441178500652,0.5692486763000488,1.1687260866165161,53.24800109863281,0.2806832194328308
dfl_generated,dfl_evaluation_03,0.19858039915561676,20,PCC,A,2.8634896278381348,0.0,3.361141125424183e-07,0.458400696516037,1.1661485433578491,53.24800109863281,0.28759634494781494
dfl_generated,dfl_evaluation_03,0.19858039915561676,20,PCC,B,2.859835147857666,0.0,5.790556770080002e-06,0.458400696516037,1.1661485433578491,53.24800109863281,0.28759634494781494
dfl_generated,dfl_evaluation_03,0.19858039915561676,20,PCC,C,2.8662641048431396,0.0,1.5165561535468441e-06,0.458400696516037,1.1661485433578491,53.24800109863281,0.28759634494781494
dfl_generated,dfl_evaluation_03,0.19858039915561676,21,PCC,A,2.770052194595337,0.0,6.758198196621379e-07,0.39928483963012695,1.1649754047393799,53.24800109863281,0.30048274993896484
dfl_generated,dfl_evaluation_03,0.19858039915561676,21,PCC,B,2.7731261253356934,0.0,0.0,0.39928483963012695,1.1649754047393799,53.24800109863281,0.30048274993896484
dfl_generated,dfl_evaluation_03,0.19858039915561676,21,PCC,C,2.7710020542144775,0.0,0.0,0.39928483963012695,1.1649754047393799,53.24800109863281,0.30048274993896484
dfl_generated,dfl_evaluation_03,0.19858039915561676,22,PCC,A,2.7156565189361572,0.0,1.5378808484456385e-06,0.3637107312679291,1.1622450351715088,53.24800109863281,0.299774706363678
dfl_generated,dfl_evaluation_03,0.19858039915561676,22,PCC,B,2.7131738662719727,0.0,0.0,0.3637107312679291,1.1622450351715088,53.24800109863281,0.299774706363678
dfl_generated,dfl_evaluation_03,0.19858039915561676,22,PCC,C,2.715074062347412,0.0,2.0717170627904125e-06,0.3637107312679291,1.1622450351715088,53.24800109863281,0.299774706363678
dfl_generated,dfl_evaluation_03,0.19858039915561676,23,PCC,A,2.6889631748199463,0.0,4.684620307671139e-06,0.34759950637817383,1.159653902053833,53.24800109863281,0.30341866612434387
dfl_generated,dfl_evaluation_03,0.19858039915561676,23,PCC,B,2.6884942054748535,0.0,0.0,0.34759950637817383,1.159653902053833,53.24800109863281,0.30341866612434387
dfl_generated,dfl_evaluation_03,0.19858039915561676,23,PCC,C,2.6901049613952637,0.0,1.322608369491718e-07,0.34759950637817383,1.159653902053833,53.24800109863281,0.30341866612434387
dfl_generated,dfl_evaluation_03,0.19858039915561676,24,PCC,A,2.6065642833709717,0.0,0.0,0.29431068897247314,1.1592930555343628,53.24800109863281,0.31569960713386536
dfl_generated,dfl_evaluation_03,0.19858039915561676,24,PCC,B,2.606355905532837,0.0,0.0,0.29431068897247314,1.1592930555343628,53.24800109863281,0.31569960713386536
dfl_generated,dfl_evaluation_03,0.19858039915561676,24,PCC,C,2.6084628105163574,0.0,0.0,0.29431068897247314,1.1592930555343628,53.24800109863281,0.31569960713386536
dfl_generated,dfl_evaluation_03,0.19858039915561676,25,PCC,A,2.6411397457122803,0.0,0.0,0.3179371654987335,1.1579996347427368,53.24800109863281,0.30556514859199524
dfl_generated,dfl_evaluation_03,0.19858039915561676,25,PCC,B,2.640867233276367,0.0,2.379886382186669e-06,0.3179371654987335,1.1579996347427368,53.24800109863281,0.30556514859199524
dfl_generated,dfl_evaluation_03,0.19858039915561676,25,PCC,C,2.640310525894165,0.0,0.0,0.3179371654987335,1.1579996347427368,53.24800109863281,0.30556514859199524
dfl_generated,dfl_evaluation_03,0.19858039915561676,26,PCC,A,2.5015299320220947,0.0,3.546326979630976e-06,0.2232462614774704,1.158084511756897,53.24800109863281,0.30101823806762695
dfl_generated,dfl_evaluation_03,0.19858039915561676,26,PCC,B,2.5011415481567383,0.0,2.649049747560639e-06,0.2232462614774704,1.158084511756897,53.24800109863281,0.30101823806762695
dfl_generated,dfl_evaluation_03,0.19858039915561676,26,PCC,C,2.5005786418914795,0.0,1.864012801888748e-06,0.2232462614774704,1.158084511756897,53.24800109863281,0.30101823806762695
dfl_generated,dfl_evaluation_03,0.19858039915561676,27,PCC,A,2.5570051670074463,0.0,0.0,0.2633455991744995,1.1566647291183472,53.24800109863281,0.3126161992549896
dfl_generated,dfl_evaluation_03,0.19858039915561676,27,PCC,B,2.558098554611206,0.0,1.3838972563462448e-06,0.2633455991744995,1.1566647291183472,53.24800109863281,0.3126161992549896
dfl_generated,dfl_evaluation_03,0.19858039915561676,27,PCC,C,2.558248996734619,0.0,0.0,0.2633455991744995,1.1566647291183472,53.24800109863281,0.3126161992549896
dfl_generated,dfl_evaluation_03,0.19858039915561676,28,PCC,A,2.6188242435455322,0.0,5.180752964406565e-07,0.3060445785522461,1.1561152935028076,53.24800109863281,0.31271547079086304
dfl_generated,dfl_evaluation_03,0.19858039915561676,28,PCC,B,2.6183736324310303,0.0,7.641549018444493e-06,0.3060445785522461,1.1561152935028076,53.24800109863281,0.31271547079086304
dfl_generated,dfl_evaluation_03,0.19858039915561676,28,PCC,C,2.6189677715301514,0.0,1.078260424947075e-06,0.3060445785522461,1.1561152935028076,53.24800109863281,0.31271547079086304
dfl_generated,dfl_evaluation_03,0.19858039915561676,29,PCC,A,2.5901575088500977,0.0,0.0017245740164071321,0.2850128710269928,1.156477928161621,53.24800109863281,0.29868894815444946
dfl_generated,dfl_evaluation_03,0.19858039915561676,29,PCC,B,2.589393377304077,0.0,0.001318692578934133,0.2850128710269928,1.156477928161621,53.24800109863281,0.29868894815444946
dfl_generated,dfl_evaluation_03,0.19858039915561676,29,PCC,C,2.589245557785034,0.0,0.0016842607874423265,0.2850128710269928,1.156477928161621,53.24800109863281,0.29868894815444946
dfl_generated,dfl_evaluation_03,0.19858039915561676,30,PCC,A,2.7793188095092773,0.0,0.03370354324579239,0.4131304621696472,1.1596311330795288,53.24800109863281,0.290766179561615
dfl_generated,dfl_evaluation_03,0.19858039915561676,30,PCC,B,2.7823827266693115,0.0,0.033273134380578995,0.4131304621696472,1.1596311330795288,53.24800109863281,0.290766179561615
dfl_generated,dfl_evaluation_03,0.19858039915561676,30,PCC,C,2.7807390689849854,0.0,0.03683111071586609,0.4131304621696472,1.1596311330795288,53.24800109863281,0.290766179561615
dfl_generated,dfl_evaluation_03,0.19858039915561676,31,PCC,A,3.0501720905303955,0.0,0.18707571923732758,0.5887197852134705,1.1664928197860718,53.24800109863281,0.27763622999191284
dfl_generated,dfl_evaluation_03,0.19858039915561676,31,PCC,B,3.049790859222412,0.0,0.19751690328121185,0.5887197852134705,1.1664928197860718,53.24800109863281,0.27763622999191284
dfl_generated,dfl_evaluation_03,0.19858039915561676,31,PCC,C,3.047959089279175,0.0,0.20015238225460052,0.5887197852134705,1.1664928197860718,53.24800109863281,0.27763622999191284
dfl_generated,dfl_evaluation_03,0.19858039915561676,32,PCC,A,2.8148193359375,0.0,0.4695831835269928,0.41616514325141907,1.1737278699874878,53.24800109863281,0.2479764074087143
dfl_generated,dfl_evaluation_03,0.19858039915561676,32,PCC,B,2.8138389587402344,0.0,0.45338112115859985,0.41616514325141907,1.1737278699874878,53.24800109863281,0.2479764074087143
dfl_generated,dfl_evaluation_03,0.19858039915561676,32,PCC,C,2.816117763519287,0.0,0.46137943863868713,0.41616514325141907,1.1737278699874878,53.24800109863281,0.2479764074087143
dfl_generated,dfl_evaluation_03,0.19858039915561676,33,PCC,A,2.972491502761841,0.0,0.6631566286087036,0.5137431621551514,1.17972993850708,53.24800109863281,0.25130695104599
dfl_generated,dfl_evaluation_03,0.19858039915561676,33,PCC,B,2.9765264987945557,0.0,0.6815065145492554,0.5137431621551514,1.17972993850708,53.24800109863281,0.25130695104599
dfl_generated,dfl_evaluation_03,0.19858039915561676,33,PCC,C,2.982672929763794,0.0,0.6570606231689453,0.5137431621551514,1.17972993850708,53.24800109863281,0.25130695104599
dfl_generated,dfl_evaluation_03,0.19858039915561676,34,PCC,A,2.7617671489715576,0.0,0.8572884798049927,0.3643687963485718,1.1894428730010986,53.24800109863281,0.2629905641078949
dfl_generated,dfl_evaluation_03,0.19858039915561676,34,PCC,B,2.761869192123413,0.0,0.8268570303916931,0.3643687963485718,1.1894428730010986,53.24800109863281,0.2629905641078949
dfl_generated,dfl_evaluation_03,0.19858039915561676,34,PCC,C,2.765979528427124,0.0,0.8409320116043091,0.3643687963485718,1.1894428730010986,53.24800109863281,0.2629905641078949
dfl_generated,dfl_evaluation_03,0.19858039915561676,35,PCC,A,2.7653231620788574,0.0,0.9222080111503601,0.36136627197265625,1.1860108375549316,53.24800109863281,0.2809630036354065
dfl_generated,dfl_evaluation_03,0.19858039915561676,35,PCC,B,2.765341281890869,0.0,0.950272262096405,0.36136627197265625,1.1860108375549316,53.24800109863281,0.2809630036354065
dfl_generated,dfl_evaluation_03,0.19858039915561676,35,PCC,C,2.7648730278015137,0.0,0.948302149772644,0.36136627197265625,1.1860108375549316,53.24800109863281,0.2809630036354065
dfl_generated,dfl_evaluation_03,0.19858039915561676,36,PCC,A,3.0292134284973145,0.0,0.9982309937477112,0.5383059978485107,1.1917129755020142,53.24800109863281,0.27853938937187195
dfl_generated,dfl_evaluation_03,0.19858039915561676,36,PCC,B,3.0354440212249756,0.0,0.9381099939346313,0.5383059978485107,1.1917129755020142,53.24800109863281,0.27853938937187195
dfl_generated,dfl_evaluation_03,0.19858039915561676,36,PCC,C,3.0431220531463623,0.0,0.9617505073547363,0.5383059978485107,1.1917129755020142,53.24800109863281,0.27853938937187195
dfl_generated,dfl_evaluation_03,0.19858039915561676,37,PCC,A,3.138040065765381,0.0,0.9044103026390076,0.6031783223152161,1.1922662258148193,53.24800109863281,0.28107449412345886
dfl_generated,dfl_evaluation_03,0.19858039915561676,37,PCC,B,3.137918472290039,0.0,0.9232614636421204,0.6031783223152161,1.1922662258148193,53.24800109863281,0.28107449412345886
dfl_generated,dfl_evaluation_03,0.19858039915561676,37,PCC,C,3.143517017364502,0.0,0.9153549075126648,0.6031783223152161,1.1922662258148193,53.24800109863281,0.28107449412345886
dfl_generated,dfl_evaluation_03,0.19858039915561676,38,PCC,A,3.233660936355591,0.0,0.7908480763435364,0.6654155254364014,1.1953034400939941,53.24800109863281,0.287459135055542
dfl_generated,dfl_evaluation_03,0.19858039915561676,38,PCC,B,3.2232203483581543,0.0,0.7779306173324585,0.6654155254364014,1.1953034400939941,53.24800109863281,0.287459135055542
dfl_generated,dfl_evaluation_03,0.19858039915561676,38,PCC,C,3.226940393447876,0.0,0.8073956370353699,0.6654155254364014,1.1953034400939941,53.24800109863281,0.287459135055542
dfl_generated,dfl_evaluation_03,0.19858039915561676,39,PCC,A,3.006988763809204,0.0,0.6612818241119385,0.5210045576095581,1.187021255493164,53.24800109863281,0.2855401635169983
dfl_generated,dfl_evaluation_03,0.19858039915561676,39,PCC,B,3.0170600414276123,0.0,0.6616712212562561,0.5210045576095581,1.187021255493164,53.24800109863281,0.2855401635169983
dfl_generated,dfl_evaluation_03,0.19858039915561676,39,PCC,C,3.01312518119812,0.0,0.6583549976348877,0.5210045576095581,1.187021255493164,53.24800109863281,0.2855401635169983
dfl_generated,dfl_evaluation_03,0.19858039915561676,40,PCC,A,3.060779094696045,0.0,0.4142163097858429,0.5631123185157776,1.187074065208435,53.24800109863281,0.29859551787376404
dfl_generated,dfl_evaluation_03,0.19858039915561676,40,PCC,B,3.064462661743164,0.0,0.41468802094459534,0.5631123185157776,1.187074065208435,53.24800109863281,0.29859551787376404
dfl_generated,dfl_evaluation_03,0.19858039915561676,40,PCC,C,3.0642974376678467,0.0,0.41149529814720154,0.5631123185157776,1.187074065208435,53.24800109863281,0.29859551787376404
dfl_generated,dfl_evaluation_03,0.19858039915561676,41,PCC,A,2.991893768310547,0.0,0.15971729159355164,0.5185338854789734,1.1822969913482666,53.24800109863281,0.2984802722930908
dfl_generated,dfl_evaluation_03,0.19858039915561676,41,PCC,B,2.9853529930114746,0.0,0.1573811024427414,0.5185338854789734,1.1822969913482666,53.24800109863281,0.2984802722930908
dfl_generated,dfl_evaluation_03,0.19858039915561676,41,PCC,C,2.988607883453369,0.0,0.1591135412454605,0.5185338854789734,1.1822969913482666,53.24800109863281,0.2984802722930908
dfl_generated,dfl_evaluation_03,0.19858039915561676,42,PCC,A,2.9497108459472656,0.0,0.03338071331381798,0.501911997795105,1.1773706674575806,53.24800109863281,0.2953577935695648
dfl_generated,dfl_evaluation_03,0.19858039915561676,42,PCC,B,2.9487078189849854,0.0,0.03257107362151146,0.501911997795105,1.1773706674575806,53.24800109863281,0.2953577935695648
dfl_generated,dfl_evaluation_03,0.19858039915561676,42,PCC,C,2.945556879043579,0.0,0.031682536005973816,0.501911997795105,1.1773706674575806,53.24800109863281,0.2953577935695648
dfl_generated,dfl_evaluation_03,0.19858039915561676,43,PCC,A,3.035283327102661,0.0,0.0016263647703453898,0.5692486763000488,1.1708451509475708,53.24800109863281,0.3003845512866974
dfl_generated,dfl_evaluation_03,0.19858039915561676,43,PCC,B,3.0360782146453857,0.0,0.0012690238654613495,0.5692486763000488,1.1708451509475708,53.24800109863281,0.3003845512866974
dfl_generated,dfl_evaluation_03,0.19858039915561676,43,PCC,C,3.035944700241089,0.0,0.0012202829821035266,0.5692486763000488,1.1708451509475708,53.24800109863281,0.3003845512866974
dfl_generated,dfl_evaluation_03,0.19858039915561676,44,PCC,A,2.858538866043091,0.0,2.031594931395375e-06,0.458400696516037,1.1682754755020142,53.24800109863281,0.2881101965904236
dfl_generated,dfl_evaluation_03,0.19858039915561676,44,PCC,B,2.864839553833008,0.0,1.646845362301974e-06,0.458400696516037,1.1682754755020142,53.24800109863281,0.2881101965904236
dfl_generated,dfl_evaluation_03,0.19858039915561676,44,PCC,C,2.860525369644165,0.0,4.239048848830862e-06,0.458400696516037,1.1682754755020142,53.24800109863281,0.2881101965904236
dfl_generated,dfl_evaluation_03,0.19858039915561676,45,PCC,A,2.770249366760254,0.0,2.10898451769026e-06,0.39928483963012695,1.1642568111419678,53.24800109863281,0.29524052143096924
dfl_generated,dfl_evaluation_03,0.19858039915561676,45,PCC,B,2.7721424102783203,0.0,0.0,0.39928483963012695,1.1642568111419678,53.24800109863281,0.29524052143096924
dfl_generated,dfl_evaluation_03,0.19858039915561676,45,PCC,C,2.7711260318756104,0.0,0.0,0.39928483963012695,1.1642568111419678,53.24800109863281,0.29524052143096924
dfl_generated,dfl_evaluation_03,0.19858039915561676,46,PCC,A,2.71768856048584,0.0,1.0255807865178213e-06,0.3637107312679291,1.1622519493103027,53.24800109863281,0.29711347818374634
dfl_generated,dfl_evaluation_03,0.19858039915561676,46,PCC,B,2.7174856662750244,0.0,1.7512132899355493e-06,0.3637107312679291,1.1622519493103027,53.24800109863281,0.29711347818374634
dfl_generated,dfl_evaluation_03,0.19858039915561676,46,PCC,C,2.7149322032928467,0.0,3.620631105150096e-06,0.3637107312679291,1.1622519493103027,53.24800109863281,0.29711347818374634
dfl_generated,dfl_evaluation_03,0.19858039915561676,47,PCC,A,2.687720775604248,0.0,0.0,0.34759950637817383,1.1609277725219727,53.24800109863281,0.304818332195282
dfl_generated,dfl_evaluation_03,0.19858039915561676,47,PCC,B,2.690275192260742,0.0,0.0,0.34759950637817383,1.1609277725219727,53.24800109863281,0.304818332195282
dfl_generated,dfl_evaluation_03,0.19858039915561676,47,PCC,C,2.690042495727539,0.0,0.0,0.34759950637817383,1.1609277725219727,53.24800109863281,0.304818332195282
dfl_generated,dfl_evaluation_04,0.19858039915561676,0,PCC,A,2.5929455757141113,0.0,1.3427294334178441e-06,0.29431068897247314,1.1510605812072754,53.24800109863281,0.2933606803417206
dfl_generated,dfl_evaluation_04,0.19858039915561676,0,PCC,B,2.5920634269714355,0.0,8.913133342502988e-07,0.29431068897247314,1.1510605812072754,53.24800109863281,0.2933606803417206
dfl_generated,dfl_evaluation_04,0.19858039915561676,0,PCC,C,2.59082293510437,0.0,4.029625131352077e-07,0.29431068897247314,1.1510605812072754,53.24800109863281,0.2933606803417206
dfl_generated,dfl_evaluation_04,0.19858039915561676,1,PCC,A,2.6270856857299805,0.0,8.012136163415562e-07,0.3179371654987335,1.151231050491333,53.24800109863281,0.29975712299346924
dfl_generated,dfl_evaluation_04,0.19858039915561676,1,PCC,B,2.626882553100586,0.0,0.0,0.3179371654987335,1.151231050491333,53.24800109863281,0.29975712299346924
dfl_generated,dfl_evaluation_04,0.19858039915561676,1,PCC,C,2.6276841163635254,0.0,6.777593171136687e-07,0.3179371654987335,1.151231050491333,53.24800109863281,0.29975712299346924
dfl_generated,dfl_evaluation_04,0.19858039915561676,2,PCC,A,2.4885213375091553,0.0,9.104929858949617e-07,0.2232462614774704,1.1510071754455566,53.24800109863281,0.2851926386356354
dfl_generated,dfl_evaluation_04,0.19858039915561676,2,PCC,B,2.488487720489502,0.0,0.0,0.2232462614774704,1.1510071754455566,53.24800109863281,0.2851926386356354
dfl_generated,dfl_evaluation_04,0.19858039915561676,2,PCC,C,2.489773988723755,0.0,0.0,0.2232462614774704,1.1510071754455566,53.24800109863281,0.2851926386356354
dfl_generated,dfl_evaluation_04,0.19858039915561676,3,PCC,A,2.5467939376831055,0.0,0.0,0.2633455991744995,1.1508275270462036,53.24800109863281,0.29060056805610657
dfl_generated,dfl_evaluation_04,0.19858039915561676,3,PCC,B,2.5468592643737793,0.0,4.7606880571038346e-07,0.2633455991744995,1.1508275270462036,53.24800109863281,0.29060056805610657
dfl_generated,dfl_evaluation_04,0.19858039915561676,3,PCC,C,2.5460386276245117,0.0,8.886084401638072e-07,0.2633455991744995,1.1508275270462036,53.24800109863281,0.29060056805610657
dfl_generated,dfl_evaluation_04,0.19858039915561676,4,PCC,A,2.6076412200927734,0.0,6.2197887018555775e-06,0.3060445785522461,1.149697184562683,53.24800109863281,0.28377845883369446
dfl_generated,dfl_evaluation_04,0.19858039915561676,4,PCC,B,2.6071698665618896,0.0,1.0439645166115952e-06,0.3060445785522461,1.149697184562683,53.24800109863281,0.28377845883369446
dfl_generated,dfl_evaluation_04,0.19858039915561676,4,PCC,C,2.6071882247924805,0.0,1.9787069049925776e-06,0.3060445785522461,1.149697184562683,53.24800109863281,0.28377845883369446
dfl_generated,dfl_evaluation_04,0.19858039915561676,5,PCC,A,2.5790088176727295,0.0,0.00038067076820880175,0.2850128710269928,1.1506240367889404,53.24800109863281,0.275125652551651
dfl_generated,dfl_evaluation_04,0.19858039915561676,5,PCC,B,2.577313184738159,0.0,0.00020424288231879473,0.2850128710269928,1.1506240367889404,53.24800109863281,0.275125652551651
dfl_generated,dfl_evaluation_04,0.19858039915561676,5,PCC,C,2.5783538818359375,0.0,0.00020833429880440235,0.2850128710269928,1.1506240367889404,53.24800109863281,0.275125652551651
dfl_generated,dfl_evaluation_04,0.19858039915561676,6,PCC,A,2.7665019035339355,0.0,0.008752170950174332,0.4131304621696472,1.151923656463623,53.24800109863281,0.2650640606880188
dfl_generated,dfl_evaluation_04,0.19858039915561676,6,PCC,B,2.764610767364502,0.0,0.012397030368447304,0.4131304621696472,1.151923656463623,53.24800109863281,0.2650640606880188
dfl_generated,dfl_evaluation_04,0.19858039915561676,6,PCC,C,2.765258312225342,0.0,0.013651682063937187,0.4131304621696472,1.151923656463623,53.24800109863281,0.2650640606880188
dfl_generated,dfl_evaluation_04,0.19858039915561676,7,PCC,A,3.0218706130981445,0.0,0.10805902630090714,0.5887197852134705,1.1534523963928223,53.24800109863281,0.2583533823490143
dfl_generated,dfl_evaluation_04,0.19858039915561676,7,PCC,B,3.0207202434539795,0.0,0.10943354666233063,0.5887197852134705,1.1534523963928223,53.24800109863281,0.2583533823490143
dfl_generated,dfl_evaluation_04,0.19858039915561676,7,PCC,C,3.020526885986328,0.0,0.10785874724388123,0.5887197852134705,1.1534523963928223,53.24800109863281,0.2583533823490143
dfl_generated,dfl_evaluation_04,0.19858039915561676,8,PCC,A,2.7785327434539795,0.0,0.4093147814273834,0.41616514325141907,1.1545748710632324,53.24800109863281,0.2553786039352417
dfl_generated,dfl_evaluation_04,0.19858039915561676,8,PCC,B,2.7774436473846436,0.0,0.3849852681159973,0.41616514325141907,1.1545748710632324,53.24800109863281,0.2553786039352417
dfl_generated,dfl_evaluation_04,0.19858039915561676,8,PCC,C,2.7790489196777344,0.0,0.39196228981018066,0.41616514325141907,1.1545748710632324,53.24800109863281,0.2553786039352417
dfl_generated,dfl_evaluation_04,0.19858039915561676,9,PCC,A,2.928926467895508,0.0,0.6031063795089722,0.5137431621551514,1.1592764854431152,53.24800109863281,0.23515135049819946
dfl_generated,dfl_evaluation_04,0.19858039915561676,9,PCC,B,2.925513505935669,0.0,0.6250066757202148,0.5137431621551514,1.1592764854431152,53.24800109863281,0.23515135049819946
dfl_generated,dfl_evaluation_04,0.19858039915561676,9,PCC,C,2.9271249771118164,0.0,0.6233004927635193,0.5137431621551514,1.1592764854431152,53.24800109863281,0.23515135049819946
dfl_generated,dfl_evaluation_04,0.19858039915561676,10,PCC,A,2.713972806930542,0.0,0.7553113102912903,0.3643687963485718,1.1601444482803345,53.24800109863281,0.2602379620075226
dfl_generated,dfl_evaluation_04,0.19858039915561676,10,PCC,B,2.712331771850586,0.0,0.7566052675247192,0.3643687963485718,1.1601444482803345,53.24800109863281,0.2602379620075226
dfl_generated,dfl_evaluation_04,0.19858039915561676,10,PCC,C,2.719494104385376,0.0,0.7764541506767273,0.3643687963485718,1.1601444482803345,53.24800109863281,0.2602379620075226
dfl_generated,dfl_evaluation_04,0.19858039915561676,11,PCC,A,2.713979721069336,0.0,0.8180819749832153,0.36136627197265625,1.1638052463531494,53.24800109863281,0.2704274356365204
dfl_generated,dfl_evaluation_04,0.19858039915561676,11,PCC,B,2.7176246643066406,0.0,0.8244872093200684,0.36136627197265625,1.1638052463531494,53.24800109863281,0.2704274356365204
dfl_generated,dfl_evaluation_04,0.19858039915561676,11,PCC,C,2.716702461242676,0.0,0.8284603357315063,0.36136627197265625,1.1638052463531494,53.24800109863281,0.2704274356365204
dfl_generated,dfl_evaluation_04,0.19858039915561676,12,PCC,A,2.9756014347076416,0.0,0.8667033314704895,0.5383059978485107,1.1671892404556274,53.24800109863281,0.26928311586380005
dfl_generated,dfl_evaluation_04,0.19858039915561676,12,PCC,B,2.977458953857422,0.0,0.898193359375,0.5383059978485107,1.1671892404556274,53.24800109863281,0.26928311586380005
dfl_generated,dfl_evaluation_04,0.19858039915561676,12,PCC,C,2.9811136722564697,0.0,0.8539543151855469,0.5383059978485107,1.1671892404556274,53.24800109863281,0.26928311586380005
dfl_generated,dfl_evaluation_04,0.19858039915561676,13,PCC,A,3.069173812866211,0.0,0.850581169128418,0.6031783223152161,1.1654826402664185,53.24800109863281,0.2710126042366028
dfl_generated,dfl_evaluation_04,0.19858039915561676,13,PCC,B,3.0742244720458984,0.0,0.8330568075180054,0.6031783223152161,1.1654826402664185,53.24800109863281,0.2710126042366028
dfl_generated,dfl_evaluation_04,0.19858039915561676,13,PCC,C,3.0759572982788086,0.0,0.8399184942245483,0.6031783223152161,1.1654826402664185,53.24800109863281,0.2710126042366028
dfl_generated,dfl_evaluation_04,0.19858039915561676,14,PCC,A,3.167732000350952,0.0,0.7328192591667175,0.6654155254364014,1.1685163974761963,53.24800109863281,0.26948538422584534
dfl_generated,dfl_evaluation_04,0.19858039915561676,14,PCC,B,3.1639833450317383,0.0,0.7668002247810364,0.6654155254364014,1.1685163974761963,53.24800109863281,0.26948538422584534
dfl_generated,dfl_evaluation_04,0.19858039915561676,14,PCC,C,3.165727376937866,0.0,0.7393733263015747,0.6654155254364014,1.1685163974761963,53.24800109863281,0.26948538422584534
dfl_generated,dfl_evaluation_04,0.19858039915561676,15,PCC,A,2.9493002891540527,0.0,0.5703498125076294,0.5210045576095581,1.1637526750564575,53.24800109863281,0.2619470953941345
dfl_generated,dfl_evaluation_04,0.19858039915561676,15,PCC,B,2.952120780944824,0.0,0.5554875135421753,0.5210045576095581,1.1637526750564575,53.24800109863281,0.2619470953941345
dfl_generated,dfl_evaluation_04,0.19858039915561676,15,PCC,C,2.951246738433838,0.0,0.5654805898666382,0.5210045576095581,1.1637526750564575,53.24800109863281,0.2619470953941345
dfl_generated,dfl_evaluation_04,0.19858039915561676,16,PCC,A,3.002608299255371,0.0,0.3436359465122223,0.5631123185157776,1.1619569063186646,53.24800109863281,0.2535845935344696
dfl_generated,dfl_evaluation_04,0.19858039915561676,16,PCC,B,3.005976438522339,0.0,0.3450450897216797,0.5631123185157776,1.1619569063186646,53.24800109863281,0.2535845935344696
dfl_generated,dfl_evaluation_04,0.19858039915561676,16,PCC,C,3.0090553760528564,0.0,0.3394114077091217,0.5631123185157776,1.1619569063186646,53.24800109863281,0.2535845935344696
dfl_generated,dfl_evaluation_04,0.19858039915561676,17,PCC,A,2.929920196533203,0.0,0.09744907915592194,0.5185338854789734,1.1568868160247803,53.24800109863281,0.25794488191604614
dfl_generated,dfl_evaluation_04,0.19858039915561676,17,PCC,B,2.937417507171631,0.0,0.08826016634702682,0.5185338854789734,1.1568868160247803,53.24800109863281,0.25794488191604614
dfl_generated,dfl_evaluation_04,0.19858039915561676,17,PCC,C,2.9359521865844727,0.0,0.0910463035106659,0.5185338854789734,1.1568868160247803,53.24800109863281,0.25794488191604614
dfl_generated,dfl_evaluation_04,0.19858039915561676,18,PCC,A,2.8995296955108643,0.0,0.009678306058049202,0.501911997795105,1.1552685499191284,53.24800109863281,0.26170024275779724
dfl_generated,dfl_evaluation_04,0.19858039915561676,18,PCC,B,2.9048964977264404,0.0,0.012098599225282669,0.501911997795105,1.1552685499191284,53.24800109863281,0.26170024275779724
dfl_generated,dfl_evaluation_04,0.19858039915561676,18,PCC,C,2.9031784534454346,0.0,0.008427778258919716,0.501911997795105,1.1552685499191284,53.24800109863281,0.26170024275779724
dfl_generated,dfl_evaluation_04,0.19858039915561676,19,PCC,A,2.9913034439086914,0.0,0.00015292863827198744,0.5692486763000488,1.15448796749115,53.24800109863281,0.26178115606307983
dfl_generated,dfl_evaluation_04,0.19858039915561676,19,PCC,B,2.996478319168091,0.0,0.00042625213973224163,0.5692486763000488,1.15448796749115,53.24800109863281,0.26178115606307983
dfl_generated,dfl_evaluation_04,0.19858039915561676,19,PCC,C,2.992504596710205,0.0,0.00015055632684379816,0.5692486763000488,1.15448796749115,53.24800109863281,0.26178115606307983
dfl_generated,dfl_evaluation_04,0.19858039915561676,20,PCC,A,2.83428692817688,0.0,8.989328534880769e-07,0.458400696516037,1.1534756422042847,53.24800109863281,0.26137015223503113
dfl_generated,dfl_evaluation_04,0.19858039915561676,20,PCC,B,2.832231044769287,0.0,0.0,0.458400696516037,1.1534756422042847,53.24800109863281,0.26137015223503113
dfl_generated,dfl_evaluation_04,0.19858039915561676,20,PCC,C,2.8355298042297363,0.0,1.3084893453196855e-06,0.458400696516037,1.1534756422042847,53.24800109863281,0.26137015223503113
dfl_generated,dfl_evaluation_04,0.19858039915561676,21,PCC,A,2.744723081588745,0.0,2.6854461339098634e-06,0.39928483963012695,1.15425705909729,53.24800109863281,0.27515074610710144
dfl_generated,dfl_evaluation_04,0.19858039915561676,21,PCC,B,2.7487566471099854,0.0,0.0,0.39928483963012695,1.15425705909729,53.24800109863281,0.27515074610710144
dfl_generated,dfl_evaluation_04,0.19858039915561676,21,PCC,C,2.7484629154205322,0.0,0.0,0.39928483963012695,1.15425705909729,53.24800109863281,0.27515074610710144
dfl_generated,dfl_evaluation_04,0.19858039915561676,22,PCC,A,2.6933281421661377,0.0,0.0,0.3637107312679291,1.1523045301437378,53.24800109863281,0.2765009105205536
dfl_generated,dfl_evaluation_04,0.19858039915561676,22,PCC,B,2.6954565048217773,0.0,0.0,0.3637107312679291,1.1523045301437378,53.24800109863281,0.2765009105205536
dfl_generated,dfl_evaluation_04,0.19858039915561676,22,PCC,C,2.6944637298583984,0.0,0.0,0.3637107312679291,1.1523045301437378,53.24800109863281,0.2765009105205536
dfl_generated,dfl_evaluation_04,0.19858039915561676,23,PCC,A,2.668396234512329,0.0,2.3933966986078303e-06,0.34759950637817383,1.1525300741195679,53.24800109863281,0.2937348186969757
dfl_generated,dfl_evaluation_04,0.19858039915561676,23,PCC,B,2.673506736755371,0.0,3.8138239233376225e-08,0.34759950637817383,1.1525300741195679,53.24800109863281,0.2937348186969757
dfl_generated,dfl_evaluation_04,0.19858039915561676,23,PCC,C,2.6698899269104004,0.0,0.0,0.34759950637817383,1.1525300741195679,53.24800109863281,0.2937348186969757
dfl_generated,dfl_evaluation_04,0.19858039915561676,24,PCC,A,2.5909764766693115,0.0,0.0,0.29431068897247314,1.1510969400405884,53.24800109863281,0.2873806059360504
dfl_generated,dfl_evaluation_04,0.19858039915561676,24,PCC,B,2.592561721801758,0.0,0.0,0.29431068897247314,1.1510969400405884,53.24800109863281,0.2873806059360504
dfl_generated,dfl_evaluation_04,0.19858039915561676,24,PCC,C,2.591900110244751,0.0,6.817251119173307e-07,0.29431068897247314,1.1510969400405884,53.24800109863281,0.2873806059360504
dfl_generated,dfl_evaluation_04,0.19858039915561676,25,PCC,A,2.6263883113861084,0.0,0.0,0.3179371654987335,1.1509543657302856,34.72425079345703,0.28953540325164795
dfl_generated,dfl_evaluation_04,0.19858039915561676,25,PCC,B,2.625908374786377,0.0,5.294682523526717e-07,0.3179371654987335,1.1509543657302856,34.72425079345703,0.28953540325164795
dfl_generated,dfl_evaluation_04,0.19858039915561676,25,PCC,C,2.627140760421753,0.0,1.9290339423605474e-06,0.3179371654987335,1.1509543657302856,34.72425079345703,0.28953540325164795
dfl_generated,dfl_evaluation_04,0.19858039915561676,26,PCC,A,2.4899277687072754,0.0,0.0,0.2232462614774704,1.1505985260009766,34.72425079345703,0.29917675256729126
dfl_generated,dfl_evaluation_04,0.19858039915561676,26,PCC,B,2.489138603210449,0.0,6.75879789469036e-07,0.2232462614774704,1.1505985260009766,34.72425079345703,0.29917675256729126
dfl_generated,dfl_evaluation_04,0.19858039915561676,26,PCC,C,2.488724708557129,0.0,4.910258667223388e-06,0.2232462614774704,1.1505985260009766,34.72425079345703,0.29917675256729126
dfl_generated,dfl_evaluation_04,0.19858039915561676,27,PCC,A,2.5466911792755127,0.0,0.0,0.2633455991744995,1.150446891784668,53.24800109863281,0.3035919666290283
dfl_generated,dfl_evaluation_04,0.19858039915561676,27,PCC,B,2.547429323196411,0.0,0.0,0.2633455991744995,1.150446891784668,53.24800109863281,0.3035919666290283
dfl_generated,dfl_evaluation_04,0.19858039915561676,27,PCC,C,2.548368215560913,0.0,2.173684833906009e-06,0.2633455991744995,1.150446891784668,53.24800109863281,0.3035919666290283
dfl_generated,dfl_evaluation_04,0.19858039915561676,28,PCC,A,2.60776424407959,0.0,2.4431992642348632e-06,0.3060445785522461,1.1511074304580688,53.24800109863281,0.28170183300971985
dfl_generated,dfl_evaluation_04,0.19858039915561676,28,PCC,B,2.6092915534973145,0.0,2.505462362023536e-06,0.3060445785522461,1.1511074304580688,53.24800109863281,0.28170183300971985
dfl_generated,dfl_evaluation_04,0.19858039915561676,28,PCC,C,2.6079752445220947,0.0,3.3908290788531303e-06,0.3060445785522461,1.1511074304580688,53.24800109863281,0.28170183300971985
dfl_generated,dfl_evaluation_04,0.19858039915561676,29,PCC,A,2.578956127166748,0.0,0.000283245462924242,0.2850128710269928,1.1510248184204102,53.24800109863281,0.2685444951057434
dfl_generated,dfl_evaluation_04,0.19858039915561676,29,PCC,B,2.579890251159668,0.0,0.0003781011328101158,0.2850128710269928,1.1510248184204102,53.24800109863281,0.2685444951057434
dfl_generated,dfl_evaluation_04,0.19858039915561676,29,PCC,C,2.5783138275146484,0.0,0.000610095274168998,0.2850128710269928,1.1510248184204102,53.24800109863281,0.2685444951057434
dfl_generated,dfl_evaluation_04,0.19858039915561676,30,PCC,A,2.7632553577423096,0.0,0.01082112267613411,0.4131304621696472,1.1514166593551636,121.88175201416016,0.26258644461631775
dfl_generated,dfl_evaluation_04,0.19858039915561676,30,PCC,B,2.763126850128174,0.0,0.010852644219994545,0.4131304621696472,1.1514166593551636,121.88175201416016,0.26258644461631775
dfl_generated,dfl_evaluation_04,0.19858039915561676,30,PCC,C,2.763604164123535,0.0,0.013304833322763443,0.4131304621696472,1.1514166593551636,121.88175201416016,0.26258644461631775
dfl_generated,dfl_evaluation_04,0.19858039915561676,31,PCC,A,3.0235490798950195,0.0,0.12013709545135498,0.5887197852134705,1.1544415950775146,121.88175201416016,0.26037588715553284
dfl_generated,dfl_evaluation_04,0.19858039915561676,31,PCC,B,3.020550012588501,0.0,0.10742729157209396,0.5887197852134705,1.1544415950775146,121.88175201416016,0.26037588715553284
dfl_generated,dfl_evaluation_04,0.19858039915561676,31,PCC,C,3.019415855407715,0.0,0.107628233730793,0.5887197852134705,1.1544415950775146,121.88175201416016,0.26037588715553284
dfl_generated,dfl_evaluation_04,0.19858039915561676,32,PCC,A,2.777775287628174,0.0,0.39725279808044434,0.41616514325141907,1.1539865732192993,121.88175201416016,0.2442222237586975
dfl_generated,dfl_evaluation_04,0.19858039915561676,32,PCC,B,2.780691385269165,0.0,0.37628912925720215,0.41616514325141907,1.1539865732192993,121.88175201416016,0.2442222237586975
dfl_generated,dfl_evaluation_04,0.19858039915561676,32,PCC,C,2.779904365539551,0.0,0.38578057289123535,0.41616514325141907,1.1539865732192993,121.88175201416016,0.2442222237586975
dfl_generated,dfl_evaluation_04,0.19858039915561676,33,PCC,A,2.926246404647827,0.0,0.6620661020278931,0.5137431621551514,1.1610265970230103,121.88175201416016,0.25298163294792175
dfl_generated,dfl_evaluation_04,0.19858039915561676,33,PCC,B,2.930424213409424,0.0,0.6227620840072632,0.5137431621551514,1.1610265970230103,121.88175201416016,0.25298163294792175
dfl_generated,dfl_evaluation_04,0.19858039915561676,33,PCC,C,2.9266955852508545,0.0,0.6215178966522217,0.5137431621551514,1.1610265970230103,121.88175201416016,0.25298163294792175
dfl_generated,dfl_evaluation_04,0.19858039915561676,34,PCC,A,2.719510793685913,0.0,0.7901028990745544,0.3643687963485718,1.1623308658599854,53.24800109863281,0.2626936435699463
dfl_generated,dfl_evaluation_04,0.19858039915561676,34,PCC,B,2.720304250717163,0.0,0.7760769724845886,0.3643687963485718,1.1623308658599854,53.24800109863281,0.2626936435699463
dfl_generated,dfl_evaluation_04,0.19858039915561676,34,PCC,C,2.7135109901428223,0.0,0.8014258146286011,0.3643687963485718,1.1623308658599854,53.24800109863281,0.2626936435699463
dfl_generated,dfl_evaluation_04,0.19858039915561676,35,PCC,A,2.7142350673675537,0.0,0.8758084177970886,0.36136627197265625,1.1634130477905273,53.24800109863281,0.26933836936950684
dfl_generated,dfl_evaluation_04,0.19858039915561676,35,PCC,B,2.7165937423706055,0.0,0.8973613381385803,0.36136627197265625,1.1634130477905273,53.24800109863281,0.26933836936950684
dfl_generated,dfl_evaluation_04,0.19858039915561676,35,PCC,C,2.713630437850952,0.0,0.8883510231971741,0.36136627197265625,1.1634130477905273,53.24800109863281,0.26933836936950684
dfl_generated,dfl_evaluation_04,0.19858039915561676,36,PCC,A,2.9759340286254883,0.0,0.920335054397583,0.5383059978485107,1.163926124572754,34.72425079345703,0.27332645654678345
dfl_generated,dfl_evaluation_04,0.19858039915561676,36,PCC,B,2.981027364730835,0.0,0.9292657375335693,0.5383059978485107,1.163926124572754,34.72425079345703,0.27332645654678345
dfl_generated,dfl_evaluation_04,0.19858039915561676,36,PCC,C,2.976034641265869,0.0,0.9149585962295532,0.5383059978485107,1.163926124572754,34.72425079345703,0.27332645654678345
dfl_generated,dfl_evaluation_04,0.19858039915561676,37,PCC,A,3.077136754989624,0.0,0.9120020866394043,0.6031783223152161,1.1652319431304932,34.72425079345703,0.27107152342796326
dfl_generated,dfl_evaluation_04,0.19858039915561676,37,PCC,B,3.063311815261841,0.0,0.8769612908363342,0.6031783223152161,1.1652319431304932,34.72425079345703,0.27107152342796326
dfl_generated,dfl_evaluation_04,0.19858039915561676,37,PCC,C,3.0680675506591797,0.0,0.8556981682777405,0.6031783223152161,1.1652319431304932,34.72425079345703,0.27107152342796326
dfl_generated,dfl_evaluation_04,0.19858039915561676,38,PCC,A,3.1718127727508545,0.0,0.7567406296730042,0.6654155254364014,1.167822003364563,34.72425079345703,0.2700139284133911
dfl_generated,dfl_evaluation_04,0.19858039915561676,38,PCC,B,3.166966199874878,0.0,0.7504288554191589,0.6654155254364014,1.167822003364563,34.72425079345703,0.2700139284133911
dfl_generated,dfl_evaluation_04,0.19858039915561676,38,PCC,C,3.165647029876709,0.0,0.7642657160758972,0.6654155254364014,1.167822003364563,34.72425079345703,0.2700139284133911
dfl_generated,dfl_evaluation_04,0.19858039915561676,39,PCC,A,2.9523308277130127,0.0,0.6064265370368958,0.5210045576095581,1.1638089418411255,34.72425079345703,0.260689377784729
dfl_generated,dfl_evaluation_04,0.19858039915561676,39,PCC,B,2.9465603828430176,0.0,0.6103877425193787,0.5210045576095581,1.1638089418411255,34.72425079345703,0.260689377784729
dfl_generated,dfl_evaluation_04,0.19858039915561676,39,PCC,C,2.954353094100952,0.0,0.6137077212333679,0.5210045576095581,1.1638089418411255,34.72425079345703,0.260689377784729
dfl_generated,dfl_evaluation_04,0.19858039915561676,40,PCC,A,3.0139706134796143,0.0,0.36458420753479004,0.5631123185157776,1.1632684469223022,53.24800109863281,0.2587270736694336
dfl_generated,dfl_evaluation_04,0.19858039915561676,40,PCC,B,3.0086147785186768,0.0,0.3453914523124695,0.5631123185157776,1.1632684469223022,53.24800109863281,0.2587270736694336
dfl_generated,dfl_evaluation_04,0.19858039915561676,40,PCC,C,3.00749135017395,0.0,0.3515203893184662,0.5631123185157776,1.1632684469223022,53.24800109863281,0.2587270736694336
dfl_generated,dfl_evaluation_04,0.19858039915561676,41,PCC,A,2.9363927841186523,0.0,0.0900682657957077,0.5185338854789734,1.1583003997802734,53.24800109863281,0.25889039039611816
dfl_generated,dfl_evaluation_04,0.19858039915561676,41,PCC,B,2.936406135559082,0.0,0.08799565583467484,0.5185338854789734,1.1583003997802734,53.24800109863281,0.25889039039611816
dfl_generated,dfl_evaluation_04,0.19858039915561676,41,PCC,C,2.9351212978363037,0.0,0.09355606883764267,0.5185338854789734,1.1583003997802734,53.24800109863281,0.25889039039611816
dfl_generated,dfl_evaluation_04,0.19858039915561676,42,PCC,A,2.905759334564209,0.0,0.010462192818522453,0.501911997795105,1.157843828201294,53.24800109863281,0.2611926198005676
dfl_generated,dfl_evaluation_04,0.19858039915561676,42,PCC,B,2.9049596786499023,0.0,0.010845832526683807,0.501911997795105,1.157843828201294,53.24800109863281,0.2611926198005676
dfl_generated,dfl_evaluation_04,0.19858039915561676,42,PCC,C,2.900284767150879,0.0,0.009316246956586838,0.501911997795105,1.157843828201294,53.24800109863281,0.2611926198005676
dfl_generated,dfl_evaluation_04,0.19858039915561676,43,PCC,A,3.0021445751190186,0.0,0.0003680980298668146,0.5692486763000488,1.1538431644439697,53.24800109863281,0.2608371078968048
dfl_generated,dfl_evaluation_04,0.19858039915561676,43,PCC,B,2.9978134632110596,0.0,8.33489466458559e-05,0.5692486763000488,1.1538431644439697,53.24800109863281,0.2608371078968048
dfl_generated,dfl_evaluation_04,0.19858039915561676,43,PCC,C,2.996661424636841,0.0,1.514563336968422e-05,0.5692486763000488,1.1538431644439697,53.24800109863281,0.2608371078968048
dfl_generated,dfl_evaluation_04,0.19858039915561676,44,PCC,A,2.834352493286133,0.0,6.7729115471593104e-06,0.458400696516037,1.1536730527877808,53.24800109863281,0.26085329055786133
dfl_generated,dfl_evaluation_04,0.19858039915561676,44,PCC,B,2.837456703186035,0.0,4.054583371271292e-07,0.458400696516037,1.1536730527877808,53.24800109863281,0.26085329055786133
dfl_generated,dfl_evaluation_04,0.19858039915561676,44,PCC,C,2.8328917026519775,0.0,3.918777110811789e-06,0.458400696516037,1.1536730527877808,53.24800109863281,0.26085329055786133
dfl_generated,dfl_evaluation_04,0.19858039915561676,45,PCC,A,2.749455213546753,0.0,0.0,0.39928483963012695,1.152513027191162,53.24800109863281,0.26791805028915405
dfl_generated,dfl_evaluation_04,0.19858039915561676,45,PCC,B,2.7485790252685547,0.0,0.0,0.39928483963012695,1.152513027191162,53.24800109863281,0.26791805028915405
dfl_generated,dfl_evaluation_04,0.19858039915561676,45,PCC,C,2.74660587310791,0.0,0.0,0.39928483963012695,1.152513027191162,53.24800109863281,0.26791805028915405
dfl_generated,dfl_evaluation_04,0.19858039915561676,46,PCC,A,2.696871519088745,0.0,4.71972100513085e-07,0.3637107312679291,1.1521930694580078,53.24800109863281,0.27831777930259705
dfl_generated,dfl_evaluation_04,0.19858039915561676,46,PCC,B,2.694383382797241,0.0,0.0,0.3637107312679291,1.1521930694580078,53.24800109863281,0.27831777930259705
dfl_generated,dfl_evaluation_04,0.19858039915561676,46,PCC,C,2.69448184967041,0.0,0.0,0.3637107312679291,1.1521930694580078,53.24800109863281,0.27831777930259705
dfl_generated,dfl_evaluation_04,0.19858039915561676,47,PCC,A,2.6677210330963135,0.0,4.4539214627548063e-07,0.34759950637817383,1.1512393951416016,53.24800109863281,0.28771713376045227
dfl_generated,dfl_evaluation_04,0.19858039915561676,47,PCC,B,2.6693644523620605,0.0,1.083775259758113e-06,0.34759950637817383,1.1512393951416016,53.24800109863281,0.28771713376045227
dfl_generated,dfl_evaluation_04,0.19858039915561676,47,PCC,C,2.6704957485198975,0.0,0.0,0.34759950637817383,1.1512393951416016,53.24800109863281,0.28771713376045227
dfl_generated,dfl_evaluation_05,0.19858039915561676,0,PCC,A,2.631016254425049,0.0,8.981097380456049e-06,0.29431068897247314,1.1699825525283813,53.24800109863281,0.3709462285041809
dfl_generated,dfl_evaluation_05,0.19858039915561676,0,PCC,B,2.6310484409332275,0.0,0.0,0.29431068897247314,1.1699825525283813,53.24800109863281,0.3709462285041809
dfl_generated,dfl_evaluation_05,0.19858039915561676,0,PCC,C,2.634989023208618,0.0,0.0,0.29431068897247314,1.1699825525283813,53.24800109863281,0.3709462285041809
dfl_generated,dfl_evaluation_05,0.19858039915561676,1,PCC,A,2.6576480865478516,0.0,0.0,0.3179371654987335,1.1679011583328247,34.72425079345703,0.3213934600353241
dfl_generated,dfl_evaluation_05,0.19858039915561676,1,PCC,B,2.6606199741363525,0.0,7.818468475306872e-06,0.3179371654987335,1.1679011583328247,34.72425079345703,0.3213934600353241
dfl_generated,dfl_evaluation_05,0.19858039915561676,1,PCC,C,2.654463768005371,0.0,0.0,0.3179371654987335,1.1679011583328247,34.72425079345703,0.3213934600353241
dfl_generated,dfl_evaluation_05,0.19858039915561676,2,PCC,A,2.516826868057251,0.0,0.0,0.2232462614774704,1.166114091873169,34.72425079345703,0.34421461820602417
dfl_generated,dfl_evaluation_05,0.19858039915561676,2,PCC,B,2.5184390544891357,0.0,0.0,0.2232462614774704,1.166114091873169,34.72425079345703,0.34421461820602417
dfl_generated,dfl_evaluation_05,0.19858039915561676,2,PCC,C,2.519165277481079,0.0,0.0,0.2232462614774704,1.166114091873169,34.72425079345703,0.34421461820602417
dfl_generated,dfl_evaluation_05,0.19858039915561676,3,PCC,A,2.5758862495422363,0.0,0.0,0.2633455991744995,1.165379524230957,34.72425079345703,0.3433952331542969
dfl_generated,dfl_evaluation_05,0.19858039915561676,3,PCC,B,2.5710697174072266,0.0,3.6733983961312333e-06,0.2633455991744995,1.165379524230957,34.72425079345703,0.3433952331542969
dfl_generated,dfl_evaluation_05,0.19858039915561676,3,PCC,C,2.570462942123413,0.0,0.0,0.2633455991744995,1.165379524230957,34.72425079345703,0.3433952331542969
dfl_generated,dfl_evaluation_05,0.19858039915561676,4,PCC,A,2.6278953552246094,0.0,3.232234348615748e-06,0.3060445785522461,1.16309654712677,34.72425079345703,0.38915854692459106
dfl_generated,dfl_evaluation_05,0.19858039915561676,4,PCC,B,2.6332921981811523,0.0,0.0,0.3060445785522461,1.16309654712677,34.72425079345703,0.38915854692459106
dfl_generated,dfl_evaluation_05,0.19858039915561676,4,PCC,C,2.6318745613098145,0.0,0.0,0.3060445785522461,1.16309654712677,34.72425079345703,0.38915854692459106
dfl_generated,dfl_evaluation_05,0.19858039915561676,5,PCC,A,2.6043035984039307,0.0,0.00294753210619092,0.2850128710269928,1.1635816097259521,34.72425079345703,0.3854413330554962
dfl_generated,dfl_evaluation_05,0.19858039915561676,5,PCC,B,2.6047050952911377,0.0,0.003129335818812251,0.2850128710269928,1.1635816097259521,34.72425079345703,0.3854413330554962
dfl_generated,dfl_evaluation_05,0.19858039915561676,5,PCC,C,2.6056768894195557,0.0,0.003001662902534008,0.2850128710269928,1.1635816097259521,34.72425079345703,0.3854413330554962
dfl_generated,dfl_evaluation_05,0.19858039915561676,6,PCC,A,2.812140703201294,0.0,0.07116283476352692,0.4131304621696472,1.173879861831665,53.24800109863281,0.3694601058959961
dfl_generated,dfl_evaluation_05,0.19858039915561676,6,PCC,B,2.8050687313079834,0.0,0.06528700888156891,0.4131304621696472,1.173879861831665,53.24800109863281,0.3694601058959961
dfl_generated,dfl_evaluation_05,0.19858039915561676,6,PCC,C,2.808133125305176,0.0,0.07552357017993927,0.4131304621696472,1.173879861831665,53.24800109863281,0.3694601058959961
dfl_generated,dfl_evaluation_05,0.19858039915561676,7,PCC,A,3.102452278137207,0.0,0.353344589471817,0.5887197852134705,1.1865756511688232,53.24800109863281,0.32959654927253723
dfl_generated,dfl_evaluation_05,0.19858039915561676,7,PCC,B,3.0954596996307373,0.0,0.2975568175315857,0.5887197852134705,1.1865756511688232,53.24800109863281,0.32959654927253723
dfl_generated,dfl_evaluation_05,0.19858039915561676,7,PCC,C,3.103156089782715,0.0,0.3002554476261139,0.5887197852134705,1.1865756511688232,53.24800109863281,0.32959654927253723
dfl_generated,dfl_evaluation_05,0.19858039915561676,8,PCC,A,2.883045196533203,0.0,0.5229523181915283,0.41616514325141907,1.2015559673309326,53.24800109863281,0.2830776274204254
dfl_generated,dfl_evaluation_05,0.19858039915561676,8,PCC,B,2.88417387008667,0.0,0.5749127864837646,0.41616514325141907,1.2015559673309326,53.24800109863281,0.2830776274204254
dfl_generated,dfl_evaluation_05,0.19858039915561676,8,PCC,C,2.8713772296905518,0.0,0.5548520088195801,0.41616514325141907,1.2015559673309326,53.24800109863281,0.2830776274204254
dfl_generated,dfl_evaluation_05,0.19858039915561676,9,PCC,A,3.0561788082122803,0.0,0.6857358813285828,0.5137431621551514,1.215289831161499,53.24800109863281,0.2522597908973694
dfl_generated,dfl_evaluation_05,0.19858039915561676,9,PCC,B,3.0464324951171875,0.0,0.7742599248886108,0.5137431621551514,1.215289831161499,53.24800109863281,0.2522597908973694
dfl_generated,dfl_evaluation_05,0.19858039915561676,9,PCC,C,3.0614778995513916,0.0,0.7225804328918457,0.5137431621551514,1.215289831161499,53.24800109863281,0.2522597908973694
dfl_generated,dfl_evaluation_05,0.19858039915561676,10,PCC,A,2.8648674488067627,0.0,0.8696280121803284,0.3643687963485718,1.2183926105499268,53.24800109863281,0.27826833724975586
dfl_generated,dfl_evaluation_05,0.19858039915561676,10,PCC,B,2.8314695358276367,0.0,0.9502663612365723,0.3643687963485718,1.2183926105499268,53.24800109863281,0.27826833724975586
dfl_generated,dfl_evaluation_05,0.19858039915561676,10,PCC,C,2.86092472076416,0.0,0.8946835398674011,0.3643687963485718,1.2183926105499268,53.24800109863281,0.27826833724975586
dfl_generated,dfl_evaluation_05,0.19858039915561676,11,PCC,A,2.857665538787842,0.0,0.9496820569038391,0.36136627197265625,1.2429231405258179,53.24800109863281,0.2983207106590271
dfl_generated,dfl_evaluation_05,0.19858039915561676,11,PCC,B,2.853174924850464,0.0,0.9519058465957642,0.36136627197265625,1.2429231405258179,53.24800109863281,0.2983207106590271
dfl_generated,dfl_evaluation_05,0.19858039915561676,11,PCC,C,2.846484661102295,0.0,0.9665233492851257,0.36136627197265625,1.2429231405258179,53.24800109863281,0.2983207106590271
dfl_generated,dfl_evaluation_05,0.19858039915561676,12,PCC,A,3.1613688468933105,0.0,0.9644683003425598,0.5383059978485107,1.2468864917755127,53.24800109863281,0.3002789616584778
dfl_generated,dfl_evaluation_05,0.19858039915561676,12,PCC,B,3.151034355163574,0.0,0.9879041910171509,0.5383059978485107,1.2468864917755127,53.24800109863281,0.3002789616584778
dfl_generated,dfl_evaluation_05,0.19858039915561676,12,PCC,C,3.1450631618499756,0.0,0.9216915369033813,0.5383059978485107,1.2468864917755127,53.24800109863281,0.3002789616584778
dfl_generated,dfl_evaluation_05,0.19858039915561676,13,PCC,A,3.2716729640960693,0.0,0.9973987936973572,0.6031783223152161,1.246692180633545,53.24800109863281,0.30713579058647156
dfl_generated,dfl_evaluation_05,0.19858039915561676,13,PCC,B,3.2637531757354736,0.0,0.9294403791427612,0.6031783223152161,1.246692180633545,53.24800109863281,0.30713579058647156
dfl_generated,dfl_evaluation_05,0.19858039915561676,13,PCC,C,3.263707160949707,0.0,0.9365466833114624,0.6031783223152161,1.246692180633545,53.24800109863281,0.30713579058647156
dfl_generated,dfl_evaluation_05,0.19858039915561676,14,PCC,A,3.34700345993042,0.0,0.8252745866775513,0.6654155254364014,1.2455389499664307,53.24800109863281,0.3124672472476959
dfl_generated,dfl_evaluation_05,0.19858039915561676,14,PCC,B,3.343907117843628,0.0,0.8843597173690796,0.6654155254364014,1.2455389499664307,53.24800109863281,0.3124672472476959
dfl_generated,dfl_evaluation_05,0.19858039915561676,14,PCC,C,3.324962854385376,0.0,0.8521462082862854,0.6654155254364014,1.2455389499664307,53.24800109863281,0.3124672472476959
dfl_generated,dfl_evaluation_05,0.19858039915561676,15,PCC,A,3.1088972091674805,0.0,0.7361775636672974,0.5210045576095581,1.2339649200439453,53.24800109863281,0.3182446360588074
dfl_generated,dfl_evaluation_05,0.19858039915561676,15,PCC,B,3.1203598976135254,0.0,0.7384311556816101,0.5210045576095581,1.2339649200439453,53.24800109863281,0.3182446360588074
dfl_generated,dfl_evaluation_05,0.19858039915561676,15,PCC,C,3.122223138809204,0.0,0.7207032442092896,0.5210045576095581,1.2339649200439453,53.24800109863281,0.3182446360588074
dfl_generated,dfl_evaluation_05,0.19858039915561676,16,PCC,A,3.1858248710632324,0.0,0.5558529496192932,0.5631123185157776,1.2215768098831177,53.24800109863281,0.3574700951576233
dfl_generated,dfl_evaluation_05,0.19858039915561676,16,PCC,B,3.1723508834838867,0.0,0.4969438314437866,0.5631123185157776,1.2215768098831177,53.24800109863281,0.3574700951576233
dfl_generated,dfl_evaluation_05,0.19858039915561676,16,PCC,C,3.145226001739502,0.0,0.49408814311027527,0.5631123185157776,1.2215768098831177,53.24800109863281,0.3574700951576233
dfl_generated,dfl_evaluation_05,0.19858039915561676,17,PCC,A,3.0760366916656494,0.0,0.2752957344055176,0.5185338854789734,1.2189831733703613,53.24800109863281,0.36776286363601685
dfl_generated,dfl_evaluation_05,0.19858039915561676,17,PCC,B,3.074697494506836,0.0,0.27431783080101013,0.5185338854789734,1.2189831733703613,53.24800109863281,0.36776286363601685
dfl_generated,dfl_evaluation_05,0.19858039915561676,17,PCC,C,3.080850124359131,0.0,0.2656468152999878,0.5185338854789734,1.2189831733703613,53.24800109863281,0.36776286363601685
dfl_generated,dfl_evaluation_05,0.19858039915561676,18,PCC,A,3.0067830085754395,0.0,0.06555692851543427,0.501911997795105,1.199263572692871,121.88175201416016,0.35446280241012573
dfl_generated,dfl_evaluation_05,0.19858039915561676,18,PCC,B,3.0169734954833984,0.0,0.06819399446249008,0.501911997795105,1.199263572692871,121.88175201416016,0.35446280241012573
dfl_generated,dfl_evaluation_05,0.19858039915561676,18,PCC,C,3.026953935623169,0.0,0.06769249588251114,0.501911997795105,1.199263572692871,121.88175201416016,0.35446280241012573
dfl_generated,dfl_evaluation_05,0.19858039915561676,19,PCC,A,3.071193218231201,0.0,0.003357105888426304,0.5692486763000488,1.1903581619262695,121.88175201416016,0.3431195616722107
dfl_generated,dfl_evaluation_05,0.19858039915561676,19,PCC,B,3.078347682952881,0.0,0.003504293505102396,0.5692486763000488,1.1903581619262695,121.88175201416016,0.3431195616722107
dfl_generated,dfl_evaluation_05,0.19858039915561676,19,PCC,C,3.0909931659698486,0.0,0.0035439077764749527,0.5692486763000488,1.1903581619262695,121.88175201416016,0.3431195616722107
dfl_generated,dfl_evaluation_05,0.19858039915561676,20,PCC,A,2.916465997695923,0.0,0.0,0.458400696516037,1.1834585666656494,121.88175201416016,0.3557245135307312
dfl_generated,dfl_evaluation_05,0.19858039915561676,20,PCC,B,2.9001216888427734,0.0,1.0533741260587703e-05,0.458400696516037,1.1834585666656494,121.88175201416016,0.3557245135307312
dfl_generated,dfl_evaluation_05,0.19858039915561676,20,PCC,C,2.899909734725952,0.0,3.383094053788227e-06,0.458400696516037,1.1834585666656494,121.88175201416016,0.3557245135307312
dfl_generated,dfl_evaluation_05,0.19858039915561676,21,PCC,A,2.8040661811828613,0.0,0.0,0.39928483963012695,1.1793675422668457,53.24800109863281,0.3842633366584778
dfl_generated,dfl_evaluation_05,0.19858039915561676,21,PCC,B,2.8118510246276855,0.0,0.0,0.39928483963012695,1.1793675422668457,53.24800109863281,0.3842633366584778
dfl_generated,dfl_evaluation_05,0.19858039915561676,21,PCC,C,2.8139700889587402,0.0,0.0,0.39928483963012695,1.1793675422668457,53.24800109863281,0.3842633366584778
dfl_generated,dfl_evaluation_05,0.19858039915561676,22,PCC,A,2.747624397277832,0.0,0.0,0.3637107312679291,1.1738518476486206,53.24800109863281,0.3641755282878876
dfl_generated,dfl_evaluation_05,0.19858039915561676,22,PCC,B,2.742424964904785,0.0,6.602868438676524e-07,0.3637107312679291,1.1738518476486206,53.24800109863281,0.3641755282878876
dfl_generated,dfl_evaluation_05,0.19858039915561676,22,PCC,C,2.744875192642212,0.0,8.21426510810852e-06,0.3637107312679291,1.1738518476486206,53.24800109863281,0.3641755282878876
dfl_generated,dfl_evaluation_05,0.19858039915561676,23,PCC,A,2.7109286785125732,0.0,0.0,0.34759950637817383,1.1727596521377563,53.24800109863281,0.3528798222541809
dfl_generated,dfl_evaluation_05,0.19858039915561676,23,PCC,B,2.714291572570801,0.0,4.931567673338577e-06,0.34759950637817383,1.1727596521377563,53.24800109863281,0.3528798222541809
dfl_generated,dfl_evaluation_05,0.19858039915561676,23,PCC,C,2.715543031692505,0.0,0.0,0.34759950637817383,1.1727596521377563,53.24800109863281,0.3528798222541809
dfl_generated,dfl_evaluation_05,0.19858039915561676,24,PCC,A,2.630626916885376,0.0,5.328292445483385e-06,0.29431068897247314,1.1705751419067383,53.24800109863281,0.35966286063194275
dfl_generated,dfl_evaluation_05,0.19858039915561676,24,PCC,B,2.6298012733459473,0.0,0.0,0.29431068897247314,1.1705751419067383,53.24800109863281,0.35966286063194275
dfl_generated,dfl_evaluation_05,0.19858039915561676,24,PCC,C,2.631540536880493,0.0,2.156211394321872e-06,0.29431068897247314,1.1705751419067383,53.24800109863281,0.35966286063194275
dfl_generated,dfl_evaluation_05,0.19858039915561676,25,PCC,A,2.662663698196411,0.0,4.178955805400619e-06,0.3179371654987335,1.169280767440796,34.72425079345703,0.35584166646003723
dfl_generated,dfl_evaluation_05,0.19858039915561676,25,PCC,B,2.662895679473877,0.0,8.517163223586977e-06,0.3179371654987335,1.169280767440796,34.72425079345703,0.35584166646003723
dfl_generated,dfl_evaluation_05,0.19858039915561676,25,PCC,C,2.662189483642578,0.0,0.0,0.3179371654987335,1.169280767440796,34.72425079345703,0.35584166646003723
dfl_generated,dfl_evaluation_05,0.19858039915561676,26,PCC,A,2.5180749893188477,0.0,7.331702818191843e-06,0.2232462614774704,1.166348934173584,34.72425079345703,0.34916266798973083
dfl_generated,dfl_evaluation_05,0.19858039915561676,26,PCC,B,2.5181467533111572,0.0,6.6766797317541204e-06,0.2232462614774704,1.166348934173584,34.72425079345703,0.34916266798973083
dfl_generated,dfl_evaluation_05,0.19858039915561676,26,PCC,C,2.520763635635376,0.0,2.3527793473476777e-06,0.2232462614774704,1.166348934173584,34.72425079345703,0.34916266798973083
dfl_generated,dfl_evaluation_05,0.19858039915561676,27,PCC,A,2.5709190368652344,0.0,3.7470365441549802e-06,0.2633455991744995,1.164157509803772,34.72425079345703,0.3250693082809448
dfl_generated,dfl_evaluation_05,0.19858039915561676,27,PCC,B,2.5690083503723145,0.0,1.0505567615837208e-06,0.2633455991744995,1.164157509803772,34.72425079345703,0.3250693082809448
dfl_generated,dfl_evaluation_05,0.19858039915561676,27,PCC,C,2.5740883350372314,0.0,0.0,0.2633455991744995,1.164157509803772,34.72425079345703,0.3250693082809448
dfl_generated,dfl_evaluation_05,0.19858039915561676,28,PCC,A,2.6319375038146973,0.0,0.0,0.3060445785522461,1.1628230810165405,34.72425079345703,0.3938838541507721
dfl_generated,dfl_evaluation_05,0.19858039915561676,28,PCC,B,2.6342074871063232,0.0,0.0,0.3060445785522461,1.1628230810165405,34.72425079345703,0.3938838541507721
dfl_generated,dfl_evaluation_05,0.19858039915561676,28,PCC,C,2.6313254833221436,0.0,5.90180297876941e-06,0.3060445785522461,1.1628230810165405,34.72425079345703,0.3938838541507721
dfl_generated,dfl_evaluation_05,0.19858039915561676,29,PCC,A,2.606637954711914,0.0,0.003121559973806143,0.2850128710269928,1.1618202924728394,34.72425079345703,0.3804161250591278
dfl_generated,dfl_evaluation_05,0.19858039915561676,29,PCC,B,2.6051440238952637,0.0,0.003147352486848831,0.2850128710269928,1.1618202924728394,34.72425079345703,0.3804161250591278
dfl_generated,dfl_evaluation_05,0.19858039915561676,29,PCC,C,2.60227108001709,0.0,0.003957143984735012,0.2850128710269928,1.1618202924728394,34.72425079345703,0.3804161250591278
dfl_generated,dfl_evaluation_05,0.19858039915561676,30,PCC,A,2.8058409690856934,0.0,0.06616201996803284,0.4131304621696472,1.1696956157684326,53.24800109863281,0.3794957399368286
dfl_generated,dfl_evaluation_05,0.19858039915561676,30,PCC,B,2.803837776184082,0.0,0.06788031756877899,0.4131304621696472,1.1696956157684326,53.24800109863281,0.3794957399368286
dfl_generated,dfl_evaluation_05,0.19858039915561676,30,PCC,C,2.803985595703125,0.0,0.06893948465585709,0.4131304621696472,1.1696956157684326,53.24800109863281,0.3794957399368286
dfl_generated,dfl_evaluation_05,0.19858039915561676,31,PCC,A,3.094856023788452,0.0,0.26707714796066284,0.5887197852134705,1.1823333501815796,53.24800109863281,0.3429807424545288
dfl_generated,dfl_evaluation_05,0.19858039915561676,31,PCC,B,3.0981836318969727,0.0,0.28165754675865173,0.5887197852134705,1.1823333501815796,53.24800109863281,0.3429807424545288
dfl_generated,dfl_evaluation_05,0.19858039915561676,31,PCC,C,3.082505464553833,0.0,0.2579799294471741,0.5887197852134705,1.1823333501815796,53.24800109863281,0.3429807424545288
dfl_generated,dfl_evaluation_05,0.19858039915561676,32,PCC,A,2.879713296890259,0.0,0.4707712233066559,0.41616514325141907,1.1999177932739258,53.24800109863281,0.2773914933204651
dfl_generated,dfl_evaluation_05,0.19858039915561676,32,PCC,B,2.871760129928589,0.0,0.4950796067714691,0.41616514325141907,1.1999177932739258,53.24800109863281,0.2773914933204651
dfl_generated,dfl_evaluation_05,0.19858039915561676,32,PCC,C,2.8748116493225098,0.0,0.5205175876617432,0.41616514325141907,1.1999177932739258,53.24800109863281,0.2773914933204651
dfl_generated,dfl_evaluation_05,0.19858039915561676,33,PCC,A,3.0405094623565674,0.0,0.6971890330314636,0.5137431621551514,1.2160723209381104,53.24800109863281,0.27639544010162354
dfl_generated,dfl_evaluation_05,0.19858039915561676,33,PCC,B,3.0519185066223145,0.0,0.6002599000930786,0.5137431621551514,1.2160723209381104,53.24800109863281,0.27639544010162354
dfl_generated,dfl_evaluation_05,0.19858039915561676,33,PCC,C,3.0651042461395264,0.0,0.6212408542633057,0.5137431621551514,1.2160723209381104,53.24800109863281,0.27639544010162354
dfl_generated,dfl_evaluation_05,0.19858039915561676,34,PCC,A,2.845669984817505,0.0,0.8601890802383423,0.3643687963485718,1.2291991710662842,53.24800109863281,0.2787124812602997
dfl_generated,dfl_evaluation_05,0.19858039915561676,34,PCC,B,2.83990216255188,0.0,0.8744924068450928,0.3643687963485718,1.2291991710662842,53.24800109863281,0.2787124812602997
dfl_generated,dfl_evaluation_05,0.19858039915561676,34,PCC,C,2.846177816390991,0.0,0.8780347108840942,0.3643687963485718,1.2291991710662842,53.24800109863281,0.2787124812602997
dfl_generated,dfl_evaluation_05,0.19858039915561676,35,PCC,A,2.8658764362335205,0.0,0.907953679561615,0.36136627197265625,1.2276356220245361,53.24800109863281,0.3025636076927185
dfl_generated,dfl_evaluation_05,0.19858039915561676,35,PCC,B,2.86971116065979,0.0,0.8862176537513733,0.36136627197265625,1.2276356220245361,53.24800109863281,0.3025636076927185
dfl_generated,dfl_evaluation_05,0.19858039915561676,35,PCC,C,2.8557839393615723,0.0,0.9543061256408691,0.36136627197265625,1.2276356220245361,53.24800109863281,0.3025636076927185
dfl_generated,dfl_evaluation_05,0.19858039915561676,36,PCC,A,3.138401746749878,0.0,0.9384968876838684,0.5383059978485107,1.233958125114441,53.24800109863281,0.3147335648536682
dfl_generated,dfl_evaluation_05,0.19858039915561676,36,PCC,B,3.1467983722686768,0.0,0.9069504737854004,0.5383059978485107,1.233958125114441,53.24800109863281,0.3147335648536682
dfl_generated,dfl_evaluation_05,0.19858039915561676,36,PCC,C,3.155578136444092,0.0,0.9157606363296509,0.5383059978485107,1.233958125114441,53.24800109863281,0.3147335648536682
dfl_generated,dfl_evaluation_05,0.19858039915561676,37,PCC,A,3.23075532913208,0.0,0.9171281456947327,0.6031783223152161,1.2388641834259033,53.24800109863281,0.3233439028263092
dfl_generated,dfl_evaluation_05,0.19858039915561676,37,PCC,B,3.244102954864502,0.0,0.9342227578163147,0.6031783223152161,1.2388641834259033,53.24800109863281,0.3233439028263092
dfl_generated,dfl_evaluation_05,0.19858039915561676,37,PCC,C,3.258538007736206,0.0,0.8685029745101929,0.6031783223152161,1.2388641834259033,53.24800109863281,0.3233439028263092
dfl_generated,dfl_evaluation_05,0.19858039915561676,38,PCC,A,3.365842580795288,0.0,0.8234224915504456,0.6654155254364014,1.2444307804107666,53.24800109863281,0.32237571477890015
dfl_generated,dfl_evaluation_05,0.19858039915561676,38,PCC,B,3.331714153289795,0.0,0.7916394472122192,0.6654155254364014,1.2444307804107666,53.24800109863281,0.32237571477890015
dfl_generated,dfl_evaluation_05,0.19858039915561676,38,PCC,C,3.335346221923828,0.0,0.834068238735199,0.6654155254364014,1.2444307804107666,53.24800109863281,0.32237571477890015
dfl_generated,dfl_evaluation_05,0.19858039915561676,39,PCC,A,3.1093666553497314,0.0,0.6377721428871155,0.5210045576095581,1.2277038097381592,53.24800109863281,0.35277092456817627
dfl_generated,dfl_evaluation_05,0.19858039915561676,39,PCC,B,3.126344919204712,0.0,0.633953332901001,0.5210045576095581,1.2277038097381592,53.24800109863281,0.35277092456817627
dfl_generated,dfl_evaluation_05,0.19858039915561676,39,PCC,C,3.1112093925476074,0.0,0.6214054226875305,0.5210045576095581,1.2277038097381592,53.24800109863281,0.35277092456817627
dfl_generated,dfl_evaluation_05,0.19858039915561676,40,PCC,A,3.150103807449341,0.0,0.44234800338745117,0.5631123185157776,1.2245672941207886,53.24800109863281,0.38179075717926025
dfl_generated,dfl_evaluation_05,0.19858039915561676,40,PCC,B,3.182718515396118,0.0,0.43333354592323303,0.5631123185157776,1.2245672941207886,53.24800109863281,0.38179075717926025
dfl_generated,dfl_evaluation_05,0.19858039915561676,40,PCC,C,3.1538684368133545,0.0,0.4357648193836212,0.5631123185157776,1.2245672941207886,53.24800109863281,0.38179075717926025
dfl_generated,dfl_evaluation_05,0.19858039915561676,41,PCC,A,3.094926118850708,0.0,0.2434767484664917,0.5185338854789734,1.2147397994995117,53.24800109863281,0.3847385346889496
dfl_generated,dfl_evaluation_05,0.19858039915561676,41,PCC,B,3.0669240951538086,0.0,0.22941282391548157,0.5185338854789734,1.2147397994995117,53.24800109863281,0.3847385346889496
dfl_generated,dfl_evaluation_05,0.19858039915561676,41,PCC,C,3.0768935680389404,0.0,0.21338196098804474,0.5185338854789734,1.2147397994995117,53.24800109863281,0.3847385346889496
dfl_generated,dfl_evaluation_05,0.19858039915561676,42,PCC,A,3.019650936126709,0.0,0.06642721593379974,0.501911997795105,1.2095189094543457,121.88175201416016,0.3942473828792572
dfl_generated,dfl_evaluation_05,0.19858039915561676,42,PCC,B,3.019727945327759,0.0,0.05498573184013367,0.501911997795105,1.2095189094543457,121.88175201416016,0.3942473828792572
dfl_generated,dfl_evaluation_05,0.19858039915561676,42,PCC,C,3.016550064086914,0.0,0.05734414607286453,0.501911997795105,1.2095189094543457,121.88175201416016,0.3942473828792572
dfl_generated,dfl_evaluation_05,0.19858039915561676,43,PCC,A,3.091479778289795,0.0,0.003874964313581586,0.5692486763000488,1.1990469694137573,121.88175201416016,0.38632193207740784
dfl_generated,dfl_evaluation_05,0.19858039915561676,43,PCC,B,3.090524435043335,0.0,0.002848230302333832,0.5692486763000488,1.1990469694137573,121.88175201416016,0.38632193207740784
dfl_generated,dfl_evaluation_05,0.19858039915561676,43,PCC,C,3.084550619125366,0.0,0.0030378857627511024,0.5692486763000488,1.1990469694137573,121.88175201416016,0.38632193207740784
dfl_generated,dfl_evaluation_05,0.19858039915561676,44,PCC,A,2.912545680999756,0.0,0.0,0.458400696516037,1.1880689859390259,121.88175201416016,0.39362555742263794
dfl_generated,dfl_evaluation_05,0.19858039915561676,44,PCC,B,2.904891014099121,0.0,0.0,0.458400696516037,1.1880689859390259,121.88175201416016,0.39362555742263794
dfl_generated,dfl_evaluation_05,0.19858039915561676,44,PCC,C,2.9099349975585938,0.0,0.0,0.458400696516037,1.1880689859390259,121.88175201416016,0.39362555742263794
dfl_generated,dfl_evaluation_05,0.19858039915561676,45,PCC,A,2.809767961502075,0.0,3.829630713880761e-06,0.39928483963012695,1.1793540716171265,53.24800109863281,0.39253902435302734
dfl_generated,dfl_evaluation_05,0.19858039915561676,45,PCC,B,2.816040515899658,0.0,0.0,0.39928483963012695,1.1793540716171265,53.24800109863281,0.39253902435302734
dfl_generated,dfl_evaluation_05,0.19858039915561676,45,PCC,C,2.8071320056915283,0.0,0.0,0.39928483963012695,1.1793540716171265,53.24800109863281,0.39253902435302734
dfl_generated,dfl_evaluation_05,0.19858039915561676,46,PCC,A,2.7547335624694824,0.0,8.323681868205313e-06,0.3637107312679291,1.1783568859100342,53.24800109863281,0.35057559609413147
dfl_generated,dfl_evaluation_05,0.19858039915561676,46,PCC,B,2.7447385787963867,0.0,5.65742448088713e-06,0.3637107312679291,1.1783568859100342,53.24800109863281,0.35057559609413147
dfl_generated,dfl_evaluation_05,0.19858039915561676,46,PCC,C,2.743760108947754,0.0,6.625606602028711e-06,0.3637107312679291,1.1783568859100342,53.24800109863281,0.35057559609413147
dfl_generated,dfl_evaluation_05,0.19858039915561676,47,PCC,A,2.718247652053833,0.0,0.0,0.34759950637817383,1.1763821840286255,53.24800109863281,0.381700336933136
dfl_generated,dfl_evaluation_05,0.19858039915561676,47,PCC,B,2.718775749206543,0.0,0.0,0.34759950637817383,1.1763821840286255,53.24800109863281,0.381700336933136
dfl_generated,dfl_evaluation_05,0.19858039915561676,47,PCC,C,2.7138123512268066,0.0,4.264242306817323e-06,0.34759950637817383,1.1763821840286255,53.24800109863281,0.381700336933136
dfl_generated,dfl_evaluation_06,0.0023659924045205116,0,PCC,A,2.6282742023468018,0.0,8.960455488704611e-07,0.29431068897247314,1.1671544313430786,53.24800109863281,0.31878751516342163
dfl_generated,dfl_evaluation_06,0.0023659924045205116,0,PCC,B,2.6279685497283936,0.0,0.0,0.29431068897247314,1.1671544313430786,53.24800109863281,0.31878751516342163
dfl_generated,dfl_evaluation_06,0.0023659924045205116,0,PCC,C,2.629579544067383,0.0,5.3058511184644885e-06,0.29431068897247314,1.1671544313430786,53.24800109863281,0.31878751516342163
dfl_generated,dfl_evaluation_06,0.0023659924045205116,1,PCC,A,2.6546571254730225,0.0,1.0300304893462453e-06,0.3179371654987335,1.1658093929290771,53.24800109863281,0.2989506721496582
dfl_generated,dfl_evaluation_06,0.0023659924045205116,1,PCC,B,2.6533520221710205,0.0,1.4248760180635145e-06,0.3179371654987335,1.1658093929290771,53.24800109863281,0.2989506721496582
dfl_generated,dfl_evaluation_06,0.0023659924045205116,1,PCC,C,2.6501924991607666,0.0,0.0,0.3179371654987335,1.1658093929290771,53.24800109863281,0.2989506721496582
dfl_generated,dfl_evaluation_06,0.0023659924045205116,2,PCC,A,2.513429880142212,0.0,1.057927988767915e-06,0.2232462614774704,1.1633473634719849,53.24800109863281,0.3250000476837158
dfl_generated,dfl_evaluation_06,0.0023659924045205116,2,PCC,B,2.5136594772338867,0.0,0.0,0.2232462614774704,1.1633473634719849,53.24800109863281,0.3250000476837158
dfl_generated,dfl_evaluation_06,0.0023659924045205116,2,PCC,C,2.5134170055389404,0.0,0.0,0.2232462614774704,1.1633473634719849,53.24800109863281,0.3250000476837158
dfl_generated,dfl_evaluation_06,0.0023659924045205116,3,PCC,A,2.5668230056762695,0.0,0.0,0.2633455991744995,1.162430763244629,53.24800109863281,0.3104562759399414
dfl_generated,dfl_evaluation_06,0.0023659924045205116,3,PCC,B,2.568382501602173,0.0,5.608945230051177e-06,0.2633455991744995,1.162430763244629,53.24800109863281,0.3104562759399414
dfl_generated,dfl_evaluation_06,0.0023659924045205116,3,PCC,C,2.56967830657959,0.0,0.0,0.2633455991744995,1.162430763244629,53.24800109863281,0.3104562759399414
dfl_generated,dfl_evaluation_06,0.0023659924045205116,4,PCC,A,2.6290791034698486,0.0,0.0,0.3060445785522461,1.1603933572769165,53.24800109863281,0.3157757818698883
dfl_generated,dfl_evaluation_06,0.0023659924045205116,4,PCC,B,2.629962921142578,0.0,5.215784426582104e-07,0.3060445785522461,1.1603933572769165,53.24800109863281,0.3157757818698883
dfl_generated,dfl_evaluation_06,0.0023659924045205116,4,PCC,C,2.6284358501434326,0.0,0.0,0.3060445785522461,1.1603933572769165,53.24800109863281,0.3157757818698883
dfl_generated,dfl_evaluation_06,0.0023659924045205116,5,PCC,A,2.599396228790283,0.0,0.0035151387564837933,0.2850128710269928,1.1612342596054077,53.24800109863281,0.30898815393447876
dfl_generated,dfl_evaluation_06,0.0023659924045205116,5,PCC,B,2.602341413497925,0.0,0.0031613404862582684,0.2850128710269928,1.1612342596054077,53.24800109863281,0.30898815393447876
dfl_generated,dfl_evaluation_06,0.0023659924045205116,5,PCC,C,2.6022047996520996,0.0,0.0033847750164568424,0.2850128710269928,1.1612342596054077,53.24800109863281,0.30898815393447876
dfl_generated,dfl_evaluation_06,0.0023659924045205116,6,PCC,A,2.8013622760772705,0.0,0.06630119681358337,0.4131304621696472,1.1689671277999878,53.24800109863281,0.2957993745803833
dfl_generated,dfl_evaluation_06,0.0023659924045205116,6,PCC,B,2.801974058151245,0.0,0.0680200606584549,0.4131304621696472,1.1689671277999878,53.24800109863281,0.2957993745803833
dfl_generated,dfl_evaluation_06,0.0023659924045205116,6,PCC,C,2.8035550117492676,0.0,0.06815466284751892,0.4131304621696472,1.1689671277999878,53.24800109863281,0.2957993745803833
dfl_generated,dfl_evaluation_06,0.0023659924045205116,7,PCC,A,3.090177536010742,0.0,0.30703669786453247,0.5887197852134705,1.1786363124847412,53.24800109863281,0.2788485288619995
dfl_generated,dfl_evaluation_06,0.0023659924045205116,7,PCC,B,3.084045648574829,0.0,0.2935501039028168,0.5887197852134705,1.1786363124847412,53.24800109863281,0.2788485288619995
dfl_generated,dfl_evaluation_06,0.0023659924045205116,7,PCC,C,3.089369058609009,0.0,0.30019068717956543,0.5887197852134705,1.1786363124847412,53.24800109863281,0.2788485288619995
dfl_generated,dfl_evaluation_06,0.0023659924045205116,8,PCC,A,2.8579132556915283,0.0,0.4282985329627991,0.41616514325141907,1.1912641525268555,53.24800109863281,0.2565608024597168
dfl_generated,dfl_evaluation_06,0.0023659924045205116,8,PCC,B,2.8594470024108887,0.0,0.45912083983421326,0.41616514325141907,1.1912641525268555,53.24800109863281,0.2565608024597168
dfl_generated,dfl_evaluation_06,0.0023659924045205116,8,PCC,C,2.8644235134124756,0.0,0.434601753950119,0.41616514325141907,1.1912641525268555,53.24800109863281,0.2565608024597168
dfl_generated,dfl_evaluation_06,0.0023659924045205116,9,PCC,A,3.028146505355835,0.0,0.7130022644996643,0.5137431621551514,1.2005623579025269,53.24800109863281,0.23521313071250916
dfl_generated,dfl_evaluation_06,0.0023659924045205116,9,PCC,B,3.0247106552124023,0.0,0.7495662569999695,0.5137431621551514,1.2005623579025269,53.24800109863281,0.23521313071250916
dfl_generated,dfl_evaluation_06,0.0023659924045205116,9,PCC,C,3.027453660964966,0.0,0.7371702790260315,0.5137431621551514,1.2005623579025269,53.24800109863281,0.23521313071250916
dfl_generated,dfl_evaluation_06,0.0023659924045205116,10,PCC,A,2.8138809204101562,0.0,0.8466479182243347,0.3643687963485718,1.2065048217773438,53.24800109863281,0.2580828368663788
dfl_generated,dfl_evaluation_06,0.0023659924045205116,10,PCC,B,2.810591220855713,0.0,0.900115430355072,0.3643687963485718,1.2065048217773438,53.24800109863281,0.2580828368663788
dfl_generated,dfl_evaluation_06,0.0023659924045205116,10,PCC,C,2.8196749687194824,0.0,0.8691853880882263,0.3643687963485718,1.2065048217773438,53.24800109863281,0.2580828368663788
dfl_generated,dfl_evaluation_06,0.0023659924045205116,11,PCC,A,2.8237662315368652,0.0,0.9397259950637817,0.36136627197265625,1.2232543230056763,53.24800109863281,0.26985853910446167
dfl_generated,dfl_evaluation_06,0.0023659924045205116,11,PCC,B,2.8249006271362305,0.0,0.9659236669540405,0.36136627197265625,1.2232543230056763,53.24800109863281,0.26985853910446167
dfl_generated,dfl_evaluation_06,0.0023659924045205116,11,PCC,C,2.8321382999420166,0.0,0.9502297043800354,0.36136627197265625,1.2232543230056763,53.24800109863281,0.26985853910446167
dfl_generated,dfl_evaluation_06,0.0023659924045205116,12,PCC,A,3.1222875118255615,0.0,0.9185013175010681,0.5383059978485107,1.2228316068649292,53.24800109863281,0.28638339042663574
dfl_generated,dfl_evaluation_06,0.0023659924045205116,12,PCC,B,3.113100290298462,0.0,0.9569328427314758,0.5383059978485107,1.2228316068649292,53.24800109863281,0.28638339042663574
dfl_generated,dfl_evaluation_06,0.0023659924045205116,12,PCC,C,3.111644744873047,0.0,0.9442876577377319,0.5383059978485107,1.2228316068649292,53.24800109863281,0.28638339042663574
dfl_generated,dfl_evaluation_06,0.0023659924045205116,13,PCC,A,3.2224268913269043,0.0,0.9421846866607666,0.6031783223152161,1.2244622707366943,53.24800109863281,0.2884581685066223
dfl_generated,dfl_evaluation_06,0.0023659924045205116,13,PCC,B,3.218003988265991,0.0,0.955278754234314,0.6031783223152161,1.2244622707366943,53.24800109863281,0.2884581685066223
dfl_generated,dfl_evaluation_06,0.0023659924045205116,13,PCC,C,3.2280044555664062,0.0,0.9457665085792542,0.6031783223152161,1.2244622707366943,53.24800109863281,0.2884581685066223
dfl_generated,dfl_evaluation_06,0.0023659924045205116,14,PCC,A,3.2969467639923096,0.0,0.8334334492683411,0.6654155254364014,1.2241687774658203,53.24800109863281,0.28603076934814453
dfl_generated,dfl_evaluation_06,0.0023659924045205116,14,PCC,B,3.311464309692383,0.0,0.8124489188194275,0.6654155254364014,1.2241687774658203,53.24800109863281,0.28603076934814453
dfl_generated,dfl_evaluation_06,0.0023659924045205116,14,PCC,C,3.3035755157470703,0.0,0.8790944814682007,0.6654155254364014,1.2241687774658203,53.24800109863281,0.28603076934814453
dfl_generated,dfl_evaluation_06,0.0023659924045205116,15,PCC,A,3.084390163421631,0.0,0.7505502104759216,0.5210045576095581,1.2211476564407349,53.24800109863281,0.29304268956184387
dfl_generated,dfl_evaluation_06,0.0023659924045205116,15,PCC,B,3.0892937183380127,0.0,0.7483721375465393,0.5210045576095581,1.2211476564407349,53.24800109863281,0.29304268956184387
dfl_generated,dfl_evaluation_06,0.0023659924045205116,15,PCC,C,3.081569194793701,0.0,0.7301895022392273,0.5210045576095581,1.2211476564407349,53.24800109863281,0.29304268956184387
dfl_generated,dfl_evaluation_06,0.0023659924045205116,16,PCC,A,3.137819290161133,0.0,0.5274920463562012,0.5631123185157776,1.2112261056900024,53.24800109863281,0.30313506722450256
dfl_generated,dfl_evaluation_06,0.0023659924045205116,16,PCC,B,3.1365413665771484,0.0,0.5082435607910156,0.5631123185157776,1.2112261056900024,53.24800109863281,0.30313506722450256
dfl_generated,dfl_evaluation_06,0.0023659924045205116,16,PCC,C,3.118215322494507,0.0,0.5098121762275696,0.5631123185157776,1.2112261056900024,53.24800109863281,0.30313506722450256
dfl_generated,dfl_evaluation_06,0.0023659924045205116,17,PCC,A,3.0496485233306885,0.0,0.2568070888519287,0.5185338854789734,1.2069013118743896,53.24800109863281,0.3111587464809418
dfl_generated,dfl_evaluation_06,0.0023659924045205116,17,PCC,B,3.0344386100769043,0.0,0.2808249890804291,0.5185338854789734,1.2069013118743896,53.24800109863281,0.3111587464809418
dfl_generated,dfl_evaluation_06,0.0023659924045205116,17,PCC,C,3.03018856048584,0.0,0.2718241810798645,0.5185338854789734,1.2069013118743896,53.24800109863281,0.3111587464809418
dfl_generated,dfl_evaluation_06,0.0023659924045205116,18,PCC,A,2.9900166988372803,0.0,0.06218276172876358,0.501911997795105,1.1917017698287964,53.24800109863281,0.3106904923915863
dfl_generated,dfl_evaluation_06,0.0023659924045205116,18,PCC,B,2.989536762237549,0.0,0.07043377310037613,0.501911997795105,1.1917017698287964,53.24800109863281,0.3106904923915863
dfl_generated,dfl_evaluation_06,0.0023659924045205116,18,PCC,C,2.9899213314056396,0.0,0.06455103307962418,0.501911997795105,1.1917017698287964,53.24800109863281,0.3106904923915863
dfl_generated,dfl_evaluation_06,0.0023659924045205116,19,PCC,A,3.0573973655700684,0.0,0.0030402042903006077,0.5692486763000488,1.1833168268203735,53.24800109863281,0.3098767101764679
dfl_generated,dfl_evaluation_06,0.0023659924045205116,19,PCC,B,3.062392234802246,0.0,0.0030742594972252846,0.5692486763000488,1.1833168268203735,53.24800109863281,0.3098767101764679
dfl_generated,dfl_evaluation_06,0.0023659924045205116,19,PCC,C,3.065251111984253,0.0,0.0031653386540710926,0.5692486763000488,1.1833168268203735,53.24800109863281,0.3098767101764679
dfl_generated,dfl_evaluation_06,0.0023659924045205116,20,PCC,A,2.888793468475342,0.0,2.9553693821071647e-06,0.458400696516037,1.1799581050872803,53.24800109863281,0.326770156621933
dfl_generated,dfl_evaluation_06,0.0023659924045205116,20,PCC,B,2.886815309524536,0.0,0.0,0.458400696516037,1.1799581050872803,53.24800109863281,0.326770156621933
dfl_generated,dfl_evaluation_06,0.0023659924045205116,20,PCC,C,2.8907692432403564,0.0,0.0,0.458400696516037,1.1799581050872803,53.24800109863281,0.326770156621933
dfl_generated,dfl_evaluation_06,0.0023659924045205116,21,PCC,A,2.7931346893310547,0.0,0.0,0.39928483963012695,1.1748589277267456,53.24800109863281,0.32097092270851135
dfl_generated,dfl_evaluation_06,0.0023659924045205116,21,PCC,B,2.801140069961548,0.0,1.2210152817715425e-05,0.39928483963012695,1.1748589277267456,53.24800109863281,0.32097092270851135
dfl_generated,dfl_evaluation_06,0.0023659924045205116,21,PCC,C,2.799468517303467,0.0,0.0,0.39928483963012695,1.1748589277267456,53.24800109863281,0.32097092270851135
dfl_generated,dfl_evaluation_06,0.0023659924045205116,22,PCC,A,2.73968243598938,0.0,2.9021553018537816e-06,0.3637107312679291,1.1722475290298462,53.24800109863281,0.30851125717163086
dfl_generated,dfl_evaluation_06,0.0023659924045205116,22,PCC,B,2.737291097640991,0.0,0.0,0.3637107312679291,1.1722475290298462,53.24800109863281,0.30851125717163086
dfl_generated,dfl_evaluation_06,0.0023659924045205116,22,PCC,C,2.7339956760406494,0.0,8.579245331929997e-06,0.3637107312679291,1.1722475290298462,53.24800109863281,0.30851125717163086
dfl_generated,dfl_evaluation_06,0.0023659924045205116,23,PCC,A,2.7107346057891846,0.0,5.061946012574481e-06,0.34759950637817383,1.1694393157958984,53.24800109863281,0.3229673206806183
dfl_generated,dfl_evaluation_06,0.0023659924045205116,23,PCC,B,2.7070932388305664,0.0,0.0,0.34759950637817383,1.1694393157958984,53.24800109863281,0.3229673206806183
dfl_generated,dfl_evaluation_06,0.0023659924045205116,23,PCC,C,2.710008382797241,0.0,0.0,0.34759950637817383,1.1694393157958984,53.24800109863281,0.3229673206806183
dfl_generated,dfl_evaluation_06,0.0023659924045205116,24,PCC,A,2.626025676727295,0.0,0.0,0.29431068897247314,1.166735053062439,53.24800109863281,0.31334179639816284
dfl_generated,dfl_evaluation_06,0.0023659924045205116,24,PCC,B,2.6249213218688965,0.0,0.0,0.29431068897247314,1.166735053062439,53.24800109863281,0.31334179639816284
dfl_generated,dfl_evaluation_06,0.0023659924045205116,24,PCC,C,2.624588966369629,0.0,1.6167237504305376e-07,0.29431068897247314,1.166735053062439,53.24800109863281,0.31334179639816284
dfl_generated,dfl_evaluation_06,0.0023659924045205116,25,PCC,A,2.6567893028259277,0.0,0.0,0.3179371654987335,1.166293978691101,53.24800109863281,0.3199111223220825
dfl_generated,dfl_evaluation_06,0.0023659924045205116,25,PCC,B,2.655965566635132,0.0,0.0,0.3179371654987335,1.166293978691101,53.24800109863281,0.3199111223220825
dfl_generated,dfl_evaluation_06,0.0023659924045205116,25,PCC,C,2.655703067779541,0.0,1.4343130487759481e-06,0.3179371654987335,1.166293978691101,53.24800109863281,0.3199111223220825
dfl_generated,dfl_evaluation_06,0.0023659924045205116,26,PCC,A,2.5151054859161377,0.0,1.5670012771806796e-06,0.2232462614774704,1.1648390293121338,53.24800109863281,0.31954360008239746
dfl_generated,dfl_evaluation_06,0.0023659924045205116,26,PCC,B,2.513080358505249,0.0,3.3748301575542428e-06,0.2232462614774704,1.1648390293121338,53.24800109863281,0.31954360008239746
dfl_generated,dfl_evaluation_06,0.0023659924045205116,26,PCC,C,2.5145089626312256,0.0,2.7964338755737117e-07,0.2232462614774704,1.1648390293121338,53.24800109863281,0.31954360008239746
dfl_generated,dfl_evaluation_06,0.0023659924045205116,27,PCC,A,2.5668554306030273,0.0,0.0,0.2633455991744995,1.1614099740982056,53.24800109863281,0.313773512840271
dfl_generated,dfl_evaluation_06,0.0023659924045205116,27,PCC,B,2.569422483444214,0.0,0.0,0.2633455991744995,1.1614099740982056,53.24800109863281,0.313773512840271
dfl_generated,dfl_evaluation_06,0.0023659924045205116,27,PCC,C,2.570160388946533,0.0,1.215641191265604e-06,0.2633455991744995,1.1614099740982056,53.24800109863281,0.313773512840271
dfl_generated,dfl_evaluation_06,0.0023659924045205116,28,PCC,A,2.6308178901672363,0.0,0.0,0.3060445785522461,1.1616690158843994,53.24800109863281,0.32738614082336426
dfl_generated,dfl_evaluation_06,0.0023659924045205116,28,PCC,B,2.6248586177825928,0.0,4.5031643480797356e-07,0.3060445785522461,1.1616690158843994,53.24800109863281,0.32738614082336426
dfl_generated,dfl_evaluation_06,0.0023659924045205116,28,PCC,C,2.6283047199249268,0.0,2.028659082498052e-06,0.3060445785522461,1.1616690158843994,53.24800109863281,0.32738614082336426
dfl_generated,dfl_evaluation_06,0.0023659924045205116,29,PCC,A,2.601902484893799,0.0,0.0038721489254385233,0.2850128710269928,1.1624337434768677,53.24800109863281,0.31294703483581543
dfl_generated,dfl_evaluation_06,0.0023659924045205116,29,PCC,B,2.600587844848633,0.0,0.003797242185100913,0.2850128710269928,1.1624337434768677,53.24800109863281,0.31294703483581543
dfl_generated,dfl_evaluation_06,0.0023659924045205116,29,PCC,C,2.600656270980835,0.0,0.0035904948599636555,0.2850128710269928,1.1624337434768677,53.24800109863281,0.31294703483581543
dfl_generated,dfl_evaluation_06,0.0023659924045205116,30,PCC,A,2.7980339527130127,0.0,0.06695397198200226,0.4131304621696472,1.1685214042663574,53.24800109863281,0.2960747480392456
dfl_generated,dfl_evaluation_06,0.0023659924045205116,30,PCC,B,2.7993433475494385,0.0,0.06346458941698074,0.4131304621696472,1.1685214042663574,53.24800109863281,0.2960747480392456
dfl_generated,dfl_evaluation_06,0.0023659924045205116,30,PCC,C,2.8002843856811523,0.0,0.06665781140327454,0.4131304621696472,1.1685214042663574,53.24800109863281,0.2960747480392456
dfl_generated,dfl_evaluation_06,0.0023659924045205116,31,PCC,A,3.0782485008239746,0.0,0.29167795181274414,0.5887197852134705,1.1779431104660034,53.24800109863281,0.2718190550804138
dfl_generated,dfl_evaluation_06,0.0023659924045205116,31,PCC,B,3.080228567123413,0.0,0.2909679710865021,0.5887197852134705,1.1779431104660034,53.24800109863281,0.2718190550804138
dfl_generated,dfl_evaluation_06,0.0023659924045205116,31,PCC,C,3.0811679363250732,0.0,0.28703296184539795,0.5887197852134705,1.1779431104660034,53.24800109863281,0.2718190550804138
dfl_generated,dfl_evaluation_06,0.0023659924045205116,32,PCC,A,2.855247735977173,0.0,0.5254286527633667,0.41616514325141907,1.1916744709014893,53.24800109863281,0.24028123915195465
dfl_generated,dfl_evaluation_06,0.0023659924045205116,32,PCC,B,2.8465206623077393,0.0,0.5381566882133484,0.41616514325141907,1.1916744709014893,53.24800109863281,0.24028123915195465
dfl_generated,dfl_evaluation_06,0.0023659924045205116,32,PCC,C,2.8626089096069336,0.0,0.517473042011261,0.41616514325141907,1.1916744709014893,53.24800109863281,0.24028123915195465
dfl_generated,dfl_evaluation_06,0.0023659924045205116,33,PCC,A,3.0251364707946777,0.0,0.7184433937072754,0.5137431621551514,1.2015255689620972,53.24800109863281,0.24700883030891418
dfl_generated,dfl_evaluation_06,0.0023659924045205116,33,PCC,B,3.0180137157440186,0.0,0.7433978915214539,0.5137431621551514,1.2015255689620972,53.24800109863281,0.24700883030891418
dfl_generated,dfl_evaluation_06,0.0023659924045205116,33,PCC,C,3.034200668334961,0.0,0.707588255405426,0.5137431621551514,1.2015255689620972,53.24800109863281,0.24700883030891418
dfl_generated,dfl_evaluation_06,0.0023659924045205116,34,PCC,A,2.8208670616149902,0.0,0.8464709520339966,0.3643687963485718,1.211484670639038,53.24800109863281,0.25998544692993164
dfl_generated,dfl_evaluation_06,0.0023659924045205116,34,PCC,B,2.8068768978118896,0.0,0.8903569579124451,0.3643687963485718,1.211484670639038,53.24800109863281,0.25998544692993164
dfl_generated,dfl_evaluation_06,0.0023659924045205116,34,PCC,C,2.8239378929138184,0.0,0.8641036152839661,0.3643687963485718,1.211484670639038,53.24800109863281,0.25998544692993164
dfl_generated,dfl_evaluation_06,0.0023659924045205116,35,PCC,A,2.833197832107544,0.0,0.9011875987052917,0.36136627197265625,1.21837317943573,53.24800109863281,0.2815663814544678
dfl_generated,dfl_evaluation_06,0.0023659924045205116,35,PCC,B,2.8254892826080322,0.0,0.905423641204834,0.36136627197265625,1.21837317943573,53.24800109863281,0.2815663814544678
dfl_generated,dfl_evaluation_06,0.0023659924045205116,35,PCC,C,2.834479808807373,0.0,0.9467329978942871,0.36136627197265625,1.21837317943573,53.24800109863281,0.2815663814544678
dfl_generated,dfl_evaluation_06,0.0023659924045205116,36,PCC,A,3.1123416423797607,0.0,0.9552043676376343,0.5383059978485107,1.2255711555480957,53.24800109863281,0.2862125337123871
dfl_generated,dfl_evaluation_06,0.0023659924045205116,36,PCC,B,3.1060099601745605,0.0,0.9230867028236389,0.5383059978485107,1.2255711555480957,53.24800109863281,0.2862125337123871
dfl_generated,dfl_evaluation_06,0.0023659924045205116,36,PCC,C,3.114940881729126,0.0,0.9852448105812073,0.5383059978485107,1.2255711555480957,53.24800109863281,0.2862125337123871
dfl_generated,dfl_evaluation_06,0.0023659924045205116,37,PCC,A,3.20109486579895,0.0,0.9020068645477295,0.6031783223152161,1.226109266281128,53.24800109863281,0.2915925979614258
dfl_generated,dfl_evaluation_06,0.0023659924045205116,37,PCC,B,3.214071035385132,0.0,0.9016848802566528,0.6031783223152161,1.226109266281128,53.24800109863281,0.2915925979614258
dfl_generated,dfl_evaluation_06,0.0023659924045205116,37,PCC,C,3.203735589981079,0.0,0.9049859046936035,0.6031783223152161,1.226109266281128,53.24800109863281,0.2915925979614258
dfl_generated,dfl_evaluation_06,0.0023659924045205116,38,PCC,A,3.2965939044952393,0.0,0.8401071429252625,0.6654155254364014,1.2258188724517822,53.24800109863281,0.2904719412326813
dfl_generated,dfl_evaluation_06,0.0023659924045205116,38,PCC,B,3.303452253341675,0.0,0.8704258799552917,0.6654155254364014,1.2258188724517822,53.24800109863281,0.2904719412326813
dfl_generated,dfl_evaluation_06,0.0023659924045205116,38,PCC,C,3.2949633598327637,0.0,0.8566646575927734,0.6654155254364014,1.2258188724517822,53.24800109863281,0.2904719412326813
dfl_generated,dfl_evaluation_06,0.0023659924045205116,39,PCC,A,3.0673203468322754,0.0,0.6884981393814087,0.5210045576095581,1.2205531597137451,53.24800109863281,0.3057294487953186
dfl_generated,dfl_evaluation_06,0.0023659924045205116,39,PCC,B,3.096959114074707,0.0,0.7104313373565674,0.5210045576095581,1.2205531597137451,53.24800109863281,0.3057294487953186
dfl_generated,dfl_evaluation_06,0.0023659924045205116,39,PCC,C,3.0763638019561768,0.0,0.6765532493591309,0.5210045576095581,1.2205531597137451,53.24800109863281,0.3057294487953186
dfl_generated,dfl_evaluation_06,0.0023659924045205116,40,PCC,A,3.120988607406616,0.0,0.47769439220428467,0.5631123185157776,1.2165133953094482,53.24800109863281,0.3168688416481018
dfl_generated,dfl_evaluation_06,0.0023659924045205116,40,PCC,B,3.1281039714813232,0.0,0.4996360242366791,0.5631123185157776,1.2165133953094482,53.24800109863281,0.3168688416481018
dfl_generated,dfl_evaluation_06,0.0023659924045205116,40,PCC,C,3.122973918914795,0.0,0.4919634461402893,0.5631123185157776,1.2165133953094482,53.24800109863281,0.3168688416481018
dfl_generated,dfl_evaluation_06,0.0023659924045205116,41,PCC,A,3.048922061920166,0.0,0.27358537912368774,0.5185338854789734,1.2084732055664062,53.24800109863281,0.32286226749420166
dfl_generated,dfl_evaluation_06,0.0023659924045205116,41,PCC,B,3.0469939708709717,0.0,0.2638704180717468,0.5185338854789734,1.2084732055664062,53.24800109863281,0.32286226749420166
dfl_generated,dfl_evaluation_06,0.0023659924045205116,41,PCC,C,3.0466442108154297,0.0,0.2743159830570221,0.5185338854789734,1.2084732055664062,53.24800109863281,0.32286226749420166
dfl_generated,dfl_evaluation_06,0.0023659924045205116,42,PCC,A,2.988419532775879,0.0,0.06509646028280258,0.501911997795105,1.1967737674713135,53.24800109863281,0.314578652381897
dfl_generated,dfl_evaluation_06,0.0023659924045205116,42,PCC,B,2.9869296550750732,0.0,0.06935544312000275,0.501911997795105,1.1967737674713135,53.24800109863281,0.314578652381897
dfl_generated,dfl_evaluation_06,0.0023659924045205116,42,PCC,C,2.9946436882019043,0.0,0.06303862482309341,0.501911997795105,1.1967737674713135,53.24800109863281,0.314578652381897
dfl_generated,dfl_evaluation_06,0.0023659924045205116,43,PCC,A,3.0682661533355713,0.0,0.0031881886534392834,0.5692486763000488,1.1858078241348267,53.24800109863281,0.3204503655433655
dfl_generated,dfl_evaluation_06,0.0023659924045205116,43,PCC,B,3.0709519386291504,0.0,0.0031850417144596577,0.5692486763000488,1.1858078241348267,53.24800109863281,0.3204503655433655
dfl_generated,dfl_evaluation_06,0.0023659924045205116,43,PCC,C,3.069812774658203,0.0,0.0029455358162522316,0.5692486763000488,1.1858078241348267,53.24800109863281,0.3204503655433655
dfl_generated,dfl_evaluation_06,0.0023659924045205116,44,PCC,A,2.8940675258636475,0.0,0.0,0.458400696516037,1.1795774698257446,53.24800109863281,0.32751235365867615
dfl_generated,dfl_evaluation_06,0.0023659924045205116,44,PCC,B,2.8913493156433105,0.0,0.0,0.458400696516037,1.1795774698257446,53.24800109863281,0.32751235365867615
dfl_generated,dfl_evaluation_06,0.0023659924045205116,44,PCC,C,2.8870015144348145,0.0,0.0,0.458400696516037,1.1795774698257446,53.24800109863281,0.32751235365867615
dfl_generated,dfl_evaluation_06,0.0023659924045205116,45,PCC,A,2.7932121753692627,0.0,5.795109245809726e-06,0.39928483963012695,1.1767348051071167,53.24800109863281,0.33097976446151733
dfl_generated,dfl_evaluation_06,0.0023659924045205116,45,PCC,B,2.7982840538024902,0.0,0.0,0.39928483963012695,1.1767348051071167,53.24800109863281,0.33097976446151733
dfl_generated,dfl_evaluation_06,0.0023659924045205116,45,PCC,C,2.8001279830932617,0.0,0.0,0.39928483963012695,1.1767348051071167,53.24800109863281,0.33097976446151733
dfl_generated,dfl_evaluation_06,0.0023659924045205116,46,PCC,A,2.739147186279297,0.0,0.0,0.3637107312679291,1.1747746467590332,53.24800109863281,0.3037426471710205
dfl_generated,dfl_evaluation_06,0.0023659924045205116,46,PCC,B,2.7417654991149902,0.0,4.372358944237931e-06,0.3637107312679291,1.1747746467590332,53.24800109863281,0.3037426471710205
dfl_generated,dfl_evaluation_06,0.0023659924045205116,46,PCC,C,2.7345850467681885,0.0,0.0,0.3637107312679291,1.1747746467590332,53.24800109863281,0.3037426471710205
dfl_generated,dfl_evaluation_06,0.0023659924045205116,47,PCC,A,2.712663412094116,0.0,0.0,0.34759950637817383,1.1715381145477295,53.24800109863281,0.326088011264801
dfl_generated,dfl_evaluation_06,0.0023659924045205116,47,PCC,B,2.708810567855835,0.0,0.0,0.34759950637817383,1.1715381145477295,53.24800109863281,0.326088011264801
dfl_generated,dfl_evaluation_06,0.0023659924045205116,47,PCC,C,2.711820363998413,0.0,0.0,0.34759950637817383,1.1715381145477295,53.24800109863281,0.326088011264801
dfl_generated,dfl_evaluation_07,0.19858039915561676,0,PCC,A,2.590646982192993,0.0,0.0,0.29431068897247314,1.1506409645080566,53.24800109863281,0.2762950658798218
dfl_generated,dfl_evaluation_07,0.19858039915561676,0,PCC,B,2.589231491088867,0.0,4.811112376046367e-06,0.29431068897247314,1.1506409645080566,53.24800109863281,0.2762950658798218
dfl_generated,dfl_evaluation_07,0.19858039915561676,0,PCC,C,2.5924947261810303,0.0,0.0,0.29431068897247314,1.1506409645080566,53.24800109863281,0.2762950658798218
dfl_generated,dfl_evaluation_07,0.19858039915561676,1,PCC,A,2.624478578567505,0.0,0.0,0.3179371654987335,1.150378942489624,34.72425079345703,0.2780176103115082
dfl_generated,dfl_evaluation_07,0.19858039915561676,1,PCC,B,2.6231508255004883,0.0,3.939021098631201e-06,0.3179371654987335,1.150378942489624,34.72425079345703,0.2780176103115082
dfl_generated,dfl_evaluation_07,0.19858039915561676,1,PCC,C,2.6244778633117676,0.0,8.062800134212011e-07,0.3179371654987335,1.150378942489624,34.72425079345703,0.2780176103115082
dfl_generated,dfl_evaluation_07,0.19858039915561676,2,PCC,A,2.4891462326049805,0.0,4.939915015711449e-06,0.2232462614774704,1.150345802307129,34.72425079345703,0.2720940411090851
dfl_generated,dfl_evaluation_07,0.19858039915561676,2,PCC,B,2.486786365509033,0.0,7.606226972711738e-07,0.2232462614774704,1.150345802307129,34.72425079345703,0.2720940411090851
dfl_generated,dfl_evaluation_07,0.19858039915561676,2,PCC,C,2.4867982864379883,0.0,0.0,0.2232462614774704,1.150345802307129,34.72425079345703,0.2720940411090851
dfl_generated,dfl_evaluation_07,0.19858039915561676,3,PCC,A,2.545876979827881,0.0,2.3809952836018056e-06,0.2633455991744995,1.149938702583313,53.24800109863281,0.2737349569797516
dfl_generated,dfl_evaluation_07,0.19858039915561676,3,PCC,B,2.5466744899749756,0.0,2.792406803564518e-07,0.2633455991744995,1.149938702583313,53.24800109863281,0.2737349569797516
dfl_generated,dfl_evaluation_07,0.19858039915561676,3,PCC,C,2.544857978820801,0.0,1.516155975878064e-06,0.2633455991744995,1.149938702583313,53.24800109863281,0.2737349569797516
dfl_generated,dfl_evaluation_07,0.19858039915561676,4,PCC,A,2.607710838317871,0.0,7.561484380858019e-06,0.3060445785522461,1.1501067876815796,53.24800109863281,0.2631244957447052
dfl_generated,dfl_evaluation_07,0.19858039915561676,4,PCC,B,2.608259916305542,0.0,0.0,0.3060445785522461,1.1501067876815796,53.24800109863281,0.2631244957447052
dfl_generated,dfl_evaluation_07,0.19858039915561676,4,PCC,C,2.606182813644409,0.0,7.521692623413401e-06,0.3060445785522461,1.1501067876815796,53.24800109863281,0.2631244957447052
dfl_generated,dfl_evaluation_07,0.19858039915561676,5,PCC,A,2.5791549682617188,0.0,0.00045884959399700165,0.2850128710269928,1.1499775648117065,53.24800109863281,0.26061177253723145
dfl_generated,dfl_evaluation_07,0.19858039915561676,5,PCC,B,2.577972650527954,0.0,0.0002515262458473444,0.2850128710269928,1.1499775648117065,53.24800109863281,0.26061177253723145
dfl_generated,dfl_evaluation_07,0.19858039915561676,5,PCC,C,2.577768564224243,0.0,0.0003641876392066479,0.2850128710269928,1.1499775648117065,53.24800109863281,0.26061177253723145
dfl_generated,dfl_evaluation_07,0.19858039915561676,6,PCC,A,2.7615835666656494,0.0,0.010388560593128204,0.4131304621696472,1.1504545211791992,121.88175201416016,0.24148805439472198
dfl_generated,dfl_evaluation_07,0.19858039915561676,6,PCC,B,2.7603018283843994,0.0,0.011717680841684341,0.4131304621696472,1.1504545211791992,121.88175201416016,0.24148805439472198
dfl_generated,dfl_evaluation_07,0.19858039915561676,6,PCC,C,2.76188588142395,0.0,0.011630930006504059,0.4131304621696472,1.1504545211791992,121.88175201416016,0.24148805439472198
dfl_generated,dfl_evaluation_07,0.19858039915561676,7,PCC,A,3.0196380615234375,0.0,0.08527723699808121,0.5887197852134705,1.1501951217651367,121.88175201416016,0.2464219331741333
dfl_generated,dfl_evaluation_07,0.19858039915561676,7,PCC,B,3.019418478012085,0.0,0.10302530229091644,0.5887197852134705,1.1501951217651367,121.88175201416016,0.2464219331741333
dfl_generated,dfl_evaluation_07,0.19858039915561676,7,PCC,C,3.017404317855835,0.0,0.10615329444408417,0.5887197852134705,1.1501951217651367,121.88175201416016,0.2464219331741333
dfl_generated,dfl_evaluation_07,0.19858039915561676,8,PCC,A,2.7714977264404297,0.0,0.39272382855415344,0.41616514325141907,1.149496078491211,121.88175201416016,0.24739953875541687
dfl_generated,dfl_evaluation_07,0.19858039915561676,8,PCC,B,2.7645657062530518,0.0,0.38283827900886536,0.41616514325141907,1.149496078491211,121.88175201416016,0.24739953875541687
dfl_generated,dfl_evaluation_07,0.19858039915561676,8,PCC,C,2.776901960372925,0.0,0.39089950919151306,0.41616514325141907,1.149496078491211,121.88175201416016,0.24739953875541687
dfl_generated,dfl_evaluation_07,0.19858039915561676,9,PCC,A,2.9215309619903564,0.0,0.6311681866645813,0.5137431621551514,1.156173586845398,121.88175201416016,0.23245158791542053
dfl_generated,dfl_evaluation_07,0.19858039915561676,9,PCC,B,2.912975311279297,0.0,0.6302324533462524,0.5137431621551514,1.156173586845398,121.88175201416016,0.23245158791542053
dfl_generated,dfl_evaluation_07,0.19858039915561676,9,PCC,C,2.9157063961029053,0.0,0.65381920337677,0.5137431621551514,1.156173586845398,121.88175201416016,0.23245158791542053
dfl_generated,dfl_evaluation_07,0.19858039915561676,10,PCC,A,2.703554391860962,0.0,0.8063654899597168,0.3643687963485718,1.1584619283676147,53.24800109863281,0.24786686897277832
dfl_generated,dfl_evaluation_07,0.19858039915561676,10,PCC,B,2.702641248703003,0.0,0.7559655904769897,0.3643687963485718,1.1584619283676147,53.24800109863281,0.24786686897277832
dfl_generated,dfl_evaluation_07,0.19858039915561676,10,PCC,C,2.708294630050659,0.0,0.7848459482192993,0.3643687963485718,1.1584619283676147,53.24800109863281,0.24786686897277832
dfl_generated,dfl_evaluation_07,0.19858039915561676,11,PCC,A,2.712761402130127,0.0,0.8741139769554138,0.36136627197265625,1.1598073244094849,53.24800109863281,0.254306435585022
dfl_generated,dfl_evaluation_07,0.19858039915561676,11,PCC,B,2.7155282497406006,0.0,0.8022737503051758,0.36136627197265625,1.1598073244094849,53.24800109863281,0.254306435585022
dfl_generated,dfl_evaluation_07,0.19858039915561676,11,PCC,C,2.701484203338623,0.0,0.9024717211723328,0.36136627197265625,1.1598073244094849,53.24800109863281,0.254306435585022
dfl_generated,dfl_evaluation_07,0.19858039915561676,12,PCC,A,2.9686403274536133,0.0,0.905989408493042,0.5383059978485107,1.1582781076431274,34.72425079345703,0.26039591431617737
dfl_generated,dfl_evaluation_07,0.19858039915561676,12,PCC,B,2.9572081565856934,0.0,0.9266866445541382,0.5383059978485107,1.1582781076431274,34.72425079345703,0.26039591431617737
dfl_generated,dfl_evaluation_07,0.19858039915561676,12,PCC,C,2.9735968112945557,0.0,0.8925730586051941,0.5383059978485107,1.1582781076431274,34.72425079345703,0.26039591431617737
dfl_generated,dfl_evaluation_07,0.19858039915561676,13,PCC,A,3.0592262744903564,0.0,0.8378710746765137,0.6031783223152161,1.1620118618011475,34.72425079345703,0.2578323781490326
dfl_generated,dfl_evaluation_07,0.19858039915561676,13,PCC,B,3.0537655353546143,0.0,0.8525175452232361,0.6031783223152161,1.1620118618011475,34.72425079345703,0.2578323781490326
dfl_generated,dfl_evaluation_07,0.19858039915561676,13,PCC,C,3.0623152256011963,0.0,0.8786035776138306,0.6031783223152161,1.1620118618011475,34.72425079345703,0.2578323781490326
dfl_generated,dfl_evaluation_07,0.19858039915561676,14,PCC,A,3.1474263668060303,0.0,0.7546398043632507,0.6654155254364014,1.1625299453735352,34.72425079345703,0.26365387439727783
dfl_generated,dfl_evaluation_07,0.19858039915561676,14,PCC,B,3.1339080333709717,0.0,0.7711923122406006,0.6654155254364014,1.1625299453735352,34.72425079345703,0.26365387439727783
dfl_generated,dfl_evaluation_07,0.19858039915561676,14,PCC,C,3.142608642578125,0.0,0.7671523094177246,0.6654155254364014,1.1625299453735352,34.72425079345703,0.26365387439727783
dfl_generated,dfl_evaluation_07,0.19858039915561676,15,PCC,A,2.936262845993042,0.0,0.5825153589248657,0.5210045576095581,1.1574585437774658,34.72425079345703,0.24984760582447052
dfl_generated,dfl_evaluation_07,0.19858039915561676,15,PCC,B,2.94055438041687,0.0,0.5719088912010193,0.5210045576095581,1.1574585437774658,34.72425079345703,0.24984760582447052
dfl_generated,dfl_evaluation_07,0.19858039915561676,15,PCC,C,2.9395933151245117,0.0,0.593985378742218,0.5210045576095581,1.1574585437774658,34.72425079345703,0.24984760582447052
dfl_generated,dfl_evaluation_07,0.19858039915561676,16,PCC,A,2.9822731018066406,0.0,0.3403651714324951,0.5631123185157776,1.1573516130447388,53.24800109863281,0.23924162983894348
dfl_generated,dfl_evaluation_07,0.19858039915561676,16,PCC,B,2.9928512573242188,0.0,0.32306015491485596,0.5631123185157776,1.1573516130447388,53.24800109863281,0.23924162983894348
dfl_generated,dfl_evaluation_07,0.19858039915561676,16,PCC,C,2.9942145347595215,0.0,0.3567495048046112,0.5631123185157776,1.1573516130447388,53.24800109863281,0.23924162983894348
dfl_generated,dfl_evaluation_07,0.19858039915561676,17,PCC,A,2.918537139892578,0.0,0.08650893718004227,0.5185338854789734,1.1575692892074585,53.24800109863281,0.24327366054058075
dfl_generated,dfl_evaluation_07,0.19858039915561676,17,PCC,B,2.9270782470703125,0.0,0.09166906774044037,0.5185338854789734,1.1575692892074585,53.24800109863281,0.24327366054058075
dfl_generated,dfl_evaluation_07,0.19858039915561676,17,PCC,C,2.9243855476379395,0.0,0.08842448890209198,0.5185338854789734,1.1575692892074585,53.24800109863281,0.24327366054058075
dfl_generated,dfl_evaluation_07,0.19858039915561676,18,PCC,A,2.896462917327881,0.0,0.007519517093896866,0.501911997795105,1.1509416103363037,53.24800109863281,0.2428494691848755
dfl_generated,dfl_evaluation_07,0.19858039915561676,18,PCC,B,2.8992693424224854,0.0,0.009944450110197067,0.501911997795105,1.1509416103363037,53.24800109863281,0.2428494691848755
dfl_generated,dfl_evaluation_07,0.19858039915561676,18,PCC,C,2.8983936309814453,0.0,0.009583096951246262,0.501911997795105,1.1509416103363037,53.24800109863281,0.2428494691848755
dfl_generated,dfl_evaluation_07,0.19858039915561676,19,PCC,A,2.988515853881836,0.0,4.009774420410395e-05,0.5692486763000488,1.1523337364196777,53.24800109863281,0.2427712231874466
dfl_generated,dfl_evaluation_07,0.19858039915561676,19,PCC,B,2.9930403232574463,0.0,0.0001661070855334401,0.5692486763000488,1.1523337364196777,53.24800109863281,0.2427712231874466
dfl_generated,dfl_evaluation_07,0.19858039915561676,19,PCC,C,2.9882795810699463,0.0,0.0,0.5692486763000488,1.1523337364196777,53.24800109863281,0.2427712231874466
dfl_generated,dfl_evaluation_07,0.19858039915561676,20,PCC,A,2.830552339553833,0.0,6.042653666327169e-08,0.458400696516037,1.1512362957000732,53.24800109863281,0.24109387397766113
dfl_generated,dfl_evaluation_07,0.19858039915561676,20,PCC,B,2.8281054496765137,0.0,6.999556489972747e-07,0.458400696516037,1.1512362957000732,53.24800109863281,0.24109387397766113
dfl_generated,dfl_evaluation_07,0.19858039915561676,20,PCC,C,2.832493543624878,0.0,1.457362941437168e-06,0.458400696516037,1.1512362957000732,53.24800109863281,0.24109387397766113
dfl_generated,dfl_evaluation_07,0.19858039915561676,21,PCC,A,2.7418222427368164,0.0,3.219193786208052e-06,0.39928483963012695,1.1515092849731445,53.24800109863281,0.2472832202911377
dfl_generated,dfl_evaluation_07,0.19858039915561676,21,PCC,B,2.7478766441345215,0.0,0.0,0.39928483963012695,1.1515092849731445,53.24800109863281,0.2472832202911377
dfl_generated,dfl_evaluation_07,0.19858039915561676,21,PCC,C,2.74485182762146,0.0,0.0,0.39928483963012695,1.1515092849731445,53.24800109863281,0.2472832202911377
dfl_generated,dfl_evaluation_07,0.19858039915561676,22,PCC,A,2.693044662475586,0.0,7.092349278536858e-06,0.3637107312679291,1.150314211845398,53.24800109863281,0.2598406672477722
dfl_generated,dfl_evaluation_07,0.19858039915561676,22,PCC,B,2.6922788619995117,0.0,0.0,0.3637107312679291,1.150314211845398,53.24800109863281,0.2598406672477722
dfl_generated,dfl_evaluation_07,0.19858039915561676,22,PCC,C,2.691620111465454,0.0,0.0,0.3637107312679291,1.150314211845398,53.24800109863281,0.2598406672477722
dfl_generated,dfl_evaluation_07,0.19858039915561676,23,PCC,A,2.669173002243042,0.0,6.549896170326974e-06,0.34759950637817383,1.151013731956482,53.24800109863281,0.2846676707267761
dfl_generated,dfl_evaluation_07,0.19858039915561676,23,PCC,B,2.6698153018951416,0.0,2.3787745249137515e-06,0.34759950637817383,1.151013731956482,53.24800109863281,0.2846676707267761
dfl_generated,dfl_evaluation_07,0.19858039915561676,23,PCC,C,2.6700313091278076,0.0,0.0,0.34759950637817383,1.151013731956482,53.24800109863281,0.2846676707267761
dfl_generated,dfl_evaluation_07,0.19858039915561676,24,PCC,A,2.589498996734619,0.0,0.0,0.29431068897247314,1.1505831480026245,53.24800109863281,0.29049938917160034
dfl_generated,dfl_evaluation_07,0.19858039915561676,24,PCC,B,2.5902719497680664,0.0,6.27004737907555e-07,0.29431068897247314,1.1505831480026245,53.24800109863281,0.29049938917160034
dfl_generated,dfl_evaluation_07,0.19858039915561676,24,PCC,C,2.591787815093994,0.0,0.0,0.29431068897247314,1.1505831480026245,53.24800109863281,0.29049938917160034
dfl_generated,dfl_evaluation_07,0.19858039915561676,25,PCC,A,2.624626636505127,0.0,0.0,0.3179371654987335,1.1495286226272583,34.72425079345703,0.2839801013469696
dfl_generated,dfl_evaluation_07,0.19858039915561676,25,PCC,B,2.625758647918701,0.0,0.0,0.3179371654987335,1.1495286226272583,34.72425079345703,0.2839801013469696
dfl_generated,dfl_evaluation_07,0.19858039915561676,25,PCC,C,2.621818780899048,0.0,3.3278076898568543e-06,0.3179371654987335,1.1495286226272583,34.72425079345703,0.2839801013469696
dfl_generated,dfl_evaluation_07,0.19858039915561676,26,PCC,A,2.487433910369873,0.0,3.7021679872850655e-06,0.2232462614774704,1.1502583026885986,34.72425079345703,0.30286458134651184
dfl_generated,dfl_evaluation_07,0.19858039915561676,26,PCC,B,2.4882619380950928,0.0,2.2675233140034834e-06,0.2232462614774704,1.1502583026885986,34.72425079345703,0.30286458134651184
dfl_generated,dfl_evaluation_07,0.19858039915561676,26,PCC,C,2.487917900085449,0.0,9.152129223366501e-07,0.2232462614774704,1.1502583026885986,34.72425079345703,0.30286458134651184
dfl_generated,dfl_evaluation_07,0.19858039915561676,27,PCC,A,2.5457563400268555,0.0,0.0,0.2633455991744995,1.1498680114746094,53.24800109863281,0.2953985631465912
dfl_generated,dfl_evaluation_07,0.19858039915561676,27,PCC,B,2.5447745323181152,0.0,3.921803113371425e-07,0.2633455991744995,1.1498680114746094,53.24800109863281,0.2953985631465912
dfl_generated,dfl_evaluation_07,0.19858039915561676,27,PCC,C,2.5462646484375,0.0,5.573308499151608e-06,0.2633455991744995,1.1498680114746094,53.24800109863281,0.2953985631465912
dfl_generated,dfl_evaluation_07,0.19858039915561676,28,PCC,A,2.609532117843628,0.0,0.0,0.3060445785522461,1.1499656438827515,53.24800109863281,0.26881861686706543
dfl_generated,dfl_evaluation_07,0.19858039915561676,28,PCC,B,2.6073639392852783,0.0,2.1362307052186225e-06,0.3060445785522461,1.1499656438827515,53.24800109863281,0.26881861686706543
dfl_generated,dfl_evaluation_07,0.19858039915561676,28,PCC,C,2.607612133026123,0.0,3.08853145725152e-06,0.3060445785522461,1.1499656438827515,53.24800109863281,0.26881861686706543
dfl_generated,dfl_evaluation_07,0.19858039915561676,29,PCC,A,2.5774052143096924,0.0,5.2077462896704674e-05,0.2850128710269928,1.1502751111984253,53.24800109863281,0.2521657347679138
dfl_generated,dfl_evaluation_07,0.19858039915561676,29,PCC,B,2.5768532752990723,0.0,0.00018345180433243513,0.2850128710269928,1.1502751111984253,53.24800109863281,0.2521657347679138
dfl_generated,dfl_evaluation_07,0.19858039915561676,29,PCC,C,2.5774827003479004,0.0,0.00032647536136209965,0.2850128710269928,1.1502751111984253,53.24800109863281,0.2521657347679138
dfl_generated,dfl_evaluation_07,0.19858039915561676,30,PCC,A,2.7576162815093994,0.0,0.00858750194311142,0.4131304621696472,1.1502375602722168,121.88175201416016,0.24731385707855225
dfl_generated,dfl_evaluation_07,0.19858039915561676,30,PCC,B,2.762000322341919,0.0,0.008565165102481842,0.4131304621696472,1.1502375602722168,121.88175201416016,0.24731385707855225
dfl_generated,dfl_evaluation_07,0.19858039915561676,30,PCC,C,2.7611310482025146,0.0,0.014717057347297668,0.4131304621696472,1.1502375602722168,121.88175201416016,0.24731385707855225
dfl_generated,dfl_evaluation_07,0.19858039915561676,31,PCC,A,3.0188345909118652,0.0,0.11023374646902084,0.5887197852134705,1.151942491531372,121.88175201416016,0.24584168195724487
dfl_generated,dfl_evaluation_07,0.19858039915561676,31,PCC,B,3.0182416439056396,0.0,0.1062769740819931,0.5887197852134705,1.151942491531372,121.88175201416016,0.24584168195724487
dfl_generated,dfl_evaluation_07,0.19858039915561676,31,PCC,C,3.01474666595459,0.0,0.12238089740276337,0.5887197852134705,1.151942491531372,121.88175201416016,0.24584168195724487
dfl_generated,dfl_evaluation_07,0.19858039915561676,32,PCC,A,2.771754503250122,0.0,0.4056587815284729,0.41616514325141907,1.1532191038131714,121.88175201416016,0.2404315024614334
dfl_generated,dfl_evaluation_07,0.19858039915561676,32,PCC,B,2.7764320373535156,0.0,0.3893831968307495,0.41616514325141907,1.1532191038131714,121.88175201416016,0.2404315024614334
dfl_generated,dfl_evaluation_07,0.19858039915561676,32,PCC,C,2.772197961807251,0.0,0.3857896029949188,0.41616514325141907,1.1532191038131714,121.88175201416016,0.2404315024614334
dfl_generated,dfl_evaluation_07,0.19858039915561676,33,PCC,A,2.912100315093994,0.0,0.6757000684738159,0.5137431621551514,1.1583576202392578,121.88175201416016,0.2448577731847763
dfl_generated,dfl_evaluation_07,0.19858039915561676,33,PCC,B,2.9227547645568848,0.0,0.6907798051834106,0.5137431621551514,1.1583576202392578,121.88175201416016,0.2448577731847763
dfl_generated,dfl_evaluation_07,0.19858039915561676,33,PCC,C,2.918734312057495,0.0,0.632179856300354,0.5137431621551514,1.1583576202392578,121.88175201416016,0.2448577731847763
dfl_generated,dfl_evaluation_07,0.19858039915561676,34,PCC,A,2.7084946632385254,0.0,0.8228562474250793,0.3643687963485718,1.1561880111694336,53.24800109863281,0.25620999932289124
dfl_generated,dfl_evaluation_07,0.19858039915561676,34,PCC,B,2.7090835571289062,0.0,0.8360707759857178,0.3643687963485718,1.1561880111694336,53.24800109863281,0.25620999932289124
dfl_generated,dfl_evaluation_07,0.19858039915561676,34,PCC,C,2.7023165225982666,0.0,0.8441513180732727,0.3643687963485718,1.1561880111694336,53.24800109863281,0.25620999932289124
dfl_generated,dfl_evaluation_07,0.19858039915561676,35,PCC,A,2.7012555599212646,0.0,0.9047033786773682,0.36136627197265625,1.1566704511642456,53.24800109863281,0.2640707194805145
dfl_generated,dfl_evaluation_07,0.19858039915561676,35,PCC,B,2.695211172103882,0.0,0.9100842475891113,0.36136627197265625,1.1566704511642456,53.24800109863281,0.2640707194805145
dfl_generated,dfl_evaluation_07,0.19858039915561676,35,PCC,C,2.701415777206421,0.0,0.9398690462112427,0.36136627197265625,1.1566704511642456,53.24800109863281,0.2640707194805145
dfl_generated,dfl_evaluation_07,0.19858039915561676,36,PCC,A,2.9600071907043457,0.0,0.9766696095466614,0.5383059978485107,1.160735845565796,34.72425079345703,0.2634609341621399
dfl_generated,dfl_evaluation_07,0.19858039915561676,36,PCC,B,2.9675333499908447,0.0,0.9518457055091858,0.5383059978485107,1.160735845565796,34.72425079345703,0.2634609341621399
dfl_generated,dfl_evaluation_07,0.19858039915561676,36,PCC,C,2.9632174968719482,0.0,0.9569594860076904,0.5383059978485107,1.160735845565796,34.72425079345703,0.2634609341621399
dfl_generated,dfl_evaluation_07,0.19858039915561676,37,PCC,A,3.0602009296417236,0.0,0.9189745187759399,0.6031783223152161,1.1626873016357422,34.72425079345703,0.26311352849006653
dfl_generated,dfl_evaluation_07,0.19858039915561676,37,PCC,B,3.0582637786865234,0.0,0.8910698890686035,0.6031783223152161,1.1626873016357422,34.72425079345703,0.26311352849006653
dfl_generated,dfl_evaluation_07,0.19858039915561676,37,PCC,C,3.0539424419403076,0.0,0.908653736114502,0.6031783223152161,1.1626873016357422,34.72425079345703,0.26311352849006653
dfl_generated,dfl_evaluation_07,0.19858039915561676,38,PCC,A,3.1594362258911133,0.0,0.8009980320930481,0.6654155254364014,1.1617372035980225,34.72425079345703,0.26145848631858826
dfl_generated,dfl_evaluation_07,0.19858039915561676,38,PCC,B,3.14669132232666,0.0,0.7710022926330566,0.6654155254364014,1.1617372035980225,34.72425079345703,0.26145848631858826
dfl_generated,dfl_evaluation_07,0.19858039915561676,38,PCC,C,3.153041124343872,0.0,0.7780173420906067,0.6654155254364014,1.1617372035980225,34.72425079345703,0.26145848631858826
dfl_generated,dfl_evaluation_07,0.19858039915561676,39,PCC,A,2.937828779220581,0.0,0.6263270378112793,0.5210045576095581,1.1594589948654175,34.72425079345703,0.25103825330734253
dfl_generated,dfl_evaluation_07,0.19858039915561676,39,PCC,B,2.936065673828125,0.0,0.6248055100440979,0.5210045576095581,1.1594589948654175,34.72425079345703,0.25103825330734253
dfl_generated,dfl_evaluation_07,0.19858039915561676,39,PCC,C,2.9417564868927,0.0,0.6149002313613892,0.5210045576095581,1.1594589948654175,34.72425079345703,0.25103825330734253
dfl_generated,dfl_evaluation_07,0.19858039915561676,40,PCC,A,3.0018935203552246,0.0,0.35905662178993225,0.5631123185157776,1.1573768854141235,53.24800109863281,0.24113141000270844
dfl_generated,dfl_evaluation_07,0.19858039915561676,40,PCC,B,2.991467237472534,0.0,0.3675084710121155,0.5631123185157776,1.1573768854141235,53.24800109863281,0.24113141000270844
dfl_generated,dfl_evaluation_07,0.19858039915561676,40,PCC,C,2.9977686405181885,0.0,0.398022323846817,0.5631123185157776,1.1573768854141235,53.24800109863281,0.24113141000270844
dfl_generated,dfl_evaluation_07,0.19858039915561676,41,PCC,A,2.9321022033691406,0.0,0.1174861490726471,0.5185338854789734,1.1574375629425049,53.24800109863281,0.2394047975540161
dfl_generated,dfl_evaluation_07,0.19858039915561676,41,PCC,B,2.9270946979522705,0.0,0.0932321846485138,0.5185338854789734,1.1574375629425049,53.24800109863281,0.2394047975540161
dfl_generated,dfl_evaluation_07,0.19858039915561676,41,PCC,C,2.9260683059692383,0.0,0.11188164353370667,0.5185338854789734,1.1574375629425049,53.24800109863281,0.2394047975540161
dfl_generated,dfl_evaluation_07,0.19858039915561676,42,PCC,A,2.893279790878296,0.0,0.010588105767965317,0.501911997795105,1.1548370122909546,53.24800109863281,0.2397342473268509
dfl_generated,dfl_evaluation_07,0.19858039915561676,42,PCC,B,2.901414155960083,0.0,0.01365012489259243,0.501911997795105,1.1548370122909546,53.24800109863281,0.2397342473268509
dfl_generated,dfl_evaluation_07,0.19858039915561676,42,PCC,C,2.8944077491760254,0.0,0.008383065462112427,0.501911997795105,1.1548370122909546,53.24800109863281,0.2397342473268509
dfl_generated,dfl_evaluation_07,0.19858039915561676,43,PCC,A,2.999466896057129,0.0,0.0,0.5692486763000488,1.1533024311065674,53.24800109863281,0.24118903279304504
dfl_generated,dfl_evaluation_07,0.19858039915561676,43,PCC,B,2.9875147342681885,0.0,0.00013285456225275993,0.5692486763000488,1.1533024311065674,53.24800109863281,0.24118903279304504
dfl_generated,dfl_evaluation_07,0.19858039915561676,43,PCC,C,2.995950937271118,0.0,0.0,0.5692486763000488,1.1533024311065674,53.24800109863281,0.24118903279304504
dfl_generated,dfl_evaluation_07,0.19858039915561676,44,PCC,A,2.8261563777923584,0.0,1.4162409343043691e-06,0.458400696516037,1.1525100469589233,53.24800109863281,0.24681055545806885
dfl_generated,dfl_evaluation_07,0.19858039915561676,44,PCC,B,2.8269858360290527,0.0,0.0,0.458400696516037,1.1525100469589233,53.24800109863281,0.24681055545806885
dfl_generated,dfl_evaluation_07,0.19858039915561676,44,PCC,C,2.8263704776763916,0.0,0.0,0.458400696516037,1.1525100469589233,53.24800109863281,0.24681055545806885
dfl_generated,dfl_evaluation_07,0.19858039915561676,45,PCC,A,2.7433347702026367,0.0,5.509223797162122e-07,0.39928483963012695,1.1516649723052979,53.24800109863281,0.2451951503753662
dfl_generated,dfl_evaluation_07,0.19858039915561676,45,PCC,B,2.7451205253601074,0.0,0.0,0.39928483963012695,1.1516649723052979,53.24800109863281,0.2451951503753662
dfl_generated,dfl_evaluation_07,0.19858039915561676,45,PCC,C,2.7438156604766846,0.0,0.0,0.39928483963012695,1.1516649723052979,53.24800109863281,0.2451951503753662
dfl_generated,dfl_evaluation_07,0.19858039915561676,46,PCC,A,2.692598342895508,0.0,2.0262809812265914e-06,0.3637107312679291,1.1502892971038818,53.24800109863281,0.2675895690917969
dfl_generated,dfl_evaluation_07,0.19858039915561676,46,PCC,B,2.691607713699341,0.0,0.0,0.3637107312679291,1.1502892971038818,53.24800109863281,0.2675895690917969
dfl_generated,dfl_evaluation_07,0.19858039915561676,46,PCC,C,2.6952507495880127,0.0,1.7365183566653286e-06,0.3637107312679291,1.1502892971038818,53.24800109863281,0.2675895690917969
dfl_generated,dfl_evaluation_07,0.19858039915561676,47,PCC,A,2.665476083755493,0.0,0.0,0.34759950637817383,1.1507630348205566,53.24800109863281,0.26893994212150574
dfl_generated,dfl_evaluation_07,0.19858039915561676,47,PCC,B,2.6670796871185303,0.0,0.0,0.34759950637817383,1.1507630348205566,53.24800109863281,0.26893994212150574
dfl_generated,dfl_evaluation_07,0.19858039915561676,47,PCC,C,2.6662681102752686,0.0,0.0,0.34759950637817383,1.1507630348205566,53.24800109863281,0.26893994212150574
