source,scenario_name,scenario_weight,time,bus,phase,active_load_mw,reactive_load_mvar,pv_available_mw,workload_arrival,pue,grid_price_per_mwh,grid_carbon_t_per_mwh
observed_test,v2_2018_388_48h,,0,PCC,A,2.589738233557025,0.0,0.0,0.29431068897247314,1.149999976158142,53.24800137329102,0.24671828746795654
observed_test,v2_2018_388_48h,,0,PCC,B,2.589738233557025,0.0,0.0,0.29431068897247314,1.149999976158142,53.24800137329102,0.24671828746795654
observed_test,v2_2018_388_48h,,0,PCC,C,2.589738233557025,0.0,0.0,0.29431068897247314,1.149999976158142,53.24800137329102,0.24671828746795654
observed_test,v2_2018_388_48h,,1,PCC,A,2.6237012928594003,0.0,0.0,0.3179371654987335,1.149999976158142,53.24800137329102,0.24198617041110992
observed_test,v2_2018_388_48h,,1,PCC,B,2.6237012928594003,0.0,0.0,0.3179371654987335,1.149999976158142,53.24800137329102,0.24198617041110992
observed_test,v2_2018_388_48h,,1,PCC,C,2.6237012928594003,0.0,0.0,0.3179371654987335,1.149999976158142,53.24800137329102,0.24198617041110992
observed_test,v2_2018_388_48h,,2,PCC,A,2.4875831211508435,0.0,0.0,0.2232462614774704,1.149999976158142,53.24800137329102,0.24508506059646606
observed_test,v2_2018_388_48h,,2,PCC,B,2.4875831211508435,0.0,0.0,0.2232462614774704,1.149999976158142,53.24800137329102,0.24508506059646606
observed_test,v2_2018_388_48h,,2,PCC,C,2.4875831211508435,0.0,0.0,0.2232462614774704,1.149999976158142,53.24800137329102,0.24508506059646606
observed_test,v2_2018_388_48h,,3,PCC,A,2.5452259178952694,0.0,0.0,0.2633455991744995,1.149999976158142,53.24800137329102,0.25559377670288086
observed_test,v2_2018_388_48h,,3,PCC,B,2.5452259178952694,0.0,0.0,0.2633455991744995,1.149999976158142,53.24800137329102,0.25559377670288086
observed_test,v2_2018_388_48h,,3,PCC,C,2.5452259178952694,0.0,0.0,0.2633455991744995,1.149999976158142,53.24800137329102,0.25559377670288086
observed_test,v2_2018_388_48h,,4,PCC,A,2.6066056994782514,0.0,0.0,0.3060445785522461,1.149999976158142,53.24800137329102,0.247085839509964
observed_test,v2_2018_388_48h,,4,PCC,B,2.6066056994782514,0.0,0.0,0.3060445785522461,1.149999976158142,53.24800137329102,0.247085839509964
observed_test,v2_2018_388_48h,,4,PCC,C,2.6066056994782514,0.0,0.0,0.3060445785522461,1.149999976158142,53.24800137329102,0.247085839509964
observed_test,v2_2018_388_48h,,5,PCC,A,2.5763726205374935,0.0,0.0,0.2850128710269928,1.149999976158142,53.24800137329102,0.24306049942970276
observed_test,v2_2018_388_48h,,5,PCC,B,2.5763726205374935,0.0,0.0,0.2850128710269928,1.149999976158142,53.24800137329102,0.24306049942970276
observed_test,v2_2018_388_48h,,5,PCC,C,2.5763726205374935,0.0,0.0,0.2850128710269928,1.149999976158142,53.24800137329102,0.24306049942970276
observed_test,v2_2018_388_48h,,6,PCC,A,2.7605416539868575,0.0,0.0,0.4131304621696472,1.149999976158142,53.24800137329102,0.24511682987213135
observed_test,v2_2018_388_48h,,6,PCC,B,2.7605416539868575,0.0,0.0,0.4131304621696472,1.149999976158142,53.24800137329102,0.24511682987213135
observed_test,v2_2018_388_48h,,6,PCC,C,2.7605416539868575,0.0,0.0,0.4131304621696472,1.149999976158142,53.24800137329102,0.24511682987213135
observed_test,v2_2018_388_48h,,7,PCC,A,3.0129513006293838,0.0,0.08162083104252814,0.5887197852134705,1.149999976158142,53.24800137329102,0.23770040273666382
observed_test,v2_2018_388_48h,,7,PCC,B,3.0129513006293838,0.0,0.08162083104252814,0.5887197852134705,1.149999976158142,53.24800137329102,0.23770040273666382
observed_test,v2_2018_388_48h,,7,PCC,C,3.0129513006293838,0.0,0.08162083104252814,0.5887197852134705,1.149999976158142,53.24800137329102,0.23770040273666382
observed_test,v2_2018_388_48h,,8,PCC,A,2.7649040079514635,0.0,0.49498333380772513,0.41616514325141907,1.149999976158142,53.24800137329102,0.23350167274475098
observed_test,v2_2018_388_48h,,8,PCC,B,2.7649040079514635,0.0,0.49498333380772513,0.41616514325141907,1.149999976158142,53.24800137329102,0.23350167274475098
observed_test,v2_2018_388_48h,,8,PCC,C,2.7649040079514635,0.0,0.49498333380772513,0.41616514325141907,1.149999976158142,53.24800137329102,0.23350167274475098
observed_test,v2_2018_388_48h,,9,PCC,A,2.9051724072175276,0.0,0.8703458194549266,0.5137431621551514,1.149999976158142,53.24800137329102,0.2296794354915619
observed_test,v2_2018_388_48h,,9,PCC,B,2.9051724072175276,0.0,0.8703458194549266,0.5137431621551514,1.149999976158142,53.24800137329102,0.2296794354915619
observed_test,v2_2018_388_48h,,9,PCC,C,2.9051724072175276,0.0,0.8703458194549266,0.5137431621551514,1.149999976158142,53.24800137329102,0.2296794354915619
observed_test,v2_2018_388_48h,,10,PCC,A,2.6904467608222724,0.0,1.1239917232440066,0.3643687963485718,1.149999976158142,53.24800137329102,0.24029983580112457
observed_test,v2_2018_388_48h,,10,PCC,B,2.6904467608222724,0.0,1.1239917232440066,0.3643687963485718,1.149999976158142,53.24800137329102,0.24029983580112457
observed_test,v2_2018_388_48h,,10,PCC,C,2.6904467608222724,0.0,1.1239917232440066,0.3643687963485718,1.149999976158142,53.24800137329102,0.24029983580112457
observed_test,v2_2018_388_48h,,11,PCC,A,2.686130632121376,0.0,1.2637832990059483,0.36136627197265625,1.149999976158142,53.24800137329102,0.25352588295936584
observed_test,v2_2018_388_48h,,11,PCC,B,2.686130632121376,0.0,1.2637832990059483,0.36136627197265625,1.149999976158142,53.24800137329102,0.25352588295936584
observed_test,v2_2018_388_48h,,11,PCC,C,2.686130632121376,0.0,1.2637832990059483,0.36136627197265625,1.149999976158142,53.24800137329102,0.25352588295936584
observed_test,v2_2018_388_48h,,12,PCC,A,2.940481482794702,0.0,1.3124582859186025,0.5383059978485107,1.149999976158142,53.24800137329102,0.24791784584522247
observed_test,v2_2018_388_48h,,12,PCC,B,2.940481482794702,0.0,1.3124582859186025,0.5383059978485107,1.149999976158142,53.24800137329102,0.24791784584522247
observed_test,v2_2018_388_48h,,12,PCC,C,2.940481482794702,0.0,1.3124582859186025,0.5383059978485107,1.149999976158142,53.24800137329102,0.24791784584522247
observed_test,v2_2018_388_48h,,13,PCC,A,3.033735447282245,0.0,1.2732791212888863,0.6031783223152161,1.149999976158142,53.24800137329102,0.25111281871795654
observed_test,v2_2018_388_48h,,13,PCC,B,3.033735447282245,0.0,1.2732791212888863,0.6031783223152161,1.149999976158142,53.24800137329102,0.25111281871795654
observed_test,v2_2018_388_48h,,13,PCC,C,3.033735447282245,0.0,1.2732791212888863,0.6031783223152161,1.149999976158142,53.24800137329102,0.25111281871795654
observed_test,v2_2018_388_48h,,14,PCC,A,3.1232014249141358,0.0,1.14254172031696,0.6654155254364014,1.149999976158142,53.24800137329102,0.24972565472126007
observed_test,v2_2018_388_48h,,14,PCC,B,3.1232014249141358,0.0,1.14254172031696,0.6654155254364014,1.149999976158142,53.24800137329102,0.24972565472126007
observed_test,v2_2018_388_48h,,14,PCC,C,3.1232014249141358,0.0,1.14254172031696,0.6654155254364014,1.149999976158142,53.24800137329102,0.24972565472126007
observed_test,v2_2018_388_48h,,15,PCC,A,2.915610662966831,0.0,0.9134708115687736,0.5210045576095581,1.149999976158142,53.24800137329102,0.23570667207241058
observed_test,v2_2018_388_48h,,15,PCC,B,2.915610662966831,0.0,0.9134708115687736,0.5210045576095581,1.149999976158142,53.24800137329102,0.23570667207241058
observed_test,v2_2018_388_48h,,15,PCC,C,2.915610662966831,0.0,0.9134708115687736,0.5210045576095581,1.149999976158142,53.24800137329102,0.23570667207241058
observed_test,v2_2018_388_48h,,16,PCC,A,2.9761405680146122,0.0,0.6154708564281463,0.5631123185157776,1.149999976158142,53.24800137329102,0.23233109712600708
observed_test,v2_2018_388_48h,,16,PCC,B,2.9761405680146122,0.0,0.6154708564281463,0.5631123185157776,1.149999976158142,53.24800137329102,0.23233109712600708
observed_test,v2_2018_388_48h,,16,PCC,C,2.9761405680146122,0.0,0.6154708564281463,0.5631123185157776,1.149999976158142,53.24800137329102,0.23233109712600708
observed_test,v2_2018_388_48h,,17,PCC,A,2.912059071852747,0.0,0.20080416534955683,0.5185338854789734,1.149999976158142,53.24800137329102,0.2382412552833557
observed_test,v2_2018_388_48h,,17,PCC,B,2.912059071852747,0.0,0.20080416534955683,0.5185338854789734,1.149999976158142,53.24800137329102,0.2382412552833557
observed_test,v2_2018_388_48h,,17,PCC,C,2.912059071852747,0.0,0.20080416534955683,0.5185338854789734,1.149999976158142,53.24800137329102,0.2382412552833557
observed_test,v2_2018_388_48h,,18,PCC,A,2.888165108802557,0.0,0.0,0.501911997795105,1.149999976158142,53.24800137329102,0.23994769155979156
observed_test,v2_2018_388_48h,,18,PCC,B,2.888165108802557,0.0,0.0,0.501911997795105,1.149999976158142,53.24800137329102,0.23994769155979156
observed_test,v2_2018_388_48h,,18,PCC,C,2.888165108802557,0.0,0.0,0.501911997795105,1.149999976158142,53.24800137329102,0.23994769155979156
observed_test,v2_2018_388_48h,,19,PCC,A,2.9849615821466244,0.0,0.0,0.5692486763000488,1.149999976158142,53.24800137329102,0.24096694588661194
observed_test,v2_2018_388_48h,,19,PCC,B,2.9849615821466244,0.0,0.0,0.5692486763000488,1.149999976158142,53.24800137329102,0.24096694588661194
observed_test,v2_2018_388_48h,,19,PCC,C,2.9849615821466244,0.0,0.0,0.5692486763000488,1.149999976158142,53.24800137329102,0.24096694588661194
observed_test,v2_2018_388_48h,,20,PCC,A,2.825617614510635,0.0,0.0,0.458400696516037,1.149999976158142,53.24800137329102,0.23986519873142242
observed_test,v2_2018_388_48h,,20,PCC,B,2.825617614510635,0.0,0.0,0.458400696516037,1.149999976158142,53.24800137329102,0.23986519873142242
observed_test,v2_2018_388_48h,,20,PCC,C,2.825617614510635,0.0,0.0,0.458400696516037,1.149999976158142,53.24800137329102,0.23986519873142242
observed_test,v2_2018_388_48h,,21,PCC,A,2.740638571998929,0.0,0.0,0.39928483963012695,1.149999976158142,53.24800137329102,0.24225591123104095
observed_test,v2_2018_388_48h,,21,PCC,B,2.740638571998929,0.0,0.0,0.39928483963012695,1.149999976158142,53.24800137329102,0.24225591123104095
observed_test,v2_2018_388_48h,,21,PCC,C,2.740638571998929,0.0,0.0,0.39928483963012695,1.149999976158142,53.24800137329102,0.24225591123104095
observed_test,v2_2018_388_48h,,22,PCC,A,2.689500792288461,0.0,0.0,0.3637107312679291,1.149999976158142,53.24800137329102,0.24607731401920319
observed_test,v2_2018_388_48h,,22,PCC,B,2.689500792288461,0.0,0.0,0.3637107312679291,1.149999976158142,53.24800137329102,0.24607731401920319
observed_test,v2_2018_388_48h,,22,PCC,C,2.689500792288461,0.0,0.0,0.3637107312679291,1.149999976158142,53.24800137329102,0.24607731401920319
observed_test,v2_2018_388_48h,,23,PCC,A,2.666340906989589,0.0,0.0,0.34759950637817383,1.149999976158142,53.24800137329102,0.23703929781913757
observed_test,v2_2018_388_48h,,23,PCC,B,2.666340906989589,0.0,0.0,0.34759950637817383,1.149999976158142,53.24800137329102,0.23703929781913757
observed_test,v2_2018_388_48h,,23,PCC,C,2.666340906989589,0.0,0.0,0.34759950637817383,1.149999976158142,53.24800137329102,0.23703929781913757
observed_test,v2_2018_388_48h,,24,PCC,A,2.589738233557025,0.0,0.0,0.29431068897247314,1.149999976158142,53.24800137329102,0.22771701216697693
observed_test,v2_2018_388_48h,,24,PCC,B,2.589738233557025,0.0,0.0,0.29431068897247314,1.149999976158142,53.24800137329102,0.22771701216697693
observed_test,v2_2018_388_48h,,24,PCC,C,2.589738233557025,0.0,0.0,0.29431068897247314,1.149999976158142,53.24800137329102,0.22771701216697693
observed_test,v2_2018_388_48h,,25,PCC,A,2.6237012928594003,0.0,0.0,0.3179371654987335,1.149999976158142,34.72425106811524,0.23294779658317566
observed_test,v2_2018_388_48h,,25,PCC,B,2.6237012928594003,0.0,0.0,0.3179371654987335,1.149999976158142,34.72425106811524,0.23294779658317566
observed_test,v2_2018_388_48h,,25,PCC,C,2.6237012928594003,0.0,0.0,0.3179371654987335,1.149999976158142,34.72425106811524,0.23294779658317566
observed_test,v2_2018_388_48h,,26,PCC,A,2.4875831211508435,0.0,0.0,0.2232462614774704,1.149999976158142,34.72425106811524,0.24029092490673065
observed_test,v2_2018_388_48h,,26,PCC,B,2.4875831211508435,0.0,0.0,0.2232462614774704,1.149999976158142,34.72425106811524,0.24029092490673065
observed_test,v2_2018_388_48h,,26,PCC,C,2.4875831211508435,0.0,0.0,0.2232462614774704,1.149999976158142,34.72425106811524,0.24029092490673065
observed_test,v2_2018_388_48h,,27,PCC,A,2.5452259178952694,0.0,0.0,0.2633455991744995,1.149999976158142,53.24800137329102,0.2553369104862213
observed_test,v2_2018_388_48h,,27,PCC,B,2.5452259178952694,0.0,0.0,0.2633455991744995,1.149999976158142,53.24800137329102,0.2553369104862213
observed_test,v2_2018_388_48h,,27,PCC,C,2.5452259178952694,0.0,0.0,0.2633455991744995,1.149999976158142,53.24800137329102,0.2553369104862213
observed_test,v2_2018_388_48h,,28,PCC,A,2.6066056994782514,0.0,0.0,0.3060445785522461,1.149999976158142,53.24800137329102,0.24331751465797424
observed_test,v2_2018_388_48h,,28,PCC,B,2.6066056994782514,0.0,0.0,0.3060445785522461,1.149999976158142,53.24800137329102,0.24331751465797424
observed_test,v2_2018_388_48h,,28,PCC,C,2.6066056994782514,0.0,0.0,0.3060445785522461,1.149999976158142,53.24800137329102,0.24331751465797424
observed_test,v2_2018_388_48h,,29,PCC,A,2.5763726205374935,0.0,0.0,0.2850128710269928,1.149999976158142,53.24800137329102,0.2392493337392807
observed_test,v2_2018_388_48h,,29,PCC,B,2.5763726205374935,0.0,0.0,0.2850128710269928,1.149999976158142,53.24800137329102,0.2392493337392807
observed_test,v2_2018_388_48h,,29,PCC,C,2.5763726205374935,0.0,0.0,0.2850128710269928,1.149999976158142,53.24800137329102,0.2392493337392807
observed_test,v2_2018_388_48h,,30,PCC,A,2.7605416539868575,0.0,0.0,0.4131304621696472,1.149999976158142,121.88174847412108,0.2353132963180542
observed_test,v2_2018_388_48h,,30,PCC,B,2.7605416539868575,0.0,0.0,0.4131304621696472,1.149999976158142,121.88174847412108,0.2353132963180542
observed_test,v2_2018_388_48h,,30,PCC,C,2.7605416539868575,0.0,0.0,0.4131304621696472,1.149999976158142,121.88174847412108,0.2353132963180542
observed_test,v2_2018_388_48h,,31,PCC,A,3.0129513006293838,0.0,0.0,0.5887197852134705,1.149999976158142,121.88174847412108,0.2276950627565384
observed_test,v2_2018_388_48h,,31,PCC,B,3.0129513006293838,0.0,0.0,0.5887197852134705,1.149999976158142,121.88174847412108,0.2276950627565384
observed_test,v2_2018_388_48h,,31,PCC,C,3.0129513006293838,0.0,0.0,0.5887197852134705,1.149999976158142,121.88174847412108,0.2276950627565384
observed_test,v2_2018_388_48h,,32,PCC,A,2.7649040079514635,0.0,0.03301250175214731,0.41616514325141907,1.149999976158142,121.88174847412108,0.22493602335453033
observed_test,v2_2018_388_48h,,32,PCC,B,2.7649040079514635,0.0,0.03301250175214731,0.41616514325141907,1.149999976158142,121.88174847412108,0.22493602335453033
observed_test,v2_2018_388_48h,,32,PCC,C,2.7649040079514635,0.0,0.03301250175214731,0.41616514325141907,1.149999976158142,121.88174847412108,0.22493602335453033
observed_test,v2_2018_388_48h,,33,PCC,A,2.9051724072175276,0.0,0.10426250071479724,0.5137431621551514,1.149999976158142,121.88174847412108,0.22441977262496948
observed_test,v2_2018_388_48h,,33,PCC,B,2.9051724072175276,0.0,0.10426250071479724,0.5137431621551514,1.149999976158142,121.88174847412108,0.22441977262496948
observed_test,v2_2018_388_48h,,33,PCC,C,2.9051724072175276,0.0,0.10426250071479724,0.5137431621551514,1.149999976158142,121.88174847412108,0.22441977262496948
observed_test,v2_2018_388_48h,,34,PCC,A,2.6904467608222724,0.0,0.14302499878865021,0.3643687963485718,1.149999976158142,53.24800137329102,0.22870786488056183
observed_test,v2_2018_388_48h,,34,PCC,B,2.6904467608222724,0.0,0.14302499878865021,0.3643687963485718,1.149999976158142,53.24800137329102,0.22870786488056183
observed_test,v2_2018_388_48h,,34,PCC,C,2.6904467608222724,0.0,0.14302499878865021,0.3643687963485718,1.149999976158142,53.24800137329102,0.22870786488056183
observed_test,v2_2018_388_48h,,35,PCC,A,2.686130632121376,0.0,0.17625832786926854,0.36136627197265625,1.149999976158142,53.24800137329102,0.24854876101016998
observed_test,v2_2018_388_48h,,35,PCC,B,2.686130632121376,0.0,0.17625832786926854,0.36136627197265625,1.149999976158142,53.24800137329102,0.24854876101016998
observed_test,v2_2018_388_48h,,35,PCC,C,2.686130632121376,0.0,0.17625832786926854,0.36136627197265625,1.149999976158142,53.24800137329102,0.24854876101016998
observed_test,v2_2018_388_48h,,36,PCC,A,2.940481482794702,0.0,0.18425833147305706,0.5383059978485107,1.149999976158142,34.72425106811524,0.24416804313659668
observed_test,v2_2018_388_48h,,36,PCC,B,2.940481482794702,0.0,0.18425833147305706,0.5383059978485107,1.149999976158142,34.72425106811524,0.24416804313659668
observed_test,v2_2018_388_48h,,36,PCC,C,2.940481482794702,0.0,0.18425833147305706,0.5383059978485107,1.149999976158142,34.72425106811524,0.24416804313659668
observed_test,v2_2018_388_48h,,37,PCC,A,3.033735447282245,0.0,0.1744041649194864,0.6031783223152161,1.149999976158142,34.72425106811524,0.2661290466785431
observed_test,v2_2018_388_48h,,37,PCC,B,3.033735447282245,0.0,0.1744041649194864,0.6031783223152161,1.149999976158142,34.72425106811524,0.2661290466785431
observed_test,v2_2018_388_48h,,37,PCC,C,3.033735447282245,0.0,0.1744041649194864,0.6031783223152161,1.149999976158142,34.72425106811524,0.2661290466785431
observed_test,v2_2018_388_48h,,38,PCC,A,3.1232014249141358,0.0,0.17437083789935479,0.6654155254364014,1.149999976158142,34.72425106811524,0.2540435791015625
observed_test,v2_2018_388_48h,,38,PCC,B,3.1232014249141358,0.0,0.17437083789935479,0.6654155254364014,1.149999976158142,34.72425106811524,0.2540435791015625
observed_test,v2_2018_388_48h,,38,PCC,C,3.1232014249141358,0.0,0.17437083789935479,0.6654155254364014,1.149999976158142,34.72425106811524,0.2540435791015625
observed_test,v2_2018_388_48h,,39,PCC,A,2.915610662966831,0.0,0.11933749684920676,0.5210045576095581,1.149999976158142,34.72425106811524,0.23779939115047455
observed_test,v2_2018_388_48h,,39,PCC,B,2.915610662966831,0.0,0.11933749684920676,0.5210045576095581,1.149999976158142,34.72425106811524,0.23779939115047455
observed_test,v2_2018_388_48h,,39,PCC,C,2.915610662966831,0.0,0.11933749684920676,0.5210045576095581,1.149999976158142,34.72425106811524,0.23779939115047455
observed_test,v2_2018_388_48h,,40,PCC,A,2.9761405680146122,0.0,0.034620834944339894,0.5631123185157776,1.149999976158142,53.24800137329102,0.22166375815868378
observed_test,v2_2018_388_48h,,40,PCC,B,2.9761405680146122,0.0,0.034620834944339894,0.5631123185157776,1.149999976158142,53.24800137329102,0.22166375815868378
observed_test,v2_2018_388_48h,,40,PCC,C,2.9761405680146122,0.0,0.034620834944339894,0.5631123185157776,1.149999976158142,53.24800137329102,0.22166375815868378
observed_test,v2_2018_388_48h,,41,PCC,A,2.912059071852747,0.0,0.012616666320424812,0.5185338854789734,1.149999976158142,53.24800137329102,0.21319834887981415
observed_test,v2_2018_388_48h,,41,PCC,B,2.912059071852747,0.0,0.012616666320424812,0.5185338854789734,1.149999976158142,53.24800137329102,0.21319834887981415
observed_test,v2_2018_388_48h,,41,PCC,C,2.912059071852747,0.0,0.012616666320424812,0.5185338854789734,1.149999976158142,53.24800137329102,0.21319834887981415
observed_test,v2_2018_388_48h,,42,PCC,A,2.888165108802557,0.0,0.0,0.501911997795105,1.149999976158142,53.24800137329102,0.21256838738918304
observed_test,v2_2018_388_48h,,42,PCC,B,2.888165108802557,0.0,0.0,0.501911997795105,1.149999976158142,53.24800137329102,0.21256838738918304
observed_test,v2_2018_388_48h,,42,PCC,C,2.888165108802557,0.0,0.0,0.501911997795105,1.149999976158142,53.24800137329102,0.21256838738918304
observed_test,v2_2018_388_48h,,43,PCC,A,2.9849615821466244,0.0,0.0,0.5692486763000488,1.149999976158142,53.24800137329102,0.20752853155136108
observed_test,v2_2018_388_48h,,43,PCC,B,2.9849615821466244,0.0,0.0,0.5692486763000488,1.149999976158142,53.24800137329102,0.20752853155136108
observed_test,v2_2018_388_48h,,43,PCC,C,2.9849615821466244,0.0,0.0,0.5692486763000488,1.149999976158142,53.24800137329102,0.20752853155136108
observed_test,v2_2018_388_48h,,44,PCC,A,2.825617614510635,0.0,0.0,0.458400696516037,1.149999976158142,53.24800137329102,0.2079969197511673
observed_test,v2_2018_388_48h,,44,PCC,B,2.825617614510635,0.0,0.0,0.458400696516037,1.149999976158142,53.24800137329102,0.2079969197511673
observed_test,v2_2018_388_48h,,44,PCC,C,2.825617614510635,0.0,0.0,0.458400696516037,1.149999976158142,53.24800137329102,0.2079969197511673
observed_test,v2_2018_388_48h,,45,PCC,A,2.740638571998929,0.0,0.0,0.39928483963012695,1.149999976158142,53.24800137329102,0.21502450108528137
observed_test,v2_2018_388_48h,,45,PCC,B,2.740638571998929,0.0,0.0,0.39928483963012695,1.149999976158142,53.24800137329102,0.21502450108528137
observed_test,v2_2018_388_48h,,45,PCC,C,2.740638571998929,0.0,0.0,0.39928483963012695,1.149999976158142,53.24800137329102,0.21502450108528137
observed_test,v2_2018_388_48h,,46,PCC,A,2.689500792288461,0.0,0.0,0.3637107312679291,1.149999976158142,53.24800137329102,0.229417085647583
observed_test,v2_2018_388_48h,,46,PCC,B,2.689500792288461,0.0,0.0,0.3637107312679291,1.149999976158142,53.24800137329102,0.229417085647583
observed_test,v2_2018_388_48h,,46,PCC,C,2.689500792288461,0.0,0.0,0.3637107312679291,1.149999976158142,53.24800137329102,0.229417085647583
observed_test,v2_2018_388_48h,,47,PCC,A,2.666340906989589,0.0,0.0,0.34759950637817383,1.149999976158142,53.24800137329102,0.24800129234790802
observed_test,v2_2018_388_48h,,47,PCC,B,2.666340906989589,0.0,0.0,0.34759950637817383,1.149999976158142,53.24800137329102,0.24800129234790802
observed_test,v2_2018_388_48h,,47,PCC,C,2.666340906989589,0.0,0.0,0.34759950637817383,1.149999976158142,53.24800137329102,0.24800129234790802
observed_test,v2_2018_475_48h,,0,PCC,A,2.6530636559638077,0.0,0.0,0.29431068897247314,1.1811249256134033,53.24800137329102,0.24150371551513672
observed_test,v2_2018_475_48h,,0,PCC,B,2.6530636559638077,0.0,0.0,0.29431068897247314,1.1811249256134033,53.24800137329102,0.24150371551513672
observed_test,v2_2018_475_48h,,0,PCC,C,2.6530636559638077,0.0,0.0,0.29431068897247314,1.1811249256134033,53.24800137329102,0.24150371551513672
observed_test,v2_2018_475_48h,,1,PCC,A,2.6815988529157266,0.0,0.0,0.3179371654987335,1.178049921989441,53.24800137329102,0.2552565932273865
observed_test,v2_2018_475_48h,,1,PCC,B,2.6815988529157266,0.0,0.0,0.3179371654987335,1.178049921989441,53.24800137329102,0.2552565932273865
observed_test,v2_2018_475_48h,,1,PCC,C,2.6815988529157266,0.0,0.0,0.3179371654987335,1.178049921989441,53.24800137329102,0.2552565932273865
observed_test,v2_2018_475_48h,,2,PCC,A,2.535885686797099,0.0,0.0,0.2232462614774704,1.1748249530792236,53.24800137329102,0.25145015120506287
observed_test,v2_2018_475_48h,,2,PCC,B,2.535885686797099,0.0,0.0,0.2232462614774704,1.1748249530792236,53.24800137329102,0.25145015120506287
observed_test,v2_2018_475_48h,,2,PCC,C,2.535885686797099,0.0,0.0,0.2232462614774704,1.1748249530792236,53.24800137329102,0.25145015120506287
observed_test,v2_2018_475_48h,,3,PCC,A,2.588935119018082,0.0,0.0,0.2633455991744995,1.1719000339508057,53.24800137329102,0.23128750920295715
observed_test,v2_2018_475_48h,,3,PCC,B,2.588935119018082,0.0,0.0,0.2633455991744995,1.1719000339508057,53.24800137329102,0.23128750920295715
observed_test,v2_2018_475_48h,,3,PCC,C,2.588935119018082,0.0,0.0,0.2633455991744995,1.1719000339508057,53.24800137329102,0.23128750920295715
observed_test,v2_2018_475_48h,,4,PCC,A,2.6467192273688434,0.0,0.0,0.3060445785522461,1.1695749759674072,53.24800137329102,0.22230955958366394
observed_test,v2_2018_475_48h,,4,PCC,B,2.6467192273688434,0.0,0.0,0.3060445785522461,1.1695749759674072,53.24800137329102,0.22230955958366394
observed_test,v2_2018_475_48h,,4,PCC,C,2.6467192273688434,0.0,0.0,0.3060445785522461,1.1695749759674072,53.24800137329102,0.22230955958366394
observed_test,v2_2018_475_48h,,5,PCC,A,2.6196129297260438,0.0,0.0,0.2850128710269928,1.171375036239624,53.24800137329102,0.22133493423461914
observed_test,v2_2018_475_48h,,5,PCC,B,2.6196129297260438,0.0,0.0,0.2850128710269928,1.171375036239624,53.24800137329102,0.22133493423461914
observed_test,v2_2018_475_48h,,5,PCC,C,2.6196129297260438,0.0,0.0,0.2850128710269928,1.171375036239624,53.24800137329102,0.22133493423461914
observed_test,v2_2018_475_48h,,6,PCC,A,2.8270164026395412,0.0,0.06037499898901352,0.4131304621696472,1.1804499626159668,53.24800137329102,0.2222871631383896
observed_test,v2_2018_475_48h,,6,PCC,B,2.8270164026395412,0.0,0.06037499898901352,0.4131304621696472,1.1804499626159668,53.24800137329102,0.2222871631383896
observed_test,v2_2018_475_48h,,6,PCC,C,2.8270164026395412,0.0,0.06037499898901352,0.4131304621696472,1.1804499626159668,53.24800137329102,0.2222871631383896
observed_test,v2_2018_475_48h,,7,PCC,A,3.109894759479428,0.0,0.2899500039907602,0.5887197852134705,1.1903499364852905,53.24800137329102,0.2206457108259201
observed_test,v2_2018_475_48h,,7,PCC,B,3.109894759479428,0.0,0.2899500039907602,0.5887197852134705,1.1903499364852905,53.24800137329102,0.2206457108259201
observed_test,v2_2018_475_48h,,7,PCC,C,3.109894759479428,0.0,0.2899500039907602,0.5887197852134705,1.1903499364852905,53.24800137329102,0.2206457108259201
observed_test,v2_2018_475_48h,,8,PCC,A,2.8713499269982687,0.0,0.5776624840039473,0.41616514325141907,1.1986749172210693,53.24800137329102,0.21722935140132904
observed_test,v2_2018_475_48h,,8,PCC,B,2.8713499269982687,0.0,0.5776624840039473,0.41616514325141907,1.1986749172210693,53.24800137329102,0.21722935140132904
observed_test,v2_2018_475_48h,,8,PCC,C,2.8713499269982687,0.0,0.5776624840039473,0.41616514325141907,1.1986749172210693,53.24800137329102,0.21722935140132904
observed_test,v2_2018_475_48h,,9,PCC,A,3.034525548218054,0.0,0.6368791827788719,0.5137431621551514,1.2060250043869019,53.24800137329102,0.21934925019741058
observed_test,v2_2018_475_48h,,9,PCC,B,3.034525548218054,0.0,0.6368791827788719,0.5137431621551514,1.2060250043869019,53.24800137329102,0.21934925019741058
observed_test,v2_2018_475_48h,,9,PCC,C,3.034525548218054,0.0,0.6368791827788719,0.5137431621551514,1.2060250043869019,53.24800137329102,0.21934925019741058
observed_test,v2_2018_475_48h,,10,PCC,A,2.821435134075261,0.0,0.6238583188790541,0.3643687963485718,1.2117249965667725,53.24800137329102,0.2243833690881729
observed_test,v2_2018_475_48h,,10,PCC,B,2.821435134075261,0.0,0.6238583188790541,0.3643687963485718,1.2117249965667725,53.24800137329102,0.2243833690881729
observed_test,v2_2018_475_48h,,10,PCC,C,2.821435134075261,0.0,0.6238583188790541,0.3643687963485718,1.2117249965667725,53.24800137329102,0.2243833690881729
observed_test,v2_2018_475_48h,,11,PCC,A,2.8240367163397573,0.0,0.9453958616806909,0.36136627197265625,1.2150999307632446,53.24800137329102,0.22723731398582458
observed_test,v2_2018_475_48h,,11,PCC,B,2.8240367163397573,0.0,0.9453958616806909,0.36136627197265625,1.2150999307632446,53.24800137329102,0.22723731398582458
observed_test,v2_2018_475_48h,,11,PCC,C,2.8240367163397573,0.0,0.9453958616806909,0.36136627197265625,1.2150999307632446,53.24800137329102,0.22723731398582458
observed_test,v2_2018_475_48h,,12,PCC,A,3.0971727822510453,0.0,1.040508311528426,0.5383059978485107,1.2169749736785889,53.24800137329102,0.22889673709869385
observed_test,v2_2018_475_48h,,12,PCC,B,3.0971727822510453,0.0,1.040508311528426,0.5383059978485107,1.2169749736785889,53.24800137329102,0.22889673709869385
observed_test,v2_2018_475_48h,,12,PCC,C,3.0971727822510453,0.0,1.040508311528426,0.5383059978485107,1.2169749736785889,53.24800137329102,0.22889673709869385
observed_test,v2_2018_475_48h,,13,PCC,A,3.1942239343118835,0.0,0.9628374989216143,0.6031783223152161,1.2163000106811523,53.24800137329102,0.22818779945373535
observed_test,v2_2018_475_48h,,13,PCC,B,3.1942239343118835,0.0,0.9628374989216143,0.6031783223152161,1.2163000106811523,53.24800137329102,0.22818779945373535
observed_test,v2_2018_475_48h,,13,PCC,C,3.1942239343118835,0.0,0.9628374989216143,0.6031783223152161,1.2163000106811523,53.24800137329102,0.22818779945373535
observed_test,v2_2018_475_48h,,14,PCC,A,3.2826641354186514,0.0,0.45389584623850304,0.6654155254364014,1.213824987411499,53.24800137329102,0.22140124440193176
observed_test,v2_2018_475_48h,,14,PCC,B,3.2826641354186514,0.0,0.45389584623850304,0.6654155254364014,1.213824987411499,53.24800137329102,0.22140124440193176
observed_test,v2_2018_475_48h,,14,PCC,C,3.2826641354186514,0.0,0.45389584623850304,0.6654155254364014,1.213824987411499,53.24800137329102,0.22140124440193176
observed_test,v2_2018_475_48h,,15,PCC,A,3.0565982681900437,0.0,0.26103332638740534,0.5210045576095581,1.210824966430664,53.24800137329102,0.21364735066890717
observed_test,v2_2018_475_48h,,15,PCC,B,3.0565982681900437,0.0,0.26103332638740534,0.5210045576095581,1.210824966430664,53.24800137329102,0.21364735066890717
observed_test,v2_2018_475_48h,,15,PCC,C,3.0565982681900437,0.0,0.26103332638740534,0.5210045576095581,1.210824966430664,53.24800137329102,0.21364735066890717
observed_test,v2_2018_475_48h,,16,PCC,A,3.1123292043195026,0.0,0.17422083765268326,0.5631123185157776,1.207450032234192,53.24800137329102,0.20802083611488342
observed_test,v2_2018_475_48h,,16,PCC,B,3.1123292043195026,0.0,0.17422083765268326,0.5631123185157776,1.207450032234192,53.24800137329102,0.20802083611488342
observed_test,v2_2018_475_48h,,16,PCC,C,3.1123292043195026,0.0,0.17422083765268326,0.5631123185157776,1.207450032234192,53.24800137329102,0.20802083611488342
observed_test,v2_2018_475_48h,,17,PCC,A,3.032546169972656,0.0,0.10158749870382822,0.5185338854789734,1.202049970626831,53.24800137329102,0.21844016015529633
observed_test,v2_2018_475_48h,,17,PCC,B,3.032546169972656,0.0,0.10158749870382822,0.5185338854789734,1.202049970626831,53.24800137329102,0.21844016015529633
observed_test,v2_2018_475_48h,,17,PCC,C,3.032546169972656,0.0,0.10158749870382822,0.5185338854789734,1.202049970626831,53.24800137329102,0.21844016015529633
observed_test,v2_2018_475_48h,,18,PCC,A,2.992085891429742,0.0,0.028370833024382588,0.501911997795105,1.1952999830245972,53.24800137329102,0.22912158071994781
observed_test,v2_2018_475_48h,,18,PCC,B,2.992085891429742,0.0,0.028370833024382588,0.501911997795105,1.1952999830245972,53.24800137329102,0.22912158071994781
observed_test,v2_2018_475_48h,,18,PCC,C,2.992085891429742,0.0,0.028370833024382588,0.501911997795105,1.1952999830245972,53.24800137329102,0.22912158071994781
observed_test,v2_2018_475_48h,,19,PCC,A,3.064334984330434,0.0,0.0,0.5692486763000488,1.1833750009536743,53.24800137329102,0.24189895391464233
observed_test,v2_2018_475_48h,,19,PCC,B,3.064334984330434,0.0,0.0,0.5692486763000488,1.1833750009536743,53.24800137329102,0.24189895391464233
observed_test,v2_2018_475_48h,,19,PCC,C,3.064334984330434,0.0,0.0,0.5692486763000488,1.1833750009536743,53.24800137329102,0.24189895391464233
observed_test,v2_2018_475_48h,,20,PCC,A,2.891967895594212,0.0,0.0,0.458400696516037,1.1796250343322754,53.24800137329102,0.2459821254014969
observed_test,v2_2018_475_48h,,20,PCC,B,2.891967895594212,0.0,0.0,0.458400696516037,1.1796250343322754,53.24800137329102,0.2459821254014969
observed_test,v2_2018_475_48h,,20,PCC,C,2.891967895594212,0.0,0.0,0.458400696516037,1.1796250343322754,53.24800137329102,0.2459821254014969
observed_test,v2_2018_475_48h,,21,PCC,A,2.798464746482774,0.0,0.0,0.39928483963012695,1.1766999959945679,53.24800137329102,0.254844069480896
observed_test,v2_2018_475_48h,,21,PCC,B,2.798464746482774,0.0,0.0,0.39928483963012695,1.1766999959945679,53.24800137329102,0.254844069480896
observed_test,v2_2018_475_48h,,21,PCC,C,2.798464746482774,0.0,0.0,0.39928483963012695,1.1766999959945679,53.24800137329102,0.254844069480896
observed_test,v2_2018_475_48h,,22,PCC,A,2.7410484616485786,0.0,0.0,0.3637107312679291,1.174299955368042,53.24800137329102,0.2803404927253723
observed_test,v2_2018_475_48h,,22,PCC,B,2.7410484616485786,0.0,0.0,0.3637107312679291,1.174299955368042,53.24800137329102,0.2803404927253723
observed_test,v2_2018_475_48h,,22,PCC,C,2.7410484616485786,0.0,0.0,0.3637107312679291,1.174299955368042,53.24800137329102,0.2803404927253723
observed_test,v2_2018_475_48h,,23,PCC,A,2.7121987634461107,0.0,0.0,0.34759950637817383,1.1718249320983887,53.24800137329102,0.301544725894928
observed_test,v2_2018_475_48h,,23,PCC,B,2.7121987634461107,0.0,0.0,0.34759950637817383,1.1718249320983887,53.24800137329102,0.301544725894928
observed_test,v2_2018_475_48h,,23,PCC,C,2.7121987634461107,0.0,0.0,0.34759950637817383,1.1718249320983887,53.24800137329102,0.301544725894928
observed_test,v2_2018_475_48h,,24,PCC,A,2.627275818060358,0.0,0.0,0.29431068897247314,1.1684499979019165,53.24800137329102,0.3112027049064636
observed_test,v2_2018_475_48h,,24,PCC,B,2.627275818060358,0.0,0.0,0.29431068897247314,1.1684499979019165,53.24800137329102,0.3112027049064636
observed_test,v2_2018_475_48h,,24,PCC,C,2.627275818060358,0.0,0.0,0.29431068897247314,1.1684499979019165,53.24800137329102,0.3112027049064636
observed_test,v2_2018_475_48h,,25,PCC,A,2.654353043619182,0.0,0.0,0.3179371654987335,1.1648499965667725,53.24800137329102,0.31398385763168335
observed_test,v2_2018_475_48h,,25,PCC,B,2.654353043619182,0.0,0.0,0.3179371654987335,1.1648499965667725,53.24800137329102,0.31398385763168335
observed_test,v2_2018_475_48h,,25,PCC,C,2.654353043619182,0.0,0.0,0.3179371654987335,1.1648499965667725,53.24800137329102,0.31398385763168335
observed_test,v2_2018_475_48h,,26,PCC,A,2.5102022685896617,0.0,0.0,0.2232462614774704,1.1616250276565552,53.24800137329102,0.3048606812953949
observed_test,v2_2018_475_48h,,26,PCC,B,2.5102022685896617,0.0,0.0,0.2232462614774704,1.1616250276565552,53.24800137329102,0.3048606812953949
observed_test,v2_2018_475_48h,,26,PCC,C,2.5102022685896617,0.0,0.0,0.2232462614774704,1.1616250276565552,53.24800137329102,0.3048606812953949
observed_test,v2_2018_475_48h,,27,PCC,A,2.5633383355179284,0.0,0.0,0.2633455991744995,1.1590750217437744,53.24800137329102,0.29333972930908203
observed_test,v2_2018_475_48h,,27,PCC,B,2.5633383355179284,0.0,0.0,0.2633455991744995,1.1590750217437744,53.24800137329102,0.29333972930908203
observed_test,v2_2018_475_48h,,27,PCC,C,2.5633383355179284,0.0,0.0,0.2633455991744995,1.1590750217437744,53.24800137329102,0.29333972930908203
observed_test,v2_2018_475_48h,,28,PCC,A,2.6216674183795305,0.0,0.0,0.3060445785522461,1.157349944114685,53.24800137329102,0.2601999342441559
observed_test,v2_2018_475_48h,,28,PCC,B,2.6216674183795305,0.0,0.0,0.3060445785522461,1.157349944114685,53.24800137329102,0.2601999342441559
observed_test,v2_2018_475_48h,,28,PCC,C,2.6216674183795305,0.0,0.0,0.3060445785522461,1.157349944114685,53.24800137329102,0.2601999342441559
observed_test,v2_2018_475_48h,,29,PCC,A,2.597916932709332,0.0,0.0,0.2850128710269928,1.1606500148773193,53.24800137329102,0.24825310707092285
observed_test,v2_2018_475_48h,,29,PCC,B,2.597916932709332,0.0,0.0,0.2850128710269928,1.1606500148773193,53.24800137329102,0.24825310707092285
observed_test,v2_2018_475_48h,,29,PCC,C,2.597916932709332,0.0,0.0,0.2850128710269928,1.1606500148773193,53.24800137329102,0.24825310707092285
observed_test,v2_2018_475_48h,,30,PCC,A,2.807205114685619,0.0,0.05938333387558276,0.4131304621696472,1.171375036239624,53.24800137329102,0.23572802543640137
observed_test,v2_2018_475_48h,,30,PCC,B,2.807205114685619,0.0,0.05938333387558276,0.4131304621696472,1.171375036239624,53.24800137329102,0.23572802543640137
observed_test,v2_2018_475_48h,,30,PCC,C,2.807205114685619,0.0,0.05938333387558276,0.4131304621696472,1.171375036239624,53.24800137329102,0.23572802543640137
observed_test,v2_2018_475_48h,,31,PCC,A,3.0952993959040374,0.0,0.293970824434207,0.5887197852134705,1.1842750310897827,53.24800137329102,0.2278219312429428
observed_test,v2_2018_475_48h,,31,PCC,B,3.0952993959040374,0.0,0.293970824434207,0.5887197852134705,1.1842750310897827,53.24800137329102,0.2278219312429428
observed_test,v2_2018_475_48h,,31,PCC,C,3.0952993959040374,0.0,0.293970824434207,0.5887197852134705,1.1842750310897827,53.24800137329102,0.2278219312429428
observed_test,v2_2018_475_48h,,32,PCC,A,2.8721700753183677,0.0,0.5861375194329481,0.41616514325141907,1.199049949645996,53.24800137329102,0.22451649606227875
observed_test,v2_2018_475_48h,,32,PCC,B,2.8721700753183677,0.0,0.5861375194329481,0.41616514325141907,1.199049949645996,53.24800137329102,0.22451649606227875
observed_test,v2_2018_475_48h,,32,PCC,C,2.8721700753183677,0.0,0.5861375194329481,0.41616514325141907,1.199049949645996,53.24800137329102,0.22451649606227875
observed_test,v2_2018_475_48h,,33,PCC,A,3.0402399948520085,0.0,0.824854179070546,0.5137431621551514,1.2085000276565552,53.24800137329102,0.22739911079406738
observed_test,v2_2018_475_48h,,33,PCC,B,3.0402399948520085,0.0,0.824854179070546,0.5137431621551514,1.2085000276565552,53.24800137329102,0.22739911079406738
observed_test,v2_2018_475_48h,,33,PCC,C,3.0402399948520085,0.0,0.824854179070546,0.5137431621551514,1.2085000276565552,53.24800137329102,0.22739911079406738
observed_test,v2_2018_475_48h,,34,PCC,A,2.827005694902456,0.0,0.9852917148516728,0.3643687963485718,1.2143499851226807,53.24800137329102,0.2333221286535263
observed_test,v2_2018_475_48h,,34,PCC,B,2.827005694902456,0.0,0.9852917148516728,0.3643687963485718,1.2143499851226807,53.24800137329102,0.2333221286535263
observed_test,v2_2018_475_48h,,34,PCC,C,2.827005694902456,0.0,0.9852917148516728,0.3643687963485718,1.2143499851226807,53.24800137329102,0.2333221286535263
observed_test,v2_2018_475_48h,,35,PCC,A,2.829120901217872,0.0,1.0149708160987265,0.36136627197265625,1.2174999713897705,53.24800137329102,0.23899239301681519
observed_test,v2_2018_475_48h,,35,PCC,B,2.829120901217872,0.0,1.0149708160987265,0.36136627197265625,1.2174999713897705,53.24800137329102,0.23899239301681519
observed_test,v2_2018_475_48h,,35,PCC,C,2.829120901217872,0.0,1.0149708160987265,0.36136627197265625,1.2174999713897705,53.24800137329102,0.23899239301681519
observed_test,v2_2018_475_48h,,36,PCC,A,3.1029632208723874,0.0,0.9539624819388756,0.5383059978485107,1.2194499969482422,53.24800137329102,0.2420308142900467
observed_test,v2_2018_475_48h,,36,PCC,B,3.1029632208723874,0.0,0.9539624819388756,0.5383059978485107,1.2194499969482422,53.24800137329102,0.2420308142900467
observed_test,v2_2018_475_48h,,36,PCC,C,3.1029632208723874,0.0,0.9539624819388756,0.5383059978485107,1.2194499969482422,53.24800137329102,0.2420308142900467
observed_test,v2_2018_475_48h,,37,PCC,A,3.203845769759127,0.0,0.9417083400946397,0.6031783223152161,1.2202749252319336,53.24800137329102,0.24318714439868927
observed_test,v2_2018_475_48h,,37,PCC,B,3.203845769759127,0.0,0.9417083400946397,0.6031783223152161,1.2202749252319336,53.24800137329102,0.24318714439868927
observed_test,v2_2018_475_48h,,37,PCC,C,3.203845769759127,0.0,0.9417083400946397,0.6031783223152161,1.2202749252319336,53.24800137329102,0.24318714439868927
observed_test,v2_2018_475_48h,,38,PCC,A,3.2989665299180757,0.0,0.8284708055166097,0.6654155254364014,1.2203500270843506,53.24800137329102,0.254604309797287
observed_test,v2_2018_475_48h,,38,PCC,B,3.2989665299180757,0.0,0.8284708055166097,0.6654155254364014,1.2203500270843506,53.24800137329102,0.254604309797287
observed_test,v2_2018_475_48h,,38,PCC,C,3.2989665299180757,0.0,0.8284708055166097,0.6654155254364014,1.2203500270843506,53.24800137329102,0.254604309797287
observed_test,v2_2018_475_48h,,39,PCC,A,3.074851827224464,0.0,0.4265916748688771,0.5210045576095581,1.2186999320983887,53.24800137329102,0.2590092718601227
observed_test,v2_2018_475_48h,,39,PCC,B,3.074851827224464,0.0,0.4265916748688771,0.5210045576095581,1.2186999320983887,53.24800137329102,0.2590092718601227
observed_test,v2_2018_475_48h,,39,PCC,C,3.074851827224464,0.0,0.4265916748688771,0.5210045576095581,1.2186999320983887,53.24800137329102,0.2590092718601227
observed_test,v2_2018_475_48h,,40,PCC,A,3.131175010452678,0.0,0.22111666890291068,0.5631123185157776,1.215399980545044,53.24800137329102,0.2726680636405945
observed_test,v2_2018_475_48h,,40,PCC,B,3.131175010452678,0.0,0.22111666890291068,0.5631123185157776,1.215399980545044,53.24800137329102,0.2726680636405945
observed_test,v2_2018_475_48h,,40,PCC,C,3.131175010452678,0.0,0.22111666890291068,0.5631123185157776,1.215399980545044,53.24800137329102,0.2726680636405945
observed_test,v2_2018_475_48h,,41,PCC,A,3.0462616988745648,0.0,0.11507916765717359,0.5185338854789734,1.2079750299453735,53.24800137329102,0.2878139019012451
observed_test,v2_2018_475_48h,,41,PCC,B,3.0462616988745648,0.0,0.11507916765717359,0.5185338854789734,1.2079750299453735,53.24800137329102,0.2878139019012451
observed_test,v2_2018_475_48h,,41,PCC,C,3.0462616988745648,0.0,0.11507916765717359,0.5185338854789734,1.2079750299453735,53.24800137329102,0.2878139019012451
observed_test,v2_2018_475_48h,,42,PCC,A,3.001892901844878,0.0,0.0159541664358515,0.501911997795105,1.1995749473571777,53.24800137329102,0.29619458317756653
observed_test,v2_2018_475_48h,,42,PCC,B,3.001892901844878,0.0,0.0159541664358515,0.501911997795105,1.1995749473571777,53.24800137329102,0.29619458317756653
observed_test,v2_2018_475_48h,,42,PCC,C,3.001892901844878,0.0,0.0159541664358515,0.501911997795105,1.1995749473571777,53.24800137329102,0.29619458317756653
observed_test,v2_2018_475_48h,,43,PCC,A,3.073788518979929,0.0,0.0,0.5692486763000488,1.1873500347137451,53.24800137329102,0.3040914833545685
observed_test,v2_2018_475_48h,,43,PCC,B,3.073788518979929,0.0,0.0,0.5692486763000488,1.1873500347137451,53.24800137329102,0.3040914833545685
observed_test,v2_2018_475_48h,,43,PCC,C,3.073788518979929,0.0,0.0,0.5692486763000488,1.1873500347137451,53.24800137329102,0.3040914833545685
observed_test,v2_2018_475_48h,,44,PCC,A,2.89583122897025,0.0,0.0,0.458400696516037,1.1813499927520752,53.24800137329102,0.29918941855430603
observed_test,v2_2018_475_48h,,44,PCC,B,2.89583122897025,0.0,0.0,0.458400696516037,1.1813499927520752,53.24800137329102,0.29918941855430603
observed_test,v2_2018_475_48h,,44,PCC,C,2.89583122897025,0.0,0.0,0.458400696516037,1.1813499927520752,53.24800137329102,0.29918941855430603
observed_test,v2_2018_475_48h,,45,PCC,A,2.796515485770229,0.0,0.0,0.39928483963012695,1.1757999658584595,53.24800137329102,0.2978053689002991
observed_test,v2_2018_475_48h,,45,PCC,B,2.796515485770229,0.0,0.0,0.39928483963012695,1.1757999658584595,53.24800137329102,0.2978053689002991
observed_test,v2_2018_475_48h,,45,PCC,C,2.796515485770229,0.0,0.0,0.39928483963012695,1.1757999658584595,53.24800137329102,0.2978053689002991
observed_test,v2_2018_475_48h,,46,PCC,A,2.735957496152791,0.0,0.0,0.3637107312679291,1.1719000339508057,53.24800137329102,0.29706329107284546
observed_test,v2_2018_475_48h,,46,PCC,B,2.735957496152791,0.0,0.0,0.3637107312679291,1.1719000339508057,53.24800137329102,0.29706329107284546
observed_test,v2_2018_475_48h,,46,PCC,C,2.735957496152791,0.0,0.0,0.3637107312679291,1.1719000339508057,53.24800137329102,0.29706329107284546
observed_test,v2_2018_475_48h,,47,PCC,A,2.7074712320105143,0.0,0.0,0.34759950637817383,1.1695749759674072,53.24800137329102,0.2957090437412262
observed_test,v2_2018_475_48h,,47,PCC,B,2.7074712320105143,0.0,0.0,0.34759950637817383,1.1695749759674072,53.24800137329102,0.2957090437412262
observed_test,v2_2018_475_48h,,47,PCC,C,2.7074712320105143,0.0,0.0,0.34759950637817383,1.1695749759674072,53.24800137329102,0.2957090437412262
observed_test,v2_2018_477_48h,,0,PCC,A,2.627275818060358,0.0,0.0,0.29431068897247314,1.1684499979019165,53.24800137329102,0.36483490467071533
observed_test,v2_2018_477_48h,,0,PCC,B,2.627275818060358,0.0,0.0,0.29431068897247314,1.1684499979019165,53.24800137329102,0.36483490467071533
observed_test,v2_2018_477_48h,,0,PCC,C,2.627275818060358,0.0,0.0,0.29431068897247314,1.1684499979019165,53.24800137329102,0.36483490467071533
observed_test,v2_2018_477_48h,,1,PCC,A,2.655127143593416,0.0,0.0,0.3179371654987335,1.1652250289916992,34.72425106811524,0.36075425148010254
observed_test,v2_2018_477_48h,,1,PCC,B,2.655127143593416,0.0,0.0,0.3179371654987335,1.1652250289916992,34.72425106811524,0.36075425148010254
observed_test,v2_2018_477_48h,,1,PCC,C,2.655127143593416,0.0,0.0,0.3179371654987335,1.1652250289916992,34.72425106811524,0.36075425148010254
observed_test,v2_2018_477_48h,,2,PCC,A,2.5107858508509473,0.0,0.0,0.2232462614774704,1.161924958229065,34.72425106811524,0.35972312092781067
observed_test,v2_2018_477_48h,,2,PCC,B,2.5107858508509473,0.0,0.0,0.2232462614774704,1.161924958229065,34.72425106811524,0.35972312092781067
observed_test,v2_2018_477_48h,,2,PCC,C,2.5107858508509473,0.0,0.0,0.2232462614774704,1.161924958229065,34.72425106811524,0.35972312092781067
observed_test,v2_2018_477_48h,,3,PCC,A,2.5630387895777638,0.0,0.0,0.2633455991744995,1.15892493724823,34.72425106811524,0.358291894197464
observed_test,v2_2018_477_48h,,3,PCC,B,2.5630387895777638,0.0,0.0,0.2633455991744995,1.15892493724823,34.72425106811524,0.358291894197464
observed_test,v2_2018_477_48h,,3,PCC,C,2.5630387895777638,0.0,0.0,0.2633455991744995,1.15892493724823,34.72425106811524,0.358291894197464
observed_test,v2_2018_477_48h,,4,PCC,A,2.619362088139629,0.0,0.0,0.3060445785522461,1.1562249660491943,34.72425106811524,0.33894482254981995
observed_test,v2_2018_477_48h,,4,PCC,B,2.619362088139629,0.0,0.0,0.3060445785522461,1.1562249660491943,34.72425106811524,0.33894482254981995
observed_test,v2_2018_477_48h,,4,PCC,C,2.619362088139629,0.0,0.0,0.3060445785522461,1.1562249660491943,34.72425106811524,0.33894482254981995
observed_test,v2_2018_477_48h,,5,PCC,A,2.5919997768450354,0.0,0.0,0.2850128710269928,1.1577249765396118,34.72425106811524,0.3224259614944458
observed_test,v2_2018_477_48h,,5,PCC,B,2.5919997768450354,0.0,0.0,0.2850128710269928,1.1577249765396118,34.72425106811524,0.3224259614944458
observed_test,v2_2018_477_48h,,5,PCC,C,2.5919997768450354,0.0,0.0,0.2850128710269928,1.1577249765396118,34.72425106811524,0.3224259614944458
observed_test,v2_2018_477_48h,,6,PCC,A,2.7970535407094927,0.0,0.0572958316367406,0.4131304621696472,1.1667249202728271,53.24800137329102,0.30066433548927307
observed_test,v2_2018_477_48h,,6,PCC,B,2.7970535407094927,0.0,0.0572958316367406,0.4131304621696472,1.1667249202728271,53.24800137329102,0.30066433548927307
observed_test,v2_2018_477_48h,,6,PCC,C,2.7970535407094927,0.0,0.0572958316367406,0.4131304621696472,1.1667249202728271,53.24800137329102,0.30066433548927307
observed_test,v2_2018_477_48h,,7,PCC,A,3.08034315795453,0.0,0.29245832791695225,0.5887197852134705,1.178049921989441,53.24800137329102,0.28425970673561096
observed_test,v2_2018_477_48h,,7,PCC,B,3.08034315795453,0.0,0.29245832791695225,0.5887197852134705,1.178049921989441,53.24800137329102,0.28425970673561096
observed_test,v2_2018_477_48h,,7,PCC,C,3.08034315795453,0.0,0.29245832791695225,0.5887197852134705,1.178049921989441,53.24800137329102,0.28425970673561096
observed_test,v2_2018_477_48h,,8,PCC,A,2.8595409382494297,0.0,0.5777083337306975,0.41616514325141907,1.193274974822998,53.24800137329102,0.27591580152511597
observed_test,v2_2018_477_48h,,8,PCC,B,2.8595409382494297,0.0,0.5777083337306975,0.41616514325141907,1.193274974822998,53.24800137329102,0.27591580152511597
observed_test,v2_2018_477_48h,,8,PCC,C,2.8595409382494297,0.0,0.5777083337306975,0.41616514325141907,1.193274974822998,53.24800137329102,0.27591580152511597
observed_test,v2_2018_477_48h,,9,PCC,A,3.0310622555682585,0.0,0.8148250098411852,0.5137431621551514,1.2045249938964844,53.24800137329102,0.27366191148757935
observed_test,v2_2018_477_48h,,9,PCC,B,3.0310622555682585,0.0,0.8148250098411852,0.5137431621551514,1.2045249938964844,53.24800137329102,0.27366191148757935
observed_test,v2_2018_477_48h,,9,PCC,C,3.0310622555682585,0.0,0.8148250098411852,0.5137431621551514,1.2045249938964844,53.24800137329102,0.27366191148757935
observed_test,v2_2018_477_48h,,10,PCC,A,2.8131587277163823,0.0,0.9374458056229811,0.3643687963485718,1.207824945449829,53.24800137329102,0.2816779613494873
observed_test,v2_2018_477_48h,,10,PCC,B,2.8131587277163823,0.0,0.9374458056229811,0.3643687963485718,1.207824945449829,53.24800137329102,0.2816779613494873
observed_test,v2_2018_477_48h,,10,PCC,C,2.8131587277163823,0.0,0.9374458056229811,0.3643687963485718,1.207824945449829,53.24800137329102,0.2816779613494873
observed_test,v2_2018_477_48h,,11,PCC,A,2.811644315578633,0.0,0.9740832906502943,0.36136627197265625,1.2092499732971191,53.24800137329102,0.3064112663269043
observed_test,v2_2018_477_48h,,11,PCC,B,2.811644315578633,0.0,0.9740832906502943,0.36136627197265625,1.2092499732971191,53.24800137329102,0.3064112663269043
observed_test,v2_2018_477_48h,,11,PCC,C,2.811644315578633,0.0,0.9740832906502943,0.36136627197265625,1.2092499732971191,53.24800137329102,0.3064112663269043
observed_test,v2_2018_477_48h,,12,PCC,A,3.0840127958919936,0.0,1.0060750521146333,0.5383059978485107,1.2113499641418457,53.24800137329102,0.3105011582374573
observed_test,v2_2018_477_48h,,12,PCC,B,3.0840127958919936,0.0,1.0060750521146333,0.5383059978485107,1.2113499641418457,53.24800137329102,0.3105011582374573
observed_test,v2_2018_477_48h,,12,PCC,C,3.0840127958919936,0.0,1.0060750521146333,0.5383059978485107,1.2113499641418457,53.24800137329102,0.3105011582374573
observed_test,v2_2018_477_48h,,13,PCC,A,3.189866637189361,0.0,0.7865708607893723,0.6031783223152161,1.2144999504089355,53.24800137329102,0.29495617747306824
observed_test,v2_2018_477_48h,,13,PCC,B,3.189866637189361,0.0,0.7865708607893723,0.6031783223152161,1.2144999504089355,53.24800137329102,0.29495617747306824
observed_test,v2_2018_477_48h,,13,PCC,C,3.189866637189361,0.0,0.7865708607893723,0.6031783223152161,1.2144999504089355,53.24800137329102,0.29495617747306824
observed_test,v2_2018_477_48h,,14,PCC,A,3.289222501519158,0.0,0.7577416415397936,0.6654155254364014,1.2164499759674072,53.24800137329102,0.27724555134773254
observed_test,v2_2018_477_48h,,14,PCC,B,3.289222501519158,0.0,0.7577416415397936,0.6654155254364014,1.2164499759674072,53.24800137329102,0.27724555134773254
observed_test,v2_2018_477_48h,,14,PCC,C,3.289222501519158,0.0,0.7577416415397936,0.6654155254364014,1.2164499759674072,53.24800137329102,0.27724555134773254
observed_test,v2_2018_477_48h,,15,PCC,A,3.0692889957003806,0.0,0.7155875173898844,0.5210045576095581,1.2163000106811523,53.24800137329102,0.27965736389160156
observed_test,v2_2018_477_48h,,15,PCC,B,3.0692889957003806,0.0,0.7155875173898844,0.5210045576095581,1.2163000106811523,53.24800137329102,0.27965736389160156
observed_test,v2_2018_477_48h,,15,PCC,C,3.0692889957003806,0.0,0.7155875173898844,0.5210045576095581,1.2163000106811523,53.24800137329102,0.27965736389160156
observed_test,v2_2018_477_48h,,16,PCC,A,3.1285081857517714,0.0,0.5151374981953547,0.5631123185157776,1.2142750024795532,53.24800137329102,0.2869911193847656
observed_test,v2_2018_477_48h,,16,PCC,B,3.1285081857517714,0.0,0.5151374981953547,0.5631123185157776,1.2142750024795532,53.24800137329102,0.2869911193847656
observed_test,v2_2018_477_48h,,16,PCC,C,3.1285081857517714,0.0,0.5151374981953547,0.5631123185157776,1.2142750024795532,53.24800137329102,0.2869911193847656
observed_test,v2_2018_477_48h,,17,PCC,A,3.0493865534967246,0.0,0.29370833474856156,0.5185338854789734,1.2093249559402466,53.24800137329102,0.2951517403125763
observed_test,v2_2018_477_48h,,17,PCC,B,3.0493865534967246,0.0,0.29370833474856156,0.5185338854789734,1.2093249559402466,53.24800137329102,0.2951517403125763
observed_test,v2_2018_477_48h,,17,PCC,C,3.0493865534967246,0.0,0.29370833474856156,0.5185338854789734,1.2093249559402466,53.24800137329102,0.2951517403125763
observed_test,v2_2018_477_48h,,18,PCC,A,3.007054702173528,0.0,0.0662958321089928,0.501911997795105,1.2018250226974487,121.88174847412108,0.3107438087463379
observed_test,v2_2018_477_48h,,18,PCC,B,3.007054702173528,0.0,0.0662958321089928,0.501911997795105,1.2018250226974487,121.88174847412108,0.3107438087463379
observed_test,v2_2018_477_48h,,18,PCC,C,3.007054702173528,0.0,0.0662958321089928,0.501911997795105,1.2018250226974487,121.88174847412108,0.3107438087463379
observed_test,v2_2018_477_48h,,19,PCC,A,3.0887712869858226,0.0,0.0,0.5692486763000488,1.1936500072479248,121.88174847412108,0.3241565525531769
observed_test,v2_2018_477_48h,,19,PCC,B,3.0887712869858226,0.0,0.0,0.5692486763000488,1.1936500072479248,121.88174847412108,0.3241565525531769
observed_test,v2_2018_477_48h,,19,PCC,C,3.0887712869858226,0.0,0.0,0.5692486763000488,1.1936500072479248,121.88174847412108,0.3241565525531769
observed_test,v2_2018_477_48h,,20,PCC,A,2.9153163660204675,0.0,0.0,0.458400696516037,1.1900500059127808,121.88174847412108,0.3228759467601776
observed_test,v2_2018_477_48h,,20,PCC,B,2.9153163660204675,0.0,0.0,0.458400696516037,1.1900500059127808,121.88174847412108,0.3228759467601776
observed_test,v2_2018_477_48h,,20,PCC,C,2.9153163660204675,0.0,0.0,0.458400696516037,1.1900500059127808,121.88174847412108,0.3228759467601776
observed_test,v2_2018_477_48h,,21,PCC,A,2.818768814061144,0.0,0.0,0.39928483963012695,1.18607497215271,53.24800137329102,0.3177696466445923
observed_test,v2_2018_477_48h,,21,PCC,B,2.818768814061144,0.0,0.0,0.39928483963012695,1.18607497215271,53.24800137329102,0.3177696466445923
observed_test,v2_2018_477_48h,,21,PCC,C,2.818768814061144,0.0,0.0,0.39928483963012695,1.18607497215271,53.24800137329102,0.3177696466445923
observed_test,v2_2018_477_48h,,22,PCC,A,2.757912980271373,0.0,0.0,0.3637107312679291,1.1822500228881836,53.24800137329102,0.319837749004364
observed_test,v2_2018_477_48h,,22,PCC,B,2.757912980271373,0.0,0.0,0.3637107312679291,1.1822500228881836,53.24800137329102,0.319837749004364
observed_test,v2_2018_477_48h,,22,PCC,C,2.757912980271373,0.0,0.0,0.3637107312679291,1.1822500228881836,53.24800137329102,0.319837749004364
observed_test,v2_2018_477_48h,,23,PCC,A,2.7266969606780265,0.0,0.0,0.34759950637817383,1.178725004196167,53.24800137329102,0.32414963841438293
observed_test,v2_2018_477_48h,,23,PCC,B,2.7266969606780265,0.0,0.0,0.34759950637817383,1.178725004196167,53.24800137329102,0.32414963841438293
observed_test,v2_2018_477_48h,,23,PCC,C,2.7266969606780265,0.0,0.0,0.34759950637817383,1.178725004196167,53.24800137329102,0.32414963841438293
observed_test,v2_2018_477_48h,,24,PCC,A,2.642840200113291,0.0,0.0,0.29431068897247314,1.1761000156402588,53.24800137329102,0.33228906989097595
observed_test,v2_2018_477_48h,,24,PCC,B,2.642840200113291,0.0,0.0,0.29431068897247314,1.1761000156402588,53.24800137329102,0.33228906989097595
observed_test,v2_2018_477_48h,,24,PCC,C,2.642840200113291,0.0,0.0,0.29431068897247314,1.1761000156402588,53.24800137329102,0.33228906989097595
observed_test,v2_2018_477_48h,,25,PCC,A,2.673549049782524,0.0,0.0,0.3179371654987335,1.174149990081787,34.72425106811524,0.33377763628959656
observed_test,v2_2018_477_48h,,25,PCC,B,2.673549049782524,0.0,0.0,0.3179371654987335,1.174149990081787,34.72425106811524,0.33377763628959656
observed_test,v2_2018_477_48h,,25,PCC,C,2.673549049782524,0.0,0.0,0.3179371654987335,1.174149990081787,34.72425106811524,0.33377763628959656
observed_test,v2_2018_477_48h,,26,PCC,A,2.5323834973840813,0.0,0.0,0.2232462614774704,1.1730250120162964,34.72425106811524,0.33147165179252625
observed_test,v2_2018_477_48h,,26,PCC,B,2.5323834973840813,0.0,0.0,0.2232462614774704,1.1730250120162964,34.72425106811524,0.33147165179252625
observed_test,v2_2018_477_48h,,26,PCC,C,2.5323834973840813,0.0,0.0,0.2232462614774704,1.1730250120162964,34.72425106811524,0.33147165179252625
observed_test,v2_2018_477_48h,,27,PCC,A,2.589833043067472,0.0,0.0,0.2633455991744995,1.1723499298095703,34.72425106811524,0.32121407985687256
observed_test,v2_2018_477_48h,,27,PCC,B,2.589833043067472,0.0,0.0,0.2633455991744995,1.1723499298095703,34.72425106811524,0.32121407985687256
observed_test,v2_2018_477_48h,,27,PCC,C,2.589833043067472,0.0,0.0,0.2633455991744995,1.1723499298095703,34.72425106811524,0.32121407985687256
observed_test,v2_2018_477_48h,,28,PCC,A,2.6490245576087452,0.0,0.0,0.3060445785522461,1.170699954032898,34.72425106811524,0.2928297519683838
observed_test,v2_2018_477_48h,,28,PCC,B,2.6490245576087452,0.0,0.0,0.3060445785522461,1.170699954032898,34.72425106811524,0.2928297519683838
observed_test,v2_2018_477_48h,,28,PCC,C,2.6490245576087452,0.0,0.0,0.3060445785522461,1.170699954032898,34.72425106811524,0.2928297519683838
observed_test,v2_2018_477_48h,,29,PCC,A,2.619005949194176,0.0,0.0,0.2850128710269928,1.1710749864578247,34.72425106811524,0.2800494432449341
observed_test,v2_2018_477_48h,,29,PCC,B,2.619005949194176,0.0,0.0,0.2850128710269928,1.1710749864578247,34.72425106811524,0.2800494432449341
observed_test,v2_2018_477_48h,,29,PCC,C,2.619005949194176,0.0,0.0,0.2850128710269928,1.1710749864578247,34.72425106811524,0.2800494432449341
observed_test,v2_2018_477_48h,,30,PCC,A,2.8211221502045203,0.0,0.05626250058412551,0.4131304621696472,1.1777499914169312,53.24800137329102,0.2751381993293762
observed_test,v2_2018_477_48h,,30,PCC,B,2.8211221502045203,0.0,0.05626250058412551,0.4131304621696472,1.1777499914169312,53.24800137329102,0.2751381993293762
observed_test,v2_2018_477_48h,,30,PCC,C,2.8211221502045203,0.0,0.05626250058412551,0.4131304621696472,1.1777499914169312,53.24800137329102,0.2751381993293762
observed_test,v2_2018_477_48h,,31,PCC,A,3.1062908846782284,0.0,0.2860583364963531,0.5887197852134705,1.188849925994873,53.24800137329102,0.273440420627594
observed_test,v2_2018_477_48h,,31,PCC,B,3.1062908846782284,0.0,0.2860583364963531,0.5887197852134705,1.188849925994873,53.24800137329102,0.273440420627594
observed_test,v2_2018_477_48h,,31,PCC,C,3.1062908846782284,0.0,0.2860583364963531,0.5887197852134705,1.188849925994873,53.24800137329102,0.273440420627594
observed_test,v2_2018_477_48h,,32,PCC,A,2.881026947227791,0.0,0.5808708186332996,0.41616514325141907,1.2030999660491943,53.24800137329102,0.2749433219432831
observed_test,v2_2018_477_48h,,32,PCC,B,2.881026947227791,0.0,0.5808708186332996,0.41616514325141907,1.2030999660491943,53.24800137329102,0.2749433219432831
observed_test,v2_2018_477_48h,,32,PCC,C,2.881026947227791,0.0,0.5808708186332996,0.41616514325141907,1.2030999660491943,53.24800137329102,0.2749433219432831
observed_test,v2_2018_477_48h,,33,PCC,A,3.051322366189846,0.0,0.835704173033054,0.5137431621551514,1.2132999897003174,53.24800137329102,0.2761172354221344
observed_test,v2_2018_477_48h,,33,PCC,B,3.051322366189846,0.0,0.835704173033054,0.5137431621551514,1.2132999897003174,53.24800137329102,0.2761172354221344
observed_test,v2_2018_477_48h,,33,PCC,C,3.051322366189846,0.0,0.835704173033054,0.5137431621551514,1.2132999897003174,53.24800137329102,0.2761172354221344
observed_test,v2_2018_477_48h,,34,PCC,A,2.8381468165568458,0.0,1.0165458688369162,0.3643687963485718,1.219599962234497,53.24800137329102,0.280690461397171
observed_test,v2_2018_477_48h,,34,PCC,B,2.8381468165568458,0.0,1.0165458688369162,0.3643687963485718,1.219599962234497,53.24800137329102,0.280690461397171
observed_test,v2_2018_477_48h,,34,PCC,C,2.8381468165568458,0.0,1.0165458688369162,0.3643687963485718,1.219599962234497,53.24800137329102,0.280690461397171
observed_test,v2_2018_477_48h,,35,PCC,A,2.8427845375959655,0.0,1.1189333521402798,0.36136627197265625,1.2239500284194946,53.24800137329102,0.28519904613494873
observed_test,v2_2018_477_48h,,35,PCC,B,2.8427845375959655,0.0,1.1189333521402798,0.36136627197265625,1.2239500284194946,53.24800137329102,0.28519904613494873
observed_test,v2_2018_477_48h,,35,PCC,C,2.8427845375959655,0.0,1.1189333521402798,0.36136627197265625,1.2239500284194946,53.24800137329102,0.28519904613494873
observed_test,v2_2018_477_48h,,36,PCC,A,3.1208608134765377,0.0,1.088020778619326,0.5383059978485107,1.2271000146865845,53.24800137329102,0.2889251112937927
observed_test,v2_2018_477_48h,,36,PCC,B,3.1208608134765377,0.0,1.088020778619326,0.5383059978485107,1.2271000146865845,53.24800137329102,0.2889251112937927
observed_test,v2_2018_477_48h,,36,PCC,C,3.1208608134765377,0.0,1.088020778619326,0.5383059978485107,1.2271000146865845,53.24800137329102,0.2889251112937927
observed_test,v2_2018_477_48h,,37,PCC,A,3.2241793420596916,0.0,1.042191684246063,0.6031783223152161,1.2286750078201294,53.24800137329102,0.2811610698699951
observed_test,v2_2018_477_48h,,37,PCC,B,3.2241793420596916,0.0,1.042191684246063,0.6031783223152161,1.2286750078201294,53.24800137329102,0.2811610698699951
observed_test,v2_2018_477_48h,,37,PCC,C,3.2241793420596916,0.0,1.042191684246063,0.6031783223152161,1.2286750078201294,53.24800137329102,0.2811610698699951
observed_test,v2_2018_477_48h,,38,PCC,A,3.3199533014396962,0.0,1.0020332840772774,0.6654155254364014,1.2287499904632568,53.24800137329102,0.2821037173271179
observed_test,v2_2018_477_48h,,38,PCC,B,3.3199533014396962,0.0,1.0020332840772774,0.6654155254364014,1.2287499904632568,53.24800137329102,0.2821037173271179
observed_test,v2_2018_477_48h,,38,PCC,C,3.3199533014396962,0.0,1.0020332840772774,0.6654155254364014,1.2287499904632568,53.24800137329102,0.2821037173271179
observed_test,v2_2018_477_48h,,39,PCC,A,3.0943225665123903,0.0,0.8216750163298386,0.5210045576095581,1.2271000146865845,53.24800137329102,0.28912773728370667
observed_test,v2_2018_477_48h,,39,PCC,B,3.0943225665123903,0.0,0.8216750163298386,0.5210045576095581,1.2271000146865845,53.24800137329102,0.28912773728370667
observed_test,v2_2018_477_48h,,39,PCC,C,3.0943225665123903,0.0,0.8216750163298386,0.5210045576095581,1.2271000146865845,53.24800137329102,0.28912773728370667
observed_test,v2_2018_477_48h,,40,PCC,A,3.154465712815648,0.0,0.568649975153116,0.5631123185157776,1.2252249717712402,53.24800137329102,0.3023739159107208
observed_test,v2_2018_477_48h,,40,PCC,B,3.154465712815648,0.0,0.568649975153116,0.5631123185157776,1.2252249717712402,53.24800137329102,0.3023739159107208
observed_test,v2_2018_477_48h,,40,PCC,C,3.154465712815648,0.0,0.568649975153116,0.5631123185157776,1.2252249717712402,53.24800137329102,0.3023739159107208
observed_test,v2_2018_477_48h,,41,PCC,A,3.073345060031975,0.0,0.2993708333143821,0.5185338854789734,1.2196749448776245,53.24800137329102,0.3217485249042511
observed_test,v2_2018_477_48h,,41,PCC,B,3.073345060031975,0.0,0.2993708333143821,0.5185338854789734,1.2196749448776245,53.24800137329102,0.3217485249042511
observed_test,v2_2018_477_48h,,41,PCC,C,3.073345060031975,0.0,0.2993708333143821,0.5185338854789734,1.2196749448776245,53.24800137329102,0.3217485249042511
observed_test,v2_2018_477_48h,,42,PCC,A,3.0251203196416383,0.0,0.0637083314359188,0.501911997795105,1.2096999883651733,121.88174847412108,0.34076350927352905
observed_test,v2_2018_477_48h,,42,PCC,B,3.0251203196416383,0.0,0.0637083314359188,0.501911997795105,1.2096999883651733,121.88174847412108,0.34076350927352905
observed_test,v2_2018_477_48h,,42,PCC,C,3.0251203196416383,0.0,0.0637083314359188,0.501911997795105,1.2096999883651733,121.88174847412108,0.34076350927352905
observed_test,v2_2018_477_48h,,43,PCC,A,3.0966193225583916,0.0,0.0,0.5692486763000488,1.1969499588012695,121.88174847412108,0.3609183728694916
observed_test,v2_2018_477_48h,,43,PCC,B,3.0966193225583916,0.0,0.0,0.5692486763000488,1.1969499588012695,121.88174847412108,0.3609183728694916
observed_test,v2_2018_477_48h,,43,PCC,C,3.0966193225583916,0.0,0.0,0.5692486763000488,1.1969499588012695,121.88174847412108,0.3609183728694916
observed_test,v2_2018_477_48h,,44,PCC,A,2.917500070490586,0.0,0.0,0.458400696516037,1.1910250186920166,121.88174847412108,0.3623015284538269
observed_test,v2_2018_477_48h,,44,PCC,B,2.917500070490586,0.0,0.0,0.458400696516037,1.1910250186920166,121.88174847412108,0.3623015284538269
observed_test,v2_2018_477_48h,,44,PCC,C,2.917500070490586,0.0,0.0,0.458400696516037,1.1910250186920166,121.88174847412108,0.3623015284538269
observed_test,v2_2018_477_48h,,45,PCC,A,2.8177941837048714,0.0,0.0,0.39928483963012695,1.1856249570846558,53.24800137329102,0.3601513206958771
observed_test,v2_2018_477_48h,,45,PCC,B,2.8177941837048714,0.0,0.0,0.39928483963012695,1.1856249570846558,53.24800137329102,0.3601513206958771
observed_test,v2_2018_477_48h,,45,PCC,C,2.8177941837048714,0.0,0.0,0.39928483963012695,1.1856249570846558,53.24800137329102,0.3601513206958771
observed_test,v2_2018_477_48h,,46,PCC,A,2.7553672446442072,0.0,0.0,0.3637107312679291,1.1810499429702759,53.24800137329102,0.36570608615875244
observed_test,v2_2018_477_48h,,46,PCC,B,2.7553672446442072,0.0,0.0,0.3637107312679291,1.1810499429702759,53.24800137329102,0.36570608615875244
observed_test,v2_2018_477_48h,,46,PCC,C,2.7553672446442072,0.0,0.0,0.3637107312679291,1.1810499429702759,53.24800137329102,0.36570608615875244
observed_test,v2_2018_477_48h,,47,PCC,A,2.724963398896435,0.0,0.0,0.34759950637817383,1.177899956703186,53.24800137329102,0.3693509101867676
observed_test,v2_2018_477_48h,,47,PCC,B,2.724963398896435,0.0,0.0,0.34759950637817383,1.177899956703186,53.24800137329102,0.3693509101867676
observed_test,v2_2018_477_48h,,47,PCC,C,2.724963398896435,0.0,0.0,0.34759950637817383,1.177899956703186,53.24800137329102,0.3693509101867676
observed_test,v2_2018_413_48h,,0,PCC,A,2.589738233557025,0.0,0.0,0.29431068897247314,1.149999976158142,53.24800137329102,0.21771878004074097
observed_test,v2_2018_413_48h,,0,PCC,B,2.589738233557025,0.0,0.0,0.29431068897247314,1.149999976158142,53.24800137329102,0.21771878004074097
observed_test,v2_2018_413_48h,,0,PCC,C,2.589738233557025,0.0,0.0,0.29431068897247314,1.149999976158142,53.24800137329102,0.21771878004074097
observed_test,v2_2018_413_48h,,1,PCC,A,2.6237012928594003,0.0,0.0,0.3179371654987335,1.149999976158142,34.72425106811524,0.2178233563899994
observed_test,v2_2018_413_48h,,1,PCC,B,2.6237012928594003,0.0,0.0,0.3179371654987335,1.149999976158142,34.72425106811524,0.2178233563899994
observed_test,v2_2018_413_48h,,1,PCC,C,2.6237012928594003,0.0,0.0,0.3179371654987335,1.149999976158142,34.72425106811524,0.2178233563899994
observed_test,v2_2018_413_48h,,2,PCC,A,2.4875831211508435,0.0,0.0,0.2232462614774704,1.149999976158142,34.72425106811524,0.21782971918582916
observed_test,v2_2018_413_48h,,2,PCC,B,2.4875831211508435,0.0,0.0,0.2232462614774704,1.149999976158142,34.72425106811524,0.21782971918582916
observed_test,v2_2018_413_48h,,2,PCC,C,2.4875831211508435,0.0,0.0,0.2232462614774704,1.149999976158142,34.72425106811524,0.21782971918582916
observed_test,v2_2018_413_48h,,3,PCC,A,2.5452259178952694,0.0,0.0,0.2633455991744995,1.149999976158142,53.24800137329102,0.21496570110321045
observed_test,v2_2018_413_48h,,3,PCC,B,2.5452259178952694,0.0,0.0,0.2633455991744995,1.149999976158142,53.24800137329102,0.21496570110321045
observed_test,v2_2018_413_48h,,3,PCC,C,2.5452259178952694,0.0,0.0,0.2633455991744995,1.149999976158142,53.24800137329102,0.21496570110321045
observed_test,v2_2018_413_48h,,4,PCC,A,2.6066056994782514,0.0,0.0,0.3060445785522461,1.149999976158142,53.24800137329102,0.2117515504360199
observed_test,v2_2018_413_48h,,4,PCC,B,2.6066056994782514,0.0,0.0,0.3060445785522461,1.149999976158142,53.24800137329102,0.2117515504360199
observed_test,v2_2018_413_48h,,4,PCC,C,2.6066056994782514,0.0,0.0,0.3060445785522461,1.149999976158142,53.24800137329102,0.2117515504360199
observed_test,v2_2018_413_48h,,5,PCC,A,2.5763726205374935,0.0,0.0,0.2850128710269928,1.149999976158142,53.24800137329102,0.20906536281108856
observed_test,v2_2018_413_48h,,5,PCC,B,2.5763726205374935,0.0,0.0,0.2850128710269928,1.149999976158142,53.24800137329102,0.20906536281108856
observed_test,v2_2018_413_48h,,5,PCC,C,2.5763726205374935,0.0,0.0,0.2850128710269928,1.149999976158142,53.24800137329102,0.20906536281108856
observed_test,v2_2018_413_48h,,6,PCC,A,2.7605416539868575,0.0,0.00582083325403241,0.4131304621696472,1.149999976158142,121.88174847412108,0.20757518708705902
observed_test,v2_2018_413_48h,,6,PCC,B,2.7605416539868575,0.0,0.00582083325403241,0.4131304621696472,1.149999976158142,121.88174847412108,0.20757518708705902
observed_test,v2_2018_413_48h,,6,PCC,C,2.7605416539868575,0.0,0.00582083325403241,0.4131304621696472,1.149999976158142,121.88174847412108,0.20757518708705902
observed_test,v2_2018_413_48h,,7,PCC,A,3.0129513006293838,0.0,0.09079583419057037,0.5887197852134705,1.149999976158142,121.88174847412108,0.20708438754081726
observed_test,v2_2018_413_48h,,7,PCC,B,3.0129513006293838,0.0,0.09079583419057037,0.5887197852134705,1.149999976158142,121.88174847412108,0.20708438754081726
observed_test,v2_2018_413_48h,,7,PCC,C,3.0129513006293838,0.0,0.09079583419057037,0.5887197852134705,1.149999976158142,121.88174847412108,0.20708438754081726
observed_test,v2_2018_413_48h,,8,PCC,A,2.7649040079514635,0.0,0.23767499682994986,0.41616514325141907,1.149999976158142,121.88174847412108,0.20617340505123138
observed_test,v2_2018_413_48h,,8,PCC,B,2.7649040079514635,0.0,0.23767499682994986,0.41616514325141907,1.149999976158142,121.88174847412108,0.20617340505123138
observed_test,v2_2018_413_48h,,8,PCC,C,2.7649040079514635,0.0,0.23767499682994986,0.41616514325141907,1.149999976158142,121.88174847412108,0.20617340505123138
observed_test,v2_2018_413_48h,,9,PCC,A,2.9051724072175276,0.0,0.5785791919781611,0.5137431621551514,1.149999976158142,121.88174847412108,0.20462235808372498
observed_test,v2_2018_413_48h,,9,PCC,B,2.9051724072175276,0.0,0.5785791919781611,0.5137431621551514,1.149999976158142,121.88174847412108,0.20462235808372498
observed_test,v2_2018_413_48h,,9,PCC,C,2.9051724072175276,0.0,0.5785791919781611,0.5137431621551514,1.149999976158142,121.88174847412108,0.20462235808372498
observed_test,v2_2018_413_48h,,10,PCC,A,2.6904467608222724,0.0,0.978950009896205,0.3643687963485718,1.149999976158142,53.24800137329102,0.20639781653881073
observed_test,v2_2018_413_48h,,10,PCC,B,2.6904467608222724,0.0,0.978950009896205,0.3643687963485718,1.149999976158142,53.24800137329102,0.20639781653881073
observed_test,v2_2018_413_48h,,10,PCC,C,2.6904467608222724,0.0,0.978950009896205,0.3643687963485718,1.149999976158142,53.24800137329102,0.20639781653881073
observed_test,v2_2018_413_48h,,11,PCC,A,2.686130632121376,0.0,0.9042666508601261,0.36136627197265625,1.149999976158142,53.24800137329102,0.20330826938152313
observed_test,v2_2018_413_48h,,11,PCC,B,2.686130632121376,0.0,0.9042666508601261,0.36136627197265625,1.149999976158142,53.24800137329102,0.20330826938152313
observed_test,v2_2018_413_48h,,11,PCC,C,2.686130632121376,0.0,0.9042666508601261,0.36136627197265625,1.149999976158142,53.24800137329102,0.20330826938152313
observed_test,v2_2018_413_48h,,12,PCC,A,2.940481482794702,0.0,0.8166708052158356,0.5383059978485107,1.149999976158142,34.72425106811524,0.20102594792842865
observed_test,v2_2018_413_48h,,12,PCC,B,2.940481482794702,0.0,0.8166708052158356,0.5383059978485107,1.149999976158142,34.72425106811524,0.20102594792842865
observed_test,v2_2018_413_48h,,12,PCC,C,2.940481482794702,0.0,0.8166708052158356,0.5383059978485107,1.149999976158142,34.72425106811524,0.20102594792842865
observed_test,v2_2018_413_48h,,13,PCC,A,3.033735447282245,0.0,0.6619666631405169,0.6031783223152161,1.149999976158142,34.72425106811524,0.2000219225883484
observed_test,v2_2018_413_48h,,13,PCC,B,3.033735447282245,0.0,0.6619666631405169,0.6031783223152161,1.149999976158142,34.72425106811524,0.2000219225883484
observed_test,v2_2018_413_48h,,13,PCC,C,3.033735447282245,0.0,0.6619666631405169,0.6031783223152161,1.149999976158142,34.72425106811524,0.2000219225883484
observed_test,v2_2018_413_48h,,14,PCC,A,3.1232014249141358,0.0,0.5004416864651899,0.6654155254364014,1.149999976158142,34.72425106811524,0.19797030091285706
observed_test,v2_2018_413_48h,,14,PCC,B,3.1232014249141358,0.0,0.5004416864651899,0.6654155254364014,1.149999976158142,34.72425106811524,0.19797030091285706
observed_test,v2_2018_413_48h,,14,PCC,C,3.1232014249141358,0.0,0.5004416864651899,0.6654155254364014,1.149999976158142,34.72425106811524,0.19797030091285706
observed_test,v2_2018_413_48h,,15,PCC,A,2.915610662966831,0.0,0.43628333279719717,0.5210045576095581,1.149999976158142,34.72425106811524,0.20236140489578247
observed_test,v2_2018_413_48h,,15,PCC,B,2.915610662966831,0.0,0.43628333279719717,0.5210045576095581,1.149999976158142,34.72425106811524,0.20236140489578247
observed_test,v2_2018_413_48h,,15,PCC,C,2.915610662966831,0.0,0.43628333279719717,0.5210045576095581,1.149999976158142,34.72425106811524,0.20236140489578247
observed_test,v2_2018_413_48h,,16,PCC,A,2.9761405680146122,0.0,0.35247917358691877,0.5631123185157776,1.149999976158142,53.24800137329102,0.19844406843185425
observed_test,v2_2018_413_48h,,16,PCC,B,2.9761405680146122,0.0,0.35247917358691877,0.5631123185157776,1.149999976158142,53.24800137329102,0.19844406843185425
observed_test,v2_2018_413_48h,,16,PCC,C,2.9761405680146122,0.0,0.35247917358691877,0.5631123185157776,1.149999976158142,53.24800137329102,0.19844406843185425
observed_test,v2_2018_413_48h,,17,PCC,A,2.912059071852747,0.0,0.24273750873712388,0.5185338854789734,1.149999976158142,53.24800137329102,0.1992831975221634
observed_test,v2_2018_413_48h,,17,PCC,B,2.912059071852747,0.0,0.24273750873712388,0.5185338854789734,1.149999976158142,53.24800137329102,0.1992831975221634
observed_test,v2_2018_413_48h,,17,PCC,C,2.912059071852747,0.0,0.24273750873712388,0.5185338854789734,1.149999976158142,53.24800137329102,0.1992831975221634
observed_test,v2_2018_413_48h,,18,PCC,A,2.888165108802557,0.0,0.021674999823937047,0.501911997795105,1.149999976158142,53.24800137329102,0.20021723210811615
observed_test,v2_2018_413_48h,,18,PCC,B,2.888165108802557,0.0,0.021674999823937047,0.501911997795105,1.149999976158142,53.24800137329102,0.20021723210811615
observed_test,v2_2018_413_48h,,18,PCC,C,2.888165108802557,0.0,0.021674999823937047,0.501911997795105,1.149999976158142,53.24800137329102,0.20021723210811615
observed_test,v2_2018_413_48h,,19,PCC,A,2.9849615821466244,0.0,0.0,0.5692486763000488,1.149999976158142,53.24800137329102,0.20215867459774017
observed_test,v2_2018_413_48h,,19,PCC,B,2.9849615821466244,0.0,0.0,0.5692486763000488,1.149999976158142,53.24800137329102,0.20215867459774017
observed_test,v2_2018_413_48h,,19,PCC,C,2.9849615821466244,0.0,0.0,0.5692486763000488,1.149999976158142,53.24800137329102,0.20215867459774017
observed_test,v2_2018_413_48h,,20,PCC,A,2.825617614510635,0.0,0.0,0.458400696516037,1.149999976158142,53.24800137329102,0.1986563503742218
observed_test,v2_2018_413_48h,,20,PCC,B,2.825617614510635,0.0,0.0,0.458400696516037,1.149999976158142,53.24800137329102,0.1986563503742218
observed_test,v2_2018_413_48h,,20,PCC,C,2.825617614510635,0.0,0.0,0.458400696516037,1.149999976158142,53.24800137329102,0.1986563503742218
observed_test,v2_2018_413_48h,,21,PCC,A,2.740638571998929,0.0,0.0,0.39928483963012695,1.149999976158142,53.24800137329102,0.19589941203594208
observed_test,v2_2018_413_48h,,21,PCC,B,2.740638571998929,0.0,0.0,0.39928483963012695,1.149999976158142,53.24800137329102,0.19589941203594208
observed_test,v2_2018_413_48h,,21,PCC,C,2.740638571998929,0.0,0.0,0.39928483963012695,1.149999976158142,53.24800137329102,0.19589941203594208
observed_test,v2_2018_413_48h,,22,PCC,A,2.689500792288461,0.0,0.0,0.3637107312679291,1.149999976158142,53.24800137329102,0.19263511896133423
observed_test,v2_2018_413_48h,,22,PCC,B,2.689500792288461,0.0,0.0,0.3637107312679291,1.149999976158142,53.24800137329102,0.19263511896133423
observed_test,v2_2018_413_48h,,22,PCC,C,2.689500792288461,0.0,0.0,0.3637107312679291,1.149999976158142,53.24800137329102,0.19263511896133423
observed_test,v2_2018_413_48h,,23,PCC,A,2.666340906989589,0.0,0.0,0.34759950637817383,1.149999976158142,53.24800137329102,0.19058038294315338
observed_test,v2_2018_413_48h,,23,PCC,B,2.666340906989589,0.0,0.0,0.34759950637817383,1.149999976158142,53.24800137329102,0.19058038294315338
observed_test,v2_2018_413_48h,,23,PCC,C,2.666340906989589,0.0,0.0,0.34759950637817383,1.149999976158142,53.24800137329102,0.19058038294315338
observed_test,v2_2018_413_48h,,24,PCC,A,2.589738233557025,0.0,0.0,0.29431068897247314,1.149999976158142,53.24800137329102,0.1894691437482834
observed_test,v2_2018_413_48h,,24,PCC,B,2.589738233557025,0.0,0.0,0.29431068897247314,1.149999976158142,53.24800137329102,0.1894691437482834
observed_test,v2_2018_413_48h,,24,PCC,C,2.589738233557025,0.0,0.0,0.29431068897247314,1.149999976158142,53.24800137329102,0.1894691437482834
observed_test,v2_2018_413_48h,,25,PCC,A,2.6237012928594003,0.0,0.0,0.3179371654987335,1.149999976158142,34.72425106811524,0.1913834661245346
observed_test,v2_2018_413_48h,,25,PCC,B,2.6237012928594003,0.0,0.0,0.3179371654987335,1.149999976158142,34.72425106811524,0.1913834661245346
observed_test,v2_2018_413_48h,,25,PCC,C,2.6237012928594003,0.0,0.0,0.3179371654987335,1.149999976158142,34.72425106811524,0.1913834661245346
observed_test,v2_2018_413_48h,,26,PCC,A,2.4875831211508435,0.0,0.0,0.2232462614774704,1.149999976158142,34.72425106811524,0.1914353370666504
observed_test,v2_2018_413_48h,,26,PCC,B,2.4875831211508435,0.0,0.0,0.2232462614774704,1.149999976158142,34.72425106811524,0.1914353370666504
observed_test,v2_2018_413_48h,,26,PCC,C,2.4875831211508435,0.0,0.0,0.2232462614774704,1.149999976158142,34.72425106811524,0.1914353370666504
observed_test,v2_2018_413_48h,,27,PCC,A,2.5452259178952694,0.0,0.0,0.2633455991744995,1.149999976158142,53.24800137329102,0.20247642695903778
observed_test,v2_2018_413_48h,,27,PCC,B,2.5452259178952694,0.0,0.0,0.2633455991744995,1.149999976158142,53.24800137329102,0.20247642695903778
observed_test,v2_2018_413_48h,,27,PCC,C,2.5452259178952694,0.0,0.0,0.2633455991744995,1.149999976158142,53.24800137329102,0.20247642695903778
observed_test,v2_2018_413_48h,,28,PCC,A,2.6066056994782514,0.0,0.0,0.3060445785522461,1.149999976158142,53.24800137329102,0.2079867273569107
observed_test,v2_2018_413_48h,,28,PCC,B,2.6066056994782514,0.0,0.0,0.3060445785522461,1.149999976158142,53.24800137329102,0.2079867273569107
observed_test,v2_2018_413_48h,,28,PCC,C,2.6066056994782514,0.0,0.0,0.3060445785522461,1.149999976158142,53.24800137329102,0.2079867273569107
observed_test,v2_2018_413_48h,,29,PCC,A,2.5763726205374935,0.0,0.0,0.2850128710269928,1.149999976158142,53.24800137329102,0.20120255649089813
observed_test,v2_2018_413_48h,,29,PCC,B,2.5763726205374935,0.0,0.0,0.2850128710269928,1.149999976158142,53.24800137329102,0.20120255649089813
observed_test,v2_2018_413_48h,,29,PCC,C,2.5763726205374935,0.0,0.0,0.2850128710269928,1.149999976158142,53.24800137329102,0.20120255649089813
observed_test,v2_2018_413_48h,,30,PCC,A,2.7605416539868575,0.0,0.018841665811263595,0.4131304621696472,1.149999976158142,121.88174847412108,0.19737987220287323
observed_test,v2_2018_413_48h,,30,PCC,B,2.7605416539868575,0.0,0.018841665811263595,0.4131304621696472,1.149999976158142,121.88174847412108,0.19737987220287323
observed_test,v2_2018_413_48h,,30,PCC,C,2.7605416539868575,0.0,0.018841665811263595,0.4131304621696472,1.149999976158142,121.88174847412108,0.19737987220287323
observed_test,v2_2018_413_48h,,31,PCC,A,3.0129513006293838,0.0,0.14290833989014992,0.5887197852134705,1.149999976158142,121.88174847412108,0.1964385211467743
observed_test,v2_2018_413_48h,,31,PCC,B,3.0129513006293838,0.0,0.14290833989014992,0.5887197852134705,1.149999976158142,121.88174847412108,0.1964385211467743
observed_test,v2_2018_413_48h,,31,PCC,C,3.0129513006293838,0.0,0.14290833989014992,0.5887197852134705,1.149999976158142,121.88174847412108,0.1964385211467743
observed_test,v2_2018_413_48h,,32,PCC,A,2.7649040079514635,0.0,0.40775417135312003,0.41616514325141907,1.149999976158142,121.88174847412108,0.1956031620502472
observed_test,v2_2018_413_48h,,32,PCC,B,2.7649040079514635,0.0,0.40775417135312003,0.41616514325141907,1.149999976158142,121.88174847412108,0.1956031620502472
observed_test,v2_2018_413_48h,,32,PCC,C,2.7649040079514635,0.0,0.40775417135312003,0.41616514325141907,1.149999976158142,121.88174847412108,0.1956031620502472
observed_test,v2_2018_413_48h,,33,PCC,A,2.9051724072175276,0.0,0.8460624859883233,0.5137431621551514,1.149999976158142,121.88174847412108,0.19774229824543
observed_test,v2_2018_413_48h,,33,PCC,B,2.9051724072175276,0.0,0.8460624859883233,0.5137431621551514,1.149999976158142,121.88174847412108,0.19774229824543
observed_test,v2_2018_413_48h,,33,PCC,C,2.9051724072175276,0.0,0.8460624859883233,0.5137431621551514,1.149999976158142,121.88174847412108,0.19774229824543
observed_test,v2_2018_413_48h,,34,PCC,A,2.6904467608222724,0.0,1.1749207973480222,0.3643687963485718,1.149999976158142,53.24800137329102,0.20031452178955078
observed_test,v2_2018_413_48h,,34,PCC,B,2.6904467608222724,0.0,1.1749207973480222,0.3643687963485718,1.149999976158142,53.24800137329102,0.20031452178955078
observed_test,v2_2018_413_48h,,34,PCC,C,2.6904467608222724,0.0,1.1749207973480222,0.3643687963485718,1.149999976158142,53.24800137329102,0.20031452178955078
observed_test,v2_2018_413_48h,,35,PCC,A,2.686130632121376,0.0,1.301958354619833,0.36136627197265625,1.149999976158142,53.24800137329102,0.208522766828537
observed_test,v2_2018_413_48h,,35,PCC,B,2.686130632121376,0.0,1.301958354619833,0.36136627197265625,1.149999976158142,53.24800137329102,0.208522766828537
observed_test,v2_2018_413_48h,,35,PCC,C,2.686130632121376,0.0,1.301958354619833,0.36136627197265625,1.149999976158142,53.24800137329102,0.208522766828537
observed_test,v2_2018_413_48h,,36,PCC,A,2.940481482794702,0.0,1.334549945134383,0.5383059978485107,1.149999976158142,34.72425106811524,0.20712117850780487
observed_test,v2_2018_413_48h,,36,PCC,B,2.940481482794702,0.0,1.334549945134383,0.5383059978485107,1.149999976158142,34.72425106811524,0.20712117850780487
observed_test,v2_2018_413_48h,,36,PCC,C,2.940481482794702,0.0,1.334549945134383,0.5383059978485107,1.149999976158142,34.72425106811524,0.20712117850780487
observed_test,v2_2018_413_48h,,37,PCC,A,3.033735447282245,0.0,1.2813916573157675,0.6031783223152161,1.149999976158142,34.72425106811524,0.2024107575416565
observed_test,v2_2018_413_48h,,37,PCC,B,3.033735447282245,0.0,1.2813916573157675,0.6031783223152161,1.149999976158142,34.72425106811524,0.2024107575416565
observed_test,v2_2018_413_48h,,37,PCC,C,3.033735447282245,0.0,1.2813916573157675,0.6031783223152161,1.149999976158142,34.72425106811524,0.2024107575416565
observed_test,v2_2018_413_48h,,38,PCC,A,3.1232014249141358,0.0,1.1509291254557095,0.6654155254364014,1.149999976158142,34.72425106811524,0.2047840803861618
observed_test,v2_2018_413_48h,,38,PCC,B,3.1232014249141358,0.0,1.1509291254557095,0.6654155254364014,1.149999976158142,34.72425106811524,0.2047840803861618
observed_test,v2_2018_413_48h,,38,PCC,C,3.1232014249141358,0.0,1.1509291254557095,0.6654155254364014,1.149999976158142,34.72425106811524,0.2047840803861618
observed_test,v2_2018_413_48h,,39,PCC,A,2.915610662966831,0.0,0.9357624902175022,0.5210045576095581,1.149999976158142,34.72425106811524,0.21193580329418182
observed_test,v2_2018_413_48h,,39,PCC,B,2.915610662966831,0.0,0.9357624902175022,0.5210045576095581,1.149999976158142,34.72425106811524,0.21193580329418182
observed_test,v2_2018_413_48h,,39,PCC,C,2.915610662966831,0.0,0.9357624902175022,0.5210045576095581,1.149999976158142,34.72425106811524,0.21193580329418182
observed_test,v2_2018_413_48h,,40,PCC,A,2.9761405680146122,0.0,0.6390833510802342,0.5631123185157776,1.149999976158142,53.24800137329102,0.22226278483867645
observed_test,v2_2018_413_48h,,40,PCC,B,2.9761405680146122,0.0,0.6390833510802342,0.5631123185157776,1.149999976158142,53.24800137329102,0.22226278483867645
observed_test,v2_2018_413_48h,,40,PCC,C,2.9761405680146122,0.0,0.6390833510802342,0.5631123185157776,1.149999976158142,53.24800137329102,0.22226278483867645
observed_test,v2_2018_413_48h,,41,PCC,A,2.912059071852747,0.0,0.2951583323570398,0.5185338854789734,1.149999976158142,53.24800137329102,0.23387384414672852
observed_test,v2_2018_413_48h,,41,PCC,B,2.912059071852747,0.0,0.2951583323570398,0.5185338854789734,1.149999976158142,53.24800137329102,0.23387384414672852
observed_test,v2_2018_413_48h,,41,PCC,C,2.912059071852747,0.0,0.2951583323570398,0.5185338854789734,1.149999976158142,53.24800137329102,0.23387384414672852
observed_test,v2_2018_413_48h,,42,PCC,A,2.888165108802557,0.0,0.03732083222040763,0.501911997795105,1.149999976158142,53.24800137329102,0.24081456661224365
observed_test,v2_2018_413_48h,,42,PCC,B,2.888165108802557,0.0,0.03732083222040763,0.501911997795105,1.149999976158142,53.24800137329102,0.24081456661224365
observed_test,v2_2018_413_48h,,42,PCC,C,2.888165108802557,0.0,0.03732083222040763,0.501911997795105,1.149999976158142,53.24800137329102,0.24081456661224365
observed_test,v2_2018_413_48h,,43,PCC,A,2.9849615821466244,0.0,0.0,0.5692486763000488,1.149999976158142,53.24800137329102,0.24687857925891876
observed_test,v2_2018_413_48h,,43,PCC,B,2.9849615821466244,0.0,0.0,0.5692486763000488,1.149999976158142,53.24800137329102,0.24687857925891876
observed_test,v2_2018_413_48h,,43,PCC,C,2.9849615821466244,0.0,0.0,0.5692486763000488,1.149999976158142,53.24800137329102,0.24687857925891876
observed_test,v2_2018_413_48h,,44,PCC,A,2.825617614510635,0.0,0.0,0.458400696516037,1.149999976158142,53.24800137329102,0.25319209694862366
observed_test,v2_2018_413_48h,,44,PCC,B,2.825617614510635,0.0,0.0,0.458400696516037,1.149999976158142,53.24800137329102,0.25319209694862366
observed_test,v2_2018_413_48h,,44,PCC,C,2.825617614510635,0.0,0.0,0.458400696516037,1.149999976158142,53.24800137329102,0.25319209694862366
observed_test,v2_2018_413_48h,,45,PCC,A,2.740638571998929,0.0,0.0,0.39928483963012695,1.149999976158142,53.24800137329102,0.2537130117416382
observed_test,v2_2018_413_48h,,45,PCC,B,2.740638571998929,0.0,0.0,0.39928483963012695,1.149999976158142,53.24800137329102,0.2537130117416382
observed_test,v2_2018_413_48h,,45,PCC,C,2.740638571998929,0.0,0.0,0.39928483963012695,1.149999976158142,53.24800137329102,0.2537130117416382
observed_test,v2_2018_413_48h,,46,PCC,A,2.689500792288461,0.0,0.0,0.3637107312679291,1.149999976158142,53.24800137329102,0.24822109937667847
observed_test,v2_2018_413_48h,,46,PCC,B,2.689500792288461,0.0,0.0,0.3637107312679291,1.149999976158142,53.24800137329102,0.24822109937667847
observed_test,v2_2018_413_48h,,46,PCC,C,2.689500792288461,0.0,0.0,0.3637107312679291,1.149999976158142,53.24800137329102,0.24822109937667847
observed_test,v2_2018_413_48h,,47,PCC,A,2.666340906989589,0.0,0.0,0.34759950637817383,1.149999976158142,53.24800137329102,0.24219484627246857
observed_test,v2_2018_413_48h,,47,PCC,B,2.666340906989589,0.0,0.0,0.34759950637817383,1.149999976158142,53.24800137329102,0.24219484627246857
observed_test,v2_2018_413_48h,,47,PCC,C,2.666340906989589,0.0,0.0,0.34759950637817383,1.149999976158142,53.24800137329102,0.24219484627246857
observed_test,v2_2018_495_48h,,0,PCC,A,2.630175115631934,0.0,0.0,0.29431068897247314,1.1698750257492065,53.24800137329102,0.25296810269355774
observed_test,v2_2018_495_48h,,0,PCC,B,2.630175115631934,0.0,0.0,0.29431068897247314,1.1698750257492065,53.24800137329102,0.25296810269355774
observed_test,v2_2018_495_48h,,0,PCC,C,2.630175115631934,0.0,0.0,0.29431068897247314,1.1698750257492065,53.24800137329102,0.25296810269355774
observed_test,v2_2018_495_48h,,1,PCC,A,2.660390334454465,0.0,0.0,0.3179371654987335,1.1677749156951904,34.72425106811524,0.25566065311431885
observed_test,v2_2018_495_48h,,1,PCC,B,2.660390334454465,0.0,0.0,0.3179371654987335,1.1677749156951904,34.72425106811524,0.25566065311431885
observed_test,v2_2018_495_48h,,1,PCC,C,2.660390334454465,0.0,0.0,0.3179371654987335,1.1677749156951904,34.72425106811524,0.25566065311431885
observed_test,v2_2018_495_48h,,2,PCC,A,2.51852017140046,0.0,0.0,0.2232462614774704,1.1658999919891357,34.72425106811524,0.2623995244503021
observed_test,v2_2018_495_48h,,2,PCC,B,2.51852017140046,0.0,0.0,0.2232462614774704,1.1658999919891357,34.72425106811524,0.2623995244503021
observed_test,v2_2018_495_48h,,2,PCC,C,2.51852017140046,0.0,0.0,0.2232462614774704,1.1658999919891357,34.72425106811524,0.2623995244503021
observed_test,v2_2018_495_48h,,3,PCC,A,2.572918333358069,0.0,0.0,0.2633455991744995,1.1638749837875366,34.72425106811524,0.2584664523601532
observed_test,v2_2018_495_48h,,3,PCC,B,2.572918333358069,0.0,0.0,0.2633455991744995,1.1638749837875366,34.72425106811524,0.2584664523601532
observed_test,v2_2018_495_48h,,3,PCC,C,2.572918333358069,0.0,0.0,0.2633455991744995,1.1638749837875366,34.72425106811524,0.2584664523601532
observed_test,v2_2018_495_48h,,4,PCC,A,2.631503852356417,0.0,0.0,0.3060445785522461,1.1621500253677368,34.72425106811524,0.23289193212985992
observed_test,v2_2018_495_48h,,4,PCC,B,2.631503852356417,0.0,0.0,0.3060445785522461,1.1621500253677368,34.72425106811524,0.23289193212985992
observed_test,v2_2018_495_48h,,4,PCC,C,2.631503852356417,0.0,0.0,0.3060445785522461,1.1621500253677368,34.72425106811524,0.23289193212985992
observed_test,v2_2018_495_48h,,5,PCC,A,2.6003443725320494,0.0,0.0,0.2850128710269928,1.1618499755859375,34.72425106811524,0.21599575877189636
observed_test,v2_2018_495_48h,,5,PCC,B,2.6003443725320494,0.0,0.0,0.2850128710269928,1.1618499755859375,34.72425106811524,0.21599575877189636
observed_test,v2_2018_495_48h,,5,PCC,C,2.6003443725320494,0.0,0.0,0.2850128710269928,1.1618499755859375,34.72425106811524,0.21599575877189636
observed_test,v2_2018_495_48h,,6,PCC,A,2.7978722663998354,0.0,0.026495833522998367,0.4131304621696472,1.167099952697754,53.24800137329102,0.20850908756256104
observed_test,v2_2018_495_48h,,6,PCC,B,2.7978722663998354,0.0,0.026495833522998367,0.4131304621696472,1.167099952697754,53.24800137329102,0.20850908756256104
observed_test,v2_2018_495_48h,,6,PCC,C,2.7978722663998354,0.0,0.026495833522998367,0.4131304621696472,1.167099952697754,53.24800137329102,0.20850908756256104
observed_test,v2_2018_495_48h,,7,PCC,A,3.0839470327557295,0.0,0.2420166650643715,0.5887197852134705,1.1795499324798584,53.24800137329102,0.2057301104068756
observed_test,v2_2018_495_48h,,7,PCC,B,3.0839470327557295,0.0,0.2420166650643715,0.5887197852134705,1.1795499324798584,53.24800137329102,0.2057301104068756
observed_test,v2_2018_495_48h,,7,PCC,C,3.0839470327557295,0.0,0.2420166650643715,0.5887197852134705,1.1795499324798584,53.24800137329102,0.2057301104068756
observed_test,v2_2018_495_48h,,8,PCC,A,2.8605250640944306,0.0,0.5361750148809873,0.41616514325141907,1.1937249898910522,53.24800137329102,0.2048681378364563
observed_test,v2_2018_495_48h,,8,PCC,B,2.8605250640944306,0.0,0.5361750148809873,0.41616514325141907,1.1937249898910522,53.24800137329102,0.2048681378364563
observed_test,v2_2018_495_48h,,8,PCC,C,2.8605250640944306,0.0,0.5361750148809873,0.41616514325141907,1.1937249898910522,53.24800137329102,0.2048681378364563
observed_test,v2_2018_495_48h,,9,PCC,A,3.0352180416065053,0.0,0.8398249745368956,0.5137431621551514,1.2063249349594116,53.24800137329102,0.20575056970119476
observed_test,v2_2018_495_48h,,9,PCC,B,3.0352180416065053,0.0,0.8398249745368956,0.5137431621551514,1.2063249349594116,53.24800137329102,0.20575056970119476
observed_test,v2_2018_495_48h,,9,PCC,C,3.0352180416065053,0.0,0.8398249745368956,0.5137431621551514,1.2063249349594116,53.24800137329102,0.20575056970119476
observed_test,v2_2018_495_48h,,10,PCC,A,2.8228674917230165,0.0,1.0232625099328847,0.3643687963485718,1.212399959564209,53.24800137329102,0.20847263932228088
observed_test,v2_2018_495_48h,,10,PCC,B,2.8228674917230165,0.0,1.0232625099328847,0.3643687963485718,1.212399959564209,53.24800137329102,0.20847263932228088
observed_test,v2_2018_495_48h,,10,PCC,C,2.8228674917230165,0.0,1.0232625099328847,0.3643687963485718,1.212399959564209,53.24800137329102,0.20847263932228088
observed_test,v2_2018_495_48h,,11,PCC,A,2.82737314164198,0.0,1.1230708314822269,0.36136627197265625,1.2166749238967896,53.24800137329102,0.21990446746349335
observed_test,v2_2018_495_48h,,11,PCC,B,2.82737314164198,0.0,1.1230708314822269,0.36136627197265625,1.2166749238967896,53.24800137329102,0.21990446746349335
observed_test,v2_2018_495_48h,,11,PCC,C,2.82737314164198,0.0,1.1230708314822269,0.36136627197265625,1.2166749238967896,53.24800137329102,0.21990446746349335
observed_test,v2_2018_495_48h,,12,PCC,A,3.1017349629161024,0.0,1.1219958846385663,0.5383059978485107,1.2189249992370605,53.24800137329102,0.22282646596431732
observed_test,v2_2018_495_48h,,12,PCC,B,3.1017349629161024,0.0,1.1219958846385663,0.5383059978485107,1.2189249992370605,53.24800137329102,0.22282646596431732
observed_test,v2_2018_495_48h,,12,PCC,C,3.1017349629161024,0.0,1.1219958846385663,0.5383059978485107,1.2189249992370605,53.24800137329102,0.22282646596431732
observed_test,v2_2018_495_48h,,13,PCC,A,3.2036642638061426,0.0,1.0691333275574904,0.6031783223152161,1.2201999425888062,53.24800137329102,0.20398646593093872
observed_test,v2_2018_495_48h,,13,PCC,B,3.2036642638061426,0.0,1.0691333275574904,0.6031783223152161,1.2201999425888062,53.24800137329102,0.20398646593093872
observed_test,v2_2018_495_48h,,13,PCC,C,3.2036642638061426,0.0,1.0691333275574904,0.6031783223152161,1.2201999425888062,53.24800137329102,0.20398646593093872
observed_test,v2_2018_495_48h,,14,PCC,A,3.296530522818346,0.0,0.9170833115394298,0.6654155254364014,1.2193750143051147,53.24800137329102,0.18939992785453796
observed_test,v2_2018_495_48h,,14,PCC,B,3.296530522818346,0.0,0.9170833115394298,0.6654155254364014,1.2193750143051147,53.24800137329102,0.18939992785453796
observed_test,v2_2018_495_48h,,14,PCC,C,3.296530522818346,0.0,0.9170833115394298,0.6654155254364014,1.2193750143051147,53.24800137329102,0.18939992785453796
observed_test,v2_2018_495_48h,,15,PCC,A,3.072070411462422,0.0,0.7551416754722595,0.5210045576095581,1.2174999713897705,53.24800137329102,0.18040023744106293
observed_test,v2_2018_495_48h,,15,PCC,B,3.072070411462422,0.0,0.7551416754722595,0.5210045576095581,1.2174999713897705,53.24800137329102,0.18040023744106293
observed_test,v2_2018_495_48h,,15,PCC,C,3.072070411462422,0.0,0.7551416754722595,0.5210045576095581,1.2174999713897705,53.24800137329102,0.18040023744106293
observed_test,v2_2018_495_48h,,16,PCC,A,3.1261968623196723,0.0,0.4794083249110441,0.5631123185157776,1.2132999897003174,53.24800137329102,0.17574475705623627
observed_test,v2_2018_495_48h,,16,PCC,B,3.1261968623196723,0.0,0.4794083249110441,0.5631123185157776,1.2132999897003174,53.24800137329102,0.17574475705623627
observed_test,v2_2018_495_48h,,16,PCC,C,3.1261968623196723,0.0,0.4794083249110441,0.5631123185157776,1.2132999897003174,53.24800137329102,0.17574475705623627
observed_test,v2_2018_495_48h,,17,PCC,A,3.0334143077897977,0.0,0.16833333155283559,0.5185338854789734,1.2024250030517578,53.24800137329102,0.17540429532527924
observed_test,v2_2018_495_48h,,17,PCC,B,3.0334143077897977,0.0,0.16833333155283559,0.5185338854789734,1.2024250030517578,53.24800137329102,0.17540429532527924
observed_test,v2_2018_495_48h,,17,PCC,C,3.0334143077897977,0.0,0.16833333155283559,0.5185338854789734,1.2024250030517578,53.24800137329102,0.17540429532527924
observed_test,v2_2018_495_48h,,18,PCC,A,2.9812465209488757,0.0,0.0008708333413009173,0.501911997795105,1.1905750036239624,121.88174847412108,0.1752358376979828
observed_test,v2_2018_495_48h,,18,PCC,B,2.9812465209488757,0.0,0.0008708333413009173,0.501911997795105,1.1905750036239624,121.88174847412108,0.1752358376979828
observed_test,v2_2018_495_48h,,18,PCC,C,2.9812465209488757,0.0,0.0008708333413009173,0.501911997795105,1.1905750036239624,121.88174847412108,0.1752358376979828
observed_test,v2_2018_495_48h,,19,PCC,A,3.0645133101152453,0.0,0.0,0.5692486763000488,1.1834499835968018,121.88174847412108,0.1813947707414627
observed_test,v2_2018_495_48h,,19,PCC,B,3.0645133101152453,0.0,0.0,0.5692486763000488,1.1834499835968018,121.88174847412108,0.1813947707414627
observed_test,v2_2018_495_48h,,19,PCC,C,3.0645133101152453,0.0,0.0,0.5692486763000488,1.1834499835968018,121.88174847412108,0.1813947707414627
observed_test,v2_2018_495_48h,,20,PCC,A,2.893479588308457,0.0,0.0,0.458400696516037,1.180299997329712,121.88174847412108,0.18734949827194214
observed_test,v2_2018_495_48h,,20,PCC,B,2.893479588308457,0.0,0.0,0.458400696516037,1.180299997329712,121.88174847412108,0.18734949827194214
observed_test,v2_2018_495_48h,,20,PCC,C,2.893479588308457,0.0,0.0,0.458400696516037,1.180299997329712,121.88174847412108,0.18734949827194214
observed_test,v2_2018_495_48h,,21,PCC,A,2.8010635886460165,0.0,0.0,0.39928483963012695,1.177899956703186,53.24800137329102,0.19940844178199768
observed_test,v2_2018_495_48h,,21,PCC,B,2.8010635886460165,0.0,0.0,0.39928483963012695,1.177899956703186,53.24800137329102,0.19940844178199768
observed_test,v2_2018_495_48h,,21,PCC,C,2.8010635886460165,0.0,0.0,0.39928483963012695,1.177899956703186,53.24800137329102,0.19940844178199768
observed_test,v2_2018_495_48h,,22,PCC,A,2.7443895025849163,0.0,0.0,0.3637107312679291,1.175874948501587,53.24800137329102,0.2193792313337326
observed_test,v2_2018_495_48h,,22,PCC,B,2.7443895025849163,0.0,0.0,0.3637107312679291,1.175874948501587,53.24800137329102,0.2193792313337326
observed_test,v2_2018_495_48h,,22,PCC,C,2.7443895025849163,0.0,0.0,0.3637107312679291,1.175874948501587,53.24800137329102,0.2193792313337326
observed_test,v2_2018_495_48h,,23,PCC,A,2.716138539961449,0.0,0.0,0.34759950637817383,1.173699975013733,53.24800137329102,0.23097719252109528
observed_test,v2_2018_495_48h,,23,PCC,B,2.716138539961449,0.0,0.0,0.34759950637817383,1.173699975013733,53.24800137329102,0.23097719252109528
observed_test,v2_2018_495_48h,,23,PCC,C,2.716138539961449,0.0,0.0,0.34759950637817383,1.173699975013733,53.24800137329102,0.23097719252109528
observed_test,v2_2018_495_48h,,24,PCC,A,2.6339897510849837,0.0,0.0,0.29431068897247314,1.1717499494552612,53.24800137329102,0.23784883320331573
observed_test,v2_2018_495_48h,,24,PCC,B,2.6339897510849837,0.0,0.0,0.29431068897247314,1.1717499494552612,53.24800137329102,0.23784883320331573
observed_test,v2_2018_495_48h,,24,PCC,C,2.6339897510849837,0.0,0.0,0.29431068897247314,1.1717499494552612,53.24800137329102,0.23784883320331573
observed_test,v2_2018_495_48h,,25,PCC,A,2.6661183297819244,0.0,0.0,0.3179371654987335,1.170549988746643,34.72425106811524,0.2506254017353058
observed_test,v2_2018_495_48h,,25,PCC,B,2.6661183297819244,0.0,0.0,0.3179371654987335,1.170549988746643,34.72425106811524,0.2506254017353058
observed_test,v2_2018_495_48h,,25,PCC,C,2.6661183297819244,0.0,0.0,0.3179371654987335,1.170549988746643,34.72425106811524,0.2506254017353058
observed_test,v2_2018_495_48h,,26,PCC,A,2.5252329910442888,0.0,0.0,0.2232462614774704,1.169350028038025,34.72425106811524,0.265356183052063
observed_test,v2_2018_495_48h,,26,PCC,B,2.5252329910442888,0.0,0.0,0.2232462614774704,1.169350028038025,34.72425106811524,0.265356183052063
observed_test,v2_2018_495_48h,,26,PCC,C,2.5252329910442888,0.0,0.0,0.2232462614774704,1.169350028038025,34.72425106811524,0.265356183052063
observed_test,v2_2018_495_48h,,27,PCC,A,2.5814505152168863,0.0,0.0,0.2633455991744995,1.1681499481201172,34.72425106811524,0.27218887209892273
observed_test,v2_2018_495_48h,,27,PCC,B,2.5814505152168863,0.0,0.0,0.2633455991744995,1.1681499481201172,34.72425106811524,0.27218887209892273
observed_test,v2_2018_495_48h,,27,PCC,C,2.5814505152168863,0.0,0.0,0.2633455991744995,1.1681499481201172,34.72425106811524,0.27218887209892273
observed_test,v2_2018_495_48h,,28,PCC,A,2.6404178610937286,0.0,0.0,0.3060445785522461,1.1664999723434448,34.72425106811524,0.2499292492866516
observed_test,v2_2018_495_48h,,28,PCC,B,2.6404178610937286,0.0,0.0,0.3060445785522461,1.1664999723434448,34.72425106811524,0.2499292492866516
observed_test,v2_2018_495_48h,,28,PCC,C,2.6404178610937286,0.0,0.0,0.3060445785522461,1.1664999723434448,34.72425106811524,0.2499292492866516
observed_test,v2_2018_495_48h,,29,PCC,A,2.6076269331525777,0.0,0.0,0.2850128710269928,1.1654499769210815,34.72425106811524,0.23044362664222717
observed_test,v2_2018_495_48h,,29,PCC,B,2.6076269331525777,0.0,0.0,0.2850128710269928,1.1654499769210815,34.72425106811524,0.23044362664222717
observed_test,v2_2018_495_48h,,29,PCC,C,2.6076269331525777,0.0,0.0,0.2850128710269928,1.1654499769210815,34.72425106811524,0.23044362664222717
observed_test,v2_2018_495_48h,,30,PCC,A,2.805567663304933,0.0,0.021412499392261867,0.4131304621696472,1.1706249713897705,53.24800137329102,0.22190281748771667
observed_test,v2_2018_495_48h,,30,PCC,B,2.805567663304933,0.0,0.021412499392261867,0.4131304621696472,1.1706249713897705,53.24800137329102,0.22190281748771667
observed_test,v2_2018_495_48h,,30,PCC,C,2.805567663304933,0.0,0.021412499392261867,0.4131304621696472,1.1706249713897705,53.24800137329102,0.22190281748771667
observed_test,v2_2018_495_48h,,31,PCC,A,3.0879114955228126,0.0,0.18177499564794394,0.5887197852134705,1.1812000274658203,53.24800137329102,0.22085736691951752
observed_test,v2_2018_495_48h,,31,PCC,B,3.0879114955228126,0.0,0.18177499564794394,0.5887197852134705,1.1812000274658203,53.24800137329102,0.22085736691951752
observed_test,v2_2018_495_48h,,31,PCC,C,3.0879114955228126,0.0,0.18177499564794394,0.5887197852134705,1.1812000274658203,53.24800137329102,0.22085736691951752
observed_test,v2_2018_495_48h,,32,PCC,A,2.8531442506047155,0.0,0.47662498859258795,0.41616514325141907,1.1903499364852905,53.24800137329102,0.22085511684417725
observed_test,v2_2018_495_48h,,32,PCC,B,2.8531442506047155,0.0,0.47662498859258795,0.41616514325141907,1.1903499364852905,53.24800137329102,0.22085511684417725
observed_test,v2_2018_495_48h,,32,PCC,C,2.8531442506047155,0.0,0.47662498859258795,0.41616514325141907,1.1903499364852905,53.24800137329102,0.22085511684417725
observed_test,v2_2018_495_48h,,33,PCC,A,3.0166897149277383,0.0,0.8350999882588019,0.5137431621551514,1.1983000040054321,53.24800137329102,0.23164400458335876
observed_test,v2_2018_495_48h,,33,PCC,B,3.0166897149277383,0.0,0.8350999882588019,0.5137431621551514,1.1983000040054321,53.24800137329102,0.23164400458335876
observed_test,v2_2018_495_48h,,33,PCC,C,3.0166897149277383,0.0,0.8350999882588019,0.5137431621551514,1.1983000040054321,53.24800137329102,0.23164400458335876
observed_test,v2_2018_495_48h,,34,PCC,A,2.8064740547237483,0.0,1.0246791518651521,0.3643687963485718,1.2046749591827393,53.24800137329102,0.2592003047466278
observed_test,v2_2018_495_48h,,34,PCC,B,2.8064740547237483,0.0,1.0246791518651521,0.3643687963485718,1.2046749591827393,53.24800137329102,0.2592003047466278
observed_test,v2_2018_495_48h,,34,PCC,C,2.8064740547237483,0.0,1.0246791518651521,0.3643687963485718,1.2046749591827393,53.24800137329102,0.2592003047466278
observed_test,v2_2018_495_48h,,35,PCC,A,2.811485474258992,0.0,1.1314000074680035,0.36136627197265625,1.2091749906539917,53.24800137329102,0.27311205863952637
observed_test,v2_2018_495_48h,,35,PCC,B,2.811485474258992,0.0,1.1314000074680035,0.36136627197265625,1.2091749906539917,53.24800137329102,0.27311205863952637
observed_test,v2_2018_495_48h,,35,PCC,C,2.811485474258992,0.0,1.1314000074680035,0.36136627197265625,1.2091749906539917,53.24800137329102,0.27311205863952637
observed_test,v2_2018_495_48h,,36,PCC,A,3.0848902026881952,0.0,1.155570837167593,0.5383059978485107,1.2117249965667725,53.24800137329102,0.2986581027507782
observed_test,v2_2018_495_48h,,36,PCC,B,3.0848902026881952,0.0,1.155570837167593,0.5383059978485107,1.2117249965667725,53.24800137329102,0.2986581027507782
observed_test,v2_2018_495_48h,,36,PCC,C,3.0848902026881952,0.0,1.155570837167593,0.5383059978485107,1.2117249965667725,53.24800137329102,0.2986581027507782
observed_test,v2_2018_495_48h,,37,PCC,A,3.185328122676578,0.0,1.1078874652202313,0.6031783223152161,1.2126250267028809,53.24800137329102,0.26770296692848206
observed_test,v2_2018_495_48h,,37,PCC,B,3.185328122676578,0.0,1.1078874652202313,0.6031783223152161,1.2126250267028809,53.24800137329102,0.26770296692848206
observed_test,v2_2018_495_48h,,37,PCC,C,3.185328122676578,0.0,1.1078874652202313,0.6031783223152161,1.2126250267028809,53.24800137329102,0.26770296692848206
observed_test,v2_2018_495_48h,,38,PCC,A,3.2770427638573003,0.0,0.977458289036384,0.6654155254364014,1.2115750312805176,53.24800137329102,0.21209368109703064
observed_test,v2_2018_495_48h,,38,PCC,B,3.2770427638573003,0.0,0.977458289036384,0.6654155254364014,1.2115750312805176,53.24800137329102,0.21209368109703064
observed_test,v2_2018_495_48h,,38,PCC,C,3.2770427638573003,0.0,0.977458289036384,0.6654155254364014,1.2115750312805176,53.24800137329102,0.21209368109703064
observed_test,v2_2018_495_48h,,39,PCC,A,3.0529475563831596,0.0,0.7655375278913058,0.5210045576095581,1.2092499732971191,53.24800137329102,0.2053796797990799
observed_test,v2_2018_495_48h,,39,PCC,B,3.0529475563831596,0.0,0.7655375278913058,0.5210045576095581,1.2092499732971191,53.24800137329102,0.2053796797990799
observed_test,v2_2018_495_48h,,39,PCC,C,3.0529475563831596,0.0,0.7655375278913058,0.5210045576095581,1.2092499732971191,53.24800137329102,0.2053796797990799
observed_test,v2_2018_495_48h,,40,PCC,A,3.10486169952757,0.0,0.474541662977292,0.5631123185157776,1.2042999267578125,53.24800137329102,0.19705501198768616
observed_test,v2_2018_495_48h,,40,PCC,B,3.10486169952757,0.0,0.474541662977292,0.5631123185157776,1.2042999267578125,53.24800137329102,0.19705501198768616
observed_test,v2_2018_495_48h,,40,PCC,C,3.10486169952757,0.0,0.474541662977292,0.5631123185157776,1.2042999267578125,53.24800137329102,0.19705501198768616
observed_test,v2_2018_495_48h,,41,PCC,A,3.015879358822071,0.0,0.16185416338535455,0.5185338854789734,1.194849967956543,53.24800137329102,0.19714973866939545
observed_test,v2_2018_495_48h,,41,PCC,B,3.015879358822071,0.0,0.16185416338535455,0.5185338854789734,1.194849967956543,53.24800137329102,0.19714973866939545
observed_test,v2_2018_495_48h,,41,PCC,C,3.015879358822071,0.0,0.16185416338535455,0.5185338854789734,1.194849967956543,53.24800137329102,0.19714973866939545
observed_test,v2_2018_495_48h,,42,PCC,A,2.970751179332298,0.0,0.0,0.501911997795105,1.1859999895095825,121.88174847412108,0.19549787044525146
observed_test,v2_2018_495_48h,,42,PCC,B,2.970751179332298,0.0,0.0,0.501911997795105,1.1859999895095825,121.88174847412108,0.19549787044525146
observed_test,v2_2018_495_48h,,42,PCC,C,2.970751179332298,0.0,0.0,0.501911997795105,1.1859999895095825,121.88174847412108,0.19549787044525146
observed_test,v2_2018_495_48h,,43,PCC,A,3.0575569034667325,0.0,0.0,0.5692486763000488,1.1805249452590942,121.88174847412108,0.20548434555530548
observed_test,v2_2018_495_48h,,43,PCC,B,3.0575569034667325,0.0,0.0,0.5692486763000488,1.1805249452590942,121.88174847412108,0.20548434555530548
observed_test,v2_2018_495_48h,,43,PCC,C,3.0575569034667325,0.0,0.0,0.5692486763000488,1.1805249452590942,121.88174847412108,0.20548434555530548
observed_test,v2_2018_495_48h,,44,PCC,A,2.8872643472814503,0.0,0.0,0.458400696516037,1.1775249242782593,121.88174847412108,0.22544069588184357
observed_test,v2_2018_495_48h,,44,PCC,B,2.8872643472814503,0.0,0.0,0.458400696516037,1.1775249242782593,121.88174847412108,0.22544069588184357
observed_test,v2_2018_495_48h,,44,PCC,C,2.8872643472814503,0.0,0.0,0.458400696516037,1.1775249242782593,121.88174847412108,0.22544069588184357
observed_test,v2_2018_495_48h,,45,PCC,A,2.793754248244312,0.0,0.0,0.39928483963012695,1.1745250225067139,53.24800137329102,0.2574971914291382
observed_test,v2_2018_495_48h,,45,PCC,B,2.793754248244312,0.0,0.0,0.39928483963012695,1.1745250225067139,53.24800137329102,0.2574971914291382
observed_test,v2_2018_495_48h,,45,PCC,C,2.793754248244312,0.0,0.0,0.39928483963012695,1.1745250225067139,53.24800137329102,0.2574971914291382
observed_test,v2_2018_495_48h,,46,PCC,A,2.735798182211685,0.0,0.0,0.3637107312679291,1.1718249320983887,53.24800137329102,0.29241713881492615
observed_test,v2_2018_495_48h,,46,PCC,B,2.735798182211685,0.0,0.0,0.3637107312679291,1.1718249320983887,53.24800137329102,0.29241713881492615
observed_test,v2_2018_495_48h,,46,PCC,C,2.735798182211685,0.0,0.0,0.3637107312679291,1.1718249320983887,53.24800137329102,0.29241713881492615
observed_test,v2_2018_495_48h,,47,PCC,A,2.706053022675538,0.0,0.0,0.34759950637817383,1.1689000129699707,53.24800137329102,0.31094416975975037
observed_test,v2_2018_495_48h,,47,PCC,B,2.706053022675538,0.0,0.0,0.34759950637817383,1.1689000129699707,53.24800137329102,0.31094416975975037
observed_test,v2_2018_495_48h,,47,PCC,C,2.706053022675538,0.0,0.0,0.34759950637817383,1.1689000129699707,53.24800137329102,0.31094416975975037
observed_test,v2_2018_420_48h,,0,PCC,A,2.589738233557025,0.0,0.0,0.29431068897247314,1.149999976158142,53.24800137329102,0.22826462984085083
observed_test,v2_2018_420_48h,,0,PCC,B,2.589738233557025,0.0,0.0,0.29431068897247314,1.149999976158142,53.24800137329102,0.22826462984085083
observed_test,v2_2018_420_48h,,0,PCC,C,2.589738233557025,0.0,0.0,0.29431068897247314,1.149999976158142,53.24800137329102,0.22826462984085083
observed_test,v2_2018_420_48h,,1,PCC,A,2.6237012928594003,0.0,0.0,0.3179371654987335,1.149999976158142,34.72425106811524,0.2300264835357666
observed_test,v2_2018_420_48h,,1,PCC,B,2.6237012928594003,0.0,0.0,0.3179371654987335,1.149999976158142,34.72425106811524,0.2300264835357666
observed_test,v2_2018_420_48h,,1,PCC,C,2.6237012928594003,0.0,0.0,0.3179371654987335,1.149999976158142,34.72425106811524,0.2300264835357666
observed_test,v2_2018_420_48h,,2,PCC,A,2.4875831211508435,0.0,0.0,0.2232462614774704,1.149999976158142,34.72425106811524,0.23199740052223206
observed_test,v2_2018_420_48h,,2,PCC,B,2.4875831211508435,0.0,0.0,0.2232462614774704,1.149999976158142,34.72425106811524,0.23199740052223206
observed_test,v2_2018_420_48h,,2,PCC,C,2.4875831211508435,0.0,0.0,0.2232462614774704,1.149999976158142,34.72425106811524,0.23199740052223206
observed_test,v2_2018_420_48h,,3,PCC,A,2.5452259178952694,0.0,0.0,0.2633455991744995,1.149999976158142,53.24800137329102,0.2450748085975647
observed_test,v2_2018_420_48h,,3,PCC,B,2.5452259178952694,0.0,0.0,0.2633455991744995,1.149999976158142,53.24800137329102,0.2450748085975647
observed_test,v2_2018_420_48h,,3,PCC,C,2.5452259178952694,0.0,0.0,0.2633455991744995,1.149999976158142,53.24800137329102,0.2450748085975647
observed_test,v2_2018_420_48h,,4,PCC,A,2.6066056994782514,0.0,0.0,0.3060445785522461,1.149999976158142,53.24800137329102,0.24348342418670654
observed_test,v2_2018_420_48h,,4,PCC,B,2.6066056994782514,0.0,0.0,0.3060445785522461,1.149999976158142,53.24800137329102,0.24348342418670654
observed_test,v2_2018_420_48h,,4,PCC,C,2.6066056994782514,0.0,0.0,0.3060445785522461,1.149999976158142,53.24800137329102,0.24348342418670654
observed_test,v2_2018_420_48h,,5,PCC,A,2.5763726205374935,0.0,0.0,0.2850128710269928,1.149999976158142,53.24800137329102,0.23106816411018372
observed_test,v2_2018_420_48h,,5,PCC,B,2.5763726205374935,0.0,0.0,0.2850128710269928,1.149999976158142,53.24800137329102,0.23106816411018372
observed_test,v2_2018_420_48h,,5,PCC,C,2.5763726205374935,0.0,0.0,0.2850128710269928,1.149999976158142,53.24800137329102,0.23106816411018372
observed_test,v2_2018_420_48h,,6,PCC,A,2.7605416539868575,0.0,0.02077500013491282,0.4131304621696472,1.149999976158142,121.88174847412108,0.22681276500225067
observed_test,v2_2018_420_48h,,6,PCC,B,2.7605416539868575,0.0,0.02077500013491282,0.4131304621696472,1.149999976158142,121.88174847412108,0.22681276500225067
observed_test,v2_2018_420_48h,,6,PCC,C,2.7605416539868575,0.0,0.02077500013491282,0.4131304621696472,1.149999976158142,121.88174847412108,0.22681276500225067
observed_test,v2_2018_420_48h,,7,PCC,A,3.0129513006293838,0.0,0.06852083337994722,0.5887197852134705,1.149999976158142,121.88174847412108,0.23101766407489777
observed_test,v2_2018_420_48h,,7,PCC,B,3.0129513006293838,0.0,0.06852083337994722,0.5887197852134705,1.149999976158142,121.88174847412108,0.23101766407489777
observed_test,v2_2018_420_48h,,7,PCC,C,3.0129513006293838,0.0,0.06852083337994722,0.5887197852134705,1.149999976158142,121.88174847412108,0.23101766407489777
observed_test,v2_2018_420_48h,,8,PCC,A,2.7649040079514635,0.0,0.13574583885761407,0.41616514325141907,1.149999976158142,121.88174847412108,0.23152799904346466
observed_test,v2_2018_420_48h,,8,PCC,B,2.7649040079514635,0.0,0.13574583885761407,0.41616514325141907,1.149999976158142,121.88174847412108,0.23152799904346466
observed_test,v2_2018_420_48h,,8,PCC,C,2.7649040079514635,0.0,0.13574583885761407,0.41616514325141907,1.149999976158142,121.88174847412108,0.23152799904346466
observed_test,v2_2018_420_48h,,9,PCC,A,2.9051724072175276,0.0,0.16797917106976876,0.5137431621551514,1.149999976158142,121.88174847412108,0.23072364926338196
observed_test,v2_2018_420_48h,,9,PCC,B,2.9051724072175276,0.0,0.16797917106976876,0.5137431621551514,1.149999976158142,121.88174847412108,0.23072364926338196
observed_test,v2_2018_420_48h,,9,PCC,C,2.9051724072175276,0.0,0.16797917106976876,0.5137431621551514,1.149999976158142,121.88174847412108,0.23072364926338196
observed_test,v2_2018_420_48h,,10,PCC,A,2.6904467608222724,0.0,0.33815832665333373,0.3643687963485718,1.149999976158142,53.24800137329102,0.23165099322795868
observed_test,v2_2018_420_48h,,10,PCC,B,2.6904467608222724,0.0,0.33815832665333373,0.3643687963485718,1.149999976158142,53.24800137329102,0.23165099322795868
observed_test,v2_2018_420_48h,,10,PCC,C,2.6904467608222724,0.0,0.33815832665333373,0.3643687963485718,1.149999976158142,53.24800137329102,0.23165099322795868
observed_test,v2_2018_420_48h,,11,PCC,A,2.686130632121376,0.0,0.10508750207149065,0.36136627197265625,1.149999976158142,53.24800137329102,0.23457318544387817
observed_test,v2_2018_420_48h,,11,PCC,B,2.686130632121376,0.0,0.10508750207149065,0.36136627197265625,1.149999976158142,53.24800137329102,0.23457318544387817
observed_test,v2_2018_420_48h,,11,PCC,C,2.686130632121376,0.0,0.10508750207149065,0.36136627197265625,1.149999976158142,53.24800137329102,0.23457318544387817
observed_test,v2_2018_420_48h,,12,PCC,A,2.940481482794702,0.0,0.2691791607783391,0.5383059978485107,1.149999976158142,34.72425106811524,0.23091533780097961
observed_test,v2_2018_420_48h,,12,PCC,B,2.940481482794702,0.0,0.2691791607783391,0.5383059978485107,1.149999976158142,34.72425106811524,0.23091533780097961
observed_test,v2_2018_420_48h,,12,PCC,C,2.940481482794702,0.0,0.2691791607783391,0.5383059978485107,1.149999976158142,34.72425106811524,0.23091533780097961
observed_test,v2_2018_420_48h,,13,PCC,A,3.033735447282245,0.0,0.22187916418680775,0.6031783223152161,1.149999976158142,34.72425106811524,0.21288548409938812
observed_test,v2_2018_420_48h,,13,PCC,B,3.033735447282245,0.0,0.22187916418680775,0.6031783223152161,1.149999976158142,34.72425106811524,0.21288548409938812
observed_test,v2_2018_420_48h,,13,PCC,C,3.033735447282245,0.0,0.22187916418680775,0.6031783223152161,1.149999976158142,34.72425106811524,0.21288548409938812
observed_test,v2_2018_420_48h,,14,PCC,A,3.1232014249141358,0.0,0.20460416204654253,0.6654155254364014,1.149999976158142,34.72425106811524,0.20542694628238678
observed_test,v2_2018_420_48h,,14,PCC,B,3.1232014249141358,0.0,0.20460416204654253,0.6654155254364014,1.149999976158142,34.72425106811524,0.20542694628238678
observed_test,v2_2018_420_48h,,14,PCC,C,3.1232014249141358,0.0,0.20460416204654253,0.6654155254364014,1.149999976158142,34.72425106811524,0.20542694628238678
observed_test,v2_2018_420_48h,,15,PCC,A,2.915610662966831,0.0,0.2502041653944896,0.5210045576095581,1.149999976158142,34.72425106811524,0.19815398752689362
observed_test,v2_2018_420_48h,,15,PCC,B,2.915610662966831,0.0,0.2502041653944896,0.5210045576095581,1.149999976158142,34.72425106811524,0.19815398752689362
observed_test,v2_2018_420_48h,,15,PCC,C,2.915610662966831,0.0,0.2502041653944896,0.5210045576095581,1.149999976158142,34.72425106811524,0.19815398752689362
observed_test,v2_2018_420_48h,,16,PCC,A,2.9761405680146122,0.0,0.03888749947341589,0.5631123185157776,1.149999976158142,53.24800137329102,0.2050570547580719
observed_test,v2_2018_420_48h,,16,PCC,B,2.9761405680146122,0.0,0.03888749947341589,0.5631123185157776,1.149999976158142,53.24800137329102,0.2050570547580719
observed_test,v2_2018_420_48h,,16,PCC,C,2.9761405680146122,0.0,0.03888749947341589,0.5631123185157776,1.149999976158142,53.24800137329102,0.2050570547580719
observed_test,v2_2018_420_48h,,17,PCC,A,2.912059071852747,0.0,0.06270416510792878,0.5185338854789734,1.149999976158142,53.24800137329102,0.2133883535861969
observed_test,v2_2018_420_48h,,17,PCC,B,2.912059071852747,0.0,0.06270416510792878,0.5185338854789734,1.149999976158142,53.24800137329102,0.2133883535861969
observed_test,v2_2018_420_48h,,17,PCC,C,2.912059071852747,0.0,0.06270416510792878,0.5185338854789734,1.149999976158142,53.24800137329102,0.2133883535861969
observed_test,v2_2018_420_48h,,18,PCC,A,2.888165108802557,0.0,0.02548333364897049,0.501911997795105,1.149999976158142,53.24800137329102,0.21700935065746307
observed_test,v2_2018_420_48h,,18,PCC,B,2.888165108802557,0.0,0.02548333364897049,0.501911997795105,1.149999976158142,53.24800137329102,0.21700935065746307
observed_test,v2_2018_420_48h,,18,PCC,C,2.888165108802557,0.0,0.02548333364897049,0.501911997795105,1.149999976158142,53.24800137329102,0.21700935065746307
observed_test,v2_2018_420_48h,,19,PCC,A,2.9849615821466244,0.0,0.0,0.5692486763000488,1.149999976158142,53.24800137329102,0.2190818190574646
observed_test,v2_2018_420_48h,,19,PCC,B,2.9849615821466244,0.0,0.0,0.5692486763000488,1.149999976158142,53.24800137329102,0.2190818190574646
observed_test,v2_2018_420_48h,,19,PCC,C,2.9849615821466244,0.0,0.0,0.5692486763000488,1.149999976158142,53.24800137329102,0.2190818190574646
observed_test,v2_2018_420_48h,,20,PCC,A,2.825617614510635,0.0,0.0,0.458400696516037,1.149999976158142,53.24800137329102,0.22499531507492065
observed_test,v2_2018_420_48h,,20,PCC,B,2.825617614510635,0.0,0.0,0.458400696516037,1.149999976158142,53.24800137329102,0.22499531507492065
observed_test,v2_2018_420_48h,,20,PCC,C,2.825617614510635,0.0,0.0,0.458400696516037,1.149999976158142,53.24800137329102,0.22499531507492065
observed_test,v2_2018_420_48h,,21,PCC,A,2.740638571998929,0.0,0.0,0.39928483963012695,1.149999976158142,53.24800137329102,0.2404138743877411
observed_test,v2_2018_420_48h,,21,PCC,B,2.740638571998929,0.0,0.0,0.39928483963012695,1.149999976158142,53.24800137329102,0.2404138743877411
observed_test,v2_2018_420_48h,,21,PCC,C,2.740638571998929,0.0,0.0,0.39928483963012695,1.149999976158142,53.24800137329102,0.2404138743877411
observed_test,v2_2018_420_48h,,22,PCC,A,2.689500792288461,0.0,0.0,0.3637107312679291,1.149999976158142,53.24800137329102,0.26650428771972656
observed_test,v2_2018_420_48h,,22,PCC,B,2.689500792288461,0.0,0.0,0.3637107312679291,1.149999976158142,53.24800137329102,0.26650428771972656
observed_test,v2_2018_420_48h,,22,PCC,C,2.689500792288461,0.0,0.0,0.3637107312679291,1.149999976158142,53.24800137329102,0.26650428771972656
observed_test,v2_2018_420_48h,,23,PCC,A,2.666340906989589,0.0,0.0,0.34759950637817383,1.149999976158142,53.24800137329102,0.27035894989967346
observed_test,v2_2018_420_48h,,23,PCC,B,2.666340906989589,0.0,0.0,0.34759950637817383,1.149999976158142,53.24800137329102,0.27035894989967346
observed_test,v2_2018_420_48h,,23,PCC,C,2.666340906989589,0.0,0.0,0.34759950637817383,1.149999976158142,53.24800137329102,0.27035894989967346
observed_test,v2_2018_420_48h,,24,PCC,A,2.589738233557025,0.0,0.0,0.29431068897247314,1.149999976158142,53.24800137329102,0.27021366357803345
observed_test,v2_2018_420_48h,,24,PCC,B,2.589738233557025,0.0,0.0,0.29431068897247314,1.149999976158142,53.24800137329102,0.27021366357803345
observed_test,v2_2018_420_48h,,24,PCC,C,2.589738233557025,0.0,0.0,0.29431068897247314,1.149999976158142,53.24800137329102,0.27021366357803345
observed_test,v2_2018_420_48h,,25,PCC,A,2.6237012928594003,0.0,0.0,0.3179371654987335,1.149999976158142,34.72425106811524,0.2689494490623474
observed_test,v2_2018_420_48h,,25,PCC,B,2.6237012928594003,0.0,0.0,0.3179371654987335,1.149999976158142,34.72425106811524,0.2689494490623474
observed_test,v2_2018_420_48h,,25,PCC,C,2.6237012928594003,0.0,0.0,0.3179371654987335,1.149999976158142,34.72425106811524,0.2689494490623474
observed_test,v2_2018_420_48h,,26,PCC,A,2.4875831211508435,0.0,0.0,0.2232462614774704,1.149999976158142,34.72425106811524,0.28191912174224854
observed_test,v2_2018_420_48h,,26,PCC,B,2.4875831211508435,0.0,0.0,0.2232462614774704,1.149999976158142,34.72425106811524,0.28191912174224854
observed_test,v2_2018_420_48h,,26,PCC,C,2.4875831211508435,0.0,0.0,0.2232462614774704,1.149999976158142,34.72425106811524,0.28191912174224854
observed_test,v2_2018_420_48h,,27,PCC,A,2.5452259178952694,0.0,0.0,0.2633455991744995,1.149999976158142,53.24800137329102,0.28874415159225464
observed_test,v2_2018_420_48h,,27,PCC,B,2.5452259178952694,0.0,0.0,0.2633455991744995,1.149999976158142,53.24800137329102,0.28874415159225464
observed_test,v2_2018_420_48h,,27,PCC,C,2.5452259178952694,0.0,0.0,0.2633455991744995,1.149999976158142,53.24800137329102,0.28874415159225464
observed_test,v2_2018_420_48h,,28,PCC,A,2.6066056994782514,0.0,0.0,0.3060445785522461,1.149999976158142,53.24800137329102,0.2743911147117615
observed_test,v2_2018_420_48h,,28,PCC,B,2.6066056994782514,0.0,0.0,0.3060445785522461,1.149999976158142,53.24800137329102,0.2743911147117615
observed_test,v2_2018_420_48h,,28,PCC,C,2.6066056994782514,0.0,0.0,0.3060445785522461,1.149999976158142,53.24800137329102,0.2743911147117615
observed_test,v2_2018_420_48h,,29,PCC,A,2.5763726205374935,0.0,0.0,0.2850128710269928,1.149999976158142,53.24800137329102,0.2756700813770294
observed_test,v2_2018_420_48h,,29,PCC,B,2.5763726205374935,0.0,0.0,0.2850128710269928,1.149999976158142,53.24800137329102,0.2756700813770294
observed_test,v2_2018_420_48h,,29,PCC,C,2.5763726205374935,0.0,0.0,0.2850128710269928,1.149999976158142,53.24800137329102,0.2756700813770294
observed_test,v2_2018_420_48h,,30,PCC,A,2.7605416539868575,0.0,0.007033333307705246,0.4131304621696472,1.149999976158142,121.88174847412108,0.2627776861190796
observed_test,v2_2018_420_48h,,30,PCC,B,2.7605416539868575,0.0,0.007033333307705246,0.4131304621696472,1.149999976158142,121.88174847412108,0.2627776861190796
observed_test,v2_2018_420_48h,,30,PCC,C,2.7605416539868575,0.0,0.007033333307705246,0.4131304621696472,1.149999976158142,121.88174847412108,0.2627776861190796
observed_test,v2_2018_420_48h,,31,PCC,A,3.0129513006293838,0.0,0.044374998945456275,0.5887197852134705,1.149999976158142,121.88174847412108,0.24996161460876465
observed_test,v2_2018_420_48h,,31,PCC,B,3.0129513006293838,0.0,0.044374998945456275,0.5887197852134705,1.149999976158142,121.88174847412108,0.24996161460876465
observed_test,v2_2018_420_48h,,31,PCC,C,3.0129513006293838,0.0,0.044374998945456275,0.5887197852134705,1.149999976158142,121.88174847412108,0.24996161460876465
observed_test,v2_2018_420_48h,,32,PCC,A,2.7649040079514635,0.0,0.07812083483888552,0.41616514325141907,1.149999976158142,121.88174847412108,0.24707892537117004
observed_test,v2_2018_420_48h,,32,PCC,B,2.7649040079514635,0.0,0.07812083483888552,0.41616514325141907,1.149999976158142,121.88174847412108,0.24707892537117004
observed_test,v2_2018_420_48h,,32,PCC,C,2.7649040079514635,0.0,0.07812083483888552,0.41616514325141907,1.149999976158142,121.88174847412108,0.24707892537117004
observed_test,v2_2018_420_48h,,33,PCC,A,2.9051724072175276,0.0,0.1453249930189206,0.5137431621551514,1.149999976158142,121.88174847412108,0.2489013671875
observed_test,v2_2018_420_48h,,33,PCC,B,2.9051724072175276,0.0,0.1453249930189206,0.5137431621551514,1.149999976158142,121.88174847412108,0.2489013671875
observed_test,v2_2018_420_48h,,33,PCC,C,2.9051724072175276,0.0,0.1453249930189206,0.5137431621551514,1.149999976158142,121.88174847412108,0.2489013671875
observed_test,v2_2018_420_48h,,34,PCC,A,2.6904467608222724,0.0,0.14801250340846867,0.3643687963485718,1.149999976158142,53.24800137329102,0.25076907873153687
observed_test,v2_2018_420_48h,,34,PCC,B,2.6904467608222724,0.0,0.14801250340846867,0.3643687963485718,1.149999976158142,53.24800137329102,0.25076907873153687
observed_test,v2_2018_420_48h,,34,PCC,C,2.6904467608222724,0.0,0.14801250340846867,0.3643687963485718,1.149999976158142,53.24800137329102,0.25076907873153687
observed_test,v2_2018_420_48h,,35,PCC,A,2.686130632121376,0.0,0.1259541712128199,0.36136627197265625,1.149999976158142,53.24800137329102,0.25952115654945374
observed_test,v2_2018_420_48h,,35,PCC,B,2.686130632121376,0.0,0.1259541712128199,0.36136627197265625,1.149999976158142,53.24800137329102,0.25952115654945374
observed_test,v2_2018_420_48h,,35,PCC,C,2.686130632121376,0.0,0.1259541712128199,0.36136627197265625,1.149999976158142,53.24800137329102,0.25952115654945374
observed_test,v2_2018_420_48h,,36,PCC,A,2.940481482794702,0.0,0.10593749869328278,0.5383059978485107,1.149999976158142,34.72425106811524,0.27041664719581604
observed_test,v2_2018_420_48h,,36,PCC,B,2.940481482794702,0.0,0.10593749869328278,0.5383059978485107,1.149999976158142,34.72425106811524,0.27041664719581604
observed_test,v2_2018_420_48h,,36,PCC,C,2.940481482794702,0.0,0.10593749869328278,0.5383059978485107,1.149999976158142,34.72425106811524,0.27041664719581604
observed_test,v2_2018_420_48h,,37,PCC,A,3.033735447282245,0.0,0.11478749891886343,0.6031783223152161,1.149999976158142,34.72425106811524,0.2573597729206085
observed_test,v2_2018_420_48h,,37,PCC,B,3.033735447282245,0.0,0.11478749891886343,0.6031783223152161,1.149999976158142,34.72425106811524,0.2573597729206085
observed_test,v2_2018_420_48h,,37,PCC,C,3.033735447282245,0.0,0.11478749891886343,0.6031783223152161,1.149999976158142,34.72425106811524,0.2573597729206085
observed_test,v2_2018_420_48h,,38,PCC,A,3.1232014249141358,0.0,0.13570417291842973,0.6654155254364014,1.149999976158142,34.72425106811524,0.2475329339504242
observed_test,v2_2018_420_48h,,38,PCC,B,3.1232014249141358,0.0,0.13570417291842973,0.6654155254364014,1.149999976158142,34.72425106811524,0.2475329339504242
observed_test,v2_2018_420_48h,,38,PCC,C,3.1232014249141358,0.0,0.13570417291842973,0.6654155254364014,1.149999976158142,34.72425106811524,0.2475329339504242
observed_test,v2_2018_420_48h,,39,PCC,A,2.915610662966831,0.0,0.09556667019541447,0.5210045576095581,1.149999976158142,34.72425106811524,0.24321039021015167
observed_test,v2_2018_420_48h,,39,PCC,B,2.915610662966831,0.0,0.09556667019541447,0.5210045576095581,1.149999976158142,34.72425106811524,0.24321039021015167
observed_test,v2_2018_420_48h,,39,PCC,C,2.915610662966831,0.0,0.09556667019541447,0.5210045576095581,1.149999976158142,34.72425106811524,0.24321039021015167
observed_test,v2_2018_420_48h,,40,PCC,A,2.9761405680146122,0.0,0.1675708362689385,0.5631123185157776,1.149999976158142,53.24800137329102,0.2491816133260727
observed_test,v2_2018_420_48h,,40,PCC,B,2.9761405680146122,0.0,0.1675708362689385,0.5631123185157776,1.149999976158142,53.24800137329102,0.2491816133260727
observed_test,v2_2018_420_48h,,40,PCC,C,2.9761405680146122,0.0,0.1675708362689385,0.5631123185157776,1.149999976158142,53.24800137329102,0.2491816133260727
observed_test,v2_2018_420_48h,,41,PCC,A,2.912059071852747,0.0,0.08465417016011018,0.5185338854789734,1.149999976158142,53.24800137329102,0.2657085955142975
observed_test,v2_2018_420_48h,,41,PCC,B,2.912059071852747,0.0,0.08465417016011018,0.5185338854789734,1.149999976158142,53.24800137329102,0.2657085955142975
observed_test,v2_2018_420_48h,,41,PCC,C,2.912059071852747,0.0,0.08465417016011018,0.5185338854789734,1.149999976158142,53.24800137329102,0.2657085955142975
observed_test,v2_2018_420_48h,,42,PCC,A,2.888165108802557,0.0,0.004045833170843812,0.501911997795105,1.149999976158142,53.24800137329102,0.28442761301994324
observed_test,v2_2018_420_48h,,42,PCC,B,2.888165108802557,0.0,0.004045833170843812,0.501911997795105,1.149999976158142,53.24800137329102,0.28442761301994324
observed_test,v2_2018_420_48h,,42,PCC,C,2.888165108802557,0.0,0.004045833170843812,0.501911997795105,1.149999976158142,53.24800137329102,0.28442761301994324
observed_test,v2_2018_420_48h,,43,PCC,A,2.9849615821466244,0.0,0.0,0.5692486763000488,1.149999976158142,53.24800137329102,0.30174151062965393
observed_test,v2_2018_420_48h,,43,PCC,B,2.9849615821466244,0.0,0.0,0.5692486763000488,1.149999976158142,53.24800137329102,0.30174151062965393
observed_test,v2_2018_420_48h,,43,PCC,C,2.9849615821466244,0.0,0.0,0.5692486763000488,1.149999976158142,53.24800137329102,0.30174151062965393
observed_test,v2_2018_420_48h,,44,PCC,A,2.825617614510635,0.0,0.0,0.458400696516037,1.149999976158142,53.24800137329102,0.31503793597221375
observed_test,v2_2018_420_48h,,44,PCC,B,2.825617614510635,0.0,0.0,0.458400696516037,1.149999976158142,53.24800137329102,0.31503793597221375
observed_test,v2_2018_420_48h,,44,PCC,C,2.825617614510635,0.0,0.0,0.458400696516037,1.149999976158142,53.24800137329102,0.31503793597221375
observed_test,v2_2018_420_48h,,45,PCC,A,2.740638571998929,0.0,0.0,0.39928483963012695,1.149999976158142,53.24800137329102,0.3256334662437439
observed_test,v2_2018_420_48h,,45,PCC,B,2.740638571998929,0.0,0.0,0.39928483963012695,1.149999976158142,53.24800137329102,0.3256334662437439
observed_test,v2_2018_420_48h,,45,PCC,C,2.740638571998929,0.0,0.0,0.39928483963012695,1.149999976158142,53.24800137329102,0.3256334662437439
observed_test,v2_2018_420_48h,,46,PCC,A,2.689500792288461,0.0,0.0,0.3637107312679291,1.149999976158142,53.24800137329102,0.3141850531101227
observed_test,v2_2018_420_48h,,46,PCC,B,2.689500792288461,0.0,0.0,0.3637107312679291,1.149999976158142,53.24800137329102,0.3141850531101227
observed_test,v2_2018_420_48h,,46,PCC,C,2.689500792288461,0.0,0.0,0.3637107312679291,1.149999976158142,53.24800137329102,0.3141850531101227
observed_test,v2_2018_420_48h,,47,PCC,A,2.666340906989589,0.0,0.0,0.34759950637817383,1.149999976158142,53.24800137329102,0.30580610036849976
observed_test,v2_2018_420_48h,,47,PCC,B,2.666340906989589,0.0,0.0,0.34759950637817383,1.149999976158142,53.24800137329102,0.30580610036849976
observed_test,v2_2018_420_48h,,47,PCC,C,2.666340906989589,0.0,0.0,0.34759950637817383,1.149999976158142,53.24800137329102,0.30580610036849976
observed_test,v2_2018_517_48h,,0,PCC,A,2.589738233557025,0.0,0.0,0.29431068897247314,1.149999976158142,53.24800137329102,0.31878119707107544
observed_test,v2_2018_517_48h,,0,PCC,B,2.589738233557025,0.0,0.0,0.29431068897247314,1.149999976158142,53.24800137329102,0.31878119707107544
observed_test,v2_2018_517_48h,,0,PCC,C,2.589738233557025,0.0,0.0,0.29431068897247314,1.149999976158142,53.24800137329102,0.31878119707107544
observed_test,v2_2018_517_48h,,1,PCC,A,2.6237012928594003,0.0,0.0,0.3179371654987335,1.149999976158142,53.24800137329102,0.32118916511535645
observed_test,v2_2018_517_48h,,1,PCC,B,2.6237012928594003,0.0,0.0,0.3179371654987335,1.149999976158142,53.24800137329102,0.32118916511535645
observed_test,v2_2018_517_48h,,1,PCC,C,2.6237012928594003,0.0,0.0,0.3179371654987335,1.149999976158142,53.24800137329102,0.32118916511535645
observed_test,v2_2018_517_48h,,2,PCC,A,2.4875831211508435,0.0,0.0,0.2232462614774704,1.149999976158142,53.24800137329102,0.33704617619514465
observed_test,v2_2018_517_48h,,2,PCC,B,2.4875831211508435,0.0,0.0,0.2232462614774704,1.149999976158142,53.24800137329102,0.33704617619514465
observed_test,v2_2018_517_48h,,2,PCC,C,2.4875831211508435,0.0,0.0,0.2232462614774704,1.149999976158142,53.24800137329102,0.33704617619514465
observed_test,v2_2018_517_48h,,3,PCC,A,2.5452259178952694,0.0,0.0,0.2633455991744995,1.149999976158142,53.24800137329102,0.3459780812263489
observed_test,v2_2018_517_48h,,3,PCC,B,2.5452259178952694,0.0,0.0,0.2633455991744995,1.149999976158142,53.24800137329102,0.3459780812263489
observed_test,v2_2018_517_48h,,3,PCC,C,2.5452259178952694,0.0,0.0,0.2633455991744995,1.149999976158142,53.24800137329102,0.3459780812263489
observed_test,v2_2018_517_48h,,4,PCC,A,2.6066056994782514,0.0,0.0,0.3060445785522461,1.149999976158142,53.24800137329102,0.317017138004303
observed_test,v2_2018_517_48h,,4,PCC,B,2.6066056994782514,0.0,0.0,0.3060445785522461,1.149999976158142,53.24800137329102,0.317017138004303
observed_test,v2_2018_517_48h,,4,PCC,C,2.6066056994782514,0.0,0.0,0.3060445785522461,1.149999976158142,53.24800137329102,0.317017138004303
observed_test,v2_2018_517_48h,,5,PCC,A,2.5763726205374935,0.0,0.0,0.2850128710269928,1.149999976158142,53.24800137329102,0.2949502170085907
observed_test,v2_2018_517_48h,,5,PCC,B,2.5763726205374935,0.0,0.0,0.2850128710269928,1.149999976158142,53.24800137329102,0.2949502170085907
observed_test,v2_2018_517_48h,,5,PCC,C,2.5763726205374935,0.0,0.0,0.2850128710269928,1.149999976158142,53.24800137329102,0.2949502170085907
observed_test,v2_2018_517_48h,,6,PCC,A,2.7605416539868575,0.0,0.0,0.4131304621696472,1.149999976158142,53.24800137329102,0.2756158411502838
observed_test,v2_2018_517_48h,,6,PCC,B,2.7605416539868575,0.0,0.0,0.4131304621696472,1.149999976158142,53.24800137329102,0.2756158411502838
observed_test,v2_2018_517_48h,,6,PCC,C,2.7605416539868575,0.0,0.0,0.4131304621696472,1.149999976158142,53.24800137329102,0.2756158411502838
observed_test,v2_2018_517_48h,,7,PCC,A,3.0129513006293838,0.0,0.19284582768495265,0.5887197852134705,1.149999976158142,53.24800137329102,0.2672480344772339
observed_test,v2_2018_517_48h,,7,PCC,B,3.0129513006293838,0.0,0.19284582768495265,0.5887197852134705,1.149999976158142,53.24800137329102,0.2672480344772339
observed_test,v2_2018_517_48h,,7,PCC,C,3.0129513006293838,0.0,0.19284582768495265,0.5887197852134705,1.149999976158142,53.24800137329102,0.2672480344772339
observed_test,v2_2018_517_48h,,8,PCC,A,2.7649040079514635,0.0,0.6171041383193089,0.41616514325141907,1.149999976158142,53.24800137329102,0.2666736841201782
observed_test,v2_2018_517_48h,,8,PCC,B,2.7649040079514635,0.0,0.6171041383193089,0.41616514325141907,1.149999976158142,53.24800137329102,0.2666736841201782
observed_test,v2_2018_517_48h,,8,PCC,C,2.7649040079514635,0.0,0.6171041383193089,0.41616514325141907,1.149999976158142,53.24800137329102,0.2666736841201782
observed_test,v2_2018_517_48h,,9,PCC,A,2.9051724072175276,0.0,0.9328333231119008,0.5137431621551514,1.149999976158142,53.24800137329102,0.27404993772506714
observed_test,v2_2018_517_48h,,9,PCC,B,2.9051724072175276,0.0,0.9328333231119008,0.5137431621551514,1.149999976158142,53.24800137329102,0.27404993772506714
observed_test,v2_2018_517_48h,,9,PCC,C,2.9051724072175276,0.0,0.9328333231119008,0.5137431621551514,1.149999976158142,53.24800137329102,0.27404993772506714
observed_test,v2_2018_517_48h,,10,PCC,A,2.6904467608222724,0.0,1.128175052312704,0.3643687963485718,1.149999976158142,53.24800137329102,0.28345242142677307
observed_test,v2_2018_517_48h,,10,PCC,B,2.6904467608222724,0.0,1.128175052312704,0.3643687963485718,1.149999976158142,53.24800137329102,0.28345242142677307
observed_test,v2_2018_517_48h,,10,PCC,C,2.6904467608222724,0.0,1.128175052312704,0.3643687963485718,1.149999976158142,53.24800137329102,0.28345242142677307
observed_test,v2_2018_517_48h,,11,PCC,A,2.686130632121376,0.0,1.2329041957855222,0.36136627197265625,1.149999976158142,53.24800137329102,0.31401392817497253
observed_test,v2_2018_517_48h,,11,PCC,B,2.686130632121376,0.0,1.2329041957855222,0.36136627197265625,1.149999976158142,53.24800137329102,0.31401392817497253
observed_test,v2_2018_517_48h,,11,PCC,C,2.686130632121376,0.0,1.2329041957855222,0.36136627197265625,1.149999976158142,53.24800137329102,0.31401392817497253
observed_test,v2_2018_517_48h,,12,PCC,A,2.940481482794702,0.0,1.240691657249744,0.5383059978485107,1.149999976158142,53.24800137329102,0.33215922117233276
observed_test,v2_2018_517_48h,,12,PCC,B,2.940481482794702,0.0,1.240691657249744,0.5383059978485107,1.149999976158142,53.24800137329102,0.33215922117233276
observed_test,v2_2018_517_48h,,12,PCC,C,2.940481482794702,0.0,1.240691657249744,0.5383059978485107,1.149999976158142,53.24800137329102,0.33215922117233276
observed_test,v2_2018_517_48h,,13,PCC,A,3.033735447282245,0.0,1.1512124767670264,0.6031783223152161,1.149999976158142,53.24800137329102,0.34412243962287903
observed_test,v2_2018_517_48h,,13,PCC,B,3.033735447282245,0.0,1.1512124767670264,0.6031783223152161,1.149999976158142,53.24800137329102,0.34412243962287903
observed_test,v2_2018_517_48h,,13,PCC,C,3.033735447282245,0.0,1.1512124767670264,0.6031783223152161,1.149999976158142,53.24800137329102,0.34412243962287903
observed_test,v2_2018_517_48h,,14,PCC,A,3.1232014249141358,0.0,0.9769875269669752,0.6654155254364014,1.149999976158142,53.24800137329102,0.3076339364051819
observed_test,v2_2018_517_48h,,14,PCC,B,3.1232014249141358,0.0,0.9769875269669752,0.6654155254364014,1.149999976158142,53.24800137329102,0.3076339364051819
observed_test,v2_2018_517_48h,,14,PCC,C,3.1232014249141358,0.0,0.9769875269669752,0.6654155254364014,1.149999976158142,53.24800137329102,0.3076339364051819
observed_test,v2_2018_517_48h,,15,PCC,A,2.915610662966831,0.0,0.712874990243178,0.5210045576095581,1.149999976158142,53.24800137329102,0.2615348994731903
observed_test,v2_2018_517_48h,,15,PCC,B,2.915610662966831,0.0,0.712874990243178,0.5210045576095581,1.149999976158142,53.24800137329102,0.2615348994731903
observed_test,v2_2018_517_48h,,15,PCC,C,2.915610662966831,0.0,0.712874990243178,0.5210045576095581,1.149999976158142,53.24800137329102,0.2615348994731903
observed_test,v2_2018_517_48h,,16,PCC,A,2.9761405680146122,0.0,0.34545416442247534,0.5631123185157776,1.149999976158142,53.24800137329102,0.24569140374660492
observed_test,v2_2018_517_48h,,16,PCC,B,2.9761405680146122,0.0,0.34545416442247534,0.5631123185157776,1.149999976158142,53.24800137329102,0.24569140374660492
observed_test,v2_2018_517_48h,,16,PCC,C,2.9761405680146122,0.0,0.34545416442247534,0.5631123185157776,1.149999976158142,53.24800137329102,0.24569140374660492
observed_test,v2_2018_517_48h,,17,PCC,A,2.912059071852747,0.0,0.012487499938847927,0.5185338854789734,1.149999976158142,53.24800137329102,0.2300431877374649
observed_test,v2_2018_517_48h,,17,PCC,B,2.912059071852747,0.0,0.012487499938847927,0.5185338854789734,1.149999976158142,53.24800137329102,0.2300431877374649
observed_test,v2_2018_517_48h,,17,PCC,C,2.912059071852747,0.0,0.012487499938847927,0.5185338854789734,1.149999976158142,53.24800137329102,0.2300431877374649
observed_test,v2_2018_517_48h,,18,PCC,A,2.888165108802557,0.0,0.0,0.501911997795105,1.149999976158142,53.24800137329102,0.22895246744155884
observed_test,v2_2018_517_48h,,18,PCC,B,2.888165108802557,0.0,0.0,0.501911997795105,1.149999976158142,53.24800137329102,0.22895246744155884
observed_test,v2_2018_517_48h,,18,PCC,C,2.888165108802557,0.0,0.0,0.501911997795105,1.149999976158142,53.24800137329102,0.22895246744155884
observed_test,v2_2018_517_48h,,19,PCC,A,2.9849615821466244,0.0,0.0,0.5692486763000488,1.149999976158142,53.24800137329102,0.24547912180423737
observed_test,v2_2018_517_48h,,19,PCC,B,2.9849615821466244,0.0,0.0,0.5692486763000488,1.149999976158142,53.24800137329102,0.24547912180423737
observed_test,v2_2018_517_48h,,19,PCC,C,2.9849615821466244,0.0,0.0,0.5692486763000488,1.149999976158142,53.24800137329102,0.24547912180423737
observed_test,v2_2018_517_48h,,20,PCC,A,2.825617614510635,0.0,0.0,0.458400696516037,1.149999976158142,53.24800137329102,0.2775125801563263
observed_test,v2_2018_517_48h,,20,PCC,B,2.825617614510635,0.0,0.0,0.458400696516037,1.149999976158142,53.24800137329102,0.2775125801563263
observed_test,v2_2018_517_48h,,20,PCC,C,2.825617614510635,0.0,0.0,0.458400696516037,1.149999976158142,53.24800137329102,0.2775125801563263
observed_test,v2_2018_517_48h,,21,PCC,A,2.740638571998929,0.0,0.0,0.39928483963012695,1.149999976158142,53.24800137329102,0.329254686832428
observed_test,v2_2018_517_48h,,21,PCC,B,2.740638571998929,0.0,0.0,0.39928483963012695,1.149999976158142,53.24800137329102,0.329254686832428
observed_test,v2_2018_517_48h,,21,PCC,C,2.740638571998929,0.0,0.0,0.39928483963012695,1.149999976158142,53.24800137329102,0.329254686832428
observed_test,v2_2018_517_48h,,22,PCC,A,2.689500792288461,0.0,0.0,0.3637107312679291,1.149999976158142,53.24800137329102,0.34110918641090393
observed_test,v2_2018_517_48h,,22,PCC,B,2.689500792288461,0.0,0.0,0.3637107312679291,1.149999976158142,53.24800137329102,0.34110918641090393
observed_test,v2_2018_517_48h,,22,PCC,C,2.689500792288461,0.0,0.0,0.3637107312679291,1.149999976158142,53.24800137329102,0.34110918641090393
observed_test,v2_2018_517_48h,,23,PCC,A,2.666340906989589,0.0,0.0,0.34759950637817383,1.149999976158142,53.24800137329102,0.32101884484291077
observed_test,v2_2018_517_48h,,23,PCC,B,2.666340906989589,0.0,0.0,0.34759950637817383,1.149999976158142,53.24800137329102,0.32101884484291077
observed_test,v2_2018_517_48h,,23,PCC,C,2.666340906989589,0.0,0.0,0.34759950637817383,1.149999976158142,53.24800137329102,0.32101884484291077
observed_test,v2_2018_517_48h,,24,PCC,A,2.589738233557025,0.0,0.0,0.29431068897247314,1.149999976158142,53.24800137329102,0.32471373677253723
observed_test,v2_2018_517_48h,,24,PCC,B,2.589738233557025,0.0,0.0,0.29431068897247314,1.149999976158142,53.24800137329102,0.32471373677253723
observed_test,v2_2018_517_48h,,24,PCC,C,2.589738233557025,0.0,0.0,0.29431068897247314,1.149999976158142,53.24800137329102,0.32471373677253723
observed_test,v2_2018_517_48h,,25,PCC,A,2.6237012928594003,0.0,0.0,0.3179371654987335,1.149999976158142,53.24800137329102,0.31471502780914307
observed_test,v2_2018_517_48h,,25,PCC,B,2.6237012928594003,0.0,0.0,0.3179371654987335,1.149999976158142,53.24800137329102,0.31471502780914307
observed_test,v2_2018_517_48h,,25,PCC,C,2.6237012928594003,0.0,0.0,0.3179371654987335,1.149999976158142,53.24800137329102,0.31471502780914307
observed_test,v2_2018_517_48h,,26,PCC,A,2.4875831211508435,0.0,0.0,0.2232462614774704,1.149999976158142,53.24800137329102,0.3117430806159973
observed_test,v2_2018_517_48h,,26,PCC,B,2.4875831211508435,0.0,0.0,0.2232462614774704,1.149999976158142,53.24800137329102,0.3117430806159973
observed_test,v2_2018_517_48h,,26,PCC,C,2.4875831211508435,0.0,0.0,0.2232462614774704,1.149999976158142,53.24800137329102,0.3117430806159973
observed_test,v2_2018_517_48h,,27,PCC,A,2.5452259178952694,0.0,0.0,0.2633455991744995,1.149999976158142,53.24800137329102,0.32513874769210815
observed_test,v2_2018_517_48h,,27,PCC,B,2.5452259178952694,0.0,0.0,0.2633455991744995,1.149999976158142,53.24800137329102,0.32513874769210815
observed_test,v2_2018_517_48h,,27,PCC,C,2.5452259178952694,0.0,0.0,0.2633455991744995,1.149999976158142,53.24800137329102,0.32513874769210815
observed_test,v2_2018_517_48h,,28,PCC,A,2.6066056994782514,0.0,0.0,0.3060445785522461,1.149999976158142,53.24800137329102,0.3000279366970062
observed_test,v2_2018_517_48h,,28,PCC,B,2.6066056994782514,0.0,0.0,0.3060445785522461,1.149999976158142,53.24800137329102,0.3000279366970062
observed_test,v2_2018_517_48h,,28,PCC,C,2.6066056994782514,0.0,0.0,0.3060445785522461,1.149999976158142,53.24800137329102,0.3000279366970062
observed_test,v2_2018_517_48h,,29,PCC,A,2.5763726205374935,0.0,0.0,0.2850128710269928,1.149999976158142,53.24800137329102,0.268724262714386
observed_test,v2_2018_517_48h,,29,PCC,B,2.5763726205374935,0.0,0.0,0.2850128710269928,1.149999976158142,53.24800137329102,0.268724262714386
observed_test,v2_2018_517_48h,,29,PCC,C,2.5763726205374935,0.0,0.0,0.2850128710269928,1.149999976158142,53.24800137329102,0.268724262714386
observed_test,v2_2018_517_48h,,30,PCC,A,2.7605416539868575,0.0,0.0,0.4131304621696472,1.149999976158142,53.24800137329102,0.2541307210922241
observed_test,v2_2018_517_48h,,30,PCC,B,2.7605416539868575,0.0,0.0,0.4131304621696472,1.149999976158142,53.24800137329102,0.2541307210922241
observed_test,v2_2018_517_48h,,30,PCC,C,2.7605416539868575,0.0,0.0,0.4131304621696472,1.149999976158142,53.24800137329102,0.2541307210922241
observed_test,v2_2018_517_48h,,31,PCC,A,3.0129513006293838,0.0,0.19042916022814235,0.5887197852134705,1.149999976158142,53.24800137329102,0.24084439873695374
observed_test,v2_2018_517_48h,,31,PCC,B,3.0129513006293838,0.0,0.19042916022814235,0.5887197852134705,1.149999976158142,53.24800137329102,0.24084439873695374
observed_test,v2_2018_517_48h,,31,PCC,C,3.0129513006293838,0.0,0.19042916022814235,0.5887197852134705,1.149999976158142,53.24800137329102,0.24084439873695374
observed_test,v2_2018_517_48h,,32,PCC,A,2.7649040079514635,0.0,0.6126333314638871,0.41616514325141907,1.149999976158142,53.24800137329102,0.23771071434020996
observed_test,v2_2018_517_48h,,32,PCC,B,2.7649040079514635,0.0,0.6126333314638871,0.41616514325141907,1.149999976158142,53.24800137329102,0.23771071434020996
observed_test,v2_2018_517_48h,,32,PCC,C,2.7649040079514635,0.0,0.6126333314638871,0.41616514325141907,1.149999976158142,53.24800137329102,0.23771071434020996
observed_test,v2_2018_517_48h,,33,PCC,A,2.9051724072175276,0.0,0.9181874875838939,0.5137431621551514,1.149999976158142,53.24800137329102,0.23814091086387634
observed_test,v2_2018_517_48h,,33,PCC,B,2.9051724072175276,0.0,0.9181874875838939,0.5137431621551514,1.149999976158142,53.24800137329102,0.23814091086387634
observed_test,v2_2018_517_48h,,33,PCC,C,2.9051724072175276,0.0,0.9181874875838939,0.5137431621551514,1.149999976158142,53.24800137329102,0.23814091086387634
observed_test,v2_2018_517_48h,,34,PCC,A,2.6904467608222724,0.0,1.1087750013058002,0.3643687963485718,1.149999976158142,53.24800137329102,0.24649514257907867
observed_test,v2_2018_517_48h,,34,PCC,B,2.6904467608222724,0.0,1.1087750013058002,0.3643687963485718,1.149999976158142,53.24800137329102,0.24649514257907867
observed_test,v2_2018_517_48h,,34,PCC,C,2.6904467608222724,0.0,1.1087750013058002,0.3643687963485718,1.149999976158142,53.24800137329102,0.24649514257907867
observed_test,v2_2018_517_48h,,35,PCC,A,2.686130632121376,0.0,1.199599985892956,0.36136627197265625,1.149999976158142,53.24800137329102,0.28050360083580017
observed_test,v2_2018_517_48h,,35,PCC,B,2.686130632121376,0.0,1.199599985892956,0.36136627197265625,1.149999976158142,53.24800137329102,0.28050360083580017
observed_test,v2_2018_517_48h,,35,PCC,C,2.686130632121376,0.0,1.199599985892956,0.36136627197265625,1.149999976158142,53.24800137329102,0.28050360083580017
observed_test,v2_2018_517_48h,,36,PCC,A,2.940481482794702,0.0,1.124812547977154,0.5383059978485107,1.149999976158142,53.24800137329102,0.29443758726119995
observed_test,v2_2018_517_48h,,36,PCC,B,2.940481482794702,0.0,1.124812547977154,0.5383059978485107,1.149999976158142,53.24800137329102,0.29443758726119995
observed_test,v2_2018_517_48h,,36,PCC,C,2.940481482794702,0.0,1.124812547977154,0.5383059978485107,1.149999976158142,53.24800137329102,0.29443758726119995
observed_test,v2_2018_517_48h,,37,PCC,A,3.033735447282245,0.0,0.8060166468987098,0.6031783223152161,1.149999976158142,53.24800137329102,0.30015167593955994
observed_test,v2_2018_517_48h,,37,PCC,B,3.033735447282245,0.0,0.8060166468987098,0.6031783223152161,1.149999976158142,53.24800137329102,0.30015167593955994
observed_test,v2_2018_517_48h,,37,PCC,C,3.033735447282245,0.0,0.8060166468987098,0.6031783223152161,1.149999976158142,53.24800137329102,0.30015167593955994
observed_test,v2_2018_517_48h,,38,PCC,A,3.1232014249141358,0.0,0.5883000217951261,0.6654155254364014,1.149999976158142,53.24800137329102,0.29042699933052063
observed_test,v2_2018_517_48h,,38,PCC,B,3.1232014249141358,0.0,0.5883000217951261,0.6654155254364014,1.149999976158142,53.24800137329102,0.29042699933052063
observed_test,v2_2018_517_48h,,38,PCC,C,3.1232014249141358,0.0,0.5883000217951261,0.6654155254364014,1.149999976158142,53.24800137329102,0.29042699933052063
observed_test,v2_2018_517_48h,,39,PCC,A,2.915610662966831,0.0,0.3981916663738397,0.5210045576095581,1.149999976158142,53.24800137329102,0.2548181116580963
observed_test,v2_2018_517_48h,,39,PCC,B,2.915610662966831,0.0,0.3981916663738397,0.5210045576095581,1.149999976158142,53.24800137329102,0.2548181116580963
observed_test,v2_2018_517_48h,,39,PCC,C,2.915610662966831,0.0,0.3981916663738397,0.5210045576095581,1.149999976158142,53.24800137329102,0.2548181116580963
observed_test,v2_2018_517_48h,,40,PCC,A,2.9761405680146122,0.0,0.18224999881707704,0.5631123185157776,1.149999976158142,53.24800137329102,0.24578242003917694
observed_test,v2_2018_517_48h,,40,PCC,B,2.9761405680146122,0.0,0.18224999881707704,0.5631123185157776,1.149999976158142,53.24800137329102,0.24578242003917694
observed_test,v2_2018_517_48h,,40,PCC,C,2.9761405680146122,0.0,0.18224999881707704,0.5631123185157776,1.149999976158142,53.24800137329102,0.24578242003917694
observed_test,v2_2018_517_48h,,41,PCC,A,2.912059071852747,0.0,0.0,0.5185338854789734,1.149999976158142,53.24800137329102,0.25222280621528625
observed_test,v2_2018_517_48h,,41,PCC,B,2.912059071852747,0.0,0.0,0.5185338854789734,1.149999976158142,53.24800137329102,0.25222280621528625
observed_test,v2_2018_517_48h,,41,PCC,C,2.912059071852747,0.0,0.0,0.5185338854789734,1.149999976158142,53.24800137329102,0.25222280621528625
observed_test,v2_2018_517_48h,,42,PCC,A,2.888165108802557,0.0,0.0,0.501911997795105,1.149999976158142,53.24800137329102,0.260084331035614
observed_test,v2_2018_517_48h,,42,PCC,B,2.888165108802557,0.0,0.0,0.501911997795105,1.149999976158142,53.24800137329102,0.260084331035614
observed_test,v2_2018_517_48h,,42,PCC,C,2.888165108802557,0.0,0.0,0.501911997795105,1.149999976158142,53.24800137329102,0.260084331035614
observed_test,v2_2018_517_48h,,43,PCC,A,2.9849615821466244,0.0,0.0,0.5692486763000488,1.149999976158142,53.24800137329102,0.2643398344516754
observed_test,v2_2018_517_48h,,43,PCC,B,2.9849615821466244,0.0,0.0,0.5692486763000488,1.149999976158142,53.24800137329102,0.2643398344516754
observed_test,v2_2018_517_48h,,43,PCC,C,2.9849615821466244,0.0,0.0,0.5692486763000488,1.149999976158142,53.24800137329102,0.2643398344516754
observed_test,v2_2018_517_48h,,44,PCC,A,2.825617614510635,0.0,0.0,0.458400696516037,1.149999976158142,53.24800137329102,0.2837200462818146
observed_test,v2_2018_517_48h,,44,PCC,B,2.825617614510635,0.0,0.0,0.458400696516037,1.149999976158142,53.24800137329102,0.2837200462818146
observed_test,v2_2018_517_48h,,44,PCC,C,2.825617614510635,0.0,0.0,0.458400696516037,1.149999976158142,53.24800137329102,0.2837200462818146
observed_test,v2_2018_517_48h,,45,PCC,A,2.740638571998929,0.0,0.0,0.39928483963012695,1.149999976158142,53.24800137329102,0.2888736426830292
observed_test,v2_2018_517_48h,,45,PCC,B,2.740638571998929,0.0,0.0,0.39928483963012695,1.149999976158142,53.24800137329102,0.2888736426830292
observed_test,v2_2018_517_48h,,45,PCC,C,2.740638571998929,0.0,0.0,0.39928483963012695,1.149999976158142,53.24800137329102,0.2888736426830292
observed_test,v2_2018_517_48h,,46,PCC,A,2.689500792288461,0.0,0.0,0.3637107312679291,1.149999976158142,53.24800137329102,0.2947838306427002
observed_test,v2_2018_517_48h,,46,PCC,B,2.689500792288461,0.0,0.0,0.3637107312679291,1.149999976158142,53.24800137329102,0.2947838306427002
observed_test,v2_2018_517_48h,,46,PCC,C,2.689500792288461,0.0,0.0,0.3637107312679291,1.149999976158142,53.24800137329102,0.2947838306427002
observed_test,v2_2018_517_48h,,47,PCC,A,2.666340906989589,0.0,0.0,0.34759950637817383,1.149999976158142,53.24800137329102,0.2996383309364319
observed_test,v2_2018_517_48h,,47,PCC,B,2.666340906989589,0.0,0.0,0.34759950637817383,1.149999976158142,53.24800137329102,0.2996383309364319
observed_test,v2_2018_517_48h,,47,PCC,C,2.666340906989589,0.0,0.0,0.34759950637817383,1.149999976158142,53.24800137329102,0.2996383309364319
observed_test,v2_2018_377_48h,,0,PCC,A,2.589738233557025,0.0,0.0,0.29431068897247314,1.149999976158142,53.24800137329102,0.2552769184112549
observed_test,v2_2018_377_48h,,0,PCC,B,2.589738233557025,0.0,0.0,0.29431068897247314,1.149999976158142,53.24800137329102,0.2552769184112549
observed_test,v2_2018_377_48h,,0,PCC,C,2.589738233557025,0.0,0.0,0.29431068897247314,1.149999976158142,53.24800137329102,0.2552769184112549
observed_test,v2_2018_377_48h,,1,PCC,A,2.6237012928594003,0.0,0.0,0.3179371654987335,1.149999976158142,53.24800137329102,0.24249781668186188
observed_test,v2_2018_377_48h,,1,PCC,B,2.6237012928594003,0.0,0.0,0.3179371654987335,1.149999976158142,53.24800137329102,0.24249781668186188
observed_test,v2_2018_377_48h,,1,PCC,C,2.6237012928594003,0.0,0.0,0.3179371654987335,1.149999976158142,53.24800137329102,0.24249781668186188
observed_test,v2_2018_377_48h,,2,PCC,A,2.4875831211508435,0.0,0.0,0.2232462614774704,1.149999976158142,53.24800137329102,0.23059232532978058
observed_test,v2_2018_377_48h,,2,PCC,B,2.4875831211508435,0.0,0.0,0.2232462614774704,1.149999976158142,53.24800137329102,0.23059232532978058
observed_test,v2_2018_377_48h,,2,PCC,C,2.4875831211508435,0.0,0.0,0.2232462614774704,1.149999976158142,53.24800137329102,0.23059232532978058
observed_test,v2_2018_377_48h,,3,PCC,A,2.5452259178952694,0.0,0.0,0.2633455991744995,1.149999976158142,53.24800137329102,0.2377040535211563
observed_test,v2_2018_377_48h,,3,PCC,B,2.5452259178952694,0.0,0.0,0.2633455991744995,1.149999976158142,53.24800137329102,0.2377040535211563
observed_test,v2_2018_377_48h,,3,PCC,C,2.5452259178952694,0.0,0.0,0.2633455991744995,1.149999976158142,53.24800137329102,0.2377040535211563
observed_test,v2_2018_377_48h,,4,PCC,A,2.6066056994782514,0.0,0.0,0.3060445785522461,1.149999976158142,53.24800137329102,0.2289513200521469
observed_test,v2_2018_377_48h,,4,PCC,B,2.6066056994782514,0.0,0.0,0.3060445785522461,1.149999976158142,53.24800137329102,0.2289513200521469
observed_test,v2_2018_377_48h,,4,PCC,C,2.6066056994782514,0.0,0.0,0.3060445785522461,1.149999976158142,53.24800137329102,0.2289513200521469
observed_test,v2_2018_377_48h,,5,PCC,A,2.5763726205374935,0.0,0.0,0.2850128710269928,1.149999976158142,53.24800137329102,0.21800385415554047
observed_test,v2_2018_377_48h,,5,PCC,B,2.5763726205374935,0.0,0.0,0.2850128710269928,1.149999976158142,53.24800137329102,0.21800385415554047
observed_test,v2_2018_377_48h,,5,PCC,C,2.5763726205374935,0.0,0.0,0.2850128710269928,1.149999976158142,53.24800137329102,0.21800385415554047
observed_test,v2_2018_377_48h,,6,PCC,A,2.7605416539868575,0.0,0.0,0.4131304621696472,1.149999976158142,53.24800137329102,0.21434752643108368
observed_test,v2_2018_377_48h,,6,PCC,B,2.7605416539868575,0.0,0.0,0.4131304621696472,1.149999976158142,53.24800137329102,0.21434752643108368
observed_test,v2_2018_377_48h,,6,PCC,C,2.7605416539868575,0.0,0.0,0.4131304621696472,1.149999976158142,53.24800137329102,0.21434752643108368
observed_test,v2_2018_377_48h,,7,PCC,A,3.0129513006293838,0.0,0.0,0.5887197852134705,1.149999976158142,53.24800137329102,0.2161334902048111
observed_test,v2_2018_377_48h,,7,PCC,B,3.0129513006293838,0.0,0.0,0.5887197852134705,1.149999976158142,53.24800137329102,0.2161334902048111
observed_test,v2_2018_377_48h,,7,PCC,C,3.0129513006293838,0.0,0.0,0.5887197852134705,1.149999976158142,53.24800137329102,0.2161334902048111
observed_test,v2_2018_377_48h,,8,PCC,A,2.7649040079514635,0.0,0.057791667775465884,0.41616514325141907,1.149999976158142,53.24800137329102,0.2175157368183136
observed_test,v2_2018_377_48h,,8,PCC,B,2.7649040079514635,0.0,0.057791667775465884,0.41616514325141907,1.149999976158142,53.24800137329102,0.2175157368183136
observed_test,v2_2018_377_48h,,8,PCC,C,2.7649040079514635,0.0,0.057791667775465884,0.41616514325141907,1.149999976158142,53.24800137329102,0.2175157368183136
observed_test,v2_2018_377_48h,,9,PCC,A,2.9051724072175276,0.0,0.11622083301727587,0.5137431621551514,1.149999976158142,53.24800137329102,0.21590104699134827
observed_test,v2_2018_377_48h,,9,PCC,B,2.9051724072175276,0.0,0.11622083301727587,0.5137431621551514,1.149999976158142,53.24800137329102,0.21590104699134827
observed_test,v2_2018_377_48h,,9,PCC,C,2.9051724072175276,0.0,0.11622083301727587,0.5137431621551514,1.149999976158142,53.24800137329102,0.21590104699134827
observed_test,v2_2018_377_48h,,10,PCC,A,2.6904467608222724,0.0,0.12700000347999427,0.3643687963485718,1.149999976158142,53.24800137329102,0.2196018546819687
observed_test,v2_2018_377_48h,,10,PCC,B,2.6904467608222724,0.0,0.12700000347999427,0.3643687963485718,1.149999976158142,53.24800137329102,0.2196018546819687
observed_test,v2_2018_377_48h,,10,PCC,C,2.6904467608222724,0.0,0.12700000347999427,0.3643687963485718,1.149999976158142,53.24800137329102,0.2196018546819687
observed_test,v2_2018_377_48h,,11,PCC,A,2.686130632121376,0.0,0.1515749985208878,0.36136627197265625,1.149999976158142,53.24800137329102,0.22375181317329407
observed_test,v2_2018_377_48h,,11,PCC,B,2.686130632121376,0.0,0.1515749985208878,0.36136627197265625,1.149999976158142,53.24800137329102,0.22375181317329407
observed_test,v2_2018_377_48h,,11,PCC,C,2.686130632121376,0.0,0.1515749985208878,0.36136627197265625,1.149999976158142,53.24800137329102,0.22375181317329407
observed_test,v2_2018_377_48h,,12,PCC,A,2.940481482794702,0.0,0.19761666368979672,0.5383059978485107,1.149999976158142,53.24800137329102,0.2448161393404007
observed_test,v2_2018_377_48h,,12,PCC,B,2.940481482794702,0.0,0.19761666368979672,0.5383059978485107,1.149999976158142,53.24800137329102,0.2448161393404007
observed_test,v2_2018_377_48h,,12,PCC,C,2.940481482794702,0.0,0.19761666368979672,0.5383059978485107,1.149999976158142,53.24800137329102,0.2448161393404007
observed_test,v2_2018_377_48h,,13,PCC,A,3.033735447282245,0.0,0.14528749653926262,0.6031783223152161,1.149999976158142,53.24800137329102,0.25808030366897583
observed_test,v2_2018_377_48h,,13,PCC,B,3.033735447282245,0.0,0.14528749653926262,0.6031783223152161,1.149999976158142,53.24800137329102,0.25808030366897583
observed_test,v2_2018_377_48h,,13,PCC,C,3.033735447282245,0.0,0.14528749653926262,0.6031783223152161,1.149999976158142,53.24800137329102,0.25808030366897583
observed_test,v2_2018_377_48h,,14,PCC,A,3.1232014249141358,0.0,0.22809167320911697,0.6654155254364014,1.149999976158142,53.24800137329102,0.2755242884159088
observed_test,v2_2018_377_48h,,14,PCC,B,3.1232014249141358,0.0,0.22809167320911697,0.6654155254364014,1.149999976158142,53.24800137329102,0.2755242884159088
observed_test,v2_2018_377_48h,,14,PCC,C,3.1232014249141358,0.0,0.22809167320911697,0.6654155254364014,1.149999976158142,53.24800137329102,0.2755242884159088
observed_test,v2_2018_377_48h,,15,PCC,A,2.915610662966831,0.0,0.17960833815427923,0.5210045576095581,1.149999976158142,53.24800137329102,0.2840999364852905
observed_test,v2_2018_377_48h,,15,PCC,B,2.915610662966831,0.0,0.17960833815427923,0.5210045576095581,1.149999976158142,53.24800137329102,0.2840999364852905
observed_test,v2_2018_377_48h,,15,PCC,C,2.915610662966831,0.0,0.17960833815427923,0.5210045576095581,1.149999976158142,53.24800137329102,0.2840999364852905
observed_test,v2_2018_377_48h,,16,PCC,A,2.9761405680146122,0.0,0.06930833109296285,0.5631123185157776,1.149999976158142,53.24800137329102,0.28019776940345764
observed_test,v2_2018_377_48h,,16,PCC,B,2.9761405680146122,0.0,0.06930833109296285,0.5631123185157776,1.149999976158142,53.24800137329102,0.28019776940345764
observed_test,v2_2018_377_48h,,16,PCC,C,2.9761405680146122,0.0,0.06930833109296285,0.5631123185157776,1.149999976158142,53.24800137329102,0.28019776940345764
observed_test,v2_2018_377_48h,,17,PCC,A,2.912059071852747,0.0,0.006775000096800235,0.5185338854789734,1.149999976158142,53.24800137329102,0.2729951739311218
observed_test,v2_2018_377_48h,,17,PCC,B,2.912059071852747,0.0,0.006775000096800235,0.5185338854789734,1.149999976158142,53.24800137329102,0.2729951739311218
observed_test,v2_2018_377_48h,,17,PCC,C,2.912059071852747,0.0,0.006775000096800235,0.5185338854789734,1.149999976158142,53.24800137329102,0.2729951739311218
observed_test,v2_2018_377_48h,,18,PCC,A,2.888165108802557,0.0,0.0,0.501911997795105,1.149999976158142,53.24800137329102,0.26944294571876526
observed_test,v2_2018_377_48h,,18,PCC,B,2.888165108802557,0.0,0.0,0.501911997795105,1.149999976158142,53.24800137329102,0.26944294571876526
observed_test,v2_2018_377_48h,,18,PCC,C,2.888165108802557,0.0,0.0,0.501911997795105,1.149999976158142,53.24800137329102,0.26944294571876526
observed_test,v2_2018_377_48h,,19,PCC,A,2.9849615821466244,0.0,0.0,0.5692486763000488,1.149999976158142,53.24800137329102,0.26727524399757385
observed_test,v2_2018_377_48h,,19,PCC,B,2.9849615821466244,0.0,0.0,0.5692486763000488,1.149999976158142,53.24800137329102,0.26727524399757385
observed_test,v2_2018_377_48h,,19,PCC,C,2.9849615821466244,0.0,0.0,0.5692486763000488,1.149999976158142,53.24800137329102,0.26727524399757385
observed_test,v2_2018_377_48h,,20,PCC,A,2.825617614510635,0.0,0.0,0.458400696516037,1.149999976158142,53.24800137329102,0.26700782775878906
observed_test,v2_2018_377_48h,,20,PCC,B,2.825617614510635,0.0,0.0,0.458400696516037,1.149999976158142,53.24800137329102,0.26700782775878906
observed_test,v2_2018_377_48h,,20,PCC,C,2.825617614510635,0.0,0.0,0.458400696516037,1.149999976158142,53.24800137329102,0.26700782775878906
observed_test,v2_2018_377_48h,,21,PCC,A,2.740638571998929,0.0,0.0,0.39928483963012695,1.149999976158142,53.24800137329102,0.2686445116996765
observed_test,v2_2018_377_48h,,21,PCC,B,2.740638571998929,0.0,0.0,0.39928483963012695,1.149999976158142,53.24800137329102,0.2686445116996765
observed_test,v2_2018_377_48h,,21,PCC,C,2.740638571998929,0.0,0.0,0.39928483963012695,1.149999976158142,53.24800137329102,0.2686445116996765
observed_test,v2_2018_377_48h,,22,PCC,A,2.689500792288461,0.0,0.0,0.3637107312679291,1.149999976158142,53.24800137329102,0.25695377588272095
observed_test,v2_2018_377_48h,,22,PCC,B,2.689500792288461,0.0,0.0,0.3637107312679291,1.149999976158142,53.24800137329102,0.25695377588272095
observed_test,v2_2018_377_48h,,22,PCC,C,2.689500792288461,0.0,0.0,0.3637107312679291,1.149999976158142,53.24800137329102,0.25695377588272095
observed_test,v2_2018_377_48h,,23,PCC,A,2.666340906989589,0.0,0.0,0.34759950637817383,1.149999976158142,53.24800137329102,0.23747630417346954
observed_test,v2_2018_377_48h,,23,PCC,B,2.666340906989589,0.0,0.0,0.34759950637817383,1.149999976158142,53.24800137329102,0.23747630417346954
observed_test,v2_2018_377_48h,,23,PCC,C,2.666340906989589,0.0,0.0,0.34759950637817383,1.149999976158142,53.24800137329102,0.23747630417346954
observed_test,v2_2018_377_48h,,24,PCC,A,2.589738233557025,0.0,0.0,0.29431068897247314,1.149999976158142,53.24800137329102,0.22955088317394257
observed_test,v2_2018_377_48h,,24,PCC,B,2.589738233557025,0.0,0.0,0.29431068897247314,1.149999976158142,53.24800137329102,0.22955088317394257
observed_test,v2_2018_377_48h,,24,PCC,C,2.589738233557025,0.0,0.0,0.29431068897247314,1.149999976158142,53.24800137329102,0.22955088317394257
observed_test,v2_2018_377_48h,,25,PCC,A,2.6237012928594003,0.0,0.0,0.3179371654987335,1.149999976158142,53.24800137329102,0.2339755892753601
observed_test,v2_2018_377_48h,,25,PCC,B,2.6237012928594003,0.0,0.0,0.3179371654987335,1.149999976158142,53.24800137329102,0.2339755892753601
observed_test,v2_2018_377_48h,,25,PCC,C,2.6237012928594003,0.0,0.0,0.3179371654987335,1.149999976158142,53.24800137329102,0.2339755892753601
observed_test,v2_2018_377_48h,,26,PCC,A,2.4875831211508435,0.0,0.0,0.2232462614774704,1.149999976158142,53.24800137329102,0.23944191634655
observed_test,v2_2018_377_48h,,26,PCC,B,2.4875831211508435,0.0,0.0,0.2232462614774704,1.149999976158142,53.24800137329102,0.23944191634655
observed_test,v2_2018_377_48h,,26,PCC,C,2.4875831211508435,0.0,0.0,0.2232462614774704,1.149999976158142,53.24800137329102,0.23944191634655
observed_test,v2_2018_377_48h,,27,PCC,A,2.5452259178952694,0.0,0.0,0.2633455991744995,1.149999976158142,53.24800137329102,0.23343531787395477
observed_test,v2_2018_377_48h,,27,PCC,B,2.5452259178952694,0.0,0.0,0.2633455991744995,1.149999976158142,53.24800137329102,0.23343531787395477
observed_test,v2_2018_377_48h,,27,PCC,C,2.5452259178952694,0.0,0.0,0.2633455991744995,1.149999976158142,53.24800137329102,0.23343531787395477
observed_test,v2_2018_377_48h,,28,PCC,A,2.6066056994782514,0.0,0.0,0.3060445785522461,1.149999976158142,53.24800137329102,0.21678166091442108
observed_test,v2_2018_377_48h,,28,PCC,B,2.6066056994782514,0.0,0.0,0.3060445785522461,1.149999976158142,53.24800137329102,0.21678166091442108
observed_test,v2_2018_377_48h,,28,PCC,C,2.6066056994782514,0.0,0.0,0.3060445785522461,1.149999976158142,53.24800137329102,0.21678166091442108
observed_test,v2_2018_377_48h,,29,PCC,A,2.5763726205374935,0.0,0.0,0.2850128710269928,1.149999976158142,53.24800137329102,0.21677541732788086
observed_test,v2_2018_377_48h,,29,PCC,B,2.5763726205374935,0.0,0.0,0.2850128710269928,1.149999976158142,53.24800137329102,0.21677541732788086
observed_test,v2_2018_377_48h,,29,PCC,C,2.5763726205374935,0.0,0.0,0.2850128710269928,1.149999976158142,53.24800137329102,0.21677541732788086
observed_test,v2_2018_377_48h,,30,PCC,A,2.7605416539868575,0.0,0.0,0.4131304621696472,1.149999976158142,53.24800137329102,0.2152755856513977
observed_test,v2_2018_377_48h,,30,PCC,B,2.7605416539868575,0.0,0.0,0.4131304621696472,1.149999976158142,53.24800137329102,0.2152755856513977
observed_test,v2_2018_377_48h,,30,PCC,C,2.7605416539868575,0.0,0.0,0.4131304621696472,1.149999976158142,53.24800137329102,0.2152755856513977
observed_test,v2_2018_377_48h,,31,PCC,A,3.0129513006293838,0.0,0.0,0.5887197852134705,1.149999976158142,53.24800137329102,0.21092736721038818
observed_test,v2_2018_377_48h,,31,PCC,B,3.0129513006293838,0.0,0.0,0.5887197852134705,1.149999976158142,53.24800137329102,0.21092736721038818
observed_test,v2_2018_377_48h,,31,PCC,C,3.0129513006293838,0.0,0.0,0.5887197852134705,1.149999976158142,53.24800137329102,0.21092736721038818
observed_test,v2_2018_377_48h,,32,PCC,A,2.7649040079514635,0.0,0.02120000023681384,0.41616514325141907,1.149999976158142,53.24800137329102,0.2057240903377533
observed_test,v2_2018_377_48h,,32,PCC,B,2.7649040079514635,0.0,0.02120000023681384,0.41616514325141907,1.149999976158142,53.24800137329102,0.2057240903377533
observed_test,v2_2018_377_48h,,32,PCC,C,2.7649040079514635,0.0,0.02120000023681384,0.41616514325141907,1.149999976158142,53.24800137329102,0.2057240903377533
observed_test,v2_2018_377_48h,,33,PCC,A,2.9051724072175276,0.0,0.036733332448280774,0.5137431621551514,1.149999976158142,53.24800137329102,0.20436187088489532
observed_test,v2_2018_377_48h,,33,PCC,B,2.9051724072175276,0.0,0.036733332448280774,0.5137431621551514,1.149999976158142,53.24800137329102,0.20436187088489532
observed_test,v2_2018_377_48h,,33,PCC,C,2.9051724072175276,0.0,0.036733332448280774,0.5137431621551514,1.149999976158142,53.24800137329102,0.20436187088489532
observed_test,v2_2018_377_48h,,34,PCC,A,2.6904467608222724,0.0,0.06884999859791535,0.3643687963485718,1.149999976158142,53.24800137329102,0.21104468405246735
observed_test,v2_2018_377_48h,,34,PCC,B,2.6904467608222724,0.0,0.06884999859791535,0.3643687963485718,1.149999976158142,53.24800137329102,0.21104468405246735
observed_test,v2_2018_377_48h,,34,PCC,C,2.6904467608222724,0.0,0.06884999859791535,0.3643687963485718,1.149999976158142,53.24800137329102,0.21104468405246735
observed_test,v2_2018_377_48h,,35,PCC,A,2.686130632121376,0.0,0.0926624983549118,0.36136627197265625,1.149999976158142,53.24800137329102,0.21468019485473633
observed_test,v2_2018_377_48h,,35,PCC,B,2.686130632121376,0.0,0.0926624983549118,0.36136627197265625,1.149999976158142,53.24800137329102,0.21468019485473633
observed_test,v2_2018_377_48h,,35,PCC,C,2.686130632121376,0.0,0.0926624983549118,0.36136627197265625,1.149999976158142,53.24800137329102,0.21468019485473633
observed_test,v2_2018_377_48h,,36,PCC,A,2.940481482794702,0.0,0.12571666962825334,0.5383059978485107,1.149999976158142,53.24800137329102,0.22577159106731415
observed_test,v2_2018_377_48h,,36,PCC,B,2.940481482794702,0.0,0.12571666962825334,0.5383059978485107,1.149999976158142,53.24800137329102,0.22577159106731415
observed_test,v2_2018_377_48h,,36,PCC,C,2.940481482794702,0.0,0.12571666962825334,0.5383059978485107,1.149999976158142,53.24800137329102,0.22577159106731415
observed_test,v2_2018_377_48h,,37,PCC,A,3.033735447282245,0.0,0.10300416929217483,0.6031783223152161,1.149999976158142,53.24800137329102,0.2336217612028122
observed_test,v2_2018_377_48h,,37,PCC,B,3.033735447282245,0.0,0.10300416929217483,0.6031783223152161,1.149999976158142,53.24800137329102,0.2336217612028122
observed_test,v2_2018_377_48h,,37,PCC,C,3.033735447282245,0.0,0.10300416929217483,0.6031783223152161,1.149999976158142,53.24800137329102,0.2336217612028122
observed_test,v2_2018_377_48h,,38,PCC,A,3.1232014249141358,0.0,0.06348750052543786,0.6654155254364014,1.149999976158142,53.24800137329102,0.2335003912448883
observed_test,v2_2018_377_48h,,38,PCC,B,3.1232014249141358,0.0,0.06348750052543786,0.6654155254364014,1.149999976158142,53.24800137329102,0.2335003912448883
observed_test,v2_2018_377_48h,,38,PCC,C,3.1232014249141358,0.0,0.06348750052543786,0.6654155254364014,1.149999976158142,53.24800137329102,0.2335003912448883
observed_test,v2_2018_377_48h,,39,PCC,A,2.915610662966831,0.0,0.0275708340968077,0.5210045576095581,1.149999976158142,53.24800137329102,0.23316755890846252
observed_test,v2_2018_377_48h,,39,PCC,B,2.915610662966831,0.0,0.0275708340968077,0.5210045576095581,1.149999976158142,53.24800137329102,0.23316755890846252
observed_test,v2_2018_377_48h,,39,PCC,C,2.915610662966831,0.0,0.0275708340968077,0.5210045576095581,1.149999976158142,53.24800137329102,0.23316755890846252
observed_test,v2_2018_377_48h,,40,PCC,A,2.9761405680146122,0.0,0.011774999662660634,0.5631123185157776,1.149999976158142,53.24800137329102,0.23377668857574463
observed_test,v2_2018_377_48h,,40,PCC,B,2.9761405680146122,0.0,0.011774999662660634,0.5631123185157776,1.149999976158142,53.24800137329102,0.23377668857574463
observed_test,v2_2018_377_48h,,40,PCC,C,2.9761405680146122,0.0,0.011774999662660634,0.5631123185157776,1.149999976158142,53.24800137329102,0.23377668857574463
observed_test,v2_2018_377_48h,,41,PCC,A,2.912059071852747,0.0,0.00023749998945277182,0.5185338854789734,1.149999976158142,53.24800137329102,0.22158177196979523
observed_test,v2_2018_377_48h,,41,PCC,B,2.912059071852747,0.0,0.00023749998945277182,0.5185338854789734,1.149999976158142,53.24800137329102,0.22158177196979523
observed_test,v2_2018_377_48h,,41,PCC,C,2.912059071852747,0.0,0.00023749998945277182,0.5185338854789734,1.149999976158142,53.24800137329102,0.22158177196979523
observed_test,v2_2018_377_48h,,42,PCC,A,2.888165108802557,0.0,0.0,0.501911997795105,1.149999976158142,53.24800137329102,0.21111010015010834
observed_test,v2_2018_377_48h,,42,PCC,B,2.888165108802557,0.0,0.0,0.501911997795105,1.149999976158142,53.24800137329102,0.21111010015010834
observed_test,v2_2018_377_48h,,42,PCC,C,2.888165108802557,0.0,0.0,0.501911997795105,1.149999976158142,53.24800137329102,0.21111010015010834
observed_test,v2_2018_377_48h,,43,PCC,A,2.9849615821466244,0.0,0.0,0.5692486763000488,1.149999976158142,53.24800137329102,0.21590648591518402
observed_test,v2_2018_377_48h,,43,PCC,B,2.9849615821466244,0.0,0.0,0.5692486763000488,1.149999976158142,53.24800137329102,0.21590648591518402
observed_test,v2_2018_377_48h,,43,PCC,C,2.9849615821466244,0.0,0.0,0.5692486763000488,1.149999976158142,53.24800137329102,0.21590648591518402
observed_test,v2_2018_377_48h,,44,PCC,A,2.825617614510635,0.0,0.0,0.458400696516037,1.149999976158142,53.24800137329102,0.21534132957458496
observed_test,v2_2018_377_48h,,44,PCC,B,2.825617614510635,0.0,0.0,0.458400696516037,1.149999976158142,53.24800137329102,0.21534132957458496
observed_test,v2_2018_377_48h,,44,PCC,C,2.825617614510635,0.0,0.0,0.458400696516037,1.149999976158142,53.24800137329102,0.21534132957458496
observed_test,v2_2018_377_48h,,45,PCC,A,2.740638571998929,0.0,0.0,0.39928483963012695,1.149999976158142,53.24800137329102,0.21627335250377655
observed_test,v2_2018_377_48h,,45,PCC,B,2.740638571998929,0.0,0.0,0.39928483963012695,1.149999976158142,53.24800137329102,0.21627335250377655
observed_test,v2_2018_377_48h,,45,PCC,C,2.740638571998929,0.0,0.0,0.39928483963012695,1.149999976158142,53.24800137329102,0.21627335250377655
observed_test,v2_2018_377_48h,,46,PCC,A,2.689500792288461,0.0,0.0,0.3637107312679291,1.149999976158142,53.24800137329102,0.226584330201149
observed_test,v2_2018_377_48h,,46,PCC,B,2.689500792288461,0.0,0.0,0.3637107312679291,1.149999976158142,53.24800137329102,0.226584330201149
observed_test,v2_2018_377_48h,,46,PCC,C,2.689500792288461,0.0,0.0,0.3637107312679291,1.149999976158142,53.24800137329102,0.226584330201149
observed_test,v2_2018_377_48h,,47,PCC,A,2.666340906989589,0.0,0.0,0.34759950637817383,1.149999976158142,53.24800137329102,0.24691610038280487
observed_test,v2_2018_377_48h,,47,PCC,B,2.666340906989589,0.0,0.0,0.34759950637817383,1.149999976158142,53.24800137329102,0.24691610038280487
observed_test,v2_2018_377_48h,,47,PCC,C,2.666340906989589,0.0,0.0,0.34759950637817383,1.149999976158142,53.24800137329102,0.24691610038280487
observed_test,v2_2018_376_48h,,0,PCC,A,2.589738233557025,0.0,0.0,0.29431068897247314,1.149999976158142,53.24800137329102,0.2597626745700836
observed_test,v2_2018_376_48h,,0,PCC,B,2.589738233557025,0.0,0.0,0.29431068897247314,1.149999976158142,53.24800137329102,0.2597626745700836
observed_test,v2_2018_376_48h,,0,PCC,C,2.589738233557025,0.0,0.0,0.29431068897247314,1.149999976158142,53.24800137329102,0.2597626745700836
observed_test,v2_2018_376_48h,,1,PCC,A,2.6237012928594003,0.0,0.0,0.3179371654987335,1.149999976158142,34.72425106811524,0.24439549446105957
observed_test,v2_2018_376_48h,,1,PCC,B,2.6237012928594003,0.0,0.0,0.3179371654987335,1.149999976158142,34.72425106811524,0.24439549446105957
observed_test,v2_2018_376_48h,,1,PCC,C,2.6237012928594003,0.0,0.0,0.3179371654987335,1.149999976158142,34.72425106811524,0.24439549446105957
observed_test,v2_2018_376_48h,,2,PCC,A,2.4875831211508435,0.0,0.0,0.2232462614774704,1.149999976158142,34.72425106811524,0.2325073480606079
observed_test,v2_2018_376_48h,,2,PCC,B,2.4875831211508435,0.0,0.0,0.2232462614774704,1.149999976158142,34.72425106811524,0.2325073480606079
observed_test,v2_2018_376_48h,,2,PCC,C,2.4875831211508435,0.0,0.0,0.2232462614774704,1.149999976158142,34.72425106811524,0.2325073480606079
observed_test,v2_2018_376_48h,,3,PCC,A,2.5452259178952694,0.0,0.0,0.2633455991744995,1.149999976158142,53.24800137329102,0.23248519003391266
observed_test,v2_2018_376_48h,,3,PCC,B,2.5452259178952694,0.0,0.0,0.2633455991744995,1.149999976158142,53.24800137329102,0.23248519003391266
observed_test,v2_2018_376_48h,,3,PCC,C,2.5452259178952694,0.0,0.0,0.2633455991744995,1.149999976158142,53.24800137329102,0.23248519003391266
observed_test,v2_2018_376_48h,,4,PCC,A,2.6066056994782514,0.0,0.0,0.3060445785522461,1.149999976158142,53.24800137329102,0.23208357393741608
observed_test,v2_2018_376_48h,,4,PCC,B,2.6066056994782514,0.0,0.0,0.3060445785522461,1.149999976158142,53.24800137329102,0.23208357393741608
observed_test,v2_2018_376_48h,,4,PCC,C,2.6066056994782514,0.0,0.0,0.3060445785522461,1.149999976158142,53.24800137329102,0.23208357393741608
observed_test,v2_2018_376_48h,,5,PCC,A,2.5763726205374935,0.0,0.0,0.2850128710269928,1.149999976158142,53.24800137329102,0.22259627282619476
observed_test,v2_2018_376_48h,,5,PCC,B,2.5763726205374935,0.0,0.0,0.2850128710269928,1.149999976158142,53.24800137329102,0.22259627282619476
observed_test,v2_2018_376_48h,,5,PCC,C,2.5763726205374935,0.0,0.0,0.2850128710269928,1.149999976158142,53.24800137329102,0.22259627282619476
observed_test,v2_2018_376_48h,,6,PCC,A,2.7605416539868575,0.0,0.0,0.4131304621696472,1.149999976158142,121.88174847412108,0.21117563545703888
observed_test,v2_2018_376_48h,,6,PCC,B,2.7605416539868575,0.0,0.0,0.4131304621696472,1.149999976158142,121.88174847412108,0.21117563545703888
observed_test,v2_2018_376_48h,,6,PCC,C,2.7605416539868575,0.0,0.0,0.4131304621696472,1.149999976158142,121.88174847412108,0.21117563545703888
observed_test,v2_2018_376_48h,,7,PCC,A,3.0129513006293838,0.0,0.0,0.5887197852134705,1.149999976158142,121.88174847412108,0.21133123338222504
observed_test,v2_2018_376_48h,,7,PCC,B,3.0129513006293838,0.0,0.0,0.5887197852134705,1.149999976158142,121.88174847412108,0.21133123338222504
observed_test,v2_2018_376_48h,,7,PCC,C,3.0129513006293838,0.0,0.0,0.5887197852134705,1.149999976158142,121.88174847412108,0.21133123338222504
observed_test,v2_2018_376_48h,,8,PCC,A,2.7649040079514635,0.0,0.3758500115229533,0.41616514325141907,1.149999976158142,121.88174847412108,0.21705465018749237
observed_test,v2_2018_376_48h,,8,PCC,B,2.7649040079514635,0.0,0.3758500115229533,0.41616514325141907,1.149999976158142,121.88174847412108,0.21705465018749237
observed_test,v2_2018_376_48h,,8,PCC,C,2.7649040079514635,0.0,0.3758500115229533,0.41616514325141907,1.149999976158142,121.88174847412108,0.21705465018749237
observed_test,v2_2018_376_48h,,9,PCC,A,2.9051724072175276,0.0,0.7684750052598806,0.5137431621551514,1.149999976158142,121.88174847412108,0.22935323417186737
observed_test,v2_2018_376_48h,,9,PCC,B,2.9051724072175276,0.0,0.7684750052598806,0.5137431621551514,1.149999976158142,121.88174847412108,0.22935323417186737
observed_test,v2_2018_376_48h,,9,PCC,C,2.9051724072175276,0.0,0.7684750052598806,0.5137431621551514,1.149999976158142,121.88174847412108,0.22935323417186737
observed_test,v2_2018_376_48h,,10,PCC,A,2.6904467608222724,0.0,1.0292582787000215,0.3643687963485718,1.149999976158142,53.24800137329102,0.24294805526733398
observed_test,v2_2018_376_48h,,10,PCC,B,2.6904467608222724,0.0,1.0292582787000215,0.3643687963485718,1.149999976158142,53.24800137329102,0.24294805526733398
observed_test,v2_2018_376_48h,,10,PCC,C,2.6904467608222724,0.0,1.0292582787000215,0.3643687963485718,1.149999976158142,53.24800137329102,0.24294805526733398
observed_test,v2_2018_376_48h,,11,PCC,A,2.686130632121376,0.0,1.1780791557752168,0.36136627197265625,1.149999976158142,53.24800137329102,0.25131502747535706
observed_test,v2_2018_376_48h,,11,PCC,B,2.686130632121376,0.0,1.1780791557752168,0.36136627197265625,1.149999976158142,53.24800137329102,0.25131502747535706
observed_test,v2_2018_376_48h,,11,PCC,C,2.686130632121376,0.0,1.1780791557752168,0.36136627197265625,1.149999976158142,53.24800137329102,0.25131502747535706
observed_test,v2_2018_376_48h,,12,PCC,A,2.940481482794702,0.0,1.2306125118182254,0.5383059978485107,1.149999976158142,34.72425106811524,0.2648908197879791
observed_test,v2_2018_376_48h,,12,PCC,B,2.940481482794702,0.0,1.2306125118182254,0.5383059978485107,1.149999976158142,34.72425106811524,0.2648908197879791
observed_test,v2_2018_376_48h,,12,PCC,C,2.940481482794702,0.0,1.2306125118182254,0.5383059978485107,1.149999976158142,34.72425106811524,0.2648908197879791
observed_test,v2_2018_376_48h,,13,PCC,A,3.033735447282245,0.0,1.19011253118515,0.6031783223152161,1.149999976158142,34.72425106811524,0.26591014862060547
observed_test,v2_2018_376_48h,,13,PCC,B,3.033735447282245,0.0,1.19011253118515,0.6031783223152161,1.149999976158142,34.72425106811524,0.26591014862060547
observed_test,v2_2018_376_48h,,13,PCC,C,3.033735447282245,0.0,1.19011253118515,0.6031783223152161,1.149999976158142,34.72425106811524,0.26591014862060547
observed_test,v2_2018_376_48h,,14,PCC,A,3.1232014249141358,0.0,1.059383383164039,0.6654155254364014,1.149999976158142,34.72425106811524,0.2263147383928299
observed_test,v2_2018_376_48h,,14,PCC,B,3.1232014249141358,0.0,1.059383383164039,0.6654155254364014,1.149999976158142,34.72425106811524,0.2263147383928299
observed_test,v2_2018_376_48h,,14,PCC,C,3.1232014249141358,0.0,1.059383383164039,0.6654155254364014,1.149999976158142,34.72425106811524,0.2263147383928299
observed_test,v2_2018_376_48h,,15,PCC,A,2.915610662966831,0.0,0.8320874892748318,0.5210045576095581,1.149999976158142,34.72425106811524,0.2273654192686081
observed_test,v2_2018_376_48h,,15,PCC,B,2.915610662966831,0.0,0.8320874892748318,0.5210045576095581,1.149999976158142,34.72425106811524,0.2273654192686081
observed_test,v2_2018_376_48h,,15,PCC,C,2.915610662966831,0.0,0.8320874892748318,0.5210045576095581,1.149999976158142,34.72425106811524,0.2273654192686081
observed_test,v2_2018_376_48h,,16,PCC,A,2.9761405680146122,0.0,0.4978249852473919,0.5631123185157776,1.149999976158142,53.24800137329102,0.23022745549678802
observed_test,v2_2018_376_48h,,16,PCC,B,2.9761405680146122,0.0,0.4978249852473919,0.5631123185157776,1.149999976158142,53.24800137329102,0.23022745549678802
observed_test,v2_2018_376_48h,,16,PCC,C,2.9761405680146122,0.0,0.4978249852473919,0.5631123185157776,1.149999976158142,53.24800137329102,0.23022745549678802
observed_test,v2_2018_376_48h,,17,PCC,A,2.912059071852747,0.0,0.08339166927796143,0.5185338854789734,1.149999976158142,53.24800137329102,0.23224830627441406
observed_test,v2_2018_376_48h,,17,PCC,B,2.912059071852747,0.0,0.08339166927796143,0.5185338854789734,1.149999976158142,53.24800137329102,0.23224830627441406
observed_test,v2_2018_376_48h,,17,PCC,C,2.912059071852747,0.0,0.08339166927796143,0.5185338854789734,1.149999976158142,53.24800137329102,0.23224830627441406
observed_test,v2_2018_376_48h,,18,PCC,A,2.888165108802557,0.0,0.0,0.501911997795105,1.149999976158142,53.24800137329102,0.23508720099925995
observed_test,v2_2018_376_48h,,18,PCC,B,2.888165108802557,0.0,0.0,0.501911997795105,1.149999976158142,53.24800137329102,0.23508720099925995
observed_test,v2_2018_376_48h,,18,PCC,C,2.888165108802557,0.0,0.0,0.501911997795105,1.149999976158142,53.24800137329102,0.23508720099925995
observed_test,v2_2018_376_48h,,19,PCC,A,2.9849615821466244,0.0,0.0,0.5692486763000488,1.149999976158142,53.24800137329102,0.2324305921792984
observed_test,v2_2018_376_48h,,19,PCC,B,2.9849615821466244,0.0,0.0,0.5692486763000488,1.149999976158142,53.24800137329102,0.2324305921792984
observed_test,v2_2018_376_48h,,19,PCC,C,2.9849615821466244,0.0,0.0,0.5692486763000488,1.149999976158142,53.24800137329102,0.2324305921792984
observed_test,v2_2018_376_48h,,20,PCC,A,2.825617614510635,0.0,0.0,0.458400696516037,1.149999976158142,53.24800137329102,0.23353058099746704
observed_test,v2_2018_376_48h,,20,PCC,B,2.825617614510635,0.0,0.0,0.458400696516037,1.149999976158142,53.24800137329102,0.23353058099746704
observed_test,v2_2018_376_48h,,20,PCC,C,2.825617614510635,0.0,0.0,0.458400696516037,1.149999976158142,53.24800137329102,0.23353058099746704
observed_test,v2_2018_376_48h,,21,PCC,A,2.740638571998929,0.0,0.0,0.39928483963012695,1.149999976158142,53.24800137329102,0.24686963856220245
observed_test,v2_2018_376_48h,,21,PCC,B,2.740638571998929,0.0,0.0,0.39928483963012695,1.149999976158142,53.24800137329102,0.24686963856220245
observed_test,v2_2018_376_48h,,21,PCC,C,2.740638571998929,0.0,0.0,0.39928483963012695,1.149999976158142,53.24800137329102,0.24686963856220245
observed_test,v2_2018_376_48h,,22,PCC,A,2.689500792288461,0.0,0.0,0.3637107312679291,1.149999976158142,53.24800137329102,0.26785197854042053
observed_test,v2_2018_376_48h,,22,PCC,B,2.689500792288461,0.0,0.0,0.3637107312679291,1.149999976158142,53.24800137329102,0.26785197854042053
observed_test,v2_2018_376_48h,,22,PCC,C,2.689500792288461,0.0,0.0,0.3637107312679291,1.149999976158142,53.24800137329102,0.26785197854042053
observed_test,v2_2018_376_48h,,23,PCC,A,2.666340906989589,0.0,0.0,0.34759950637817383,1.149999976158142,53.24800137329102,0.2769745886325836
observed_test,v2_2018_376_48h,,23,PCC,B,2.666340906989589,0.0,0.0,0.34759950637817383,1.149999976158142,53.24800137329102,0.2769745886325836
observed_test,v2_2018_376_48h,,23,PCC,C,2.666340906989589,0.0,0.0,0.34759950637817383,1.149999976158142,53.24800137329102,0.2769745886325836
observed_test,v2_2018_376_48h,,24,PCC,A,2.589738233557025,0.0,0.0,0.29431068897247314,1.149999976158142,53.24800137329102,0.2671167552471161
observed_test,v2_2018_376_48h,,24,PCC,B,2.589738233557025,0.0,0.0,0.29431068897247314,1.149999976158142,53.24800137329102,0.2671167552471161
observed_test,v2_2018_376_48h,,24,PCC,C,2.589738233557025,0.0,0.0,0.29431068897247314,1.149999976158142,53.24800137329102,0.2671167552471161
observed_test,v2_2018_376_48h,,25,PCC,A,2.6237012928594003,0.0,0.0,0.3179371654987335,1.149999976158142,34.72425106811524,0.253480464220047
observed_test,v2_2018_376_48h,,25,PCC,B,2.6237012928594003,0.0,0.0,0.3179371654987335,1.149999976158142,34.72425106811524,0.253480464220047
observed_test,v2_2018_376_48h,,25,PCC,C,2.6237012928594003,0.0,0.0,0.3179371654987335,1.149999976158142,34.72425106811524,0.253480464220047
observed_test,v2_2018_376_48h,,26,PCC,A,2.4875831211508435,0.0,0.0,0.2232462614774704,1.149999976158142,34.72425106811524,0.24217432737350464
observed_test,v2_2018_376_48h,,26,PCC,B,2.4875831211508435,0.0,0.0,0.2232462614774704,1.149999976158142,34.72425106811524,0.24217432737350464
observed_test,v2_2018_376_48h,,26,PCC,C,2.4875831211508435,0.0,0.0,0.2232462614774704,1.149999976158142,34.72425106811524,0.24217432737350464
observed_test,v2_2018_376_48h,,27,PCC,A,2.5452259178952694,0.0,0.0,0.2633455991744995,1.149999976158142,53.24800137329102,0.24943625926971436
observed_test,v2_2018_376_48h,,27,PCC,B,2.5452259178952694,0.0,0.0,0.2633455991744995,1.149999976158142,53.24800137329102,0.24943625926971436
observed_test,v2_2018_376_48h,,27,PCC,C,2.5452259178952694,0.0,0.0,0.2633455991744995,1.149999976158142,53.24800137329102,0.24943625926971436
observed_test,v2_2018_376_48h,,28,PCC,A,2.6066056994782514,0.0,0.0,0.3060445785522461,1.149999976158142,53.24800137329102,0.24825505912303925
observed_test,v2_2018_376_48h,,28,PCC,B,2.6066056994782514,0.0,0.0,0.3060445785522461,1.149999976158142,53.24800137329102,0.24825505912303925
observed_test,v2_2018_376_48h,,28,PCC,C,2.6066056994782514,0.0,0.0,0.3060445785522461,1.149999976158142,53.24800137329102,0.24825505912303925
observed_test,v2_2018_376_48h,,29,PCC,A,2.5763726205374935,0.0,0.0,0.2850128710269928,1.149999976158142,53.24800137329102,0.23179291188716888
observed_test,v2_2018_376_48h,,29,PCC,B,2.5763726205374935,0.0,0.0,0.2850128710269928,1.149999976158142,53.24800137329102,0.23179291188716888
observed_test,v2_2018_376_48h,,29,PCC,C,2.5763726205374935,0.0,0.0,0.2850128710269928,1.149999976158142,53.24800137329102,0.23179291188716888
observed_test,v2_2018_376_48h,,30,PCC,A,2.7605416539868575,0.0,0.0,0.4131304621696472,1.149999976158142,121.88174847412108,0.22160188853740692
observed_test,v2_2018_376_48h,,30,PCC,B,2.7605416539868575,0.0,0.0,0.4131304621696472,1.149999976158142,121.88174847412108,0.22160188853740692
observed_test,v2_2018_376_48h,,30,PCC,C,2.7605416539868575,0.0,0.0,0.4131304621696472,1.149999976158142,121.88174847412108,0.22160188853740692
observed_test,v2_2018_376_48h,,31,PCC,A,3.0129513006293838,0.0,0.0,0.5887197852134705,1.149999976158142,121.88174847412108,0.21815140545368195
observed_test,v2_2018_376_48h,,31,PCC,B,3.0129513006293838,0.0,0.0,0.5887197852134705,1.149999976158142,121.88174847412108,0.21815140545368195
observed_test,v2_2018_376_48h,,31,PCC,C,3.0129513006293838,0.0,0.0,0.5887197852134705,1.149999976158142,121.88174847412108,0.21815140545368195
observed_test,v2_2018_376_48h,,32,PCC,A,2.7649040079514635,0.0,0.26142915280965656,0.41616514325141907,1.149999976158142,121.88174847412108,0.2183690369129181
observed_test,v2_2018_376_48h,,32,PCC,B,2.7649040079514635,0.0,0.26142915280965656,0.41616514325141907,1.149999976158142,121.88174847412108,0.2183690369129181
observed_test,v2_2018_376_48h,,32,PCC,C,2.7649040079514635,0.0,0.26142915280965656,0.41616514325141907,1.149999976158142,121.88174847412108,0.2183690369129181
observed_test,v2_2018_376_48h,,33,PCC,A,2.9051724072175276,0.0,0.5662750166196089,0.5137431621551514,1.149999976158142,121.88174847412108,0.22328698635101318
observed_test,v2_2018_376_48h,,33,PCC,B,2.9051724072175276,0.0,0.5662750166196089,0.5137431621551514,1.149999976158142,121.88174847412108,0.22328698635101318
observed_test,v2_2018_376_48h,,33,PCC,C,2.9051724072175276,0.0,0.5662750166196089,0.5137431621551514,1.149999976158142,121.88174847412108,0.22328698635101318
observed_test,v2_2018_376_48h,,34,PCC,A,2.6904467608222724,0.0,0.7705374979055843,0.3643687963485718,1.149999976158142,53.24800137329102,0.23920482397079468
observed_test,v2_2018_376_48h,,34,PCC,B,2.6904467608222724,0.0,0.7705374979055843,0.3643687963485718,1.149999976158142,53.24800137329102,0.23920482397079468
observed_test,v2_2018_376_48h,,34,PCC,C,2.6904467608222724,0.0,0.7705374979055843,0.3643687963485718,1.149999976158142,53.24800137329102,0.23920482397079468
observed_test,v2_2018_376_48h,,35,PCC,A,2.686130632121376,0.0,0.8230749804240006,0.36136627197265625,1.149999976158142,53.24800137329102,0.2592657804489136
observed_test,v2_2018_376_48h,,35,PCC,B,2.686130632121376,0.0,0.8230749804240006,0.36136627197265625,1.149999976158142,53.24800137329102,0.2592657804489136
observed_test,v2_2018_376_48h,,35,PCC,C,2.686130632121376,0.0,0.8230749804240006,0.36136627197265625,1.149999976158142,53.24800137329102,0.2592657804489136
observed_test,v2_2018_376_48h,,36,PCC,A,2.940481482794702,0.0,0.841529151568046,0.5383059978485107,1.149999976158142,34.72425106811524,0.2654508352279663
observed_test,v2_2018_376_48h,,36,PCC,B,2.940481482794702,0.0,0.841529151568046,0.5383059978485107,1.149999976158142,34.72425106811524,0.2654508352279663
observed_test,v2_2018_376_48h,,36,PCC,C,2.940481482794702,0.0,0.841529151568046,0.5383059978485107,1.149999976158142,34.72425106811524,0.2654508352279663
observed_test,v2_2018_376_48h,,37,PCC,A,3.033735447282245,0.0,0.8327999940285316,0.6031783223152161,1.149999976158142,34.72425106811524,0.26428574323654175
observed_test,v2_2018_376_48h,,37,PCC,B,3.033735447282245,0.0,0.8327999940285316,0.6031783223152161,1.149999976158142,34.72425106811524,0.26428574323654175
observed_test,v2_2018_376_48h,,37,PCC,C,3.033735447282245,0.0,0.8327999940285316,0.6031783223152161,1.149999976158142,34.72425106811524,0.26428574323654175
observed_test,v2_2018_376_48h,,38,PCC,A,3.1232014249141358,0.0,0.6688708296188941,0.6654155254364014,1.149999976158142,34.72425106811524,0.2717510163784027
observed_test,v2_2018_376_48h,,38,PCC,B,3.1232014249141358,0.0,0.6688708296188941,0.6654155254364014,1.149999976158142,34.72425106811524,0.2717510163784027
observed_test,v2_2018_376_48h,,38,PCC,C,3.1232014249141358,0.0,0.6688708296188941,0.6654155254364014,1.149999976158142,34.72425106811524,0.2717510163784027
observed_test,v2_2018_376_48h,,39,PCC,A,2.915610662966831,0.0,0.41844999560943014,0.5210045576095581,1.149999976158142,34.72425106811524,0.2733449637889862
observed_test,v2_2018_376_48h,,39,PCC,B,2.915610662966831,0.0,0.41844999560943014,0.5210045576095581,1.149999976158142,34.72425106811524,0.2733449637889862
observed_test,v2_2018_376_48h,,39,PCC,C,2.915610662966831,0.0,0.41844999560943014,0.5210045576095581,1.149999976158142,34.72425106811524,0.2733449637889862
observed_test,v2_2018_376_48h,,40,PCC,A,2.9761405680146122,0.0,0.17934583414059416,0.5631123185157776,1.149999976158142,53.24800137329102,0.2715685963630676
observed_test,v2_2018_376_48h,,40,PCC,B,2.9761405680146122,0.0,0.17934583414059416,0.5631123185157776,1.149999976158142,53.24800137329102,0.2715685963630676
observed_test,v2_2018_376_48h,,40,PCC,C,2.9761405680146122,0.0,0.17934583414059416,0.5631123185157776,1.149999976158142,53.24800137329102,0.2715685963630676
observed_test,v2_2018_376_48h,,41,PCC,A,2.912059071852747,0.0,0.03674583366284003,0.5185338854789734,1.149999976158142,53.24800137329102,0.2635834217071533
observed_test,v2_2018_376_48h,,41,PCC,B,2.912059071852747,0.0,0.03674583366284003,0.5185338854789734,1.149999976158142,53.24800137329102,0.2635834217071533
observed_test,v2_2018_376_48h,,41,PCC,C,2.912059071852747,0.0,0.03674583366284003,0.5185338854789734,1.149999976158142,53.24800137329102,0.2635834217071533
observed_test,v2_2018_376_48h,,42,PCC,A,2.888165108802557,0.0,0.0,0.501911997795105,1.149999976158142,53.24800137329102,0.2650112509727478
observed_test,v2_2018_376_48h,,42,PCC,B,2.888165108802557,0.0,0.0,0.501911997795105,1.149999976158142,53.24800137329102,0.2650112509727478
observed_test,v2_2018_376_48h,,42,PCC,C,2.888165108802557,0.0,0.0,0.501911997795105,1.149999976158142,53.24800137329102,0.2650112509727478
observed_test,v2_2018_376_48h,,43,PCC,A,2.9849615821466244,0.0,0.0,0.5692486763000488,1.149999976158142,53.24800137329102,0.2647228240966797
observed_test,v2_2018_376_48h,,43,PCC,B,2.9849615821466244,0.0,0.0,0.5692486763000488,1.149999976158142,53.24800137329102,0.2647228240966797
observed_test,v2_2018_376_48h,,43,PCC,C,2.9849615821466244,0.0,0.0,0.5692486763000488,1.149999976158142,53.24800137329102,0.2647228240966797
observed_test,v2_2018_376_48h,,44,PCC,A,2.825617614510635,0.0,0.0,0.458400696516037,1.149999976158142,53.24800137329102,0.2669733464717865
observed_test,v2_2018_376_48h,,44,PCC,B,2.825617614510635,0.0,0.0,0.458400696516037,1.149999976158142,53.24800137329102,0.2669733464717865
observed_test,v2_2018_376_48h,,44,PCC,C,2.825617614510635,0.0,0.0,0.458400696516037,1.149999976158142,53.24800137329102,0.2669733464717865
observed_test,v2_2018_376_48h,,45,PCC,A,2.740638571998929,0.0,0.0,0.39928483963012695,1.149999976158142,53.24800137329102,0.26793980598449707
observed_test,v2_2018_376_48h,,45,PCC,B,2.740638571998929,0.0,0.0,0.39928483963012695,1.149999976158142,53.24800137329102,0.26793980598449707
observed_test,v2_2018_376_48h,,45,PCC,C,2.740638571998929,0.0,0.0,0.39928483963012695,1.149999976158142,53.24800137329102,0.26793980598449707
observed_test,v2_2018_376_48h,,46,PCC,A,2.689500792288461,0.0,0.0,0.3637107312679291,1.149999976158142,53.24800137329102,0.2686484754085541
observed_test,v2_2018_376_48h,,46,PCC,B,2.689500792288461,0.0,0.0,0.3637107312679291,1.149999976158142,53.24800137329102,0.2686484754085541
observed_test,v2_2018_376_48h,,46,PCC,C,2.689500792288461,0.0,0.0,0.3637107312679291,1.149999976158142,53.24800137329102,0.2686484754085541
observed_test,v2_2018_376_48h,,47,PCC,A,2.666340906989589,0.0,0.0,0.34759950637817383,1.149999976158142,53.24800137329102,0.26784855127334595
observed_test,v2_2018_376_48h,,47,PCC,B,2.666340906989589,0.0,0.0,0.34759950637817383,1.149999976158142,53.24800137329102,0.26784855127334595
observed_test,v2_2018_376_48h,,47,PCC,C,2.666340906989589,0.0,0.0,0.34759950637817383,1.149999976158142,53.24800137329102,0.26784855127334595
observed_test,v2_2018_542_48h,,0,PCC,A,2.589738233557025,0.0,0.0,0.29431068897247314,1.149999976158142,53.24800137329102,0.3395504057407379
observed_test,v2_2018_542_48h,,0,PCC,B,2.589738233557025,0.0,0.0,0.29431068897247314,1.149999976158142,53.24800137329102,0.3395504057407379
observed_test,v2_2018_542_48h,,0,PCC,C,2.589738233557025,0.0,0.0,0.29431068897247314,1.149999976158142,53.24800137329102,0.3395504057407379
observed_test,v2_2018_542_48h,,1,PCC,A,2.6237012928594003,0.0,0.0,0.3179371654987335,1.149999976158142,53.24800137329102,0.3584844470024109
observed_test,v2_2018_542_48h,,1,PCC,B,2.6237012928594003,0.0,0.0,0.3179371654987335,1.149999976158142,53.24800137329102,0.3584844470024109
observed_test,v2_2018_542_48h,,1,PCC,C,2.6237012928594003,0.0,0.0,0.3179371654987335,1.149999976158142,53.24800137329102,0.3584844470024109
observed_test,v2_2018_542_48h,,2,PCC,A,2.4875831211508435,0.0,0.0,0.2232462614774704,1.149999976158142,53.24800137329102,0.3493867814540863
observed_test,v2_2018_542_48h,,2,PCC,B,2.4875831211508435,0.0,0.0,0.2232462614774704,1.149999976158142,53.24800137329102,0.3493867814540863
observed_test,v2_2018_542_48h,,2,PCC,C,2.4875831211508435,0.0,0.0,0.2232462614774704,1.149999976158142,53.24800137329102,0.3493867814540863
observed_test,v2_2018_542_48h,,3,PCC,A,2.5452259178952694,0.0,0.0,0.2633455991744995,1.149999976158142,53.24800137329102,0.34039369225502014
observed_test,v2_2018_542_48h,,3,PCC,B,2.5452259178952694,0.0,0.0,0.2633455991744995,1.149999976158142,53.24800137329102,0.34039369225502014
observed_test,v2_2018_542_48h,,3,PCC,C,2.5452259178952694,0.0,0.0,0.2633455991744995,1.149999976158142,53.24800137329102,0.34039369225502014
observed_test,v2_2018_542_48h,,4,PCC,A,2.6066056994782514,0.0,0.0,0.3060445785522461,1.149999976158142,53.24800137329102,0.3419335186481476
observed_test,v2_2018_542_48h,,4,PCC,B,2.6066056994782514,0.0,0.0,0.3060445785522461,1.149999976158142,53.24800137329102,0.3419335186481476
observed_test,v2_2018_542_48h,,4,PCC,C,2.6066056994782514,0.0,0.0,0.3060445785522461,1.149999976158142,53.24800137329102,0.3419335186481476
observed_test,v2_2018_542_48h,,5,PCC,A,2.5763726205374935,0.0,0.0,0.2850128710269928,1.149999976158142,53.24800137329102,0.34306105971336365
observed_test,v2_2018_542_48h,,5,PCC,B,2.5763726205374935,0.0,0.0,0.2850128710269928,1.149999976158142,53.24800137329102,0.34306105971336365
observed_test,v2_2018_542_48h,,5,PCC,C,2.5763726205374935,0.0,0.0,0.2850128710269928,1.149999976158142,53.24800137329102,0.34306105971336365
observed_test,v2_2018_542_48h,,6,PCC,A,2.7605416539868575,0.0,0.0,0.4131304621696472,1.149999976158142,53.24800137329102,0.3405168056488037
observed_test,v2_2018_542_48h,,6,PCC,B,2.7605416539868575,0.0,0.0,0.4131304621696472,1.149999976158142,53.24800137329102,0.3405168056488037
observed_test,v2_2018_542_48h,,6,PCC,C,2.7605416539868575,0.0,0.0,0.4131304621696472,1.149999976158142,53.24800137329102,0.3405168056488037
observed_test,v2_2018_542_48h,,7,PCC,A,3.0129513006293838,0.0,0.0,0.5887197852134705,1.149999976158142,53.24800137329102,0.3422624468803406
observed_test,v2_2018_542_48h,,7,PCC,B,3.0129513006293838,0.0,0.0,0.5887197852134705,1.149999976158142,53.24800137329102,0.3422624468803406
observed_test,v2_2018_542_48h,,7,PCC,C,3.0129513006293838,0.0,0.0,0.5887197852134705,1.149999976158142,53.24800137329102,0.3422624468803406
observed_test,v2_2018_542_48h,,8,PCC,A,2.7649040079514635,0.0,0.3588416541998203,0.41616514325141907,1.149999976158142,53.24800137329102,0.3416255712509155
observed_test,v2_2018_542_48h,,8,PCC,B,2.7649040079514635,0.0,0.3588416541998203,0.41616514325141907,1.149999976158142,53.24800137329102,0.3416255712509155
observed_test,v2_2018_542_48h,,8,PCC,C,2.7649040079514635,0.0,0.3588416541998203,0.41616514325141907,1.149999976158142,53.24800137329102,0.3416255712509155
observed_test,v2_2018_542_48h,,9,PCC,A,2.9051724072175276,0.0,0.72754999765983,0.5137431621551514,1.149999976158142,53.24800137329102,0.34979093074798584
observed_test,v2_2018_542_48h,,9,PCC,B,2.9051724072175276,0.0,0.72754999765983,0.5137431621551514,1.149999976158142,53.24800137329102,0.34979093074798584
observed_test,v2_2018_542_48h,,9,PCC,C,2.9051724072175276,0.0,0.72754999765983,0.5137431621551514,1.149999976158142,53.24800137329102,0.34979093074798584
observed_test,v2_2018_542_48h,,10,PCC,A,2.6904467608222724,0.0,0.953833357645915,0.3643687963485718,1.149999976158142,53.24800137329102,0.3513350784778595
observed_test,v2_2018_542_48h,,10,PCC,B,2.6904467608222724,0.0,0.953833357645915,0.3643687963485718,1.149999976158142,53.24800137329102,0.3513350784778595
observed_test,v2_2018_542_48h,,10,PCC,C,2.6904467608222724,0.0,0.953833357645915,0.3643687963485718,1.149999976158142,53.24800137329102,0.3513350784778595
observed_test,v2_2018_542_48h,,11,PCC,A,2.686130632121376,0.0,1.0817833817922151,0.36136627197265625,1.149999976158142,53.24800137329102,0.352043479681015
observed_test,v2_2018_542_48h,,11,PCC,B,2.686130632121376,0.0,1.0817833817922151,0.36136627197265625,1.149999976158142,53.24800137329102,0.352043479681015
observed_test,v2_2018_542_48h,,11,PCC,C,2.686130632121376,0.0,1.0817833817922151,0.36136627197265625,1.149999976158142,53.24800137329102,0.352043479681015
observed_test,v2_2018_542_48h,,12,PCC,A,2.940481482794702,0.0,1.118341661416567,0.5383059978485107,1.149999976158142,53.24800137329102,0.35197725892066956
observed_test,v2_2018_542_48h,,12,PCC,B,2.940481482794702,0.0,1.118341661416567,0.5383059978485107,1.149999976158142,53.24800137329102,0.35197725892066956
observed_test,v2_2018_542_48h,,12,PCC,C,2.940481482794702,0.0,1.118341661416567,0.5383059978485107,1.149999976158142,53.24800137329102,0.35197725892066956
observed_test,v2_2018_542_48h,,13,PCC,A,3.033735447282245,0.0,1.041087508201599,0.6031783223152161,1.149999976158142,53.24800137329102,0.3435025215148926
observed_test,v2_2018_542_48h,,13,PCC,B,3.033735447282245,0.0,1.041087508201599,0.6031783223152161,1.149999976158142,53.24800137329102,0.3435025215148926
observed_test,v2_2018_542_48h,,13,PCC,C,3.033735447282245,0.0,1.041087508201599,0.6031783223152161,1.149999976158142,53.24800137329102,0.3435025215148926
observed_test,v2_2018_542_48h,,14,PCC,A,3.1232014249141358,0.0,0.5646666655173668,0.6654155254364014,1.149999976158142,53.24800137329102,0.33751198649406433
observed_test,v2_2018_542_48h,,14,PCC,B,3.1232014249141358,0.0,0.5646666655173668,0.6654155254364014,1.149999976158142,53.24800137329102,0.33751198649406433
observed_test,v2_2018_542_48h,,14,PCC,C,3.1232014249141358,0.0,0.5646666655173668,0.6654155254364014,1.149999976158142,53.24800137329102,0.33751198649406433
observed_test,v2_2018_542_48h,,15,PCC,A,2.915610662966831,0.0,0.1549166698868458,0.5210045576095581,1.149999976158142,53.24800137329102,0.3310859501361847
observed_test,v2_2018_542_48h,,15,PCC,B,2.915610662966831,0.0,0.1549166698868458,0.5210045576095581,1.149999976158142,53.24800137329102,0.3310859501361847
observed_test,v2_2018_542_48h,,15,PCC,C,2.915610662966831,0.0,0.1549166698868458,0.5210045576095581,1.149999976158142,53.24800137329102,0.3310859501361847
observed_test,v2_2018_542_48h,,16,PCC,A,2.9761405680146122,0.0,0.05527916722572767,0.5631123185157776,1.149999976158142,53.24800137329102,0.32164841890335083
observed_test,v2_2018_542_48h,,16,PCC,B,2.9761405680146122,0.0,0.05527916722572767,0.5631123185157776,1.149999976158142,53.24800137329102,0.32164841890335083
observed_test,v2_2018_542_48h,,16,PCC,C,2.9761405680146122,0.0,0.05527916722572767,0.5631123185157776,1.149999976158142,53.24800137329102,0.32164841890335083
observed_test,v2_2018_542_48h,,17,PCC,A,2.912059071852747,0.0,0.0,0.5185338854789734,1.149999976158142,53.24800137329102,0.2997533977031708
observed_test,v2_2018_542_48h,,17,PCC,B,2.912059071852747,0.0,0.0,0.5185338854789734,1.149999976158142,53.24800137329102,0.2997533977031708
observed_test,v2_2018_542_48h,,17,PCC,C,2.912059071852747,0.0,0.0,0.5185338854789734,1.149999976158142,53.24800137329102,0.2997533977031708
observed_test,v2_2018_542_48h,,18,PCC,A,2.888165108802557,0.0,0.0,0.501911997795105,1.149999976158142,53.24800137329102,0.2852819263935089
observed_test,v2_2018_542_48h,,18,PCC,B,2.888165108802557,0.0,0.0,0.501911997795105,1.149999976158142,53.24800137329102,0.2852819263935089
observed_test,v2_2018_542_48h,,18,PCC,C,2.888165108802557,0.0,0.0,0.501911997795105,1.149999976158142,53.24800137329102,0.2852819263935089
observed_test,v2_2018_542_48h,,19,PCC,A,2.9849615821466244,0.0,0.0,0.5692486763000488,1.149999976158142,53.24800137329102,0.2762019634246826
observed_test,v2_2018_542_48h,,19,PCC,B,2.9849615821466244,0.0,0.0,0.5692486763000488,1.149999976158142,53.24800137329102,0.2762019634246826
observed_test,v2_2018_542_48h,,19,PCC,C,2.9849615821466244,0.0,0.0,0.5692486763000488,1.149999976158142,53.24800137329102,0.2762019634246826
observed_test,v2_2018_542_48h,,20,PCC,A,2.825617614510635,0.0,0.0,0.458400696516037,1.149999976158142,53.24800137329102,0.2631073296070099
observed_test,v2_2018_542_48h,,20,PCC,B,2.825617614510635,0.0,0.0,0.458400696516037,1.149999976158142,53.24800137329102,0.2631073296070099
observed_test,v2_2018_542_48h,,20,PCC,C,2.825617614510635,0.0,0.0,0.458400696516037,1.149999976158142,53.24800137329102,0.2631073296070099
observed_test,v2_2018_542_48h,,21,PCC,A,2.740638571998929,0.0,0.0,0.39928483963012695,1.149999976158142,53.24800137329102,0.2648462951183319
observed_test,v2_2018_542_48h,,21,PCC,B,2.740638571998929,0.0,0.0,0.39928483963012695,1.149999976158142,53.24800137329102,0.2648462951183319
observed_test,v2_2018_542_48h,,21,PCC,C,2.740638571998929,0.0,0.0,0.39928483963012695,1.149999976158142,53.24800137329102,0.2648462951183319
observed_test,v2_2018_542_48h,,22,PCC,A,2.689500792288461,0.0,0.0,0.3637107312679291,1.149999976158142,53.24800137329102,0.27600327134132385
observed_test,v2_2018_542_48h,,22,PCC,B,2.689500792288461,0.0,0.0,0.3637107312679291,1.149999976158142,53.24800137329102,0.27600327134132385
observed_test,v2_2018_542_48h,,22,PCC,C,2.689500792288461,0.0,0.0,0.3637107312679291,1.149999976158142,53.24800137329102,0.27600327134132385
observed_test,v2_2018_542_48h,,23,PCC,A,2.666340906989589,0.0,0.0,0.34759950637817383,1.149999976158142,53.24800137329102,0.279354065656662
observed_test,v2_2018_542_48h,,23,PCC,B,2.666340906989589,0.0,0.0,0.34759950637817383,1.149999976158142,53.24800137329102,0.279354065656662
observed_test,v2_2018_542_48h,,23,PCC,C,2.666340906989589,0.0,0.0,0.34759950637817383,1.149999976158142,53.24800137329102,0.279354065656662
observed_test,v2_2018_542_48h,,24,PCC,A,2.589738233557025,0.0,0.0,0.29431068897247314,1.149999976158142,53.24800137329102,0.2890777885913849
observed_test,v2_2018_542_48h,,24,PCC,B,2.589738233557025,0.0,0.0,0.29431068897247314,1.149999976158142,53.24800137329102,0.2890777885913849
observed_test,v2_2018_542_48h,,24,PCC,C,2.589738233557025,0.0,0.0,0.29431068897247314,1.149999976158142,53.24800137329102,0.2890777885913849
observed_test,v2_2018_542_48h,,25,PCC,A,2.6237012928594003,0.0,0.0,0.3179371654987335,1.149999976158142,34.72425106811524,0.3088434636592865
observed_test,v2_2018_542_48h,,25,PCC,B,2.6237012928594003,0.0,0.0,0.3179371654987335,1.149999976158142,34.72425106811524,0.3088434636592865
observed_test,v2_2018_542_48h,,25,PCC,C,2.6237012928594003,0.0,0.0,0.3179371654987335,1.149999976158142,34.72425106811524,0.3088434636592865
observed_test,v2_2018_542_48h,,26,PCC,A,2.4875831211508435,0.0,0.0,0.2232462614774704,1.149999976158142,34.72425106811524,0.3097779154777527
observed_test,v2_2018_542_48h,,26,PCC,B,2.4875831211508435,0.0,0.0,0.2232462614774704,1.149999976158142,34.72425106811524,0.3097779154777527
observed_test,v2_2018_542_48h,,26,PCC,C,2.4875831211508435,0.0,0.0,0.2232462614774704,1.149999976158142,34.72425106811524,0.3097779154777527
observed_test,v2_2018_542_48h,,27,PCC,A,2.5452259178952694,0.0,0.0,0.2633455991744995,1.149999976158142,53.24800137329102,0.31163012981414795
observed_test,v2_2018_542_48h,,27,PCC,B,2.5452259178952694,0.0,0.0,0.2633455991744995,1.149999976158142,53.24800137329102,0.31163012981414795
observed_test,v2_2018_542_48h,,27,PCC,C,2.5452259178952694,0.0,0.0,0.2633455991744995,1.149999976158142,53.24800137329102,0.31163012981414795
observed_test,v2_2018_542_48h,,28,PCC,A,2.6066056994782514,0.0,0.0,0.3060445785522461,1.149999976158142,53.24800137329102,0.32150399684906006
observed_test,v2_2018_542_48h,,28,PCC,B,2.6066056994782514,0.0,0.0,0.3060445785522461,1.149999976158142,53.24800137329102,0.32150399684906006
observed_test,v2_2018_542_48h,,28,PCC,C,2.6066056994782514,0.0,0.0,0.3060445785522461,1.149999976158142,53.24800137329102,0.32150399684906006
observed_test,v2_2018_542_48h,,29,PCC,A,2.5763726205374935,0.0,0.0,0.2850128710269928,1.149999976158142,53.24800137329102,0.3338591456413269
observed_test,v2_2018_542_48h,,29,PCC,B,2.5763726205374935,0.0,0.0,0.2850128710269928,1.149999976158142,53.24800137329102,0.3338591456413269
observed_test,v2_2018_542_48h,,29,PCC,C,2.5763726205374935,0.0,0.0,0.2850128710269928,1.149999976158142,53.24800137329102,0.3338591456413269
observed_test,v2_2018_542_48h,,30,PCC,A,2.7605416539868575,0.0,0.0,0.4131304621696472,1.149999976158142,121.88174847412108,0.3498738408088684
observed_test,v2_2018_542_48h,,30,PCC,B,2.7605416539868575,0.0,0.0,0.4131304621696472,1.149999976158142,121.88174847412108,0.3498738408088684
observed_test,v2_2018_542_48h,,30,PCC,C,2.7605416539868575,0.0,0.0,0.4131304621696472,1.149999976158142,121.88174847412108,0.3498738408088684
observed_test,v2_2018_542_48h,,31,PCC,A,3.0129513006293838,0.0,0.0,0.5887197852134705,1.149999976158142,121.88174847412108,0.3462944030761719
observed_test,v2_2018_542_48h,,31,PCC,B,3.0129513006293838,0.0,0.0,0.5887197852134705,1.149999976158142,121.88174847412108,0.3462944030761719
observed_test,v2_2018_542_48h,,31,PCC,C,3.0129513006293838,0.0,0.0,0.5887197852134705,1.149999976158142,121.88174847412108,0.3462944030761719
observed_test,v2_2018_542_48h,,32,PCC,A,2.7649040079514635,0.0,0.3556791692972183,0.41616514325141907,1.149999976158142,121.88174847412108,0.3434279263019562
observed_test,v2_2018_542_48h,,32,PCC,B,2.7649040079514635,0.0,0.3556791692972183,0.41616514325141907,1.149999976158142,121.88174847412108,0.3434279263019562
observed_test,v2_2018_542_48h,,32,PCC,C,2.7649040079514635,0.0,0.3556791692972183,0.41616514325141907,1.149999976158142,121.88174847412108,0.3434279263019562
observed_test,v2_2018_542_48h,,33,PCC,A,2.9051724072175276,0.0,0.698012514756276,0.5137431621551514,1.149999976158142,121.88174847412108,0.34227651357650757
observed_test,v2_2018_542_48h,,33,PCC,B,2.9051724072175276,0.0,0.698012514756276,0.5137431621551514,1.149999976158142,121.88174847412108,0.34227651357650757
observed_test,v2_2018_542_48h,,33,PCC,C,2.9051724072175276,0.0,0.698012514756276,0.5137431621551514,1.149999976158142,121.88174847412108,0.34227651357650757
observed_test,v2_2018_542_48h,,34,PCC,A,2.6904467608222724,0.0,1.0104208038403437,0.3643687963485718,1.149999976158142,53.24800137329102,0.34157341718673706
observed_test,v2_2018_542_48h,,34,PCC,B,2.6904467608222724,0.0,1.0104208038403437,0.3643687963485718,1.149999976158142,53.24800137329102,0.34157341718673706
observed_test,v2_2018_542_48h,,34,PCC,C,2.6904467608222724,0.0,1.0104208038403437,0.3643687963485718,1.149999976158142,53.24800137329102,0.34157341718673706
observed_test,v2_2018_542_48h,,35,PCC,A,2.686130632121376,0.0,1.1441833697832546,0.36136627197265625,1.149999976158142,53.24800137329102,0.33814752101898193
observed_test,v2_2018_542_48h,,35,PCC,B,2.686130632121376,0.0,1.1441833697832546,0.36136627197265625,1.149999976158142,53.24800137329102,0.33814752101898193
observed_test,v2_2018_542_48h,,35,PCC,C,2.686130632121376,0.0,1.1441833697832546,0.36136627197265625,1.149999976158142,53.24800137329102,0.33814752101898193
observed_test,v2_2018_542_48h,,36,PCC,A,2.940481482794702,0.0,1.17980413711988,0.5383059978485107,1.149999976158142,34.72425106811524,0.33659231662750244
observed_test,v2_2018_542_48h,,36,PCC,B,2.940481482794702,0.0,1.17980413711988,0.5383059978485107,1.149999976158142,34.72425106811524,0.33659231662750244
observed_test,v2_2018_542_48h,,36,PCC,C,2.940481482794702,0.0,1.17980413711988,0.5383059978485107,1.149999976158142,34.72425106811524,0.33659231662750244
observed_test,v2_2018_542_48h,,37,PCC,A,3.033735447282245,0.0,1.1227749861203706,0.6031783223152161,1.149999976158142,34.72425106811524,0.3255828320980072
observed_test,v2_2018_542_48h,,37,PCC,B,3.033735447282245,0.0,1.1227749861203706,0.6031783223152161,1.149999976158142,34.72425106811524,0.3255828320980072
observed_test,v2_2018_542_48h,,37,PCC,C,3.033735447282245,0.0,1.1227749861203706,0.6031783223152161,1.149999976158142,34.72425106811524,0.3255828320980072
observed_test,v2_2018_542_48h,,38,PCC,A,3.1232014249141358,0.0,0.9750958818655747,0.6654155254364014,1.149999976158142,34.72425106811524,0.31709447503089905
observed_test,v2_2018_542_48h,,38,PCC,B,3.1232014249141358,0.0,0.9750958818655747,0.6654155254364014,1.149999976158142,34.72425106811524,0.31709447503089905
observed_test,v2_2018_542_48h,,38,PCC,C,3.1232014249141358,0.0,0.9750958818655747,0.6654155254364014,1.149999976158142,34.72425106811524,0.31709447503089905
observed_test,v2_2018_542_48h,,39,PCC,A,2.915610662966831,0.0,0.7193541870667383,0.5210045576095581,1.149999976158142,34.72425106811524,0.3180161416530609
observed_test,v2_2018_542_48h,,39,PCC,B,2.915610662966831,0.0,0.7193541870667383,0.5210045576095581,1.149999976158142,34.72425106811524,0.3180161416530609
observed_test,v2_2018_542_48h,,39,PCC,C,2.915610662966831,0.0,0.7193541870667383,0.5210045576095581,1.149999976158142,34.72425106811524,0.3180161416530609
observed_test,v2_2018_542_48h,,40,PCC,A,2.9761405680146122,0.0,0.3309583434691796,0.5631123185157776,1.149999976158142,53.24800137329102,0.31527936458587646
observed_test,v2_2018_542_48h,,40,PCC,B,2.9761405680146122,0.0,0.3309583434691796,0.5631123185157776,1.149999976158142,53.24800137329102,0.31527936458587646
observed_test,v2_2018_542_48h,,40,PCC,C,2.9761405680146122,0.0,0.3309583434691796,0.5631123185157776,1.149999976158142,53.24800137329102,0.31527936458587646
observed_test,v2_2018_542_48h,,41,PCC,A,2.912059071852747,0.0,0.0,0.5185338854789734,1.149999976158142,53.24800137329102,0.2851102352142334
observed_test,v2_2018_542_48h,,41,PCC,B,2.912059071852747,0.0,0.0,0.5185338854789734,1.149999976158142,53.24800137329102,0.2851102352142334
observed_test,v2_2018_542_48h,,41,PCC,C,2.912059071852747,0.0,0.0,0.5185338854789734,1.149999976158142,53.24800137329102,0.2851102352142334
observed_test,v2_2018_542_48h,,42,PCC,A,2.888165108802557,0.0,0.0,0.501911997795105,1.149999976158142,53.24800137329102,0.2613919973373413
observed_test,v2_2018_542_48h,,42,PCC,B,2.888165108802557,0.0,0.0,0.501911997795105,1.149999976158142,53.24800137329102,0.2613919973373413
observed_test,v2_2018_542_48h,,42,PCC,C,2.888165108802557,0.0,0.0,0.501911997795105,1.149999976158142,53.24800137329102,0.2613919973373413
observed_test,v2_2018_542_48h,,43,PCC,A,2.9849615821466244,0.0,0.0,0.5692486763000488,1.149999976158142,53.24800137329102,0.24509786069393158
observed_test,v2_2018_542_48h,,43,PCC,B,2.9849615821466244,0.0,0.0,0.5692486763000488,1.149999976158142,53.24800137329102,0.24509786069393158
observed_test,v2_2018_542_48h,,43,PCC,C,2.9849615821466244,0.0,0.0,0.5692486763000488,1.149999976158142,53.24800137329102,0.24509786069393158
observed_test,v2_2018_542_48h,,44,PCC,A,2.825617614510635,0.0,0.0,0.458400696516037,1.149999976158142,53.24800137329102,0.24263539910316467
observed_test,v2_2018_542_48h,,44,PCC,B,2.825617614510635,0.0,0.0,0.458400696516037,1.149999976158142,53.24800137329102,0.24263539910316467
observed_test,v2_2018_542_48h,,44,PCC,C,2.825617614510635,0.0,0.0,0.458400696516037,1.149999976158142,53.24800137329102,0.24263539910316467
observed_test,v2_2018_542_48h,,45,PCC,A,2.740638571998929,0.0,0.0,0.39928483963012695,1.149999976158142,53.24800137329102,0.24301493167877197
observed_test,v2_2018_542_48h,,45,PCC,B,2.740638571998929,0.0,0.0,0.39928483963012695,1.149999976158142,53.24800137329102,0.24301493167877197
observed_test,v2_2018_542_48h,,45,PCC,C,2.740638571998929,0.0,0.0,0.39928483963012695,1.149999976158142,53.24800137329102,0.24301493167877197
observed_test,v2_2018_542_48h,,46,PCC,A,2.689500792288461,0.0,0.0,0.3637107312679291,1.149999976158142,53.24800137329102,0.24866795539855957
observed_test,v2_2018_542_48h,,46,PCC,B,2.689500792288461,0.0,0.0,0.3637107312679291,1.149999976158142,53.24800137329102,0.24866795539855957
observed_test,v2_2018_542_48h,,46,PCC,C,2.689500792288461,0.0,0.0,0.3637107312679291,1.149999976158142,53.24800137329102,0.24866795539855957
observed_test,v2_2018_542_48h,,47,PCC,A,2.666340906989589,0.0,0.0,0.34759950637817383,1.149999976158142,53.24800137329102,0.26080694794654846
observed_test,v2_2018_542_48h,,47,PCC,B,2.666340906989589,0.0,0.0,0.34759950637817383,1.149999976158142,53.24800137329102,0.26080694794654846
observed_test,v2_2018_542_48h,,47,PCC,C,2.666340906989589,0.0,0.0,0.34759950637817383,1.149999976158142,53.24800137329102,0.26080694794654846
observed_test,v2_2018_429_48h,,0,PCC,A,2.589738233557025,0.0,0.0,0.29431068897247314,1.149999976158142,53.24800137329102,0.29204216599464417
observed_test,v2_2018_429_48h,,0,PCC,B,2.589738233557025,0.0,0.0,0.29431068897247314,1.149999976158142,53.24800137329102,0.29204216599464417
observed_test,v2_2018_429_48h,,0,PCC,C,2.589738233557025,0.0,0.0,0.29431068897247314,1.149999976158142,53.24800137329102,0.29204216599464417
observed_test,v2_2018_429_48h,,1,PCC,A,2.6237012928594003,0.0,0.0,0.3179371654987335,1.149999976158142,34.72425106811524,0.28155291080474854
observed_test,v2_2018_429_48h,,1,PCC,B,2.6237012928594003,0.0,0.0,0.3179371654987335,1.149999976158142,34.72425106811524,0.28155291080474854
observed_test,v2_2018_429_48h,,1,PCC,C,2.6237012928594003,0.0,0.0,0.3179371654987335,1.149999976158142,34.72425106811524,0.28155291080474854
observed_test,v2_2018_429_48h,,2,PCC,A,2.4875831211508435,0.0,0.0,0.2232462614774704,1.149999976158142,34.72425106811524,0.30299630761146545
observed_test,v2_2018_429_48h,,2,PCC,B,2.4875831211508435,0.0,0.0,0.2232462614774704,1.149999976158142,34.72425106811524,0.30299630761146545
observed_test,v2_2018_429_48h,,2,PCC,C,2.4875831211508435,0.0,0.0,0.2232462614774704,1.149999976158142,34.72425106811524,0.30299630761146545
observed_test,v2_2018_429_48h,,3,PCC,A,2.5452259178952694,0.0,0.0,0.2633455991744995,1.149999976158142,34.72425106811524,0.29573163390159607
observed_test,v2_2018_429_48h,,3,PCC,B,2.5452259178952694,0.0,0.0,0.2633455991744995,1.149999976158142,34.72425106811524,0.29573163390159607
observed_test,v2_2018_429_48h,,3,PCC,C,2.5452259178952694,0.0,0.0,0.2633455991744995,1.149999976158142,34.72425106811524,0.29573163390159607
observed_test,v2_2018_429_48h,,4,PCC,A,2.6066056994782514,0.0,0.0,0.3060445785522461,1.149999976158142,34.72425106811524,0.2604200541973114
observed_test,v2_2018_429_48h,,4,PCC,B,2.6066056994782514,0.0,0.0,0.3060445785522461,1.149999976158142,34.72425106811524,0.2604200541973114
observed_test,v2_2018_429_48h,,4,PCC,C,2.6066056994782514,0.0,0.0,0.3060445785522461,1.149999976158142,34.72425106811524,0.2604200541973114
observed_test,v2_2018_429_48h,,5,PCC,A,2.5763726205374935,0.0,0.004345833216435634,0.2850128710269928,1.149999976158142,34.72425106811524,0.24564382433891296
observed_test,v2_2018_429_48h,,5,PCC,B,2.5763726205374935,0.0,0.004345833216435634,0.2850128710269928,1.149999976158142,34.72425106811524,0.24564382433891296
observed_test,v2_2018_429_48h,,5,PCC,C,2.5763726205374935,0.0,0.004345833216435634,0.2850128710269928,1.149999976158142,34.72425106811524,0.24564382433891296
observed_test,v2_2018_429_48h,,6,PCC,A,2.7605416539868575,0.0,0.09664583664674024,0.4131304621696472,1.149999976158142,53.24800137329102,0.23213675618171692
observed_test,v2_2018_429_48h,,6,PCC,B,2.7605416539868575,0.0,0.09664583664674024,0.4131304621696472,1.149999976158142,53.24800137329102,0.23213675618171692
observed_test,v2_2018_429_48h,,6,PCC,C,2.7605416539868575,0.0,0.09664583664674024,0.4131304621696472,1.149999976158142,53.24800137329102,0.23213675618171692
observed_test,v2_2018_429_48h,,7,PCC,A,3.0315111269718575,0.0,0.36419584200932426,0.5887197852134705,1.1577249765396118,53.24800137329102,0.22217637300491333
observed_test,v2_2018_429_48h,,7,PCC,B,3.0315111269718575,0.0,0.36419584200932426,0.5887197852134705,1.1577249765396118,53.24800137329102,0.22217637300491333
observed_test,v2_2018_429_48h,,7,PCC,C,3.0315111269718575,0.0,0.36419584200932426,0.5887197852134705,1.1577249765396118,53.24800137329102,0.22217637300491333
observed_test,v2_2018_429_48h,,8,PCC,A,2.824933598931836,0.0,0.6265041919854971,0.41616514325141907,1.1774499416351318,53.24800137329102,0.2238142341375351
observed_test,v2_2018_429_48h,,8,PCC,B,2.824933598931836,0.0,0.6265041919854971,0.41616514325141907,1.1774499416351318,53.24800137329102,0.2238142341375351
observed_test,v2_2018_429_48h,,8,PCC,C,2.824933598931836,0.0,0.6265041919854971,0.41616514325141907,1.1774499416351318,53.24800137329102,0.2238142341375351
observed_test,v2_2018_429_48h,,9,PCC,A,3.013399545625056,0.0,0.9129583262480221,0.5137431621551514,1.196874976158142,53.24800137329102,0.2249642014503479
observed_test,v2_2018_429_48h,,9,PCC,B,3.013399545625056,0.0,0.9129583262480221,0.5137431621551514,1.196874976158142,53.24800137329102,0.2249642014503479
observed_test,v2_2018_429_48h,,9,PCC,C,3.013399545625056,0.0,0.9129583262480221,0.5137431621551514,1.196874976158142,53.24800137329102,0.2249642014503479
observed_test,v2_2018_429_48h,,10,PCC,A,2.8083840335723096,0.0,1.0779166450867286,0.3643687963485718,1.2055749893188477,53.24800137329102,0.22651337087154388
observed_test,v2_2018_429_48h,,10,PCC,B,2.8083840335723096,0.0,1.0779166450867286,0.3643687963485718,1.2055749893188477,53.24800137329102,0.22651337087154388
observed_test,v2_2018_429_48h,,10,PCC,C,2.8083840335723096,0.0,1.0779166450867286,0.3643687963485718,1.2055749893188477,53.24800137329102,0.22651337087154388
observed_test,v2_2018_429_48h,,11,PCC,A,2.8133920751545247,0.0,1.1748875562961285,0.36136627197265625,1.2100750207901,53.24800137329102,0.23188455402851105
observed_test,v2_2018_429_48h,,11,PCC,B,2.8133920751545247,0.0,1.1748875562961285,0.36136627197265625,1.2100750207901,53.24800137329102,0.23188455402851105
observed_test,v2_2018_429_48h,,11,PCC,C,2.8133920751545247,0.0,1.1748875562961285,0.36136627197265625,1.2100750207901,53.24800137329102,0.23188455402851105
observed_test,v2_2018_429_48h,,12,PCC,A,3.0861184606444803,0.0,1.1984041103949912,0.5383059978485107,1.212249994277954,53.24800137329102,0.24851679801940918
observed_test,v2_2018_429_48h,,12,PCC,B,3.0861184606444803,0.0,1.1984041103949912,0.5383059978485107,1.212249994277954,53.24800137329102,0.24851679801940918
observed_test,v2_2018_429_48h,,12,PCC,C,3.0861184606444803,0.0,1.1984041103949912,0.5383059978485107,1.212249994277954,53.24800137329102,0.24851679801940918
observed_test,v2_2018_429_48h,,13,PCC,A,3.1862356524415003,0.0,1.1479457983603842,0.6031783223152161,1.212999939918518,53.24800137329102,0.2552449107170105
observed_test,v2_2018_429_48h,,13,PCC,B,3.1862356524415003,0.0,1.1479457983603842,0.6031783223152161,1.212999939918518,53.24800137329102,0.2552449107170105
observed_test,v2_2018_429_48h,,13,PCC,C,3.1862356524415003,0.0,1.1479457983603842,0.6031783223152161,1.212999939918518,53.24800137329102,0.2552449107170105
observed_test,v2_2018_429_48h,,14,PCC,A,3.279291133779767,0.0,1.0272750487694373,0.6654155254364014,1.2124749422073364,53.24800137329102,0.2668544054031372
observed_test,v2_2018_429_48h,,14,PCC,B,3.279291133779767,0.0,1.0272750487694373,0.6654155254364014,1.2124749422073364,53.24800137329102,0.2668544054031372
observed_test,v2_2018_429_48h,,14,PCC,C,3.279291133779767,0.0,1.0272750487694373,0.6654155254364014,1.2124749422073364,53.24800137329102,0.2668544054031372
observed_test,v2_2018_429_48h,,15,PCC,A,3.0545120682095734,0.0,0.5650750146462367,0.5210045576095581,1.2099249362945557,53.24800137329102,0.2685477137565613
observed_test,v2_2018_429_48h,,15,PCC,B,3.0545120682095734,0.0,0.5650750146462367,0.5210045576095581,1.2099249362945557,53.24800137329102,0.2685477137565613
observed_test,v2_2018_429_48h,,15,PCC,C,3.0545120682095734,0.0,0.5650750146462367,0.5210045576095581,1.2099249362945557,53.24800137329102,0.2685477137565613
observed_test,v2_2018_429_48h,,16,PCC,A,3.108773343854152,0.0,0.24580416771081773,0.5631123185157776,1.2059500217437744,53.24800137329102,0.2619698643684387
observed_test,v2_2018_429_48h,,16,PCC,B,3.108773343854152,0.0,0.24580416771081773,0.5631123185157776,1.2059500217437744,53.24800137329102,0.2619698643684387
observed_test,v2_2018_429_48h,,16,PCC,C,3.108773343854152,0.0,0.24580416771081773,0.5631123185157776,1.2059500217437744,53.24800137329102,0.2619698643684387
observed_test,v2_2018_429_48h,,17,PCC,A,3.0214350545221724,0.0,0.07404583291365549,0.5185338854789734,1.1972500085830688,53.24800137329102,0.2320890873670578
observed_test,v2_2018_429_48h,,17,PCC,B,3.0214350545221724,0.0,0.07404583291365549,0.5185338854789734,1.1972500085830688,53.24800137329102,0.2320890873670578
observed_test,v2_2018_429_48h,,17,PCC,C,3.0214350545221724,0.0,0.07404583291365549,0.5185338854789734,1.1972500085830688,53.24800137329102,0.2320890873670578
observed_test,v2_2018_429_48h,,18,PCC,A,2.9741922883937755,0.0,0.0005333333459790222,0.501911997795105,1.1875,121.88174847412108,0.21596577763557434
observed_test,v2_2018_429_48h,,18,PCC,B,2.9741922883937755,0.0,0.0005333333459790222,0.501911997795105,1.1875,121.88174847412108,0.21596577763557434
observed_test,v2_2018_429_48h,,18,PCC,C,2.9741922883937755,0.0,0.0005333333459790222,0.501911997795105,1.1875,121.88174847412108,0.21596577763557434
observed_test,v2_2018_429_48h,,19,PCC,A,3.0457848501078786,0.0,0.0,0.5692486763000488,1.1755750179290771,121.88174847412108,0.20615766942501068
observed_test,v2_2018_429_48h,,19,PCC,B,3.0457848501078786,0.0,0.0,0.5692486763000488,1.1755750179290771,121.88174847412108,0.20615766942501068
observed_test,v2_2018_429_48h,,19,PCC,C,3.0457848501078786,0.0,0.0,0.5692486763000488,1.1755750179290771,121.88174847412108,0.20615766942501068
observed_test,v2_2018_429_48h,,20,PCC,A,2.873490642683217,0.0,0.0,0.458400696516037,1.171375036239624,121.88174847412108,0.2008131742477417
observed_test,v2_2018_429_48h,,20,PCC,B,2.873490642683217,0.0,0.0,0.458400696516037,1.171375036239624,121.88174847412108,0.2008131742477417
observed_test,v2_2018_429_48h,,20,PCC,C,2.873490642683217,0.0,0.0,0.458400696516037,1.171375036239624,121.88174847412108,0.2008131742477417
observed_test,v2_2018_429_48h,,21,PCC,A,2.7778356299988283,0.0,0.0,0.39928483963012695,1.1671749353408813,53.24800137329102,0.1999589502811432
observed_test,v2_2018_429_48h,,21,PCC,B,2.7778356299988283,0.0,0.0,0.39928483963012695,1.1671749353408813,53.24800137329102,0.1999589502811432
observed_test,v2_2018_429_48h,,21,PCC,C,2.7778356299988283,0.0,0.0,0.39928483963012695,1.1671749353408813,53.24800137329102,0.1999589502811432
observed_test,v2_2018_429_48h,,22,PCC,A,2.71718373902944,0.0,0.0,0.3637107312679291,1.1630499362945557,53.24800137329102,0.20652389526367188
observed_test,v2_2018_429_48h,,22,PCC,B,2.71718373902944,0.0,0.0,0.3637107312679291,1.1630499362945557,53.24800137329102,0.20652389526367188
observed_test,v2_2018_429_48h,,22,PCC,C,2.71718373902944,0.0,0.0,0.3637107312679291,1.1630499362945557,53.24800137329102,0.20652389526367188
observed_test,v2_2018_429_48h,,23,PCC,A,2.6861968395933076,0.0,0.0,0.34759950637817383,1.1594499349594116,53.24800137329102,0.24197621643543243
observed_test,v2_2018_429_48h,,23,PCC,B,2.6861968395933076,0.0,0.0,0.34759950637817383,1.1594499349594116,53.24800137329102,0.24197621643543243
observed_test,v2_2018_429_48h,,23,PCC,C,2.6861968395933076,0.0,0.0,0.34759950637817383,1.1594499349594116,53.24800137329102,0.24197621643543243
observed_test,v2_2018_429_48h,,24,PCC,A,2.6025558743519603,0.0,0.0,0.29431068897247314,1.1562999486923218,53.24800137329102,0.2597443163394928
observed_test,v2_2018_429_48h,,24,PCC,B,2.6025558743519603,0.0,0.0,0.29431068897247314,1.1562999486923218,53.24800137329102,0.2597443163394928
observed_test,v2_2018_429_48h,,24,PCC,C,2.6025558743519603,0.0,0.0,0.29431068897247314,1.1562999486923218,53.24800137329102,0.2597443163394928
observed_test,v2_2018_429_48h,,25,PCC,A,2.6315963252094527,0.0,0.0,0.3179371654987335,1.1538249254226685,53.24800137329102,0.2683746814727783
observed_test,v2_2018_429_48h,,25,PCC,B,2.6315963252094527,0.0,0.0,0.3179371654987335,1.1538249254226685,53.24800137329102,0.2683746814727783
observed_test,v2_2018_429_48h,,25,PCC,C,2.6315963252094527,0.0,0.0,0.3179371654987335,1.1538249254226685,53.24800137329102,0.2683746814727783
observed_test,v2_2018_429_48h,,26,PCC,A,2.4893343318315697,0.0,0.0,0.2232462614774704,1.1509000062942505,53.24800137329102,0.28207725286483765
observed_test,v2_2018_429_48h,,26,PCC,B,2.4893343318315697,0.0,0.0,0.2232462614774704,1.1509000062942505,53.24800137329102,0.28207725286483765
observed_test,v2_2018_429_48h,,26,PCC,C,2.4893343318315697,0.0,0.0,0.2232462614774704,1.1509000062942505,53.24800137329102,0.28207725286483765
observed_test,v2_2018_429_48h,,27,PCC,A,2.5452259178952694,0.0,0.0,0.2633455991744995,1.149999976158142,53.24800137329102,0.29512742161750793
observed_test,v2_2018_429_48h,,27,PCC,B,2.5452259178952694,0.0,0.0,0.2633455991744995,1.149999976158142,53.24800137329102,0.29512742161750793
observed_test,v2_2018_429_48h,,27,PCC,C,2.5452259178952694,0.0,0.0,0.2633455991744995,1.149999976158142,53.24800137329102,0.29512742161750793
observed_test,v2_2018_429_48h,,28,PCC,A,2.6066056994782514,0.0,0.0,0.3060445785522461,1.149999976158142,53.24800137329102,0.2957279682159424
observed_test,v2_2018_429_48h,,28,PCC,B,2.6066056994782514,0.0,0.0,0.3060445785522461,1.149999976158142,53.24800137329102,0.2957279682159424
observed_test,v2_2018_429_48h,,28,PCC,C,2.6066056994782514,0.0,0.0,0.3060445785522461,1.149999976158142,53.24800137329102,0.2957279682159424
observed_test,v2_2018_429_48h,,29,PCC,A,2.5786483755153378,0.0,0.005070833363928474,0.2850128710269928,1.1511249542236328,53.24800137329102,0.2854676842689514
observed_test,v2_2018_429_48h,,29,PCC,B,2.5786483755153378,0.0,0.005070833363928474,0.2850128710269928,1.1511249542236328,53.24800137329102,0.2854676842689514
observed_test,v2_2018_429_48h,,29,PCC,C,2.5786483755153378,0.0,0.005070833363928474,0.2850128710269928,1.1511249542236328,53.24800137329102,0.2854676842689514
observed_test,v2_2018_429_48h,,30,PCC,A,2.7895220971371715,0.0,0.09911666409327434,0.4131304621696472,1.1632750034332275,53.24800137329102,0.27972814440727234
observed_test,v2_2018_429_48h,,30,PCC,B,2.7895220971371715,0.0,0.09911666409327434,0.4131304621696472,1.1632750034332275,53.24800137329102,0.27972814440727234
observed_test,v2_2018_429_48h,,30,PCC,C,2.7895220971371715,0.0,0.09911666409327434,0.4131304621696472,1.1632750034332275,53.24800137329102,0.27972814440727234
observed_test,v2_2018_429_48h,,31,PCC,A,3.0745771873991967,0.0,0.3630333221875704,0.5887197852134705,1.1756500005722046,53.24800137329102,0.27816811203956604
observed_test,v2_2018_429_48h,,31,PCC,B,3.0745771873991967,0.0,0.3630333221875704,0.5887197852134705,1.1756500005722046,53.24800137329102,0.27816811203956604
observed_test,v2_2018_429_48h,,31,PCC,C,3.0745771873991967,0.0,0.3630333221875704,0.5887197852134705,1.1756500005722046,53.24800137329102,0.27816811203956604
observed_test,v2_2018_429_48h,,32,PCC,A,2.855932650614817,0.0,0.6620000188167278,0.41616514325141907,1.1916249990463257,53.24800137329102,0.28536751866340637
observed_test,v2_2018_429_48h,,32,PCC,B,2.855932650614817,0.0,0.6620000188167278,0.41616514325141907,1.1916249990463257,53.24800137329102,0.28536751866340637
observed_test,v2_2018_429_48h,,32,PCC,C,2.855932650614817,0.0,0.6620000188167278,0.41616514325141907,1.1916249990463257,53.24800137329102,0.28536751866340637
observed_test,v2_2018_429_48h,,33,PCC,A,3.0324475175810073,0.0,0.905074981542734,0.5137431621551514,1.2051249742507935,53.24800137329102,0.29526129364967346
observed_test,v2_2018_429_48h,,33,PCC,B,3.0324475175810073,0.0,0.905074981542734,0.5137431621551514,1.2051249742507935,53.24800137329102,0.29526129364967346
observed_test,v2_2018_429_48h,,33,PCC,C,3.0324475175810073,0.0,0.905074981542734,0.5137431621551514,1.2051249742507935,53.24800137329102,0.29526129364967346
observed_test,v2_2018_429_48h,,34,PCC,A,2.8246183478304197,0.0,1.067508298617143,0.3643687963485718,1.21322500705719,53.24800137329102,0.30343109369277954
observed_test,v2_2018_429_48h,,34,PCC,B,2.8246183478304197,0.0,1.067508298617143,0.3643687963485718,1.21322500705719,53.24800137329102,0.30343109369277954
observed_test,v2_2018_429_48h,,34,PCC,C,2.8246183478304197,0.0,1.067508298617143,0.3643687963485718,1.21322500705719,53.24800137329102,0.30343109369277954
observed_test,v2_2018_429_48h,,35,PCC,A,2.831345184752687,0.0,1.1598833478414095,0.36136627197265625,1.2185499668121338,53.24800137329102,0.2977258265018463
observed_test,v2_2018_429_48h,,35,PCC,B,2.831345184752687,0.0,1.1598833478414095,0.36136627197265625,1.2185499668121338,53.24800137329102,0.2977258265018463
observed_test,v2_2018_429_48h,,35,PCC,C,2.831345184752687,0.0,1.1598833478414095,0.36136627197265625,1.2185499668121338,53.24800137329102,0.2977258265018463
observed_test,v2_2018_429_48h,,36,PCC,A,3.1082271038576104,0.0,1.1864416874372041,0.5383059978485107,1.2216999530792236,53.24800137329102,0.28627684712409973
observed_test,v2_2018_429_48h,,36,PCC,B,3.1082271038576104,0.0,1.1864416874372041,0.5383059978485107,1.2216999530792236,53.24800137329102,0.28627684712409973
observed_test,v2_2018_429_48h,,36,PCC,C,3.1082271038576104,0.0,1.1864416874372041,0.5383059978485107,1.2216999530792236,53.24800137329102,0.28627684712409973
observed_test,v2_2018_429_48h,,37,PCC,A,3.211107739254848,0.0,1.1450083209918094,0.6031783223152161,1.2232749462127686,53.24800137329102,0.2841779291629791
observed_test,v2_2018_429_48h,,37,PCC,B,3.211107739254848,0.0,1.1450083209918094,0.6031783223152161,1.2232749462127686,53.24800137329102,0.2841779291629791
observed_test,v2_2018_429_48h,,37,PCC,C,3.211107739254848,0.0,1.1450083209918094,0.6031783223152161,1.2232749462127686,53.24800137329102,0.2841779291629791
observed_test,v2_2018_429_48h,,38,PCC,A,3.306461592720948,0.0,1.0337916704324575,0.6654155254364014,1.223349928855896,53.24800137329102,0.283867210149765
observed_test,v2_2018_429_48h,,38,PCC,B,3.306461592720948,0.0,1.0337916704324575,0.6654155254364014,1.223349928855896,53.24800137329102,0.283867210149765
observed_test,v2_2018_429_48h,,38,PCC,C,3.306461592720948,0.0,1.0337916704324575,0.6654155254364014,1.223349928855896,53.24800137329102,0.283867210149765
observed_test,v2_2018_429_48h,,39,PCC,A,3.081805642947446,0.0,0.8514874829695774,0.5210045576095581,1.2216999530792236,53.24800137329102,0.26969581842422485
observed_test,v2_2018_429_48h,,39,PCC,B,3.081805642947446,0.0,0.8514874829695774,0.5210045576095581,1.2216999530792236,53.24800137329102,0.26969581842422485
observed_test,v2_2018_429_48h,,39,PCC,C,3.081805642947446,0.0,0.8514874829695774,0.5210045576095581,1.2216999530792236,53.24800137329102,0.26969581842422485
observed_test,v2_2018_429_48h,,40,PCC,A,3.1393535177822263,0.0,0.5943333300260397,0.5631123185157776,1.218850016593933,53.24800137329102,0.24999181926250458
observed_test,v2_2018_429_48h,,40,PCC,B,3.1393535177822263,0.0,0.5943333300260397,0.5631123185157776,1.218850016593933,53.24800137329102,0.24999181926250458
observed_test,v2_2018_429_48h,,40,PCC,C,3.1393535177822263,0.0,0.5943333300260397,0.5631123185157776,1.218850016593933,53.24800137329102,0.24999181926250458
observed_test,v2_2018_429_48h,,41,PCC,A,3.0526852564420888,0.0,0.29412917792797083,0.5185338854789734,1.2107499837875366,53.24800137329102,0.2426277995109558
observed_test,v2_2018_429_48h,,41,PCC,B,3.0526852564420888,0.0,0.29412917792797083,0.5185338854789734,1.2107499837875366,53.24800137329102,0.2426277995109558
observed_test,v2_2018_429_48h,,41,PCC,C,3.0526852564420888,0.0,0.29412917792797083,0.5185338854789734,1.2107499837875366,53.24800137329102,0.2426277995109558
observed_test,v2_2018_429_48h,,42,PCC,A,3.000344498482716,0.0,0.06545833670175992,0.501911997795105,1.1988999843597412,53.24800137329102,0.22674660384655
observed_test,v2_2018_429_48h,,42,PCC,B,3.000344498482716,0.0,0.06545833670175992,0.501911997795105,1.1988999843597412,53.24800137329102,0.22674660384655
observed_test,v2_2018_429_48h,,42,PCC,C,3.000344498482716,0.0,0.06545833670175992,0.501911997795105,1.1988999843597412,53.24800137329102,0.22674660384655
observed_test,v2_2018_429_48h,,43,PCC,A,3.061837856329452,0.0,0.0,0.5692486763000488,1.182325005531311,53.24800137329102,0.20943984389305115
observed_test,v2_2018_429_48h,,43,PCC,B,3.061837856329452,0.0,0.0,0.5692486763000488,1.182325005531311,53.24800137329102,0.20943984389305115
observed_test,v2_2018_429_48h,,43,PCC,C,3.061837856329452,0.0,0.0,0.5692486763000488,1.182325005531311,53.24800137329102,0.20943984389305115
observed_test,v2_2018_429_48h,,44,PCC,A,2.8862567301314037,0.0,0.0,0.458400696516037,1.1770750284194946,53.24800137329102,0.20312906801700592
observed_test,v2_2018_429_48h,,44,PCC,B,2.8862567301314037,0.0,0.0,0.458400696516037,1.1770750284194946,53.24800137329102,0.20312906801700592
observed_test,v2_2018_429_48h,,44,PCC,C,2.8862567301314037,0.0,0.0,0.458400696516037,1.1770750284194946,53.24800137329102,0.20312906801700592
observed_test,v2_2018_429_48h,,45,PCC,A,2.7892061453685244,0.0,0.0,0.39928483963012695,1.1724250316619873,53.24800137329102,0.1994336098432541
observed_test,v2_2018_429_48h,,45,PCC,B,2.7892061453685244,0.0,0.0,0.39928483963012695,1.1724250316619873,53.24800137329102,0.1994336098432541
observed_test,v2_2018_429_48h,,45,PCC,C,2.7892061453685244,0.0,0.0,0.39928483963012695,1.1724250316619873,53.24800137329102,0.1994336098432541
observed_test,v2_2018_429_48h,,46,PCC,A,2.7273661757795593,0.0,0.0,0.3637107312679291,1.1678500175476074,53.24800137329102,0.21388521790504456
observed_test,v2_2018_429_48h,,46,PCC,B,2.7273661757795593,0.0,0.0,0.3637107312679291,1.1678500175476074,53.24800137329102,0.21388521790504456
observed_test,v2_2018_429_48h,,46,PCC,C,2.7273661757795593,0.0,0.0,0.3637107312679291,1.1678500175476074,53.24800137329102,0.21388521790504456
observed_test,v2_2018_429_48h,,47,PCC,A,2.6962826073577304,0.0,0.0,0.34759950637817383,1.1642500162124634,53.24800137329102,0.251971572637558
observed_test,v2_2018_429_48h,,47,PCC,B,2.6962826073577304,0.0,0.0,0.34759950637817383,1.1642500162124634,53.24800137329102,0.251971572637558
observed_test,v2_2018_429_48h,,47,PCC,C,2.6962826073577304,0.0,0.0,0.34759950637817383,1.1642500162124634,53.24800137329102,0.251971572637558
observed_test,v2_2018_482_48h,,0,PCC,A,2.589738233557025,0.0,0.0,0.29431068897247314,1.149999976158142,53.24800137329102,0.3548120856285095
observed_test,v2_2018_482_48h,,0,PCC,B,2.589738233557025,0.0,0.0,0.29431068897247314,1.149999976158142,53.24800137329102,0.3548120856285095
observed_test,v2_2018_482_48h,,0,PCC,C,2.589738233557025,0.0,0.0,0.29431068897247314,1.149999976158142,53.24800137329102,0.3548120856285095
observed_test,v2_2018_482_48h,,1,PCC,A,2.6237012928594003,0.0,0.0,0.3179371654987335,1.149999976158142,53.24800137329102,0.3646826446056366
observed_test,v2_2018_482_48h,,1,PCC,B,2.6237012928594003,0.0,0.0,0.3179371654987335,1.149999976158142,53.24800137329102,0.3646826446056366
observed_test,v2_2018_482_48h,,1,PCC,C,2.6237012928594003,0.0,0.0,0.3179371654987335,1.149999976158142,53.24800137329102,0.3646826446056366
observed_test,v2_2018_482_48h,,2,PCC,A,2.4875831211508435,0.0,0.0,0.2232462614774704,1.149999976158142,53.24800137329102,0.3680115044116974
observed_test,v2_2018_482_48h,,2,PCC,B,2.4875831211508435,0.0,0.0,0.2232462614774704,1.149999976158142,53.24800137329102,0.3680115044116974
observed_test,v2_2018_482_48h,,2,PCC,C,2.4875831211508435,0.0,0.0,0.2232462614774704,1.149999976158142,53.24800137329102,0.3680115044116974
observed_test,v2_2018_482_48h,,3,PCC,A,2.5452259178952694,0.0,0.0,0.2633455991744995,1.149999976158142,53.24800137329102,0.3710765242576599
observed_test,v2_2018_482_48h,,3,PCC,B,2.5452259178952694,0.0,0.0,0.2633455991744995,1.149999976158142,53.24800137329102,0.3710765242576599
observed_test,v2_2018_482_48h,,3,PCC,C,2.5452259178952694,0.0,0.0,0.2633455991744995,1.149999976158142,53.24800137329102,0.3710765242576599
observed_test,v2_2018_482_48h,,4,PCC,A,2.6066056994782514,0.0,0.0,0.3060445785522461,1.149999976158142,53.24800137329102,0.3493121564388275
observed_test,v2_2018_482_48h,,4,PCC,B,2.6066056994782514,0.0,0.0,0.3060445785522461,1.149999976158142,53.24800137329102,0.3493121564388275
observed_test,v2_2018_482_48h,,4,PCC,C,2.6066056994782514,0.0,0.0,0.3060445785522461,1.149999976158142,53.24800137329102,0.3493121564388275
observed_test,v2_2018_482_48h,,5,PCC,A,2.5763726205374935,0.0,0.0,0.2850128710269928,1.149999976158142,53.24800137329102,0.32308244705200195
observed_test,v2_2018_482_48h,,5,PCC,B,2.5763726205374935,0.0,0.0,0.2850128710269928,1.149999976158142,53.24800137329102,0.32308244705200195
observed_test,v2_2018_482_48h,,5,PCC,C,2.5763726205374935,0.0,0.0,0.2850128710269928,1.149999976158142,53.24800137329102,0.32308244705200195
observed_test,v2_2018_482_48h,,6,PCC,A,2.7605416539868575,0.0,0.04955000029160426,0.4131304621696472,1.149999976158142,53.24800137329102,0.2904535233974457
observed_test,v2_2018_482_48h,,6,PCC,B,2.7605416539868575,0.0,0.04955000029160426,0.4131304621696472,1.149999976158142,53.24800137329102,0.2904535233974457
observed_test,v2_2018_482_48h,,6,PCC,C,2.7605416539868575,0.0,0.04955000029160426,0.4131304621696472,1.149999976158142,53.24800137329102,0.2904535233974457
observed_test,v2_2018_482_48h,,7,PCC,A,3.042142600596632,0.0,0.2414708240674092,0.5887197852134705,1.1621500253677368,53.24800137329102,0.2714405357837677
observed_test,v2_2018_482_48h,,7,PCC,B,3.042142600596632,0.0,0.2414708240674092,0.5887197852134705,1.1621500253677368,53.24800137329102,0.2714405357837677
observed_test,v2_2018_482_48h,,7,PCC,C,3.042142600596632,0.0,0.2414708240674092,0.5887197852134705,1.1621500253677368,53.24800137329102,0.2714405357837677
observed_test,v2_2018_482_48h,,8,PCC,A,2.832642367471356,0.0,0.5334250055826627,0.41616514325141907,1.1809749603271484,53.24800137329102,0.2632492184638977
observed_test,v2_2018_482_48h,,8,PCC,B,2.832642367471356,0.0,0.5334250055826627,0.41616514325141907,1.1809749603271484,53.24800137329102,0.2632492184638977
observed_test,v2_2018_482_48h,,8,PCC,C,2.832642367471356,0.0,0.5334250055826627,0.41616514325141907,1.1809749603271484,53.24800137329102,0.2632492184638977
observed_test,v2_2018_482_48h,,9,PCC,A,3.001451282315808,0.0,0.806220850119224,0.5137431621551514,1.1916999816894531,53.24800137329102,0.25602078437805176
observed_test,v2_2018_482_48h,,9,PCC,B,3.001451282315808,0.0,0.806220850119224,0.5137431621551514,1.1916999816894531,53.24800137329102,0.25602078437805176
observed_test,v2_2018_482_48h,,9,PCC,C,3.001451282315808,0.0,0.806220850119224,0.5137431621551514,1.1916999816894531,53.24800137329102,0.25602078437805176
observed_test,v2_2018_482_48h,,10,PCC,A,2.7932638314796385,0.0,0.8420291428382579,0.3643687963485718,1.198449969291687,53.24800137329102,0.27195778489112854
observed_test,v2_2018_482_48h,,10,PCC,B,2.7932638314796385,0.0,0.8420291428382579,0.3643687963485718,1.198449969291687,53.24800137329102,0.27195778489112854
observed_test,v2_2018_482_48h,,10,PCC,C,2.7932638314796385,0.0,0.8420291428382579,0.3643687963485718,1.198449969291687,53.24800137329102,0.27195778489112854
observed_test,v2_2018_482_48h,,11,PCC,A,2.800364056584916,0.0,1.0265541764406056,0.36136627197265625,1.2039250135421753,53.24800137329102,0.2934848368167877
observed_test,v2_2018_482_48h,,11,PCC,B,2.800364056584916,0.0,1.0265541764406056,0.36136627197265625,1.2039250135421753,53.24800137329102,0.2934848368167877
observed_test,v2_2018_482_48h,,11,PCC,C,2.800364056584916,0.0,1.0265541764406056,0.36136627197265625,1.2039250135421753,53.24800137329102,0.2934848368167877
observed_test,v2_2018_482_48h,,12,PCC,A,3.07559041577804,0.0,0.9688166471628041,0.5383059978485107,1.2077499628067017,53.24800137329102,0.3061053156852722
observed_test,v2_2018_482_48h,,12,PCC,B,3.07559041577804,0.0,0.9688166471628041,0.5383059978485107,1.2077499628067017,53.24800137329102,0.3061053156852722
observed_test,v2_2018_482_48h,,12,PCC,C,3.07559041577804,0.0,0.9688166471628041,0.5383059978485107,1.2077499628067017,53.24800137329102,0.3061053156852722
observed_test,v2_2018_482_48h,,13,PCC,A,3.179155477461487,0.0,0.709016678424982,0.6031783223152161,1.2100750207901,53.24800137329102,0.3092762529850006
observed_test,v2_2018_482_48h,,13,PCC,B,3.179155477461487,0.0,0.709016678424982,0.6031783223152161,1.2100750207901,53.24800137329102,0.3092762529850006
observed_test,v2_2018_482_48h,,13,PCC,C,3.179155477461487,0.0,0.709016678424982,0.6031783223152161,1.2100750207901,53.24800137329102,0.3092762529850006
observed_test,v2_2018_482_48h,,14,PCC,A,3.2734824228779424,0.0,0.7882125102556667,0.6654155254364014,1.2101500034332275,53.24800137329102,0.3121802508831024
observed_test,v2_2018_482_48h,,14,PCC,B,3.2734824228779424,0.0,0.7882125102556667,0.6654155254364014,1.2101500034332275,53.24800137329102,0.3121802508831024
observed_test,v2_2018_482_48h,,14,PCC,C,3.2734824228779424,0.0,0.7882125102556667,0.6654155254364014,1.2101500034332275,53.24800137329102,0.3121802508831024
observed_test,v2_2018_482_48h,,15,PCC,A,3.050339944566511,0.0,0.8032541435498457,0.5210045576095581,1.2081249952316284,53.24800137329102,0.331370085477829
observed_test,v2_2018_482_48h,,15,PCC,B,3.050339944566511,0.0,0.8032541435498457,0.5210045576095581,1.2081249952316284,53.24800137329102,0.331370085477829
observed_test,v2_2018_482_48h,,15,PCC,C,3.050339944566511,0.0,0.8032541435498457,0.5210045576095581,1.2081249952316284,53.24800137329102,0.331370085477829
observed_test,v2_2018_482_48h,,16,PCC,A,3.106817521690861,0.0,0.5977541781388795,0.5631123185157776,1.2051249742507935,53.24800137329102,0.3452150523662567
observed_test,v2_2018_482_48h,,16,PCC,B,3.106817521690861,0.0,0.5977541781388795,0.5631123185157776,1.2051249742507935,53.24800137329102,0.3452150523662567
observed_test,v2_2018_482_48h,,16,PCC,C,3.106817521690861,0.0,0.5977541781388795,0.5631123185157776,1.2051249742507935,53.24800137329102,0.3452150523662567
observed_test,v2_2018_482_48h,,17,PCC,A,3.023171054206737,0.0,0.2843208324450713,0.5185338854789734,1.1979999542236328,53.24800137329102,0.34414005279541016
observed_test,v2_2018_482_48h,,17,PCC,B,3.023171054206737,0.0,0.2843208324450713,0.5185338854789734,1.1979999542236328,53.24800137329102,0.34414005279541016
observed_test,v2_2018_482_48h,,17,PCC,C,3.023171054206737,0.0,0.2843208324450713,0.5185338854789734,1.1979999542236328,53.24800137329102,0.34414005279541016
observed_test,v2_2018_482_48h,,18,PCC,A,2.97333194276019,0.0,0.04158750033149352,0.501911997795105,1.1871249675750732,53.24800137329102,0.3426823019981384
observed_test,v2_2018_482_48h,,18,PCC,B,2.97333194276019,0.0,0.04158750033149352,0.501911997795105,1.1871249675750732,53.24800137329102,0.3426823019981384
observed_test,v2_2018_482_48h,,18,PCC,C,2.97333194276019,0.0,0.04158750033149352,0.501911997795105,1.1871249675750732,53.24800137329102,0.3426823019981384
observed_test,v2_2018_482_48h,,19,PCC,A,3.0345477741034586,0.0,0.0,0.5692486763000488,1.1708500385284424,53.24800137329102,0.3418526351451874
observed_test,v2_2018_482_48h,,19,PCC,B,3.0345477741034586,0.0,0.0,0.5692486763000488,1.1708500385284424,53.24800137329102,0.3418526351451874
observed_test,v2_2018_482_48h,,19,PCC,C,3.0345477741034586,0.0,0.0,0.5692486763000488,1.1708500385284424,53.24800137329102,0.3418526351451874
observed_test,v2_2018_482_48h,,20,PCC,A,2.856693018678142,0.0,0.0,0.458400696516037,1.1638749837875366,53.24800137329102,0.33651256561279297
observed_test,v2_2018_482_48h,,20,PCC,B,2.856693018678142,0.0,0.0,0.458400696516037,1.1638749837875366,53.24800137329102,0.33651256561279297
observed_test,v2_2018_482_48h,,20,PCC,C,2.856693018678142,0.0,0.0,0.458400696516037,1.1638749837875366,53.24800137329102,0.33651256561279297
observed_test,v2_2018_482_48h,,21,PCC,A,2.7625671095644955,0.0,0.0,0.39928483963012695,1.1601250171661377,53.24800137329102,0.3371344804763794
observed_test,v2_2018_482_48h,,21,PCC,B,2.7625671095644955,0.0,0.0,0.39928483963012695,1.1601250171661377,53.24800137329102,0.3371344804763794
observed_test,v2_2018_482_48h,,21,PCC,C,2.7625671095644955,0.0,0.0,0.39928483963012695,1.1601250171661377,53.24800137329102,0.3371344804763794
observed_test,v2_2018_482_48h,,22,PCC,A,2.704615133472533,0.0,0.0,0.3637107312679291,1.1571249961853027,53.24800137329102,0.33799830079078674
observed_test,v2_2018_482_48h,,22,PCC,B,2.704615133472533,0.0,0.0,0.3637107312679291,1.1571249961853027,53.24800137329102,0.33799830079078674
observed_test,v2_2018_482_48h,,22,PCC,C,2.704615133472533,0.0,0.0,0.3637107312679291,1.1571249961853027,53.24800137329102,0.33799830079078674
observed_test,v2_2018_482_48h,,23,PCC,A,2.6757962203392935,0.0,0.0,0.34759950637817383,1.1545000076293945,53.24800137329102,0.3385236859321594
observed_test,v2_2018_482_48h,,23,PCC,B,2.6757962203392935,0.0,0.0,0.34759950637817383,1.1545000076293945,53.24800137329102,0.3385236859321594
observed_test,v2_2018_482_48h,,23,PCC,C,2.6757962203392935,0.0,0.0,0.34759950637817383,1.1545000076293945,53.24800137329102,0.3385236859321594
observed_test,v2_2018_482_48h,,24,PCC,A,2.5949263609080027,0.0,0.0,0.29431068897247314,1.1525499820709229,53.24800137329102,0.3395809233188629
observed_test,v2_2018_482_48h,,24,PCC,B,2.5949263609080027,0.0,0.0,0.29431068897247314,1.1525499820709229,53.24800137329102,0.3395809233188629
observed_test,v2_2018_482_48h,,24,PCC,C,2.5949263609080027,0.0,0.0,0.29431068897247314,1.1525499820709229,53.24800137329102,0.3395809233188629
observed_test,v2_2018_482_48h,,25,PCC,A,2.628190629804694,0.0,0.0,0.3179371654987335,1.152174949645996,53.24800137329102,0.3408880829811096
observed_test,v2_2018_482_48h,,25,PCC,B,2.628190629804694,0.0,0.0,0.3179371654987335,1.152174949645996,53.24800137329102,0.3408880829811096
observed_test,v2_2018_482_48h,,25,PCC,C,2.628190629804694,0.0,0.0,0.3179371654987335,1.152174949645996,53.24800137329102,0.3408880829811096
observed_test,v2_2018_482_48h,,26,PCC,A,2.491377333642939,0.0,0.0,0.2232462614774704,1.1519500017166138,53.24800137329102,0.3375415503978729
observed_test,v2_2018_482_48h,,26,PCC,B,2.491377333642939,0.0,0.0,0.2232462614774704,1.1519500017166138,53.24800137329102,0.3375415503978729
observed_test,v2_2018_482_48h,,26,PCC,C,2.491377333642939,0.0,0.0,0.2232462614774704,1.1519500017166138,53.24800137329102,0.3375415503978729
observed_test,v2_2018_482_48h,,27,PCC,A,2.546573041893056,0.0,0.0,0.2633455991744995,1.1506749391555786,53.24800137329102,0.3414383828639984
observed_test,v2_2018_482_48h,,27,PCC,B,2.546573041893056,0.0,0.0,0.2633455991744995,1.1506749391555786,53.24800137329102,0.3414383828639984
observed_test,v2_2018_482_48h,,27,PCC,C,2.546573041893056,0.0,0.0,0.2633455991744995,1.1506749391555786,53.24800137329102,0.3414383828639984
observed_test,v2_2018_482_48h,,28,PCC,A,2.6066056994782514,0.0,0.0,0.3060445785522461,1.149999976158142,53.24800137329102,0.3527320623397827
observed_test,v2_2018_482_48h,,28,PCC,B,2.6066056994782514,0.0,0.0,0.3060445785522461,1.149999976158142,53.24800137329102,0.3527320623397827
observed_test,v2_2018_482_48h,,28,PCC,C,2.6066056994782514,0.0,0.0,0.3060445785522461,1.149999976158142,53.24800137329102,0.3527320623397827
observed_test,v2_2018_482_48h,,29,PCC,A,2.5772829707591067,0.0,0.0,0.2850128710269928,1.1504499912261963,53.24800137329102,0.3338092565536499
observed_test,v2_2018_482_48h,,29,PCC,B,2.5772829707591067,0.0,0.0,0.2850128710269928,1.1504499912261963,53.24800137329102,0.3338092565536499
observed_test,v2_2018_482_48h,,29,PCC,C,2.5772829707591067,0.0,0.0,0.2850128710269928,1.1504499912261963,53.24800137329102,0.3338092565536499
observed_test,v2_2018_482_48h,,30,PCC,A,2.779534476493822,0.0,0.046854165311043076,0.4131304621696472,1.1586999893188477,53.24800137329102,0.30465564131736755
observed_test,v2_2018_482_48h,,30,PCC,B,2.779534476493822,0.0,0.046854165311043076,0.4131304621696472,1.1586999893188477,53.24800137329102,0.30465564131736755
observed_test,v2_2018_482_48h,,30,PCC,C,2.779534476493822,0.0,0.046854165311043076,0.4131304621696472,1.1586999893188477,53.24800137329102,0.30465564131736755
observed_test,v2_2018_482_48h,,31,PCC,A,3.0689910812144556,0.0,0.2927708224608348,0.5887197852134705,1.1733249425888062,53.24800137329102,0.28409716486930847
observed_test,v2_2018_482_48h,,31,PCC,B,3.0689910812144556,0.0,0.2927708224608348,0.5887197852134705,1.1733249425888062,53.24800137329102,0.28409716486930847
observed_test,v2_2018_482_48h,,31,PCC,C,3.0689910812144556,0.0,0.2927708224608348,0.5887197852134705,1.1733249425888062,53.24800137329102,0.28409716486930847
observed_test,v2_2018_482_48h,,32,PCC,A,2.85183216970991,0.0,0.6052708396544823,0.41616514325141907,1.1897499561309814,53.24800137329102,0.27186769247055054
observed_test,v2_2018_482_48h,,32,PCC,B,2.85183216970991,0.0,0.6052708396544823,0.41616514325141907,1.1897499561309814,53.24800137329102,0.27186769247055054
observed_test,v2_2018_482_48h,,32,PCC,C,2.85183216970991,0.0,0.6052708396544823,0.41616514325141907,1.1897499561309814,53.24800137329102,0.27186769247055054
observed_test,v2_2018_482_48h,,33,PCC,A,3.0244819169628934,0.0,0.8580833100355587,0.5137431621551514,1.2016749382019043,53.24800137329102,0.2652413845062256
observed_test,v2_2018_482_48h,,33,PCC,B,3.0244819169628934,0.0,0.8580833100355587,0.5137431621551514,1.2016749382019043,53.24800137329102,0.2652413845062256
observed_test,v2_2018_482_48h,,33,PCC,C,3.0244819169628934,0.0,0.8580833100355587,0.5137431621551514,1.2016749382019043,53.24800137329102,0.2652413845062256
observed_test,v2_2018_482_48h,,34,PCC,A,2.8198434007090163,0.0,1.036295867883242,0.3643687963485718,1.210974931716919,53.24800137329102,0.27402129769325256
observed_test,v2_2018_482_48h,,34,PCC,B,2.8198434007090163,0.0,1.036295867883242,0.3643687963485718,1.210974931716919,53.24800137329102,0.27402129769325256
observed_test,v2_2018_482_48h,,34,PCC,C,2.8198434007090163,0.0,1.036295867883242,0.3643687963485718,1.210974931716919,53.24800137329102,0.27402129769325256
observed_test,v2_2018_482_48h,,35,PCC,A,2.830709819474123,0.0,1.1309541188753567,0.36136627197265625,1.218250036239624,53.24800137329102,0.291171669960022
observed_test,v2_2018_482_48h,,35,PCC,B,2.830709819474123,0.0,1.1309541188753567,0.36136627197265625,1.218250036239624,53.24800137329102,0.291171669960022
observed_test,v2_2018_482_48h,,35,PCC,C,2.830709819474123,0.0,1.1309541188753567,0.36136627197265625,1.218250036239624,53.24800137329102,0.291171669960022
observed_test,v2_2018_482_48h,,36,PCC,A,3.1120873033065073,0.0,1.1581166432454035,0.5383059978485107,1.223349928855896,53.24800137329102,0.3156188428401947
observed_test,v2_2018_482_48h,,36,PCC,B,3.1120873033065073,0.0,1.1581166432454035,0.5383059978485107,1.223349928855896,53.24800137329102,0.3156188428401947
observed_test,v2_2018_482_48h,,36,PCC,C,3.1120873033065073,0.0,1.1581166432454035,0.5383059978485107,1.223349928855896,53.24800137329102,0.3156188428401947
observed_test,v2_2018_482_48h,,37,PCC,A,3.2178251908916162,0.0,1.1164207871143634,0.6031783223152161,1.2260500192642212,53.24800137329102,0.32237645983695984
observed_test,v2_2018_482_48h,,37,PCC,B,3.2178251908916162,0.0,1.1164207871143634,0.6031783223152161,1.2260500192642212,53.24800137329102,0.32237645983695984
observed_test,v2_2018_482_48h,,37,PCC,C,3.2178251908916162,0.0,1.1164207871143634,0.6031783223152161,1.2260500192642212,53.24800137329102,0.32237645983695984
observed_test,v2_2018_482_48h,,38,PCC,A,3.314893947899764,0.0,0.9880541608883783,0.6654155254364014,1.2267249822616577,53.24800137329102,0.3223702907562256
observed_test,v2_2018_482_48h,,38,PCC,B,3.314893947899764,0.0,0.9880541608883783,0.6654155254364014,1.2267249822616577,53.24800137329102,0.3223702907562256
observed_test,v2_2018_482_48h,,38,PCC,C,3.314893947899764,0.0,0.9880541608883783,0.6654155254364014,1.2267249822616577,53.24800137329102,0.3223702907562256
observed_test,v2_2018_482_48h,,39,PCC,A,3.089976362606057,0.0,0.7958166874372042,0.5210045576095581,1.2252249717712402,53.24800137329102,0.34285256266593933
observed_test,v2_2018_482_48h,,39,PCC,B,3.089976362606057,0.0,0.7958166874372042,0.5210045576095581,1.2252249717712402,53.24800137329102,0.34285256266593933
observed_test,v2_2018_482_48h,,39,PCC,C,3.089976362606057,0.0,0.7958166874372042,0.5210045576095581,1.2252249717712402,53.24800137329102,0.34285256266593933
observed_test,v2_2018_482_48h,,40,PCC,A,3.1453984523140797,0.0,0.48868747857900763,0.5631123185157776,1.2214000225067139,53.24800137329102,0.34777942299842834
observed_test,v2_2018_482_48h,,40,PCC,B,3.1453984523140797,0.0,0.48868747857900763,0.5631123185157776,1.2214000225067139,53.24800137329102,0.34777942299842834
observed_test,v2_2018_482_48h,,40,PCC,C,3.1453984523140797,0.0,0.48868747857900763,0.5631123185157776,1.2214000225067139,53.24800137329102,0.34777942299842834
observed_test,v2_2018_482_48h,,41,PCC,A,3.055810387013968,0.0,0.26478750201372,0.5185338854789734,1.2121000289916992,53.24800137329102,0.3465540111064911
observed_test,v2_2018_482_48h,,41,PCC,B,3.055810387013968,0.0,0.26478750201372,0.5185338854789734,1.2121000289916992,53.24800137329102,0.3465540111064911
observed_test,v2_2018_482_48h,,41,PCC,C,3.055810387013968,0.0,0.26478750201372,0.5185338854789734,1.2121000289916992,53.24800137329102,0.3465540111064911
observed_test,v2_2018_482_48h,,42,PCC,A,3.0032692907748966,0.0,0.04223333313488043,0.501911997795105,1.2001749277114868,53.24800137329102,0.3442908227443695
observed_test,v2_2018_482_48h,,42,PCC,B,3.0032692907748966,0.0,0.04223333313488043,0.501911997795105,1.2001749277114868,53.24800137329102,0.3442908227443695
observed_test,v2_2018_482_48h,,42,PCC,C,3.0032692907748966,0.0,0.04223333313488043,0.501911997795105,1.2001749277114868,53.24800137329102,0.3442908227443695
observed_test,v2_2018_482_48h,,43,PCC,A,3.0753937345500426,0.0,0.0,0.5692486763000488,1.1880249977111816,53.24800137329102,0.34267792105674744
observed_test,v2_2018_482_48h,,43,PCC,B,3.0753937345500426,0.0,0.0,0.5692486763000488,1.1880249977111816,53.24800137329102,0.34267792105674744
observed_test,v2_2018_482_48h,,43,PCC,C,3.0753937345500426,0.0,0.0,0.5692486763000488,1.1880249977111816,53.24800137329102,0.34267792105674744
observed_test,v2_2018_482_48h,,44,PCC,A,2.899526626154614,0.0,0.0,0.458400696516037,1.1829999685287476,53.24800137329102,0.3412202000617981
observed_test,v2_2018_482_48h,,44,PCC,B,2.899526626154614,0.0,0.0,0.458400696516037,1.1829999685287476,53.24800137329102,0.3412202000617981
observed_test,v2_2018_482_48h,,44,PCC,C,2.899526626154614,0.0,0.0,0.458400696516037,1.1829999685287476,53.24800137329102,0.3412202000617981
observed_test,v2_2018_482_48h,,45,PCC,A,2.8026880586332132,0.0,0.0,0.39928483963012695,1.1786500215530396,53.24800137329102,0.33866459131240845
observed_test,v2_2018_482_48h,,45,PCC,B,2.8026880586332132,0.0,0.0,0.39928483963012695,1.1786500215530396,53.24800137329102,0.33866459131240845
observed_test,v2_2018_482_48h,,45,PCC,C,2.8026880586332132,0.0,0.0,0.39928483963012695,1.1786500215530396,53.24800137329102,0.33866459131240845
observed_test,v2_2018_482_48h,,46,PCC,A,2.7435939443964728,0.0,0.0,0.3637107312679291,1.1754999160766602,53.24800137329102,0.3380708396434784
observed_test,v2_2018_482_48h,,46,PCC,B,2.7435939443964728,0.0,0.0,0.3637107312679291,1.1754999160766602,53.24800137329102,0.3380708396434784
observed_test,v2_2018_482_48h,,46,PCC,C,2.7435939443964728,0.0,0.0,0.3637107312679291,1.1754999160766602,53.24800137329102,0.3380708396434784
observed_test,v2_2018_482_48h,,47,PCC,A,2.714877881610524,0.0,0.0,0.34759950637817383,1.1730999946594238,53.24800137329102,0.33799898624420166
observed_test,v2_2018_482_48h,,47,PCC,B,2.714877881610524,0.0,0.0,0.34759950637817383,1.1730999946594238,53.24800137329102,0.33799898624420166
observed_test,v2_2018_482_48h,,47,PCC,C,2.714877881610524,0.0,0.0,0.34759950637817383,1.1730999946594238,53.24800137329102,0.33799898624420166
observed_test,v2_2018_509_48h,,0,PCC,A,2.589738233557025,0.0,0.0,0.29431068897247314,1.149999976158142,53.24800137329102,0.3283029794692993
observed_test,v2_2018_509_48h,,0,PCC,B,2.589738233557025,0.0,0.0,0.29431068897247314,1.149999976158142,53.24800137329102,0.3283029794692993
observed_test,v2_2018_509_48h,,0,PCC,C,2.589738233557025,0.0,0.0,0.29431068897247314,1.149999976158142,53.24800137329102,0.3283029794692993
observed_test,v2_2018_509_48h,,1,PCC,A,2.6237012928594003,0.0,0.0,0.3179371654987335,1.149999976158142,34.72425106811524,0.32183223962783813
observed_test,v2_2018_509_48h,,1,PCC,B,2.6237012928594003,0.0,0.0,0.3179371654987335,1.149999976158142,34.72425106811524,0.32183223962783813
observed_test,v2_2018_509_48h,,1,PCC,C,2.6237012928594003,0.0,0.0,0.3179371654987335,1.149999976158142,34.72425106811524,0.32183223962783813
observed_test,v2_2018_509_48h,,2,PCC,A,2.4875831211508435,0.0,0.0,0.2232462614774704,1.149999976158142,34.72425106811524,0.30385276675224304
observed_test,v2_2018_509_48h,,2,PCC,B,2.4875831211508435,0.0,0.0,0.2232462614774704,1.149999976158142,34.72425106811524,0.30385276675224304
observed_test,v2_2018_509_48h,,2,PCC,C,2.4875831211508435,0.0,0.0,0.2232462614774704,1.149999976158142,34.72425106811524,0.30385276675224304
observed_test,v2_2018_509_48h,,3,PCC,A,2.5452259178952694,0.0,0.0,0.2633455991744995,1.149999976158142,53.24800137329102,0.27850639820098877
observed_test,v2_2018_509_48h,,3,PCC,B,2.5452259178952694,0.0,0.0,0.2633455991744995,1.149999976158142,53.24800137329102,0.27850639820098877
observed_test,v2_2018_509_48h,,3,PCC,C,2.5452259178952694,0.0,0.0,0.2633455991744995,1.149999976158142,53.24800137329102,0.27850639820098877
observed_test,v2_2018_509_48h,,4,PCC,A,2.6066056994782514,0.0,0.0,0.3060445785522461,1.149999976158142,53.24800137329102,0.2660975158214569
observed_test,v2_2018_509_48h,,4,PCC,B,2.6066056994782514,0.0,0.0,0.3060445785522461,1.149999976158142,53.24800137329102,0.2660975158214569
observed_test,v2_2018_509_48h,,4,PCC,C,2.6066056994782514,0.0,0.0,0.3060445785522461,1.149999976158142,53.24800137329102,0.2660975158214569
observed_test,v2_2018_509_48h,,5,PCC,A,2.5763726205374935,0.0,0.0,0.2850128710269928,1.149999976158142,53.24800137329102,0.2621997594833374
observed_test,v2_2018_509_48h,,5,PCC,B,2.5763726205374935,0.0,0.0,0.2850128710269928,1.149999976158142,53.24800137329102,0.2621997594833374
observed_test,v2_2018_509_48h,,5,PCC,C,2.5763726205374935,0.0,0.0,0.2850128710269928,1.149999976158142,53.24800137329102,0.2621997594833374
observed_test,v2_2018_509_48h,,6,PCC,A,2.7605416539868575,0.0,0.0,0.4131304621696472,1.149999976158142,121.88174847412108,0.25578537583351135
observed_test,v2_2018_509_48h,,6,PCC,B,2.7605416539868575,0.0,0.0,0.4131304621696472,1.149999976158142,121.88174847412108,0.25578537583351135
observed_test,v2_2018_509_48h,,6,PCC,C,2.7605416539868575,0.0,0.0,0.4131304621696472,1.149999976158142,121.88174847412108,0.25578537583351135
observed_test,v2_2018_509_48h,,7,PCC,A,3.0129513006293838,0.0,0.2612916609415641,0.5887197852134705,1.149999976158142,121.88174847412108,0.2414793074131012
observed_test,v2_2018_509_48h,,7,PCC,B,3.0129513006293838,0.0,0.2612916609415641,0.5887197852134705,1.149999976158142,121.88174847412108,0.2414793074131012
observed_test,v2_2018_509_48h,,7,PCC,C,3.0129513006293838,0.0,0.2612916609415641,0.5887197852134705,1.149999976158142,121.88174847412108,0.2414793074131012
observed_test,v2_2018_509_48h,,8,PCC,A,2.7649040079514635,0.0,0.6569750033892118,0.41616514325141907,1.149999976158142,121.88174847412108,0.23656603693962097
observed_test,v2_2018_509_48h,,8,PCC,B,2.7649040079514635,0.0,0.6569750033892118,0.41616514325141907,1.149999976158142,121.88174847412108,0.23656603693962097
observed_test,v2_2018_509_48h,,8,PCC,C,2.7649040079514635,0.0,0.6569750033892118,0.41616514325141907,1.149999976158142,121.88174847412108,0.23656603693962097
observed_test,v2_2018_509_48h,,9,PCC,A,2.9051724072175276,0.0,0.9361499777207007,0.5137431621551514,1.149999976158142,121.88174847412108,0.23691198229789734
observed_test,v2_2018_509_48h,,9,PCC,B,2.9051724072175276,0.0,0.9361499777207007,0.5137431621551514,1.149999976158142,121.88174847412108,0.23691198229789734
observed_test,v2_2018_509_48h,,9,PCC,C,2.9051724072175276,0.0,0.9361499777207007,0.5137431621551514,1.149999976158142,121.88174847412108,0.23691198229789734
observed_test,v2_2018_509_48h,,10,PCC,A,2.6904467608222724,0.0,1.1640708033855145,0.3643687963485718,1.149999976158142,53.24800137329102,0.24951933324337006
observed_test,v2_2018_509_48h,,10,PCC,B,2.6904467608222724,0.0,1.1640708033855145,0.3643687963485718,1.149999976158142,53.24800137329102,0.24951933324337006
observed_test,v2_2018_509_48h,,10,PCC,C,2.6904467608222724,0.0,1.1640708033855145,0.3643687963485718,1.149999976158142,53.24800137329102,0.24951933324337006
observed_test,v2_2018_509_48h,,11,PCC,A,2.686130632121376,0.0,1.2692041121996365,0.36136627197265625,1.149999976158142,53.24800137329102,0.2664293944835663
observed_test,v2_2018_509_48h,,11,PCC,B,2.686130632121376,0.0,1.2692041121996365,0.36136627197265625,1.149999976158142,53.24800137329102,0.2664293944835663
observed_test,v2_2018_509_48h,,11,PCC,C,2.686130632121376,0.0,1.2692041121996365,0.36136627197265625,1.149999976158142,53.24800137329102,0.2664293944835663
observed_test,v2_2018_509_48h,,12,PCC,A,2.940481482794702,0.0,1.2726875451894906,0.5383059978485107,1.149999976158142,34.72425106811524,0.2777911424636841
observed_test,v2_2018_509_48h,,12,PCC,B,2.940481482794702,0.0,1.2726875451894906,0.5383059978485107,1.149999976158142,34.72425106811524,0.2777911424636841
observed_test,v2_2018_509_48h,,12,PCC,C,2.940481482794702,0.0,1.2726875451894906,0.5383059978485107,1.149999976158142,34.72425106811524,0.2777911424636841
observed_test,v2_2018_509_48h,,13,PCC,A,3.033735447282245,0.0,1.1883167120126576,0.6031783223152161,1.149999976158142,34.72425106811524,0.27098700404167175
observed_test,v2_2018_509_48h,,13,PCC,B,3.033735447282245,0.0,1.1883167120126576,0.6031783223152161,1.149999976158142,34.72425106811524,0.27098700404167175
observed_test,v2_2018_509_48h,,13,PCC,C,3.033735447282245,0.0,1.1883167120126576,0.6031783223152161,1.149999976158142,34.72425106811524,0.27098700404167175
observed_test,v2_2018_509_48h,,14,PCC,A,3.1232014249141358,0.0,1.02835836318823,0.6654155254364014,1.149999976158142,34.72425106811524,0.25144168734550476
observed_test,v2_2018_509_48h,,14,PCC,B,3.1232014249141358,0.0,1.02835836318823,0.6654155254364014,1.149999976158142,34.72425106811524,0.25144168734550476
observed_test,v2_2018_509_48h,,14,PCC,C,3.1232014249141358,0.0,1.02835836318823,0.6654155254364014,1.149999976158142,34.72425106811524,0.25144168734550476
observed_test,v2_2018_509_48h,,15,PCC,A,2.915610662966831,0.0,0.7799250002090746,0.5210045576095581,1.149999976158142,34.72425106811524,0.2531518042087555
observed_test,v2_2018_509_48h,,15,PCC,B,2.915610662966831,0.0,0.7799250002090746,0.5210045576095581,1.149999976158142,34.72425106811524,0.2531518042087555
observed_test,v2_2018_509_48h,,15,PCC,C,2.915610662966831,0.0,0.7799250002090746,0.5210045576095581,1.149999976158142,34.72425106811524,0.2531518042087555
observed_test,v2_2018_509_48h,,16,PCC,A,2.9761405680146122,0.0,0.4337458369823602,0.5631123185157776,1.149999976158142,53.24800137329102,0.2589070200920105
observed_test,v2_2018_509_48h,,16,PCC,B,2.9761405680146122,0.0,0.4337458369823602,0.5631123185157776,1.149999976158142,53.24800137329102,0.2589070200920105
observed_test,v2_2018_509_48h,,16,PCC,C,2.9761405680146122,0.0,0.4337458369823602,0.5631123185157776,1.149999976158142,53.24800137329102,0.2589070200920105
observed_test,v2_2018_509_48h,,17,PCC,A,2.912059071852747,0.0,0.06636666993682201,0.5185338854789734,1.149999976158142,53.24800137329102,0.2724916338920593
observed_test,v2_2018_509_48h,,17,PCC,B,2.912059071852747,0.0,0.06636666993682201,0.5185338854789734,1.149999976158142,53.24800137329102,0.2724916338920593
observed_test,v2_2018_509_48h,,17,PCC,C,2.912059071852747,0.0,0.06636666993682201,0.5185338854789734,1.149999976158142,53.24800137329102,0.2724916338920593
observed_test,v2_2018_509_48h,,18,PCC,A,2.888165108802557,0.0,0.0,0.501911997795105,1.149999976158142,53.24800137329102,0.2840218245983124
observed_test,v2_2018_509_48h,,18,PCC,B,2.888165108802557,0.0,0.0,0.501911997795105,1.149999976158142,53.24800137329102,0.2840218245983124
observed_test,v2_2018_509_48h,,18,PCC,C,2.888165108802557,0.0,0.0,0.501911997795105,1.149999976158142,53.24800137329102,0.2840218245983124
observed_test,v2_2018_509_48h,,19,PCC,A,2.9849615821466244,0.0,0.0,0.5692486763000488,1.149999976158142,53.24800137329102,0.28442564606666565
observed_test,v2_2018_509_48h,,19,PCC,B,2.9849615821466244,0.0,0.0,0.5692486763000488,1.149999976158142,53.24800137329102,0.28442564606666565
observed_test,v2_2018_509_48h,,19,PCC,C,2.9849615821466244,0.0,0.0,0.5692486763000488,1.149999976158142,53.24800137329102,0.28442564606666565
observed_test,v2_2018_509_48h,,20,PCC,A,2.825617614510635,0.0,0.0,0.458400696516037,1.149999976158142,53.24800137329102,0.2950979769229889
observed_test,v2_2018_509_48h,,20,PCC,B,2.825617614510635,0.0,0.0,0.458400696516037,1.149999976158142,53.24800137329102,0.2950979769229889
observed_test,v2_2018_509_48h,,20,PCC,C,2.825617614510635,0.0,0.0,0.458400696516037,1.149999976158142,53.24800137329102,0.2950979769229889
observed_test,v2_2018_509_48h,,21,PCC,A,2.740638571998929,0.0,0.0,0.39928483963012695,1.149999976158142,53.24800137329102,0.29421675205230713
observed_test,v2_2018_509_48h,,21,PCC,B,2.740638571998929,0.0,0.0,0.39928483963012695,1.149999976158142,53.24800137329102,0.29421675205230713
observed_test,v2_2018_509_48h,,21,PCC,C,2.740638571998929,0.0,0.0,0.39928483963012695,1.149999976158142,53.24800137329102,0.29421675205230713
observed_test,v2_2018_509_48h,,22,PCC,A,2.689500792288461,0.0,0.0,0.3637107312679291,1.149999976158142,53.24800137329102,0.297757089138031
observed_test,v2_2018_509_48h,,22,PCC,B,2.689500792288461,0.0,0.0,0.3637107312679291,1.149999976158142,53.24800137329102,0.297757089138031
observed_test,v2_2018_509_48h,,22,PCC,C,2.689500792288461,0.0,0.0,0.3637107312679291,1.149999976158142,53.24800137329102,0.297757089138031
observed_test,v2_2018_509_48h,,23,PCC,A,2.666340906989589,0.0,0.0,0.34759950637817383,1.149999976158142,53.24800137329102,0.3050990402698517
observed_test,v2_2018_509_48h,,23,PCC,B,2.666340906989589,0.0,0.0,0.34759950637817383,1.149999976158142,53.24800137329102,0.3050990402698517
observed_test,v2_2018_509_48h,,23,PCC,C,2.666340906989589,0.0,0.0,0.34759950637817383,1.149999976158142,53.24800137329102,0.3050990402698517
observed_test,v2_2018_509_48h,,24,PCC,A,2.589738233557025,0.0,0.0,0.29431068897247314,1.149999976158142,53.24800137329102,0.30887773633003235
observed_test,v2_2018_509_48h,,24,PCC,B,2.589738233557025,0.0,0.0,0.29431068897247314,1.149999976158142,53.24800137329102,0.30887773633003235
observed_test,v2_2018_509_48h,,24,PCC,C,2.589738233557025,0.0,0.0,0.29431068897247314,1.149999976158142,53.24800137329102,0.30887773633003235
observed_test,v2_2018_509_48h,,25,PCC,A,2.6237012928594003,0.0,0.0,0.3179371654987335,1.149999976158142,34.72425106811524,0.30848458409309387
observed_test,v2_2018_509_48h,,25,PCC,B,2.6237012928594003,0.0,0.0,0.3179371654987335,1.149999976158142,34.72425106811524,0.30848458409309387
observed_test,v2_2018_509_48h,,25,PCC,C,2.6237012928594003,0.0,0.0,0.3179371654987335,1.149999976158142,34.72425106811524,0.30848458409309387
observed_test,v2_2018_509_48h,,26,PCC,A,2.4875831211508435,0.0,0.0,0.2232462614774704,1.149999976158142,34.72425106811524,0.29789969325065613
observed_test,v2_2018_509_48h,,26,PCC,B,2.4875831211508435,0.0,0.0,0.2232462614774704,1.149999976158142,34.72425106811524,0.29789969325065613
observed_test,v2_2018_509_48h,,26,PCC,C,2.4875831211508435,0.0,0.0,0.2232462614774704,1.149999976158142,34.72425106811524,0.29789969325065613
observed_test,v2_2018_509_48h,,27,PCC,A,2.5452259178952694,0.0,0.0,0.2633455991744995,1.149999976158142,53.24800137329102,0.2821500599384308
observed_test,v2_2018_509_48h,,27,PCC,B,2.5452259178952694,0.0,0.0,0.2633455991744995,1.149999976158142,53.24800137329102,0.2821500599384308
observed_test,v2_2018_509_48h,,27,PCC,C,2.5452259178952694,0.0,0.0,0.2633455991744995,1.149999976158142,53.24800137329102,0.2821500599384308
observed_test,v2_2018_509_48h,,28,PCC,A,2.6066056994782514,0.0,0.0,0.3060445785522461,1.149999976158142,53.24800137329102,0.2802436947822571
observed_test,v2_2018_509_48h,,28,PCC,B,2.6066056994782514,0.0,0.0,0.3060445785522461,1.149999976158142,53.24800137329102,0.2802436947822571
observed_test,v2_2018_509_48h,,28,PCC,C,2.6066056994782514,0.0,0.0,0.3060445785522461,1.149999976158142,53.24800137329102,0.2802436947822571
observed_test,v2_2018_509_48h,,29,PCC,A,2.5763726205374935,0.0,0.0,0.2850128710269928,1.149999976158142,53.24800137329102,0.2548019289970398
observed_test,v2_2018_509_48h,,29,PCC,B,2.5763726205374935,0.0,0.0,0.2850128710269928,1.149999976158142,53.24800137329102,0.2548019289970398
observed_test,v2_2018_509_48h,,29,PCC,C,2.5763726205374935,0.0,0.0,0.2850128710269928,1.149999976158142,53.24800137329102,0.2548019289970398
observed_test,v2_2018_509_48h,,30,PCC,A,2.7605416539868575,0.0,0.0,0.4131304621696472,1.149999976158142,121.88174847412108,0.23749005794525146
observed_test,v2_2018_509_48h,,30,PCC,B,2.7605416539868575,0.0,0.0,0.4131304621696472,1.149999976158142,121.88174847412108,0.23749005794525146
observed_test,v2_2018_509_48h,,30,PCC,C,2.7605416539868575,0.0,0.0,0.4131304621696472,1.149999976158142,121.88174847412108,0.23749005794525146
observed_test,v2_2018_509_48h,,31,PCC,A,3.0129513006293838,0.0,0.26870000247771925,0.5887197852134705,1.149999976158142,121.88174847412108,0.21759577095508575
observed_test,v2_2018_509_48h,,31,PCC,B,3.0129513006293838,0.0,0.26870000247771925,0.5887197852134705,1.149999976158142,121.88174847412108,0.21759577095508575
observed_test,v2_2018_509_48h,,31,PCC,C,3.0129513006293838,0.0,0.26870000247771925,0.5887197852134705,1.149999976158142,121.88174847412108,0.21759577095508575
observed_test,v2_2018_509_48h,,32,PCC,A,2.7649040079514635,0.0,0.6493166662179506,0.41616514325141907,1.149999976158142,121.88174847412108,0.20714296400547028
observed_test,v2_2018_509_48h,,32,PCC,B,2.7649040079514635,0.0,0.6493166662179506,0.41616514325141907,1.149999976158142,121.88174847412108,0.20714296400547028
observed_test,v2_2018_509_48h,,32,PCC,C,2.7649040079514635,0.0,0.6493166662179506,0.41616514325141907,1.149999976158142,121.88174847412108,0.20714296400547028
observed_test,v2_2018_509_48h,,33,PCC,A,2.9051724072175276,0.0,0.9366583365660447,0.5137431621551514,1.149999976158142,121.88174847412108,0.21006016433238983
observed_test,v2_2018_509_48h,,33,PCC,B,2.9051724072175276,0.0,0.9366583365660447,0.5137431621551514,1.149999976158142,121.88174847412108,0.21006016433238983
observed_test,v2_2018_509_48h,,33,PCC,C,2.9051724072175276,0.0,0.9366583365660447,0.5137431621551514,1.149999976158142,121.88174847412108,0.21006016433238983
observed_test,v2_2018_509_48h,,34,PCC,A,2.6904467608222724,0.0,1.1230916931078982,0.3643687963485718,1.149999976158142,53.24800137329102,0.23078852891921997
observed_test,v2_2018_509_48h,,34,PCC,B,2.6904467608222724,0.0,1.1230916931078982,0.3643687963485718,1.149999976158142,53.24800137329102,0.23078852891921997
observed_test,v2_2018_509_48h,,34,PCC,C,2.6904467608222724,0.0,1.1230916931078982,0.3643687963485718,1.149999976158142,53.24800137329102,0.23078852891921997
observed_test,v2_2018_509_48h,,35,PCC,A,2.686130632121376,0.0,1.2181499829659093,0.36136627197265625,1.149999976158142,53.24800137329102,0.2465364784002304
observed_test,v2_2018_509_48h,,35,PCC,B,2.686130632121376,0.0,1.2181499829659093,0.36136627197265625,1.149999976158142,53.24800137329102,0.2465364784002304
observed_test,v2_2018_509_48h,,35,PCC,C,2.686130632121376,0.0,1.2181499829659093,0.36136627197265625,1.149999976158142,53.24800137329102,0.2465364784002304
observed_test,v2_2018_509_48h,,36,PCC,A,2.940481482794702,0.0,1.2306333734438968,0.5383059978485107,1.149999976158142,34.72425106811524,0.2510838210582733
observed_test,v2_2018_509_48h,,36,PCC,B,2.940481482794702,0.0,1.2306333734438968,0.5383059978485107,1.149999976158142,34.72425106811524,0.2510838210582733
observed_test,v2_2018_509_48h,,36,PCC,C,2.940481482794702,0.0,1.2306333734438968,0.5383059978485107,1.149999976158142,34.72425106811524,0.2510838210582733
observed_test,v2_2018_509_48h,,37,PCC,A,3.033735447282245,0.0,1.1592333133404071,0.6031783223152161,1.149999976158142,34.72425106811524,0.2372344434261322
observed_test,v2_2018_509_48h,,37,PCC,B,3.033735447282245,0.0,1.1592333133404071,0.6031783223152161,1.149999976158142,34.72425106811524,0.2372344434261322
observed_test,v2_2018_509_48h,,37,PCC,C,3.033735447282245,0.0,1.1592333133404071,0.6031783223152161,1.149999976158142,34.72425106811524,0.2372344434261322
observed_test,v2_2018_509_48h,,38,PCC,A,3.123763442935555,0.0,1.0012208269192622,0.6654155254364014,1.1502249240875244,34.72425106811524,0.22046156227588654
observed_test,v2_2018_509_48h,,38,PCC,B,3.123763442935555,0.0,1.0012208269192622,0.6654155254364014,1.1502249240875244,34.72425106811524,0.22046156227588654
observed_test,v2_2018_509_48h,,38,PCC,C,3.123763442935555,0.0,1.0012208269192622,0.6654155254364014,1.1502249240875244,34.72425106811524,0.22046156227588654
observed_test,v2_2018_509_48h,,39,PCC,A,2.915610662966831,0.0,0.7547541879690609,0.5210045576095581,1.149999976158142,34.72425106811524,0.21257410943508148
observed_test,v2_2018_509_48h,,39,PCC,B,2.915610662966831,0.0,0.7547541879690609,0.5210045576095581,1.149999976158142,34.72425106811524,0.21257410943508148
observed_test,v2_2018_509_48h,,39,PCC,C,2.915610662966831,0.0,0.7547541879690609,0.5210045576095581,1.149999976158142,34.72425106811524,0.21257410943508148
observed_test,v2_2018_509_48h,,40,PCC,A,2.9761405680146122,0.0,0.40694165688294626,0.5631123185157776,1.149999976158142,53.24800137329102,0.21133701503276825
observed_test,v2_2018_509_48h,,40,PCC,B,2.9761405680146122,0.0,0.40694165688294626,0.5631123185157776,1.149999976158142,53.24800137329102,0.21133701503276825
observed_test,v2_2018_509_48h,,40,PCC,C,2.9761405680146122,0.0,0.40694165688294626,0.5631123185157776,1.149999976158142,53.24800137329102,0.21133701503276825
observed_test,v2_2018_509_48h,,41,PCC,A,2.912059071852747,0.0,0.05749583315963928,0.5185338854789734,1.149999976158142,53.24800137329102,0.21489055454730988
observed_test,v2_2018_509_48h,,41,PCC,B,2.912059071852747,0.0,0.05749583315963928,0.5185338854789734,1.149999976158142,53.24800137329102,0.21489055454730988
observed_test,v2_2018_509_48h,,41,PCC,C,2.912059071852747,0.0,0.05749583315963928,0.5185338854789734,1.149999976158142,53.24800137329102,0.21489055454730988
observed_test,v2_2018_509_48h,,42,PCC,A,2.888165108802557,0.0,0.0,0.501911997795105,1.149999976158142,53.24800137329102,0.21920259296894073
observed_test,v2_2018_509_48h,,42,PCC,B,2.888165108802557,0.0,0.0,0.501911997795105,1.149999976158142,53.24800137329102,0.21920259296894073
observed_test,v2_2018_509_48h,,42,PCC,C,2.888165108802557,0.0,0.0,0.501911997795105,1.149999976158142,53.24800137329102,0.21920259296894073
observed_test,v2_2018_509_48h,,43,PCC,A,2.9849615821466244,0.0,0.0,0.5692486763000488,1.149999976158142,53.24800137329102,0.23164419829845428
observed_test,v2_2018_509_48h,,43,PCC,B,2.9849615821466244,0.0,0.0,0.5692486763000488,1.149999976158142,53.24800137329102,0.23164419829845428
observed_test,v2_2018_509_48h,,43,PCC,C,2.9849615821466244,0.0,0.0,0.5692486763000488,1.149999976158142,53.24800137329102,0.23164419829845428
observed_test,v2_2018_509_48h,,44,PCC,A,2.825617614510635,0.0,0.0,0.458400696516037,1.149999976158142,53.24800137329102,0.24770797789096832
observed_test,v2_2018_509_48h,,44,PCC,B,2.825617614510635,0.0,0.0,0.458400696516037,1.149999976158142,53.24800137329102,0.24770797789096832
observed_test,v2_2018_509_48h,,44,PCC,C,2.825617614510635,0.0,0.0,0.458400696516037,1.149999976158142,53.24800137329102,0.24770797789096832
observed_test,v2_2018_509_48h,,45,PCC,A,2.740638571998929,0.0,0.0,0.39928483963012695,1.149999976158142,53.24800137329102,0.2684735953807831
observed_test,v2_2018_509_48h,,45,PCC,B,2.740638571998929,0.0,0.0,0.39928483963012695,1.149999976158142,53.24800137329102,0.2684735953807831
observed_test,v2_2018_509_48h,,45,PCC,C,2.740638571998929,0.0,0.0,0.39928483963012695,1.149999976158142,53.24800137329102,0.2684735953807831
observed_test,v2_2018_509_48h,,46,PCC,A,2.689500792288461,0.0,0.0,0.3637107312679291,1.149999976158142,53.24800137329102,0.2757553458213806
observed_test,v2_2018_509_48h,,46,PCC,B,2.689500792288461,0.0,0.0,0.3637107312679291,1.149999976158142,53.24800137329102,0.2757553458213806
observed_test,v2_2018_509_48h,,46,PCC,C,2.689500792288461,0.0,0.0,0.3637107312679291,1.149999976158142,53.24800137329102,0.2757553458213806
observed_test,v2_2018_509_48h,,47,PCC,A,2.666340906989589,0.0,0.0,0.34759950637817383,1.149999976158142,53.24800137329102,0.2743472754955292
observed_test,v2_2018_509_48h,,47,PCC,B,2.666340906989589,0.0,0.0,0.34759950637817383,1.149999976158142,53.24800137329102,0.2743472754955292
observed_test,v2_2018_509_48h,,47,PCC,C,2.666340906989589,0.0,0.0,0.34759950637817383,1.149999976158142,53.24800137329102,0.2743472754955292
observed_test,v2_2018_417_48h,,0,PCC,A,2.589738233557025,0.0,0.0,0.29431068897247314,1.149999976158142,53.24800137329102,0.3240935206413269
observed_test,v2_2018_417_48h,,0,PCC,B,2.589738233557025,0.0,0.0,0.29431068897247314,1.149999976158142,53.24800137329102,0.3240935206413269
observed_test,v2_2018_417_48h,,0,PCC,C,2.589738233557025,0.0,0.0,0.29431068897247314,1.149999976158142,53.24800137329102,0.3240935206413269
observed_test,v2_2018_417_48h,,1,PCC,A,2.6237012928594003,0.0,0.0,0.3179371654987335,1.149999976158142,34.72425106811524,0.3257555365562439
observed_test,v2_2018_417_48h,,1,PCC,B,2.6237012928594003,0.0,0.0,0.3179371654987335,1.149999976158142,34.72425106811524,0.3257555365562439
observed_test,v2_2018_417_48h,,1,PCC,C,2.6237012928594003,0.0,0.0,0.3179371654987335,1.149999976158142,34.72425106811524,0.3257555365562439
observed_test,v2_2018_417_48h,,2,PCC,A,2.4875831211508435,0.0,0.0,0.2232462614774704,1.149999976158142,34.72425106811524,0.331983745098114
observed_test,v2_2018_417_48h,,2,PCC,B,2.4875831211508435,0.0,0.0,0.2232462614774704,1.149999976158142,34.72425106811524,0.331983745098114
observed_test,v2_2018_417_48h,,2,PCC,C,2.4875831211508435,0.0,0.0,0.2232462614774704,1.149999976158142,34.72425106811524,0.331983745098114
observed_test,v2_2018_417_48h,,3,PCC,A,2.5452259178952694,0.0,0.0,0.2633455991744995,1.149999976158142,53.24800137329102,0.33688339591026306
observed_test,v2_2018_417_48h,,3,PCC,B,2.5452259178952694,0.0,0.0,0.2633455991744995,1.149999976158142,53.24800137329102,0.33688339591026306
observed_test,v2_2018_417_48h,,3,PCC,C,2.5452259178952694,0.0,0.0,0.2633455991744995,1.149999976158142,53.24800137329102,0.33688339591026306
observed_test,v2_2018_417_48h,,4,PCC,A,2.6066056994782514,0.0,0.0,0.3060445785522461,1.149999976158142,53.24800137329102,0.31151601672172546
observed_test,v2_2018_417_48h,,4,PCC,B,2.6066056994782514,0.0,0.0,0.3060445785522461,1.149999976158142,53.24800137329102,0.31151601672172546
observed_test,v2_2018_417_48h,,4,PCC,C,2.6066056994782514,0.0,0.0,0.3060445785522461,1.149999976158142,53.24800137329102,0.31151601672172546
observed_test,v2_2018_417_48h,,5,PCC,A,2.5763726205374935,0.0,0.0,0.2850128710269928,1.149999976158142,53.24800137329102,0.29745304584503174
observed_test,v2_2018_417_48h,,5,PCC,B,2.5763726205374935,0.0,0.0,0.2850128710269928,1.149999976158142,53.24800137329102,0.29745304584503174
observed_test,v2_2018_417_48h,,5,PCC,C,2.5763726205374935,0.0,0.0,0.2850128710269928,1.149999976158142,53.24800137329102,0.29745304584503174
observed_test,v2_2018_417_48h,,6,PCC,A,2.7605416539868575,0.0,0.02869583415583922,0.4131304621696472,1.149999976158142,121.88174847412108,0.28338560461997986
observed_test,v2_2018_417_48h,,6,PCC,B,2.7605416539868575,0.0,0.02869583415583922,0.4131304621696472,1.149999976158142,121.88174847412108,0.28338560461997986
observed_test,v2_2018_417_48h,,6,PCC,C,2.7605416539868575,0.0,0.02869583415583922,0.4131304621696472,1.149999976158142,121.88174847412108,0.28338560461997986
observed_test,v2_2018_417_48h,,7,PCC,A,3.0129513006293838,0.0,0.2581916749477386,0.5887197852134705,1.149999976158142,121.88174847412108,0.28136149048805237
observed_test,v2_2018_417_48h,,7,PCC,B,3.0129513006293838,0.0,0.2581916749477386,0.5887197852134705,1.149999976158142,121.88174847412108,0.28136149048805237
observed_test,v2_2018_417_48h,,7,PCC,C,3.0129513006293838,0.0,0.2581916749477386,0.5887197852134705,1.149999976158142,121.88174847412108,0.28136149048805237
observed_test,v2_2018_417_48h,,8,PCC,A,2.7649040079514635,0.0,0.705941651876156,0.41616514325141907,1.149999976158142,121.88174847412108,0.28054937720298767
observed_test,v2_2018_417_48h,,8,PCC,B,2.7649040079514635,0.0,0.705941651876156,0.41616514325141907,1.149999976158142,121.88174847412108,0.28054937720298767
observed_test,v2_2018_417_48h,,8,PCC,C,2.7649040079514635,0.0,0.705941651876156,0.41616514325141907,1.149999976158142,121.88174847412108,0.28054937720298767
observed_test,v2_2018_417_48h,,9,PCC,A,2.9051724072175276,0.0,0.9025958295051867,0.5137431621551514,1.149999976158142,121.88174847412108,0.2806977927684784
observed_test,v2_2018_417_48h,,9,PCC,B,2.9051724072175276,0.0,0.9025958295051867,0.5137431621551514,1.149999976158142,121.88174847412108,0.2806977927684784
observed_test,v2_2018_417_48h,,9,PCC,C,2.9051724072175276,0.0,0.9025958295051867,0.5137431621551514,1.149999976158142,121.88174847412108,0.2806977927684784
observed_test,v2_2018_417_48h,,10,PCC,A,2.6904467608222724,0.0,1.2545374723581166,0.3643687963485718,1.149999976158142,53.24800137329102,0.2847466468811035
observed_test,v2_2018_417_48h,,10,PCC,B,2.6904467608222724,0.0,1.2545374723581166,0.3643687963485718,1.149999976158142,53.24800137329102,0.2847466468811035
observed_test,v2_2018_417_48h,,10,PCC,C,2.6904467608222724,0.0,1.2545374723581166,0.3643687963485718,1.149999976158142,53.24800137329102,0.2847466468811035
observed_test,v2_2018_417_48h,,11,PCC,A,2.686130632121376,0.0,1.3785083706562336,0.36136627197265625,1.149999976158142,53.24800137329102,0.30140700936317444
observed_test,v2_2018_417_48h,,11,PCC,B,2.686130632121376,0.0,1.3785083706562336,0.36136627197265625,1.149999976158142,53.24800137329102,0.30140700936317444
observed_test,v2_2018_417_48h,,11,PCC,C,2.686130632121376,0.0,1.3785083706562336,0.36136627197265625,1.149999976158142,53.24800137329102,0.30140700936317444
observed_test,v2_2018_417_48h,,12,PCC,A,2.940481482794702,0.0,1.416700046796065,0.5383059978485107,1.149999976158142,34.72425106811524,0.30838295817375183
observed_test,v2_2018_417_48h,,12,PCC,B,2.940481482794702,0.0,1.416700046796065,0.5383059978485107,1.149999976158142,34.72425106811524,0.30838295817375183
observed_test,v2_2018_417_48h,,12,PCC,C,2.940481482794702,0.0,1.416700046796065,0.5383059978485107,1.149999976158142,34.72425106811524,0.30838295817375183
observed_test,v2_2018_417_48h,,13,PCC,A,3.033735447282245,0.0,1.3586416840553284,0.6031783223152161,1.149999976158142,34.72425106811524,0.28811511397361755
observed_test,v2_2018_417_48h,,13,PCC,B,3.033735447282245,0.0,1.3586416840553284,0.6031783223152161,1.149999976158142,34.72425106811524,0.28811511397361755
observed_test,v2_2018_417_48h,,13,PCC,C,3.033735447282245,0.0,1.3586416840553284,0.6031783223152161,1.149999976158142,34.72425106811524,0.28811511397361755
observed_test,v2_2018_417_48h,,14,PCC,A,3.1232014249141358,0.0,1.2130999794373145,0.6654155254364014,1.149999976158142,34.72425106811524,0.27196237444877625
observed_test,v2_2018_417_48h,,14,PCC,B,3.1232014249141358,0.0,1.2130999794373145,0.6654155254364014,1.149999976158142,34.72425106811524,0.27196237444877625
observed_test,v2_2018_417_48h,,14,PCC,C,3.1232014249141358,0.0,1.2130999794373145,0.6654155254364014,1.149999976158142,34.72425106811524,0.27196237444877625
observed_test,v2_2018_417_48h,,15,PCC,A,2.915610662966831,0.0,0.9863832822212806,0.5210045576095581,1.149999976158142,34.72425106811524,0.2654355466365814
observed_test,v2_2018_417_48h,,15,PCC,B,2.915610662966831,0.0,0.9863832822212806,0.5210045576095581,1.149999976158142,34.72425106811524,0.2654355466365814
observed_test,v2_2018_417_48h,,15,PCC,C,2.915610662966831,0.0,0.9863832822212806,0.5210045576095581,1.149999976158142,34.72425106811524,0.2654355466365814
observed_test,v2_2018_417_48h,,16,PCC,A,2.9761405680146122,0.0,0.6686708101859459,0.5631123185157776,1.149999976158142,53.24800137329102,0.2577410638332367
observed_test,v2_2018_417_48h,,16,PCC,B,2.9761405680146122,0.0,0.6686708101859459,0.5631123185157776,1.149999976158142,53.24800137329102,0.2577410638332367
observed_test,v2_2018_417_48h,,16,PCC,C,2.9761405680146122,0.0,0.6686708101859459,0.5631123185157776,1.149999976158142,53.24800137329102,0.2577410638332367
observed_test,v2_2018_417_48h,,17,PCC,A,2.912059071852747,0.0,0.3063916586912595,0.5185338854789734,1.149999976158142,53.24800137329102,0.25563478469848633
observed_test,v2_2018_417_48h,,17,PCC,B,2.912059071852747,0.0,0.3063916586912595,0.5185338854789734,1.149999976158142,53.24800137329102,0.25563478469848633
observed_test,v2_2018_417_48h,,17,PCC,C,2.912059071852747,0.0,0.3063916586912595,0.5185338854789734,1.149999976158142,53.24800137329102,0.25563478469848633
observed_test,v2_2018_417_48h,,18,PCC,A,2.888165108802557,0.0,0.043995832451261006,0.501911997795105,1.149999976158142,53.24800137329102,0.2592598795890808
observed_test,v2_2018_417_48h,,18,PCC,B,2.888165108802557,0.0,0.043995832451261006,0.501911997795105,1.149999976158142,53.24800137329102,0.2592598795890808
observed_test,v2_2018_417_48h,,18,PCC,C,2.888165108802557,0.0,0.043995832451261006,0.501911997795105,1.149999976158142,53.24800137329102,0.2592598795890808
observed_test,v2_2018_417_48h,,19,PCC,A,2.9849615821466244,0.0,0.0,0.5692486763000488,1.149999976158142,53.24800137329102,0.2766875922679901
observed_test,v2_2018_417_48h,,19,PCC,B,2.9849615821466244,0.0,0.0,0.5692486763000488,1.149999976158142,53.24800137329102,0.2766875922679901
observed_test,v2_2018_417_48h,,19,PCC,C,2.9849615821466244,0.0,0.0,0.5692486763000488,1.149999976158142,53.24800137329102,0.2766875922679901
observed_test,v2_2018_417_48h,,20,PCC,A,2.825617614510635,0.0,0.0,0.458400696516037,1.149999976158142,53.24800137329102,0.29759371280670166
observed_test,v2_2018_417_48h,,20,PCC,B,2.825617614510635,0.0,0.0,0.458400696516037,1.149999976158142,53.24800137329102,0.29759371280670166
observed_test,v2_2018_417_48h,,20,PCC,C,2.825617614510635,0.0,0.0,0.458400696516037,1.149999976158142,53.24800137329102,0.29759371280670166
observed_test,v2_2018_417_48h,,21,PCC,A,2.740638571998929,0.0,0.0,0.39928483963012695,1.149999976158142,53.24800137329102,0.29918307065963745
observed_test,v2_2018_417_48h,,21,PCC,B,2.740638571998929,0.0,0.0,0.39928483963012695,1.149999976158142,53.24800137329102,0.29918307065963745
observed_test,v2_2018_417_48h,,21,PCC,C,2.740638571998929,0.0,0.0,0.39928483963012695,1.149999976158142,53.24800137329102,0.29918307065963745
observed_test,v2_2018_417_48h,,22,PCC,A,2.689500792288461,0.0,0.0,0.3637107312679291,1.149999976158142,53.24800137329102,0.2935025990009308
observed_test,v2_2018_417_48h,,22,PCC,B,2.689500792288461,0.0,0.0,0.3637107312679291,1.149999976158142,53.24800137329102,0.2935025990009308
observed_test,v2_2018_417_48h,,22,PCC,C,2.689500792288461,0.0,0.0,0.3637107312679291,1.149999976158142,53.24800137329102,0.2935025990009308
observed_test,v2_2018_417_48h,,23,PCC,A,2.666340906989589,0.0,0.0,0.34759950637817383,1.149999976158142,53.24800137329102,0.28960120677948
observed_test,v2_2018_417_48h,,23,PCC,B,2.666340906989589,0.0,0.0,0.34759950637817383,1.149999976158142,53.24800137329102,0.28960120677948
observed_test,v2_2018_417_48h,,23,PCC,C,2.666340906989589,0.0,0.0,0.34759950637817383,1.149999976158142,53.24800137329102,0.28960120677948
observed_test,v2_2018_417_48h,,24,PCC,A,2.589738233557025,0.0,0.0,0.29431068897247314,1.149999976158142,53.24800137329102,0.2904060482978821
observed_test,v2_2018_417_48h,,24,PCC,B,2.589738233557025,0.0,0.0,0.29431068897247314,1.149999976158142,53.24800137329102,0.2904060482978821
observed_test,v2_2018_417_48h,,24,PCC,C,2.589738233557025,0.0,0.0,0.29431068897247314,1.149999976158142,53.24800137329102,0.2904060482978821
observed_test,v2_2018_417_48h,,25,PCC,A,2.6237012928594003,0.0,0.0,0.3179371654987335,1.149999976158142,34.72425106811524,0.296613872051239
observed_test,v2_2018_417_48h,,25,PCC,B,2.6237012928594003,0.0,0.0,0.3179371654987335,1.149999976158142,34.72425106811524,0.296613872051239
observed_test,v2_2018_417_48h,,25,PCC,C,2.6237012928594003,0.0,0.0,0.3179371654987335,1.149999976158142,34.72425106811524,0.296613872051239
observed_test,v2_2018_417_48h,,26,PCC,A,2.4875831211508435,0.0,0.0,0.2232462614774704,1.149999976158142,34.72425106811524,0.3104727864265442
observed_test,v2_2018_417_48h,,26,PCC,B,2.4875831211508435,0.0,0.0,0.2232462614774704,1.149999976158142,34.72425106811524,0.3104727864265442
observed_test,v2_2018_417_48h,,26,PCC,C,2.4875831211508435,0.0,0.0,0.2232462614774704,1.149999976158142,34.72425106811524,0.3104727864265442
observed_test,v2_2018_417_48h,,27,PCC,A,2.5452259178952694,0.0,0.0,0.2633455991744995,1.149999976158142,53.24800137329102,0.33049213886260986
observed_test,v2_2018_417_48h,,27,PCC,B,2.5452259178952694,0.0,0.0,0.2633455991744995,1.149999976158142,53.24800137329102,0.33049213886260986
observed_test,v2_2018_417_48h,,27,PCC,C,2.5452259178952694,0.0,0.0,0.2633455991744995,1.149999976158142,53.24800137329102,0.33049213886260986
observed_test,v2_2018_417_48h,,28,PCC,A,2.6066056994782514,0.0,0.0,0.3060445785522461,1.149999976158142,53.24800137329102,0.3265937566757202
observed_test,v2_2018_417_48h,,28,PCC,B,2.6066056994782514,0.0,0.0,0.3060445785522461,1.149999976158142,53.24800137329102,0.3265937566757202
observed_test,v2_2018_417_48h,,28,PCC,C,2.6066056994782514,0.0,0.0,0.3060445785522461,1.149999976158142,53.24800137329102,0.3265937566757202
observed_test,v2_2018_417_48h,,29,PCC,A,2.5763726205374935,0.0,0.0,0.2850128710269928,1.149999976158142,53.24800137329102,0.32408881187438965
observed_test,v2_2018_417_48h,,29,PCC,B,2.5763726205374935,0.0,0.0,0.2850128710269928,1.149999976158142,53.24800137329102,0.32408881187438965
observed_test,v2_2018_417_48h,,29,PCC,C,2.5763726205374935,0.0,0.0,0.2850128710269928,1.149999976158142,53.24800137329102,0.32408881187438965
observed_test,v2_2018_417_48h,,30,PCC,A,2.7605416539868575,0.0,0.05896250144220316,0.4131304621696472,1.149999976158142,121.88174847412108,0.30246126651763916
observed_test,v2_2018_417_48h,,30,PCC,B,2.7605416539868575,0.0,0.05896250144220316,0.4131304621696472,1.149999976158142,121.88174847412108,0.30246126651763916
observed_test,v2_2018_417_48h,,30,PCC,C,2.7605416539868575,0.0,0.05896250144220316,0.4131304621696472,1.149999976158142,121.88174847412108,0.30246126651763916
observed_test,v2_2018_417_48h,,31,PCC,A,3.0129513006293838,0.0,0.2768458368686529,0.5887197852134705,1.149999976158142,121.88174847412108,0.2702350914478302
observed_test,v2_2018_417_48h,,31,PCC,B,3.0129513006293838,0.0,0.2768458368686529,0.5887197852134705,1.149999976158142,121.88174847412108,0.2702350914478302
observed_test,v2_2018_417_48h,,31,PCC,C,3.0129513006293838,0.0,0.2768458368686529,0.5887197852134705,1.149999976158142,121.88174847412108,0.2702350914478302
observed_test,v2_2018_417_48h,,32,PCC,A,2.7649040079514635,0.0,0.5969249858306004,0.41616514325141907,1.149999976158142,121.88174847412108,0.26409101486206055
observed_test,v2_2018_417_48h,,32,PCC,B,2.7649040079514635,0.0,0.5969249858306004,0.41616514325141907,1.149999976158142,121.88174847412108,0.26409101486206055
observed_test,v2_2018_417_48h,,32,PCC,C,2.7649040079514635,0.0,0.5969249858306004,0.41616514325141907,1.149999976158142,121.88174847412108,0.26409101486206055
observed_test,v2_2018_417_48h,,33,PCC,A,2.907250437854574,0.0,0.9364458230825571,0.5137431621551514,1.1509000062942505,121.88174847412108,0.2646627426147461
observed_test,v2_2018_417_48h,,33,PCC,B,2.907250437854574,0.0,0.9364458230825571,0.5137431621551514,1.1509000062942505,121.88174847412108,0.2646627426147461
observed_test,v2_2018_417_48h,,33,PCC,C,2.907250437854574,0.0,0.9364458230825571,0.5137431621551514,1.1509000062942505,121.88174847412108,0.2646627426147461
observed_test,v2_2018_417_48h,,34,PCC,A,2.7260986030936514,0.0,1.1315124539228585,0.3643687963485718,1.1668000221252441,53.24800137329102,0.2743819057941437
observed_test,v2_2018_417_48h,,34,PCC,B,2.7260986030936514,0.0,1.1315124539228585,0.3643687963485718,1.1668000221252441,53.24800137329102,0.2743819057941437
observed_test,v2_2018_417_48h,,34,PCC,C,2.7260986030936514,0.0,1.1315124539228585,0.3643687963485718,1.1668000221252441,53.24800137329102,0.2743819057941437
observed_test,v2_2018_417_48h,,35,PCC,A,2.7484108236261213,0.0,1.239004158056699,0.36136627197265625,1.1793999671936035,53.24800137329102,0.2967167794704437
observed_test,v2_2018_417_48h,,35,PCC,B,2.7484108236261213,0.0,1.239004158056699,0.36136627197265625,1.1793999671936035,53.24800137329102,0.2967167794704437
observed_test,v2_2018_417_48h,,35,PCC,C,2.7484108236261213,0.0,1.239004158056699,0.36136627197265625,1.1793999671936035,53.24800137329102,0.2967167794704437
observed_test,v2_2018_417_48h,,36,PCC,A,3.028565483383133,0.0,1.2732041569856496,0.5383059978485107,1.1876499652862549,34.72425106811524,0.30099955201148987
observed_test,v2_2018_417_48h,,36,PCC,B,3.028565483383133,0.0,1.2732041569856496,0.5383059978485107,1.1876499652862549,34.72425106811524,0.30099955201148987
observed_test,v2_2018_417_48h,,36,PCC,C,3.028565483383133,0.0,1.2732041569856496,0.5383059978485107,1.1876499652862549,34.72425106811524,0.30099955201148987
observed_test,v2_2018_417_48h,,37,PCC,A,3.1352206485811895,0.0,1.2219874904705927,0.6031783223152161,1.1919249296188354,34.72425106811524,0.27176740765571594
observed_test,v2_2018_417_48h,,37,PCC,B,3.1352206485811895,0.0,1.2219874904705927,0.6031783223152161,1.1919249296188354,34.72425106811524,0.27176740765571594
observed_test,v2_2018_417_48h,,37,PCC,C,3.1352206485811895,0.0,1.2219874904705927,0.6031783223152161,1.1919249296188354,34.72425106811524,0.27176740765571594
observed_test,v2_2018_417_48h,,38,PCC,A,3.22888523555771,0.0,1.1135416535230782,0.6654155254364014,1.1922999620437622,34.72425106811524,0.250858336687088
observed_test,v2_2018_417_48h,,38,PCC,B,3.22888523555771,0.0,1.1135416535230782,0.6654155254364014,1.1922999620437622,34.72425106811524,0.250858336687088
observed_test,v2_2018_417_48h,,38,PCC,C,3.22888523555771,0.0,1.1135416535230782,0.6654155254364014,1.1922999620437622,34.72425106811524,0.250858336687088
observed_test,v2_2018_417_48h,,39,PCC,A,3.005835910784453,0.0,0.9123041652716122,0.5210045576095581,1.18892502784729,34.72425106811524,0.24566330015659332
observed_test,v2_2018_417_48h,,39,PCC,B,3.005835910784453,0.0,0.9123041652716122,0.5210045576095581,1.18892502784729,34.72425106811524,0.24566330015659332
observed_test,v2_2018_417_48h,,39,PCC,C,3.005835910784453,0.0,0.9123041652716122,0.5210045576095581,1.18892502784729,34.72425106811524,0.24566330015659332
observed_test,v2_2018_417_48h,,40,PCC,A,3.0504575713333146,0.0,0.6269833216300377,0.5631123185157776,1.1813499927520752,53.24800137329102,0.2558567225933075
observed_test,v2_2018_417_48h,,40,PCC,B,3.0504575713333146,0.0,0.6269833216300377,0.5631123185157776,1.1813499927520752,53.24800137329102,0.2558567225933075
observed_test,v2_2018_417_48h,,40,PCC,C,3.0504575713333146,0.0,0.6269833216300377,0.5631123185157776,1.1813499927520752,53.24800137329102,0.2558567225933075
observed_test,v2_2018_417_48h,,41,PCC,A,2.957545519795026,0.0,0.2915166604977387,0.5185338854789734,1.1696499586105347,53.24800137329102,0.26320913434028625
observed_test,v2_2018_417_48h,,41,PCC,B,2.957545519795026,0.0,0.2915166604977387,0.5185338854789734,1.1696499586105347,53.24800137329102,0.26320913434028625
observed_test,v2_2018_417_48h,,41,PCC,C,2.957545519795026,0.0,0.2915166604977387,0.5185338854789734,1.1696499586105347,53.24800137329102,0.26320913434028625
observed_test,v2_2018_417_48h,,42,PCC,A,2.9120805843278936,0.0,0.04336250086243335,0.501911997795105,1.1604249477386475,53.24800137329102,0.2816186845302582
observed_test,v2_2018_417_48h,,42,PCC,B,2.9120805843278936,0.0,0.04336250086243335,0.501911997795105,1.1604249477386475,53.24800137329102,0.2816186845302582
observed_test,v2_2018_417_48h,,42,PCC,C,2.9120805843278936,0.0,0.04336250086243335,0.501911997795105,1.1604249477386475,53.24800137329102,0.2816186845302582
observed_test,v2_2018_417_48h,,43,PCC,A,2.9901341639334,0.0,0.0,0.5692486763000488,1.152174949645996,53.24800137329102,0.29727253317832947
observed_test,v2_2018_417_48h,,43,PCC,B,2.9901341639334,0.0,0.0,0.5692486763000488,1.152174949645996,53.24800137329102,0.29727253317832947
observed_test,v2_2018_417_48h,,43,PCC,C,2.9901341639334,0.0,0.0,0.5692486763000488,1.152174949645996,53.24800137329102,0.29727253317832947
observed_test,v2_2018_417_48h,,44,PCC,A,2.825617614510635,0.0,0.0,0.458400696516037,1.149999976158142,53.24800137329102,0.30820977687835693
observed_test,v2_2018_417_48h,,44,PCC,B,2.825617614510635,0.0,0.0,0.458400696516037,1.149999976158142,53.24800137329102,0.30820977687835693
observed_test,v2_2018_417_48h,,44,PCC,C,2.825617614510635,0.0,0.0,0.458400696516037,1.149999976158142,53.24800137329102,0.30820977687835693
observed_test,v2_2018_417_48h,,45,PCC,A,2.740638571998929,0.0,0.0,0.39928483963012695,1.149999976158142,53.24800137329102,0.31189200282096863
observed_test,v2_2018_417_48h,,45,PCC,B,2.740638571998929,0.0,0.0,0.39928483963012695,1.149999976158142,53.24800137329102,0.31189200282096863
observed_test,v2_2018_417_48h,,45,PCC,C,2.740638571998929,0.0,0.0,0.39928483963012695,1.149999976158142,53.24800137329102,0.31189200282096863
observed_test,v2_2018_417_48h,,46,PCC,A,2.689500792288461,0.0,0.0,0.3637107312679291,1.149999976158142,53.24800137329102,0.30508312582969666
observed_test,v2_2018_417_48h,,46,PCC,B,2.689500792288461,0.0,0.0,0.3637107312679291,1.149999976158142,53.24800137329102,0.30508312582969666
observed_test,v2_2018_417_48h,,46,PCC,C,2.689500792288461,0.0,0.0,0.3637107312679291,1.149999976158142,53.24800137329102,0.30508312582969666
observed_test,v2_2018_417_48h,,47,PCC,A,2.666340906989589,0.0,0.0,0.34759950637817383,1.149999976158142,53.24800137329102,0.3041776418685913
observed_test,v2_2018_417_48h,,47,PCC,B,2.666340906989589,0.0,0.0,0.34759950637817383,1.149999976158142,53.24800137329102,0.3041776418685913
observed_test,v2_2018_417_48h,,47,PCC,C,2.666340906989589,0.0,0.0,0.34759950637817383,1.149999976158142,53.24800137329102,0.3041776418685913
observed_test,v2_2018_493_48h,,0,PCC,A,2.6239188515480456,0.0,0.0,0.29431068897247314,1.1668000221252441,53.24800137329102,0.31429949402809143
observed_test,v2_2018_493_48h,,0,PCC,B,2.6239188515480456,0.0,0.0,0.29431068897247314,1.1668000221252441,53.24800137329102,0.31429949402809143
observed_test,v2_2018_493_48h,,0,PCC,C,2.6239188515480456,0.0,0.0,0.29431068897247314,1.1668000221252441,53.24800137329102,0.31429949402809143
observed_test,v2_2018_493_48h,,1,PCC,A,2.6593066929139293,0.0,0.0,0.3179371654987335,1.1672499179840088,53.24800137329102,0.3190944790840149
observed_test,v2_2018_493_48h,,1,PCC,B,2.6593066929139293,0.0,0.0,0.3179371654987335,1.1672499179840088,53.24800137329102,0.3190944790840149
observed_test,v2_2018_493_48h,,1,PCC,C,2.6593066929139293,0.0,0.0,0.3179371654987335,1.1672499179840088,53.24800137329102,0.3190944790840149
observed_test,v2_2018_493_48h,,2,PCC,A,2.5226061750231987,0.0,0.0,0.2232462614774704,1.1679999828338623,53.24800137329102,0.3179285526275635
observed_test,v2_2018_493_48h,,2,PCC,B,2.5226061750231987,0.0,0.0,0.2232462614774704,1.1679999828338623,53.24800137329102,0.3179285526275635
observed_test,v2_2018_493_48h,,2,PCC,C,2.5226061750231987,0.0,0.0,0.2232462614774704,1.1679999828338623,53.24800137329102,0.3179285526275635
observed_test,v2_2018_493_48h,,3,PCC,A,2.581151207200423,0.0,0.0,0.2633455991744995,1.1679999828338623,53.24800137329102,0.3199610114097595
observed_test,v2_2018_493_48h,,3,PCC,B,2.581151207200423,0.0,0.0,0.2633455991744995,1.1679999828338623,53.24800137329102,0.3199610114097595
observed_test,v2_2018_493_48h,,3,PCC,C,2.581151207200423,0.0,0.0,0.2633455991744995,1.1679999828338623,53.24800137329102,0.3199610114097595
observed_test,v2_2018_493_48h,,4,PCC,A,2.64272319133363,0.0,0.0,0.3060445785522461,1.1676249504089355,53.24800137329102,0.30600374937057495
observed_test,v2_2018_493_48h,,4,PCC,B,2.64272319133363,0.0,0.0,0.3060445785522461,1.1676249504089355,53.24800137329102,0.30600374937057495
observed_test,v2_2018_493_48h,,4,PCC,C,2.64272319133363,0.0,0.0,0.3060445785522461,1.1676249504089355,53.24800137329102,0.30600374937057495
observed_test,v2_2018_493_48h,,5,PCC,A,2.6115717037287753,0.0,0.0,0.2850128710269928,1.1674000024795532,53.24800137329102,0.2811015546321869
observed_test,v2_2018_493_48h,,5,PCC,B,2.6115717037287753,0.0,0.0,0.2850128710269928,1.1674000024795532,53.24800137329102,0.2811015546321869
observed_test,v2_2018_493_48h,,5,PCC,C,2.6115717037287753,0.0,0.0,0.2850128710269928,1.1674000024795532,53.24800137329102,0.2811015546321869
observed_test,v2_2018_493_48h,,6,PCC,A,2.8003281832274785,0.0,0.003587500004169459,0.4131304621696472,1.1682249307632446,53.24800137329102,0.2562400698661804
observed_test,v2_2018_493_48h,,6,PCC,B,2.8003281832274785,0.0,0.003587500004169459,0.4131304621696472,1.1682249307632446,53.24800137329102,0.2562400698661804
observed_test,v2_2018_493_48h,,6,PCC,C,2.8003281832274785,0.0,0.003587500004169459,0.4131304621696472,1.1682249307632446,53.24800137329102,0.2562400698661804
observed_test,v2_2018_493_48h,,7,PCC,A,3.061423030054406,0.0,0.03185833159547585,0.5887197852134705,1.1701749563217163,53.24800137329102,0.24238398671150208
observed_test,v2_2018_493_48h,,7,PCC,B,3.061423030054406,0.0,0.03185833159547585,0.5887197852134705,1.1701749563217163,53.24800137329102,0.24238398671150208
observed_test,v2_2018_493_48h,,7,PCC,C,3.061423030054406,0.0,0.03185833159547585,0.5887197852134705,1.1701749563217163,53.24800137329102,0.24238398671150208
observed_test,v2_2018_493_48h,,8,PCC,A,2.816404942767805,0.0,0.04922083507363612,0.41616514325141907,1.173550009727478,53.24800137329102,0.23888331651687622
observed_test,v2_2018_493_48h,,8,PCC,B,2.816404942767805,0.0,0.04922083507363612,0.41616514325141907,1.173550009727478,53.24800137329102,0.23888331651687622
observed_test,v2_2018_493_48h,,8,PCC,C,2.816404942767805,0.0,0.04922083507363612,0.41616514325141907,1.173550009727478,53.24800137329102,0.23888331651687622
observed_test,v2_2018_493_48h,,9,PCC,A,2.9687232631077882,0.0,0.08463749948602456,0.5137431621551514,1.1775249242782593,53.24800137329102,0.25215375423431396
observed_test,v2_2018_493_48h,,9,PCC,B,2.9687232631077882,0.0,0.08463749948602456,0.5137431621551514,1.1775249242782593,53.24800137329102,0.25215375423431396
observed_test,v2_2018_493_48h,,9,PCC,C,2.9687232631077882,0.0,0.08463749948602456,0.5137431621551514,1.1775249242782593,53.24800137329102,0.25215375423431396
observed_test,v2_2018_493_48h,,10,PCC,A,2.7568163755024684,0.0,0.25911250939735997,0.3643687963485718,1.1812750101089478,53.24800137329102,0.2698062062263489
observed_test,v2_2018_493_48h,,10,PCC,B,2.7568163755024684,0.0,0.25911250939735997,0.3643687963485718,1.1812750101089478,53.24800137329102,0.2698062062263489
observed_test,v2_2018_493_48h,,10,PCC,C,2.7568163755024684,0.0,0.25911250939735997,0.3643687963485718,1.1812750101089478,53.24800137329102,0.2698062062263489
observed_test,v2_2018_493_48h,,11,PCC,A,2.7587380347019916,0.0,0.20632917204728493,0.36136627197265625,1.1842750310897827,53.24800137329102,0.28875672817230225
observed_test,v2_2018_493_48h,,11,PCC,B,2.7587380347019916,0.0,0.20632917204728493,0.36136627197265625,1.1842750310897827,53.24800137329102,0.28875672817230225
observed_test,v2_2018_493_48h,,11,PCC,C,2.7587380347019916,0.0,0.20632917204728493,0.36136627197265625,1.1842750310897827,53.24800137329102,0.28875672817230225
observed_test,v2_2018_493_48h,,12,PCC,A,3.0247052839342365,0.0,0.12401666205662946,0.5383059978485107,1.1859999895095825,53.24800137329102,0.3051593005657196
observed_test,v2_2018_493_48h,,12,PCC,B,3.0247052839342365,0.0,0.12401666205662946,0.5383059978485107,1.1859999895095825,53.24800137329102,0.3051593005657196
observed_test,v2_2018_493_48h,,12,PCC,C,3.0247052839342365,0.0,0.12401666205662946,0.5383059978485107,1.1859999895095825,53.24800137329102,0.3051593005657196
observed_test,v2_2018_493_48h,,13,PCC,A,3.11960767387184,0.0,0.09828333098154801,0.6031783223152161,1.1854749917984009,53.24800137329102,0.32414522767066956
observed_test,v2_2018_493_48h,,13,PCC,B,3.11960767387184,0.0,0.09828333098154801,0.6031783223152161,1.1854749917984009,53.24800137329102,0.32414522767066956
observed_test,v2_2018_493_48h,,13,PCC,C,3.11960767387184,0.0,0.09828333098154801,0.6031783223152161,1.1854749917984009,53.24800137329102,0.32414522767066956
observed_test,v2_2018_493_48h,,14,PCC,A,3.2063994514755145,0.0,0.0665375031530857,0.6654155254364014,1.1833000183105469,53.24800137329102,0.33393537998199463
observed_test,v2_2018_493_48h,,14,PCC,B,3.2063994514755145,0.0,0.0665375031530857,0.6654155254364014,1.1833000183105469,53.24800137329102,0.33393537998199463
observed_test,v2_2018_493_48h,,14,PCC,C,3.2063994514755145,0.0,0.0665375031530857,0.6654155254364014,1.1833000183105469,53.24800137329102,0.33393537998199463
observed_test,v2_2018_493_48h,,15,PCC,A,2.9872344675413687,0.0,0.06649166775437501,0.5210045576095581,1.180899977684021,53.24800137329102,0.33610498905181885
observed_test,v2_2018_493_48h,,15,PCC,B,2.9872344675413687,0.0,0.06649166775437501,0.5210045576095581,1.180899977684021,53.24800137329102,0.33610498905181885
observed_test,v2_2018_493_48h,,15,PCC,C,2.9872344675413687,0.0,0.06649166775437501,0.5210045576095581,1.180899977684021,53.24800137329102,0.33610498905181885
observed_test,v2_2018_493_48h,,16,PCC,A,3.0437013516714218,0.0,0.04955416616912071,0.5631123185157776,1.1784999370574951,53.24800137329102,0.3331435024738312
observed_test,v2_2018_493_48h,,16,PCC,B,3.0437013516714218,0.0,0.04955416616912071,0.5631123185157776,1.1784999370574951,53.24800137329102,0.3331435024738312
observed_test,v2_2018_493_48h,,16,PCC,C,3.0437013516714218,0.0,0.04955416616912071,0.5631123185157776,1.1784999370574951,53.24800137329102,0.3331435024738312
observed_test,v2_2018_493_48h,,17,PCC,A,2.9724763312610456,0.0,0.07918333061612569,0.5185338854789734,1.1761000156402588,53.24800137329102,0.33335667848587036
observed_test,v2_2018_493_48h,,17,PCC,B,2.9724763312610456,0.0,0.07918333061612569,0.5185338854789734,1.1761000156402588,53.24800137329102,0.33335667848587036
observed_test,v2_2018_493_48h,,17,PCC,C,2.9724763312610456,0.0,0.07918333061612569,0.5185338854789734,1.1761000156402588,53.24800137329102,0.33335667848587036
observed_test,v2_2018_493_48h,,18,PCC,A,2.944426954811213,0.0,0.003691666643135249,0.501911997795105,1.1745250225067139,53.24800137329102,0.33116862177848816
observed_test,v2_2018_493_48h,,18,PCC,B,2.944426954811213,0.0,0.003691666643135249,0.501911997795105,1.1745250225067139,53.24800137329102,0.33116862177848816
observed_test,v2_2018_493_48h,,18,PCC,C,2.944426954811213,0.0,0.003691666643135249,0.501911997795105,1.1745250225067139,53.24800137329102,0.33116862177848816
observed_test,v2_2018_493_48h,,19,PCC,A,3.0420391581064052,0.0,0.0,0.5692486763000488,1.1740000247955322,53.24800137329102,0.3232167661190033
observed_test,v2_2018_493_48h,,19,PCC,B,3.0420391581064052,0.0,0.0,0.5692486763000488,1.1740000247955322,53.24800137329102,0.3232167661190033
observed_test,v2_2018_493_48h,,19,PCC,C,3.0420391581064052,0.0,0.0,0.5692486763000488,1.1740000247955322,53.24800137329102,0.3232167661190033
observed_test,v2_2018_493_48h,,20,PCC,A,2.879537680529374,0.0,0.0,0.458400696516037,1.1740750074386597,53.24800137329102,0.3166375756263733
observed_test,v2_2018_493_48h,,20,PCC,B,2.879537680529374,0.0,0.0,0.458400696516037,1.1740750074386597,53.24800137329102,0.3166375756263733
observed_test,v2_2018_493_48h,,20,PCC,C,2.879537680529374,0.0,0.0,0.458400696516037,1.1740750074386597,53.24800137329102,0.3166375756263733
observed_test,v2_2018_493_48h,,21,PCC,A,2.794891273963259,0.0,0.0,0.39928483963012695,1.1750500202178955,53.24800137329102,0.31091925501823425
observed_test,v2_2018_493_48h,,21,PCC,B,2.794891273963259,0.0,0.0,0.39928483963012695,1.1750500202178955,53.24800137329102,0.31091925501823425
observed_test,v2_2018_493_48h,,21,PCC,C,2.794891273963259,0.0,0.0,0.39928483963012695,1.1750500202178955,53.24800137329102,0.31091925501823425
observed_test,v2_2018_493_48h,,22,PCC,A,2.7451850607733603,0.0,0.0,0.3637107312679291,1.1762499809265137,53.24800137329102,0.3104761242866516
observed_test,v2_2018_493_48h,,22,PCC,B,2.7451850607733603,0.0,0.0,0.3637107312679291,1.1762499809265137,53.24800137329102,0.3104761242866516
observed_test,v2_2018_493_48h,,22,PCC,C,2.7451850607733603,0.0,0.0,0.3637107312679291,1.1762499809265137,53.24800137329102,0.3104761242866516
observed_test,v2_2018_493_48h,,23,PCC,A,2.7257514042952047,0.0,0.0,0.34759950637817383,1.1782749891281128,53.24800137329102,0.3111721873283386
observed_test,v2_2018_493_48h,,23,PCC,B,2.7257514042952047,0.0,0.0,0.34759950637817383,1.1782749891281128,53.24800137329102,0.3111721873283386
observed_test,v2_2018_493_48h,,23,PCC,C,2.7257514042952047,0.0,0.0,0.34759950637817383,1.1782749891281128,53.24800137329102,0.3111721873283386
observed_test,v2_2018_493_48h,,24,PCC,A,2.652605987023071,0.0,0.0,0.29431068897247314,1.180899977684021,53.24800137329102,0.30889201164245605
observed_test,v2_2018_493_48h,,24,PCC,B,2.652605987023071,0.0,0.0,0.29431068897247314,1.180899977684021,53.24800137329102,0.30889201164245605
observed_test,v2_2018_493_48h,,24,PCC,C,2.652605987023071,0.0,0.0,0.29431068897247314,1.180899977684021,53.24800137329102,0.30889201164245605
observed_test,v2_2018_493_48h,,25,PCC,A,2.6915066436221786,0.0,0.0,0.3179371654987335,1.1828500032424927,34.72425106811524,0.3114953935146332
observed_test,v2_2018_493_48h,,25,PCC,B,2.6915066436221786,0.0,0.0,0.3179371654987335,1.1828500032424927,34.72425106811524,0.3114953935146332
observed_test,v2_2018_493_48h,,25,PCC,C,2.6915066436221786,0.0,0.0,0.3179371654987335,1.1828500032424927,34.72425106811524,0.3114953935146332
observed_test,v2_2018_493_48h,,26,PCC,A,2.553689120838137,0.0,0.0,0.2232462614774704,1.1839749813079834,34.72425106811524,0.30886760354042053
observed_test,v2_2018_493_48h,,26,PCC,B,2.553689120838137,0.0,0.0,0.2232462614774704,1.1839749813079834,34.72425106811524,0.30886760354042053
observed_test,v2_2018_493_48h,,26,PCC,C,2.553689120838137,0.0,0.0,0.2232462614774704,1.1839749813079834,34.72425106811524,0.30886760354042053
observed_test,v2_2018_493_48h,,27,PCC,A,2.6134838486132104,0.0,0.0,0.2633455991744995,1.1841999292373657,34.72425106811524,0.31217098236083984
observed_test,v2_2018_493_48h,,27,PCC,B,2.6134838486132104,0.0,0.0,0.2633455991744995,1.1841999292373657,34.72425106811524,0.31217098236083984
observed_test,v2_2018_493_48h,,27,PCC,C,2.6134838486132104,0.0,0.0,0.2633455991744995,1.1841999292373657,34.72425106811524,0.31217098236083984
observed_test,v2_2018_493_48h,,28,PCC,A,2.676535352949107,0.0,0.0,0.3060445785522461,1.1841249465942383,34.72425106811524,0.2956193685531616
observed_test,v2_2018_493_48h,,28,PCC,B,2.676535352949107,0.0,0.0,0.3060445785522461,1.1841249465942383,34.72425106811524,0.2956193685531616
observed_test,v2_2018_493_48h,,28,PCC,C,2.676535352949107,0.0,0.0,0.3060445785522461,1.1841249465942383,34.72425106811524,0.2956193685531616
observed_test,v2_2018_493_48h,,29,PCC,A,2.6443431059449636,0.0,0.0,0.2850128710269928,1.1835999488830566,34.72425106811524,0.25929492712020874
observed_test,v2_2018_493_48h,,29,PCC,B,2.6443431059449636,0.0,0.0,0.2850128710269928,1.1835999488830566,34.72425106811524,0.25929492712020874
observed_test,v2_2018_493_48h,,29,PCC,C,2.6443431059449636,0.0,0.0,0.2850128710269928,1.1835999488830566,34.72425106811524,0.25929492712020874
observed_test,v2_2018_493_48h,,30,PCC,A,2.8368403301934992,0.0,0.013058333514401546,0.4131304621696472,1.1849499940872192,53.24800137329102,0.23812608420848846
observed_test,v2_2018_493_48h,,30,PCC,B,2.8368403301934992,0.0,0.013058333514401546,0.4131304621696472,1.1849499940872192,53.24800137329102,0.23812608420848846
observed_test,v2_2018_493_48h,,30,PCC,C,2.8368403301934992,0.0,0.013058333514401546,0.4131304621696472,1.1849499940872192,53.24800137329102,0.23812608420848846
observed_test,v2_2018_493_48h,,31,PCC,A,3.1066514726441117,0.0,0.14935833616898608,0.5887197852134705,1.1890000104904175,53.24800137329102,0.2374788075685501
observed_test,v2_2018_493_48h,,31,PCC,B,3.1066514726441117,0.0,0.14935833616898608,0.5887197852134705,1.1890000104904175,53.24800137329102,0.2374788075685501
observed_test,v2_2018_493_48h,,31,PCC,C,3.1066514726441117,0.0,0.14935833616898608,0.5887197852134705,1.1890000104904175,53.24800137329102,0.2374788075685501
observed_test,v2_2018_493_48h,,32,PCC,A,2.861673167464334,0.0,0.13339583976910663,0.41616514325141907,1.1942499876022339,53.24800137329102,0.2384095937013626
observed_test,v2_2018_493_48h,,32,PCC,B,2.861673167464334,0.0,0.13339583976910663,0.41616514325141907,1.1942499876022339,53.24800137329102,0.2384095937013626
observed_test,v2_2018_493_48h,,32,PCC,C,2.861673167464334,0.0,0.13339583976910663,0.41616514325141907,1.1942499876022339,53.24800137329102,0.2384095937013626
observed_test,v2_2018_493_48h,,33,PCC,A,3.0222307629787344,0.0,0.2715833198565703,0.5137431621551514,1.2006999254226685,53.24800137329102,0.24782107770442963
observed_test,v2_2018_493_48h,,33,PCC,B,3.0222307629787344,0.0,0.2715833198565703,0.5137431621551514,1.2006999254226685,53.24800137329102,0.24782107770442963
observed_test,v2_2018_493_48h,,33,PCC,C,3.0222307629787344,0.0,0.2715833198565703,0.5137431621551514,1.2006999254226685,53.24800137329102,0.24782107770442963
observed_test,v2_2018_493_48h,,34,PCC,A,2.8123631140105907,0.0,0.8582750192055335,0.3643687963485718,1.207450032234192,53.24800137329102,0.27238571643829346
observed_test,v2_2018_493_48h,,34,PCC,B,2.8123631140105907,0.0,0.8582750192055335,0.3643687963485718,1.207450032234192,53.24800137329102,0.27238571643829346
observed_test,v2_2018_493_48h,,34,PCC,C,2.8123631140105907,0.0,0.8582750192055335,0.3643687963485718,1.207450032234192,53.24800137329102,0.27238571643829346
observed_test,v2_2018_493_48h,,35,PCC,A,2.8186348488223607,0.0,0.7286374958661885,0.36136627197265625,1.2125499248504639,53.24800137329102,0.2993454933166504
observed_test,v2_2018_493_48h,,35,PCC,B,2.8186348488223607,0.0,0.7286374958661885,0.36136627197265625,1.2125499248504639,53.24800137329102,0.2993454933166504
observed_test,v2_2018_493_48h,,35,PCC,C,2.8186348488223607,0.0,0.7286374958661885,0.36136627197265625,1.2125499248504639,53.24800137329102,0.2993454933166504
observed_test,v2_2018_493_48h,,36,PCC,A,3.0931371572221074,0.0,0.8265666663646698,0.5383059978485107,1.215250015258789,53.24800137329102,0.3172948658466339
observed_test,v2_2018_493_48h,,36,PCC,B,3.0931371572221074,0.0,0.8265666663646698,0.5383059978485107,1.215250015258789,53.24800137329102,0.3172948658466339
observed_test,v2_2018_493_48h,,36,PCC,C,3.0931371572221074,0.0,0.8265666663646698,0.5383059978485107,1.215250015258789,53.24800137329102,0.3172948658466339
observed_test,v2_2018_493_48h,,37,PCC,A,3.1936791278902064,0.0,1.0726999778013961,0.6031783223152161,1.2160749435424805,53.24800137329102,0.3176347613334656
observed_test,v2_2018_493_48h,,37,PCC,B,3.1936791278902064,0.0,1.0726999778013961,0.6031783223152161,1.2160749435424805,53.24800137329102,0.3176347613334656
observed_test,v2_2018_493_48h,,37,PCC,C,3.1936791278902064,0.0,1.0726999778013961,0.6031783223152161,1.2160749435424805,53.24800137329102,0.3176347613334656
observed_test,v2_2018_493_48h,,38,PCC,A,3.287348810277637,0.0,0.8142000207534202,0.6654155254364014,1.2157000303268433,53.24800137329102,0.30647626519203186
observed_test,v2_2018_493_48h,,38,PCC,B,3.287348810277637,0.0,0.8142000207534202,0.6654155254364014,1.2157000303268433,53.24800137329102,0.30647626519203186
observed_test,v2_2018_493_48h,,38,PCC,C,3.287348810277637,0.0,0.8142000207534202,0.6654155254364014,1.2157000303268433,53.24800137329102,0.30647626519203186
observed_test,v2_2018_493_48h,,39,PCC,A,3.061292079987163,0.0,0.751354144169734,0.5210045576095581,1.2128499746322632,53.24800137329102,0.28549402952194214
observed_test,v2_2018_493_48h,,39,PCC,B,3.061292079987163,0.0,0.751354144169734,0.5210045576095581,1.2128499746322632,53.24800137329102,0.28549402952194214
observed_test,v2_2018_493_48h,,39,PCC,C,3.061292079987163,0.0,0.751354144169734,0.5210045576095581,1.2128499746322632,53.24800137329102,0.28549402952194214
observed_test,v2_2018_493_48h,,40,PCC,A,3.114462494524774,0.0,0.47527915583207053,0.5631123185157776,1.2083499431610107,53.24800137329102,0.2766748368740082
observed_test,v2_2018_493_48h,,40,PCC,B,3.114462494524774,0.0,0.47527915583207053,0.5631123185157776,1.2083499431610107,53.24800137329102,0.2766748368740082
observed_test,v2_2018_493_48h,,40,PCC,C,3.114462494524774,0.0,0.47527915583207053,0.5631123185157776,1.2083499431610107,53.24800137329102,0.2766748368740082
observed_test,v2_2018_493_48h,,41,PCC,A,3.0302891772179184,0.0,0.18225833773612976,0.5185338854789734,1.2010749578475952,53.24800137329102,0.2770940661430359
observed_test,v2_2018_493_48h,,41,PCC,B,3.0302891772179184,0.0,0.18225833773612976,0.5185338854789734,1.2010749578475952,53.24800137329102,0.2770940661430359
observed_test,v2_2018_493_48h,,41,PCC,C,3.0302891772179184,0.0,0.18225833773612976,0.5185338854789734,1.2010749578475952,53.24800137329102,0.2770940661430359
observed_test,v2_2018_493_48h,,42,PCC,A,2.9917418625654535,0.0,0.006070833366650801,0.501911997795105,1.1951500177383423,121.88174847412108,0.2801923453807831
observed_test,v2_2018_493_48h,,42,PCC,B,2.9917418625654535,0.0,0.006070833366650801,0.501911997795105,1.1951500177383423,121.88174847412108,0.2801923453807831
observed_test,v2_2018_493_48h,,42,PCC,C,2.9917418625654535,0.0,0.006070833366650801,0.501911997795105,1.1951500177383423,121.88174847412108,0.2801923453807831
observed_test,v2_2018_493_48h,,43,PCC,A,3.0828851185529893,0.0,0.0,0.5692486763000488,1.1911749839782715,121.88174847412108,0.286238431930542
observed_test,v2_2018_493_48h,,43,PCC,B,3.0828851185529893,0.0,0.0,0.5692486763000488,1.1911749839782715,121.88174847412108,0.286238431930542
observed_test,v2_2018_493_48h,,43,PCC,C,3.0828851185529893,0.0,0.0,0.5692486763000488,1.1911749839782715,121.88174847412108,0.286238431930542
observed_test,v2_2018_493_48h,,44,PCC,A,2.913636470125372,0.0,0.0,0.458400696516037,1.1892999410629272,121.88174847412108,0.28883904218673706
observed_test,v2_2018_493_48h,,44,PCC,B,2.913636470125372,0.0,0.0,0.458400696516037,1.1892999410629272,121.88174847412108,0.28883904218673706
observed_test,v2_2018_493_48h,,44,PCC,C,2.913636470125372,0.0,0.0,0.458400696516037,1.1892999410629272,121.88174847412108,0.28883904218673706
observed_test,v2_2018_493_48h,,45,PCC,A,2.820555679411015,0.0,0.0,0.39928483963012695,1.186900019645691,53.24800137329102,0.2975204885005951
observed_test,v2_2018_493_48h,,45,PCC,B,2.820555679411015,0.0,0.0,0.39928483963012695,1.186900019645691,53.24800137329102,0.2975204885005951
observed_test,v2_2018_493_48h,,45,PCC,C,2.820555679411015,0.0,0.0,0.39928483963012695,1.186900019645691,53.24800137329102,0.2975204885005951
observed_test,v2_2018_493_48h,,46,PCC,A,2.7625267625816576,0.0,0.0,0.3637107312679291,1.1844249963760376,53.24800137329102,0.3060232102870941
observed_test,v2_2018_493_48h,,46,PCC,B,2.7625267625816576,0.0,0.0,0.3637107312679291,1.1844249963760376,53.24800137329102,0.3060232102870941
observed_test,v2_2018_493_48h,,46,PCC,C,2.7625267625816576,0.0,0.0,0.3637107312679291,1.1844249963760376,53.24800137329102,0.3060232102870941
observed_test,v2_2018_493_48h,,47,PCC,A,2.7317395940817257,0.0,0.0,0.34759950637817383,1.1811249256134033,53.24800137329102,0.30275729298591614
observed_test,v2_2018_493_48h,,47,PCC,B,2.7317395940817257,0.0,0.0,0.34759950637817383,1.1811249256134033,53.24800137329102,0.30275729298591614
observed_test,v2_2018_493_48h,,47,PCC,C,2.7317395940817257,0.0,0.0,0.34759950637817383,1.1811249256134033,53.24800137329102,0.30275729298591614
observed_test,v2_2018_455_48h,,0,PCC,A,2.668322925389583,0.0,0.0,0.29431068897247314,1.1886249780654907,53.24800137329102,0.34276068210601807
observed_test,v2_2018_455_48h,,0,PCC,B,2.668322925389583,0.0,0.0,0.29431068897247314,1.1886249780654907,53.24800137329102,0.34276068210601807
observed_test,v2_2018_455_48h,,0,PCC,C,2.668322925389583,0.0,0.0,0.29431068897247314,1.1886249780654907,53.24800137329102,0.34276068210601807
observed_test,v2_2018_455_48h,,1,PCC,A,2.6973891636743104,0.0,0.0,0.3179371654987335,1.1856999397277832,34.72425106811524,0.33996203541755676
observed_test,v2_2018_455_48h,,1,PCC,B,2.6973891636743104,0.0,0.0,0.3179371654987335,1.1856999397277832,34.72425106811524,0.33996203541755676
observed_test,v2_2018_455_48h,,1,PCC,C,2.6973891636743104,0.0,0.0,0.3179371654987335,1.1856999397277832,34.72425106811524,0.33996203541755676
observed_test,v2_2018_455_48h,,2,PCC,A,2.553105306628417,0.0,0.0,0.2232462614774704,1.183674931526184,34.72425106811524,0.3366945683956146
observed_test,v2_2018_455_48h,,2,PCC,B,2.553105306628417,0.0,0.0,0.2232462614774704,1.183674931526184,34.72425106811524,0.3366945683956146
observed_test,v2_2018_455_48h,,2,PCC,C,2.553105306628417,0.0,0.0,0.2232462614774704,1.183674931526184,34.72425106811524,0.3366945683956146
observed_test,v2_2018_455_48h,,3,PCC,A,2.6082447687065944,0.0,0.0,0.2633455991744995,1.1815749406814575,34.72425106811524,0.34762367606163025
observed_test,v2_2018_455_48h,,3,PCC,B,2.6082447687065944,0.0,0.0,0.2633455991744995,1.1815749406814575,34.72425106811524,0.34762367606163025
observed_test,v2_2018_455_48h,,3,PCC,C,2.6082447687065944,0.0,0.0,0.2633455991744995,1.1815749406814575,34.72425106811524,0.34762367606163025
observed_test,v2_2018_455_48h,,4,PCC,A,2.670233986673992,0.0,0.0,0.3060445785522461,1.1810499429702759,34.72425106811524,0.3358742594718933
observed_test,v2_2018_455_48h,,4,PCC,B,2.670233986673992,0.0,0.0,0.3060445785522461,1.1810499429702759,34.72425106811524,0.3358742594718933
observed_test,v2_2018_455_48h,,4,PCC,C,2.670233986673992,0.0,0.0,0.3060445785522461,1.1810499429702759,34.72425106811524,0.3358742594718933
observed_test,v2_2018_455_48h,,5,PCC,A,2.6454051410114494,0.0,0.000945833296729968,0.2850128710269928,1.1841249465942383,34.72425106811524,0.30183544754981995
observed_test,v2_2018_455_48h,,5,PCC,B,2.6454051410114494,0.0,0.000945833296729968,0.2850128710269928,1.1841249465942383,34.72425106811524,0.30183544754981995
observed_test,v2_2018_455_48h,,5,PCC,C,2.6454051410114494,0.0,0.000945833296729968,0.2850128710269928,1.1841249465942383,34.72425106811524,0.30183544754981995
observed_test,v2_2018_455_48h,,6,PCC,A,2.8512487052239606,0.0,0.03732500167993399,0.4131304621696472,1.1915500164031982,53.24800137329102,0.2928365170955658
observed_test,v2_2018_455_48h,,6,PCC,B,2.8512487052239606,0.0,0.03732500167993399,0.4131304621696472,1.1915500164031982,53.24800137329102,0.2928365170955658
observed_test,v2_2018_455_48h,,6,PCC,C,2.8512487052239606,0.0,0.03732500167993399,0.4131304621696472,1.1915500164031982,53.24800137329102,0.2928365170955658
observed_test,v2_2018_455_48h,,7,PCC,A,3.1340406920066433,0.0,0.1915499997826723,0.5887197852134705,1.2003999948501587,53.24800137329102,0.2831554710865021
observed_test,v2_2018_455_48h,,7,PCC,B,3.1340406920066433,0.0,0.1915499997826723,0.5887197852134705,1.2003999948501587,53.24800137329102,0.2831554710865021
observed_test,v2_2018_455_48h,,7,PCC,C,3.1340406920066433,0.0,0.1915499997826723,0.5887197852134705,1.2003999948501587,53.24800137329102,0.2831554710865021
observed_test,v2_2018_455_48h,,8,PCC,A,2.8943122550919256,0.0,0.4467083284488091,0.41616514325141907,1.2091749906539917,53.24800137329102,0.27899616956710815
observed_test,v2_2018_455_48h,,8,PCC,B,2.8943122550919256,0.0,0.4467083284488091,0.41616514325141907,1.2091749906539917,53.24800137329102,0.27899616956710815
observed_test,v2_2018_455_48h,,8,PCC,C,2.8943122550919256,0.0,0.4467083284488091,0.41616514325141907,1.2091749906539917,53.24800137329102,0.27899616956710815
observed_test,v2_2018_455_48h,,9,PCC,A,3.0587683215307755,0.0,0.6951500016909379,0.5137431621551514,1.2165249586105347,53.24800137329102,0.28237292170524597
observed_test,v2_2018_455_48h,,9,PCC,B,3.0587683215307755,0.0,0.6951500016909379,0.5137431621551514,1.2165249586105347,53.24800137329102,0.28237292170524597
observed_test,v2_2018_455_48h,,9,PCC,C,3.0587683215307755,0.0,0.6951500016909379,0.5137431621551514,1.2165249586105347,53.24800137329102,0.28237292170524597
observed_test,v2_2018_455_48h,,10,PCC,A,2.8433991319017244,0.0,0.8370625285001901,0.3643687963485718,1.2220749855041504,53.24800137329102,0.29163238406181335
observed_test,v2_2018_455_48h,,10,PCC,B,2.8433991319017244,0.0,0.8370625285001901,0.3643687963485718,1.2220749855041504,53.24800137329102,0.29163238406181335
observed_test,v2_2018_455_48h,,10,PCC,C,2.8433991319017244,0.0,0.8370625285001901,0.3643687963485718,1.2220749855041504,53.24800137329102,0.29163238406181335
observed_test,v2_2018_455_48h,,11,PCC,A,2.8434199028745297,0.0,0.8834583254960866,0.36136627197265625,1.2242499589920044,53.24800137329102,0.3122522830963135
observed_test,v2_2018_455_48h,,11,PCC,B,2.8434199028745297,0.0,0.8834583254960866,0.36136627197265625,1.2242499589920044,53.24800137329102,0.3122522830963135
observed_test,v2_2018_455_48h,,11,PCC,C,2.8434199028745297,0.0,0.8834583254960866,0.36136627197265625,1.2242499589920044,53.24800137329102,0.3122522830963135
observed_test,v2_2018_455_48h,,12,PCC,A,3.1170006140276407,0.0,0.9930333265891441,0.5383059978485107,1.225450038909912,53.24800137329102,0.3309154510498047
observed_test,v2_2018_455_48h,,12,PCC,B,3.1170006140276407,0.0,0.9930333265891441,0.5383059978485107,1.225450038909912,53.24800137329102,0.3309154510498047
observed_test,v2_2018_455_48h,,12,PCC,C,3.1170006140276407,0.0,0.9930333265891441,0.5383059978485107,1.225450038909912,53.24800137329102,0.3309154510498047
observed_test,v2_2018_455_48h,,13,PCC,A,3.21836970875057,0.0,0.9853875407805809,0.6031783223152161,1.2262749671936035,53.24800137329102,0.3257731795310974
observed_test,v2_2018_455_48h,,13,PCC,B,3.21836970875057,0.0,0.9853875407805809,0.6031783223152161,1.2262749671936035,53.24800137329102,0.3257731795310974
observed_test,v2_2018_455_48h,,13,PCC,C,3.21836970875057,0.0,0.9853875407805809,0.6031783223152161,1.2262749671936035,53.24800137329102,0.3257731795310974
observed_test,v2_2018_455_48h,,14,PCC,A,3.3139569533606092,0.0,0.8003333440193763,0.6654155254364014,1.226349949836731,53.24800137329102,0.31888633966445923
observed_test,v2_2018_455_48h,,14,PCC,B,3.3139569533606092,0.0,0.8003333440193763,0.6654155254364014,1.226349949836731,53.24800137329102,0.31888633966445923
observed_test,v2_2018_455_48h,,14,PCC,C,3.3139569533606092,0.0,0.8003333440193763,0.6654155254364014,1.226349949836731,53.24800137329102,0.31888633966445923
observed_test,v2_2018_455_48h,,15,PCC,A,3.0898025586606637,0.0,0.7359416438983036,0.5210045576095581,1.2251499891281128,53.24800137329102,0.3320882022380829
observed_test,v2_2018_455_48h,,15,PCC,B,3.0898025586606637,0.0,0.7359416438983036,0.5210045576095581,1.2251499891281128,53.24800137329102,0.3320882022380829
observed_test,v2_2018_455_48h,,15,PCC,C,3.0898025586606637,0.0,0.7359416438983036,0.5210045576095581,1.2251499891281128,53.24800137329102,0.3320882022380829
observed_test,v2_2018_455_48h,,16,PCC,A,3.1512653536191055,0.0,0.5880374747973222,0.5631123185157776,1.2238749265670776,53.24800137329102,0.3351948857307434
observed_test,v2_2018_455_48h,,16,PCC,B,3.1512653536191055,0.0,0.5880374747973222,0.5631123185157776,1.2238749265670776,53.24800137329102,0.3351948857307434
observed_test,v2_2018_455_48h,,16,PCC,C,3.1512653536191055,0.0,0.5880374747973222,0.5631123185157776,1.2238749265670776,53.24800137329102,0.3351948857307434
observed_test,v2_2018_455_48h,,17,PCC,A,3.0749077632927744,0.0,0.33685415983200073,0.5185338854789734,1.2203500270843506,53.24800137329102,0.339530885219574
observed_test,v2_2018_455_48h,,17,PCC,B,3.0749077632927744,0.0,0.33685415983200073,0.5185338854789734,1.2203500270843506,53.24800137329102,0.339530885219574
observed_test,v2_2018_455_48h,,17,PCC,C,3.0749077632927744,0.0,0.33685415983200073,0.5185338854789734,1.2203500270843506,53.24800137329102,0.339530885219574
observed_test,v2_2018_455_48h,,18,PCC,A,3.0383684391182526,0.0,0.10193333459588196,0.501911997795105,1.2154749631881714,121.88174847412108,0.3364403545856476
observed_test,v2_2018_455_48h,,18,PCC,B,3.0383684391182526,0.0,0.10193333459588196,0.501911997795105,1.2154749631881714,121.88174847412108,0.3364403545856476
observed_test,v2_2018_455_48h,,18,PCC,C,3.0383684391182526,0.0,0.10193333459588196,0.501911997795105,1.2154749631881714,121.88174847412108,0.3364403545856476
observed_test,v2_2018_455_48h,,19,PCC,A,3.1176665847819294,0.0,0.011920833136313235,0.5692486763000488,1.20579993724823,121.88174847412108,0.34987059235572815
observed_test,v2_2018_455_48h,,19,PCC,B,3.1176665847819294,0.0,0.011920833136313235,0.5692486763000488,1.20579993724823,121.88174847412108,0.34987059235572815
observed_test,v2_2018_455_48h,,19,PCC,C,3.1176665847819294,0.0,0.011920833136313235,0.5692486763000488,1.20579993724823,121.88174847412108,0.34987059235572815
observed_test,v2_2018_455_48h,,20,PCC,A,2.9408485409168406,0.0,0.0,0.458400696516037,1.201449990272522,121.88174847412108,0.36810052394866943
observed_test,v2_2018_455_48h,,20,PCC,B,2.9408485409168406,0.0,0.0,0.458400696516037,1.201449990272522,121.88174847412108,0.36810052394866943
observed_test,v2_2018_455_48h,,20,PCC,C,2.9408485409168406,0.0,0.0,0.458400696516037,1.201449990272522,121.88174847412108,0.36810052394866943
observed_test,v2_2018_455_48h,,21,PCC,A,2.8444332195089004,0.0,0.0,0.39928483963012695,1.1979249715805054,53.24800137329102,0.3760484457015991
observed_test,v2_2018_455_48h,,21,PCC,B,2.8444332195089004,0.0,0.0,0.39928483963012695,1.1979249715805054,53.24800137329102,0.3760484457015991
observed_test,v2_2018_455_48h,,21,PCC,C,2.8444332195089004,0.0,0.0,0.39928483963012695,1.1979249715805054,53.24800137329102,0.3760484457015991
observed_test,v2_2018_455_48h,,22,PCC,A,2.785754988074187,0.0,0.0,0.3637107312679291,1.1953749656677246,53.24800137329102,0.37326011061668396
observed_test,v2_2018_455_48h,,22,PCC,B,2.785754988074187,0.0,0.0,0.3637107312679291,1.1953749656677246,53.24800137329102,0.37326011061668396
observed_test,v2_2018_455_48h,,22,PCC,C,2.785754988074187,0.0,0.0,0.3637107312679291,1.1953749656677246,53.24800137329102,0.37326011061668396
observed_test,v2_2018_455_48h,,23,PCC,A,2.756796212030219,0.0,0.0,0.34759950637817383,1.1930500268936157,53.24800137329102,0.36769899725914
observed_test,v2_2018_455_48h,,23,PCC,B,2.756796212030219,0.0,0.0,0.34759950637817383,1.1930500268936157,53.24800137329102,0.36769899725914
observed_test,v2_2018_455_48h,,23,PCC,C,2.756796212030219,0.0,0.0,0.34759950637817383,1.1930500268936157,53.24800137329102,0.36769899725914
observed_test,v2_2018_455_48h,,24,PCC,A,2.669238505808915,0.0,0.0,0.29431068897247314,1.189074993133545,53.24800137329102,0.37295687198638916
observed_test,v2_2018_455_48h,,24,PCC,B,2.669238505808915,0.0,0.0,0.29431068897247314,1.189074993133545,53.24800137329102,0.37295687198638916
observed_test,v2_2018_455_48h,,24,PCC,C,2.669238505808915,0.0,0.0,0.29431068897247314,1.189074993133545,53.24800137329102,0.37295687198638916
observed_test,v2_2018_455_48h,,25,PCC,A,2.696460292916926,0.0,0.0,0.3179371654987335,1.185249924659729,34.72425106811524,0.36424681544303894
observed_test,v2_2018_455_48h,,25,PCC,B,2.696460292916926,0.0,0.0,0.3179371654987335,1.185249924659729,34.72425106811524,0.36424681544303894
observed_test,v2_2018_455_48h,,25,PCC,C,2.696460292916926,0.0,0.0,0.3179371654987335,1.185249924659729,34.72425106811524,0.36424681544303894
observed_test,v2_2018_455_48h,,26,PCC,A,2.550040803911363,0.0,0.0,0.2232462614774704,1.1820999383926392,34.72425106811524,0.36309880018234253
observed_test,v2_2018_455_48h,,26,PCC,B,2.550040803911363,0.0,0.0,0.2232462614774704,1.1820999383926392,34.72425106811524,0.36309880018234253
observed_test,v2_2018_455_48h,,26,PCC,C,2.550040803911363,0.0,0.0,0.2232462614774704,1.1820999383926392,34.72425106811524,0.36309880018234253
observed_test,v2_2018_455_48h,,27,PCC,A,2.6046523587379298,0.0,0.0,0.2633455991744995,1.1797749996185303,34.72425106811524,0.36774942278862
observed_test,v2_2018_455_48h,,27,PCC,B,2.6046523587379298,0.0,0.0,0.2633455991744995,1.1797749996185303,34.72425106811524,0.36774942278862
observed_test,v2_2018_455_48h,,27,PCC,C,2.6046523587379298,0.0,0.0,0.2633455991744995,1.1797749996185303,34.72425106811524,0.36774942278862
observed_test,v2_2018_455_48h,,28,PCC,A,2.6674676881006483,0.0,0.0,0.3060445785522461,1.1797000169754028,34.72425106811524,0.36273154616355896
observed_test,v2_2018_455_48h,,28,PCC,B,2.6674676881006483,0.0,0.0,0.3060445785522461,1.1797000169754028,34.72425106811524,0.36273154616355896
observed_test,v2_2018_455_48h,,28,PCC,C,2.6674676881006483,0.0,0.0,0.3060445785522461,1.1797000169754028,34.72425106811524,0.36273154616355896
observed_test,v2_2018_455_48h,,29,PCC,A,2.648439561366034,0.0,0.007087500013697606,0.2850128710269928,1.1856249570846558,34.72425106811524,0.3521607518196106
observed_test,v2_2018_455_48h,,29,PCC,B,2.648439561366034,0.0,0.007087500013697606,0.2850128710269928,1.1856249570846558,34.72425106811524,0.3521607518196106
observed_test,v2_2018_455_48h,,29,PCC,C,2.648439561366034,0.0,0.007087500013697606,0.2850128710269928,1.1856249570846558,34.72425106811524,0.3521607518196106
observed_test,v2_2018_455_48h,,30,PCC,A,2.8682766901714563,0.0,0.09211250222646272,0.4131304621696472,1.1993499994277954,53.24800137329102,0.32330453395843506
observed_test,v2_2018_455_48h,,30,PCC,B,2.8682766901714563,0.0,0.09211250222646272,0.4131304621696472,1.1993499994277954,53.24800137329102,0.32330453395843506
observed_test,v2_2018_455_48h,,30,PCC,C,2.8682766901714563,0.0,0.09211250222646272,0.4131304621696472,1.1993499994277954,53.24800137329102,0.32330453395843506
observed_test,v2_2018_455_48h,,31,PCC,A,3.174944370271616,0.0,0.3229791728349832,0.5887197852134705,1.217424988746643,53.24800137329102,0.3190268874168396
observed_test,v2_2018_455_48h,,31,PCC,B,3.174944370271616,0.0,0.3229791728349832,0.5887197852134705,1.217424988746643,53.24800137329102,0.3190268874168396
observed_test,v2_2018_455_48h,,31,PCC,C,3.174944370271616,0.0,0.3229791728349832,0.5887197852134705,1.217424988746643,53.24800137329102,0.3190268874168396
observed_test,v2_2018_455_48h,,32,PCC,A,2.9451570191130703,0.0,0.6059333108938657,0.41616514325141907,1.2324249744415283,53.24800137329102,0.31302687525749207
observed_test,v2_2018_455_48h,,32,PCC,B,2.9451570191130703,0.0,0.6059333108938657,0.41616514325141907,1.2324249744415283,53.24800137329102,0.31302687525749207
observed_test,v2_2018_455_48h,,32,PCC,C,2.9451570191130703,0.0,0.6059333108938657,0.41616514325141907,1.2324249744415283,53.24800137329102,0.31302687525749207
observed_test,v2_2018_455_48h,,33,PCC,A,3.1150466206630654,0.0,0.8317708395994625,0.5137431621551514,1.2409000396728516,53.24800137329102,0.3080359697341919
observed_test,v2_2018_455_48h,,33,PCC,B,3.1150466206630654,0.0,0.8317708395994625,0.5137431621551514,1.2409000396728516,53.24800137329102,0.3080359697341919
observed_test,v2_2018_455_48h,,33,PCC,C,3.1150466206630654,0.0,0.8317708395994625,0.5137431621551514,1.2409000396728516,53.24800137329102,0.3080359697341919
observed_test,v2_2018_455_48h,,34,PCC,A,2.898468249209041,0.0,0.93189999461174,0.3643687963485718,1.2480249404907227,53.24800137329102,0.31461378931999207
observed_test,v2_2018_455_48h,,34,PCC,B,2.898468249209041,0.0,0.93189999461174,0.3643687963485718,1.2480249404907227,53.24800137329102,0.31461378931999207
observed_test,v2_2018_455_48h,,34,PCC,C,2.898468249209041,0.0,0.93189999461174,0.3643687963485718,1.2480249404907227,53.24800137329102,0.31461378931999207
observed_test,v2_2018_455_48h,,35,PCC,A,2.906017777018557,0.0,1.0434457888970008,0.36136627197265625,1.2537999153137207,53.24800137329102,0.3251783847808838
observed_test,v2_2018_455_48h,,35,PCC,B,2.906017777018557,0.0,1.0434457888970008,0.36136627197265625,1.2537999153137207,53.24800137329102,0.3251783847808838
observed_test,v2_2018_455_48h,,35,PCC,C,2.906017777018557,0.0,1.0434457888970008,0.36136627197265625,1.2537999153137207,53.24800137329102,0.3251783847808838
observed_test,v2_2018_455_48h,,36,PCC,A,3.1926263305771863,0.0,1.0718416709166305,0.5383059978485107,1.2577749490737915,53.24800137329102,0.32520467042922974
observed_test,v2_2018_455_48h,,36,PCC,B,3.1926263305771863,0.0,1.0718416709166305,0.5383059978485107,1.2577749490737915,53.24800137329102,0.32520467042922974
observed_test,v2_2018_455_48h,,36,PCC,C,3.1926263305771863,0.0,1.0718416709166305,0.5383059978485107,1.2577749490737915,53.24800137329102,0.32520467042922974
observed_test,v2_2018_455_48h,,37,PCC,A,3.300429444639319,0.0,1.0088583597770102,0.6031783223152161,1.2601749897003174,53.24800137329102,0.31682246923446655
observed_test,v2_2018_455_48h,,37,PCC,B,3.300429444639319,0.0,1.0088583597770102,0.6031783223152161,1.2601749897003174,53.24800137329102,0.31682246923446655
observed_test,v2_2018_455_48h,,37,PCC,C,3.300429444639319,0.0,1.0088583597770102,0.6031783223152161,1.2601749897003174,53.24800137329102,0.31682246923446655
observed_test,v2_2018_455_48h,,38,PCC,A,3.397904337283881,0.0,0.9389291589076701,0.6654155254364014,1.2599499225616455,53.24800137329102,0.30711761116981506
observed_test,v2_2018_455_48h,,38,PCC,B,3.397904337283881,0.0,0.9389291589076701,0.6654155254364014,1.2599499225616455,53.24800137329102,0.30711761116981506
observed_test,v2_2018_455_48h,,38,PCC,C,3.397904337283881,0.0,0.9389291589076701,0.6654155254364014,1.2599499225616455,53.24800137329102,0.30711761116981506
observed_test,v2_2018_455_48h,,39,PCC,A,3.1645556632059075,0.0,0.8456291487583747,0.5210045576095581,1.2574000358581543,53.24800137329102,0.30297839641571045
observed_test,v2_2018_455_48h,,39,PCC,B,3.1645556632059075,0.0,0.8456291487583747,0.5210045576095581,1.2574000358581543,53.24800137329102,0.30297839641571045
observed_test,v2_2018_455_48h,,39,PCC,C,3.1645556632059075,0.0,0.8456291487583747,0.5210045576095581,1.2574000358581543,53.24800137329102,0.30297839641571045
observed_test,v2_2018_455_48h,,40,PCC,A,3.2170483483394516,0.0,0.615929181759174,0.5631123185157776,1.2516249418258667,53.24800137329102,0.31344354152679443
observed_test,v2_2018_455_48h,,40,PCC,B,3.2170483483394516,0.0,0.615929181759174,0.5631123185157776,1.2516249418258667,53.24800137329102,0.31344354152679443
observed_test,v2_2018_455_48h,,40,PCC,C,3.2170483483394516,0.0,0.615929181759174,0.5631123185157776,1.2516249418258667,53.24800137329102,0.31344354152679443
observed_test,v2_2018_455_48h,,41,PCC,A,3.125255341491497,0.0,0.3414083272218704,0.5185338854789734,1.2421000003814697,53.24800137329102,0.32317930459976196
observed_test,v2_2018_455_48h,,41,PCC,B,3.125255341491497,0.0,0.3414083272218704,0.5185338854789734,1.2421000003814697,53.24800137329102,0.32317930459976196
observed_test,v2_2018_455_48h,,41,PCC,C,3.125255341491497,0.0,0.3414083272218704,0.5185338854789734,1.2421000003814697,53.24800137329102,0.32317930459976196
observed_test,v2_2018_455_48h,,42,PCC,A,3.076392379753789,0.0,0.1019666687800334,0.501911997795105,1.2320499420166016,121.88174847412108,0.33190372586250305
observed_test,v2_2018_455_48h,,42,PCC,B,3.076392379753789,0.0,0.1019666687800334,0.501911997795105,1.2320499420166016,121.88174847412108,0.33190372586250305
observed_test,v2_2018_455_48h,,42,PCC,C,3.076392379753789,0.0,0.1019666687800334,0.501911997795105,1.2320499420166016,121.88174847412108,0.33190372586250305
observed_test,v2_2018_455_48h,,43,PCC,A,3.1301525082936528,0.0,0.01122083317918273,0.5692486763000488,1.211050033569336,121.88174847412108,0.35107919573783875
observed_test,v2_2018_455_48h,,43,PCC,B,3.1301525082936528,0.0,0.01122083317918273,0.5692486763000488,1.211050033569336,121.88174847412108,0.35107919573783875
observed_test,v2_2018_455_48h,,43,PCC,C,3.1301525082936528,0.0,0.01122083317918273,0.5692486763000488,1.211050033569336,121.88174847412108,0.35107919573783875
observed_test,v2_2018_455_48h,,44,PCC,A,2.9463917701879745,0.0,0.0,0.458400696516037,1.2039250135421753,121.88174847412108,0.3593016564846039
observed_test,v2_2018_455_48h,,44,PCC,B,2.9463917701879745,0.0,0.0,0.458400696516037,1.2039250135421753,121.88174847412108,0.3593016564846039
observed_test,v2_2018_455_48h,,44,PCC,C,2.9463917701879745,0.0,0.0,0.458400696516037,1.2039250135421753,121.88174847412108,0.3593016564846039
observed_test,v2_2018_455_48h,,45,PCC,A,2.8449204055969233,0.0,0.0,0.39928483963012695,1.1981499195098877,53.24800137329102,0.36071404814720154
observed_test,v2_2018_455_48h,,45,PCC,B,2.8449204055969233,0.0,0.0,0.39928483963012695,1.1981499195098877,53.24800137329102,0.36071404814720154
observed_test,v2_2018_455_48h,,45,PCC,C,2.8449204055969233,0.0,0.0,0.39928483963012695,1.1981499195098877,53.24800137329102,0.36071404814720154
observed_test,v2_2018_455_48h,,46,PCC,A,2.779709403328121,0.0,0.0,0.3637107312679291,1.192525029182434,53.24800137329102,0.3595772385597229
observed_test,v2_2018_455_48h,,46,PCC,B,2.779709403328121,0.0,0.0,0.3637107312679291,1.192525029182434,53.24800137329102,0.3595772385597229
observed_test,v2_2018_455_48h,,46,PCC,C,2.779709403328121,0.0,0.0,0.3637107312679291,1.192525029182434,53.24800137329102,0.3595772385597229
observed_test,v2_2018_455_48h,,47,PCC,A,2.74529223493082,0.0,0.0,0.34759950637817383,1.1875749826431274,53.24800137329102,0.3599590063095093
observed_test,v2_2018_455_48h,,47,PCC,B,2.74529223493082,0.0,0.0,0.34759950637817383,1.1875749826431274,53.24800137329102,0.3599590063095093
observed_test,v2_2018_455_48h,,47,PCC,C,2.74529223493082,0.0,0.0,0.34759950637817383,1.1875749826431274,53.24800137329102,0.3599590063095093
dfl_generated,dfl_evaluation_00,0.19858039915561676,0,PCC,A,2.605095148086548,0.0,1.1991882047368563e-06,0.29431068897247314,1.158077359199524,53.24800109863281,0.29517748951911926
dfl_generated,dfl_evaluation_00,0.19858039915561676,0,PCC,B,2.6035194396972656,0.0,2.001989543032323e-07,0.29431068897247314,1.158077359199524,53.24800109863281,0.29517748951911926
dfl_generated,dfl_evaluation_00,0.19858039915561676,0,PCC,C,2.6061408519744873,0.0,1.5614721178280888e-06,0.29431068897247314,1.158077359199524,53.24800109863281,0.29517748951911926
dfl_generated,dfl_evaluation_00,0.19858039915561676,1,PCC,A,2.6384406089782715,0.0,5.241516191745177e-06,0.3179371654987335,1.1573206186294556,53.24800109863281,0.2992866337299347
dfl_generated,dfl_evaluation_00,0.19858039915561676,1,PCC,B,2.6377835273742676,0.0,0.0,0.3179371654987335,1.1573206186294556,53.24800109863281,0.2992866337299347
dfl_generated,dfl_evaluation_00,0.19858039915561676,1,PCC,C,2.6366870403289795,0.0,2.70956252279575e-06,0.3179371654987335,1.1573206186294556,53.24800109863281,0.2992866337299347
dfl_generated,dfl_evaluation_00,0.19858039915561676,2,PCC,A,2.4998886585235596,0.0,0.0,0.2232462614774704,1.1560477018356323,53.24800109863281,0.29904016852378845
dfl_generated,dfl_evaluation_00,0.19858039915561676,2,PCC,B,2.4959161281585693,0.0,4.697916665463708e-06,0.2232462614774704,1.1560477018356323,53.24800109863281,0.29904016852378845
dfl_generated,dfl_evaluation_00,0.19858039915561676,2,PCC,C,2.499850273132324,0.0,5.302393219608348e-06,0.2232462614774704,1.1560477018356323,53.24800109863281,0.29904016852378845
dfl_generated,dfl_evaluation_00,0.19858039915561676,3,PCC,A,2.553388833999634,0.0,3.3646224437688943e-06,0.2633455991744995,1.1552685499191284,53.24800109863281,0.2996843457221985
dfl_generated,dfl_evaluation_00,0.19858039915561676,3,PCC,B,2.5539662837982178,0.0,3.1061597383086337e-06,0.2633455991744995,1.1552685499191284,53.24800109863281,0.2996843457221985
dfl_generated,dfl_evaluation_00,0.19858039915561676,3,PCC,C,2.5547354221343994,0.0,0.0,0.2633455991744995,1.1552685499191284,53.24800109863281,0.2996843457221985
dfl_generated,dfl_evaluation_00,0.19858039915561676,4,PCC,A,2.6165688037872314,0.0,2.327226056308973e-08,0.3060445785522461,1.1535171270370483,53.24800109863281,0.28912317752838135
dfl_generated,dfl_evaluation_00,0.19858039915561676,4,PCC,B,2.6156389713287354,0.0,1.4469375173575827e-06,0.3060445785522461,1.1535171270370483,53.24800109863281,0.28912317752838135
dfl_generated,dfl_evaluation_00,0.19858039915561676,4,PCC,C,2.6152334213256836,0.0,0.0,0.3060445785522461,1.1535171270370483,53.24800109863281,0.28912317752838135
dfl_generated,dfl_evaluation_00,0.19858039915561676,5,PCC,A,2.587669849395752,0.0,0.001630503567866981,0.2850128710269928,1.155149221420288,53.24800109863281,0.2833351492881775
dfl_generated,dfl_evaluation_00,0.19858039915561676,5,PCC,B,2.5879437923431396,0.0,0.0017353715375065804,0.2850128710269928,1.155149221420288,53.24800109863281,0.2833351492881775
dfl_generated,dfl_evaluation_00,0.19858039915561676,5,PCC,C,2.5852959156036377,0.0,0.0011506525333970785,0.2850128710269928,1.155149221420288,53.24800109863281,0.2833351492881775
dfl_generated,dfl_evaluation_00,0.19858039915561676,6,PCC,A,2.7767176628112793,0.0,0.03205694258213043,0.4131304621696472,1.1567727327346802,53.24800109863281,0.2666131556034088
dfl_generated,dfl_evaluation_00,0.19858039915561676,6,PCC,B,2.7784199714660645,0.0,0.02753400057554245,0.4131304621696472,1.1567727327346802,53.24800109863281,0.2666131556034088
dfl_generated,dfl_evaluation_00,0.19858039915561676,6,PCC,C,2.778864622116089,0.0,0.028653791174292564,0.4131304621696472,1.1567727327346802,53.24800109863281,0.2666131556034088
dfl_generated,dfl_evaluation_00,0.19858039915561676,7,PCC,A,3.047231674194336,0.0,0.17080113291740417,0.5887197852134705,1.1638351678848267,53.24800109863281,0.25833672285079956
dfl_generated,dfl_evaluation_00,0.19858039915561676,7,PCC,B,3.0405049324035645,0.0,0.1909644603729248,0.5887197852134705,1.1638351678848267,53.24800109863281,0.25833672285079956
dfl_generated,dfl_evaluation_00,0.19858039915561676,7,PCC,C,3.0459699630737305,0.0,0.17689763009548187,0.5887197852134705,1.1638351678848267,53.24800109863281,0.25833672285079956
dfl_generated,dfl_evaluation_00,0.19858039915561676,8,PCC,A,2.8030385971069336,0.0,0.4374014139175415,0.41616514325141907,1.1664313077926636,53.24800109863281,0.2505633533000946
dfl_generated,dfl_evaluation_00,0.19858039915561676,8,PCC,B,2.8032169342041016,0.0,0.4506944417953491,0.41616514325141907,1.1664313077926636,53.24800109863281,0.2505633533000946
dfl_generated,dfl_evaluation_00,0.19858039915561676,8,PCC,C,2.807994842529297,0.0,0.4338063895702362,0.41616514325141907,1.1664313077926636,53.24800109863281,0.2505633533000946
dfl_generated,dfl_evaluation_00,0.19858039915561676,9,PCC,A,2.9636998176574707,0.0,0.6457067728042603,0.5137431621551514,1.1731538772583008,53.24800109863281,0.21176837384700775
dfl_generated,dfl_evaluation_00,0.19858039915561676,9,PCC,B,2.958552122116089,0.0,0.7030178904533386,0.5137431621551514,1.1731538772583008,53.24800109863281,0.21176837384700775
dfl_generated,dfl_evaluation_00,0.19858039915561676,9,PCC,C,2.9586493968963623,0.0,0.6737584471702576,0.5137431621551514,1.1731538772583008,53.24800109863281,0.21176837384700775
dfl_generated,dfl_evaluation_00,0.19858039915561676,10,PCC,A,2.7459301948547363,0.0,0.8274520635604858,0.3643687963485718,1.1799389123916626,53.24800109863281,0.2560078799724579
dfl_generated,dfl_evaluation_00,0.19858039915561676,10,PCC,B,2.7421679496765137,0.0,0.8295472860336304,0.3643687963485718,1.1799389123916626,53.24800109863281,0.2560078799724579
dfl_generated,dfl_evaluation_00,0.19858039915561676,10,PCC,C,2.747030735015869,0.0,0.7787398099899292,0.3643687963485718,1.1799389123916626,53.24800109863281,0.2560078799724579
dfl_generated,dfl_evaluation_00,0.19858039915561676,11,PCC,A,2.756619453430176,0.0,0.8747480511665344,0.36136627197265625,1.1824908256530762,53.24800109863281,0.26909926533699036
dfl_generated,dfl_evaluation_00,0.19858039915561676,11,PCC,B,2.741563320159912,0.0,0.8504424095153809,0.36136627197265625,1.1824908256530762,53.24800109863281,0.26909926533699036
dfl_generated,dfl_evaluation_00,0.19858039915561676,11,PCC,C,2.7488298416137695,0.0,0.891574501991272,0.36136627197265625,1.1824908256530762,53.24800109863281,0.26909926533699036
dfl_generated,dfl_evaluation_00,0.19858039915561676,12,PCC,A,3.013716220855713,0.0,0.886163592338562,0.5383059978485107,1.186147689819336,53.24800109863281,0.2693467438220978
dfl_generated,dfl_evaluation_00,0.19858039915561676,12,PCC,B,3.02195143699646,0.0,0.9028565883636475,0.5383059978485107,1.186147689819336,53.24800109863281,0.2693467438220978
dfl_generated,dfl_evaluation_00,0.19858039915561676,12,PCC,C,3.023402214050293,0.0,0.8654440641403198,0.5383059978485107,1.186147689819336,53.24800109863281,0.2693467438220978
dfl_generated,dfl_evaluation_00,0.19858039915561676,13,PCC,A,3.1281135082244873,0.0,0.9017412662506104,0.6031783223152161,1.1872446537017822,53.24800109863281,0.2743825316429138
dfl_generated,dfl_evaluation_00,0.19858039915561676,13,PCC,B,3.1254193782806396,0.0,0.9002314209938049,0.6031783223152161,1.1872446537017822,53.24800109863281,0.2743825316429138
dfl_generated,dfl_evaluation_00,0.19858039915561676,13,PCC,C,3.1232714653015137,0.0,0.9138376712799072,0.6031783223152161,1.1872446537017822,53.24800109863281,0.2743825316429138
dfl_generated,dfl_evaluation_00,0.19858039915561676,14,PCC,A,3.2047863006591797,0.0,0.8111233711242676,0.6654155254364014,1.1891446113586426,53.24800109863281,0.27245891094207764
dfl_generated,dfl_evaluation_00,0.19858039915561676,14,PCC,B,3.2107350826263428,0.0,0.7886489629745483,0.6654155254364014,1.1891446113586426,53.24800109863281,0.27245891094207764
dfl_generated,dfl_evaluation_00,0.19858039915561676,14,PCC,C,3.2033560276031494,0.0,0.7658476829528809,0.6654155254364014,1.1891446113586426,53.24800109863281,0.27245891094207764
dfl_generated,dfl_evaluation_00,0.19858039915561676,15,PCC,A,2.993898868560791,0.0,0.64068603515625,0.5210045576095581,1.1848570108413696,53.24800109863281,0.2678433954715729
dfl_generated,dfl_evaluation_00,0.19858039915561676,15,PCC,B,2.9910781383514404,0.0,0.6354880928993225,0.5210045576095581,1.1848570108413696,53.24800109863281,0.2678433954715729
dfl_generated,dfl_evaluation_00,0.19858039915561676,15,PCC,C,2.9900434017181396,0.0,0.6158159971237183,0.5210045576095581,1.1848570108413696,53.24800109863281,0.2678433954715729
dfl_generated,dfl_evaluation_00,0.19858039915561676,16,PCC,A,3.047279119491577,0.0,0.41384202241897583,0.5631123185157776,1.1832903623580933,53.24800109863281,0.26436057686805725
dfl_generated,dfl_evaluation_00,0.19858039915561676,16,PCC,B,3.0492067337036133,0.0,0.4187221825122833,0.5631123185157776,1.1832903623580933,53.24800109863281,0.26436057686805725
dfl_generated,dfl_evaluation_00,0.19858039915561676,16,PCC,C,3.0368847846984863,0.0,0.40511035919189453,0.5631123185157776,1.1832903623580933,53.24800109863281,0.26436057686805725
dfl_generated,dfl_evaluation_00,0.19858039915561676,17,PCC,A,2.9812064170837402,0.0,0.16655705869197845,0.5185338854789734,1.1776920557022095,53.24800109863281,0.2671803832054138
dfl_generated,dfl_evaluation_00,0.19858039915561676,17,PCC,B,2.965160846710205,0.0,0.15846115350723267,0.5185338854789734,1.1776920557022095,53.24800109863281,0.2671803832054138
dfl_generated,dfl_evaluation_00,0.19858039915561676,17,PCC,C,2.968557119369507,0.0,0.14299437403678894,0.5185338854789734,1.1776920557022095,53.24800109863281,0.2671803832054138
dfl_generated,dfl_evaluation_00,0.19858039915561676,18,PCC,A,2.933854818344116,0.0,0.030077148228883743,0.501911997795105,1.170196771621704,53.24800109863281,0.26369917392730713
dfl_generated,dfl_evaluation_00,0.19858039915561676,18,PCC,B,2.9386656284332275,0.0,0.028923310339450836,0.501911997795105,1.170196771621704,53.24800109863281,0.26369917392730713
dfl_generated,dfl_evaluation_00,0.19858039915561676,18,PCC,C,2.93805193901062,0.0,0.03051271289587021,0.501911997795105,1.170196771621704,53.24800109863281,0.26369917392730713
dfl_generated,dfl_evaluation_00,0.19858039915561676,19,PCC,A,3.021125316619873,0.0,0.0011368801351636648,0.5692486763000488,1.163806438446045,53.24800109863281,0.26067501306533813
dfl_generated,dfl_evaluation_00,0.19858039915561676,19,PCC,B,3.013063430786133,0.0,0.0015111782122403383,0.5692486763000488,1.163806438446045,53.24800109863281,0.26067501306533813
dfl_generated,dfl_evaluation_00,0.19858039915561676,19,PCC,C,3.0187761783599854,0.0,0.0011026248103007674,0.5692486763000488,1.163806438446045,53.24800109863281,0.26067501306533813
dfl_generated,dfl_evaluation_00,0.19858039915561676,20,PCC,A,2.853071928024292,0.0,1.3216131264925934e-06,0.458400696516037,1.1632362604141235,53.24800109863281,0.2729892432689667
dfl_generated,dfl_evaluation_00,0.19858039915561676,20,PCC,B,2.8555655479431152,0.0,0.0,0.458400696516037,1.1632362604141235,53.24800109863281,0.2729892432689667
dfl_generated,dfl_evaluation_00,0.19858039915561676,20,PCC,C,2.8559935092926025,0.0,6.924606736902206e-07,0.458400696516037,1.1632362604141235,53.24800109863281,0.2729892432689667
dfl_generated,dfl_evaluation_00,0.19858039915561676,21,PCC,A,2.767874002456665,0.0,0.0,0.39928483963012695,1.1601669788360596,53.24800109863281,0.274783730506897
dfl_generated,dfl_evaluation_00,0.19858039915561676,21,PCC,B,2.763607978820801,0.0,0.0,0.39928483963012695,1.1601669788360596,53.24800109863281,0.274783730506897
dfl_generated,dfl_evaluation_00,0.19858039915561676,21,PCC,C,2.7578125,0.0,0.0,0.39928483963012695,1.1601669788360596,53.24800109863281,0.274783730506897
dfl_generated,dfl_evaluation_00,0.19858039915561676,22,PCC,A,2.7111754417419434,0.0,0.0,0.3637107312679291,1.159371018409729,53.24800109863281,0.2826858162879944
dfl_generated,dfl_evaluation_00,0.19858039915561676,22,PCC,B,2.710198402404785,0.0,1.2446082564565586e-06,0.3637107312679291,1.159371018409729,53.24800109863281,0.2826858162879944
dfl_generated,dfl_evaluation_00,0.19858039915561676,22,PCC,C,2.7069051265716553,0.0,3.660663196569658e-06,0.3637107312679291,1.159371018409729,53.24800109863281,0.2826858162879944
dfl_generated,dfl_evaluation_00,0.19858039915561676,23,PCC,A,2.6832449436187744,0.0,0.0,0.34759950637817383,1.1591802835464478,53.24800109863281,0.2894417643547058
dfl_generated,dfl_evaluation_00,0.19858039915561676,23,PCC,B,2.6847546100616455,0.0,0.0,0.34759950637817383,1.1591802835464478,53.24800109863281,0.2894417643547058
dfl_generated,dfl_evaluation_00,0.19858039915561676,23,PCC,C,2.6849453449249268,0.0,5.876855539099779e-06,0.34759950637817383,1.1591802835464478,53.24800109863281,0.2894417643547058
dfl_generated,dfl_evaluation_00,0.19858039915561676,24,PCC,A,2.6038448810577393,0.0,3.171121306877467e-06,0.29431068897247314,1.1577707529067993,53.24800109863281,0.2920205891132355
dfl_generated,dfl_evaluation_00,0.19858039915561676,24,PCC,B,2.603682518005371,0.0,4.7356857635350025e-07,0.29431068897247314,1.1577707529067993,53.24800109863281,0.2920205891132355
dfl_generated,dfl_evaluation_00,0.19858039915561676,24,PCC,C,2.60461688041687,0.0,2.023121169258957e-06,0.29431068897247314,1.1577707529067993,53.24800109863281,0.2920205891132355
dfl_generated,dfl_evaluation_00,0.19858039915561676,25,PCC,A,2.6389236450195312,0.0,1.9797998618287238e-07,0.3179371654987335,1.1569554805755615,53.24800109863281,0.2961285412311554
dfl_generated,dfl_evaluation_00,0.19858039915561676,25,PCC,B,2.6360905170440674,0.0,0.0,0.3179371654987335,1.1569554805755615,53.24800109863281,0.2961285412311554
dfl_generated,dfl_evaluation_00,0.19858039915561676,25,PCC,C,2.636713981628418,0.0,2.8979825401620474e-06,0.3179371654987335,1.1569554805755615,53.24800109863281,0.2961285412311554
dfl_generated,dfl_evaluation_00,0.19858039915561676,26,PCC,A,2.4994280338287354,0.0,6.898926130816108e-06,0.2232462614774704,1.1572853326797485,53.24800109863281,0.3010963201522827
dfl_generated,dfl_evaluation_00,0.19858039915561676,26,PCC,B,2.4986674785614014,0.0,0.0,0.2232462614774704,1.1572853326797485,53.24800109863281,0.3010963201522827
dfl_generated,dfl_evaluation_00,0.19858039915561676,26,PCC,C,2.496131420135498,0.0,7.607303587064962e-08,0.2232462614774704,1.1572853326797485,53.24800109863281,0.3010963201522827
dfl_generated,dfl_evaluation_00,0.19858039915561676,27,PCC,A,2.5541439056396484,0.0,1.2965950872967369e-06,0.2633455991744995,1.1545403003692627,53.24800109863281,0.29644975066185
dfl_generated,dfl_evaluation_00,0.19858039915561676,27,PCC,B,2.5548293590545654,0.0,0.0,0.2633455991744995,1.1545403003692627,53.24800109863281,0.29644975066185
dfl_generated,dfl_evaluation_00,0.19858039915561676,27,PCC,C,2.5561330318450928,0.0,0.0,0.2633455991744995,1.1545403003692627,53.24800109863281,0.29644975066185
dfl_generated,dfl_evaluation_00,0.19858039915561676,28,PCC,A,2.6140339374542236,0.0,4.3583090700849425e-06,0.3060445785522461,1.1540638208389282,53.24800109863281,0.2796981632709503
dfl_generated,dfl_evaluation_00,0.19858039915561676,28,PCC,B,2.6134371757507324,0.0,7.405835731333354e-07,0.3060445785522461,1.1540638208389282,53.24800109863281,0.2796981632709503
dfl_generated,dfl_evaluation_00,0.19858039915561676,28,PCC,C,2.616305112838745,0.0,0.0,0.3060445785522461,1.1540638208389282,53.24800109863281,0.2796981632709503
dfl_generated,dfl_evaluation_00,0.19858039915561676,29,PCC,A,2.5861003398895264,0.0,0.0013658436946570873,0.2850128710269928,1.1545677185058594,53.24800109863281,0.2701490819454193
dfl_generated,dfl_evaluation_00,0.19858039915561676,29,PCC,B,2.5866405963897705,0.0,0.0018356478540226817,0.2850128710269928,1.1545677185058594,53.24800109863281,0.2701490819454193
dfl_generated,dfl_evaluation_00,0.19858039915561676,29,PCC,C,2.5869297981262207,0.0,0.00155842665117234,0.2850128710269928,1.1545677185058594,53.24800109863281,0.2701490819454193
dfl_generated,dfl_evaluation_00,0.19858039915561676,30,PCC,A,2.7745440006256104,0.0,0.029800811782479286,0.4131304621696472,1.1578930616378784,53.24800109863281,0.2592974603176117
dfl_generated,dfl_evaluation_00,0.19858039915561676,30,PCC,B,2.7767510414123535,0.0,0.029522620141506195,0.4131304621696472,1.1578930616378784,53.24800109863281,0.2592974603176117
dfl_generated,dfl_evaluation_00,0.19858039915561676,30,PCC,C,2.775879383087158,0.0,0.031224651262164116,0.4131304621696472,1.1578930616378784,53.24800109863281,0.2592974603176117
dfl_generated,dfl_evaluation_00,0.19858039915561676,31,PCC,A,3.044504404067993,0.0,0.1900639683008194,0.5887197852134705,1.162104845046997,53.24800109863281,0.25647109746932983
dfl_generated,dfl_evaluation_00,0.19858039915561676,31,PCC,B,3.0424916744232178,0.0,0.19289572536945343,0.5887197852134705,1.162104845046997,53.24800109863281,0.25647109746932983
dfl_generated,dfl_evaluation_00,0.19858039915561676,31,PCC,C,3.0423600673675537,0.0,0.18293575942516327,0.5887197852134705,1.162104845046997,53.24800109863281,0.25647109746932983
dfl_generated,dfl_evaluation_00,0.19858039915561676,32,PCC,A,2.7965316772460938,0.0,0.4675000011920929,0.41616514325141907,1.171663522720337,53.24800109863281,0.24553492665290833
dfl_generated,dfl_evaluation_00,0.19858039915561676,32,PCC,B,2.8040833473205566,0.0,0.45238620042800903,0.41616514325141907,1.171663522720337,53.24800109863281,0.24553492665290833
dfl_generated,dfl_evaluation_00,0.19858039915561676,32,PCC,C,2.805328130722046,0.0,0.45480138063430786,0.41616514325141907,1.171663522720337,53.24800109863281,0.24553492665290833
dfl_generated,dfl_evaluation_00,0.19858039915561676,33,PCC,A,2.9637327194213867,0.0,0.7058210372924805,0.5137431621551514,1.171983003616333,53.24800109863281,0.2490522563457489
dfl_generated,dfl_evaluation_00,0.19858039915561676,33,PCC,B,2.957127094268799,0.0,0.6819878220558167,0.5137431621551514,1.171983003616333,53.24800109863281,0.2490522563457489
dfl_generated,dfl_evaluation_00,0.19858039915561676,33,PCC,C,2.9687411785125732,0.0,0.6640506386756897,0.5137431621551514,1.171983003616333,53.24800109863281,0.2490522563457489
dfl_generated,dfl_evaluation_00,0.19858039915561676,34,PCC,A,2.747304677963257,0.0,0.808800458908081,0.3643687963485718,1.1780625581741333,53.24800109863281,0.2636229693889618
dfl_generated,dfl_evaluation_00,0.19858039915561676,34,PCC,B,2.7497129440307617,0.0,0.7920867800712585,0.3643687963485718,1.1780625581741333,53.24800109863281,0.2636229693889618
dfl_generated,dfl_evaluation_00,0.19858039915561676,34,PCC,C,2.750241994857788,0.0,0.8514583706855774,0.3643687963485718,1.1780625581741333,53.24800109863281,0.2636229693889618
dfl_generated,dfl_evaluation_00,0.19858039915561676,35,PCC,A,2.746680974960327,0.0,0.9374268054962158,0.36136627197265625,1.1800131797790527,53.24800109863281,0.2658609449863434
dfl_generated,dfl_evaluation_00,0.19858039915561676,35,PCC,B,2.752263069152832,0.0,0.8848059773445129,0.36136627197265625,1.1800131797790527,53.24800109863281,0.2658609449863434
dfl_generated,dfl_evaluation_00,0.19858039915561676,35,PCC,C,2.7582967281341553,0.0,0.9113269448280334,0.36136627197265625,1.1800131797790527,53.24800109863281,0.2658609449863434
dfl_generated,dfl_evaluation_00,0.19858039915561676,36,PCC,A,3.024815320968628,0.0,0.9732460975646973,0.5383059978485107,1.1817615032196045,53.24800109863281,0.27617374062538147
dfl_generated,dfl_evaluation_00,0.19858039915561676,36,PCC,B,3.0282819271087646,0.0,0.9209858775138855,0.5383059978485107,1.1817615032196045,53.24800109863281,0.27617374062538147
dfl_generated,dfl_evaluation_00,0.19858039915561676,36,PCC,C,3.0217483043670654,0.0,0.9547014236450195,0.5383059978485107,1.1817615032196045,53.24800109863281,0.27617374062538147
dfl_generated,dfl_evaluation_00,0.19858039915561676,37,PCC,A,3.1274056434631348,0.0,0.9209501147270203,0.6031783223152161,1.1860402822494507,53.24800109863281,0.27836477756500244
dfl_generated,dfl_evaluation_00,0.19858039915561676,37,PCC,B,3.1251397132873535,0.0,0.9074836373329163,0.6031783223152161,1.1860402822494507,53.24800109863281,0.27836477756500244
dfl_generated,dfl_evaluation_00,0.19858039915561676,37,PCC,C,3.123147964477539,0.0,0.9210043549537659,0.6031783223152161,1.1860402822494507,53.24800109863281,0.27836477756500244
dfl_generated,dfl_evaluation_00,0.19858039915561676,38,PCC,A,3.209721088409424,0.0,0.7987299561500549,0.6654155254364014,1.1875174045562744,53.24800109863281,0.2707349956035614
dfl_generated,dfl_evaluation_00,0.19858039915561676,38,PCC,B,3.204336404800415,0.0,0.8113328814506531,0.6654155254364014,1.1875174045562744,53.24800109863281,0.2707349956035614
dfl_generated,dfl_evaluation_00,0.19858039915561676,38,PCC,C,3.2149810791015625,0.0,0.8423109650611877,0.6654155254364014,1.1875174045562744,53.24800109863281,0.2707349956035614
dfl_generated,dfl_evaluation_00,0.19858039915561676,39,PCC,A,2.9843733310699463,0.0,0.6532718539237976,0.5210045576095581,1.1845091581344604,53.24800109863281,0.2654847502708435
dfl_generated,dfl_evaluation_00,0.19858039915561676,39,PCC,B,2.9892632961273193,0.0,0.6253951787948608,0.5210045576095581,1.1845091581344604,53.24800109863281,0.2654847502708435
dfl_generated,dfl_evaluation_00,0.19858039915561676,39,PCC,C,2.989122152328491,0.0,0.6724543571472168,0.5210045576095581,1.1845091581344604,53.24800109863281,0.2654847502708435
dfl_generated,dfl_evaluation_00,0.19858039915561676,40,PCC,A,3.0579850673675537,0.0,0.4123169481754303,0.5631123185157776,1.1810945272445679,53.24800109863281,0.26679861545562744
dfl_generated,dfl_evaluation_00,0.19858039915561676,40,PCC,B,3.042233467102051,0.0,0.40629029273986816,0.5631123185157776,1.1810945272445679,53.24800109863281,0.26679861545562744
dfl_generated,dfl_evaluation_00,0.19858039915561676,40,PCC,C,3.045903205871582,0.0,0.4326398968696594,0.5631123185157776,1.1810945272445679,53.24800109863281,0.26679861545562744
dfl_generated,dfl_evaluation_00,0.19858039915561676,41,PCC,A,2.9709417819976807,0.0,0.15951624512672424,0.5185338854789734,1.1728055477142334,53.24800109863281,0.2721039354801178
dfl_generated,dfl_evaluation_00,0.19858039915561676,41,PCC,B,2.9791388511657715,0.0,0.15243205428123474,0.5185338854789734,1.1728055477142334,53.24800109863281,0.2721039354801178
dfl_generated,dfl_evaluation_00,0.19858039915561676,41,PCC,C,2.983597755432129,0.0,0.16469700634479523,0.5185338854789734,1.1728055477142334,53.24800109863281,0.2721039354801178
dfl_generated,dfl_evaluation_00,0.19858039915561676,42,PCC,A,2.9370133876800537,0.0,0.028402389958500862,0.501911997795105,1.1722079515457153,53.24800109863281,0.26272711157798767
dfl_generated,dfl_evaluation_00,0.19858039915561676,42,PCC,B,2.929948329925537,0.0,0.03329949080944061,0.501911997795105,1.1722079515457153,53.24800109863281,0.26272711157798767
dfl_generated,dfl_evaluation_00,0.19858039915561676,42,PCC,C,2.9321415424346924,0.0,0.031438346952199936,0.501911997795105,1.1722079515457153,53.24800109863281,0.26272711157798767
dfl_generated,dfl_evaluation_00,0.19858039915561676,43,PCC,A,3.02308988571167,0.0,0.0009355888469144702,0.5692486763000488,1.1643990278244019,53.24800109863281,0.2693862318992615
dfl_generated,dfl_evaluation_00,0.19858039915561676,43,PCC,B,3.0247809886932373,0.0,0.0013952450826764107,0.5692486763000488,1.1643990278244019,53.24800109863281,0.2693862318992615
dfl_generated,dfl_evaluation_00,0.19858039915561676,43,PCC,C,3.021723985671997,0.0,0.0014420343795791268,0.5692486763000488,1.1643990278244019,53.24800109863281,0.2693862318992615
dfl_generated,dfl_evaluation_00,0.19858039915561676,44,PCC,A,2.850923776626587,0.0,0.0,0.458400696516037,1.1630083322525024,53.24800109863281,0.26830098032951355
dfl_generated,dfl_evaluation_00,0.19858039915561676,44,PCC,B,2.8543038368225098,0.0,0.0,0.458400696516037,1.1630083322525024,53.24800109863281,0.26830098032951355
dfl_generated,dfl_evaluation_00,0.19858039915561676,44,PCC,C,2.8524553775787354,0.0,0.0,0.458400696516037,1.1630083322525024,53.24800109863281,0.26830098032951355
dfl_generated,dfl_evaluation_00,0.19858039915561676,45,PCC,A,2.765249490737915,0.0,1.8029204511549324e-06,0.39928483963012695,1.1600910425186157,53.24800109863281,0.27538001537323
dfl_generated,dfl_evaluation_00,0.19858039915561676,45,PCC,B,2.7643685340881348,0.0,4.3976574488624465e-06,0.39928483963012695,1.1600910425186157,53.24800109863281,0.27538001537323
dfl_generated,dfl_evaluation_00,0.19858039915561676,45,PCC,C,2.7678987979888916,0.0,3.794291615122347e-06,0.39928483963012695,1.1600910425186157,53.24800109863281,0.27538001537323
dfl_generated,dfl_evaluation_00,0.19858039915561676,46,PCC,A,2.708622694015503,0.0,5.534815954888472e-06,0.3637107312679291,1.1609019041061401,53.24800109863281,0.2821406424045563
dfl_generated,dfl_evaluation_00,0.19858039915561676,46,PCC,B,2.711625814437866,0.0,0.0,0.3637107312679291,1.1609019041061401,53.24800109863281,0.2821406424045563
dfl_generated,dfl_evaluation_00,0.19858039915561676,46,PCC,C,2.709667444229126,0.0,0.0,0.3637107312679291,1.1609019041061401,53.24800109863281,0.2821406424045563
dfl_generated,dfl_evaluation_00,0.19858039915561676,47,PCC,A,2.6838626861572266,0.0,2.0561610654112883e-06,0.34759950637817383,1.1589404344558716,53.24800109863281,0.29055044054985046
dfl_generated,dfl_evaluation_00,0.19858039915561676,47,PCC,B,2.681320905685425,0.0,1.3143553587724455e-06,0.34759950637817383,1.1589404344558716,53.24800109863281,0.29055044054985046
dfl_generated,dfl_evaluation_00,0.19858039915561676,47,PCC,C,2.6809463500976562,0.0,3.0127282570902025e-06,0.34759950637817383,1.1589404344558716,53.24800109863281,0.29055044054985046
dfl_generated,dfl_evaluation_01,0.0023659924045205116,0,PCC,A,2.6052818298339844,0.0,3.1925610528560355e-06,0.29431068897247314,1.156655192375183,53.24800109863281,0.28861358761787415
dfl_generated,dfl_evaluation_01,0.0023659924045205116,0,PCC,B,2.6005170345306396,0.0,5.73181694107916e-07,0.29431068897247314,1.156655192375183,53.24800109863281,0.28861358761787415
dfl_generated,dfl_evaluation_01,0.0023659924045205116,0,PCC,C,2.5997772216796875,0.0,0.0,0.29431068897247314,1.156655192375183,53.24800109863281,0.28861358761787415
dfl_generated,dfl_evaluation_01,0.0023659924045205116,1,PCC,A,2.6338095664978027,0.0,2.653859532131264e-08,0.3179371654987335,1.1550980806350708,34.72425079345703,0.3038747310638428
dfl_generated,dfl_evaluation_01,0.0023659924045205116,1,PCC,B,2.635420322418213,0.0,2.6559323487163056e-06,0.3179371654987335,1.1550980806350708,34.72425079345703,0.3038747310638428
dfl_generated,dfl_evaluation_01,0.0023659924045205116,1,PCC,C,2.635554790496826,0.0,0.0,0.3179371654987335,1.1550980806350708,34.72425079345703,0.3038747310638428
dfl_generated,dfl_evaluation_01,0.0023659924045205116,2,PCC,A,2.497509002685547,0.0,4.821534957955009e-07,0.2232462614774704,1.154294729232788,34.72425079345703,0.30273890495300293
dfl_generated,dfl_evaluation_01,0.0023659924045205116,2,PCC,B,2.4955174922943115,0.0,4.4634684854827356e-06,0.2232462614774704,1.154294729232788,34.72425079345703,0.30273890495300293
dfl_generated,dfl_evaluation_01,0.0023659924045205116,2,PCC,C,2.497915267944336,0.0,8.573407285439316e-06,0.2232462614774704,1.154294729232788,34.72425079345703,0.30273890495300293
dfl_generated,dfl_evaluation_01,0.0023659924045205116,3,PCC,A,2.5526280403137207,0.0,1.0869540290059376e-07,0.2633455991744995,1.1536107063293457,53.24800109863281,0.29186907410621643
dfl_generated,dfl_evaluation_01,0.0023659924045205116,3,PCC,B,2.5531516075134277,0.0,0.0,0.2633455991744995,1.1536107063293457,53.24800109863281,0.29186907410621643
dfl_generated,dfl_evaluation_01,0.0023659924045205116,3,PCC,C,2.5537989139556885,0.0,1.3981459687784081e-06,0.2633455991744995,1.1536107063293457,53.24800109863281,0.29186907410621643
dfl_generated,dfl_evaluation_01,0.0023659924045205116,4,PCC,A,2.6124494075775146,0.0,3.2383054531237576e-06,0.3060445785522461,1.153374195098877,53.24800109863281,0.2834957540035248
dfl_generated,dfl_evaluation_01,0.0023659924045205116,4,PCC,B,2.613706588745117,0.0,0.0,0.3060445785522461,1.153374195098877,53.24800109863281,0.2834957540035248
dfl_generated,dfl_evaluation_01,0.0023659924045205116,4,PCC,C,2.6131370067596436,0.0,1.1817211316156317e-06,0.3060445785522461,1.153374195098877,53.24800109863281,0.2834957540035248
dfl_generated,dfl_evaluation_01,0.0023659924045205116,5,PCC,A,2.583916187286377,0.0,0.0015385736478492618,0.2850128710269928,1.1541210412979126,53.24800109863281,0.26981085538864136
dfl_generated,dfl_evaluation_01,0.0023659924045205116,5,PCC,B,2.5853495597839355,0.0,0.0012018854031339288,0.2850128710269928,1.1541210412979126,53.24800109863281,0.26981085538864136
dfl_generated,dfl_evaluation_01,0.0023659924045205116,5,PCC,C,2.583571672439575,0.0,0.0011665429919958115,0.2850128710269928,1.1541210412979126,53.24800109863281,0.26981085538864136
dfl_generated,dfl_evaluation_01,0.0023659924045205116,6,PCC,A,2.7734804153442383,0.0,0.030102789402008057,0.4131304621696472,1.1562554836273193,121.88175201416016,0.256481796503067
dfl_generated,dfl_evaluation_01,0.0023659924045205116,6,PCC,B,2.775036573410034,0.0,0.03334622457623482,0.4131304621696472,1.1562554836273193,121.88175201416016,0.256481796503067
dfl_generated,dfl_evaluation_01,0.0023659924045205116,6,PCC,C,2.7763280868530273,0.0,0.028509946539998055,0.4131304621696472,1.1562554836273193,121.88175201416016,0.256481796503067
dfl_generated,dfl_evaluation_01,0.0023659924045205116,7,PCC,A,3.041325092315674,0.0,0.16906192898750305,0.5887197852134705,1.1605814695358276,121.88175201416016,0.2528974711894989
dfl_generated,dfl_evaluation_01,0.0023659924045205116,7,PCC,B,3.0387837886810303,0.0,0.18351168930530548,0.5887197852134705,1.1605814695358276,121.88175201416016,0.2528974711894989
dfl_generated,dfl_evaluation_01,0.0023659924045205116,7,PCC,C,3.040752649307251,0.0,0.16319866478443146,0.5887197852134705,1.1605814695358276,121.88175201416016,0.2528974711894989
dfl_generated,dfl_evaluation_01,0.0023659924045205116,8,PCC,A,2.800764560699463,0.0,0.40222635865211487,0.41616514325141907,1.1654378175735474,121.88175201416016,0.2459266483783722
dfl_generated,dfl_evaluation_01,0.0023659924045205116,8,PCC,B,2.797922134399414,0.0,0.42047157883644104,0.41616514325141907,1.1654378175735474,121.88175201416016,0.2459266483783722
dfl_generated,dfl_evaluation_01,0.0023659924045205116,8,PCC,C,2.79935359954834,0.0,0.41148194670677185,0.41616514325141907,1.1654378175735474,121.88175201416016,0.2459266483783722
dfl_generated,dfl_evaluation_01,0.0023659924045205116,9,PCC,A,2.9539220333099365,0.0,0.6515476703643799,0.5137431621551514,1.1702314615249634,121.88175201416016,0.2406383454799652
dfl_generated,dfl_evaluation_01,0.0023659924045205116,9,PCC,B,2.9558022022247314,0.0,0.6808373332023621,0.5137431621551514,1.1702314615249634,121.88175201416016,0.2406383454799652
dfl_generated,dfl_evaluation_01,0.0023659924045205116,9,PCC,C,2.9535884857177734,0.0,0.6716033816337585,0.5137431621551514,1.1702314615249634,121.88175201416016,0.2406383454799652
dfl_generated,dfl_evaluation_01,0.0023659924045205116,10,PCC,A,2.7401721477508545,0.0,0.8312774896621704,0.3643687963485718,1.1762065887451172,53.24800109863281,0.2580740451812744
dfl_generated,dfl_evaluation_01,0.0023659924045205116,10,PCC,B,2.7353813648223877,0.0,0.8465341329574585,0.3643687963485718,1.1762065887451172,53.24800109863281,0.2580740451812744
dfl_generated,dfl_evaluation_01,0.0023659924045205116,10,PCC,C,2.740522623062134,0.0,0.8277783989906311,0.3643687963485718,1.1762065887451172,53.24800109863281,0.2580740451812744
dfl_generated,dfl_evaluation_01,0.0023659924045205116,11,PCC,A,2.7491986751556396,0.0,0.9202244281768799,0.36136627197265625,1.18178391456604,53.24800109863281,0.2667461037635803
dfl_generated,dfl_evaluation_01,0.0023659924045205116,11,PCC,B,2.7418854236602783,0.0,0.8893364071846008,0.36136627197265625,1.18178391456604,53.24800109863281,0.2667461037635803
dfl_generated,dfl_evaluation_01,0.0023659924045205116,11,PCC,C,2.7508721351623535,0.0,0.8822794556617737,0.36136627197265625,1.18178391456604,53.24800109863281,0.2667461037635803
dfl_generated,dfl_evaluation_01,0.0023659924045205116,12,PCC,A,3.0112462043762207,0.0,0.9207625985145569,0.5383059978485107,1.1751644611358643,34.72425079345703,0.26747989654541016
dfl_generated,dfl_evaluation_01,0.0023659924045205116,12,PCC,B,3.0119597911834717,0.0,0.9188862442970276,0.5383059978485107,1.1751644611358643,34.72425079345703,0.26747989654541016
dfl_generated,dfl_evaluation_01,0.0023659924045205116,12,PCC,C,3.0189945697784424,0.0,0.8926522731781006,0.5383059978485107,1.1751644611358643,34.72425079345703,0.26747989654541016
dfl_generated,dfl_evaluation_01,0.0023659924045205116,13,PCC,A,3.115528106689453,0.0,0.9062828421592712,0.6031783223152161,1.1787197589874268,34.72425079345703,0.2695266902446747
dfl_generated,dfl_evaluation_01,0.0023659924045205116,13,PCC,B,3.113624334335327,0.0,0.9067473411560059,0.6031783223152161,1.1787197589874268,34.72425079345703,0.2695266902446747
dfl_generated,dfl_evaluation_01,0.0023659924045205116,13,PCC,C,3.1097235679626465,0.0,0.8869341015815735,0.6031783223152161,1.1787197589874268,34.72425079345703,0.2695266902446747
dfl_generated,dfl_evaluation_01,0.0023659924045205116,14,PCC,A,3.1982219219207764,0.0,0.8257538676261902,0.6654155254364014,1.1811755895614624,34.72425079345703,0.2636122703552246
dfl_generated,dfl_evaluation_01,0.0023659924045205116,14,PCC,B,3.209198474884033,0.0,0.8086594343185425,0.6654155254364014,1.1811755895614624,34.72425079345703,0.2636122703552246
dfl_generated,dfl_evaluation_01,0.0023659924045205116,14,PCC,C,3.1958394050598145,0.0,0.7891255021095276,0.6654155254364014,1.1811755895614624,34.72425079345703,0.2636122703552246
dfl_generated,dfl_evaluation_01,0.0023659924045205116,15,PCC,A,2.9794185161590576,0.0,0.637467622756958,0.5210045576095581,1.183712363243103,34.72425079345703,0.2664896249771118
dfl_generated,dfl_evaluation_01,0.0023659924045205116,15,PCC,B,2.9768242835998535,0.0,0.606076717376709,0.5210045576095581,1.183712363243103,34.72425079345703,0.2664896249771118
dfl_generated,dfl_evaluation_01,0.0023659924045205116,15,PCC,C,2.986426591873169,0.0,0.6082956790924072,0.5210045576095581,1.183712363243103,34.72425079345703,0.2664896249771118
dfl_generated,dfl_evaluation_01,0.0023659924045205116,16,PCC,A,3.03987979888916,0.0,0.40171003341674805,0.5631123185157776,1.1802748441696167,53.24800109863281,0.2652580142021179
dfl_generated,dfl_evaluation_01,0.0023659924045205116,16,PCC,B,3.046374797821045,0.0,0.38539594411849976,0.5631123185157776,1.1802748441696167,53.24800109863281,0.2652580142021179
dfl_generated,dfl_evaluation_01,0.0023659924045205116,16,PCC,C,3.03456449508667,0.0,0.4092305302619934,0.5631123185157776,1.1802748441696167,53.24800109863281,0.2652580142021179
dfl_generated,dfl_evaluation_01,0.0023659924045205116,17,PCC,A,2.96378493309021,0.0,0.14230182766914368,0.5185338854789734,1.1710625886917114,53.24800109863281,0.25771838426589966
dfl_generated,dfl_evaluation_01,0.0023659924045205116,17,PCC,B,2.9601361751556396,0.0,0.157083660364151,0.5185338854789734,1.1710625886917114,53.24800109863281,0.25771838426589966
dfl_generated,dfl_evaluation_01,0.0023659924045205116,17,PCC,C,2.963113784790039,0.0,0.13865149021148682,0.5185338854789734,1.1710625886917114,53.24800109863281,0.25771838426589966
dfl_generated,dfl_evaluation_01,0.0023659924045205116,18,PCC,A,2.929915189743042,0.0,0.025735341012477875,0.501911997795105,1.1662392616271973,53.24800109863281,0.25694239139556885
dfl_generated,dfl_evaluation_01,0.0023659924045205116,18,PCC,B,2.9210503101348877,0.0,0.03046891652047634,0.501911997795105,1.1662392616271973,53.24800109863281,0.25694239139556885
dfl_generated,dfl_evaluation_01,0.0023659924045205116,18,PCC,C,2.9250614643096924,0.0,0.02724919468164444,0.501911997795105,1.1662392616271973,53.24800109863281,0.25694239139556885
dfl_generated,dfl_evaluation_01,0.0023659924045205116,19,PCC,A,3.012568473815918,0.0,0.0008760179043747485,0.5692486763000488,1.160922646522522,53.24800109863281,0.2590489983558655
dfl_generated,dfl_evaluation_01,0.0023659924045205116,19,PCC,B,3.005967378616333,0.0,0.0015019408892840147,0.5692486763000488,1.160922646522522,53.24800109863281,0.2590489983558655
dfl_generated,dfl_evaluation_01,0.0023659924045205116,19,PCC,C,3.0132551193237305,0.0,0.0009892702801153064,0.5692486763000488,1.160922646522522,53.24800109863281,0.2590489983558655
dfl_generated,dfl_evaluation_01,0.0023659924045205116,20,PCC,A,2.8495500087738037,0.0,0.0,0.458400696516037,1.160537600517273,53.24800109863281,0.26967093348503113
dfl_generated,dfl_evaluation_01,0.0023659924045205116,20,PCC,B,2.850207805633545,0.0,0.0,0.458400696516037,1.160537600517273,53.24800109863281,0.26967093348503113
dfl_generated,dfl_evaluation_01,0.0023659924045205116,20,PCC,C,2.852015733718872,0.0,0.0,0.458400696516037,1.160537600517273,53.24800109863281,0.26967093348503113
dfl_generated,dfl_evaluation_01,0.0023659924045205116,21,PCC,A,2.759986639022827,0.0,1.4351109030030784e-06,0.39928483963012695,1.1602303981781006,53.24800109863281,0.270320862531662
dfl_generated,dfl_evaluation_01,0.0023659924045205116,21,PCC,B,2.7571842670440674,0.0,0.0,0.39928483963012695,1.1602303981781006,53.24800109863281,0.270320862531662
dfl_generated,dfl_evaluation_01,0.0023659924045205116,21,PCC,C,2.7577743530273438,0.0,0.0,0.39928483963012695,1.1602303981781006,53.24800109863281,0.270320862531662
dfl_generated,dfl_evaluation_01,0.0023659924045205116,22,PCC,A,2.7060883045196533,0.0,0.0,0.3637107312679291,1.1574193239212036,53.24800109863281,0.2731254994869232
dfl_generated,dfl_evaluation_01,0.0023659924045205116,22,PCC,B,2.7068698406219482,0.0,0.0,0.3637107312679291,1.1574193239212036,53.24800109863281,0.2731254994869232
dfl_generated,dfl_evaluation_01,0.0023659924045205116,22,PCC,C,2.7065694332122803,0.0,0.0,0.3637107312679291,1.1574193239212036,53.24800109863281,0.2731254994869232
dfl_generated,dfl_evaluation_01,0.0023659924045205116,23,PCC,A,2.6816651821136475,0.0,8.291948461192078e-07,0.34759950637817383,1.1567158699035645,53.24800109863281,0.2827712893486023
dfl_generated,dfl_evaluation_01,0.0023659924045205116,23,PCC,B,2.6815237998962402,0.0,1.2446903383533936e-06,0.34759950637817383,1.1567158699035645,53.24800109863281,0.2827712893486023
dfl_generated,dfl_evaluation_01,0.0023659924045205116,23,PCC,C,2.6778383255004883,0.0,1.0178603133681463e-06,0.34759950637817383,1.1567158699035645,53.24800109863281,0.2827712893486023
dfl_generated,dfl_evaluation_01,0.0023659924045205116,24,PCC,A,2.603276252746582,0.0,2.0622114789148327e-06,0.29431068897247314,1.1553248167037964,53.24800109863281,0.28922200202941895
dfl_generated,dfl_evaluation_01,0.0023659924045205116,24,PCC,B,2.602959156036377,0.0,0.0,0.29431068897247314,1.1553248167037964,53.24800109863281,0.28922200202941895
dfl_generated,dfl_evaluation_01,0.0023659924045205116,24,PCC,C,2.599090814590454,0.0,0.0,0.29431068897247314,1.1553248167037964,53.24800109863281,0.28922200202941895
dfl_generated,dfl_evaluation_01,0.0023659924045205116,25,PCC,A,2.6347880363464355,0.0,0.0,0.3179371654987335,1.1551814079284668,34.72425079345703,0.28916651010513306
dfl_generated,dfl_evaluation_01,0.0023659924045205116,25,PCC,B,2.6356472969055176,0.0,5.037152277509449e-06,0.3179371654987335,1.1551814079284668,34.72425079345703,0.28916651010513306
dfl_generated,dfl_evaluation_01,0.0023659924045205116,25,PCC,C,2.634843349456787,0.0,1.5091345630935393e-06,0.3179371654987335,1.1551814079284668,34.72425079345703,0.28916651010513306
dfl_generated,dfl_evaluation_01,0.0023659924045205116,26,PCC,A,2.4961276054382324,0.0,0.0,0.2232462614774704,1.1547284126281738,34.72425079345703,0.30792587995529175
dfl_generated,dfl_evaluation_01,0.0023659924045205116,26,PCC,B,2.4949731826782227,0.0,3.995958650193643e-06,0.2232462614774704,1.1547284126281738,34.72425079345703,0.30792587995529175
dfl_generated,dfl_evaluation_01,0.0023659924045205116,26,PCC,C,2.4947235584259033,0.0,6.306249247245432e-07,0.2232462614774704,1.1547284126281738,34.72425079345703,0.30792587995529175
dfl_generated,dfl_evaluation_01,0.0023659924045205116,27,PCC,A,2.5531492233276367,0.0,6.815000233473256e-06,0.2633455991744995,1.1542402505874634,53.24800109863281,0.2893078923225403
dfl_generated,dfl_evaluation_01,0.0023659924045205116,27,PCC,B,2.552217721939087,0.0,0.0,0.2633455991744995,1.1542402505874634,53.24800109863281,0.2893078923225403
dfl_generated,dfl_evaluation_01,0.0023659924045205116,27,PCC,C,2.554532289505005,0.0,7.3054184213106055e-06,0.2633455991744995,1.1542402505874634,53.24800109863281,0.2893078923225403
dfl_generated,dfl_evaluation_01,0.0023659924045205116,28,PCC,A,2.614637613296509,0.0,2.841186187652056e-06,0.3060445785522461,1.154396414756775,53.24800109863281,0.2759172022342682
dfl_generated,dfl_evaluation_01,0.0023659924045205116,28,PCC,B,2.6125762462615967,0.0,0.0,0.3060445785522461,1.154396414756775,53.24800109863281,0.2759172022342682
dfl_generated,dfl_evaluation_01,0.0023659924045205116,28,PCC,C,2.6136281490325928,0.0,3.965097675973084e-06,0.3060445785522461,1.154396414756775,53.24800109863281,0.2759172022342682
dfl_generated,dfl_evaluation_01,0.0023659924045205116,29,PCC,A,2.5846877098083496,0.0,0.0017265777569264174,0.2850128710269928,1.1529743671417236,53.24800109863281,0.2636643350124359
dfl_generated,dfl_evaluation_01,0.0023659924045205116,29,PCC,B,2.5856499671936035,0.0,0.0019711079075932503,0.2850128710269928,1.1529743671417236,53.24800109863281,0.2636643350124359
dfl_generated,dfl_evaluation_01,0.0023659924045205116,29,PCC,C,2.5829899311065674,0.0,0.0017620227299630642,0.2850128710269928,1.1529743671417236,53.24800109863281,0.2636643350124359
dfl_generated,dfl_evaluation_01,0.0023659924045205116,30,PCC,A,2.7723584175109863,0.0,0.03043462708592415,0.4131304621696472,1.1553789377212524,121.88175201416016,0.25497978925704956
dfl_generated,dfl_evaluation_01,0.0023659924045205116,30,PCC,B,2.7723312377929688,0.0,0.031163791194558144,0.4131304621696472,1.1553789377212524,121.88175201416016,0.25497978925704956
dfl_generated,dfl_evaluation_01,0.0023659924045205116,30,PCC,C,2.77305006980896,0.0,0.030047710984945297,0.4131304621696472,1.1553789377212524,121.88175201416016,0.25497978925704956
dfl_generated,dfl_evaluation_01,0.0023659924045205116,31,PCC,A,3.036473512649536,0.0,0.17296195030212402,0.5887197852134705,1.1595656871795654,121.88175201416016,0.2506648302078247
dfl_generated,dfl_evaluation_01,0.0023659924045205116,31,PCC,B,3.0406837463378906,0.0,0.17208409309387207,0.5887197852134705,1.1595656871795654,121.88175201416016,0.2506648302078247
dfl_generated,dfl_evaluation_01,0.0023659924045205116,31,PCC,C,3.0376431941986084,0.0,0.16515213251113892,0.5887197852134705,1.1595656871795654,121.88175201416016,0.2506648302078247
dfl_generated,dfl_evaluation_01,0.0023659924045205116,32,PCC,A,2.7983920574188232,0.0,0.44242122769355774,0.41616514325141907,1.1632521152496338,121.88175201416016,0.22872962057590485
dfl_generated,dfl_evaluation_01,0.0023659924045205116,32,PCC,B,2.7956795692443848,0.0,0.4375033378601074,0.41616514325141907,1.1632521152496338,121.88175201416016,0.22872962057590485
dfl_generated,dfl_evaluation_01,0.0023659924045205116,32,PCC,C,2.8019232749938965,0.0,0.43437066674232483,0.41616514325141907,1.1632521152496338,121.88175201416016,0.22872962057590485
dfl_generated,dfl_evaluation_01,0.0023659924045205116,33,PCC,A,2.9521069526672363,0.0,0.6948748826980591,0.5137431621551514,1.1682548522949219,121.88175201416016,0.25530657172203064
dfl_generated,dfl_evaluation_01,0.0023659924045205116,33,PCC,B,2.950681209564209,0.0,0.6946315169334412,0.5137431621551514,1.1682548522949219,121.88175201416016,0.25530657172203064
dfl_generated,dfl_evaluation_01,0.0023659924045205116,33,PCC,C,2.9561800956726074,0.0,0.6653887629508972,0.5137431621551514,1.1682548522949219,121.88175201416016,0.25530657172203064
dfl_generated,dfl_evaluation_01,0.0023659924045205116,34,PCC,A,2.747263193130493,0.0,0.8256310224533081,0.3643687963485718,1.170203447341919,53.24800109863281,0.25785374641418457
dfl_generated,dfl_evaluation_01,0.0023659924045205116,34,PCC,B,2.7466185092926025,0.0,0.8283434510231018,0.3643687963485718,1.170203447341919,53.24800109863281,0.25785374641418457
dfl_generated,dfl_evaluation_01,0.0023659924045205116,34,PCC,C,2.74540376663208,0.0,0.8145257234573364,0.3643687963485718,1.170203447341919,53.24800109863281,0.25785374641418457
dfl_generated,dfl_evaluation_01,0.0023659924045205116,35,PCC,A,2.743276596069336,0.0,0.9061669111251831,0.36136627197265625,1.1771068572998047,53.24800109863281,0.2659490704536438
dfl_generated,dfl_evaluation_01,0.0023659924045205116,35,PCC,B,2.7412374019622803,0.0,0.8916825652122498,0.36136627197265625,1.1771068572998047,53.24800109863281,0.2659490704536438
dfl_generated,dfl_evaluation_01,0.0023659924045205116,35,PCC,C,2.751049757003784,0.0,0.9198853969573975,0.36136627197265625,1.1771068572998047,53.24800109863281,0.2659490704536438
dfl_generated,dfl_evaluation_01,0.0023659924045205116,36,PCC,A,3.008274555206299,0.0,0.9553248286247253,0.5383059978485107,1.181814193725586,34.72425079345703,0.2721373736858368
dfl_generated,dfl_evaluation_01,0.0023659924045205116,36,PCC,B,3.013948440551758,0.0,0.9577414989471436,0.5383059978485107,1.181814193725586,34.72425079345703,0.2721373736858368
dfl_generated,dfl_evaluation_01,0.0023659924045205116,36,PCC,C,3.00422739982605,0.0,0.926276683807373,0.5383059978485107,1.181814193725586,34.72425079345703,0.2721373736858368
dfl_generated,dfl_evaluation_01,0.0023659924045205116,37,PCC,A,3.1125688552856445,0.0,0.936505913734436,0.6031783223152161,1.1813421249389648,34.72425079345703,0.2715698480606079
dfl_generated,dfl_evaluation_01,0.0023659924045205116,37,PCC,B,3.1081295013427734,0.0,0.9119970798492432,0.6031783223152161,1.1813421249389648,34.72425079345703,0.2715698480606079
dfl_generated,dfl_evaluation_01,0.0023659924045205116,37,PCC,C,3.1058802604675293,0.0,0.9130358695983887,0.6031783223152161,1.1813421249389648,34.72425079345703,0.2715698480606079
dfl_generated,dfl_evaluation_01,0.0023659924045205116,38,PCC,A,3.191068172454834,0.0,0.7717592120170593,0.6654155254364014,1.1874268054962158,34.72425079345703,0.2706831693649292
dfl_generated,dfl_evaluation_01,0.0023659924045205116,38,PCC,B,3.1986067295074463,0.0,0.7868201732635498,0.6654155254364014,1.1874268054962158,34.72425079345703,0.2706831693649292
dfl_generated,dfl_evaluation_01,0.0023659924045205116,38,PCC,C,3.202371597290039,0.0,0.8186168074607849,0.6654155254364014,1.1874268054962158,34.72425079345703,0.2706831693649292
dfl_generated,dfl_evaluation_01,0.0023659924045205116,39,PCC,A,2.9888510704040527,0.0,0.6366113424301147,0.5210045576095581,1.1772499084472656,34.72425079345703,0.2647115886211395
dfl_generated,dfl_evaluation_01,0.0023659924045205116,39,PCC,B,2.987269639968872,0.0,0.6595647931098938,0.5210045576095581,1.1772499084472656,34.72425079345703,0.2647115886211395
dfl_generated,dfl_evaluation_01,0.0023659924045205116,39,PCC,C,2.974809408187866,0.0,0.6605002880096436,0.5210045576095581,1.1772499084472656,34.72425079345703,0.2647115886211395
dfl_generated,dfl_evaluation_01,0.0023659924045205116,40,PCC,A,3.0403831005096436,0.0,0.41634324193000793,0.5631123185157776,1.1795637607574463,53.24800109863281,0.26235461235046387
dfl_generated,dfl_evaluation_01,0.0023659924045205116,40,PCC,B,3.039147138595581,0.0,0.4101710915565491,0.5631123185157776,1.1795637607574463,53.24800109863281,0.26235461235046387
dfl_generated,dfl_evaluation_01,0.0023659924045205116,40,PCC,C,3.0261502265930176,0.0,0.402630478143692,0.5631123185157776,1.1795637607574463,53.24800109863281,0.26235461235046387
dfl_generated,dfl_evaluation_01,0.0023659924045205116,41,PCC,A,2.9559836387634277,0.0,0.14551536738872528,0.5185338854789734,1.1700150966644287,53.24800109863281,0.26150092482566833
dfl_generated,dfl_evaluation_01,0.0023659924045205116,41,PCC,B,2.968818187713623,0.0,0.13771317899227142,0.5185338854789734,1.1700150966644287,53.24800109863281,0.26150092482566833
dfl_generated,dfl_evaluation_01,0.0023659924045205116,41,PCC,C,2.9664041996002197,0.0,0.15102089941501617,0.5185338854789734,1.1700150966644287,53.24800109863281,0.26150092482566833
dfl_generated,dfl_evaluation_01,0.0023659924045205116,42,PCC,A,2.9356937408447266,0.0,0.027418704703450203,0.501911997795105,1.1663565635681152,53.24800109863281,0.25955280661582947
dfl_generated,dfl_evaluation_01,0.0023659924045205116,42,PCC,B,2.9231154918670654,0.0,0.03314150497317314,0.501911997795105,1.1663565635681152,53.24800109863281,0.25955280661582947
dfl_generated,dfl_evaluation_01,0.0023659924045205116,42,PCC,C,2.923149347305298,0.0,0.028127264231443405,0.501911997795105,1.1663565635681152,53.24800109863281,0.25955280661582947
dfl_generated,dfl_evaluation_01,0.0023659924045205116,43,PCC,A,3.0174758434295654,0.0,0.0011027897708117962,0.5692486763000488,1.1640939712524414,53.24800109863281,0.2634660303592682
dfl_generated,dfl_evaluation_01,0.0023659924045205116,43,PCC,B,3.0167510509490967,0.0,0.0013037759345024824,0.5692486763000488,1.1640939712524414,53.24800109863281,0.2634660303592682
dfl_generated,dfl_evaluation_01,0.0023659924045205116,43,PCC,C,3.0127501487731934,0.0,0.0013042674399912357,0.5692486763000488,1.1640939712524414,53.24800109863281,0.2634660303592682
dfl_generated,dfl_evaluation_01,0.0023659924045205116,44,PCC,A,2.847841739654541,0.0,5.589431111729937e-06,0.458400696516037,1.1585160493850708,53.24800109863281,0.26782119274139404
dfl_generated,dfl_evaluation_01,0.0023659924045205116,44,PCC,B,2.8482398986816406,0.0,5.81970380153507e-06,0.458400696516037,1.1585160493850708,53.24800109863281,0.26782119274139404
dfl_generated,dfl_evaluation_01,0.0023659924045205116,44,PCC,C,2.848085641860962,0.0,0.0,0.458400696516037,1.1585160493850708,53.24800109863281,0.26782119274139404
dfl_generated,dfl_evaluation_01,0.0023659924045205116,45,PCC,A,2.760082483291626,0.0,0.0,0.39928483963012695,1.1594423055648804,53.24800109863281,0.2704366147518158
dfl_generated,dfl_evaluation_01,0.0023659924045205116,45,PCC,B,2.7586164474487305,0.0,0.0,0.39928483963012695,1.1594423055648804,53.24800109863281,0.2704366147518158
dfl_generated,dfl_evaluation_01,0.0023659924045205116,45,PCC,C,2.760446786880493,0.0,2.376405745962984e-06,0.39928483963012695,1.1594423055648804,53.24800109863281,0.2704366147518158
dfl_generated,dfl_evaluation_01,0.0023659924045205116,46,PCC,A,2.7061073780059814,0.0,0.0,0.3637107312679291,1.1586555242538452,53.24800109863281,0.27990972995758057
dfl_generated,dfl_evaluation_01,0.0023659924045205116,46,PCC,B,2.7055160999298096,0.0,0.0,0.3637107312679291,1.1586555242538452,53.24800109863281,0.27990972995758057
dfl_generated,dfl_evaluation_01,0.0023659924045205116,46,PCC,C,2.706887722015381,0.0,5.016700924898032e-06,0.3637107312679291,1.1586555242538452,53.24800109863281,0.27990972995758057
dfl_generated,dfl_evaluation_01,0.0023659924045205116,47,PCC,A,2.681220531463623,0.0,3.6165222354611615e-06,0.34759950637817383,1.156802773475647,53.24800109863281,0.28770682215690613
dfl_generated,dfl_evaluation_01,0.0023659924045205116,47,PCC,B,2.6812658309936523,0.0,2.968349235743517e-06,0.34759950637817383,1.156802773475647,53.24800109863281,0.28770682215690613
dfl_generated,dfl_evaluation_01,0.0023659924045205116,47,PCC,C,2.6799678802490234,0.0,2.144407460491493e-07,0.34759950637817383,1.156802773475647,53.24800109863281,0.28770682215690613
dfl_generated,dfl_evaluation_02,0.0023659924045205116,0,PCC,A,2.6044161319732666,0.0,0.0,0.29431068897247314,1.1576123237609863,53.24800109863281,0.29526010155677795
dfl_generated,dfl_evaluation_02,0.0023659924045205116,0,PCC,B,2.6030030250549316,0.0,2.055076492979424e-06,0.29431068897247314,1.1576123237609863,53.24800109863281,0.29526010155677795
dfl_generated,dfl_evaluation_02,0.0023659924045205116,0,PCC,C,2.6063528060913086,0.0,6.3687425608804915e-06,0.29431068897247314,1.1576123237609863,53.24800109863281,0.29526010155677795
dfl_generated,dfl_evaluation_02,0.0023659924045205116,1,PCC,A,2.6375882625579834,0.0,7.032730081846239e-06,0.3179371654987335,1.1572858095169067,34.72425079345703,0.3045508563518524
dfl_generated,dfl_evaluation_02,0.0023659924045205116,1,PCC,B,2.638615846633911,0.0,1.1106412785011344e-06,0.3179371654987335,1.1572858095169067,34.72425079345703,0.3045508563518524
dfl_generated,dfl_evaluation_02,0.0023659924045205116,1,PCC,C,2.6361429691314697,0.0,4.577233085001353e-06,0.3179371654987335,1.1572858095169067,34.72425079345703,0.3045508563518524
dfl_generated,dfl_evaluation_02,0.0023659924045205116,2,PCC,A,2.499847412109375,0.0,0.0,0.2232462614774704,1.1557708978652954,34.72425079345703,0.30915912985801697
dfl_generated,dfl_evaluation_02,0.0023659924045205116,2,PCC,B,2.496098756790161,0.0,2.487299980202806e-06,0.2232462614774704,1.1557708978652954,34.72425079345703,0.30915912985801697
dfl_generated,dfl_evaluation_02,0.0023659924045205116,2,PCC,C,2.4987480640411377,0.0,9.002897627397033e-07,0.2232462614774704,1.1557708978652954,34.72425079345703,0.30915912985801697
dfl_generated,dfl_evaluation_02,0.0023659924045205116,3,PCC,A,2.5534963607788086,0.0,0.0,0.2633455991744995,1.1552613973617554,34.72425079345703,0.2954183518886566
dfl_generated,dfl_evaluation_02,0.0023659924045205116,3,PCC,B,2.5524826049804688,0.0,2.0690797555289464e-06,0.2633455991744995,1.1552613973617554,34.72425079345703,0.2954183518886566
dfl_generated,dfl_evaluation_02,0.0023659924045205116,3,PCC,C,2.554795503616333,0.0,0.0,0.2633455991744995,1.1552613973617554,34.72425079345703,0.2954183518886566
dfl_generated,dfl_evaluation_02,0.0023659924045205116,4,PCC,A,2.6165027618408203,0.0,2.7549079462119153e-08,0.3060445785522461,1.1543996334075928,34.72425079345703,0.28685519099235535
dfl_generated,dfl_evaluation_02,0.0023659924045205116,4,PCC,B,2.617504358291626,0.0,2.2203549576715886e-07,0.3060445785522461,1.1543996334075928,34.72425079345703,0.28685519099235535
dfl_generated,dfl_evaluation_02,0.0023659924045205116,4,PCC,C,2.615506172180176,0.0,6.87038436808507e-07,0.3060445785522461,1.1543996334075928,34.72425079345703,0.28685519099235535
dfl_generated,dfl_evaluation_02,0.0023659924045205116,5,PCC,A,2.5869147777557373,0.0,0.0015368105378001928,0.2850128710269928,1.1560983657836914,34.72425079345703,0.2747519016265869
dfl_generated,dfl_evaluation_02,0.0023659924045205116,5,PCC,B,2.586228847503662,0.0,0.0017479079542681575,0.2850128710269928,1.1560983657836914,34.72425079345703,0.2747519016265869
dfl_generated,dfl_evaluation_02,0.0023659924045205116,5,PCC,C,2.584763526916504,0.0,0.0010237684473395348,0.2850128710269928,1.1560983657836914,34.72425079345703,0.2747519016265869
dfl_generated,dfl_evaluation_02,0.0023659924045205116,6,PCC,A,2.774951696395874,0.0,0.033441148698329926,0.4131304621696472,1.1575212478637695,53.24800109863281,0.2666971683502197
dfl_generated,dfl_evaluation_02,0.0023659924045205116,6,PCC,B,2.7758994102478027,0.0,0.02773348055779934,0.4131304621696472,1.1575212478637695,53.24800109863281,0.2666971683502197
dfl_generated,dfl_evaluation_02,0.0023659924045205116,6,PCC,C,2.778935194015503,0.0,0.029427066445350647,0.4131304621696472,1.1575212478637695,53.24800109863281,0.2666971683502197
dfl_generated,dfl_evaluation_02,0.0023659924045205116,7,PCC,A,3.0450658798217773,0.0,0.17424426972866058,0.5887197852134705,1.1651302576065063,53.24800109863281,0.2584441304206848
dfl_generated,dfl_evaluation_02,0.0023659924045205116,7,PCC,B,3.039537191390991,0.0,0.1773318499326706,0.5887197852134705,1.1651302576065063,53.24800109863281,0.2584441304206848
dfl_generated,dfl_evaluation_02,0.0023659924045205116,7,PCC,C,3.0406346321105957,0.0,0.17062631249427795,0.5887197852134705,1.1651302576065063,53.24800109863281,0.2584441304206848
dfl_generated,dfl_evaluation_02,0.0023659924045205116,8,PCC,A,2.8077569007873535,0.0,0.43997278809547424,0.41616514325141907,1.1690353155136108,53.24800109863281,0.2529308795928955
dfl_generated,dfl_evaluation_02,0.0023659924045205116,8,PCC,B,2.807399034500122,0.0,0.436235636472702,0.41616514325141907,1.1690353155136108,53.24800109863281,0.2529308795928955
dfl_generated,dfl_evaluation_02,0.0023659924045205116,8,PCC,C,2.804203510284424,0.0,0.4273410439491272,0.41616514325141907,1.1690353155136108,53.24800109863281,0.2529308795928955
dfl_generated,dfl_evaluation_02,0.0023659924045205116,9,PCC,A,2.9636266231536865,0.0,0.658882737159729,0.5137431621551514,1.1762439012527466,53.24800109863281,0.20164525508880615
dfl_generated,dfl_evaluation_02,0.0023659924045205116,9,PCC,B,2.967897891998291,0.0,0.7127067446708679,0.5137431621551514,1.1762439012527466,53.24800109863281,0.20164525508880615
dfl_generated,dfl_evaluation_02,0.0023659924045205116,9,PCC,C,2.955012798309326,0.0,0.6754902601242065,0.5137431621551514,1.1762439012527466,53.24800109863281,0.20164525508880615
dfl_generated,dfl_evaluation_02,0.0023659924045205116,10,PCC,A,2.7601675987243652,0.0,0.8276666402816772,0.3643687963485718,1.1786121129989624,53.24800109863281,0.2592936158180237
dfl_generated,dfl_evaluation_02,0.0023659924045205116,10,PCC,B,2.7458622455596924,0.0,0.8362208008766174,0.3643687963485718,1.1786121129989624,53.24800109863281,0.2592936158180237
dfl_generated,dfl_evaluation_02,0.0023659924045205116,10,PCC,C,2.7497594356536865,0.0,0.7828377485275269,0.3643687963485718,1.1786121129989624,53.24800109863281,0.2592936158180237
dfl_generated,dfl_evaluation_02,0.0023659924045205116,11,PCC,A,2.751688003540039,0.0,0.9188030958175659,0.36136627197265625,1.1853642463684082,53.24800109863281,0.2674027383327484
dfl_generated,dfl_evaluation_02,0.0023659924045205116,11,PCC,B,2.7458255290985107,0.0,0.8592606782913208,0.36136627197265625,1.1853642463684082,53.24800109863281,0.2674027383327484
dfl_generated,dfl_evaluation_02,0.0023659924045205116,11,PCC,C,2.7439424991607666,0.0,0.8906134963035583,0.36136627197265625,1.1853642463684082,53.24800109863281,0.2674027383327484
dfl_generated,dfl_evaluation_02,0.0023659924045205116,12,PCC,A,3.022226095199585,0.0,0.8985384106636047,0.5383059978485107,1.184801697731018,53.24800109863281,0.2696171700954437
dfl_generated,dfl_evaluation_02,0.0023659924045205116,12,PCC,B,3.0144283771514893,0.0,0.9237488508224487,0.5383059978485107,1.184801697731018,53.24800109863281,0.2696171700954437
dfl_generated,dfl_evaluation_02,0.0023659924045205116,12,PCC,C,3.025377035140991,0.0,0.9254588484764099,0.5383059978485107,1.184801697731018,53.24800109863281,0.2696171700954437
dfl_generated,dfl_evaluation_02,0.0023659924045205116,13,PCC,A,3.124965190887451,0.0,0.9183386564254761,0.6031783223152161,1.1909106969833374,53.24800109863281,0.2701133191585541
dfl_generated,dfl_evaluation_02,0.0023659924045205116,13,PCC,B,3.1123244762420654,0.0,0.9440633058547974,0.6031783223152161,1.1909106969833374,53.24800109863281,0.2701133191585541
dfl_generated,dfl_evaluation_02,0.0023659924045205116,13,PCC,C,3.127375841140747,0.0,0.9162411689758301,0.6031783223152161,1.1909106969833374,53.24800109863281,0.2701133191585541
dfl_generated,dfl_evaluation_02,0.0023659924045205116,14,PCC,A,3.208005666732788,0.0,0.8307742476463318,0.6654155254364014,1.1883853673934937,53.24800109863281,0.2686448395252228
dfl_generated,dfl_evaluation_02,0.0023659924045205116,14,PCC,B,3.2181222438812256,0.0,0.8298228979110718,0.6654155254364014,1.1883853673934937,53.24800109863281,0.2686448395252228
dfl_generated,dfl_evaluation_02,0.0023659924045205116,14,PCC,C,3.20822811126709,0.0,0.7660795450210571,0.6654155254364014,1.1883853673934937,53.24800109863281,0.2686448395252228
dfl_generated,dfl_evaluation_02,0.0023659924045205116,15,PCC,A,3.0033299922943115,0.0,0.640648603439331,0.5210045576095581,1.180468201637268,53.24800109863281,0.2602284550666809
dfl_generated,dfl_evaluation_02,0.0023659924045205116,15,PCC,B,2.9828245639801025,0.0,0.6278709769248962,0.5210045576095581,1.180468201637268,53.24800109863281,0.2602284550666809
dfl_generated,dfl_evaluation_02,0.0023659924045205116,15,PCC,C,2.9861936569213867,0.0,0.5970404148101807,0.5210045576095581,1.180468201637268,53.24800109863281,0.2602284550666809
dfl_generated,dfl_evaluation_02,0.0023659924045205116,16,PCC,A,3.049241304397583,0.0,0.40378537774086,0.5631123185157776,1.1806321144104004,53.24800109863281,0.2663062512874603
dfl_generated,dfl_evaluation_02,0.0023659924045205116,16,PCC,B,3.0520548820495605,0.0,0.4184733033180237,0.5631123185157776,1.1806321144104004,53.24800109863281,0.2663062512874603
dfl_generated,dfl_evaluation_02,0.0023659924045205116,16,PCC,C,3.043907403945923,0.0,0.40717554092407227,0.5631123185157776,1.1806321144104004,53.24800109863281,0.2663062512874603
dfl_generated,dfl_evaluation_02,0.0023659924045205116,17,PCC,A,2.977788209915161,0.0,0.16954578459262848,0.5185338854789734,1.1763570308685303,53.24800109863281,0.2657463848590851
dfl_generated,dfl_evaluation_02,0.0023659924045205116,17,PCC,B,2.9590888023376465,0.0,0.15149493515491486,0.5185338854789734,1.1763570308685303,53.24800109863281,0.2657463848590851
dfl_generated,dfl_evaluation_02,0.0023659924045205116,17,PCC,C,2.9733405113220215,0.0,0.14348220825195312,0.5185338854789734,1.1763570308685303,53.24800109863281,0.2657463848590851
dfl_generated,dfl_evaluation_02,0.0023659924045205116,18,PCC,A,2.9348232746124268,0.0,0.027282431721687317,0.501911997795105,1.1685198545455933,121.88175201416016,0.2672629654407501
dfl_generated,dfl_evaluation_02,0.0023659924045205116,18,PCC,B,2.9361047744750977,0.0,0.031351011246442795,0.501911997795105,1.1685198545455933,121.88175201416016,0.2672629654407501
dfl_generated,dfl_evaluation_02,0.0023659924045205116,18,PCC,C,2.9334793090820312,0.0,0.03326411545276642,0.501911997795105,1.1685198545455933,121.88175201416016,0.2672629654407501
dfl_generated,dfl_evaluation_02,0.0023659924045205116,19,PCC,A,3.020998477935791,0.0,0.0011785764945670962,0.5692486763000488,1.162392497062683,121.88175201416016,0.26393207907676697
dfl_generated,dfl_evaluation_02,0.0023659924045205116,19,PCC,B,3.009978771209717,0.0,0.0009672343730926514,0.5692486763000488,1.162392497062683,121.88175201416016,0.26393207907676697
dfl_generated,dfl_evaluation_02,0.0023659924045205116,19,PCC,C,3.020362615585327,0.0,0.0010413663694635034,0.5692486763000488,1.162392497062683,121.88175201416016,0.26393207907676697
dfl_generated,dfl_evaluation_02,0.0023659924045205116,20,PCC,A,2.846433401107788,0.0,0.0,0.458400696516037,1.1631135940551758,121.88175201416016,0.27023112773895264
dfl_generated,dfl_evaluation_02,0.0023659924045205116,20,PCC,B,2.856724739074707,0.0,0.0,0.458400696516037,1.1631135940551758,121.88175201416016,0.27023112773895264
dfl_generated,dfl_evaluation_02,0.0023659924045205116,20,PCC,C,2.85102915763855,0.0,0.0,0.458400696516037,1.1631135940551758,121.88175201416016,0.27023112773895264
dfl_generated,dfl_evaluation_02,0.0023659924045205116,21,PCC,A,2.7667107582092285,0.0,2.720101520026219e-06,0.39928483963012695,1.1609348058700562,53.24800109863281,0.273488849401474
dfl_generated,dfl_evaluation_02,0.0023659924045205116,21,PCC,B,2.7633841037750244,0.0,2.6583054477669066e-06,0.39928483963012695,1.1609348058700562,53.24800109863281,0.273488849401474
dfl_generated,dfl_evaluation_02,0.0023659924045205116,21,PCC,C,2.7598648071289062,0.0,3.419436325202696e-06,0.39928483963012695,1.1609348058700562,53.24800109863281,0.273488849401474
dfl_generated,dfl_evaluation_02,0.0023659924045205116,22,PCC,A,2.706803321838379,0.0,0.0,0.3637107312679291,1.1583534479141235,53.24800109863281,0.28506559133529663
dfl_generated,dfl_evaluation_02,0.0023659924045205116,22,PCC,B,2.7087202072143555,0.0,0.0,0.3637107312679291,1.1583534479141235,53.24800109863281,0.28506559133529663
dfl_generated,dfl_evaluation_02,0.0023659924045205116,22,PCC,C,2.7090351581573486,0.0,6.0700326685037e-06,0.3637107312679291,1.1583534479141235,53.24800109863281,0.28506559133529663
dfl_generated,dfl_evaluation_02,0.0023659924045205116,23,PCC,A,2.681394100189209,0.0,3.5273167213745182e-06,0.34759950637817383,1.158480167388916,53.24800109863281,0.28349292278289795
dfl_generated,dfl_evaluation_02,0.0023659924045205116,23,PCC,B,2.6832900047302246,0.0,0.0,0.34759950637817383,1.158480167388916,53.24800109863281,0.28349292278289795
dfl_generated,dfl_evaluation_02,0.0023659924045205116,23,PCC,C,2.685281753540039,0.0,4.691486537922174e-06,0.34759950637817383,1.158480167388916,53.24800109863281,0.28349292278289795
dfl_generated,dfl_evaluation_02,0.0023659924045205116,24,PCC,A,2.602461099624634,0.0,4.239112968207337e-06,0.29431068897247314,1.15561842918396,53.24800109863281,0.29272985458374023
dfl_generated,dfl_evaluation_02,0.0023659924045205116,24,PCC,B,2.602234363555908,0.0,0.0,0.29431068897247314,1.15561842918396,53.24800109863281,0.29272985458374023
dfl_generated,dfl_evaluation_02,0.0023659924045205116,24,PCC,C,2.603419780731201,0.0,6.665751243417617e-06,0.29431068897247314,1.15561842918396,53.24800109863281,0.29272985458374023
dfl_generated,dfl_evaluation_02,0.0023659924045205116,25,PCC,A,2.6379635334014893,0.0,4.2584606489981525e-06,0.3179371654987335,1.155991792678833,34.72425079345703,0.29272979497909546
dfl_generated,dfl_evaluation_02,0.0023659924045205116,25,PCC,B,2.6352908611297607,0.0,2.177395799662918e-06,0.3179371654987335,1.155991792678833,34.72425079345703,0.29272979497909546
dfl_generated,dfl_evaluation_02,0.0023659924045205116,25,PCC,C,2.6365063190460205,0.0,3.217077619410702e-06,0.3179371654987335,1.155991792678833,34.72425079345703,0.29272979497909546
dfl_generated,dfl_evaluation_02,0.0023659924045205116,26,PCC,A,2.498096227645874,0.0,2.012720415223157e-06,0.2232462614774704,1.1562453508377075,34.72425079345703,0.3000471889972687
dfl_generated,dfl_evaluation_02,0.0023659924045205116,26,PCC,B,2.495800018310547,0.0,6.107733952376293e-06,0.2232462614774704,1.1562453508377075,34.72425079345703,0.3000471889972687
dfl_generated,dfl_evaluation_02,0.0023659924045205116,26,PCC,C,2.496983528137207,0.0,0.0,0.2232462614774704,1.1562453508377075,34.72425079345703,0.3000471889972687
dfl_generated,dfl_evaluation_02,0.0023659924045205116,27,PCC,A,2.55283784866333,0.0,0.0,0.2633455991744995,1.1545711755752563,34.72425079345703,0.29893824458122253
dfl_generated,dfl_evaluation_02,0.0023659924045205116,27,PCC,B,2.5532772541046143,0.0,0.0,0.2633455991744995,1.1545711755752563,34.72425079345703,0.29893824458122253
dfl_generated,dfl_evaluation_02,0.0023659924045205116,27,PCC,C,2.5550918579101562,0.0,0.0,0.2633455991744995,1.1545711755752563,34.72425079345703,0.29893824458122253
dfl_generated,dfl_evaluation_02,0.0023659924045205116,28,PCC,A,2.613825559616089,0.0,0.0,0.3060445785522461,1.1535853147506714,34.72425079345703,0.2817962169647217
dfl_generated,dfl_evaluation_02,0.0023659924045205116,28,PCC,B,2.6154673099517822,0.0,0.0,0.3060445785522461,1.1535853147506714,34.72425079345703,0.2817962169647217
dfl_generated,dfl_evaluation_02,0.0023659924045205116,28,PCC,C,2.615610361099243,0.0,8.055547368712723e-06,0.3060445785522461,1.1535853147506714,34.72425079345703,0.2817962169647217
dfl_generated,dfl_evaluation_02,0.0023659924045205116,29,PCC,A,2.587196111679077,0.0,0.0012054808903485537,0.2850128710269928,1.1531198024749756,34.72425079345703,0.26804789900779724
dfl_generated,dfl_evaluation_02,0.0023659924045205116,29,PCC,B,2.587038993835449,0.0,0.0020329724065959454,0.2850128710269928,1.1531198024749756,34.72425079345703,0.26804789900779724
dfl_generated,dfl_evaluation_02,0.0023659924045205116,29,PCC,C,2.5870418548583984,0.0,0.0014967316528782248,0.2850128710269928,1.1531198024749756,34.72425079345703,0.26804789900779724
dfl_generated,dfl_evaluation_02,0.0023659924045205116,30,PCC,A,2.7744855880737305,0.0,0.034351516515016556,0.4131304621696472,1.1575967073440552,53.24800109863281,0.2620210349559784
dfl_generated,dfl_evaluation_02,0.0023659924045205116,30,PCC,B,2.7753689289093018,0.0,0.030099913477897644,0.4131304621696472,1.1575967073440552,53.24800109863281,0.2620210349559784
dfl_generated,dfl_evaluation_02,0.0023659924045205116,30,PCC,C,2.774482488632202,0.0,0.028193525969982147,0.4131304621696472,1.1575967073440552,53.24800109863281,0.2620210349559784
dfl_generated,dfl_evaluation_02,0.0023659924045205116,31,PCC,A,3.045137882232666,0.0,0.16535066068172455,0.5887197852134705,1.1612175703048706,53.24800109863281,0.25743454694747925
dfl_generated,dfl_evaluation_02,0.0023659924045205116,31,PCC,B,3.0432305335998535,0.0,0.16781698167324066,0.5887197852134705,1.1612175703048706,53.24800109863281,0.25743454694747925
dfl_generated,dfl_evaluation_02,0.0023659924045205116,31,PCC,C,3.0385143756866455,0.0,0.1866931915283203,0.5887197852134705,1.1612175703048706,53.24800109863281,0.25743454694747925
dfl_generated,dfl_evaluation_02,0.0023659924045205116,32,PCC,A,2.7969653606414795,0.0,0.4510580897331238,0.41616514325141907,1.1694626808166504,53.24800109863281,0.25283369421958923
dfl_generated,dfl_evaluation_02,0.0023659924045205116,32,PCC,B,2.7982916831970215,0.0,0.44812342524528503,0.41616514325141907,1.1694626808166504,53.24800109863281,0.25283369421958923
dfl_generated,dfl_evaluation_02,0.0023659924045205116,32,PCC,C,2.798637628555298,0.0,0.46754851937294006,0.41616514325141907,1.1694626808166504,53.24800109863281,0.25283369421958923
dfl_generated,dfl_evaluation_02,0.0023659924045205116,33,PCC,A,2.9540233612060547,0.0,0.6795179843902588,0.5137431621551514,1.1723355054855347,53.24800109863281,0.25595781207084656
dfl_generated,dfl_evaluation_02,0.0023659924045205116,33,PCC,B,2.9565045833587646,0.0,0.6654932498931885,0.5137431621551514,1.1723355054855347,53.24800109863281,0.25595781207084656
dfl_generated,dfl_evaluation_02,0.0023659924045205116,33,PCC,C,2.9674973487854004,0.0,0.6645323634147644,0.5137431621551514,1.1723355054855347,53.24800109863281,0.25595781207084656
dfl_generated,dfl_evaluation_02,0.0023659924045205116,34,PCC,A,2.74306058883667,0.0,0.8461155891418457,0.3643687963485718,1.179907202720642,53.24800109863281,0.2586275041103363
dfl_generated,dfl_evaluation_02,0.0023659924045205116,34,PCC,B,2.754009246826172,0.0,0.8178825974464417,0.3643687963485718,1.179907202720642,53.24800109863281,0.2586275041103363
dfl_generated,dfl_evaluation_02,0.0023659924045205116,34,PCC,C,2.7524571418762207,0.0,0.8554285168647766,0.3643687963485718,1.179907202720642,53.24800109863281,0.2586275041103363
dfl_generated,dfl_evaluation_02,0.0023659924045205116,35,PCC,A,2.7490501403808594,0.0,0.9283377528190613,0.36136627197265625,1.1778602600097656,53.24800109863281,0.26657572388648987
dfl_generated,dfl_evaluation_02,0.0023659924045205116,35,PCC,B,2.7451634407043457,0.0,0.9547644853591919,0.36136627197265625,1.1778602600097656,53.24800109863281,0.26657572388648987
dfl_generated,dfl_evaluation_02,0.0023659924045205116,35,PCC,C,2.758094310760498,0.0,0.9173879027366638,0.36136627197265625,1.1778602600097656,53.24800109863281,0.26657572388648987
dfl_generated,dfl_evaluation_02,0.0023659924045205116,36,PCC,A,3.0208332538604736,0.0,0.9850410223007202,0.5383059978485107,1.1827009916305542,53.24800109863281,0.2757352888584137
dfl_generated,dfl_evaluation_02,0.0023659924045205116,36,PCC,B,3.0198259353637695,0.0,0.9550344944000244,0.5383059978485107,1.1827009916305542,53.24800109863281,0.2757352888584137
dfl_generated,dfl_evaluation_02,0.0023659924045205116,36,PCC,C,3.0297608375549316,0.0,0.9478342533111572,0.5383059978485107,1.1827009916305542,53.24800109863281,0.2757352888584137
dfl_generated,dfl_evaluation_02,0.0023659924045205116,37,PCC,A,3.1195693016052246,0.0,0.9195355772972107,0.6031783223152161,1.1838572025299072,53.24800109863281,0.2740861475467682
dfl_generated,dfl_evaluation_02,0.0023659924045205116,37,PCC,B,3.1202609539031982,0.0,0.8991169333457947,0.6031783223152161,1.1838572025299072,53.24800109863281,0.2740861475467682
dfl_generated,dfl_evaluation_02,0.0023659924045205116,37,PCC,C,3.123439073562622,0.0,0.9058979153633118,0.6031783223152161,1.1838572025299072,53.24800109863281,0.2740861475467682
dfl_generated,dfl_evaluation_02,0.0023659924045205116,38,PCC,A,3.2127749919891357,0.0,0.834286093711853,0.6654155254364014,1.185961127281189,53.24800109863281,0.26559978723526
dfl_generated,dfl_evaluation_02,0.0023659924045205116,38,PCC,B,3.2002131938934326,0.0,0.796163022518158,0.6654155254364014,1.185961127281189,53.24800109863281,0.26559978723526
dfl_generated,dfl_evaluation_02,0.0023659924045205116,38,PCC,C,3.2044332027435303,0.0,0.8214830756187439,0.6654155254364014,1.185961127281189,53.24800109863281,0.26559978723526
dfl_generated,dfl_evaluation_02,0.0023659924045205116,39,PCC,A,2.982348918914795,0.0,0.6739580631256104,0.5210045576095581,1.1818715333938599,53.24800109863281,0.2631970942020416
dfl_generated,dfl_evaluation_02,0.0023659924045205116,39,PCC,B,2.98860764503479,0.0,0.6230839490890503,0.5210045576095581,1.1818715333938599,53.24800109863281,0.2631970942020416
dfl_generated,dfl_evaluation_02,0.0023659924045205116,39,PCC,C,2.9883267879486084,0.0,0.6716821789741516,0.5210045576095581,1.1818715333938599,53.24800109863281,0.2631970942020416
dfl_generated,dfl_evaluation_02,0.0023659924045205116,40,PCC,A,3.0451362133026123,0.0,0.4225825071334839,0.5631123185157776,1.1753933429718018,53.24800109863281,0.26875394582748413
dfl_generated,dfl_evaluation_02,0.0023659924045205116,40,PCC,B,3.049288272857666,0.0,0.40555673837661743,0.5631123185157776,1.1753933429718018,53.24800109863281,0.26875394582748413
dfl_generated,dfl_evaluation_02,0.0023659924045205116,40,PCC,C,3.0470504760742188,0.0,0.41297978162765503,0.5631123185157776,1.1753933429718018,53.24800109863281,0.26875394582748413
dfl_generated,dfl_evaluation_02,0.0023659924045205116,41,PCC,A,2.965954065322876,0.0,0.1457461565732956,0.5185338854789734,1.172797441482544,53.24800109863281,0.26412835717201233
dfl_generated,dfl_evaluation_02,0.0023659924045205116,41,PCC,B,2.9680564403533936,0.0,0.16384419798851013,0.5185338854789734,1.172797441482544,53.24800109863281,0.26412835717201233
dfl_generated,dfl_evaluation_02,0.0023659924045205116,41,PCC,C,2.9779300689697266,0.0,0.1519361436367035,0.5185338854789734,1.172797441482544,53.24800109863281,0.26412835717201233
dfl_generated,dfl_evaluation_02,0.0023659924045205116,42,PCC,A,2.944425582885742,0.0,0.0275544673204422,0.501911997795105,1.1704552173614502,121.88175201416016,0.26122236251831055
dfl_generated,dfl_evaluation_02,0.0023659924045205116,42,PCC,B,2.9328718185424805,0.0,0.027372492477297783,0.501911997795105,1.1704552173614502,121.88175201416016,0.26122236251831055
dfl_generated,dfl_evaluation_02,0.0023659924045205116,42,PCC,C,2.93538498878479,0.0,0.033070679754018784,0.501911997795105,1.1704552173614502,121.88175201416016,0.26122236251831055
dfl_generated,dfl_evaluation_02,0.0023659924045205116,43,PCC,A,3.027345895767212,0.0,0.0014822559896856546,0.5692486763000488,1.1630839109420776,121.88175201416016,0.26755228638648987
dfl_generated,dfl_evaluation_02,0.0023659924045205116,43,PCC,B,3.0302813053131104,0.0,0.0013235043734312057,0.5692486763000488,1.1630839109420776,121.88175201416016,0.26755228638648987
dfl_generated,dfl_evaluation_02,0.0023659924045205116,43,PCC,C,3.0178048610687256,0.0,0.0015904485480859876,0.5692486763000488,1.1630839109420776,121.88175201416016,0.26755228638648987
dfl_generated,dfl_evaluation_02,0.0023659924045205116,44,PCC,A,2.8525261878967285,0.0,0.0,0.458400696516037,1.1613537073135376,121.88175201416016,0.2645944654941559
dfl_generated,dfl_evaluation_02,0.0023659924045205116,44,PCC,B,2.8519411087036133,0.0,0.0,0.458400696516037,1.1613537073135376,121.88175201416016,0.2645944654941559
dfl_generated,dfl_evaluation_02,0.0023659924045205116,44,PCC,C,2.8560054302215576,0.0,1.6440201306977542e-06,0.458400696516037,1.1613537073135376,121.88175201416016,0.2645944654941559
dfl_generated,dfl_evaluation_02,0.0023659924045205116,45,PCC,A,2.766544818878174,0.0,2.877600309147965e-06,0.39928483963012695,1.158626675605774,53.24800109863281,0.27311941981315613
dfl_generated,dfl_evaluation_02,0.0023659924045205116,45,PCC,B,2.7628636360168457,0.0,1.8010370013143984e-06,0.39928483963012695,1.158626675605774,53.24800109863281,0.27311941981315613
dfl_generated,dfl_evaluation_02,0.0023659924045205116,45,PCC,C,2.764630079269409,0.0,0.0,0.39928483963012695,1.158626675605774,53.24800109863281,0.27311941981315613
dfl_generated,dfl_evaluation_02,0.0023659924045205116,46,PCC,A,2.7112388610839844,0.0,0.0,0.3637107312679291,1.1596273183822632,53.24800109863281,0.2826036512851715
dfl_generated,dfl_evaluation_02,0.0023659924045205116,46,PCC,B,2.7067151069641113,0.0,1.5339040828621364e-06,0.3637107312679291,1.1596273183822632,53.24800109863281,0.2826036512851715
dfl_generated,dfl_evaluation_02,0.0023659924045205116,46,PCC,C,2.710211753845215,0.0,0.0,0.3637107312679291,1.1596273183822632,53.24800109863281,0.2826036512851715
dfl_generated,dfl_evaluation_02,0.0023659924045205116,47,PCC,A,2.6822915077209473,0.0,0.0,0.34759950637817383,1.1596606969833374,53.24800109863281,0.2873818576335907
dfl_generated,dfl_evaluation_02,0.0023659924045205116,47,PCC,B,2.679852247238159,0.0,2.532783128117444e-06,0.34759950637817383,1.1596606969833374,53.24800109863281,0.2873818576335907
dfl_generated,dfl_evaluation_02,0.0023659924045205116,47,PCC,C,2.6783902645111084,0.0,5.570668690779712e-06,0.34759950637817383,1.1596606969833374,53.24800109863281,0.2873818576335907
dfl_generated,dfl_evaluation_03,0.19858039915561676,0,PCC,A,2.603701114654541,0.0,4.878116214968031e-06,0.29431068897247314,1.1554468870162964,53.24800109863281,0.28472691774368286
dfl_generated,dfl_evaluation_03,0.19858039915561676,0,PCC,B,2.601194143295288,0.0,8.570901854909607e-07,0.29431068897247314,1.1554468870162964,53.24800109863281,0.28472691774368286
dfl_generated,dfl_evaluation_03,0.19858039915561676,0,PCC,C,2.600404977798462,0.0,0.0,0.29431068897247314,1.1554468870162964,53.24800109863281,0.28472691774368286
dfl_generated,dfl_evaluation_03,0.19858039915561676,1,PCC,A,2.6327645778656006,0.0,1.5735004126327112e-06,0.3179371654987335,1.1553949117660522,53.24800109863281,0.2873940169811249
dfl_generated,dfl_evaluation_03,0.19858039915561676,1,PCC,B,2.6351122856140137,0.0,0.0,0.3179371654987335,1.1553949117660522,53.24800109863281,0.2873940169811249
dfl_generated,dfl_evaluation_03,0.19858039915561676,1,PCC,C,2.6319456100463867,0.0,0.0,0.3179371654987335,1.1553949117660522,53.24800109863281,0.2873940169811249
dfl_generated,dfl_evaluation_03,0.19858039915561676,2,PCC,A,2.4968507289886475,0.0,0.0,0.2232462614774704,1.1544640064239502,53.24800109863281,0.31712812185287476
dfl_generated,dfl_evaluation_03,0.19858039915561676,2,PCC,B,2.4943387508392334,0.0,0.0,0.2232462614774704,1.1544640064239502,53.24800109863281,0.31712812185287476
dfl_generated,dfl_evaluation_03,0.19858039915561676,2,PCC,C,2.4952542781829834,0.0,0.0,0.2232462614774704,1.1544640064239502,53.24800109863281,0.31712812185287476
dfl_generated,dfl_evaluation_03,0.19858039915561676,3,PCC,A,2.552327871322632,0.0,9.456950920139207e-07,0.2633455991744995,1.1535117626190186,53.24800109863281,0.29809027910232544
dfl_generated,dfl_evaluation_03,0.19858039915561676,3,PCC,B,2.5511724948883057,0.0,0.0,0.2633455991744995,1.1535117626190186,53.24800109863281,0.29809027910232544
dfl_generated,dfl_evaluation_03,0.19858039915561676,3,PCC,C,2.552321434020996,0.0,0.0,0.2633455991744995,1.1535117626190186,53.24800109863281,0.29809027910232544
dfl_generated,dfl_evaluation_03,0.19858039915561676,4,PCC,A,2.6129138469696045,0.0,3.836703399429098e-06,0.3060445785522461,1.153467059135437,53.24800109863281,0.27629292011260986
dfl_generated,dfl_evaluation_03,0.19858039915561676,4,PCC,B,2.611711263656616,0.0,6.68184520691284e-06,0.3060445785522461,1.153467059135437,53.24800109863281,0.27629292011260986
dfl_generated,dfl_evaluation_03,0.19858039915561676,4,PCC,C,2.611694574356079,0.0,7.859062861825805e-06,0.3060445785522461,1.153467059135437,53.24800109863281,0.27629292011260986
dfl_generated,dfl_evaluation_03,0.19858039915561676,5,PCC,A,2.5839898586273193,0.0,0.0012808471219614148,0.2850128710269928,1.1537492275238037,53.24800109863281,0.26481014490127563
dfl_generated,dfl_evaluation_03,0.19858039915561676,5,PCC,B,2.5838875770568848,0.0,0.0014631249941885471,0.2850128710269928,1.1537492275238037,53.24800109863281,0.26481014490127563
dfl_generated,dfl_evaluation_03,0.19858039915561676,5,PCC,C,2.5836031436920166,0.0,0.0011451609898358583,0.2850128710269928,1.1537492275238037,53.24800109863281,0.26481014490127563
dfl_generated,dfl_evaluation_03,0.19858039915561676,6,PCC,A,2.7737200260162354,0.0,0.028865942731499672,0.4131304621696472,1.156072735786438,53.24800109863281,0.25585341453552246
dfl_generated,dfl_evaluation_03,0.19858039915561676,6,PCC,B,2.7706353664398193,0.0,0.02928697131574154,0.4131304621696472,1.156072735786438,53.24800109863281,0.25585341453552246
dfl_generated,dfl_evaluation_03,0.19858039915561676,6,PCC,C,2.7739524841308594,0.0,0.03258833289146423,0.4131304621696472,1.156072735786438,53.24800109863281,0.25585341453552246
dfl_generated,dfl_evaluation_03,0.19858039915561676,7,PCC,A,3.037060499191284,0.0,0.15111832320690155,0.5887197852134705,1.1598769426345825,53.24800109863281,0.25050100684165955
dfl_generated,dfl_evaluation_03,0.19858039915561676,7,PCC,B,3.0397603511810303,0.0,0.18396800756454468,0.5887197852134705,1.1598769426345825,53.24800109863281,0.25050100684165955
dfl_generated,dfl_evaluation_03,0.19858039915561676,7,PCC,C,3.030763626098633,0.0,0.16026441752910614,0.5887197852134705,1.1598769426345825,53.24800109863281,0.25050100684165955
dfl_generated,dfl_evaluation_03,0.19858039915561676,8,PCC,A,2.79793643951416,0.0,0.4259711802005768,0.41616514325141907,1.1638309955596924,53.24800109863281,0.2524062991142273
dfl_generated,dfl_evaluation_03,0.19858039915561676,8,PCC,B,2.7941672801971436,0.0,0.43069764971733093,0.41616514325141907,1.1638309955596924,53.24800109863281,0.2524062991142273
dfl_generated,dfl_evaluation_03,0.19858039915561676,8,PCC,C,2.8060052394866943,0.0,0.4049776792526245,0.41616514325141907,1.1638309955596924,53.24800109863281,0.2524062991142273
dfl_generated,dfl_evaluation_03,0.19858039915561676,9,PCC,A,2.9500391483306885,0.0,0.6663534045219421,0.5137431621551514,1.1688554286956787,53.24800109863281,0.23399968445301056
dfl_generated,dfl_evaluation_03,0.19858039915561676,9,PCC,B,2.952064037322998,0.0,0.692948579788208,0.5137431621551514,1.1688554286956787,53.24800109863281,0.23399968445301056
dfl_generated,dfl_evaluation_03,0.19858039915561676,9,PCC,C,2.9541022777557373,0.0,0.6627600193023682,0.5137431621551514,1.1688554286956787,53.24800109863281,0.23399968445301056
dfl_generated,dfl_evaluation_03,0.19858039915561676,10,PCC,A,2.7361695766448975,0.0,0.8128231763839722,0.3643687963485718,1.1725255250930786,53.24800109863281,0.2574522793292999
dfl_generated,dfl_evaluation_03,0.19858039915561676,10,PCC,B,2.736445188522339,0.0,0.816588282585144,0.3643687963485718,1.1725255250930786,53.24800109863281,0.2574522793292999
dfl_generated,dfl_evaluation_03,0.19858039915561676,10,PCC,C,2.7384653091430664,0.0,0.7913733124732971,0.3643687963485718,1.1725255250930786,53.24800109863281,0.2574522793292999
dfl_generated,dfl_evaluation_03,0.19858039915561676,11,PCC,A,2.7432940006256104,0.0,0.8758469223976135,0.36136627197265625,1.175873041152954,53.24800109863281,0.26776161789894104
dfl_generated,dfl_evaluation_03,0.19858039915561676,11,PCC,B,2.745502471923828,0.0,0.8635836243629456,0.36136627197265625,1.175873041152954,53.24800109863281,0.26776161789894104
dfl_generated,dfl_evaluation_03,0.19858039915561676,11,PCC,C,2.7426841259002686,0.0,0.8839638233184814,0.36136627197265625,1.175873041152954,53.24800109863281,0.26776161789894104
dfl_generated,dfl_evaluation_03,0.19858039915561676,12,PCC,A,3.004641056060791,0.0,0.9429062008857727,0.5383059978485107,1.1804713010787964,53.24800109863281,0.26413461565971375
dfl_generated,dfl_evaluation_03,0.19858039915561676,12,PCC,B,3.0056204795837402,0.0,0.891330361366272,0.5383059978485107,1.1804713010787964,53.24800109863281,0.26413461565971375
dfl_generated,dfl_evaluation_03,0.19858039915561676,12,PCC,C,3.021597146987915,0.0,0.8572393655776978,0.5383059978485107,1.1804713010787964,53.24800109863281,0.26413461565971375
dfl_generated,dfl_evaluation_03,0.19858039915561676,13,PCC,A,3.106505870819092,0.0,0.8669310212135315,0.6031783223152161,1.178801417350769,53.24800109863281,0.2683616280555725
dfl_generated,dfl_evaluation_03,0.19858039915561676,13,PCC,B,3.1041805744171143,0.0,0.9063511490821838,0.6031783223152161,1.178801417350769,53.24800109863281,0.2683616280555725
dfl_generated,dfl_evaluation_03,0.19858039915561676,13,PCC,C,3.115114450454712,0.0,0.9050406217575073,0.6031783223152161,1.178801417350769,53.24800109863281,0.2683616280555725
dfl_generated,dfl_evaluation_03,0.19858039915561676,14,PCC,A,3.18935489654541,0.0,0.782270610332489,0.6654155254364014,1.1779626607894897,53.24800109863281,0.26807713508605957
dfl_generated,dfl_evaluation_03,0.19858039915561676,14,PCC,B,3.199122667312622,0.0,0.81026291847229,0.6654155254364014,1.1779626607894897,53.24800109863281,0.26807713508605957
dfl_generated,dfl_evaluation_03,0.19858039915561676,14,PCC,C,3.1914896965026855,0.0,0.7605752348899841,0.6654155254364014,1.1779626607894897,53.24800109863281,0.26807713508605957
dfl_generated,dfl_evaluation_03,0.19858039915561676,15,PCC,A,2.981466770172119,0.0,0.6610864400863647,0.5210045576095581,1.180914044380188,53.24800109863281,0.25851747393608093
dfl_generated,dfl_evaluation_03,0.19858039915561676,15,PCC,B,2.986618757247925,0.0,0.5757167935371399,0.5210045576095581,1.180914044380188,53.24800109863281,0.25851747393608093
dfl_generated,dfl_evaluation_03,0.19858039915561676,15,PCC,C,2.984870433807373,0.0,0.6244466304779053,0.5210045576095581,1.180914044380188,53.24800109863281,0.25851747393608093
dfl_generated,dfl_evaluation_03,0.19858039915561676,16,PCC,A,3.0371620655059814,0.0,0.4042811989784241,0.5631123185157776,1.1756093502044678,53.24800109863281,0.2567673325538635
dfl_generated,dfl_evaluation_03,0.19858039915561676,16,PCC,B,3.0355842113494873,0.0,0.3974515199661255,0.5631123185157776,1.1756093502044678,53.24800109863281,0.2567673325538635
dfl_generated,dfl_evaluation_03,0.19858039915561676,16,PCC,C,3.027820348739624,0.0,0.3767794966697693,0.5631123185157776,1.1756093502044678,53.24800109863281,0.2567673325538635
dfl_generated,dfl_evaluation_03,0.19858039915561676,17,PCC,A,2.968313217163086,0.0,0.14276081323623657,0.5185338854789734,1.1714122295379639,53.24800109863281,0.2555215358734131
dfl_generated,dfl_evaluation_03,0.19858039915561676,17,PCC,B,2.9663314819335938,0.0,0.14941301941871643,0.5185338854789734,1.1714122295379639,53.24800109863281,0.2555215358734131
dfl_generated,dfl_evaluation_03,0.19858039915561676,17,PCC,C,2.9556069374084473,0.0,0.15619023144245148,0.5185338854789734,1.1714122295379639,53.24800109863281,0.2555215358734131
dfl_generated,dfl_evaluation_03,0.19858039915561676,18,PCC,A,2.925583600997925,0.0,0.029317909851670265,0.501911997795105,1.1671538352966309,53.24800109863281,0.25563082098960876
dfl_generated,dfl_evaluation_03,0.19858039915561676,18,PCC,B,2.9231679439544678,0.0,0.026970811188220978,0.501911997795105,1.1671538352966309,53.24800109863281,0.25563082098960876
dfl_generated,dfl_evaluation_03,0.19858039915561676,18,PCC,C,2.931072950363159,0.0,0.02785937860608101,0.501911997795105,1.1671538352966309,53.24800109863281,0.25563082098960876
dfl_generated,dfl_evaluation_03,0.19858039915561676,19,PCC,A,3.0111148357391357,0.0,0.0007002836791798472,0.5692486763000488,1.1620714664459229,53.24800109863281,0.2524869441986084
dfl_generated,dfl_evaluation_03,0.19858039915561676,19,PCC,B,3.010687828063965,0.0,0.0010076647158712149,0.5692486763000488,1.1620714664459229,53.24800109863281,0.2524869441986084
dfl_generated,dfl_evaluation_03,0.19858039915561676,19,PCC,C,3.010547637939453,0.0,0.0009861289290711284,0.5692486763000488,1.1620714664459229,53.24800109863281,0.2524869441986084
dfl_generated,dfl_evaluation_03,0.19858039915561676,20,PCC,A,2.847198486328125,0.0,3.886759714077925e-06,0.458400696516037,1.1607187986373901,53.24800109863281,0.262132465839386
dfl_generated,dfl_evaluation_03,0.19858039915561676,20,PCC,B,2.844388961791992,0.0,6.623576609854354e-06,0.458400696516037,1.1607187986373901,53.24800109863281,0.262132465839386
dfl_generated,dfl_evaluation_03,0.19858039915561676,20,PCC,C,2.8542404174804688,0.0,3.26230178870901e-06,0.458400696516037,1.1607187986373901,53.24800109863281,0.262132465839386
dfl_generated,dfl_evaluation_03,0.19858039915561676,21,PCC,A,2.7590532302856445,0.0,0.0,0.39928483963012695,1.1596022844314575,53.24800109863281,0.2669092118740082
dfl_generated,dfl_evaluation_03,0.19858039915561676,21,PCC,B,2.7588798999786377,0.0,4.37287144450238e-06,0.39928483963012695,1.1596022844314575,53.24800109863281,0.2669092118740082
dfl_generated,dfl_evaluation_03,0.19858039915561676,21,PCC,C,2.756850004196167,0.0,0.0,0.39928483963012695,1.1596022844314575,53.24800109863281,0.2669092118740082
dfl_generated,dfl_evaluation_03,0.19858039915561676,22,PCC,A,2.703620433807373,0.0,1.361021304546739e-06,0.3637107312679291,1.157626748085022,53.24800109863281,0.2734529376029968
dfl_generated,dfl_evaluation_03,0.19858039915561676,22,PCC,B,2.7015135288238525,0.0,0.0,0.3637107312679291,1.157626748085022,53.24800109863281,0.2734529376029968
dfl_generated,dfl_evaluation_03,0.19858039915561676,22,PCC,C,2.7032196521759033,0.0,3.830742571153678e-06,0.3637107312679291,1.157626748085022,53.24800109863281,0.2734529376029968
dfl_generated,dfl_evaluation_03,0.19858039915561676,23,PCC,A,2.6809134483337402,0.0,0.0,0.34759950637817383,1.1553404331207275,53.24800109863281,0.2831874191761017
dfl_generated,dfl_evaluation_03,0.19858039915561676,23,PCC,B,2.6806647777557373,0.0,0.0,0.34759950637817383,1.1553404331207275,53.24800109863281,0.2831874191761017
dfl_generated,dfl_evaluation_03,0.19858039915561676,23,PCC,C,2.681792974472046,0.0,2.1263955929384792e-08,0.34759950637817383,1.1553404331207275,53.24800109863281,0.2831874191761017
dfl_generated,dfl_evaluation_03,0.19858039915561676,24,PCC,A,2.5990209579467773,0.0,7.572239724140672e-07,0.29431068897247314,1.1553086042404175,53.24800109863281,0.29540422558784485
dfl_generated,dfl_evaluation_03,0.19858039915561676,24,PCC,B,2.597926616668701,0.0,0.0,0.29431068897247314,1.1553086042404175,53.24800109863281,0.29540422558784485
dfl_generated,dfl_evaluation_03,0.19858039915561676,24,PCC,C,2.600155830383301,0.0,2.313736786163645e-06,0.29431068897247314,1.1553086042404175,53.24800109863281,0.29540422558784485
dfl_generated,dfl_evaluation_03,0.19858039915561676,25,PCC,A,2.6347405910491943,0.0,0.0,0.3179371654987335,1.1548179388046265,53.24800109863281,0.28711655735969543
dfl_generated,dfl_evaluation_03,0.19858039915561676,25,PCC,B,2.633014440536499,0.0,0.0,0.3179371654987335,1.1548179388046265,53.24800109863281,0.28711655735969543
dfl_generated,dfl_evaluation_03,0.19858039915561676,25,PCC,C,2.63394832611084,0.0,7.551170710939914e-07,0.3179371654987335,1.1548179388046265,53.24800109863281,0.28711655735969543
dfl_generated,dfl_evaluation_03,0.19858039915561676,26,PCC,A,2.4958672523498535,0.0,0.0,0.2232462614774704,1.1549692153930664,53.24800109863281,0.29639989137649536
dfl_generated,dfl_evaluation_03,0.19858039915561676,26,PCC,B,2.4942753314971924,0.0,0.0,0.2232462614774704,1.1549692153930664,53.24800109863281,0.29639989137649536
dfl_generated,dfl_evaluation_03,0.19858039915561676,26,PCC,C,2.4929752349853516,0.0,2.574675363575807e-06,0.2232462614774704,1.1549692153930664,53.24800109863281,0.29639989137649536
dfl_generated,dfl_evaluation_03,0.19858039915561676,27,PCC,A,2.5506489276885986,0.0,0.0,0.2633455991744995,1.154244065284729,53.24800109863281,0.29720503091812134
dfl_generated,dfl_evaluation_03,0.19858039915561676,27,PCC,B,2.552083969116211,0.0,1.78437596787262e-06,0.2633455991744995,1.154244065284729,53.24800109863281,0.29720503091812134
dfl_generated,dfl_evaluation_03,0.19858039915561676,27,PCC,C,2.5522379875183105,0.0,0.0,0.2633455991744995,1.154244065284729,53.24800109863281,0.29720503091812134
dfl_generated,dfl_evaluation_03,0.19858039915561676,28,PCC,A,2.613476276397705,0.0,9.924779988068622e-06,0.3060445785522461,1.1535353660583496,53.24800109863281,0.27607759833335876
dfl_generated,dfl_evaluation_03,0.19858039915561676,28,PCC,B,2.6115026473999023,0.0,7.762673703837208e-06,0.3060445785522461,1.1535353660583496,53.24800109863281,0.27607759833335876
dfl_generated,dfl_evaluation_03,0.19858039915561676,28,PCC,C,2.6141154766082764,0.0,3.201782590167568e-07,0.3060445785522461,1.1535353660583496,53.24800109863281,0.27607759833335876
dfl_generated,dfl_evaluation_03,0.19858039915561676,29,PCC,A,2.58474063873291,0.0,0.0018184776417911053,0.2850128710269928,1.1537740230560303,53.24800109863281,0.26444336771965027
dfl_generated,dfl_evaluation_03,0.19858039915561676,29,PCC,B,2.5840964317321777,0.0,0.0012173772556707263,0.2850128710269928,1.1537740230560303,53.24800109863281,0.26444336771965027
dfl_generated,dfl_evaluation_03,0.19858039915561676,29,PCC,C,2.582794427871704,0.0,0.0014720583567395806,0.2850128710269928,1.1537740230560303,53.24800109863281,0.26444336771965027
dfl_generated,dfl_evaluation_03,0.19858039915561676,30,PCC,A,2.7690589427948,0.0,0.02730715647339821,0.4131304621696472,1.1561343669891357,53.24800109863281,0.2547684609889984
dfl_generated,dfl_evaluation_03,0.19858039915561676,30,PCC,B,2.773470640182495,0.0,0.02303049899637699,0.4131304621696472,1.1561343669891357,53.24800109863281,0.2547684609889984
dfl_generated,dfl_evaluation_03,0.19858039915561676,30,PCC,C,2.7716288566589355,0.0,0.025828761979937553,0.4131304621696472,1.1561343669891357,53.24800109863281,0.2547684609889984
dfl_generated,dfl_evaluation_03,0.19858039915561676,31,PCC,A,3.036163806915283,0.0,0.1669045388698578,0.5887197852134705,1.160279631614685,53.24800109863281,0.25085562467575073
dfl_generated,dfl_evaluation_03,0.19858039915561676,31,PCC,B,3.0351076126098633,0.0,0.17935094237327576,0.5887197852134705,1.160279631614685,53.24800109863281,0.25085562467575073
dfl_generated,dfl_evaluation_03,0.19858039915561676,31,PCC,C,3.037456512451172,0.0,0.1863512545824051,0.5887197852134705,1.160279631614685,53.24800109863281,0.25085562467575073
dfl_generated,dfl_evaluation_03,0.19858039915561676,32,PCC,A,2.791153907775879,0.0,0.45255550742149353,0.41616514325141907,1.164764165878296,53.24800109863281,0.2253722995519638
dfl_generated,dfl_evaluation_03,0.19858039915561676,32,PCC,B,2.792469024658203,0.0,0.43742722272872925,0.41616514325141907,1.164764165878296,53.24800109863281,0.2253722995519638
dfl_generated,dfl_evaluation_03,0.19858039915561676,32,PCC,C,2.801262855529785,0.0,0.428489625453949,0.41616514325141907,1.164764165878296,53.24800109863281,0.2253722995519638
dfl_generated,dfl_evaluation_03,0.19858039915561676,33,PCC,A,2.9513187408447266,0.0,0.6556552052497864,0.5137431621551514,1.1675890684127808,53.24800109863281,0.24604322016239166
dfl_generated,dfl_evaluation_03,0.19858039915561676,33,PCC,B,2.9502110481262207,0.0,0.6862611770629883,0.5137431621551514,1.1675890684127808,53.24800109863281,0.24604322016239166
dfl_generated,dfl_evaluation_03,0.19858039915561676,33,PCC,C,2.9646804332733154,0.0,0.6390867829322815,0.5137431621551514,1.1675890684127808,53.24800109863281,0.24604322016239166
dfl_generated,dfl_evaluation_03,0.19858039915561676,34,PCC,A,2.734978437423706,0.0,0.840303897857666,0.3643687963485718,1.177091360092163,53.24800109863281,0.25800156593322754
dfl_generated,dfl_evaluation_03,0.19858039915561676,34,PCC,B,2.740330934524536,0.0,0.8044552206993103,0.3643687963485718,1.177091360092163,53.24800109863281,0.25800156593322754
dfl_generated,dfl_evaluation_03,0.19858039915561676,34,PCC,C,2.7444307804107666,0.0,0.8136505484580994,0.3643687963485718,1.177091360092163,53.24800109863281,0.25800156593322754
dfl_generated,dfl_evaluation_03,0.19858039915561676,35,PCC,A,2.738133430480957,0.0,0.9221535325050354,0.36136627197265625,1.1750789880752563,53.24800109863281,0.2697325050830841
dfl_generated,dfl_evaluation_03,0.19858039915561676,35,PCC,B,2.7330260276794434,0.0,0.9458057880401611,0.36136627197265625,1.1750789880752563,53.24800109863281,0.2697325050830841
dfl_generated,dfl_evaluation_03,0.19858039915561676,35,PCC,C,2.7413713932037354,0.0,0.9076540470123291,0.36136627197265625,1.1750789880752563,53.24800109863281,0.2697325050830841
dfl_generated,dfl_evaluation_03,0.19858039915561676,36,PCC,A,2.995238780975342,0.0,0.9966192841529846,0.5383059978485107,1.17959725856781,53.24800109863281,0.2689783275127411
dfl_generated,dfl_evaluation_03,0.19858039915561676,36,PCC,B,3.0088868141174316,0.0,0.9476902484893799,0.5383059978485107,1.17959725856781,53.24800109863281,0.2689783275127411
dfl_generated,dfl_evaluation_03,0.19858039915561676,36,PCC,C,3.007578134536743,0.0,0.9422219395637512,0.5383059978485107,1.17959725856781,53.24800109863281,0.2689783275127411
dfl_generated,dfl_evaluation_03,0.19858039915561676,37,PCC,A,3.11100172996521,0.0,0.9014917612075806,0.6031783223152161,1.17803156375885,53.24800109863281,0.27040550112724304
dfl_generated,dfl_evaluation_03,0.19858039915561676,37,PCC,B,3.109429121017456,0.0,0.9326493144035339,0.6031783223152161,1.17803156375885,53.24800109863281,0.27040550112724304
dfl_generated,dfl_evaluation_03,0.19858039915561676,37,PCC,C,3.113619804382324,0.0,0.919228196144104,0.6031783223152161,1.17803156375885,53.24800109863281,0.27040550112724304
dfl_generated,dfl_evaluation_03,0.19858039915561676,38,PCC,A,3.1938507556915283,0.0,0.7811503410339355,0.6654155254364014,1.1843281984329224,53.24800109863281,0.2745681703090668
dfl_generated,dfl_evaluation_03,0.19858039915561676,38,PCC,B,3.1902074813842773,0.0,0.7746816873550415,0.6654155254364014,1.1843281984329224,53.24800109863281,0.2745681703090668
dfl_generated,dfl_evaluation_03,0.19858039915561676,38,PCC,C,3.1967642307281494,0.0,0.8167230486869812,0.6654155254364014,1.1843281984329224,53.24800109863281,0.2745681703090668
dfl_generated,dfl_evaluation_03,0.19858039915561676,39,PCC,A,2.979642868041992,0.0,0.6775181889533997,0.5210045576095581,1.1739003658294678,53.24800109863281,0.258181095123291
dfl_generated,dfl_evaluation_03,0.19858039915561676,39,PCC,B,2.9871888160705566,0.0,0.6513434648513794,0.5210045576095581,1.1739003658294678,53.24800109863281,0.258181095123291
dfl_generated,dfl_evaluation_03,0.19858039915561676,39,PCC,C,2.978334665298462,0.0,0.6684113144874573,0.5210045576095581,1.1739003658294678,53.24800109863281,0.258181095123291
dfl_generated,dfl_evaluation_03,0.19858039915561676,40,PCC,A,3.034658670425415,0.0,0.40108996629714966,0.5631123185157776,1.1774656772613525,53.24800109863281,0.26554226875305176
dfl_generated,dfl_evaluation_03,0.19858039915561676,40,PCC,B,3.0337257385253906,0.0,0.40008172392845154,0.5631123185157776,1.1774656772613525,53.24800109863281,0.26554226875305176
dfl_generated,dfl_evaluation_03,0.19858039915561676,40,PCC,C,3.031156539916992,0.0,0.4155227839946747,0.5631123185157776,1.1774656772613525,53.24800109863281,0.26554226875305176
dfl_generated,dfl_evaluation_03,0.19858039915561676,41,PCC,A,2.964329957962036,0.0,0.1348794847726822,0.5185338854789734,1.1717411279678345,53.24800109863281,0.25999367237091064
dfl_generated,dfl_evaluation_03,0.19858039915561676,41,PCC,B,2.9626951217651367,0.0,0.15471553802490234,0.5185338854789734,1.1717411279678345,53.24800109863281,0.25999367237091064
dfl_generated,dfl_evaluation_03,0.19858039915561676,41,PCC,C,2.9684579372406006,0.0,0.1438474953174591,0.5185338854789734,1.1717411279678345,53.24800109863281,0.25999367237091064
dfl_generated,dfl_evaluation_03,0.19858039915561676,42,PCC,A,2.934040069580078,0.0,0.02352163940668106,0.501911997795105,1.1680872440338135,53.24800109863281,0.259661465883255
dfl_generated,dfl_evaluation_03,0.19858039915561676,42,PCC,B,2.9229094982147217,0.0,0.029120631515979767,0.501911997795105,1.1680872440338135,53.24800109863281,0.259661465883255
dfl_generated,dfl_evaluation_03,0.19858039915561676,42,PCC,C,2.922607898712158,0.0,0.025565365329384804,0.501911997795105,1.1680872440338135,53.24800109863281,0.259661465883255
dfl_generated,dfl_evaluation_03,0.19858039915561676,43,PCC,A,3.0137100219726562,0.0,0.001083760871551931,0.5692486763000488,1.1625372171401978,53.24800109863281,0.27234941720962524
dfl_generated,dfl_evaluation_03,0.19858039915561676,43,PCC,B,3.0200107097625732,0.0,0.0010002083145081997,0.5692486763000488,1.1625372171401978,53.24800109863281,0.27234941720962524
dfl_generated,dfl_evaluation_03,0.19858039915561676,43,PCC,C,3.017099380493164,0.0,0.0010871185222640634,0.5692486763000488,1.1625372171401978,53.24800109863281,0.27234941720962524
dfl_generated,dfl_evaluation_03,0.19858039915561676,44,PCC,A,2.84163761138916,0.0,2.9225882371974876e-06,0.458400696516037,1.1613277196884155,53.24800109863281,0.2515817880630493
dfl_generated,dfl_evaluation_03,0.19858039915561676,44,PCC,B,2.8483173847198486,0.0,3.164644795106142e-06,0.458400696516037,1.1613277196884155,53.24800109863281,0.2515817880630493
dfl_generated,dfl_evaluation_03,0.19858039915561676,44,PCC,C,2.845324754714966,0.0,5.279874585539801e-06,0.458400696516037,1.1613277196884155,53.24800109863281,0.2515817880630493
dfl_generated,dfl_evaluation_03,0.19858039915561676,45,PCC,A,2.7567496299743652,0.0,2.9193593036325183e-06,0.39928483963012695,1.1598690748214722,53.24800109863281,0.25946682691574097
dfl_generated,dfl_evaluation_03,0.19858039915561676,45,PCC,B,2.754514217376709,0.0,2.3648030378353724e-07,0.39928483963012695,1.1598690748214722,53.24800109863281,0.25946682691574097
dfl_generated,dfl_evaluation_03,0.19858039915561676,45,PCC,C,2.759269952774048,0.0,0.0,0.39928483963012695,1.1598690748214722,53.24800109863281,0.25946682691574097
dfl_generated,dfl_evaluation_03,0.19858039915561676,46,PCC,A,2.705479621887207,0.0,7.496249509131303e-06,0.3637107312679291,1.1575331687927246,53.24800109863281,0.2733425796031952
dfl_generated,dfl_evaluation_03,0.19858039915561676,46,PCC,B,2.7083160877227783,0.0,0.0,0.3637107312679291,1.1575331687927246,53.24800109863281,0.2733425796031952
dfl_generated,dfl_evaluation_03,0.19858039915561676,46,PCC,C,2.7051169872283936,0.0,0.0,0.3637107312679291,1.1575331687927246,53.24800109863281,0.2733425796031952
dfl_generated,dfl_evaluation_03,0.19858039915561676,47,PCC,A,2.678150177001953,0.0,2.7894102458958514e-06,0.34759950637817383,1.155842661857605,53.24800109863281,0.2783965766429901
dfl_generated,dfl_evaluation_03,0.19858039915561676,47,PCC,B,2.6819982528686523,0.0,2.762831400104915e-06,0.34759950637817383,1.155842661857605,53.24800109863281,0.2783965766429901
dfl_generated,dfl_evaluation_03,0.19858039915561676,47,PCC,C,2.6819984912872314,0.0,0.0,0.34759950637817383,1.155842661857605,53.24800109863281,0.2783965766429901
dfl_generated,dfl_evaluation_04,0.19858039915561676,0,PCC,A,2.601475715637207,0.0,0.0,0.29431068897247314,1.156366229057312,53.24800109863281,0.29157835245132446
dfl_generated,dfl_evaluation_04,0.19858039915561676,0,PCC,B,2.6018483638763428,0.0,2.51382357419061e-06,0.29431068897247314,1.156366229057312,53.24800109863281,0.29157835245132446
dfl_generated,dfl_evaluation_04,0.19858039915561676,0,PCC,C,2.599947690963745,0.0,3.5755276712734485e-06,0.29431068897247314,1.156366229057312,53.24800109863281,0.29157835245132446
dfl_generated,dfl_evaluation_04,0.19858039915561676,1,PCC,A,2.636209726333618,0.0,1.4974103805798222e-06,0.3179371654987335,1.1557859182357788,53.24800109863281,0.3010127544403076
dfl_generated,dfl_evaluation_04,0.19858039915561676,1,PCC,B,2.6367735862731934,0.0,0.0,0.3179371654987335,1.1557859182357788,53.24800109863281,0.3010127544403076
dfl_generated,dfl_evaluation_04,0.19858039915561676,1,PCC,C,2.637380599975586,0.0,1.798209495973424e-06,0.3179371654987335,1.1557859182357788,53.24800109863281,0.3010127544403076
dfl_generated,dfl_evaluation_04,0.19858039915561676,2,PCC,A,2.4963667392730713,0.0,0.0,0.2232462614774704,1.1550832986831665,53.24800109863281,0.29531779885292053
dfl_generated,dfl_evaluation_04,0.19858039915561676,2,PCC,B,2.494783639907837,0.0,0.0,0.2232462614774704,1.1550832986831665,53.24800109863281,0.29531779885292053
dfl_generated,dfl_evaluation_04,0.19858039915561676,2,PCC,C,2.4965009689331055,0.0,3.861058303300524e-06,0.2232462614774704,1.1550832986831665,53.24800109863281,0.29531779885292053
dfl_generated,dfl_evaluation_04,0.19858039915561676,3,PCC,A,2.552217483520508,0.0,0.0,0.2633455991744995,1.1538907289505005,53.24800109863281,0.29511934518814087
dfl_generated,dfl_evaluation_04,0.19858039915561676,3,PCC,B,2.5529022216796875,0.0,0.0,0.2633455991744995,1.1538907289505005,53.24800109863281,0.29511934518814087
dfl_generated,dfl_evaluation_04,0.19858039915561676,3,PCC,C,2.553349494934082,0.0,2.137451929229428e-06,0.2633455991744995,1.1538907289505005,53.24800109863281,0.29511934518814087
dfl_generated,dfl_evaluation_04,0.19858039915561676,4,PCC,A,2.6142196655273438,0.0,4.728615294880001e-06,0.3060445785522461,1.1529414653778076,53.24800109863281,0.2824256122112274
dfl_generated,dfl_evaluation_04,0.19858039915561676,4,PCC,B,2.6135098934173584,0.0,1.9862836779793724e-06,0.3060445785522461,1.1529414653778076,53.24800109863281,0.2824256122112274
dfl_generated,dfl_evaluation_04,0.19858039915561676,4,PCC,C,2.613295555114746,0.0,6.851557259324181e-07,0.3060445785522461,1.1529414653778076,53.24800109863281,0.2824256122112274
dfl_generated,dfl_evaluation_04,0.19858039915561676,5,PCC,A,2.585977077484131,0.0,0.0016028545796871185,0.2850128710269928,1.1543859243392944,53.24800109863281,0.27461519837379456
dfl_generated,dfl_evaluation_04,0.19858039915561676,5,PCC,B,2.585494041442871,0.0,0.0010208329185843468,0.2850128710269928,1.1543859243392944,53.24800109863281,0.27461519837379456
dfl_generated,dfl_evaluation_04,0.19858039915561676,5,PCC,C,2.5848846435546875,0.0,0.0010539958020672202,0.2850128710269928,1.1543859243392944,53.24800109863281,0.27461519837379456
dfl_generated,dfl_evaluation_04,0.19858039915561676,6,PCC,A,2.777367353439331,0.0,0.027281926944851875,0.4131304621696472,1.1560842990875244,53.24800109863281,0.2616328001022339
dfl_generated,dfl_evaluation_04,0.19858039915561676,6,PCC,B,2.775181531906128,0.0,0.028916731476783752,0.4131304621696472,1.1560842990875244,53.24800109863281,0.2616328001022339
dfl_generated,dfl_evaluation_04,0.19858039915561676,6,PCC,C,2.7779083251953125,0.0,0.028027299791574478,0.4131304621696472,1.1560842990875244,53.24800109863281,0.2616328001022339
dfl_generated,dfl_evaluation_04,0.19858039915561676,7,PCC,A,3.0394837856292725,0.0,0.16083259880542755,0.5887197852134705,1.1619515419006348,53.24800109863281,0.25470197200775146
dfl_generated,dfl_evaluation_04,0.19858039915561676,7,PCC,B,3.0394930839538574,0.0,0.17052192986011505,0.5887197852134705,1.1619515419006348,53.24800109863281,0.25470197200775146
dfl_generated,dfl_evaluation_04,0.19858039915561676,7,PCC,C,3.0370497703552246,0.0,0.16662642359733582,0.5887197852134705,1.1619515419006348,53.24800109863281,0.25470197200775146
dfl_generated,dfl_evaluation_04,0.19858039915561676,8,PCC,A,2.8012146949768066,0.0,0.4408332407474518,0.41616514325141907,1.1649794578552246,53.24800109863281,0.2512039840221405
dfl_generated,dfl_evaluation_04,0.19858039915561676,8,PCC,B,2.8004074096679688,0.0,0.42049723863601685,0.41616514325141907,1.1649794578552246,53.24800109863281,0.2512039840221405
dfl_generated,dfl_evaluation_04,0.19858039915561676,8,PCC,C,2.803934097290039,0.0,0.41087284684181213,0.41616514325141907,1.1649794578552246,53.24800109863281,0.2512039840221405
dfl_generated,dfl_evaluation_04,0.19858039915561676,9,PCC,A,2.9574215412139893,0.0,0.6372563242912292,0.5137431621551514,1.1721880435943604,53.24800109863281,0.22768881916999817
dfl_generated,dfl_evaluation_04,0.19858039915561676,9,PCC,B,2.954709768295288,0.0,0.680938720703125,0.5137431621551514,1.1721880435943604,53.24800109863281,0.22768881916999817
dfl_generated,dfl_evaluation_04,0.19858039915561676,9,PCC,C,2.953143358230591,0.0,0.6677744388580322,0.5137431621551514,1.1721880435943604,53.24800109863281,0.22768881916999817
dfl_generated,dfl_evaluation_04,0.19858039915561676,10,PCC,A,2.7442514896392822,0.0,0.8082950711250305,0.3643687963485718,1.1754289865493774,53.24800109863281,0.257696270942688
dfl_generated,dfl_evaluation_04,0.19858039915561676,10,PCC,B,2.7409701347351074,0.0,0.8124769926071167,0.3643687963485718,1.1754289865493774,53.24800109863281,0.257696270942688
dfl_generated,dfl_evaluation_04,0.19858039915561676,10,PCC,C,2.749934673309326,0.0,0.8226529955863953,0.3643687963485718,1.1754289865493774,53.24800109863281,0.257696270942688
dfl_generated,dfl_evaluation_04,0.19858039915561676,11,PCC,A,2.7468955516815186,0.0,0.8880125284194946,0.36136627197265625,1.1777663230895996,53.24800109863281,0.2661484181880951
dfl_generated,dfl_evaluation_04,0.19858039915561676,11,PCC,B,2.742265462875366,0.0,0.8572771549224854,0.36136627197265625,1.1777663230895996,53.24800109863281,0.2661484181880951
dfl_generated,dfl_evaluation_04,0.19858039915561676,11,PCC,C,2.7464239597320557,0.0,0.8742903470993042,0.36136627197265625,1.1777663230895996,53.24800109863281,0.2661484181880951
dfl_generated,dfl_evaluation_04,0.19858039915561676,12,PCC,A,3.009141206741333,0.0,0.9031425714492798,0.5383059978485107,1.1823785305023193,53.24800109863281,0.2695699632167816
dfl_generated,dfl_evaluation_04,0.19858039915561676,12,PCC,B,3.0084755420684814,0.0,0.9324647188186646,0.5383059978485107,1.1823785305023193,53.24800109863281,0.2695699632167816
dfl_generated,dfl_evaluation_04,0.19858039915561676,12,PCC,C,3.019843101501465,0.0,0.8922881484031677,0.5383059978485107,1.1823785305023193,53.24800109863281,0.2695699632167816
dfl_generated,dfl_evaluation_04,0.19858039915561676,13,PCC,A,3.108058452606201,0.0,0.9008106589317322,0.6031783223152161,1.1841222047805786,53.24800109863281,0.27080410718917847
dfl_generated,dfl_evaluation_04,0.19858039915561676,13,PCC,B,3.110291004180908,0.0,0.9129044413566589,0.6031783223152161,1.1841222047805786,53.24800109863281,0.27080410718917847
dfl_generated,dfl_evaluation_04,0.19858039915561676,13,PCC,C,3.1133205890655518,0.0,0.9060344696044922,0.6031783223152161,1.1841222047805786,53.24800109863281,0.27080410718917847
dfl_generated,dfl_evaluation_04,0.19858039915561676,14,PCC,A,3.202544927597046,0.0,0.7794686555862427,0.6654155254364014,1.1845316886901855,53.24800109863281,0.2666628360748291
dfl_generated,dfl_evaluation_04,0.19858039915561676,14,PCC,B,3.2070138454437256,0.0,0.8121042847633362,0.6654155254364014,1.1845316886901855,53.24800109863281,0.2666628360748291
dfl_generated,dfl_evaluation_04,0.19858039915561676,14,PCC,C,3.200188636779785,0.0,0.7815847396850586,0.6654155254364014,1.1845316886901855,53.24800109863281,0.2666628360748291
dfl_generated,dfl_evaluation_04,0.19858039915561676,15,PCC,A,2.9877331256866455,0.0,0.6238783597946167,0.5210045576095581,1.1783078908920288,53.24800109863281,0.26607441902160645
dfl_generated,dfl_evaluation_04,0.19858039915561676,15,PCC,B,2.9829094409942627,0.0,0.608454704284668,0.5210045576095581,1.1783078908920288,53.24800109863281,0.26607441902160645
dfl_generated,dfl_evaluation_04,0.19858039915561676,15,PCC,C,2.9848601818084717,0.0,0.6110414862632751,0.5210045576095581,1.1783078908920288,53.24800109863281,0.26607441902160645
dfl_generated,dfl_evaluation_04,0.19858039915561676,16,PCC,A,3.0365657806396484,0.0,0.4016660153865814,0.5631123185157776,1.1776899099349976,53.24800109863281,0.25975438952445984
dfl_generated,dfl_evaluation_04,0.19858039915561676,16,PCC,B,3.0413291454315186,0.0,0.4030027687549591,0.5631123185157776,1.1776899099349976,53.24800109863281,0.25975438952445984
dfl_generated,dfl_evaluation_04,0.19858039915561676,16,PCC,C,3.038139820098877,0.0,0.3893609344959259,0.5631123185157776,1.1776899099349976,53.24800109863281,0.25975438952445984
dfl_generated,dfl_evaluation_04,0.19858039915561676,17,PCC,A,2.9690935611724854,0.0,0.15916144847869873,0.5185338854789734,1.1715975999832153,53.24800109863281,0.2593943774700165
dfl_generated,dfl_evaluation_04,0.19858039915561676,17,PCC,B,2.965634822845459,0.0,0.146650493144989,0.5185338854789734,1.1715975999832153,53.24800109863281,0.2593943774700165
dfl_generated,dfl_evaluation_04,0.19858039915561676,17,PCC,C,2.9649763107299805,0.0,0.1433546096086502,0.5185338854789734,1.1715975999832153,53.24800109863281,0.2593943774700165
dfl_generated,dfl_evaluation_04,0.19858039915561676,18,PCC,A,2.9267680644989014,0.0,0.02783937007188797,0.501911997795105,1.1661745309829712,53.24800109863281,0.2578785717487335
dfl_generated,dfl_evaluation_04,0.19858039915561676,18,PCC,B,2.93037748336792,0.0,0.029052861034870148,0.501911997795105,1.1661745309829712,53.24800109863281,0.2578785717487335
dfl_generated,dfl_evaluation_04,0.19858039915561676,18,PCC,C,2.926835298538208,0.0,0.02622642181813717,0.501911997795105,1.1661745309829712,53.24800109863281,0.2578785717487335
dfl_generated,dfl_evaluation_04,0.19858039915561676,19,PCC,A,3.014090061187744,0.0,0.0010542094241827726,0.5692486763000488,1.1624187231063843,53.24800109863281,0.26546424627304077
dfl_generated,dfl_evaluation_04,0.19858039915561676,19,PCC,B,3.0103793144226074,0.0,0.0012949930969625711,0.5692486763000488,1.1624187231063843,53.24800109863281,0.26546424627304077
dfl_generated,dfl_evaluation_04,0.19858039915561676,19,PCC,C,3.0134592056274414,0.0,0.001051924074999988,0.5692486763000488,1.1624187231063843,53.24800109863281,0.26546424627304077
dfl_generated,dfl_evaluation_04,0.19858039915561676,20,PCC,A,2.8482494354248047,0.0,1.4618814248024137e-06,0.458400696516037,1.1614314317703247,53.24800109863281,0.2654440999031067
dfl_generated,dfl_evaluation_04,0.19858039915561676,20,PCC,B,2.8504600524902344,0.0,0.0,0.458400696516037,1.1614314317703247,53.24800109863281,0.2654440999031067
dfl_generated,dfl_evaluation_04,0.19858039915561676,20,PCC,C,2.850975751876831,0.0,2.4961645976873115e-06,0.458400696516037,1.1614314317703247,53.24800109863281,0.2654440999031067
dfl_generated,dfl_evaluation_04,0.19858039915561676,21,PCC,A,2.761465072631836,0.0,3.953516170440707e-06,0.39928483963012695,1.1607424020767212,53.24800109863281,0.27289411425590515
dfl_generated,dfl_evaluation_04,0.19858039915561676,21,PCC,B,2.7618675231933594,0.0,2.8266872504900675e-06,0.39928483963012695,1.1607424020767212,53.24800109863281,0.27289411425590515
dfl_generated,dfl_evaluation_04,0.19858039915561676,21,PCC,C,2.7578065395355225,0.0,0.0,0.39928483963012695,1.1607424020767212,53.24800109863281,0.27289411425590515
dfl_generated,dfl_evaluation_04,0.19858039915561676,22,PCC,A,2.7056217193603516,0.0,0.0,0.3637107312679291,1.158406376838684,53.24800109863281,0.2763916850090027
dfl_generated,dfl_evaluation_04,0.19858039915561676,22,PCC,B,2.7070000171661377,0.0,3.484474746073829e-06,0.3637107312679291,1.158406376838684,53.24800109863281,0.2763916850090027
dfl_generated,dfl_evaluation_04,0.19858039915561676,22,PCC,C,2.706146717071533,0.0,1.4526258382829838e-06,0.3637107312679291,1.158406376838684,53.24800109863281,0.2763916850090027
dfl_generated,dfl_evaluation_04,0.19858039915561676,23,PCC,A,2.678879499435425,0.0,1.0821081559697632e-06,0.34759950637817383,1.157842993736267,53.24800109863281,0.2877514958381653
dfl_generated,dfl_evaluation_04,0.19858039915561676,23,PCC,B,2.684800148010254,0.0,0.0,0.34759950637817383,1.157842993736267,53.24800109863281,0.2877514958381653
dfl_generated,dfl_evaluation_04,0.19858039915561676,23,PCC,C,2.6816370487213135,0.0,2.3152754238253692e-06,0.34759950637817383,1.157842993736267,53.24800109863281,0.2877514958381653
dfl_generated,dfl_evaluation_04,0.19858039915561676,24,PCC,A,2.6010324954986572,0.0,0.0,0.29431068897247314,1.1554620265960693,53.24800109863281,0.2909381091594696
dfl_generated,dfl_evaluation_04,0.19858039915561676,24,PCC,B,2.6013855934143066,0.0,0.0,0.29431068897247314,1.1554620265960693,53.24800109863281,0.2909381091594696
dfl_generated,dfl_evaluation_04,0.19858039915561676,24,PCC,C,2.6010565757751465,0.0,5.503698957909364e-06,0.29431068897247314,1.1554620265960693,53.24800109863281,0.2909381091594696
dfl_generated,dfl_evaluation_04,0.19858039915561676,25,PCC,A,2.6352555751800537,0.0,0.0,0.3179371654987335,1.1547833681106567,34.72425079345703,0.286338210105896
dfl_generated,dfl_evaluation_04,0.19858039915561676,25,PCC,B,2.6336803436279297,0.0,0.0,0.3179371654987335,1.1547833681106567,34.72425079345703,0.286338210105896
dfl_generated,dfl_evaluation_04,0.19858039915561676,25,PCC,C,2.6361539363861084,0.0,3.93488562622224e-06,0.3179371654987335,1.1547833681106567,34.72425079345703,0.286338210105896
dfl_generated,dfl_evaluation_04,0.19858039915561676,26,PCC,A,2.496248722076416,0.0,0.0,0.2232462614774704,1.1547812223434448,34.72425079345703,0.2973254323005676
dfl_generated,dfl_evaluation_04,0.19858039915561676,26,PCC,B,2.4956963062286377,0.0,0.0,0.2232462614774704,1.1547812223434448,34.72425079345703,0.2973254323005676
dfl_generated,dfl_evaluation_04,0.19858039915561676,26,PCC,C,2.4941189289093018,0.0,2.657446884768433e-06,0.2232462614774704,1.1547812223434448,34.72425079345703,0.2973254323005676
dfl_generated,dfl_evaluation_04,0.19858039915561676,27,PCC,A,2.552635669708252,0.0,0.0,0.2633455991744995,1.1535968780517578,53.24800109863281,0.296932578086853
dfl_generated,dfl_evaluation_04,0.19858039915561676,27,PCC,B,2.5528085231781006,0.0,0.0,0.2633455991744995,1.1535968780517578,53.24800109863281,0.296932578086853
dfl_generated,dfl_evaluation_04,0.19858039915561676,27,PCC,C,2.5552735328674316,0.0,0.0,0.2633455991744995,1.1535968780517578,53.24800109863281,0.296932578086853
dfl_generated,dfl_evaluation_04,0.19858039915561676,28,PCC,A,2.613309860229492,0.0,7.4826134550676215e-06,0.3060445785522461,1.1537693738937378,53.24800109863281,0.27996012568473816
dfl_generated,dfl_evaluation_04,0.19858039915561676,28,PCC,B,2.6144423484802246,0.0,0.0,0.3060445785522461,1.1537693738937378,53.24800109863281,0.27996012568473816
dfl_generated,dfl_evaluation_04,0.19858039915561676,28,PCC,C,2.6137583255767822,0.0,6.62115871818969e-06,0.3060445785522461,1.1537693738937378,53.24800109863281,0.27996012568473816
dfl_generated,dfl_evaluation_04,0.19858039915561676,29,PCC,A,2.585767984390259,0.0,0.001418325467966497,0.2850128710269928,1.1533993482589722,53.24800109863281,0.26460766792297363
dfl_generated,dfl_evaluation_04,0.19858039915561676,29,PCC,B,2.5875062942504883,0.0,0.0013985742116346955,0.2850128710269928,1.1533993482589722,53.24800109863281,0.26460766792297363
dfl_generated,dfl_evaluation_04,0.19858039915561676,29,PCC,C,2.585242748260498,0.0,0.00156132853589952,0.2850128710269928,1.1533993482589722,53.24800109863281,0.26460766792297363
dfl_generated,dfl_evaluation_04,0.19858039915561676,30,PCC,A,2.7727785110473633,0.0,0.029736751690506935,0.4131304621696472,1.1568838357925415,121.88175201416016,0.2591401934623718
dfl_generated,dfl_evaluation_04,0.19858039915561676,30,PCC,B,2.7725961208343506,0.0,0.027201883494853973,0.4131304621696472,1.1568838357925415,121.88175201416016,0.2591401934623718
dfl_generated,dfl_evaluation_04,0.19858039915561676,30,PCC,C,2.773947238922119,0.0,0.029236791655421257,0.4131304621696472,1.1568838357925415,121.88175201416016,0.2591401934623718
dfl_generated,dfl_evaluation_04,0.19858039915561676,31,PCC,A,3.0416641235351562,0.0,0.1703025847673416,0.5887197852134705,1.1612321138381958,121.88175201416016,0.25671160221099854
dfl_generated,dfl_evaluation_04,0.19858039915561676,31,PCC,B,3.0403430461883545,0.0,0.16126829385757446,0.5887197852134705,1.1612321138381958,121.88175201416016,0.25671160221099854
dfl_generated,dfl_evaluation_04,0.19858039915561676,31,PCC,C,3.038851022720337,0.0,0.16767427325248718,0.5887197852134705,1.1612321138381958,121.88175201416016,0.25671160221099854
dfl_generated,dfl_evaluation_04,0.19858039915561676,32,PCC,A,2.7942886352539062,0.0,0.45778748393058777,0.41616514325141907,1.1653897762298584,121.88175201416016,0.2459610104560852
dfl_generated,dfl_evaluation_04,0.19858039915561676,32,PCC,B,2.7979772090911865,0.0,0.43212270736694336,0.41616514325141907,1.1653897762298584,121.88175201416016,0.2459610104560852
dfl_generated,dfl_evaluation_04,0.19858039915561676,32,PCC,C,2.8024814128875732,0.0,0.43745821714401245,0.41616514325141907,1.1653897762298584,121.88175201416016,0.2459610104560852
dfl_generated,dfl_evaluation_04,0.19858039915561676,33,PCC,A,2.952641725540161,0.0,0.6905550360679626,0.5137431621551514,1.171055793762207,121.88175201416016,0.2533756196498871
dfl_generated,dfl_evaluation_04,0.19858039915561676,33,PCC,B,2.954369068145752,0.0,0.6547889709472656,0.5137431621551514,1.171055793762207,121.88175201416016,0.2533756196498871
dfl_generated,dfl_evaluation_04,0.19858039915561676,33,PCC,C,2.957996129989624,0.0,0.6544936895370483,0.5137431621551514,1.171055793762207,121.88175201416016,0.2533756196498871
dfl_generated,dfl_evaluation_04,0.19858039915561676,34,PCC,A,2.745743751525879,0.0,0.8171181082725525,0.3643687963485718,1.1774903535842896,53.24800109863281,0.2585034668445587
dfl_generated,dfl_evaluation_04,0.19858039915561676,34,PCC,B,2.7497060298919678,0.0,0.8009341359138489,0.3643687963485718,1.1774903535842896,53.24800109863281,0.2585034668445587
dfl_generated,dfl_evaluation_04,0.19858039915561676,34,PCC,C,2.743528366088867,0.0,0.8392859101295471,0.3643687963485718,1.1774903535842896,53.24800109863281,0.2585034668445587
dfl_generated,dfl_evaluation_04,0.19858039915561676,35,PCC,A,2.7448012828826904,0.0,0.9009209871292114,0.36136627197265625,1.176267147064209,53.24800109863281,0.2680230438709259
dfl_generated,dfl_evaluation_04,0.19858039915561676,35,PCC,B,2.743847370147705,0.0,0.9124951958656311,0.36136627197265625,1.176267147064209,53.24800109863281,0.2680230438709259
dfl_generated,dfl_evaluation_04,0.19858039915561676,35,PCC,C,2.7483882904052734,0.0,0.900134801864624,0.36136627197265625,1.176267147064209,53.24800109863281,0.2680230438709259
dfl_generated,dfl_evaluation_04,0.19858039915561676,36,PCC,A,3.0148558616638184,0.0,0.9484869241714478,0.5383059978485107,1.177412509918213,34.72425079345703,0.27487629652023315
dfl_generated,dfl_evaluation_04,0.19858039915561676,36,PCC,B,3.0171332359313965,0.0,0.9426898956298828,0.5383059978485107,1.177412509918213,34.72425079345703,0.27487629652023315
dfl_generated,dfl_evaluation_04,0.19858039915561676,36,PCC,C,3.010587692260742,0.0,0.9309016466140747,0.5383059978485107,1.177412509918213,34.72425079345703,0.27487629652023315
dfl_generated,dfl_evaluation_04,0.19858039915561676,37,PCC,A,3.1132705211639404,0.0,0.9419805407524109,0.6031783223152161,1.1796326637268066,34.72425079345703,0.2738924026489258
dfl_generated,dfl_evaluation_04,0.19858039915561676,37,PCC,B,3.104595422744751,0.0,0.9108128547668457,0.6031783223152161,1.1796326637268066,34.72425079345703,0.2738924026489258
dfl_generated,dfl_evaluation_04,0.19858039915561676,37,PCC,C,3.104865550994873,0.0,0.8867418169975281,0.6031783223152161,1.1796326637268066,34.72425079345703,0.2738924026489258
dfl_generated,dfl_evaluation_04,0.19858039915561676,38,PCC,A,3.2034096717834473,0.0,0.787143886089325,0.6654155254364014,1.1836854219436646,34.72425079345703,0.26951175928115845
dfl_generated,dfl_evaluation_04,0.19858039915561676,38,PCC,B,3.197197198867798,0.0,0.7930366396903992,0.6654155254364014,1.1836854219436646,34.72425079345703,0.26951175928115845
dfl_generated,dfl_evaluation_04,0.19858039915561676,38,PCC,C,3.201897144317627,0.0,0.8335080146789551,0.6654155254364014,1.1836854219436646,34.72425079345703,0.26951175928115845
dfl_generated,dfl_evaluation_04,0.19858039915561676,39,PCC,A,2.981771469116211,0.0,0.6360577940940857,0.5210045576095581,1.1790623664855957,34.72425079345703,0.2638126611709595
dfl_generated,dfl_evaluation_04,0.19858039915561676,39,PCC,B,2.98099684715271,0.0,0.631763219833374,0.5210045576095581,1.1790623664855957,34.72425079345703,0.2638126611709595
dfl_generated,dfl_evaluation_04,0.19858039915561676,39,PCC,C,2.9822709560394287,0.0,0.6468008756637573,0.5210045576095581,1.1790623664855957,34.72425079345703,0.2638126611709595
dfl_generated,dfl_evaluation_04,0.19858039915561676,40,PCC,A,3.0498220920562744,0.0,0.4186275899410248,0.5631123185157776,1.1781282424926758,53.24800109863281,0.26274725794792175
dfl_generated,dfl_evaluation_04,0.19858039915561676,40,PCC,B,3.038895845413208,0.0,0.3901239335536957,0.5631123185157776,1.1781282424926758,53.24800109863281,0.26274725794792175
dfl_generated,dfl_evaluation_04,0.19858039915561676,40,PCC,C,3.0435426235198975,0.0,0.3973264992237091,0.5631123185157776,1.1781282424926758,53.24800109863281,0.26274725794792175
dfl_generated,dfl_evaluation_04,0.19858039915561676,41,PCC,A,2.9642274379730225,0.0,0.1376824676990509,0.5185338854789734,1.171141266822815,53.24800109863281,0.26246869564056396
dfl_generated,dfl_evaluation_04,0.19858039915561676,41,PCC,B,2.9692370891571045,0.0,0.14671839773654938,0.5185338854789734,1.171141266822815,53.24800109863281,0.26246869564056396
dfl_generated,dfl_evaluation_04,0.19858039915561676,41,PCC,C,2.9732542037963867,0.0,0.14788895845413208,0.5185338854789734,1.171141266822815,53.24800109863281,0.26246869564056396
dfl_generated,dfl_evaluation_04,0.19858039915561676,42,PCC,A,2.9363372325897217,0.0,0.025088854134082794,0.501911997795105,1.16838800907135,53.24800109863281,0.26142647862434387
dfl_generated,dfl_evaluation_04,0.19858039915561676,42,PCC,B,2.924795627593994,0.0,0.0304268766194582,0.501911997795105,1.16838800907135,53.24800109863281,0.26142647862434387
dfl_generated,dfl_evaluation_04,0.19858039915561676,42,PCC,C,2.9264111518859863,0.0,0.026629727333784103,0.501911997795105,1.16838800907135,53.24800109863281,0.26142647862434387
dfl_generated,dfl_evaluation_04,0.19858039915561676,43,PCC,A,3.020209550857544,0.0,0.0012526100035756826,0.5692486763000488,1.1608610153198242,53.24800109863281,0.26621973514556885
dfl_generated,dfl_evaluation_04,0.19858039915561676,43,PCC,B,3.0207645893096924,0.0,0.0011065963190048933,0.5692486763000488,1.1608610153198242,53.24800109863281,0.26621973514556885
dfl_generated,dfl_evaluation_04,0.19858039915561676,43,PCC,C,3.013845682144165,0.0,0.0011265461798757315,0.5692486763000488,1.1608610153198242,53.24800109863281,0.26621973514556885
dfl_generated,dfl_evaluation_04,0.19858039915561676,44,PCC,A,2.8484950065612793,0.0,2.9651371846739494e-07,0.458400696516037,1.160521388053894,53.24800109863281,0.25949618220329285
dfl_generated,dfl_evaluation_04,0.19858039915561676,44,PCC,B,2.852243423461914,0.0,6.249319426387956e-07,0.458400696516037,1.160521388053894,53.24800109863281,0.25949618220329285
dfl_generated,dfl_evaluation_04,0.19858039915561676,44,PCC,C,2.8494935035705566,0.0,7.170861863414757e-06,0.458400696516037,1.160521388053894,53.24800109863281,0.25949618220329285
dfl_generated,dfl_evaluation_04,0.19858039915561676,45,PCC,A,2.7629785537719727,0.0,0.0,0.39928483963012695,1.1593847274780273,53.24800109863281,0.27123382687568665
dfl_generated,dfl_evaluation_04,0.19858039915561676,45,PCC,B,2.7599661350250244,0.0,0.0,0.39928483963012695,1.1593847274780273,53.24800109863281,0.27123382687568665
dfl_generated,dfl_evaluation_04,0.19858039915561676,45,PCC,C,2.7629380226135254,0.0,0.0,0.39928483963012695,1.1593847274780273,53.24800109863281,0.27123382687568665
dfl_generated,dfl_evaluation_04,0.19858039915561676,46,PCC,A,2.7093896865844727,0.0,8.244890636888158e-07,0.3637107312679291,1.1587210893630981,53.24800109863281,0.27793988585472107
dfl_generated,dfl_evaluation_04,0.19858039915561676,46,PCC,B,2.7066287994384766,0.0,0.0,0.3637107312679291,1.1587210893630981,53.24800109863281,0.27793988585472107
dfl_generated,dfl_evaluation_04,0.19858039915561676,46,PCC,C,2.7075178623199463,0.0,0.0,0.3637107312679291,1.1587210893630981,53.24800109863281,0.27793988585472107
dfl_generated,dfl_evaluation_04,0.19858039915561676,47,PCC,A,2.678738594055176,0.0,1.6635557358313235e-06,0.34759950637817383,1.1571379899978638,53.24800109863281,0.2852809429168701
dfl_generated,dfl_evaluation_04,0.19858039915561676,47,PCC,B,2.679164171218872,0.0,8.963234563452716e-07,0.34759950637817383,1.1571379899978638,53.24800109863281,0.2852809429168701
dfl_generated,dfl_evaluation_04,0.19858039915561676,47,PCC,C,2.679217576980591,0.0,2.5231622657884145e-06,0.34759950637817383,1.1571379899978638,53.24800109863281,0.2852809429168701
dfl_generated,dfl_evaluation_05,0.19858039915561676,0,PCC,A,2.6039164066314697,0.0,1.661352371229441e-06,0.29431068897247314,1.1565685272216797,53.24800109863281,0.29003047943115234
dfl_generated,dfl_evaluation_05,0.19858039915561676,0,PCC,B,2.6014742851257324,0.0,0.0,0.29431068897247314,1.1565685272216797,53.24800109863281,0.29003047943115234
dfl_generated,dfl_evaluation_05,0.19858039915561676,0,PCC,C,2.599517822265625,0.0,3.001716095241136e-06,0.29431068897247314,1.1565685272216797,53.24800109863281,0.29003047943115234
dfl_generated,dfl_evaluation_05,0.19858039915561676,1,PCC,A,2.6346182823181152,0.0,3.4398285606584977e-06,0.3179371654987335,1.1551889181137085,34.72425079345703,0.3011535406112671
dfl_generated,dfl_evaluation_05,0.19858039915561676,1,PCC,B,2.6391263008117676,0.0,5.9221779338258784e-06,0.3179371654987335,1.1551889181137085,34.72425079345703,0.3011535406112671
dfl_generated,dfl_evaluation_05,0.19858039915561676,1,PCC,C,2.633765697479248,0.0,6.0757615756301675e-06,0.3179371654987335,1.1551889181137085,34.72425079345703,0.3011535406112671
dfl_generated,dfl_evaluation_05,0.19858039915561676,2,PCC,A,2.4979701042175293,0.0,4.383204668556573e-06,0.2232462614774704,1.154779076576233,34.72425079345703,0.310304194688797
dfl_generated,dfl_evaluation_05,0.19858039915561676,2,PCC,B,2.4953441619873047,0.0,6.104599378886633e-06,0.2232462614774704,1.154779076576233,34.72425079345703,0.310304194688797
dfl_generated,dfl_evaluation_05,0.19858039915561676,2,PCC,C,2.4993908405303955,0.0,4.7684138735348824e-06,0.2232462614774704,1.154779076576233,34.72425079345703,0.310304194688797
dfl_generated,dfl_evaluation_05,0.19858039915561676,3,PCC,A,2.5529866218566895,0.0,0.0,0.2633455991744995,1.1548041105270386,34.72425079345703,0.2939087748527527
dfl_generated,dfl_evaluation_05,0.19858039915561676,3,PCC,B,2.5527219772338867,0.0,2.446681151013763e-07,0.2633455991744995,1.1548041105270386,34.72425079345703,0.2939087748527527
dfl_generated,dfl_evaluation_05,0.19858039915561676,3,PCC,C,2.5527000427246094,0.0,0.0,0.2633455991744995,1.1548041105270386,34.72425079345703,0.2939087748527527
dfl_generated,dfl_evaluation_05,0.19858039915561676,4,PCC,A,2.6147680282592773,0.0,0.0,0.3060445785522461,1.1535547971725464,34.72425079345703,0.282990038394928
dfl_generated,dfl_evaluation_05,0.19858039915561676,4,PCC,B,2.614070415496826,0.0,2.293275201736833e-06,0.3060445785522461,1.1535547971725464,34.72425079345703,0.282990038394928
dfl_generated,dfl_evaluation_05,0.19858039915561676,4,PCC,C,2.61503267288208,0.0,2.3516040528193116e-06,0.3060445785522461,1.1535547971725464,34.72425079345703,0.282990038394928
dfl_generated,dfl_evaluation_05,0.19858039915561676,5,PCC,A,2.5853567123413086,0.0,0.0013985543046146631,0.2850128710269928,1.1552355289459229,34.72425079345703,0.2754223048686981
dfl_generated,dfl_evaluation_05,0.19858039915561676,5,PCC,B,2.5850870609283447,0.0,0.001693158526904881,0.2850128710269928,1.1552355289459229,34.72425079345703,0.2754223048686981
dfl_generated,dfl_evaluation_05,0.19858039915561676,5,PCC,C,2.5838582515716553,0.0,0.0010634958744049072,0.2850128710269928,1.1552355289459229,34.72425079345703,0.2754223048686981
dfl_generated,dfl_evaluation_05,0.19858039915561676,6,PCC,A,2.776198387145996,0.0,0.03304634615778923,0.4131304621696472,1.1564838886260986,53.24800109863281,0.25959640741348267
dfl_generated,dfl_evaluation_05,0.19858039915561676,6,PCC,B,2.7747466564178467,0.0,0.028471415862441063,0.4131304621696472,1.1564838886260986,53.24800109863281,0.25959640741348267
dfl_generated,dfl_evaluation_05,0.19858039915561676,6,PCC,C,2.774627447128296,0.0,0.031541597098112106,0.4131304621696472,1.1564838886260986,53.24800109863281,0.25959640741348267
dfl_generated,dfl_evaluation_05,0.19858039915561676,7,PCC,A,3.042177200317383,0.0,0.1669735610485077,0.5887197852134705,1.1621133089065552,53.24800109863281,0.2538176476955414
dfl_generated,dfl_evaluation_05,0.19858039915561676,7,PCC,B,3.0387227535247803,0.0,0.17683690786361694,0.5887197852134705,1.1621133089065552,53.24800109863281,0.2538176476955414
dfl_generated,dfl_evaluation_05,0.19858039915561676,7,PCC,C,3.03825044631958,0.0,0.14758296310901642,0.5887197852134705,1.1621133089065552,53.24800109863281,0.2538176476955414
dfl_generated,dfl_evaluation_05,0.19858039915561676,8,PCC,A,2.8040943145751953,0.0,0.41807571053504944,0.41616514325141907,1.1661946773529053,53.24800109863281,0.24850402772426605
dfl_generated,dfl_evaluation_05,0.19858039915561676,8,PCC,B,2.805449962615967,0.0,0.43539664149284363,0.41616514325141907,1.1661946773529053,53.24800109863281,0.24850402772426605
dfl_generated,dfl_evaluation_05,0.19858039915561676,8,PCC,C,2.804102659225464,0.0,0.4398137032985687,0.41616514325141907,1.1661946773529053,53.24800109863281,0.24850402772426605
dfl_generated,dfl_evaluation_05,0.19858039915561676,9,PCC,A,2.962833881378174,0.0,0.640786349773407,0.5137431621551514,1.1723790168762207,53.24800109863281,0.21713708341121674
dfl_generated,dfl_evaluation_05,0.19858039915561676,9,PCC,B,2.954914093017578,0.0,0.7096858620643616,0.5137431621551514,1.1723790168762207,53.24800109863281,0.21713708341121674
dfl_generated,dfl_evaluation_05,0.19858039915561676,9,PCC,C,2.956098794937134,0.0,0.6617773175239563,0.5137431621551514,1.1723790168762207,53.24800109863281,0.21713708341121674
dfl_generated,dfl_evaluation_05,0.19858039915561676,10,PCC,A,2.7481415271759033,0.0,0.8284489512443542,0.3643687963485718,1.1761395931243896,53.24800109863281,0.25822868943214417
dfl_generated,dfl_evaluation_05,0.19858039915561676,10,PCC,B,2.732459545135498,0.0,0.8402451276779175,0.3643687963485718,1.1761395931243896,53.24800109863281,0.25822868943214417
dfl_generated,dfl_evaluation_05,0.19858039915561676,10,PCC,C,2.749113082885742,0.0,0.7879636287689209,0.3643687963485718,1.1761395931243896,53.24800109863281,0.25822868943214417
dfl_generated,dfl_evaluation_05,0.19858039915561676,11,PCC,A,2.751469850540161,0.0,0.8825089335441589,0.36136627197265625,1.183691382408142,53.24800109863281,0.2676960229873657
dfl_generated,dfl_evaluation_05,0.19858039915561676,11,PCC,B,2.7379212379455566,0.0,0.8427791595458984,0.36136627197265625,1.183691382408142,53.24800109863281,0.2676960229873657
dfl_generated,dfl_evaluation_05,0.19858039915561676,11,PCC,C,2.737851142883301,0.0,0.8616437911987305,0.36136627197265625,1.183691382408142,53.24800109863281,0.2676960229873657
dfl_generated,dfl_evaluation_05,0.19858039915561676,12,PCC,A,3.012944459915161,0.0,0.9384544491767883,0.5383059978485107,1.1809567213058472,53.24800109863281,0.2621470093727112
dfl_generated,dfl_evaluation_05,0.19858039915561676,12,PCC,B,3.015643358230591,0.0,0.8894746899604797,0.5383059978485107,1.1809567213058472,53.24800109863281,0.2621470093727112
dfl_generated,dfl_evaluation_05,0.19858039915561676,12,PCC,C,3.0282764434814453,0.0,0.8667267560958862,0.5383059978485107,1.1809567213058472,53.24800109863281,0.2621470093727112
dfl_generated,dfl_evaluation_05,0.19858039915561676,13,PCC,A,3.1307871341705322,0.0,0.9360206723213196,0.6031783223152161,1.186094880104065,53.24800109863281,0.2682754099369049
dfl_generated,dfl_evaluation_05,0.19858039915561676,13,PCC,B,3.1170339584350586,0.0,0.9188792705535889,0.6031783223152161,1.186094880104065,53.24800109863281,0.2682754099369049
dfl_generated,dfl_evaluation_05,0.19858039915561676,13,PCC,C,3.127030611038208,0.0,0.9012649655342102,0.6031783223152161,1.186094880104065,53.24800109863281,0.2682754099369049
dfl_generated,dfl_evaluation_05,0.19858039915561676,14,PCC,A,3.1985177993774414,0.0,0.7974675297737122,0.6654155254364014,1.186787724494934,53.24800109863281,0.2675752341747284
dfl_generated,dfl_evaluation_05,0.19858039915561676,14,PCC,B,3.2117857933044434,0.0,0.8209185600280762,0.6654155254364014,1.186787724494934,53.24800109863281,0.2675752341747284
dfl_generated,dfl_evaluation_05,0.19858039915561676,14,PCC,C,3.193305015563965,0.0,0.7547947764396667,0.6654155254364014,1.186787724494934,53.24800109863281,0.2675752341747284
dfl_generated,dfl_evaluation_05,0.19858039915561676,15,PCC,A,2.986926794052124,0.0,0.6504642367362976,0.5210045576095581,1.1822317838668823,53.24800109863281,0.2647235691547394
dfl_generated,dfl_evaluation_05,0.19858039915561676,15,PCC,B,2.9873578548431396,0.0,0.5982335209846497,0.5210045576095581,1.1822317838668823,53.24800109863281,0.2647235691547394
dfl_generated,dfl_evaluation_05,0.19858039915561676,15,PCC,C,2.990463972091675,0.0,0.5989956259727478,0.5210045576095581,1.1822317838668823,53.24800109863281,0.2647235691547394
dfl_generated,dfl_evaluation_05,0.19858039915561676,16,PCC,A,3.0526535511016846,0.0,0.4334442615509033,0.5631123185157776,1.1803594827651978,53.24800109863281,0.26221171021461487
dfl_generated,dfl_evaluation_05,0.19858039915561676,16,PCC,B,3.050138473510742,0.0,0.4050471782684326,0.5631123185157776,1.1803594827651978,53.24800109863281,0.26221171021461487
dfl_generated,dfl_evaluation_05,0.19858039915561676,16,PCC,C,3.03132963180542,0.0,0.39792531728744507,0.5631123185157776,1.1803594827651978,53.24800109863281,0.26221171021461487
dfl_generated,dfl_evaluation_05,0.19858039915561676,17,PCC,A,2.9675424098968506,0.0,0.15888828039169312,0.5185338854789734,1.1726844310760498,53.24800109863281,0.2579968273639679
dfl_generated,dfl_evaluation_05,0.19858039915561676,17,PCC,B,2.9637975692749023,0.0,0.14826974272727966,0.5185338854789734,1.1726844310760498,53.24800109863281,0.2579968273639679
dfl_generated,dfl_evaluation_05,0.19858039915561676,17,PCC,C,2.9657235145568848,0.0,0.1479695737361908,0.5185338854789734,1.1726844310760498,53.24800109863281,0.2579968273639679
dfl_generated,dfl_evaluation_05,0.19858039915561676,18,PCC,A,2.924168109893799,0.0,0.03344607353210449,0.501911997795105,1.1688511371612549,121.88175201416016,0.2621052861213684
dfl_generated,dfl_evaluation_05,0.19858039915561676,18,PCC,B,2.930560827255249,0.0,0.026094235479831696,0.501911997795105,1.1688511371612549,121.88175201416016,0.2621052861213684
dfl_generated,dfl_evaluation_05,0.19858039915561676,18,PCC,C,2.9342050552368164,0.0,0.029345998540520668,0.501911997795105,1.1688511371612549,121.88175201416016,0.2621052861213684
dfl_generated,dfl_evaluation_05,0.19858039915561676,19,PCC,A,3.015883684158325,0.0,0.0008664987981319427,0.5692486763000488,1.1628880500793457,121.88175201416016,0.2558140456676483
dfl_generated,dfl_evaluation_05,0.19858039915561676,19,PCC,B,3.0060982704162598,0.0,0.0014335347805172205,0.5692486763000488,1.1628880500793457,121.88175201416016,0.2558140456676483
dfl_generated,dfl_evaluation_05,0.19858039915561676,19,PCC,C,3.0119335651397705,0.0,0.0009316204814240336,0.5692486763000488,1.1628880500793457,121.88175201416016,0.2558140456676483
dfl_generated,dfl_evaluation_05,0.19858039915561676,20,PCC,A,2.8538036346435547,0.0,7.680081580474507e-06,0.458400696516037,1.1618834733963013,121.88175201416016,0.2666608989238739
dfl_generated,dfl_evaluation_05,0.19858039915561676,20,PCC,B,2.8516483306884766,0.0,0.0,0.458400696516037,1.1618834733963013,121.88175201416016,0.2666608989238739
dfl_generated,dfl_evaluation_05,0.19858039915561676,20,PCC,C,2.852187395095825,0.0,1.3422205711322022e-06,0.458400696516037,1.1618834733963013,121.88175201416016,0.2666608989238739
dfl_generated,dfl_evaluation_05,0.19858039915561676,21,PCC,A,2.7628867626190186,0.0,1.1458844710432459e-05,0.39928483963012695,1.1595127582550049,53.24800109863281,0.2747558355331421
dfl_generated,dfl_evaluation_05,0.19858039915561676,21,PCC,B,2.7628021240234375,0.0,3.2276993806590326e-06,0.39928483963012695,1.1595127582550049,53.24800109863281,0.2747558355331421
dfl_generated,dfl_evaluation_05,0.19858039915561676,21,PCC,C,2.760725975036621,0.0,5.369465725379996e-07,0.39928483963012695,1.1595127582550049,53.24800109863281,0.2747558355331421
dfl_generated,dfl_evaluation_05,0.19858039915561676,22,PCC,A,2.704501152038574,0.0,0.0,0.3637107312679291,1.158024787902832,53.24800109863281,0.2845623791217804
dfl_generated,dfl_evaluation_05,0.19858039915561676,22,PCC,B,2.705843925476074,0.0,4.4839231350124464e-07,0.3637107312679291,1.158024787902832,53.24800109863281,0.2845623791217804
dfl_generated,dfl_evaluation_05,0.19858039915561676,22,PCC,C,2.705770492553711,0.0,0.0,0.3637107312679291,1.158024787902832,53.24800109863281,0.2845623791217804
dfl_generated,dfl_evaluation_05,0.19858039915561676,23,PCC,A,2.6797845363616943,0.0,0.0,0.34759950637817383,1.1572494506835938,53.24800109863281,0.2844304144382477
dfl_generated,dfl_evaluation_05,0.19858039915561676,23,PCC,B,2.6820690631866455,0.0,0.0,0.34759950637817383,1.1572494506835938,53.24800109863281,0.2844304144382477
dfl_generated,dfl_evaluation_05,0.19858039915561676,23,PCC,C,2.6822776794433594,0.0,6.206158104760107e-06,0.34759950637817383,1.1572494506835938,53.24800109863281,0.2844304144382477
dfl_generated,dfl_evaluation_05,0.19858039915561676,24,PCC,A,2.60003924369812,0.0,4.985915893485071e-06,0.29431068897247314,1.156840443611145,53.24800109863281,0.28759193420410156
dfl_generated,dfl_evaluation_05,0.19858039915561676,24,PCC,B,2.6020989418029785,0.0,0.0,0.29431068897247314,1.156840443611145,53.24800109863281,0.28759193420410156
dfl_generated,dfl_evaluation_05,0.19858039915561676,24,PCC,C,2.6022675037384033,0.0,3.876850314554758e-06,0.29431068897247314,1.156840443611145,53.24800109863281,0.28759193420410156
dfl_generated,dfl_evaluation_05,0.19858039915561676,25,PCC,A,2.636359691619873,0.0,0.0,0.3179371654987335,1.1564642190933228,34.72425079345703,0.2894752323627472
dfl_generated,dfl_evaluation_05,0.19858039915561676,25,PCC,B,2.6354315280914307,0.0,9.351089147457969e-07,0.3179371654987335,1.1564642190933228,34.72425079345703,0.2894752323627472
dfl_generated,dfl_evaluation_05,0.19858039915561676,25,PCC,C,2.6340134143829346,0.0,3.753654482352431e-06,0.3179371654987335,1.1564642190933228,34.72425079345703,0.2894752323627472
dfl_generated,dfl_evaluation_05,0.19858039915561676,26,PCC,A,2.496525764465332,0.0,2.5584688501112396e-06,0.2232462614774704,1.1561598777770996,34.72425079345703,0.31294095516204834
dfl_generated,dfl_evaluation_05,0.19858039915561676,26,PCC,B,2.4966392517089844,0.0,0.0,0.2232462614774704,1.1561598777770996,34.72425079345703,0.31294095516204834
dfl_generated,dfl_evaluation_05,0.19858039915561676,26,PCC,C,2.4951815605163574,0.0,1.4981365836774785e-07,0.2232462614774704,1.1561598777770996,34.72425079345703,0.31294095516204834
dfl_generated,dfl_evaluation_05,0.19858039915561676,27,PCC,A,2.5530009269714355,0.0,0.0,0.2633455991744995,1.1539913415908813,34.72425079345703,0.2929648458957672
dfl_generated,dfl_evaluation_05,0.19858039915561676,27,PCC,B,2.55265736579895,0.0,0.0,0.2633455991744995,1.1539913415908813,34.72425079345703,0.2929648458957672
dfl_generated,dfl_evaluation_05,0.19858039915561676,27,PCC,C,2.554657459259033,0.0,0.0,0.2633455991744995,1.1539913415908813,34.72425079345703,0.2929648458957672
dfl_generated,dfl_evaluation_05,0.19858039915561676,28,PCC,A,2.6130404472351074,0.0,5.988198608974926e-06,0.3060445785522461,1.153391718864441,34.72425079345703,0.27678412199020386
dfl_generated,dfl_evaluation_05,0.19858039915561676,28,PCC,B,2.6142799854278564,0.0,0.0,0.3060445785522461,1.153391718864441,34.72425079345703,0.27678412199020386
dfl_generated,dfl_evaluation_05,0.19858039915561676,28,PCC,C,2.6140050888061523,0.0,3.2375492082792334e-06,0.3060445785522461,1.153391718864441,34.72425079345703,0.27678412199020386
dfl_generated,dfl_evaluation_05,0.19858039915561676,29,PCC,A,2.5853724479675293,0.0,0.0013716856483370066,0.2850128710269928,1.1529150009155273,34.72425079345703,0.2640523910522461
dfl_generated,dfl_evaluation_05,0.19858039915561676,29,PCC,B,2.5846786499023438,0.0,0.0015191116835922003,0.2850128710269928,1.1529150009155273,34.72425079345703,0.2640523910522461
dfl_generated,dfl_evaluation_05,0.19858039915561676,29,PCC,C,2.583627223968506,0.0,0.0014318372122943401,0.2850128710269928,1.1529150009155273,34.72425079345703,0.2640523910522461
dfl_generated,dfl_evaluation_05,0.19858039915561676,30,PCC,A,2.772519588470459,0.0,0.03044278547167778,0.4131304621696472,1.1561301946640015,53.24800109863281,0.2581714987754822
dfl_generated,dfl_evaluation_05,0.19858039915561676,30,PCC,B,2.7741506099700928,0.0,0.029177438467741013,0.4131304621696472,1.1561301946640015,53.24800109863281,0.2581714987754822
dfl_generated,dfl_evaluation_05,0.19858039915561676,30,PCC,C,2.77205753326416,0.0,0.028968824073672295,0.4131304621696472,1.1561301946640015,53.24800109863281,0.2581714987754822
dfl_generated,dfl_evaluation_05,0.19858039915561676,31,PCC,A,3.0427489280700684,0.0,0.17319238185882568,0.5887197852134705,1.1617335081100464,53.24800109863281,0.2551872432231903
dfl_generated,dfl_evaluation_05,0.19858039915561676,31,PCC,B,3.039552688598633,0.0,0.18768909573554993,0.5887197852134705,1.1617335081100464,53.24800109863281,0.2551872432231903
dfl_generated,dfl_evaluation_05,0.19858039915561676,31,PCC,C,3.0385000705718994,0.0,0.181180939078331,0.5887197852134705,1.1617335081100464,53.24800109863281,0.2551872432231903
dfl_generated,dfl_evaluation_05,0.19858039915561676,32,PCC,A,2.793618679046631,0.0,0.4672156870365143,0.41616514325141907,1.1671278476715088,53.24800109863281,0.24062606692314148
dfl_generated,dfl_evaluation_05,0.19858039915561676,32,PCC,B,2.797154188156128,0.0,0.44671663641929626,0.41616514325141907,1.1671278476715088,53.24800109863281,0.24062606692314148
dfl_generated,dfl_evaluation_05,0.19858039915561676,32,PCC,C,2.8020541667938232,0.0,0.4473379850387573,0.41616514325141907,1.1671278476715088,53.24800109863281,0.24062606692314148
dfl_generated,dfl_evaluation_05,0.19858039915561676,33,PCC,A,2.951153516769409,0.0,0.6980953216552734,0.5137431621551514,1.169182300567627,53.24800109863281,0.2561737895011902
dfl_generated,dfl_evaluation_05,0.19858039915561676,33,PCC,B,2.954554557800293,0.0,0.6686096787452698,0.5137431621551514,1.169182300567627,53.24800109863281,0.2561737895011902
dfl_generated,dfl_evaluation_05,0.19858039915561676,33,PCC,C,2.9686248302459717,0.0,0.6718000769615173,0.5137431621551514,1.169182300567627,53.24800109863281,0.2561737895011902
dfl_generated,dfl_evaluation_05,0.19858039915561676,34,PCC,A,2.735534906387329,0.0,0.8413375020027161,0.3643687963485718,1.1777496337890625,53.24800109863281,0.25760892033576965
dfl_generated,dfl_evaluation_05,0.19858039915561676,34,PCC,B,2.748922348022461,0.0,0.8028040528297424,0.3643687963485718,1.1777496337890625,53.24800109863281,0.25760892033576965
dfl_generated,dfl_evaluation_05,0.19858039915561676,34,PCC,C,2.750223398208618,0.0,0.8451068997383118,0.3643687963485718,1.1777496337890625,53.24800109863281,0.25760892033576965
dfl_generated,dfl_evaluation_05,0.19858039915561676,35,PCC,A,2.7476553916931152,0.0,0.9131495952606201,0.36136627197265625,1.1766945123672485,53.24800109863281,0.25935646891593933
dfl_generated,dfl_evaluation_05,0.19858039915561676,35,PCC,B,2.7445619106292725,0.0,0.9041623473167419,0.36136627197265625,1.1766945123672485,53.24800109863281,0.25935646891593933
dfl_generated,dfl_evaluation_05,0.19858039915561676,35,PCC,C,2.750551223754883,0.0,0.9084813594818115,0.36136627197265625,1.1766945123672485,53.24800109863281,0.25935646891593933
dfl_generated,dfl_evaluation_05,0.19858039915561676,36,PCC,A,3.015439748764038,0.0,0.9488027095794678,0.5383059978485107,1.1775981187820435,53.24800109863281,0.27506282925605774
dfl_generated,dfl_evaluation_05,0.19858039915561676,36,PCC,B,3.022238254547119,0.0,0.9449451565742493,0.5383059978485107,1.1775981187820435,53.24800109863281,0.27506282925605774
dfl_generated,dfl_evaluation_05,0.19858039915561676,36,PCC,C,3.0149238109588623,0.0,0.9409594535827637,0.5383059978485107,1.1775981187820435,53.24800109863281,0.27506282925605774
dfl_generated,dfl_evaluation_05,0.19858039915561676,37,PCC,A,3.110959053039551,0.0,0.9268459677696228,0.6031783223152161,1.1828707456588745,53.24800109863281,0.2752719819545746
dfl_generated,dfl_evaluation_05,0.19858039915561676,37,PCC,B,3.106846332550049,0.0,0.9121950268745422,0.6031783223152161,1.1828707456588745,53.24800109863281,0.2752719819545746
dfl_generated,dfl_evaluation_05,0.19858039915561676,37,PCC,C,3.1206986904144287,0.0,0.9077829718589783,0.6031783223152161,1.1828707456588745,53.24800109863281,0.2752719819545746
dfl_generated,dfl_evaluation_05,0.19858039915561676,38,PCC,A,3.2021679878234863,0.0,0.789233386516571,0.6654155254364014,1.1880050897598267,53.24800109863281,0.2714157700538635
dfl_generated,dfl_evaluation_05,0.19858039915561676,38,PCC,B,3.1895015239715576,0.0,0.7897167205810547,0.6654155254364014,1.1880050897598267,53.24800109863281,0.2714157700538635
dfl_generated,dfl_evaluation_05,0.19858039915561676,38,PCC,C,3.202939033508301,0.0,0.8477808833122253,0.6654155254364014,1.1880050897598267,53.24800109863281,0.2714157700538635
dfl_generated,dfl_evaluation_05,0.19858039915561676,39,PCC,A,2.9924774169921875,0.0,0.6728046536445618,0.5210045576095581,1.17930006980896,53.24800109863281,0.2587340176105499
dfl_generated,dfl_evaluation_05,0.19858039915561676,39,PCC,B,2.9839000701904297,0.0,0.625724732875824,0.5210045576095581,1.17930006980896,53.24800109863281,0.2587340176105499
dfl_generated,dfl_evaluation_05,0.19858039915561676,39,PCC,C,2.9838473796844482,0.0,0.6755421161651611,0.5210045576095581,1.17930006980896,53.24800109863281,0.2587340176105499
dfl_generated,dfl_evaluation_05,0.19858039915561676,40,PCC,A,3.039539098739624,0.0,0.4104171395301819,0.5631123185157776,1.1766799688339233,53.24800109863281,0.26384416222572327
dfl_generated,dfl_evaluation_05,0.19858039915561676,40,PCC,B,3.0484535694122314,0.0,0.38981062173843384,0.5631123185157776,1.1766799688339233,53.24800109863281,0.26384416222572327
dfl_generated,dfl_evaluation_05,0.19858039915561676,40,PCC,C,3.03716778755188,0.0,0.42983388900756836,0.5631123185157776,1.1766799688339233,53.24800109863281,0.26384416222572327
dfl_generated,dfl_evaluation_05,0.19858039915561676,41,PCC,A,2.972168207168579,0.0,0.14543674886226654,0.5185338854789734,1.1698306798934937,53.24800109863281,0.2610490620136261
dfl_generated,dfl_evaluation_05,0.19858039915561676,41,PCC,B,2.965696096420288,0.0,0.15856677293777466,0.5185338854789734,1.1698306798934937,53.24800109863281,0.2610490620136261
dfl_generated,dfl_evaluation_05,0.19858039915561676,41,PCC,C,2.9730381965637207,0.0,0.14613120257854462,0.5185338854789734,1.1698306798934937,53.24800109863281,0.2610490620136261
dfl_generated,dfl_evaluation_05,0.19858039915561676,42,PCC,A,2.9401724338531494,0.0,0.02710990235209465,0.501911997795105,1.1683557033538818,121.88175201416016,0.2628847062587738
dfl_generated,dfl_evaluation_05,0.19858039915561676,42,PCC,B,2.9274747371673584,0.0,0.029692115262150764,0.501911997795105,1.1683557033538818,121.88175201416016,0.2628847062587738
dfl_generated,dfl_evaluation_05,0.19858039915561676,42,PCC,C,2.9283132553100586,0.0,0.0303946640342474,0.501911997795105,1.1683557033538818,121.88175201416016,0.2628847062587738
dfl_generated,dfl_evaluation_05,0.19858039915561676,43,PCC,A,3.0181291103363037,0.0,0.001173582044430077,0.5692486763000488,1.1634938716888428,121.88175201416016,0.26774582266807556
dfl_generated,dfl_evaluation_05,0.19858039915561676,43,PCC,B,3.0186851024627686,0.0,0.0013438704190775752,0.5692486763000488,1.1634938716888428,121.88175201416016,0.26774582266807556
dfl_generated,dfl_evaluation_05,0.19858039915561676,43,PCC,C,3.0176563262939453,0.0,0.0012636709725484252,0.5692486763000488,1.1634938716888428,121.88175201416016,0.26774582266807556
dfl_generated,dfl_evaluation_05,0.19858039915561676,44,PCC,A,2.8477931022644043,0.0,4.5317037233871815e-08,0.458400696516037,1.1610313653945923,121.88175201416016,0.26025158166885376
dfl_generated,dfl_evaluation_05,0.19858039915561676,44,PCC,B,2.8533990383148193,0.0,0.0,0.458400696516037,1.1610313653945923,121.88175201416016,0.26025158166885376
dfl_generated,dfl_evaluation_05,0.19858039915561676,44,PCC,C,2.8494021892547607,0.0,2.4037303774093743e-06,0.458400696516037,1.1610313653945923,121.88175201416016,0.26025158166885376
dfl_generated,dfl_evaluation_05,0.19858039915561676,45,PCC,A,2.76326322555542,0.0,3.06116339743312e-06,0.39928483963012695,1.1597040891647339,53.24800109863281,0.26744070649147034
dfl_generated,dfl_evaluation_05,0.19858039915561676,45,PCC,B,2.7616817951202393,0.0,4.824803454539506e-06,0.39928483963012695,1.1597040891647339,53.24800109863281,0.26744070649147034
dfl_generated,dfl_evaluation_05,0.19858039915561676,45,PCC,C,2.7585346698760986,0.0,1.29406760152051e-06,0.39928483963012695,1.1597040891647339,53.24800109863281,0.26744070649147034
dfl_generated,dfl_evaluation_05,0.19858039915561676,46,PCC,A,2.7082266807556152,0.0,3.4813831462088274e-06,0.3637107312679291,1.159523367881775,53.24800109863281,0.27800971269607544
dfl_generated,dfl_evaluation_05,0.19858039915561676,46,PCC,B,2.7067642211914062,0.0,6.238905712052656e-07,0.3637107312679291,1.159523367881775,53.24800109863281,0.27800971269607544
dfl_generated,dfl_evaluation_05,0.19858039915561676,46,PCC,C,2.7098920345306396,0.0,7.0475362008437514e-06,0.3637107312679291,1.159523367881775,53.24800109863281,0.27800971269607544
dfl_generated,dfl_evaluation_05,0.19858039915561676,47,PCC,A,2.6801936626434326,0.0,9.173195394396316e-06,0.34759950637817383,1.157577633857727,53.24800109863281,0.28700968623161316
dfl_generated,dfl_evaluation_05,0.19858039915561676,47,PCC,B,2.6812117099761963,0.0,2.6049040116049582e-06,0.34759950637817383,1.157577633857727,53.24800109863281,0.28700968623161316
dfl_generated,dfl_evaluation_05,0.19858039915561676,47,PCC,C,2.679126024246216,0.0,0.0,0.34759950637817383,1.157577633857727,53.24800109863281,0.28700968623161316
dfl_generated,dfl_evaluation_06,0.0023659924045205116,0,PCC,A,2.6084635257720947,0.0,4.450842880032724e-06,0.29431068897247314,1.157108187675476,53.24800109863281,0.29641827940940857
dfl_generated,dfl_evaluation_06,0.0023659924045205116,0,PCC,B,2.6059699058532715,0.0,0.0,0.29431068897247314,1.157108187675476,53.24800109863281,0.29641827940940857
dfl_generated,dfl_evaluation_06,0.0023659924045205116,0,PCC,C,2.6071219444274902,0.0,5.860969849891262e-06,0.29431068897247314,1.157108187675476,53.24800109863281,0.29641827940940857
dfl_generated,dfl_evaluation_06,0.0023659924045205116,1,PCC,A,2.635356903076172,0.0,0.0,0.3179371654987335,1.1567589044570923,53.24800109863281,0.28545260429382324
dfl_generated,dfl_evaluation_06,0.0023659924045205116,1,PCC,B,2.6375534534454346,0.0,0.0,0.3179371654987335,1.1567589044570923,53.24800109863281,0.28545260429382324
dfl_generated,dfl_evaluation_06,0.0023659924045205116,1,PCC,C,2.6326963901519775,0.0,0.0,0.3179371654987335,1.1567589044570923,53.24800109863281,0.28545260429382324
dfl_generated,dfl_evaluation_06,0.0023659924045205116,2,PCC,A,2.4990291595458984,0.0,4.8751030590210576e-06,0.2232462614774704,1.1552248001098633,53.24800109863281,0.3193395435810089
dfl_generated,dfl_evaluation_06,0.0023659924045205116,2,PCC,B,2.4978365898132324,0.0,0.0,0.2232462614774704,1.1552248001098633,53.24800109863281,0.3193395435810089
dfl_generated,dfl_evaluation_06,0.0023659924045205116,2,PCC,C,2.4982004165649414,0.0,0.0,0.2232462614774704,1.1552248001098633,53.24800109863281,0.3193395435810089
dfl_generated,dfl_evaluation_06,0.0023659924045205116,3,PCC,A,2.5513226985931396,0.0,3.5533716982172336e-06,0.2633455991744995,1.1545872688293457,53.24800109863281,0.305090993642807
dfl_generated,dfl_evaluation_06,0.0023659924045205116,3,PCC,B,2.554718017578125,0.0,1.5570729374303482e-05,0.2633455991744995,1.1545872688293457,53.24800109863281,0.305090993642807
dfl_generated,dfl_evaluation_06,0.0023659924045205116,3,PCC,C,2.556138753890991,0.0,0.0,0.2633455991744995,1.1545872688293457,53.24800109863281,0.305090993642807
dfl_generated,dfl_evaluation_06,0.0023659924045205116,4,PCC,A,2.6173996925354004,0.0,6.05861350777559e-06,0.3060445785522461,1.1534651517868042,53.24800109863281,0.2888644337654114
dfl_generated,dfl_evaluation_06,0.0023659924045205116,4,PCC,B,2.6157448291778564,0.0,0.0,0.3060445785522461,1.1534651517868042,53.24800109863281,0.2888644337654114
dfl_generated,dfl_evaluation_06,0.0023659924045205116,4,PCC,C,2.6154589653015137,0.0,0.0,0.3060445785522461,1.1534651517868042,53.24800109863281,0.2888644337654114
dfl_generated,dfl_evaluation_06,0.0023659924045205116,5,PCC,A,2.5851855278015137,0.0,0.0018035080283880234,0.2850128710269928,1.1543200016021729,53.24800109863281,0.27823686599731445
dfl_generated,dfl_evaluation_06,0.0023659924045205116,5,PCC,B,2.5873568058013916,0.0,0.0016656755469739437,0.2850128710269928,1.1543200016021729,53.24800109863281,0.27823686599731445
dfl_generated,dfl_evaluation_06,0.0023659924045205116,5,PCC,C,2.5866379737854004,0.0,0.0014939536340534687,0.2850128710269928,1.1543200016021729,53.24800109863281,0.27823686599731445
dfl_generated,dfl_evaluation_06,0.0023659924045205116,6,PCC,A,2.7773854732513428,0.0,0.032103076577186584,0.4131304621696472,1.1574612855911255,53.24800109863281,0.2598278224468231
dfl_generated,dfl_evaluation_06,0.0023659924045205116,6,PCC,B,2.779268741607666,0.0,0.031417395919561386,0.4131304621696472,1.1574612855911255,53.24800109863281,0.2598278224468231
dfl_generated,dfl_evaluation_06,0.0023659924045205116,6,PCC,C,2.780066967010498,0.0,0.03095696121454239,0.4131304621696472,1.1574612855911255,53.24800109863281,0.2598278224468231
dfl_generated,dfl_evaluation_06,0.0023659924045205116,7,PCC,A,3.0448107719421387,0.0,0.17839907109737396,0.5887197852134705,1.1613997220993042,53.24800109863281,0.25532257556915283
dfl_generated,dfl_evaluation_06,0.0023659924045205116,7,PCC,B,3.040073871612549,0.0,0.20033416152000427,0.5887197852134705,1.1613997220993042,53.24800109863281,0.25532257556915283
dfl_generated,dfl_evaluation_06,0.0023659924045205116,7,PCC,C,3.042952060699463,0.0,0.17869476974010468,0.5887197852134705,1.1613997220993042,53.24800109863281,0.25532257556915283
dfl_generated,dfl_evaluation_06,0.0023659924045205116,8,PCC,A,2.799935817718506,0.0,0.4378608167171478,0.41616514325141907,1.1654698848724365,53.24800109863281,0.2471013218164444
dfl_generated,dfl_evaluation_06,0.0023659924045205116,8,PCC,B,2.804020404815674,0.0,0.4585038423538208,0.41616514325141907,1.1654698848724365,53.24800109863281,0.2471013218164444
dfl_generated,dfl_evaluation_06,0.0023659924045205116,8,PCC,C,2.8128879070281982,0.0,0.42458873987197876,0.41616514325141907,1.1654698848724365,53.24800109863281,0.2471013218164444
dfl_generated,dfl_evaluation_06,0.0023659924045205116,9,PCC,A,2.9607670307159424,0.0,0.6564863920211792,0.5137431621551514,1.170055627822876,53.24800109863281,0.21072933077812195
dfl_generated,dfl_evaluation_06,0.0023659924045205116,9,PCC,B,2.959211826324463,0.0,0.718608558177948,0.5137431621551514,1.170055627822876,53.24800109863281,0.21072933077812195
dfl_generated,dfl_evaluation_06,0.0023659924045205116,9,PCC,C,2.9567975997924805,0.0,0.6494750380516052,0.5137431621551514,1.170055627822876,53.24800109863281,0.21072933077812195
dfl_generated,dfl_evaluation_06,0.0023659924045205116,10,PCC,A,2.74460506439209,0.0,0.8127857446670532,0.3643687963485718,1.1782950162887573,53.24800109863281,0.2570807635784149
dfl_generated,dfl_evaluation_06,0.0023659924045205116,10,PCC,B,2.740382671356201,0.0,0.8489003777503967,0.3643687963485718,1.1782950162887573,53.24800109863281,0.2570807635784149
dfl_generated,dfl_evaluation_06,0.0023659924045205116,10,PCC,C,2.744509696960449,0.0,0.7974379062652588,0.3643687963485718,1.1782950162887573,53.24800109863281,0.2570807635784149
dfl_generated,dfl_evaluation_06,0.0023659924045205116,11,PCC,A,2.7497332096099854,0.0,0.888251781463623,0.36136627197265625,1.1827013492584229,53.24800109863281,0.26342517137527466
dfl_generated,dfl_evaluation_06,0.0023659924045205116,11,PCC,B,2.7464475631713867,0.0,0.8788690567016602,0.36136627197265625,1.1827013492584229,53.24800109863281,0.26342517137527466
dfl_generated,dfl_evaluation_06,0.0023659924045205116,11,PCC,C,2.7520503997802734,0.0,0.8940242528915405,0.36136627197265625,1.1827013492584229,53.24800109863281,0.26342517137527466
dfl_generated,dfl_evaluation_06,0.0023659924045205116,12,PCC,A,3.0203216075897217,0.0,0.9401103258132935,0.5383059978485107,1.1814123392105103,53.24800109863281,0.27260929346084595
dfl_generated,dfl_evaluation_06,0.0023659924045205116,12,PCC,B,3.018303394317627,0.0,0.9009992480278015,0.5383059978485107,1.1814123392105103,53.24800109863281,0.27260929346084595
dfl_generated,dfl_evaluation_06,0.0023659924045205116,12,PCC,C,3.0342025756835938,0.0,0.9038467407226562,0.5383059978485107,1.1814123392105103,53.24800109863281,0.27260929346084595
dfl_generated,dfl_evaluation_06,0.0023659924045205116,13,PCC,A,3.1337502002716064,0.0,0.877784788608551,0.6031783223152161,1.1842347383499146,53.24800109863281,0.2739093601703644
dfl_generated,dfl_evaluation_06,0.0023659924045205116,13,PCC,B,3.1238861083984375,0.0,0.916192352771759,0.6031783223152161,1.1842347383499146,53.24800109863281,0.2739093601703644
dfl_generated,dfl_evaluation_06,0.0023659924045205116,13,PCC,C,3.1355271339416504,0.0,0.894455075263977,0.6031783223152161,1.1842347383499146,53.24800109863281,0.2739093601703644
dfl_generated,dfl_evaluation_06,0.0023659924045205116,14,PCC,A,3.2003962993621826,0.0,0.8015341758728027,0.6654155254364014,1.1865508556365967,53.24800109863281,0.2719552516937256
dfl_generated,dfl_evaluation_06,0.0023659924045205116,14,PCC,B,3.2229902744293213,0.0,0.7668923735618591,0.6654155254364014,1.1865508556365967,53.24800109863281,0.2719552516937256
dfl_generated,dfl_evaluation_06,0.0023659924045205116,14,PCC,C,3.207592010498047,0.0,0.8041257262229919,0.6654155254364014,1.1865508556365967,53.24800109863281,0.2719552516937256
dfl_generated,dfl_evaluation_06,0.0023659924045205116,15,PCC,A,3.0010011196136475,0.0,0.6941232681274414,0.5210045576095581,1.185680627822876,53.24800109863281,0.2674521207809448
dfl_generated,dfl_evaluation_06,0.0023659924045205116,15,PCC,B,2.9991302490234375,0.0,0.640117347240448,0.5210045576095581,1.185680627822876,53.24800109863281,0.2674521207809448
dfl_generated,dfl_evaluation_06,0.0023659924045205116,15,PCC,C,2.9965615272521973,0.0,0.6070152521133423,0.5210045576095581,1.185680627822876,53.24800109863281,0.2674521207809448
dfl_generated,dfl_evaluation_06,0.0023659924045205116,16,PCC,A,3.05527663230896,0.0,0.41989022493362427,0.5631123185157776,1.1787506341934204,53.24800109863281,0.2627454102039337
dfl_generated,dfl_evaluation_06,0.0023659924045205116,16,PCC,B,3.050154447555542,0.0,0.42138761281967163,0.5631123185157776,1.1787506341934204,53.24800109863281,0.2627454102039337
dfl_generated,dfl_evaluation_06,0.0023659924045205116,16,PCC,C,3.038638114929199,0.0,0.4009456932544708,0.5631123185157776,1.1787506341934204,53.24800109863281,0.2627454102039337
dfl_generated,dfl_evaluation_06,0.0023659924045205116,17,PCC,A,2.9790806770324707,0.0,0.1422937959432602,0.5185338854789734,1.1746366024017334,53.24800109863281,0.26964643597602844
dfl_generated,dfl_evaluation_06,0.0023659924045205116,17,PCC,B,2.9624340534210205,0.0,0.16071367263793945,0.5185338854789734,1.1746366024017334,53.24800109863281,0.26964643597602844
dfl_generated,dfl_evaluation_06,0.0023659924045205116,17,PCC,C,2.954714775085449,0.0,0.15549807250499725,0.5185338854789734,1.1746366024017334,53.24800109863281,0.26964643597602844
dfl_generated,dfl_evaluation_06,0.0023659924045205116,18,PCC,A,2.929823875427246,0.0,0.02874283492565155,0.501911997795105,1.1683027744293213,53.24800109863281,0.2633903920650482
dfl_generated,dfl_evaluation_06,0.0023659924045205116,18,PCC,B,2.9330554008483887,0.0,0.03247319906949997,0.501911997795105,1.1683027744293213,53.24800109863281,0.2633903920650482
dfl_generated,dfl_evaluation_06,0.0023659924045205116,18,PCC,C,2.9324662685394287,0.0,0.029547084122896194,0.501911997795105,1.1683027744293213,53.24800109863281,0.2633903920650482
dfl_generated,dfl_evaluation_06,0.0023659924045205116,19,PCC,A,3.0134663581848145,0.0,0.0010863663628697395,0.5692486763000488,1.1640807390213013,53.24800109863281,0.2602435350418091
dfl_generated,dfl_evaluation_06,0.0023659924045205116,19,PCC,B,3.0132107734680176,0.0,0.0015963520854711533,0.5692486763000488,1.1640807390213013,53.24800109863281,0.2602435350418091
dfl_generated,dfl_evaluation_06,0.0023659924045205116,19,PCC,C,3.015819549560547,0.0,0.0013902634382247925,0.5692486763000488,1.1640807390213013,53.24800109863281,0.2602435350418091
dfl_generated,dfl_evaluation_06,0.0023659924045205116,20,PCC,A,2.8500003814697266,0.0,1.8057252191283624e-06,0.458400696516037,1.1639617681503296,53.24800109863281,0.2750345468521118
dfl_generated,dfl_evaluation_06,0.0023659924045205116,20,PCC,B,2.8509578704833984,0.0,0.0,0.458400696516037,1.1639617681503296,53.24800109863281,0.2750345468521118
dfl_generated,dfl_evaluation_06,0.0023659924045205116,20,PCC,C,2.8540570735931396,0.0,0.0,0.458400696516037,1.1639617681503296,53.24800109863281,0.2750345468521118
dfl_generated,dfl_evaluation_06,0.0023659924045205116,21,PCC,A,2.762650489807129,0.0,4.421270659804577e-06,0.39928483963012695,1.160393238067627,53.24800109863281,0.2683021128177643
dfl_generated,dfl_evaluation_06,0.0023659924045205116,21,PCC,B,2.7695062160491943,0.0,1.3051470887148753e-05,0.39928483963012695,1.160393238067627,53.24800109863281,0.2683021128177643
dfl_generated,dfl_evaluation_06,0.0023659924045205116,21,PCC,C,2.762104034423828,0.0,0.0,0.39928483963012695,1.160393238067627,53.24800109863281,0.2683021128177643
dfl_generated,dfl_evaluation_06,0.0023659924045205116,22,PCC,A,2.7089731693267822,0.0,0.0,0.3637107312679291,1.160059928894043,53.24800109863281,0.27557623386383057
dfl_generated,dfl_evaluation_06,0.0023659924045205116,22,PCC,B,2.7084696292877197,0.0,0.0,0.3637107312679291,1.160059928894043,53.24800109863281,0.27557623386383057
dfl_generated,dfl_evaluation_06,0.0023659924045205116,22,PCC,C,2.7042038440704346,0.0,0.0,0.3637107312679291,1.160059928894043,53.24800109863281,0.27557623386383057
dfl_generated,dfl_evaluation_06,0.0023659924045205116,23,PCC,A,2.6874632835388184,0.0,0.0,0.34759950637817383,1.1581933498382568,53.24800109863281,0.2943568527698517
dfl_generated,dfl_evaluation_06,0.0023659924045205116,23,PCC,B,2.686089515686035,0.0,0.0,0.34759950637817383,1.1581933498382568,53.24800109863281,0.2943568527698517
dfl_generated,dfl_evaluation_06,0.0023659924045205116,23,PCC,C,2.6861038208007812,0.0,0.0,0.34759950637817383,1.1581933498382568,53.24800109863281,0.2943568527698517
dfl_generated,dfl_evaluation_06,0.0023659924045205116,24,PCC,A,2.602785587310791,0.0,0.0,0.29431068897247314,1.1563646793365479,53.24800109863281,0.28636693954467773
dfl_generated,dfl_evaluation_06,0.0023659924045205116,24,PCC,B,2.6015098094940186,0.0,0.0,0.29431068897247314,1.1563646793365479,53.24800109863281,0.28636693954467773
dfl_generated,dfl_evaluation_06,0.0023659924045205116,24,PCC,C,2.6036953926086426,0.0,0.0,0.29431068897247314,1.1563646793365479,53.24800109863281,0.28636693954467773
dfl_generated,dfl_evaluation_06,0.0023659924045205116,25,PCC,A,2.639364719390869,0.0,0.0,0.3179371654987335,1.1570348739624023,53.24800109863281,0.293942391872406
dfl_generated,dfl_evaluation_06,0.0023659924045205116,25,PCC,B,2.636016368865967,0.0,3.0226772196328966e-06,0.3179371654987335,1.1570348739624023,53.24800109863281,0.293942391872406
dfl_generated,dfl_evaluation_06,0.0023659924045205116,25,PCC,C,2.6362409591674805,0.0,0.0,0.3179371654987335,1.1570348739624023,53.24800109863281,0.293942391872406
dfl_generated,dfl_evaluation_06,0.0023659924045205116,26,PCC,A,2.498807907104492,0.0,1.8348058574702009e-06,0.2232462614774704,1.15666663646698,53.24800109863281,0.3036128282546997
dfl_generated,dfl_evaluation_06,0.0023659924045205116,26,PCC,B,2.4966201782226562,0.0,0.0,0.2232462614774704,1.15666663646698,53.24800109863281,0.3036128282546997
dfl_generated,dfl_evaluation_06,0.0023659924045205116,26,PCC,C,2.496033191680908,0.0,0.0,0.2232462614774704,1.15666663646698,53.24800109863281,0.3036128282546997
dfl_generated,dfl_evaluation_06,0.0023659924045205116,27,PCC,A,2.552091598510742,0.0,0.0,0.2633455991744995,1.1545603275299072,53.24800109863281,0.29212650656700134
dfl_generated,dfl_evaluation_06,0.0023659924045205116,27,PCC,B,2.555325984954834,0.0,0.0,0.2633455991744995,1.1545603275299072,53.24800109863281,0.29212650656700134
dfl_generated,dfl_evaluation_06,0.0023659924045205116,27,PCC,C,2.5550920963287354,0.0,5.244035946816439e-06,0.2633455991744995,1.1545603275299072,53.24800109863281,0.29212650656700134
dfl_generated,dfl_evaluation_06,0.0023659924045205116,28,PCC,A,2.615943431854248,0.0,0.0,0.3060445785522461,1.154811143875122,53.24800109863281,0.27990394830703735
dfl_generated,dfl_evaluation_06,0.0023659924045205116,28,PCC,B,2.6104555130004883,0.0,0.0,0.3060445785522461,1.154811143875122,53.24800109863281,0.27990394830703735
dfl_generated,dfl_evaluation_06,0.0023659924045205116,28,PCC,C,2.6151814460754395,0.0,0.0,0.3060445785522461,1.154811143875122,53.24800109863281,0.27990394830703735
dfl_generated,dfl_evaluation_06,0.0023659924045205116,29,PCC,A,2.5851333141326904,0.0,0.002017261926084757,0.2850128710269928,1.1546531915664673,53.24800109863281,0.26908355951309204
dfl_generated,dfl_evaluation_06,0.0023659924045205116,29,PCC,B,2.5860886573791504,0.0,0.0021404619328677654,0.2850128710269928,1.1546531915664673,53.24800109863281,0.26908355951309204
dfl_generated,dfl_evaluation_06,0.0023659924045205116,29,PCC,C,2.5849409103393555,0.0,0.001633189502172172,0.2850128710269928,1.1546531915664673,53.24800109863281,0.26908355951309204
dfl_generated,dfl_evaluation_06,0.0023659924045205116,30,PCC,A,2.773052930831909,0.0,0.030154548585414886,0.4131304621696472,1.157867193222046,53.24800109863281,0.2538735270500183
dfl_generated,dfl_evaluation_06,0.0023659924045205116,30,PCC,B,2.7745301723480225,0.0,0.02398034930229187,0.4131304621696472,1.157867193222046,53.24800109863281,0.2538735270500183
dfl_generated,dfl_evaluation_06,0.0023659924045205116,30,PCC,C,2.774357795715332,0.0,0.030618129298090935,0.4131304621696472,1.157867193222046,53.24800109863281,0.2538735270500183
dfl_generated,dfl_evaluation_06,0.0023659924045205116,31,PCC,A,3.042531728744507,0.0,0.19043025374412537,0.5887197852134705,1.1617993116378784,53.24800109863281,0.24975694715976715
dfl_generated,dfl_evaluation_06,0.0023659924045205116,31,PCC,B,3.040003538131714,0.0,0.19379281997680664,0.5887197852134705,1.1617993116378784,53.24800109863281,0.24975694715976715
dfl_generated,dfl_evaluation_06,0.0023659924045205116,31,PCC,C,3.044043779373169,0.0,0.1943896859884262,0.5887197852134705,1.1617993116378784,53.24800109863281,0.24975694715976715
dfl_generated,dfl_evaluation_06,0.0023659924045205116,32,PCC,A,2.797771453857422,0.0,0.4515659511089325,0.41616514325141907,1.1691573858261108,53.24800109863281,0.22403542697429657
dfl_generated,dfl_evaluation_06,0.0023659924045205116,32,PCC,B,2.794503927230835,0.0,0.46039915084838867,0.41616514325141907,1.1691573858261108,53.24800109863281,0.22403542697429657
dfl_generated,dfl_evaluation_06,0.0023659924045205116,32,PCC,C,2.8151493072509766,0.0,0.4399438202381134,0.41616514325141907,1.1691573858261108,53.24800109863281,0.22403542697429657
dfl_generated,dfl_evaluation_06,0.0023659924045205116,33,PCC,A,2.967466354370117,0.0,0.681886613368988,0.5137431621551514,1.1700665950775146,53.24800109863281,0.2410709112882614
dfl_generated,dfl_evaluation_06,0.0023659924045205116,33,PCC,B,2.9515326023101807,0.0,0.7331981658935547,0.5137431621551514,1.1700665950775146,53.24800109863281,0.2410709112882614
dfl_generated,dfl_evaluation_06,0.0023659924045205116,33,PCC,C,2.9768505096435547,0.0,0.6585948467254639,0.5137431621551514,1.1700665950775146,53.24800109863281,0.2410709112882614
dfl_generated,dfl_evaluation_06,0.0023659924045205116,34,PCC,A,2.7495622634887695,0.0,0.7929015755653381,0.3643687963485718,1.1761800050735474,53.24800109863281,0.2588537633419037
dfl_generated,dfl_evaluation_06,0.0023659924045205116,34,PCC,B,2.741597890853882,0.0,0.8114774227142334,0.3643687963485718,1.1761800050735474,53.24800109863281,0.2588537633419037
dfl_generated,dfl_evaluation_06,0.0023659924045205116,34,PCC,C,2.7536332607269287,0.0,0.8237587809562683,0.3643687963485718,1.1761800050735474,53.24800109863281,0.2588537633419037
dfl_generated,dfl_evaluation_06,0.0023659924045205116,35,PCC,A,2.7527520656585693,0.0,0.9309020638465881,0.36136627197265625,1.1829321384429932,53.24800109863281,0.26780417561531067
dfl_generated,dfl_evaluation_06,0.0023659924045205116,35,PCC,B,2.7448365688323975,0.0,0.9024789929389954,0.36136627197265625,1.1829321384429932,53.24800109863281,0.26780417561531067
dfl_generated,dfl_evaluation_06,0.0023659924045205116,35,PCC,C,2.7579054832458496,0.0,0.9256768226623535,0.36136627197265625,1.1829321384429932,53.24800109863281,0.26780417561531067
dfl_generated,dfl_evaluation_06,0.0023659924045205116,36,PCC,A,3.0271103382110596,0.0,0.9485205411911011,0.5383059978485107,1.185508370399475,53.24800109863281,0.26893678307533264
dfl_generated,dfl_evaluation_06,0.0023659924045205116,36,PCC,B,3.027940273284912,0.0,0.9303861260414124,0.5383059978485107,1.185508370399475,53.24800109863281,0.26893678307533264
dfl_generated,dfl_evaluation_06,0.0023659924045205116,36,PCC,C,3.0209765434265137,0.0,0.9546802639961243,0.5383059978485107,1.185508370399475,53.24800109863281,0.26893678307533264
dfl_generated,dfl_evaluation_06,0.0023659924045205116,37,PCC,A,3.122189521789551,0.0,0.8871580362319946,0.6031783223152161,1.1862807273864746,53.24800109863281,0.2778908610343933
dfl_generated,dfl_evaluation_06,0.0023659924045205116,37,PCC,B,3.1239614486694336,0.0,0.8837190270423889,0.6031783223152161,1.1862807273864746,53.24800109863281,0.2778908610343933
dfl_generated,dfl_evaluation_06,0.0023659924045205116,37,PCC,C,3.1147327423095703,0.0,0.9142416715621948,0.6031783223152161,1.1862807273864746,53.24800109863281,0.2778908610343933
dfl_generated,dfl_evaluation_06,0.0023659924045205116,38,PCC,A,3.1938390731811523,0.0,0.7912071943283081,0.6654155254364014,1.1903104782104492,53.24800109863281,0.2685430347919464
dfl_generated,dfl_evaluation_06,0.0023659924045205116,38,PCC,B,3.207841634750366,0.0,0.8228006362915039,0.6654155254364014,1.1903104782104492,53.24800109863281,0.2685430347919464
dfl_generated,dfl_evaluation_06,0.0023659924045205116,38,PCC,C,3.203425168991089,0.0,0.8257831931114197,0.6654155254364014,1.1903104782104492,53.24800109863281,0.2685430347919464
dfl_generated,dfl_evaluation_06,0.0023659924045205116,39,PCC,A,2.9845149517059326,0.0,0.6821762919425964,0.5210045576095581,1.1823629140853882,53.24800109863281,0.2717180550098419
dfl_generated,dfl_evaluation_06,0.0023659924045205116,39,PCC,B,3.006092071533203,0.0,0.6503519415855408,0.5210045576095581,1.1823629140853882,53.24800109863281,0.2717180550098419
dfl_generated,dfl_evaluation_06,0.0023659924045205116,39,PCC,C,2.9883108139038086,0.0,0.6777160167694092,0.5210045576095581,1.1823629140853882,53.24800109863281,0.2717180550098419
dfl_generated,dfl_evaluation_06,0.0023659924045205116,40,PCC,A,3.047626256942749,0.0,0.3961349427700043,0.5631123185157776,1.1821558475494385,53.24800109863281,0.26492512226104736
dfl_generated,dfl_evaluation_06,0.0023659924045205116,40,PCC,B,3.0451714992523193,0.0,0.40619784593582153,0.5631123185157776,1.1821558475494385,53.24800109863281,0.26492512226104736
dfl_generated,dfl_evaluation_06,0.0023659924045205116,40,PCC,C,3.0378122329711914,0.0,0.43319565057754517,0.5631123185157776,1.1821558475494385,53.24800109863281,0.26492512226104736
dfl_generated,dfl_evaluation_06,0.0023659924045205116,41,PCC,A,2.9743099212646484,0.0,0.1652480959892273,0.5185338854789734,1.176565170288086,53.24800109863281,0.2652856111526489
dfl_generated,dfl_evaluation_06,0.0023659924045205116,41,PCC,B,2.9758121967315674,0.0,0.17108623683452606,0.5185338854789734,1.176565170288086,53.24800109863281,0.2652856111526489
dfl_generated,dfl_evaluation_06,0.0023659924045205116,41,PCC,C,2.9817392826080322,0.0,0.18461541831493378,0.5185338854789734,1.176565170288086,53.24800109863281,0.2652856111526489
dfl_generated,dfl_evaluation_06,0.0023659924045205116,42,PCC,A,2.9376742839813232,0.0,0.029356418177485466,0.501911997795105,1.1708256006240845,53.24800109863281,0.2651174068450928
dfl_generated,dfl_evaluation_06,0.0023659924045205116,42,PCC,B,2.9234459400177,0.0,0.03886660933494568,0.501911997795105,1.1708256006240845,53.24800109863281,0.2651174068450928
dfl_generated,dfl_evaluation_06,0.0023659924045205116,42,PCC,C,2.9310975074768066,0.0,0.03379577025771141,0.501911997795105,1.1708256006240845,53.24800109863281,0.2651174068450928
dfl_generated,dfl_evaluation_06,0.0023659924045205116,43,PCC,A,3.017117738723755,0.0,0.0010728654451668262,0.5692486763000488,1.1640430688858032,53.24800109863281,0.2689274847507477
dfl_generated,dfl_evaluation_06,0.0023659924045205116,43,PCC,B,3.0225839614868164,0.0,0.0016827471554279327,0.5692486763000488,1.1640430688858032,53.24800109863281,0.2689274847507477
dfl_generated,dfl_evaluation_06,0.0023659924045205116,43,PCC,C,3.0223548412323,0.0,0.0013243749272078276,0.5692486763000488,1.1640430688858032,53.24800109863281,0.2689274847507477
dfl_generated,dfl_evaluation_06,0.0023659924045205116,44,PCC,A,2.8524177074432373,0.0,5.084292297397042e-06,0.458400696516037,1.1612300872802734,53.24800109863281,0.2651415169239044
dfl_generated,dfl_evaluation_06,0.0023659924045205116,44,PCC,B,2.8546409606933594,0.0,1.375755687149649e-06,0.458400696516037,1.1612300872802734,53.24800109863281,0.2651415169239044
dfl_generated,dfl_evaluation_06,0.0023659924045205116,44,PCC,C,2.846790313720703,0.0,0.0,0.458400696516037,1.1612300872802734,53.24800109863281,0.2651415169239044
dfl_generated,dfl_evaluation_06,0.0023659924045205116,45,PCC,A,2.760288715362549,0.0,7.94593506725505e-06,0.39928483963012695,1.1624056100845337,53.24800109863281,0.2718987464904785
dfl_generated,dfl_evaluation_06,0.0023659924045205116,45,PCC,B,2.759763479232788,0.0,0.0,0.39928483963012695,1.1624056100845337,53.24800109863281,0.2718987464904785
dfl_generated,dfl_evaluation_06,0.0023659924045205116,45,PCC,C,2.76845121383667,0.0,6.001690508128377e-06,0.39928483963012695,1.1624056100845337,53.24800109863281,0.2718987464904785
dfl_generated,dfl_evaluation_06,0.0023659924045205116,46,PCC,A,2.7066285610198975,0.0,6.996117463131668e-06,0.3637107312679291,1.16165292263031,53.24800109863281,0.27636727690696716
dfl_generated,dfl_evaluation_06,0.0023659924045205116,46,PCC,B,2.714585065841675,0.0,2.8527408630907303e-06,0.3637107312679291,1.16165292263031,53.24800109863281,0.27636727690696716
dfl_generated,dfl_evaluation_06,0.0023659924045205116,46,PCC,C,2.7074975967407227,0.0,1.4614797692047432e-05,0.3637107312679291,1.16165292263031,53.24800109863281,0.27636727690696716
dfl_generated,dfl_evaluation_06,0.0023659924045205116,47,PCC,A,2.684832811355591,0.0,5.720687568100402e-06,0.34759950637817383,1.1590027809143066,53.24800109863281,0.28580671548843384
dfl_generated,dfl_evaluation_06,0.0023659924045205116,47,PCC,B,2.6850926876068115,0.0,0.0,0.34759950637817383,1.1590027809143066,53.24800109863281,0.28580671548843384
dfl_generated,dfl_evaluation_06,0.0023659924045205116,47,PCC,C,2.686781406402588,0.0,6.153075901238481e-06,0.34759950637817383,1.1590027809143066,53.24800109863281,0.28580671548843384
dfl_generated,dfl_evaluation_07,0.19858039915561676,0,PCC,A,2.601012706756592,0.0,1.1309524779790081e-05,0.29431068897247314,1.1551815271377563,53.24800109863281,0.28626954555511475
dfl_generated,dfl_evaluation_07,0.19858039915561676,0,PCC,B,2.599940776824951,0.0,1.2919422260893043e-05,0.29431068897247314,1.1551815271377563,53.24800109863281,0.28626954555511475
dfl_generated,dfl_evaluation_07,0.19858039915561676,0,PCC,C,2.601677179336548,0.0,0.0,0.29431068897247314,1.1551815271377563,53.24800109863281,0.28626954555511475
dfl_generated,dfl_evaluation_07,0.19858039915561676,1,PCC,A,2.6326420307159424,0.0,0.0,0.3179371654987335,1.1548211574554443,34.72425079345703,0.2911093235015869
dfl_generated,dfl_evaluation_07,0.19858039915561676,1,PCC,B,2.633573055267334,0.0,7.244203061418375e-06,0.3179371654987335,1.1548211574554443,34.72425079345703,0.2911093235015869
dfl_generated,dfl_evaluation_07,0.19858039915561676,1,PCC,C,2.635559320449829,0.0,0.0,0.3179371654987335,1.1548211574554443,34.72425079345703,0.2911093235015869
dfl_generated,dfl_evaluation_07,0.19858039915561676,2,PCC,A,2.49578595161438,0.0,5.075696208223235e-06,0.2232462614774704,1.154451847076416,34.72425079345703,0.2917187809944153
dfl_generated,dfl_evaluation_07,0.19858039915561676,2,PCC,B,2.493584156036377,0.0,0.0,0.2232462614774704,1.154451847076416,34.72425079345703,0.2917187809944153
dfl_generated,dfl_evaluation_07,0.19858039915561676,2,PCC,C,2.493283271789551,0.0,1.3910376765124965e-05,0.2232462614774704,1.154451847076416,34.72425079345703,0.2917187809944153
dfl_generated,dfl_evaluation_07,0.19858039915561676,3,PCC,A,2.5522570610046387,0.0,6.628069058933761e-06,0.2633455991744995,1.153314232826233,53.24800109863281,0.28162726759910583
dfl_generated,dfl_evaluation_07,0.19858039915561676,3,PCC,B,2.5520665645599365,0.0,0.0,0.2633455991744995,1.153314232826233,53.24800109863281,0.28162726759910583
dfl_generated,dfl_evaluation_07,0.19858039915561676,3,PCC,C,2.552525281906128,0.0,0.0,0.2633455991744995,1.153314232826233,53.24800109863281,0.28162726759910583
dfl_generated,dfl_evaluation_07,0.19858039915561676,4,PCC,A,2.613097667694092,0.0,5.867547770321835e-06,0.3060445785522461,1.1540215015411377,53.24800109863281,0.27886316180229187
dfl_generated,dfl_evaluation_07,0.19858039915561676,4,PCC,B,2.6137664318084717,0.0,0.0,0.3060445785522461,1.1540215015411377,53.24800109863281,0.27886316180229187
dfl_generated,dfl_evaluation_07,0.19858039915561676,4,PCC,C,2.610309600830078,0.0,7.770366210024804e-06,0.3060445785522461,1.1540215015411377,53.24800109863281,0.27886316180229187
dfl_generated,dfl_evaluation_07,0.19858039915561676,5,PCC,A,2.585204601287842,0.0,0.0015823764260858297,0.2850128710269928,1.153379201889038,53.24800109863281,0.2715345621109009
dfl_generated,dfl_evaluation_07,0.19858039915561676,5,PCC,B,2.5858891010284424,0.0,0.0012462157756090164,0.2850128710269928,1.153379201889038,53.24800109863281,0.2715345621109009
dfl_generated,dfl_evaluation_07,0.19858039915561676,5,PCC,C,2.5843169689178467,0.0,0.0014317193999886513,0.2850128710269928,1.153379201889038,53.24800109863281,0.2715345621109009
dfl_generated,dfl_evaluation_07,0.19858039915561676,6,PCC,A,2.774223566055298,0.0,0.03055080957710743,0.4131304621696472,1.1549341678619385,121.88175201416016,0.24979470670223236
dfl_generated,dfl_evaluation_07,0.19858039915561676,6,PCC,B,2.769867420196533,0.0,0.030673056840896606,0.4131304621696472,1.1549341678619385,121.88175201416016,0.24979470670223236
dfl_generated,dfl_evaluation_07,0.19858039915561676,6,PCC,C,2.7750658988952637,0.0,0.028754014521837234,0.4131304621696472,1.1549341678619385,121.88175201416016,0.24979470670223236
dfl_generated,dfl_evaluation_07,0.19858039915561676,7,PCC,A,3.0404250621795654,0.0,0.13887935876846313,0.5887197852134705,1.1583912372589111,121.88175201416016,0.25352463126182556
dfl_generated,dfl_evaluation_07,0.19858039915561676,7,PCC,B,3.040057897567749,0.0,0.17679694294929504,0.5887197852134705,1.1583912372589111,121.88175201416016,0.25352463126182556
dfl_generated,dfl_evaluation_07,0.19858039915561676,7,PCC,C,3.0342612266540527,0.0,0.17079322040081024,0.5887197852134705,1.1583912372589111,121.88175201416016,0.25352463126182556
dfl_generated,dfl_evaluation_07,0.19858039915561676,8,PCC,A,2.7977712154388428,0.0,0.43882089853286743,0.41616514325141907,1.161256194114685,121.88175201416016,0.2548094391822815
dfl_generated,dfl_evaluation_07,0.19858039915561676,8,PCC,B,2.7891032695770264,0.0,0.4242338538169861,0.41616514325141907,1.161256194114685,121.88175201416016,0.2548094391822815
dfl_generated,dfl_evaluation_07,0.19858039915561676,8,PCC,C,2.8012735843658447,0.0,0.41717463731765747,0.41616514325141907,1.161256194114685,121.88175201416016,0.2548094391822815
dfl_generated,dfl_evaluation_07,0.19858039915561676,9,PCC,A,2.955620050430298,0.0,0.6467868089675903,0.5137431621551514,1.1694693565368652,121.88175201416016,0.24695058166980743
dfl_generated,dfl_evaluation_07,0.19858039915561676,9,PCC,B,2.9459283351898193,0.0,0.6493232846260071,0.5137431621551514,1.1694693565368652,121.88175201416016,0.24695058166980743
dfl_generated,dfl_evaluation_07,0.19858039915561676,9,PCC,C,2.9486279487609863,0.0,0.6805195808410645,0.5137431621551514,1.1694693565368652,121.88175201416016,0.24695058166980743
dfl_generated,dfl_evaluation_07,0.19858039915561676,10,PCC,A,2.738772392272949,0.0,0.8411948680877686,0.3643687963485718,1.1756796836853027,53.24800109863281,0.2565023601055145
dfl_generated,dfl_evaluation_07,0.19858039915561676,10,PCC,B,2.7382092475891113,0.0,0.8031164407730103,0.3643687963485718,1.1756796836853027,53.24800109863281,0.2565023601055145
dfl_generated,dfl_evaluation_07,0.19858039915561676,10,PCC,C,2.744769334793091,0.0,0.8024855256080627,0.3643687963485718,1.1756796836853027,53.24800109863281,0.2565023601055145
dfl_generated,dfl_evaluation_07,0.19858039915561676,11,PCC,A,2.7543094158172607,0.0,0.9255452752113342,0.36136627197265625,1.1791298389434814,53.24800109863281,0.2599067687988281
dfl_generated,dfl_evaluation_07,0.19858039915561676,11,PCC,B,2.7494404315948486,0.0,0.8447166085243225,0.36136627197265625,1.1791298389434814,53.24800109863281,0.2599067687988281
dfl_generated,dfl_evaluation_07,0.19858039915561676,11,PCC,C,2.7425811290740967,0.0,0.9537173509597778,0.36136627197265625,1.1791298389434814,53.24800109863281,0.2599067687988281
dfl_generated,dfl_evaluation_07,0.19858039915561676,12,PCC,A,3.0139007568359375,0.0,0.9264199137687683,0.5383059978485107,1.1779067516326904,34.72425079345703,0.26829802989959717
dfl_generated,dfl_evaluation_07,0.19858039915561676,12,PCC,B,2.9982151985168457,0.0,0.9266538619995117,0.5383059978485107,1.1779067516326904,34.72425079345703,0.26829802989959717
dfl_generated,dfl_evaluation_07,0.19858039915561676,12,PCC,C,3.022533893585205,0.0,0.8737784028053284,0.5383059978485107,1.1779067516326904,34.72425079345703,0.26829802989959717
dfl_generated,dfl_evaluation_07,0.19858039915561676,13,PCC,A,3.1093904972076416,0.0,0.8474019169807434,0.6031783223152161,1.180862307548523,34.72425079345703,0.26620301604270935
dfl_generated,dfl_evaluation_07,0.19858039915561676,13,PCC,B,3.105581283569336,0.0,0.8698704838752747,0.6031783223152161,1.180862307548523,34.72425079345703,0.26620301604270935
dfl_generated,dfl_evaluation_07,0.19858039915561676,13,PCC,C,3.103214740753174,0.0,0.8875917792320251,0.6031783223152161,1.180862307548523,34.72425079345703,0.26620301604270935
dfl_generated,dfl_evaluation_07,0.19858039915561676,14,PCC,A,3.194431781768799,0.0,0.7760059833526611,0.6654155254364014,1.1800353527069092,34.72425079345703,0.2679820954799652
dfl_generated,dfl_evaluation_07,0.19858039915561676,14,PCC,B,3.1917057037353516,0.0,0.8041621446609497,0.6654155254364014,1.1800353527069092,34.72425079345703,0.2679820954799652
dfl_generated,dfl_evaluation_07,0.19858039915561676,14,PCC,C,3.194239377975464,0.0,0.7855706214904785,0.6654155254364014,1.1800353527069092,34.72425079345703,0.2679820954799652
dfl_generated,dfl_evaluation_07,0.19858039915561676,15,PCC,A,2.9796032905578613,0.0,0.6330642700195312,0.5210045576095581,1.1765210628509521,34.72425079345703,0.2636243402957916
dfl_generated,dfl_evaluation_07,0.19858039915561676,15,PCC,B,2.9846067428588867,0.0,0.5990502834320068,0.5210045576095581,1.1765210628509521,34.72425079345703,0.2636243402957916
dfl_generated,dfl_evaluation_07,0.19858039915561676,15,PCC,C,2.9821321964263916,0.0,0.6322656869888306,0.5210045576095581,1.1765210628509521,34.72425079345703,0.2636243402957916
dfl_generated,dfl_evaluation_07,0.19858039915561676,16,PCC,A,3.0206656455993652,0.0,0.38892823457717896,0.5631123185157776,1.1760740280151367,53.24800109863281,0.2596535384654999
dfl_generated,dfl_evaluation_07,0.19858039915561676,16,PCC,B,3.0340497493743896,0.0,0.3698214888572693,0.5631123185157776,1.1760740280151367,53.24800109863281,0.2596535384654999
dfl_generated,dfl_evaluation_07,0.19858039915561676,16,PCC,C,3.035731792449951,0.0,0.39839407801628113,0.5631123185157776,1.1760740280151367,53.24800109863281,0.2596535384654999
dfl_generated,dfl_evaluation_07,0.19858039915561676,17,PCC,A,2.9618797302246094,0.0,0.14161048829555511,0.5185338854789734,1.1731679439544678,53.24800109863281,0.2567170262336731
dfl_generated,dfl_evaluation_07,0.19858039915561676,17,PCC,B,2.966233253479004,0.0,0.15137125551700592,0.5185338854789734,1.1731679439544678,53.24800109863281,0.2567170262336731
dfl_generated,dfl_evaluation_07,0.19858039915561676,17,PCC,C,2.9589409828186035,0.0,0.1392253041267395,0.5185338854789734,1.1731679439544678,53.24800109863281,0.2567170262336731
dfl_generated,dfl_evaluation_07,0.19858039915561676,18,PCC,A,2.9272232055664062,0.0,0.025610730051994324,0.501911997795105,1.1634525060653687,53.24800109863281,0.2544517517089844
dfl_generated,dfl_evaluation_07,0.19858039915561676,18,PCC,B,2.9262852668762207,0.0,0.026840222999453545,0.501911997795105,1.1634525060653687,53.24800109863281,0.2544517517089844
dfl_generated,dfl_evaluation_07,0.19858039915561676,18,PCC,C,2.9278030395507812,0.0,0.02612818405032158,0.501911997795105,1.1634525060653687,53.24800109863281,0.2544517517089844
dfl_generated,dfl_evaluation_07,0.19858039915561676,19,PCC,A,3.0104897022247314,0.0,0.0010622910922393203,0.5692486763000488,1.1617602109909058,53.24800109863281,0.2598770260810852
dfl_generated,dfl_evaluation_07,0.19858039915561676,19,PCC,B,3.012054920196533,0.0,0.0014505067374557257,0.5692486763000488,1.1617602109909058,53.24800109863281,0.2598770260810852
dfl_generated,dfl_evaluation_07,0.19858039915561676,19,PCC,C,3.013326644897461,0.0,0.0010532877640798688,0.5692486763000488,1.1617602109909058,53.24800109863281,0.2598770260810852
dfl_generated,dfl_evaluation_07,0.19858039915561676,20,PCC,A,2.847136974334717,0.0,3.095237389061367e-06,0.458400696516037,1.1589840650558472,53.24800109863281,0.2609996199607849
dfl_generated,dfl_evaluation_07,0.19858039915561676,20,PCC,B,2.8447988033294678,0.0,6.62763250147691e-06,0.458400696516037,1.1589840650558472,53.24800109863281,0.2609996199607849
dfl_generated,dfl_evaluation_07,0.19858039915561676,20,PCC,C,2.851728916168213,0.0,1.1280573062322219e-06,0.458400696516037,1.1589840650558472,53.24800109863281,0.2609996199607849
dfl_generated,dfl_evaluation_07,0.19858039915561676,21,PCC,A,2.7585790157318115,0.0,6.0197085076652e-06,0.39928483963012695,1.1594364643096924,53.24800109863281,0.26189762353897095
dfl_generated,dfl_evaluation_07,0.19858039915561676,21,PCC,B,2.762425422668457,0.0,0.0,0.39928483963012695,1.1594364643096924,53.24800109863281,0.26189762353897095
dfl_generated,dfl_evaluation_07,0.19858039915561676,21,PCC,C,2.758296489715576,0.0,0.0,0.39928483963012695,1.1594364643096924,53.24800109863281,0.26189762353897095
dfl_generated,dfl_evaluation_07,0.19858039915561676,22,PCC,A,2.7072441577911377,0.0,4.892967808700632e-06,0.3637107312679291,1.1565355062484741,53.24800109863281,0.2688305079936981
dfl_generated,dfl_evaluation_07,0.19858039915561676,22,PCC,B,2.704411268234253,0.0,6.097853201936232e-06,0.3637107312679291,1.1565355062484741,53.24800109863281,0.2688305079936981
dfl_generated,dfl_evaluation_07,0.19858039915561676,22,PCC,C,2.7060604095458984,0.0,4.444847490958637e-06,0.3637107312679291,1.1565355062484741,53.24800109863281,0.2688305079936981
dfl_generated,dfl_evaluation_07,0.19858039915561676,23,PCC,A,2.6815547943115234,0.0,0.0,0.34759950637817383,1.1565709114074707,53.24800109863281,0.2934494912624359
dfl_generated,dfl_evaluation_07,0.19858039915561676,23,PCC,B,2.68292498588562,0.0,4.097034889127826e-06,0.34759950637817383,1.1565709114074707,53.24800109863281,0.2934494912624359
dfl_generated,dfl_evaluation_07,0.19858039915561676,23,PCC,C,2.6824440956115723,0.0,0.0,0.34759950637817383,1.1565709114074707,53.24800109863281,0.2934494912624359
dfl_generated,dfl_evaluation_07,0.19858039915561676,24,PCC,A,2.6016294956207275,0.0,0.0,0.29431068897247314,1.1549656391143799,53.24800109863281,0.29821640253067017
dfl_generated,dfl_evaluation_07,0.19858039915561676,24,PCC,B,2.5994811058044434,0.0,0.0,0.29431068897247314,1.1549656391143799,53.24800109863281,0.29821640253067017
dfl_generated,dfl_evaluation_07,0.19858039915561676,24,PCC,C,2.602571964263916,0.0,0.0,0.29431068897247314,1.1549656391143799,53.24800109863281,0.29821640253067017
dfl_generated,dfl_evaluation_07,0.19858039915561676,25,PCC,A,2.6343531608581543,0.0,0.0,0.3179371654987335,1.1542060375213623,34.72425079345703,0.29240143299102783
dfl_generated,dfl_evaluation_07,0.19858039915561676,25,PCC,B,2.6342294216156006,0.0,1.9941288087466091e-07,0.3179371654987335,1.1542060375213623,34.72425079345703,0.29240143299102783
dfl_generated,dfl_evaluation_07,0.19858039915561676,25,PCC,C,2.6320252418518066,0.0,0.0,0.3179371654987335,1.1542060375213623,34.72425079345703,0.29240143299102783
dfl_generated,dfl_evaluation_07,0.19858039915561676,26,PCC,A,2.4951510429382324,0.0,0.0,0.2232462614774704,1.1538255214691162,34.72425079345703,0.31337982416152954
dfl_generated,dfl_evaluation_07,0.19858039915561676,26,PCC,B,2.494645357131958,0.0,0.0,0.2232462614774704,1.1538255214691162,34.72425079345703,0.31337982416152954
dfl_generated,dfl_evaluation_07,0.19858039915561676,26,PCC,C,2.4947261810302734,0.0,0.0,0.2232462614774704,1.1538255214691162,34.72425079345703,0.31337982416152954
dfl_generated,dfl_evaluation_07,0.19858039915561676,27,PCC,A,2.5522263050079346,0.0,2.8426966309780255e-06,0.2633455991744995,1.1536953449249268,53.24800109863281,0.2940567433834076
dfl_generated,dfl_evaluation_07,0.19858039915561676,27,PCC,B,2.550062894821167,0.0,3.266410431024269e-06,0.2633455991744995,1.1536953449249268,53.24800109863281,0.2940567433834076
dfl_generated,dfl_evaluation_07,0.19858039915561676,27,PCC,C,2.5535640716552734,0.0,0.0,0.2633455991744995,1.1536953449249268,53.24800109863281,0.2940567433834076
dfl_generated,dfl_evaluation_07,0.19858039915561676,28,PCC,A,2.6160619258880615,0.0,9.031979061546735e-06,0.3060445785522461,1.153307557106018,53.24800109863281,0.28180330991744995
dfl_generated,dfl_evaluation_07,0.19858039915561676,28,PCC,B,2.6132171154022217,0.0,2.754950855887728e-06,0.3060445785522461,1.153307557106018,53.24800109863281,0.28180330991744995
dfl_generated,dfl_evaluation_07,0.19858039915561676,28,PCC,C,2.613034963607788,0.0,0.0,0.3060445785522461,1.153307557106018,53.24800109863281,0.28180330991744995
dfl_generated,dfl_evaluation_07,0.19858039915561676,29,PCC,A,2.584310531616211,0.0,0.0015926846535876393,0.2850128710269928,1.1533348560333252,53.24800109863281,0.26641845703125
dfl_generated,dfl_evaluation_07,0.19858039915561676,29,PCC,B,2.5849201679229736,0.0,0.001303325523622334,0.2850128710269928,1.1533348560333252,53.24800109863281,0.26641845703125
dfl_generated,dfl_evaluation_07,0.19858039915561676,29,PCC,C,2.583507537841797,0.0,0.001452570897527039,0.2850128710269928,1.1533348560333252,53.24800109863281,0.26641845703125
dfl_generated,dfl_evaluation_07,0.19858039915561676,30,PCC,A,2.768949031829834,0.0,0.027922101318836212,0.4131304621696472,1.155419945716858,121.88175201416016,0.2586030066013336
dfl_generated,dfl_evaluation_07,0.19858039915561676,30,PCC,B,2.77223539352417,0.0,0.02533796615898609,0.4131304621696472,1.155419945716858,121.88175201416016,0.2586030066013336
dfl_generated,dfl_evaluation_07,0.19858039915561676,30,PCC,C,2.7725141048431396,0.0,0.031034814193844795,0.4131304621696472,1.155419945716858,121.88175201416016,0.2586030066013336
dfl_generated,dfl_evaluation_07,0.19858039915561676,31,PCC,A,3.037611961364746,0.0,0.15848946571350098,0.5887197852134705,1.1591824293136597,121.88175201416016,0.2504845857620239
dfl_generated,dfl_evaluation_07,0.19858039915561676,31,PCC,B,3.0406301021575928,0.0,0.16428370773792267,0.5887197852134705,1.1591824293136597,121.88175201416016,0.2504845857620239
dfl_generated,dfl_evaluation_07,0.19858039915561676,31,PCC,C,3.0351080894470215,0.0,0.17636239528656006,0.5887197852134705,1.1591824293136597,121.88175201416016,0.2504845857620239
dfl_generated,dfl_evaluation_07,0.19858039915561676,32,PCC,A,2.795936107635498,0.0,0.43774130940437317,0.41616514325141907,1.1642706394195557,121.88175201416016,0.22780051827430725
dfl_generated,dfl_evaluation_07,0.19858039915561676,32,PCC,B,2.798708200454712,0.0,0.42557379603385925,0.41616514325141907,1.1642706394195557,121.88175201416016,0.22780051827430725
dfl_generated,dfl_evaluation_07,0.19858039915561676,32,PCC,C,2.798335552215576,0.0,0.4187367856502533,0.41616514325141907,1.1642706394195557,121.88175201416016,0.22780051827430725
dfl_generated,dfl_evaluation_07,0.19858039915561676,33,PCC,A,2.9438071250915527,0.0,0.6726483106613159,0.5137431621551514,1.1718571186065674,121.88175201416016,0.24936743080615997
dfl_generated,dfl_evaluation_07,0.19858039915561676,33,PCC,B,2.950495481491089,0.0,0.6926203966140747,0.5137431621551514,1.1718571186065674,121.88175201416016,0.24936743080615997
dfl_generated,dfl_evaluation_07,0.19858039915561676,33,PCC,C,2.9565086364746094,0.0,0.6177565455436707,0.5137431621551514,1.1718571186065674,121.88175201416016,0.24936743080615997
dfl_generated,dfl_evaluation_07,0.19858039915561676,34,PCC,A,2.744333505630493,0.0,0.7966687083244324,0.3643687963485718,1.1723856925964355,53.24800109863281,0.25853028893470764
dfl_generated,dfl_evaluation_07,0.19858039915561676,34,PCC,B,2.7450814247131348,0.0,0.8315640091896057,0.3643687963485718,1.1723856925964355,53.24800109863281,0.25853028893470764
dfl_generated,dfl_evaluation_07,0.19858039915561676,34,PCC,C,2.7401387691497803,0.0,0.8356289863586426,0.3643687963485718,1.1723856925964355,53.24800109863281,0.25853028893470764
dfl_generated,dfl_evaluation_07,0.19858039915561676,35,PCC,A,2.7399351596832275,0.0,0.9084157347679138,0.36136627197265625,1.174790859222412,53.24800109863281,0.27279749512672424
dfl_generated,dfl_evaluation_07,0.19858039915561676,35,PCC,B,2.7288260459899902,0.0,0.9003724455833435,0.36136627197265625,1.174790859222412,53.24800109863281,0.27279749512672424
dfl_generated,dfl_evaluation_07,0.19858039915561676,35,PCC,C,2.7451553344726562,0.0,0.9261995553970337,0.36136627197265625,1.174790859222412,53.24800109863281,0.27279749512672424
dfl_generated,dfl_evaluation_07,0.19858039915561676,36,PCC,A,3.0004825592041016,0.0,0.9827315807342529,0.5383059978485107,1.1800960302352905,34.72425079345703,0.2720292806625366
dfl_generated,dfl_evaluation_07,0.19858039915561676,36,PCC,B,3.0163416862487793,0.0,0.9565718770027161,0.5383059978485107,1.1800960302352905,34.72425079345703,0.2720292806625366
dfl_generated,dfl_evaluation_07,0.19858039915561676,36,PCC,C,3.0010974407196045,0.0,0.927609384059906,0.5383059978485107,1.1800960302352905,34.72425079345703,0.2720292806625366
dfl_generated,dfl_evaluation_07,0.19858039915561676,37,PCC,A,3.1041574478149414,0.0,0.9168689846992493,0.6031783223152161,1.179890513420105,34.72425079345703,0.27291810512542725
dfl_generated,dfl_evaluation_07,0.19858039915561676,37,PCC,B,3.109100103378296,0.0,0.9092546105384827,0.6031783223152161,1.179890513420105,34.72425079345703,0.27291810512542725
dfl_generated,dfl_evaluation_07,0.19858039915561676,37,PCC,C,3.0991785526275635,0.0,0.9058142900466919,0.6031783223152161,1.179890513420105,34.72425079345703,0.27291810512542725
dfl_generated,dfl_evaluation_07,0.19858039915561676,38,PCC,A,3.2011399269104004,0.0,0.8013085126876831,0.6654155254364014,1.1836823225021362,34.72425079345703,0.2702483534812927
dfl_generated,dfl_evaluation_07,0.19858039915561676,38,PCC,B,3.195432662963867,0.0,0.7677202820777893,0.6654155254364014,1.1836823225021362,34.72425079345703,0.2702483534812927
dfl_generated,dfl_evaluation_07,0.19858039915561676,38,PCC,C,3.2027971744537354,0.0,0.7973971366882324,0.6654155254364014,1.1836823225021362,34.72425079345703,0.2702483534812927
dfl_generated,dfl_evaluation_07,0.19858039915561676,39,PCC,A,2.9809505939483643,0.0,0.6305797100067139,0.5210045576095581,1.17731773853302,34.72425079345703,0.2643747627735138
dfl_generated,dfl_evaluation_07,0.19858039915561676,39,PCC,B,2.982567310333252,0.0,0.6438758373260498,0.5210045576095581,1.17731773853302,34.72425079345703,0.2643747627735138
dfl_generated,dfl_evaluation_07,0.19858039915561676,39,PCC,C,2.976719617843628,0.0,0.6165788173675537,0.5210045576095581,1.17731773853302,34.72425079345703,0.2643747627735138
dfl_generated,dfl_evaluation_07,0.19858039915561676,40,PCC,A,3.040213108062744,0.0,0.38534319400787354,0.5631123185157776,1.1776233911514282,53.24800109863281,0.2605859339237213
dfl_generated,dfl_evaluation_07,0.19858039915561676,40,PCC,B,3.0337023735046387,0.0,0.39181217551231384,0.5631123185157776,1.1776233911514282,53.24800109863281,0.2605859339237213
dfl_generated,dfl_evaluation_07,0.19858039915561676,40,PCC,C,3.038278102874756,0.0,0.4311177134513855,0.5631123185157776,1.1776233911514282,53.24800109863281,0.2605859339237213
dfl_generated,dfl_evaluation_07,0.19858039915561676,41,PCC,A,2.967024326324463,0.0,0.16060341894626617,0.5185338854789734,1.1728273630142212,53.24800109863281,0.2579830288887024
dfl_generated,dfl_evaluation_07,0.19858039915561676,41,PCC,B,2.9643425941467285,0.0,0.1449710726737976,0.5185338854789734,1.1728273630142212,53.24800109863281,0.2579830288887024
dfl_generated,dfl_evaluation_07,0.19858039915561676,41,PCC,C,2.9663259983062744,0.0,0.15041397511959076,0.5185338854789734,1.1728273630142212,53.24800109863281,0.2579830288887024
dfl_generated,dfl_evaluation_07,0.19858039915561676,42,PCC,A,2.9277031421661377,0.0,0.023554673418402672,0.501911997795105,1.16811203956604,53.24800109863281,0.25687143206596375
dfl_generated,dfl_evaluation_07,0.19858039915561676,42,PCC,B,2.922957420349121,0.0,0.034074220806360245,0.501911997795105,1.16811203956604,53.24800109863281,0.25687143206596375
dfl_generated,dfl_evaluation_07,0.19858039915561676,42,PCC,C,2.920954704284668,0.0,0.021541893482208252,0.501911997795105,1.16811203956604,53.24800109863281,0.25687143206596375
dfl_generated,dfl_evaluation_07,0.19858039915561676,43,PCC,A,3.021697759628296,0.0,0.0009225446847267449,0.5692486763000488,1.1628223657608032,53.24800109863281,0.2658657729625702
dfl_generated,dfl_evaluation_07,0.19858039915561676,43,PCC,B,3.0120978355407715,0.0,0.0010686941677704453,0.5692486763000488,1.1628223657608032,53.24800109863281,0.2658657729625702
dfl_generated,dfl_evaluation_07,0.19858039915561676,43,PCC,C,3.0154802799224854,0.0,0.0012538335286080837,0.5692486763000488,1.1628223657608032,53.24800109863281,0.2658657729625702
dfl_generated,dfl_evaluation_07,0.19858039915561676,44,PCC,A,2.8439435958862305,0.0,0.0,0.458400696516037,1.1612145900726318,53.24800109863281,0.26480644941329956
dfl_generated,dfl_evaluation_07,0.19858039915561676,44,PCC,B,2.84251070022583,0.0,1.367475761071546e-06,0.458400696516037,1.1612145900726318,53.24800109863281,0.26480644941329956
dfl_generated,dfl_evaluation_07,0.19858039915561676,44,PCC,C,2.8460030555725098,0.0,0.0,0.458400696516037,1.1612145900726318,53.24800109863281,0.26480644941329956
dfl_generated,dfl_evaluation_07,0.19858039915561676,45,PCC,A,2.757127046585083,0.0,4.645395165425725e-06,0.39928483963012695,1.160477876663208,53.24800109863281,0.26160797476768494
dfl_generated,dfl_evaluation_07,0.19858039915561676,45,PCC,B,2.758057117462158,0.0,0.0,0.39928483963012695,1.160477876663208,53.24800109863281,0.26160797476768494
dfl_generated,dfl_evaluation_07,0.19858039915561676,45,PCC,C,2.7590203285217285,0.0,1.0217410817858763e-05,0.39928483963012695,1.160477876663208,53.24800109863281,0.26160797476768494
dfl_generated,dfl_evaluation_07,0.19858039915561676,46,PCC,A,2.7048799991607666,0.0,1.3642933254232048e-06,0.3637107312679291,1.157174825668335,53.24800109863281,0.2805221378803253
dfl_generated,dfl_evaluation_07,0.19858039915561676,46,PCC,B,2.706289529800415,0.0,7.302293170141638e-07,0.3637107312679291,1.157174825668335,53.24800109863281,0.2805221378803253
dfl_generated,dfl_evaluation_07,0.19858039915561676,46,PCC,C,2.7085354328155518,0.0,0.0,0.3637107312679291,1.157174825668335,53.24800109863281,0.2805221378803253
dfl_generated,dfl_evaluation_07,0.19858039915561676,47,PCC,A,2.679140090942383,0.0,0.0,0.34759950637817383,1.1564074754714966,53.24800109863281,0.2817554473876953
dfl_generated,dfl_evaluation_07,0.19858039915561676,47,PCC,B,2.6811866760253906,0.0,0.0,0.34759950637817383,1.1564074754714966,53.24800109863281,0.2817554473876953
dfl_generated,dfl_evaluation_07,0.19858039915561676,47,PCC,C,2.676783323287964,0.0,0.0,0.34759950637817383,1.1564074754714966,53.24800109863281,0.2817554473876953
