source,scenario_name,scenario_weight,time,bus,phase,active_load_mw,reactive_load_mvar,pv_available_mw,workload_arrival,pue,grid_price_per_mwh,grid_carbon_t_per_mwh
observed_test,v2_2018_388_48h,,0,PCC,A,2.589738233557025,0.0,0.0,0.29431068897247314,1.149999976158142,53.24800137329102,0.24671828746795654
observed_test,v2_2018_388_48h,,0,PCC,B,2.589738233557025,0.0,0.0,0.29431068897247314,1.149999976158142,53.24800137329102,0.24671828746795654
observed_test,v2_2018_388_48h,,0,PCC,C,2.589738233557025,0.0,0.0,0.29431068897247314,1.149999976158142,53.24800137329102,0.24671828746795654
observed_test,v2_2018_388_48h,,1,PCC,A,2.6237012928594003,0.0,0.0,0.3179371654987335,1.149999976158142,53.24800137329102,0.24198617041110992
observed_test,v2_2018_388_48h,,1,PCC,B,2.6237012928594003,0.0,0.0,0.3179371654987335,1.149999976158142,53.24800137329102,0.24198617041110992
observed_test,v2_2018_388_48h,,1,PCC,C,2.6237012928594003,0.0,0.0,0.3179371654987335,1.149999976158142,53.24800137329102,0.24198617041110992
observed_test,v2_2018_388_48h,,2,PCC,A,2.4875831211508435,0.0,0.0,0.2232462614774704,1.149999976158142,53.24800137329102,0.24508506059646606
observed_test,v2_2018_388_48h,,2,PCC,B,2.4875831211508435,0.0,0.0,0.2232462614774704,1.149999976158142,53.24800137329102,0.24508506059646606
observed_test,v2_2018_388_48h,,2,PCC,C,2.4875831211508435,0.0,0.0,0.2232462614774704,1.149999976158142,53.24800137329102,0.24508506059646606
observed_test,v2_2018_388_48h,,3,PCC,A,2.5452259178952694,0.0,0.0,0.2633455991744995,1.149999976158142,53.24800137329102,0.25559377670288086
observed_test,v2_2018_388_48h,,3,PCC,B,2.5452259178952694,0.0,0.0,0.2633455991744995,1.149999976158142,53.24800137329102,0.25559377670288086
observed_test,v2_2018_388_48h,,3,PCC,C,2.5452259178952694,0.0,0.0,0.2633455991744995,1.149999976158142,53.24800137329102,0.25559377670288086
observed_test,v2_2018_388_48h,,4,PCC,A,2.6066056994782514,0.0,0.0,0.3060445785522461,1.149999976158142,53.24800137329102,0.247085839509964
observed_test,v2_2018_388_48h,,4,PCC,B,2.6066056994782514,0.0,0.0,0.3060445785522461,1.149999976158142,53.24800137329102,0.247085839509964
observed_test,v2_2018_388_48h,,4,PCC,C,2.6066056994782514,0.0,0.0,0.3060445785522461,1.149999976158142,53.24800137329102,0.247085839509964
observed_test,v2_2018_388_48h,,5,PCC,A,2.5763726205374935,0.0,0.0,0.2850128710269928,1.149999976158142,53.24800137329102,0.24306049942970276
observed_test,v2_2018_388_48h,,5,PCC,B,2.5763726205374935,0.0,0.0,0.2850128710269928,1.149999976158142,53.24800137329102,0.24306049942970276
observed_test,v2_2018_388_48h,,5,PCC,C,2.5763726205374935,0.0,0.0,0.2850128710269928,1.149999976158142,53.24800137329102,0.24306049942970276
observed_test,v2_2018_388_48h,,6,PCC,A,2.7605416539868575,0.0,0.0,0.4131304621696472,1.149999976158142,53.24800137329102,0.24511682987213135
observed_test,v2_2018_388_48h,,6,PCC,B,2.7605416539868575,0.0,0.0,0.4131304621696472,1.149999976158142,53.24800137329102,0.24511682987213135
observed_test,v2_2018_388_48h,,6,PCC,C,2.7605416539868575,0.0,0.0,0.4131304621696472,1.149999976158142,53.24800137329102,0.24511682987213135
observed_test,v2_2018_388_48h,,7,PCC,A,3.0129513006293838,0.0,0.08162083104252814,0.5887197852134705,1.149999976158142,53.24800137329102,0.23770040273666382
observed_test,v2_2018_388_48h,,7,PCC,B,3.0129513006293838,0.0,0.08162083104252814,0.5887197852134705,1.149999976158142,53.24800137329102,0.23770040273666382
observed_test,v2_2018_388_48h,,7,PCC,C,3.0129513006293838,0.0,0.08162083104252814,0.5887197852134705,1.149999976158142,53.24800137329102,0.23770040273666382
observed_test,v2_2018_388_48h,,8,PCC,A,2.7649040079514635,0.0,0.49498333380772513,0.41616514325141907,1.149999976158142,53.24800137329102,0.23350167274475098
observed_test,v2_2018_388_48h,,8,PCC,B,2.7649040079514635,0.0,0.49498333380772513,0.41616514325141907,1.149999976158142,53.24800137329102,0.23350167274475098
observed_test,v2_2018_388_48h,,8,PCC,C,2.7649040079514635,0.0,0.49498333380772513,0.41616514325141907,1.149999976158142,53.24800137329102,0.23350167274475098
observed_test,v2_2018_388_48h,,9,PCC,A,2.9051724072175276,0.0,0.8703458194549266,0.5137431621551514,1.149999976158142,53.24800137329102,0.2296794354915619
observed_test,v2_2018_388_48h,,9,PCC,B,2.9051724072175276,0.0,0.8703458194549266,0.5137431621551514,1.149999976158142,53.24800137329102,0.2296794354915619
observed_test,v2_2018_388_48h,,9,PCC,C,2.9051724072175276,0.0,0.8703458194549266,0.5137431621551514,1.149999976158142,53.24800137329102,0.2296794354915619
observed_test,v2_2018_388_48h,,10,PCC,A,2.6904467608222724,0.0,1.1239917232440066,0.3643687963485718,1.149999976158142,53.24800137329102,0.24029983580112457
observed_test,v2_2018_388_48h,,10,PCC,B,2.6904467608222724,0.0,1.1239917232440066,0.3643687963485718,1.149999976158142,53.24800137329102,0.24029983580112457
observed_test,v2_2018_388_48h,,10,PCC,C,2.6904467608222724,0.0,1.1239917232440066,0.3643687963485718,1.149999976158142,53.24800137329102,0.24029983580112457
observed_test,v2_2018_388_48h,,11,PCC,A,2.686130632121376,0.0,1.2637832990059483,0.36136627197265625,1.149999976158142,53.24800137329102,0.25352588295936584
observed_test,v2_2018_388_48h,,11,PCC,B,2.686130632121376,0.0,1.2637832990059483,0.36136627197265625,1.149999976158142,53.24800137329102,0.25352588295936584
observed_test,v2_2018_388_48h,,11,PCC,C,2.686130632121376,0.0,1.2637832990059483,0.36136627197265625,1.149999976158142,53.24800137329102,0.25352588295936584
observed_test,v2_2018_388_48h,,12,PCC,A,2.940481482794702,0.0,1.3124582859186025,0.5383059978485107,1.149999976158142,53.24800137329102,0.24791784584522247
observed_test,v2_2018_388_48h,,12,PCC,B,2.940481482794702,0.0,1.3124582859186025,0.5383059978485107,1.149999976158142,53.24800137329102,0.24791784584522247
observed_test,v2_2018_388_48h,,12,PCC,C,2.940481482794702,0.0,1.3124582859186025,0.5383059978485107,1.149999976158142,53.24800137329102,0.24791784584522247
observed_test,v2_2018_388_48h,,13,PCC,A,3.033735447282245,0.0,1.2732791212888863,0.6031783223152161,1.149999976158142,53.24800137329102,0.25111281871795654
observed_test,v2_2018_388_48h,,13,PCC,B,3.033735447282245,0.0,1.2732791212888863,0.6031783223152161,1.149999976158142,53.24800137329102,0.25111281871795654
observed_test,v2_2018_388_48h,,13,PCC,C,3.033735447282245,0.0,1.2732791212888863,0.6031783223152161,1.149999976158142,53.24800137329102,0.25111281871795654
observed_test,v2_2018_388_48h,,14,PCC,A,3.1232014249141358,0.0,1.14254172031696,0.6654155254364014,1.149999976158142,53.24800137329102,0.24972565472126007
observed_test,v2_2018_388_48h,,14,PCC,B,3.1232014249141358,0.0,1.14254172031696,0.6654155254364014,1.149999976158142,53.24800137329102,0.24972565472126007
observed_test,v2_2018_388_48h,,14,PCC,C,3.1232014249141358,0.0,1.14254172031696,0.6654155254364014,1.149999976158142,53.24800137329102,0.24972565472126007
observed_test,v2_2018_388_48h,,15,PCC,A,2.915610662966831,0.0,0.9134708115687736,0.5210045576095581,1.149999976158142,53.24800137329102,0.23570667207241058
observed_test,v2_2018_388_48h,,15,PCC,B,2.915610662966831,0.0,0.9134708115687736,0.5210045576095581,1.149999976158142,53.24800137329102,0.23570667207241058
observed_test,v2_2018_388_48h,,15,PCC,C,2.915610662966831,0.0,0.9134708115687736,0.5210045576095581,1.149999976158142,53.24800137329102,0.23570667207241058
observed_test,v2_2018_388_48h,,16,PCC,A,2.9761405680146122,0.0,0.6154708564281463,0.5631123185157776,1.149999976158142,53.24800137329102,0.23233109712600708
observed_test,v2_2018_388_48h,,16,PCC,B,2.9761405680146122,0.0,0.6154708564281463,0.5631123185157776,1.149999976158142,53.24800137329102,0.23233109712600708
observed_test,v2_2018_388_48h,,16,PCC,C,2.9761405680146122,0.0,0.6154708564281463,0.5631123185157776,1.149999976158142,53.24800137329102,0.23233109712600708
observed_test,v2_2018_388_48h,,17,PCC,A,2.912059071852747,0.0,0.20080416534955683,0.5185338854789734,1.149999976158142,53.24800137329102,0.2382412552833557
observed_test,v2_2018_388_48h,,17,PCC,B,2.912059071852747,0.0,0.20080416534955683,0.5185338854789734,1.149999976158142,53.24800137329102,0.2382412552833557
observed_test,v2_2018_388_48h,,17,PCC,C,2.912059071852747,0.0,0.20080416534955683,0.5185338854789734,1.149999976158142,53.24800137329102,0.2382412552833557
observed_test,v2_2018_388_48h,,18,PCC,A,2.888165108802557,0.0,0.0,0.501911997795105,1.149999976158142,53.24800137329102,0.23994769155979156
observed_test,v2_2018_388_48h,,18,PCC,B,2.888165108802557,0.0,0.0,0.501911997795105,1.149999976158142,53.24800137329102,0.23994769155979156
observed_test,v2_2018_388_48h,,18,PCC,C,2.888165108802557,0.0,0.0,0.501911997795105,1.149999976158142,53.24800137329102,0.23994769155979156
observed_test,v2_2018_388_48h,,19,PCC,A,2.9849615821466244,0.0,0.0,0.5692486763000488,1.149999976158142,53.24800137329102,0.24096694588661194
observed_test,v2_2018_388_48h,,19,PCC,B,2.9849615821466244,0.0,0.0,0.5692486763000488,1.149999976158142,53.24800137329102,0.24096694588661194
observed_test,v2_2018_388_48h,,19,PCC,C,2.9849615821466244,0.0,0.0,0.5692486763000488,1.149999976158142,53.24800137329102,0.24096694588661194
observed_test,v2_2018_388_48h,,20,PCC,A,2.825617614510635,0.0,0.0,0.458400696516037,1.149999976158142,53.24800137329102,0.23986519873142242
observed_test,v2_2018_388_48h,,20,PCC,B,2.825617614510635,0.0,0.0,0.458400696516037,1.149999976158142,53.24800137329102,0.23986519873142242
observed_test,v2_2018_388_48h,,20,PCC,C,2.825617614510635,0.0,0.0,0.458400696516037,1.149999976158142,53.24800137329102,0.23986519873142242
observed_test,v2_2018_388_48h,,21,PCC,A,2.740638571998929,0.0,0.0,0.39928483963012695,1.149999976158142,53.24800137329102,0.24225591123104095
observed_test,v2_2018_388_48h,,21,PCC,B,2.740638571998929,0.0,0.0,0.39928483963012695,1.149999976158142,53.24800137329102,0.24225591123104095
observed_test,v2_2018_388_48h,,21,PCC,C,2.740638571998929,0.0,0.0,0.39928483963012695,1.149999976158142,53.24800137329102,0.24225591123104095
observed_test,v2_2018_388_48h,,22,PCC,A,2.689500792288461,0.0,0.0,0.3637107312679291,1.149999976158142,53.24800137329102,0.24607731401920319
observed_test,v2_2018_388_48h,,22,PCC,B,2.689500792288461,0.0,0.0,0.3637107312679291,1.149999976158142,53.24800137329102,0.24607731401920319
observed_test,v2_2018_388_48h,,22,PCC,C,2.689500792288461,0.0,0.0,0.3637107312679291,1.149999976158142,53.24800137329102,0.24607731401920319
observed_test,v2_2018_388_48h,,23,PCC,A,2.666340906989589,0.0,0.0,0.34759950637817383,1.149999976158142,53.24800137329102,0.23703929781913757
observed_test,v2_2018_388_48h,,23,PCC,B,2.666340906989589,0.0,0.0,0.34759950637817383,1.149999976158142,53.24800137329102,0.23703929781913757
observed_test,v2_2018_388_48h,,23,PCC,C,2.666340906989589,0.0,0.0,0.34759950637817383,1.149999976158142,53.24800137329102,0.23703929781913757
observed_test,v2_2018_388_48h,,24,PCC,A,2.589738233557025,0.0,0.0,0.29431068897247314,1.149999976158142,53.24800137329102,0.22771701216697693
observed_test,v2_2018_388_48h,,24,PCC,B,2.589738233557025,0.0,0.0,0.29431068897247314,1.149999976158142,53.24800137329102,0.22771701216697693
observed_test,v2_2018_388_48h,,24,PCC,C,2.589738233557025,0.0,0.0,0.29431068897247314,1.149999976158142,53.24800137329102,0.22771701216697693
observed_test,v2_2018_388_48h,,25,PCC,A,2.6237012928594003,0.0,0.0,0.3179371654987335,1.149999976158142,34.72425106811524,0.23294779658317566
observed_test,v2_2018_388_48h,,25,PCC,B,2.6237012928594003,0.0,0.0,0.3179371654987335,1.149999976158142,34.72425106811524,0.23294779658317566
observed_test,v2_2018_388_48h,,25,PCC,C,2.6237012928594003,0.0,0.0,0.3179371654987335,1.149999976158142,34.72425106811524,0.23294779658317566
observed_test,v2_2018_388_48h,,26,PCC,A,2.4875831211508435,0.0,0.0,0.2232462614774704,1.149999976158142,34.72425106811524,0.24029092490673065
observed_test,v2_2018_388_48h,,26,PCC,B,2.4875831211508435,0.0,0.0,0.2232462614774704,1.149999976158142,34.72425106811524,0.24029092490673065
observed_test,v2_2018_388_48h,,26,PCC,C,2.4875831211508435,0.0,0.0,0.2232462614774704,1.149999976158142,34.72425106811524,0.24029092490673065
observed_test,v2_2018_388_48h,,27,PCC,A,2.5452259178952694,0.0,0.0,0.2633455991744995,1.149999976158142,53.24800137329102,0.2553369104862213
observed_test,v2_2018_388_48h,,27,PCC,B,2.5452259178952694,0.0,0.0,0.2633455991744995,1.149999976158142,53.24800137329102,0.2553369104862213
observed_test,v2_2018_388_48h,,27,PCC,C,2.5452259178952694,0.0,0.0,0.2633455991744995,1.149999976158142,53.24800137329102,0.2553369104862213
observed_test,v2_2018_388_48h,,28,PCC,A,2.6066056994782514,0.0,0.0,0.3060445785522461,1.149999976158142,53.24800137329102,0.24331751465797424
observed_test,v2_2018_388_48h,,28,PCC,B,2.6066056994782514,0.0,0.0,0.3060445785522461,1.149999976158142,53.24800137329102,0.24331751465797424
observed_test,v2_2018_388_48h,,28,PCC,C,2.6066056994782514,0.0,0.0,0.3060445785522461,1.149999976158142,53.24800137329102,0.24331751465797424
observed_test,v2_2018_388_48h,,29,PCC,A,2.5763726205374935,0.0,0.0,0.2850128710269928,1.149999976158142,53.24800137329102,0.2392493337392807
observed_test,v2_2018_388_48h,,29,PCC,B,2.5763726205374935,0.0,0.0,0.2850128710269928,1.149999976158142,53.24800137329102,0.2392493337392807
observed_test,v2_2018_388_48h,,29,PCC,C,2.5763726205374935,0.0,0.0,0.2850128710269928,1.149999976158142,53.24800137329102,0.2392493337392807
observed_test,v2_2018_388_48h,,30,PCC,A,2.7605416539868575,0.0,0.0,0.4131304621696472,1.149999976158142,121.88174847412108,0.2353132963180542
observed_test,v2_2018_388_48h,,30,PCC,B,2.7605416539868575,0.0,0.0,0.4131304621696472,1.149999976158142,121.88174847412108,0.2353132963180542
observed_test,v2_2018_388_48h,,30,PCC,C,2.7605416539868575,0.0,0.0,0.4131304621696472,1.149999976158142,121.88174847412108,0.2353132963180542
observed_test,v2_2018_388_48h,,31,PCC,A,3.0129513006293838,0.0,0.0,0.5887197852134705,1.149999976158142,121.88174847412108,0.2276950627565384
observed_test,v2_2018_388_48h,,31,PCC,B,3.0129513006293838,0.0,0.0,0.5887197852134705,1.149999976158142,121.88174847412108,0.2276950627565384
observed_test,v2_2018_388_48h,,31,PCC,C,3.0129513006293838,0.0,0.0,0.5887197852134705,1.149999976158142,121.88174847412108,0.2276950627565384
observed_test,v2_2018_388_48h,,32,PCC,A,2.7649040079514635,0.0,0.03301250175214731,0.41616514325141907,1.149999976158142,121.88174847412108,0.22493602335453033
observed_test,v2_2018_388_48h,,32,PCC,B,2.7649040079514635,0.0,0.03301250175214731,0.41616514325141907,1.149999976158142,121.88174847412108,0.22493602335453033
observed_test,v2_2018_388_48h,,32,PCC,C,2.7649040079514635,0.0,0.03301250175214731,0.41616514325141907,1.149999976158142,121.88174847412108,0.22493602335453033
observed_test,v2_2018_388_48h,,33,PCC,A,2.9051724072175276,0.0,0.10426250071479724,0.5137431621551514,1.149999976158142,121.88174847412108,0.22441977262496948
observed_test,v2_2018_388_48h,,33,PCC,B,2.9051724072175276,0.0,0.10426250071479724,0.5137431621551514,1.149999976158142,121.88174847412108,0.22441977262496948
observed_test,v2_2018_388_48h,,33,PCC,C,2.9051724072175276,0.0,0.10426250071479724,0.5137431621551514,1.149999976158142,121.88174847412108,0.22441977262496948
observed_test,v2_2018_388_48h,,34,PCC,A,2.6904467608222724,0.0,0.14302499878865021,0.3643687963485718,1.149999976158142,53.24800137329102,0.22870786488056183
observed_test,v2_2018_388_48h,,34,PCC,B,2.6904467608222724,0.0,0.14302499878865021,0.3643687963485718,1.149999976158142,53.24800137329102,0.22870786488056183
observed_test,v2_2018_388_48h,,34,PCC,C,2.6904467608222724,0.0,0.14302499878865021,0.3643687963485718,1.149999976158142,53.24800137329102,0.22870786488056183
observed_test,v2_2018_388_48h,,35,PCC,A,2.686130632121376,0.0,0.17625832786926854,0.36136627197265625,1.149999976158142,53.24800137329102,0.24854876101016998
observed_test,v2_2018_388_48h,,35,PCC,B,2.686130632121376,0.0,0.17625832786926854,0.36136627197265625,1.149999976158142,53.24800137329102,0.24854876101016998
observed_test,v2_2018_388_48h,,35,PCC,C,2.686130632121376,0.0,0.17625832786926854,0.36136627197265625,1.149999976158142,53.24800137329102,0.24854876101016998
observed_test,v2_2018_388_48h,,36,PCC,A,2.940481482794702,0.0,0.18425833147305706,0.5383059978485107,1.149999976158142,34.72425106811524,0.24416804313659668
observed_test,v2_2018_388_48h,,36,PCC,B,2.940481482794702,0.0,0.18425833147305706,0.5383059978485107,1.149999976158142,34.72425106811524,0.24416804313659668
observed_test,v2_2018_388_48h,,36,PCC,C,2.940481482794702,0.0,0.18425833147305706,0.5383059978485107,1.149999976158142,34.72425106811524,0.24416804313659668
observed_test,v2_2018_388_48h,,37,PCC,A,3.033735447282245,0.0,0.1744041649194864,0.6031783223152161,1.149999976158142,34.72425106811524,0.2661290466785431
observed_test,v2_2018_388_48h,,37,PCC,B,3.033735447282245,0.0,0.1744041649194864,0.6031783223152161,1.149999976158142,34.72425106811524,0.2661290466785431
observed_test,v2_2018_388_48h,,37,PCC,C,3.033735447282245,0.0,0.1744041649194864,0.6031783223152161,1.149999976158142,34.72425106811524,0.2661290466785431
observed_test,v2_2018_388_48h,,38,PCC,A,3.1232014249141358,0.0,0.17437083789935479,0.6654155254364014,1.149999976158142,34.72425106811524,0.2540435791015625
observed_test,v2_2018_388_48h,,38,PCC,B,3.1232014249141358,0.0,0.17437083789935479,0.6654155254364014,1.149999976158142,34.72425106811524,0.2540435791015625
observed_test,v2_2018_388_48h,,38,PCC,C,3.1232014249141358,0.0,0.17437083789935479,0.6654155254364014,1.149999976158142,34.72425106811524,0.2540435791015625
observed_test,v2_2018_388_48h,,39,PCC,A,2.915610662966831,0.0,0.11933749684920676,0.5210045576095581,1.149999976158142,34.72425106811524,0.23779939115047455
observed_test,v2_2018_388_48h,,39,PCC,B,2.915610662966831,0.0,0.11933749684920676,0.5210045576095581,1.149999976158142,34.72425106811524,0.23779939115047455
observed_test,v2_2018_388_48h,,39,PCC,C,2.915610662966831,0.0,0.11933749684920676,0.5210045576095581,1.149999976158142,34.72425106811524,0.23779939115047455
observed_test,v2_2018_388_48h,,40,PCC,A,2.9761405680146122,0.0,0.034620834944339894,0.5631123185157776,1.149999976158142,53.24800137329102,0.22166375815868378
observed_test,v2_2018_388_48h,,40,PCC,B,2.9761405680146122,0.0,0.034620834944339894,0.5631123185157776,1.149999976158142,53.24800137329102,0.22166375815868378
observed_test,v2_2018_388_48h,,40,PCC,C,2.9761405680146122,0.0,0.034620834944339894,0.5631123185157776,1.149999976158142,53.24800137329102,0.22166375815868378
observed_test,v2_2018_388_48h,,41,PCC,A,2.912059071852747,0.0,0.012616666320424812,0.5185338854789734,1.149999976158142,53.24800137329102,0.21319834887981415
observed_test,v2_2018_388_48h,,41,PCC,B,2.912059071852747,0.0,0.012616666320424812,0.5185338854789734,1.149999976158142,53.24800137329102,0.21319834887981415
observed_test,v2_2018_388_48h,,41,PCC,C,2.912059071852747,0.0,0.012616666320424812,0.5185338854789734,1.149999976158142,53.24800137329102,0.21319834887981415
observed_test,v2_2018_388_48h,,42,PCC,A,2.888165108802557,0.0,0.0,0.501911997795105,1.149999976158142,53.24800137329102,0.21256838738918304
observed_test,v2_2018_388_48h,,42,PCC,B,2.888165108802557,0.0,0.0,0.501911997795105,1.149999976158142,53.24800137329102,0.21256838738918304
observed_test,v2_2018_388_48h,,42,PCC,C,2.888165108802557,0.0,0.0,0.501911997795105,1.149999976158142,53.24800137329102,0.21256838738918304
observed_test,v2_2018_388_48h,,43,PCC,A,2.9849615821466244,0.0,0.0,0.5692486763000488,1.149999976158142,53.24800137329102,0.20752853155136108
observed_test,v2_2018_388_48h,,43,PCC,B,2.9849615821466244,0.0,0.0,0.5692486763000488,1.149999976158142,53.24800137329102,0.20752853155136108
observed_test,v2_2018_388_48h,,43,PCC,C,2.9849615821466244,0.0,0.0,0.5692486763000488,1.149999976158142,53.24800137329102,0.20752853155136108
observed_test,v2_2018_388_48h,,44,PCC,A,2.825617614510635,0.0,0.0,0.458400696516037,1.149999976158142,53.24800137329102,0.2079969197511673
observed_test,v2_2018_388_48h,,44,PCC,B,2.825617614510635,0.0,0.0,0.458400696516037,1.149999976158142,53.24800137329102,0.2079969197511673
observed_test,v2_2018_388_48h,,44,PCC,C,2.825617614510635,0.0,0.0,0.458400696516037,1.149999976158142,53.24800137329102,0.2079969197511673
observed_test,v2_2018_388_48h,,45,PCC,A,2.740638571998929,0.0,0.0,0.39928483963012695,1.149999976158142,53.24800137329102,0.21502450108528137
observed_test,v2_2018_388_48h,,45,PCC,B,2.740638571998929,0.0,0.0,0.39928483963012695,1.149999976158142,53.24800137329102,0.21502450108528137
observed_test,v2_2018_388_48h,,45,PCC,C,2.740638571998929,0.0,0.0,0.39928483963012695,1.149999976158142,53.24800137329102,0.21502450108528137
observed_test,v2_2018_388_48h,,46,PCC,A,2.689500792288461,0.0,0.0,0.3637107312679291,1.149999976158142,53.24800137329102,0.229417085647583
observed_test,v2_2018_388_48h,,46,PCC,B,2.689500792288461,0.0,0.0,0.3637107312679291,1.149999976158142,53.24800137329102,0.229417085647583
observed_test,v2_2018_388_48h,,46,PCC,C,2.689500792288461,0.0,0.0,0.3637107312679291,1.149999976158142,53.24800137329102,0.229417085647583
observed_test,v2_2018_388_48h,,47,PCC,A,2.666340906989589,0.0,0.0,0.34759950637817383,1.149999976158142,53.24800137329102,0.24800129234790802
observed_test,v2_2018_388_48h,,47,PCC,B,2.666340906989589,0.0,0.0,0.34759950637817383,1.149999976158142,53.24800137329102,0.24800129234790802
observed_test,v2_2018_388_48h,,47,PCC,C,2.666340906989589,0.0,0.0,0.34759950637817383,1.149999976158142,53.24800137329102,0.24800129234790802
observed_test,v2_2018_475_48h,,0,PCC,A,2.6530636559638077,0.0,0.0,0.29431068897247314,1.1811249256134033,53.24800137329102,0.24150371551513672
observed_test,v2_2018_475_48h,,0,PCC,B,2.6530636559638077,0.0,0.0,0.29431068897247314,1.1811249256134033,53.24800137329102,0.24150371551513672
observed_test,v2_2018_475_48h,,0,PCC,C,2.6530636559638077,0.0,0.0,0.29431068897247314,1.1811249256134033,53.24800137329102,0.24150371551513672
observed_test,v2_2018_475_48h,,1,PCC,A,2.6815988529157266,0.0,0.0,0.3179371654987335,1.178049921989441,53.24800137329102,0.2552565932273865
observed_test,v2_2018_475_48h,,1,PCC,B,2.6815988529157266,0.0,0.0,0.3179371654987335,1.178049921989441,53.24800137329102,0.2552565932273865
observed_test,v2_2018_475_48h,,1,PCC,C,2.6815988529157266,0.0,0.0,0.3179371654987335,1.178049921989441,53.24800137329102,0.2552565932273865
observed_test,v2_2018_475_48h,,2,PCC,A,2.535885686797099,0.0,0.0,0.2232462614774704,1.1748249530792236,53.24800137329102,0.25145015120506287
observed_test,v2_2018_475_48h,,2,PCC,B,2.535885686797099,0.0,0.0,0.2232462614774704,1.1748249530792236,53.24800137329102,0.25145015120506287
observed_test,v2_2018_475_48h,,2,PCC,C,2.535885686797099,0.0,0.0,0.2232462614774704,1.1748249530792236,53.24800137329102,0.25145015120506287
observed_test,v2_2018_475_48h,,3,PCC,A,2.588935119018082,0.0,0.0,0.2633455991744995,1.1719000339508057,53.24800137329102,0.23128750920295715
observed_test,v2_2018_475_48h,,3,PCC,B,2.588935119018082,0.0,0.0,0.2633455991744995,1.1719000339508057,53.24800137329102,0.23128750920295715
observed_test,v2_2018_475_48h,,3,PCC,C,2.588935119018082,0.0,0.0,0.2633455991744995,1.1719000339508057,53.24800137329102,0.23128750920295715
observed_test,v2_2018_475_48h,,4,PCC,A,2.6467192273688434,0.0,0.0,0.3060445785522461,1.1695749759674072,53.24800137329102,0.22230955958366394
observed_test,v2_2018_475_48h,,4,PCC,B,2.6467192273688434,0.0,0.0,0.3060445785522461,1.1695749759674072,53.24800137329102,0.22230955958366394
observed_test,v2_2018_475_48h,,4,PCC,C,2.6467192273688434,0.0,0.0,0.3060445785522461,1.1695749759674072,53.24800137329102,0.22230955958366394
observed_test,v2_2018_475_48h,,5,PCC,A,2.6196129297260438,0.0,0.0,0.2850128710269928,1.171375036239624,53.24800137329102,0.22133493423461914
observed_test,v2_2018_475_48h,,5,PCC,B,2.6196129297260438,0.0,0.0,0.2850128710269928,1.171375036239624,53.24800137329102,0.22133493423461914
observed_test,v2_2018_475_48h,,5,PCC,C,2.6196129297260438,0.0,0.0,0.2850128710269928,1.171375036239624,53.24800137329102,0.22133493423461914
observed_test,v2_2018_475_48h,,6,PCC,A,2.8270164026395412,0.0,0.06037499898901352,0.4131304621696472,1.1804499626159668,53.24800137329102,0.2222871631383896
observed_test,v2_2018_475_48h,,6,PCC,B,2.8270164026395412,0.0,0.06037499898901352,0.4131304621696472,1.1804499626159668,53.24800137329102,0.2222871631383896
observed_test,v2_2018_475_48h,,6,PCC,C,2.8270164026395412,0.0,0.06037499898901352,0.4131304621696472,1.1804499626159668,53.24800137329102,0.2222871631383896
observed_test,v2_2018_475_48h,,7,PCC,A,3.109894759479428,0.0,0.2899500039907602,0.5887197852134705,1.1903499364852905,53.24800137329102,0.2206457108259201
observed_test,v2_2018_475_48h,,7,PCC,B,3.109894759479428,0.0,0.2899500039907602,0.5887197852134705,1.1903499364852905,53.24800137329102,0.2206457108259201
observed_test,v2_2018_475_48h,,7,PCC,C,3.109894759479428,0.0,0.2899500039907602,0.5887197852134705,1.1903499364852905,53.24800137329102,0.2206457108259201
observed_test,v2_2018_475_48h,,8,PCC,A,2.8713499269982687,0.0,0.5776624840039473,0.41616514325141907,1.1986749172210693,53.24800137329102,0.21722935140132904
observed_test,v2_2018_475_48h,,8,PCC,B,2.8713499269982687,0.0,0.5776624840039473,0.41616514325141907,1.1986749172210693,53.24800137329102,0.21722935140132904
observed_test,v2_2018_475_48h,,8,PCC,C,2.8713499269982687,0.0,0.5776624840039473,0.41616514325141907,1.1986749172210693,53.24800137329102,0.21722935140132904
observed_test,v2_2018_475_48h,,9,PCC,A,3.034525548218054,0.0,0.6368791827788719,0.5137431621551514,1.2060250043869019,53.24800137329102,0.21934925019741058
observed_test,v2_2018_475_48h,,9,PCC,B,3.034525548218054,0.0,0.6368791827788719,0.5137431621551514,1.2060250043869019,53.24800137329102,0.21934925019741058
observed_test,v2_2018_475_48h,,9,PCC,C,3.034525548218054,0.0,0.6368791827788719,0.5137431621551514,1.2060250043869019,53.24800137329102,0.21934925019741058
observed_test,v2_2018_475_48h,,10,PCC,A,2.821435134075261,0.0,0.6238583188790541,0.3643687963485718,1.2117249965667725,53.24800137329102,0.2243833690881729
observed_test,v2_2018_475_48h,,10,PCC,B,2.821435134075261,0.0,0.6238583188790541,0.3643687963485718,1.2117249965667725,53.24800137329102,0.2243833690881729
observed_test,v2_2018_475_48h,,10,PCC,C,2.821435134075261,0.0,0.6238583188790541,0.3643687963485718,1.2117249965667725,53.24800137329102,0.2243833690881729
observed_test,v2_2018_475_48h,,11,PCC,A,2.8240367163397573,0.0,0.9453958616806909,0.36136627197265625,1.2150999307632446,53.24800137329102,0.22723731398582458
observed_test,v2_2018_475_48h,,11,PCC,B,2.8240367163397573,0.0,0.9453958616806909,0.36136627197265625,1.2150999307632446,53.24800137329102,0.22723731398582458
observed_test,v2_2018_475_48h,,11,PCC,C,2.8240367163397573,0.0,0.9453958616806909,0.36136627197265625,1.2150999307632446,53.24800137329102,0.22723731398582458
observed_test,v2_2018_475_48h,,12,PCC,A,3.0971727822510453,0.0,1.040508311528426,0.5383059978485107,1.2169749736785889,53.24800137329102,0.22889673709869385
observed_test,v2_2018_475_48h,,12,PCC,B,3.0971727822510453,0.0,1.040508311528426,0.5383059978485107,1.2169749736785889,53.24800137329102,0.22889673709869385
observed_test,v2_2018_475_48h,,12,PCC,C,3.0971727822510453,0.0,1.040508311528426,0.5383059978485107,1.2169749736785889,53.24800137329102,0.22889673709869385
observed_test,v2_2018_475_48h,,13,PCC,A,3.1942239343118835,0.0,0.9628374989216143,0.6031783223152161,1.2163000106811523,53.24800137329102,0.22818779945373535
observed_test,v2_2018_475_48h,,13,PCC,B,3.1942239343118835,0.0,0.9628374989216143,0.6031783223152161,1.2163000106811523,53.24800137329102,0.22818779945373535
observed_test,v2_2018_475_48h,,13,PCC,C,3.1942239343118835,0.0,0.9628374989216143,0.6031783223152161,1.2163000106811523,53.24800137329102,0.22818779945373535
observed_test,v2_2018_475_48h,,14,PCC,A,3.2826641354186514,0.0,0.45389584623850304,0.6654155254364014,1.213824987411499,53.24800137329102,0.22140124440193176
observed_test,v2_2018_475_48h,,14,PCC,B,3.2826641354186514,0.0,0.45389584623850304,0.6654155254364014,1.213824987411499,53.24800137329102,0.22140124440193176
observed_test,v2_2018_475_48h,,14,PCC,C,3.2826641354186514,0.0,0.45389584623850304,0.6654155254364014,1.213824987411499,53.24800137329102,0.22140124440193176
observed_test,v2_2018_475_48h,,15,PCC,A,3.0565982681900437,0.0,0.26103332638740534,0.5210045576095581,1.210824966430664,53.24800137329102,0.21364735066890717
observed_test,v2_2018_475_48h,,15,PCC,B,3.0565982681900437,0.0,0.26103332638740534,0.5210045576095581,1.210824966430664,53.24800137329102,0.21364735066890717
observed_test,v2_2018_475_48h,,15,PCC,C,3.0565982681900437,0.0,0.26103332638740534,0.5210045576095581,1.210824966430664,53.24800137329102,0.21364735066890717
observed_test,v2_2018_475_48h,,16,PCC,A,3.1123292043195026,0.0,0.17422083765268326,0.5631123185157776,1.207450032234192,53.24800137329102,0.20802083611488342
observed_test,v2_2018_475_48h,,16,PCC,B,3.1123292043195026,0.0,0.17422083765268326,0.5631123185157776,1.207450032234192,53.24800137329102,0.20802083611488342
observed_test,v2_2018_475_48h,,16,PCC,C,3.1123292043195026,0.0,0.17422083765268326,0.5631123185157776,1.207450032234192,53.24800137329102,0.20802083611488342
observed_test,v2_2018_475_48h,,17,PCC,A,3.032546169972656,0.0,0.10158749870382822,0.5185338854789734,1.202049970626831,53.24800137329102,0.21844016015529633
observed_test,v2_2018_475_48h,,17,PCC,B,3.032546169972656,0.0,0.10158749870382822,0.5185338854789734,1.202049970626831,53.24800137329102,0.21844016015529633
observed_test,v2_2018_475_48h,,17,PCC,C,3.032546169972656,0.0,0.10158749870382822,0.5185338854789734,1.202049970626831,53.24800137329102,0.21844016015529633
observed_test,v2_2018_475_48h,,18,PCC,A,2.992085891429742,0.0,0.028370833024382588,0.501911997795105,1.1952999830245972,53.24800137329102,0.22912158071994781
observed_test,v2_2018_475_48h,,18,PCC,B,2.992085891429742,0.0,0.028370833024382588,0.501911997795105,1.1952999830245972,53.24800137329102,0.22912158071994781
observed_test,v2_2018_475_48h,,18,PCC,C,2.992085891429742,0.0,0.028370833024382588,0.501911997795105,1.1952999830245972,53.24800137329102,0.22912158071994781
observed_test,v2_2018_475_48h,,19,PCC,A,3.064334984330434,0.0,0.0,0.5692486763000488,1.1833750009536743,53.24800137329102,0.24189895391464233
observed_test,v2_2018_475_48h,,19,PCC,B,3.064334984330434,0.0,0.0,0.5692486763000488,1.1833750009536743,53.24800137329102,0.24189895391464233
observed_test,v2_2018_475_48h,,19,PCC,C,3.064334984330434,0.0,0.0,0.5692486763000488,1.1833750009536743,53.24800137329102,0.24189895391464233
observed_test,v2_2018_475_48h,,20,PCC,A,2.891967895594212,0.0,0.0,0.458400696516037,1.1796250343322754,53.24800137329102,0.2459821254014969
observed_test,v2_2018_475_48h,,20,PCC,B,2.891967895594212,0.0,0.0,0.458400696516037,1.1796250343322754,53.24800137329102,0.2459821254014969
observed_test,v2_2018_475_48h,,20,PCC,C,2.891967895594212,0.0,0.0,0.458400696516037,1.1796250343322754,53.24800137329102,0.2459821254014969
observed_test,v2_2018_475_48h,,21,PCC,A,2.798464746482774,0.0,0.0,0.39928483963012695,1.1766999959945679,53.24800137329102,0.254844069480896
observed_test,v2_2018_475_48h,,21,PCC,B,2.798464746482774,0.0,0.0,0.39928483963012695,1.1766999959945679,53.24800137329102,0.254844069480896
observed_test,v2_2018_475_48h,,21,PCC,C,2.798464746482774,0.0,0.0,0.39928483963012695,1.1766999959945679,53.24800137329102,0.254844069480896
observed_test,v2_2018_475_48h,,22,PCC,A,2.7410484616485786,0.0,0.0,0.3637107312679291,1.174299955368042,53.24800137329102,0.2803404927253723
observed_test,v2_2018_475_48h,,22,PCC,B,2.7410484616485786,0.0,0.0,0.3637107312679291,1.174299955368042,53.24800137329102,0.2803404927253723
observed_test,v2_2018_475_48h,,22,PCC,C,2.7410484616485786,0.0,0.0,0.3637107312679291,1.174299955368042,53.24800137329102,0.2803404927253723
observed_test,v2_2018_475_48h,,23,PCC,A,2.7121987634461107,0.0,0.0,0.34759950637817383,1.1718249320983887,53.24800137329102,0.301544725894928
observed_test,v2_2018_475_48h,,23,PCC,B,2.7121987634461107,0.0,0.0,0.34759950637817383,1.1718249320983887,53.24800137329102,0.301544725894928
observed_test,v2_2018_475_48h,,23,PCC,C,2.7121987634461107,0.0,0.0,0.34759950637817383,1.1718249320983887,53.24800137329102,0.301544725894928
observed_test,v2_2018_475_48h,,24,PCC,A,2.627275818060358,0.0,0.0,0.29431068897247314,1.1684499979019165,53.24800137329102,0.3112027049064636
observed_test,v2_2018_475_48h,,24,PCC,B,2.627275818060358,0.0,0.0,0.29431068897247314,1.1684499979019165,53.24800137329102,0.3112027049064636
observed_test,v2_2018_475_48h,,24,PCC,C,2.627275818060358,0.0,0.0,0.29431068897247314,1.1684499979019165,53.24800137329102,0.3112027049064636
observed_test,v2_2018_475_48h,,25,PCC,A,2.654353043619182,0.0,0.0,0.3179371654987335,1.1648499965667725,53.24800137329102,0.31398385763168335
observed_test,v2_2018_475_48h,,25,PCC,B,2.654353043619182,0.0,0.0,0.3179371654987335,1.1648499965667725,53.24800137329102,0.31398385763168335
observed_test,v2_2018_475_48h,,25,PCC,C,2.654353043619182,0.0,0.0,0.3179371654987335,1.1648499965667725,53.24800137329102,0.31398385763168335
observed_test,v2_2018_475_48h,,26,PCC,A,2.5102022685896617,0.0,0.0,0.2232462614774704,1.1616250276565552,53.24800137329102,0.3048606812953949
observed_test,v2_2018_475_48h,,26,PCC,B,2.5102022685896617,0.0,0.0,0.2232462614774704,1.1616250276565552,53.24800137329102,0.3048606812953949
observed_test,v2_2018_475_48h,,26,PCC,C,2.5102022685896617,0.0,0.0,0.2232462614774704,1.1616250276565552,53.24800137329102,0.3048606812953949
observed_test,v2_2018_475_48h,,27,PCC,A,2.5633383355179284,0.0,0.0,0.2633455991744995,1.1590750217437744,53.24800137329102,0.29333972930908203
observed_test,v2_2018_475_48h,,27,PCC,B,2.5633383355179284,0.0,0.0,0.2633455991744995,1.1590750217437744,53.24800137329102,0.29333972930908203
observed_test,v2_2018_475_48h,,27,PCC,C,2.5633383355179284,0.0,0.0,0.2633455991744995,1.1590750217437744,53.24800137329102,0.29333972930908203
observed_test,v2_2018_475_48h,,28,PCC,A,2.6216674183795305,0.0,0.0,0.3060445785522461,1.157349944114685,53.24800137329102,0.2601999342441559
observed_test,v2_2018_475_48h,,28,PCC,B,2.6216674183795305,0.0,0.0,0.3060445785522461,1.157349944114685,53.24800137329102,0.2601999342441559
observed_test,v2_2018_475_48h,,28,PCC,C,2.6216674183795305,0.0,0.0,0.3060445785522461,1.157349944114685,53.24800137329102,0.2601999342441559
observed_test,v2_2018_475_48h,,29,PCC,A,2.597916932709332,0.0,0.0,0.2850128710269928,1.1606500148773193,53.24800137329102,0.24825310707092285
observed_test,v2_2018_475_48h,,29,PCC,B,2.597916932709332,0.0,0.0,0.2850128710269928,1.1606500148773193,53.24800137329102,0.24825310707092285
observed_test,v2_2018_475_48h,,29,PCC,C,2.597916932709332,0.0,0.0,0.2850128710269928,1.1606500148773193,53.24800137329102,0.24825310707092285
observed_test,v2_2018_475_48h,,30,PCC,A,2.807205114685619,0.0,0.05938333387558276,0.4131304621696472,1.171375036239624,53.24800137329102,0.23572802543640137
observed_test,v2_2018_475_48h,,30,PCC,B,2.807205114685619,0.0,0.05938333387558276,0.4131304621696472,1.171375036239624,53.24800137329102,0.23572802543640137
observed_test,v2_2018_475_48h,,30,PCC,C,2.807205114685619,0.0,0.05938333387558276,0.4131304621696472,1.171375036239624,53.24800137329102,0.23572802543640137
observed_test,v2_2018_475_48h,,31,PCC,A,3.0952993959040374,0.0,0.293970824434207,0.5887197852134705,1.1842750310897827,53.24800137329102,0.2278219312429428
observed_test,v2_2018_475_48h,,31,PCC,B,3.0952993959040374,0.0,0.293970824434207,0.5887197852134705,1.1842750310897827,53.24800137329102,0.2278219312429428
observed_test,v2_2018_475_48h,,31,PCC,C,3.0952993959040374,0.0,0.293970824434207,0.5887197852134705,1.1842750310897827,53.24800137329102,0.2278219312429428
observed_test,v2_2018_475_48h,,32,PCC,A,2.8721700753183677,0.0,0.5861375194329481,0.41616514325141907,1.199049949645996,53.24800137329102,0.22451649606227875
observed_test,v2_2018_475_48h,,32,PCC,B,2.8721700753183677,0.0,0.5861375194329481,0.41616514325141907,1.199049949645996,53.24800137329102,0.22451649606227875
observed_test,v2_2018_475_48h,,32,PCC,C,2.8721700753183677,0.0,0.5861375194329481,0.41616514325141907,1.199049949645996,53.24800137329102,0.22451649606227875
observed_test,v2_2018_475_48h,,33,PCC,A,3.0402399948520085,0.0,0.824854179070546,0.5137431621551514,1.2085000276565552,53.24800137329102,0.22739911079406738
observed_test,v2_2018_475_48h,,33,PCC,B,3.0402399948520085,0.0,0.824854179070546,0.5137431621551514,1.2085000276565552,53.24800137329102,0.22739911079406738
observed_test,v2_2018_475_48h,,33,PCC,C,3.0402399948520085,0.0,0.824854179070546,0.5137431621551514,1.2085000276565552,53.24800137329102,0.22739911079406738
observed_test,v2_2018_475_48h,,34,PCC,A,2.827005694902456,0.0,0.9852917148516728,0.3643687963485718,1.2143499851226807,53.24800137329102,0.2333221286535263
observed_test,v2_2018_475_48h,,34,PCC,B,2.827005694902456,0.0,0.9852917148516728,0.3643687963485718,1.2143499851226807,53.24800137329102,0.2333221286535263
observed_test,v2_2018_475_48h,,34,PCC,C,2.827005694902456,0.0,0.9852917148516728,0.3643687963485718,1.2143499851226807,53.24800137329102,0.2333221286535263
observed_test,v2_2018_475_48h,,35,PCC,A,2.829120901217872,0.0,1.0149708160987265,0.36136627197265625,1.2174999713897705,53.24800137329102,0.23899239301681519
observed_test,v2_2018_475_48h,,35,PCC,B,2.829120901217872,0.0,1.0149708160987265,0.36136627197265625,1.2174999713897705,53.24800137329102,0.23899239301681519
observed_test,v2_2018_475_48h,,35,PCC,C,2.829120901217872,0.0,1.0149708160987265,0.36136627197265625,1.2174999713897705,53.24800137329102,0.23899239301681519
observed_test,v2_2018_475_48h,,36,PCC,A,3.1029632208723874,0.0,0.9539624819388756,0.5383059978485107,1.2194499969482422,53.24800137329102,0.2420308142900467
observed_test,v2_2018_475_48h,,36,PCC,B,3.1029632208723874,0.0,0.9539624819388756,0.5383059978485107,1.2194499969482422,53.24800137329102,0.2420308142900467
observed_test,v2_2018_475_48h,,36,PCC,C,3.1029632208723874,0.0,0.9539624819388756,0.5383059978485107,1.2194499969482422,53.24800137329102,0.2420308142900467
observed_test,v2_2018_475_48h,,37,PCC,A,3.203845769759127,0.0,0.9417083400946397,0.6031783223152161,1.2202749252319336,53.24800137329102,0.24318714439868927
observed_test,v2_2018_475_48h,,37,PCC,B,3.203845769759127,0.0,0.9417083400946397,0.6031783223152161,1.2202749252319336,53.24800137329102,0.24318714439868927
observed_test,v2_2018_475_48h,,37,PCC,C,3.203845769759127,0.0,0.9417083400946397,0.6031783223152161,1.2202749252319336,53.24800137329102,0.24318714439868927
observed_test,v2_2018_475_48h,,38,PCC,A,3.2989665299180757,0.0,0.8284708055166097,0.6654155254364014,1.2203500270843506,53.24800137329102,0.254604309797287
observed_test,v2_2018_475_48h,,38,PCC,B,3.2989665299180757,0.0,0.8284708055166097,0.6654155254364014,1.2203500270843506,53.24800137329102,0.254604309797287
observed_test,v2_2018_475_48h,,38,PCC,C,3.2989665299180757,0.0,0.8284708055166097,0.6654155254364014,1.2203500270843506,53.24800137329102,0.254604309797287
observed_test,v2_2018_475_48h,,39,PCC,A,3.074851827224464,0.0,0.4265916748688771,0.5210045576095581,1.2186999320983887,53.24800137329102,0.2590092718601227
observed_test,v2_2018_475_48h,,39,PCC,B,3.074851827224464,0.0,0.4265916748688771,0.5210045576095581,1.2186999320983887,53.24800137329102,0.2590092718601227
observed_test,v2_2018_475_48h,,39,PCC,C,3.074851827224464,0.0,0.4265916748688771,0.5210045576095581,1.2186999320983887,53.24800137329102,0.2590092718601227
observed_test,v2_2018_475_48h,,40,PCC,A,3.131175010452678,0.0,0.22111666890291068,0.5631123185157776,1.215399980545044,53.24800137329102,0.2726680636405945
observed_test,v2_2018_475_48h,,40,PCC,B,3.131175010452678,0.0,0.22111666890291068,0.5631123185157776,1.215399980545044,53.24800137329102,0.2726680636405945
observed_test,v2_2018_475_48h,,40,PCC,C,3.131175010452678,0.0,0.22111666890291068,0.5631123185157776,1.215399980545044,53.24800137329102,0.2726680636405945
observed_test,v2_2018_475_48h,,41,PCC,A,3.0462616988745648,0.0,0.11507916765717359,0.5185338854789734,1.2079750299453735,53.24800137329102,0.2878139019012451
observed_test,v2_2018_475_48h,,41,PCC,B,3.0462616988745648,0.0,0.11507916765717359,0.5185338854789734,1.2079750299453735,53.24800137329102,0.2878139019012451
observed_test,v2_2018_475_48h,,41,PCC,C,3.0462616988745648,0.0,0.11507916765717359,0.5185338854789734,1.2079750299453735,53.24800137329102,0.2878139019012451
observed_test,v2_2018_475_48h,,42,PCC,A,3.001892901844878,0.0,0.0159541664358515,0.501911997795105,1.1995749473571777,53.24800137329102,0.29619458317756653
observed_test,v2_2018_475_48h,,42,PCC,B,3.001892901844878,0.0,0.0159541664358515,0.501911997795105,1.1995749473571777,53.24800137329102,0.29619458317756653
observed_test,v2_2018_475_48h,,42,PCC,C,3.001892901844878,0.0,0.0159541664358515,0.501911997795105,1.1995749473571777,53.24800137329102,0.29619458317756653
observed_test,v2_2018_475_48h,,43,PCC,A,3.073788518979929,0.0,0.0,0.5692486763000488,1.1873500347137451,53.24800137329102,0.3040914833545685
observed_test,v2_2018_475_48h,,43,PCC,B,3.073788518979929,0.0,0.0,0.5692486763000488,1.1873500347137451,53.24800137329102,0.3040914833545685
observed_test,v2_2018_475_48h,,43,PCC,C,3.073788518979929,0.0,0.0,0.5692486763000488,1.1873500347137451,53.24800137329102,0.3040914833545685
observed_test,v2_2018_475_48h,,44,PCC,A,2.89583122897025,0.0,0.0,0.458400696516037,1.1813499927520752,53.24800137329102,0.29918941855430603
observed_test,v2_2018_475_48h,,44,PCC,B,2.89583122897025,0.0,0.0,0.458400696516037,1.1813499927520752,53.24800137329102,0.29918941855430603
observed_test,v2_2018_475_48h,,44,PCC,C,2.89583122897025,0.0,0.0,0.458400696516037,1.1813499927520752,53.24800137329102,0.29918941855430603
observed_test,v2_2018_475_48h,,45,PCC,A,2.796515485770229,0.0,0.0,0.39928483963012695,1.1757999658584595,53.24800137329102,0.2978053689002991
observed_test,v2_2018_475_48h,,45,PCC,B,2.796515485770229,0.0,0.0,0.39928483963012695,1.1757999658584595,53.24800137329102,0.2978053689002991
observed_test,v2_2018_475_48h,,45,PCC,C,2.796515485770229,0.0,0.0,0.39928483963012695,1.1757999658584595,53.24800137329102,0.2978053689002991
observed_test,v2_2018_475_48h,,46,PCC,A,2.735957496152791,0.0,0.0,0.3637107312679291,1.1719000339508057,53.24800137329102,0.29706329107284546
observed_test,v2_2018_475_48h,,46,PCC,B,2.735957496152791,0.0,0.0,0.3637107312679291,1.1719000339508057,53.24800137329102,0.29706329107284546
observed_test,v2_2018_475_48h,,46,PCC,C,2.735957496152791,0.0,0.0,0.3637107312679291,1.1719000339508057,53.24800137329102,0.29706329107284546
observed_test,v2_2018_475_48h,,47,PCC,A,2.7074712320105143,0.0,0.0,0.34759950637817383,1.1695749759674072,53.24800137329102,0.2957090437412262
observed_test,v2_2018_475_48h,,47,PCC,B,2.7074712320105143,0.0,0.0,0.34759950637817383,1.1695749759674072,53.24800137329102,0.2957090437412262
observed_test,v2_2018_475_48h,,47,PCC,C,2.7074712320105143,0.0,0.0,0.34759950637817383,1.1695749759674072,53.24800137329102,0.2957090437412262
observed_test,v2_2018_477_48h,,0,PCC,A,2.627275818060358,0.0,0.0,0.29431068897247314,1.1684499979019165,53.24800137329102,0.36483490467071533
observed_test,v2_2018_477_48h,,0,PCC,B,2.627275818060358,0.0,0.0,0.29431068897247314,1.1684499979019165,53.24800137329102,0.36483490467071533
observed_test,v2_2018_477_48h,,0,PCC,C,2.627275818060358,0.0,0.0,0.29431068897247314,1.1684499979019165,53.24800137329102,0.36483490467071533
observed_test,v2_2018_477_48h,,1,PCC,A,2.655127143593416,0.0,0.0,0.3179371654987335,1.1652250289916992,34.72425106811524,0.36075425148010254
observed_test,v2_2018_477_48h,,1,PCC,B,2.655127143593416,0.0,0.0,0.3179371654987335,1.1652250289916992,34.72425106811524,0.36075425148010254
observed_test,v2_2018_477_48h,,1,PCC,C,2.655127143593416,0.0,0.0,0.3179371654987335,1.1652250289916992,34.72425106811524,0.36075425148010254
observed_test,v2_2018_477_48h,,2,PCC,A,2.5107858508509473,0.0,0.0,0.2232462614774704,1.161924958229065,34.72425106811524,0.35972312092781067
observed_test,v2_2018_477_48h,,2,PCC,B,2.5107858508509473,0.0,0.0,0.2232462614774704,1.161924958229065,34.72425106811524,0.35972312092781067
observed_test,v2_2018_477_48h,,2,PCC,C,2.5107858508509473,0.0,0.0,0.2232462614774704,1.161924958229065,34.72425106811524,0.35972312092781067
observed_test,v2_2018_477_48h,,3,PCC,A,2.5630387895777638,0.0,0.0,0.2633455991744995,1.15892493724823,34.72425106811524,0.358291894197464
observed_test,v2_2018_477_48h,,3,PCC,B,2.5630387895777638,0.0,0.0,0.2633455991744995,1.15892493724823,34.72425106811524,0.358291894197464
observed_test,v2_2018_477_48h,,3,PCC,C,2.5630387895777638,0.0,0.0,0.2633455991744995,1.15892493724823,34.72425106811524,0.358291894197464
observed_test,v2_2018_477_48h,,4,PCC,A,2.619362088139629,0.0,0.0,0.3060445785522461,1.1562249660491943,34.72425106811524,0.33894482254981995
observed_test,v2_2018_477_48h,,4,PCC,B,2.619362088139629,0.0,0.0,0.3060445785522461,1.1562249660491943,34.72425106811524,0.33894482254981995
observed_test,v2_2018_477_48h,,4,PCC,C,2.619362088139629,0.0,0.0,0.3060445785522461,1.1562249660491943,34.72425106811524,0.33894482254981995
observed_test,v2_2018_477_48h,,5,PCC,A,2.5919997768450354,0.0,0.0,0.2850128710269928,1.1577249765396118,34.72425106811524,0.3224259614944458
observed_test,v2_2018_477_48h,,5,PCC,B,2.5919997768450354,0.0,0.0,0.2850128710269928,1.1577249765396118,34.72425106811524,0.3224259614944458
observed_test,v2_2018_477_48h,,5,PCC,C,2.5919997768450354,0.0,0.0,0.2850128710269928,1.1577249765396118,34.72425106811524,0.3224259614944458
observed_test,v2_2018_477_48h,,6,PCC,A,2.7970535407094927,0.0,0.0572958316367406,0.4131304621696472,1.1667249202728271,53.24800137329102,0.30066433548927307
observed_test,v2_2018_477_48h,,6,PCC,B,2.7970535407094927,0.0,0.0572958316367406,0.4131304621696472,1.1667249202728271,53.24800137329102,0.30066433548927307
observed_test,v2_2018_477_48h,,6,PCC,C,2.7970535407094927,0.0,0.0572958316367406,0.4131304621696472,1.1667249202728271,53.24800137329102,0.30066433548927307
observed_test,v2_2018_477_48h,,7,PCC,A,3.08034315795453,0.0,0.29245832791695225,0.5887197852134705,1.178049921989441,53.24800137329102,0.28425970673561096
observed_test,v2_2018_477_48h,,7,PCC,B,3.08034315795453,0.0,0.29245832791695225,0.5887197852134705,1.178049921989441,53.24800137329102,0.28425970673561096
observed_test,v2_2018_477_48h,,7,PCC,C,3.08034315795453,0.0,0.29245832791695225,0.5887197852134705,1.178049921989441,53.24800137329102,0.28425970673561096
observed_test,v2_2018_477_48h,,8,PCC,A,2.8595409382494297,0.0,0.5777083337306975,0.41616514325141907,1.193274974822998,53.24800137329102,0.27591580152511597
observed_test,v2_2018_477_48h,,8,PCC,B,2.8595409382494297,0.0,0.5777083337306975,0.41616514325141907,1.193274974822998,53.24800137329102,0.27591580152511597
observed_test,v2_2018_477_48h,,8,PCC,C,2.8595409382494297,0.0,0.5777083337306975,0.41616514325141907,1.193274974822998,53.24800137329102,0.27591580152511597
observed_test,v2_2018_477_48h,,9,PCC,A,3.0310622555682585,0.0,0.8148250098411852,0.5137431621551514,1.2045249938964844,53.24800137329102,0.27366191148757935
observed_test,v2_2018_477_48h,,9,PCC,B,3.0310622555682585,0.0,0.8148250098411852,0.5137431621551514,1.2045249938964844,53.24800137329102,0.27366191148757935
observed_test,v2_2018_477_48h,,9,PCC,C,3.0310622555682585,0.0,0.8148250098411852,0.5137431621551514,1.2045249938964844,53.24800137329102,0.27366191148757935
observed_test,v2_2018_477_48h,,10,PCC,A,2.8131587277163823,0.0,0.9374458056229811,0.3643687963485718,1.207824945449829,53.24800137329102,0.2816779613494873
observed_test,v2_2018_477_48h,,10,PCC,B,2.8131587277163823,0.0,0.9374458056229811,0.3643687963485718,1.207824945449829,53.24800137329102,0.2816779613494873
observed_test,v2_2018_477_48h,,10,PCC,C,2.8131587277163823,0.0,0.9374458056229811,0.3643687963485718,1.207824945449829,53.24800137329102,0.2816779613494873
observed_test,v2_2018_477_48h,,11,PCC,A,2.811644315578633,0.0,0.9740832906502943,0.36136627197265625,1.2092499732971191,53.24800137329102,0.3064112663269043
observed_test,v2_2018_477_48h,,11,PCC,B,2.811644315578633,0.0,0.9740832906502943,0.36136627197265625,1.2092499732971191,53.24800137329102,0.3064112663269043
observed_test,v2_2018_477_48h,,11,PCC,C,2.811644315578633,0.0,0.9740832906502943,0.36136627197265625,1.2092499732971191,53.24800137329102,0.3064112663269043
observed_test,v2_2018_477_48h,,12,PCC,A,3.0840127958919936,0.0,1.0060750521146333,0.5383059978485107,1.2113499641418457,53.24800137329102,0.3105011582374573
observed_test,v2_2018_477_48h,,12,PCC,B,3.0840127958919936,0.0,1.0060750521146333,0.5383059978485107,1.2113499641418457,53.24800137329102,0.3105011582374573
observed_test,v2_2018_477_48h,,12,PCC,C,3.0840127958919936,0.0,1.0060750521146333,0.5383059978485107,1.2113499641418457,53.24800137329102,0.3105011582374573
observed_test,v2_2018_477_48h,,13,PCC,A,3.189866637189361,0.0,0.7865708607893723,0.6031783223152161,1.2144999504089355,53.24800137329102,0.29495617747306824
observed_test,v2_2018_477_48h,,13,PCC,B,3.189866637189361,0.0,0.7865708607893723,0.6031783223152161,1.2144999504089355,53.24800137329102,0.29495617747306824
observed_test,v2_2018_477_48h,,13,PCC,C,3.189866637189361,0.0,0.7865708607893723,0.6031783223152161,1.2144999504089355,53.24800137329102,0.29495617747306824
observed_test,v2_2018_477_48h,,14,PCC,A,3.289222501519158,0.0,0.7577416415397936,0.6654155254364014,1.2164499759674072,53.24800137329102,0.27724555134773254
observed_test,v2_2018_477_48h,,14,PCC,B,3.289222501519158,0.0,0.7577416415397936,0.6654155254364014,1.2164499759674072,53.24800137329102,0.27724555134773254
observed_test,v2_2018_477_48h,,14,PCC,C,3.289222501519158,0.0,0.7577416415397936,0.6654155254364014,1.2164499759674072,53.24800137329102,0.27724555134773254
observed_test,v2_2018_477_48h,,15,PCC,A,3.0692889957003806,0.0,0.7155875173898844,0.5210045576095581,1.2163000106811523,53.24800137329102,0.27965736389160156
observed_test,v2_2018_477_48h,,15,PCC,B,3.0692889957003806,0.0,0.7155875173898844,0.5210045576095581,1.2163000106811523,53.24800137329102,0.27965736389160156
observed_test,v2_2018_477_48h,,15,PCC,C,3.0692889957003806,0.0,0.7155875173898844,0.5210045576095581,1.2163000106811523,53.24800137329102,0.27965736389160156
observed_test,v2_2018_477_48h,,16,PCC,A,3.1285081857517714,0.0,0.5151374981953547,0.5631123185157776,1.2142750024795532,53.24800137329102,0.2869911193847656
observed_test,v2_2018_477_48h,,16,PCC,B,3.1285081857517714,0.0,0.5151374981953547,0.5631123185157776,1.2142750024795532,53.24800137329102,0.2869911193847656
observed_test,v2_2018_477_48h,,16,PCC,C,3.1285081857517714,0.0,0.5151374981953547,0.5631123185157776,1.2142750024795532,53.24800137329102,0.2869911193847656
observed_test,v2_2018_477_48h,,17,PCC,A,3.0493865534967246,0.0,0.29370833474856156,0.5185338854789734,1.2093249559402466,53.24800137329102,0.2951517403125763
observed_test,v2_2018_477_48h,,17,PCC,B,3.0493865534967246,0.0,0.29370833474856156,0.5185338854789734,1.2093249559402466,53.24800137329102,0.2951517403125763
observed_test,v2_2018_477_48h,,17,PCC,C,3.0493865534967246,0.0,0.29370833474856156,0.5185338854789734,1.2093249559402466,53.24800137329102,0.2951517403125763
observed_test,v2_2018_477_48h,,18,PCC,A,3.007054702173528,0.0,0.0662958321089928,0.501911997795105,1.2018250226974487,121.88174847412108,0.3107438087463379
observed_test,v2_2018_477_48h,,18,PCC,B,3.007054702173528,0.0,0.0662958321089928,0.501911997795105,1.2018250226974487,121.88174847412108,0.3107438087463379
observed_test,v2_2018_477_48h,,18,PCC,C,3.007054702173528,0.0,0.0662958321089928,0.501911997795105,1.2018250226974487,121.88174847412108,0.3107438087463379
observed_test,v2_2018_477_48h,,19,PCC,A,3.0887712869858226,0.0,0.0,0.5692486763000488,1.1936500072479248,121.88174847412108,0.3241565525531769
observed_test,v2_2018_477_48h,,19,PCC,B,3.0887712869858226,0.0,0.0,0.5692486763000488,1.1936500072479248,121.88174847412108,0.3241565525531769
observed_test,v2_2018_477_48h,,19,PCC,C,3.0887712869858226,0.0,0.0,0.5692486763000488,1.1936500072479248,121.88174847412108,0.3241565525531769
observed_test,v2_2018_477_48h,,20,PCC,A,2.9153163660204675,0.0,0.0,0.458400696516037,1.1900500059127808,121.88174847412108,0.3228759467601776
observed_test,v2_2018_477_48h,,20,PCC,B,2.9153163660204675,0.0,0.0,0.458400696516037,1.1900500059127808,121.88174847412108,0.3228759467601776
observed_test,v2_2018_477_48h,,20,PCC,C,2.9153163660204675,0.0,0.0,0.458400696516037,1.1900500059127808,121.88174847412108,0.3228759467601776
observed_test,v2_2018_477_48h,,21,PCC,A,2.818768814061144,0.0,0.0,0.39928483963012695,1.18607497215271,53.24800137329102,0.3177696466445923
observed_test,v2_2018_477_48h,,21,PCC,B,2.818768814061144,0.0,0.0,0.39928483963012695,1.18607497215271,53.24800137329102,0.3177696466445923
observed_test,v2_2018_477_48h,,21,PCC,C,2.818768814061144,0.0,0.0,0.39928483963012695,1.18607497215271,53.24800137329102,0.3177696466445923
observed_test,v2_2018_477_48h,,22,PCC,A,2.757912980271373,0.0,0.0,0.3637107312679291,1.1822500228881836,53.24800137329102,0.319837749004364
observed_test,v2_2018_477_48h,,22,PCC,B,2.757912980271373,0.0,0.0,0.3637107312679291,1.1822500228881836,53.24800137329102,0.319837749004364
observed_test,v2_2018_477_48h,,22,PCC,C,2.757912980271373,0.0,0.0,0.3637107312679291,1.1822500228881836,53.24800137329102,0.319837749004364
observed_test,v2_2018_477_48h,,23,PCC,A,2.7266969606780265,0.0,0.0,0.34759950637817383,1.178725004196167,53.24800137329102,0.32414963841438293
observed_test,v2_2018_477_48h,,23,PCC,B,2.7266969606780265,0.0,0.0,0.34759950637817383,1.178725004196167,53.24800137329102,0.32414963841438293
observed_test,v2_2018_477_48h,,23,PCC,C,2.7266969606780265,0.0,0.0,0.34759950637817383,1.178725004196167,53.24800137329102,0.32414963841438293
observed_test,v2_2018_477_48h,,24,PCC,A,2.642840200113291,0.0,0.0,0.29431068897247314,1.1761000156402588,53.24800137329102,0.33228906989097595
observed_test,v2_2018_477_48h,,24,PCC,B,2.642840200113291,0.0,0.0,0.29431068897247314,1.1761000156402588,53.24800137329102,0.33228906989097595
observed_test,v2_2018_477_48h,,24,PCC,C,2.642840200113291,0.0,0.0,0.29431068897247314,1.1761000156402588,53.24800137329102,0.33228906989097595
observed_test,v2_2018_477_48h,,25,PCC,A,2.673549049782524,0.0,0.0,0.3179371654987335,1.174149990081787,34.72425106811524,0.33377763628959656
observed_test,v2_2018_477_48h,,25,PCC,B,2.673549049782524,0.0,0.0,0.3179371654987335,1.174149990081787,34.72425106811524,0.33377763628959656
observed_test,v2_2018_477_48h,,25,PCC,C,2.673549049782524,0.0,0.0,0.3179371654987335,1.174149990081787,34.72425106811524,0.33377763628959656
observed_test,v2_2018_477_48h,,26,PCC,A,2.5323834973840813,0.0,0.0,0.2232462614774704,1.1730250120162964,34.72425106811524,0.33147165179252625
observed_test,v2_2018_477_48h,,26,PCC,B,2.5323834973840813,0.0,0.0,0.2232462614774704,1.1730250120162964,34.72425106811524,0.33147165179252625
observed_test,v2_2018_477_48h,,26,PCC,C,2.5323834973840813,0.0,0.0,0.2232462614774704,1.1730250120162964,34.72425106811524,0.33147165179252625
observed_test,v2_2018_477_48h,,27,PCC,A,2.589833043067472,0.0,0.0,0.2633455991744995,1.1723499298095703,34.72425106811524,0.32121407985687256
observed_test,v2_2018_477_48h,,27,PCC,B,2.589833043067472,0.0,0.0,0.2633455991744995,1.1723499298095703,34.72425106811524,0.32121407985687256
observed_test,v2_2018_477_48h,,27,PCC,C,2.589833043067472,0.0,0.0,0.2633455991744995,1.1723499298095703,34.72425106811524,0.32121407985687256
observed_test,v2_2018_477_48h,,28,PCC,A,2.6490245576087452,0.0,0.0,0.3060445785522461,1.170699954032898,34.72425106811524,0.2928297519683838
observed_test,v2_2018_477_48h,,28,PCC,B,2.6490245576087452,0.0,0.0,0.3060445785522461,1.170699954032898,34.72425106811524,0.2928297519683838
observed_test,v2_2018_477_48h,,28,PCC,C,2.6490245576087452,0.0,0.0,0.3060445785522461,1.170699954032898,34.72425106811524,0.2928297519683838
observed_test,v2_2018_477_48h,,29,PCC,A,2.619005949194176,0.0,0.0,0.2850128710269928,1.1710749864578247,34.72425106811524,0.2800494432449341
observed_test,v2_2018_477_48h,,29,PCC,B,2.619005949194176,0.0,0.0,0.2850128710269928,1.1710749864578247,34.72425106811524,0.2800494432449341
observed_test,v2_2018_477_48h,,29,PCC,C,2.619005949194176,0.0,0.0,0.2850128710269928,1.1710749864578247,34.72425106811524,0.2800494432449341
observed_test,v2_2018_477_48h,,30,PCC,A,2.8211221502045203,0.0,0.05626250058412551,0.4131304621696472,1.1777499914169312,53.24800137329102,0.2751381993293762
observed_test,v2_2018_477_48h,,30,PCC,B,2.8211221502045203,0.0,0.05626250058412551,0.4131304621696472,1.1777499914169312,53.24800137329102,0.2751381993293762
observed_test,v2_2018_477_48h,,30,PCC,C,2.8211221502045203,0.0,0.05626250058412551,0.4131304621696472,1.1777499914169312,53.24800137329102,0.2751381993293762
observed_test,v2_2018_477_48h,,31,PCC,A,3.1062908846782284,0.0,0.2860583364963531,0.5887197852134705,1.188849925994873,53.24800137329102,0.273440420627594
observed_test,v2_2018_477_48h,,31,PCC,B,3.1062908846782284,0.0,0.2860583364963531,0.5887197852134705,1.188849925994873,53.24800137329102,0.273440420627594
observed_test,v2_2018_477_48h,,31,PCC,C,3.1062908846782284,0.0,0.2860583364963531,0.5887197852134705,1.188849925994873,53.24800137329102,0.273440420627594
observed_test,v2_2018_477_48h,,32,PCC,A,2.881026947227791,0.0,0.5808708186332996,0.41616514325141907,1.2030999660491943,53.24800137329102,0.2749433219432831
observed_test,v2_2018_477_48h,,32,PCC,B,2.881026947227791,0.0,0.5808708186332996,0.41616514325141907,1.2030999660491943,53.24800137329102,0.2749433219432831
observed_test,v2_2018_477_48h,,32,PCC,C,2.881026947227791,0.0,0.5808708186332996,0.41616514325141907,1.2030999660491943,53.24800137329102,0.2749433219432831
observed_test,v2_2018_477_48h,,33,PCC,A,3.051322366189846,0.0,0.835704173033054,0.5137431621551514,1.2132999897003174,53.24800137329102,0.2761172354221344
observed_test,v2_2018_477_48h,,33,PCC,B,3.051322366189846,0.0,0.835704173033054,0.5137431621551514,1.2132999897003174,53.24800137329102,0.2761172354221344
observed_test,v2_2018_477_48h,,33,PCC,C,3.051322366189846,0.0,0.835704173033054,0.5137431621551514,1.2132999897003174,53.24800137329102,0.2761172354221344
observed_test,v2_2018_477_48h,,34,PCC,A,2.8381468165568458,0.0,1.0165458688369162,0.3643687963485718,1.219599962234497,53.24800137329102,0.280690461397171
observed_test,v2_2018_477_48h,,34,PCC,B,2.8381468165568458,0.0,1.0165458688369162,0.3643687963485718,1.219599962234497,53.24800137329102,0.280690461397171
observed_test,v2_2018_477_48h,,34,PCC,C,2.8381468165568458,0.0,1.0165458688369162,0.3643687963485718,1.219599962234497,53.24800137329102,0.280690461397171
observed_test,v2_2018_477_48h,,35,PCC,A,2.8427845375959655,0.0,1.1189333521402798,0.36136627197265625,1.2239500284194946,53.24800137329102,0.28519904613494873
observed_test,v2_2018_477_48h,,35,PCC,B,2.8427845375959655,0.0,1.1189333521402798,0.36136627197265625,1.2239500284194946,53.24800137329102,0.28519904613494873
observed_test,v2_2018_477_48h,,35,PCC,C,2.8427845375959655,0.0,1.1189333521402798,0.36136627197265625,1.2239500284194946,53.24800137329102,0.28519904613494873
observed_test,v2_2018_477_48h,,36,PCC,A,3.1208608134765377,0.0,1.088020778619326,0.5383059978485107,1.2271000146865845,53.24800137329102,0.2889251112937927
observed_test,v2_2018_477_48h,,36,PCC,B,3.1208608134765377,0.0,1.088020778619326,0.5383059978485107,1.2271000146865845,53.24800137329102,0.2889251112937927
observed_test,v2_2018_477_48h,,36,PCC,C,3.1208608134765377,0.0,1.088020778619326,0.5383059978485107,1.2271000146865845,53.24800137329102,0.2889251112937927
observed_test,v2_2018_477_48h,,37,PCC,A,3.2241793420596916,0.0,1.042191684246063,0.6031783223152161,1.2286750078201294,53.24800137329102,0.2811610698699951
observed_test,v2_2018_477_48h,,37,PCC,B,3.2241793420596916,0.0,1.042191684246063,0.6031783223152161,1.2286750078201294,53.24800137329102,0.2811610698699951
observed_test,v2_2018_477_48h,,37,PCC,C,3.2241793420596916,0.0,1.042191684246063,0.6031783223152161,1.2286750078201294,53.24800137329102,0.2811610698699951
observed_test,v2_2018_477_48h,,38,PCC,A,3.3199533014396962,0.0,1.0020332840772774,0.6654155254364014,1.2287499904632568,53.24800137329102,0.2821037173271179
observed_test,v2_2018_477_48h,,38,PCC,B,3.3199533014396962,0.0,1.0020332840772774,0.6654155254364014,1.2287499904632568,53.24800137329102,0.2821037173271179
observed_test,v2_2018_477_48h,,38,PCC,C,3.3199533014396962,0.0,1.0020332840772774,0.6654155254364014,1.2287499904632568,53.24800137329102,0.2821037173271179
observed_test,v2_2018_477_48h,,39,PCC,A,3.0943225665123903,0.0,0.8216750163298386,0.5210045576095581,1.2271000146865845,53.24800137329102,0.28912773728370667
observed_test,v2_2018_477_48h,,39,PCC,B,3.0943225665123903,0.0,0.8216750163298386,0.5210045576095581,1.2271000146865845,53.24800137329102,0.28912773728370667
observed_test,v2_2018_477_48h,,39,PCC,C,3.0943225665123903,0.0,0.8216750163298386,0.5210045576095581,1.2271000146865845,53.24800137329102,0.28912773728370667
observed_test,v2_2018_477_48h,,40,PCC,A,3.154465712815648,0.0,0.568649975153116,0.5631123185157776,1.2252249717712402,53.24800137329102,0.3023739159107208
observed_test,v2_2018_477_48h,,40,PCC,B,3.154465712815648,0.0,0.568649975153116,0.5631123185157776,1.2252249717712402,53.24800137329102,0.3023739159107208
observed_test,v2_2018_477_48h,,40,PCC,C,3.154465712815648,0.0,0.568649975153116,0.5631123185157776,1.2252249717712402,53.24800137329102,0.3023739159107208
observed_test,v2_2018_477_48h,,41,PCC,A,3.073345060031975,0.0,0.2993708333143821,0.5185338854789734,1.2196749448776245,53.24800137329102,0.3217485249042511
observed_test,v2_2018_477_48h,,41,PCC,B,3.073345060031975,0.0,0.2993708333143821,0.5185338854789734,1.2196749448776245,53.24800137329102,0.3217485249042511
observed_test,v2_2018_477_48h,,41,PCC,C,3.073345060031975,0.0,0.2993708333143821,0.5185338854789734,1.2196749448776245,53.24800137329102,0.3217485249042511
observed_test,v2_2018_477_48h,,42,PCC,A,3.0251203196416383,0.0,0.0637083314359188,0.501911997795105,1.2096999883651733,121.88174847412108,0.34076350927352905
observed_test,v2_2018_477_48h,,42,PCC,B,3.0251203196416383,0.0,0.0637083314359188,0.501911997795105,1.2096999883651733,121.88174847412108,0.34076350927352905
observed_test,v2_2018_477_48h,,42,PCC,C,3.0251203196416383,0.0,0.0637083314359188,0.501911997795105,1.2096999883651733,121.88174847412108,0.34076350927352905
observed_test,v2_2018_477_48h,,43,PCC,A,3.0966193225583916,0.0,0.0,0.5692486763000488,1.1969499588012695,121.88174847412108,0.3609183728694916
observed_test,v2_2018_477_48h,,43,PCC,B,3.0966193225583916,0.0,0.0,0.5692486763000488,1.1969499588012695,121.88174847412108,0.3609183728694916
observed_test,v2_2018_477_48h,,43,PCC,C,3.0966193225583916,0.0,0.0,0.5692486763000488,1.1969499588012695,121.88174847412108,0.3609183728694916
observed_test,v2_2018_477_48h,,44,PCC,A,2.917500070490586,0.0,0.0,0.458400696516037,1.1910250186920166,121.88174847412108,0.3623015284538269
observed_test,v2_2018_477_48h,,44,PCC,B,2.917500070490586,0.0,0.0,0.458400696516037,1.1910250186920166,121.88174847412108,0.3623015284538269
observed_test,v2_2018_477_48h,,44,PCC,C,2.917500070490586,0.0,0.0,0.458400696516037,1.1910250186920166,121.88174847412108,0.3623015284538269
observed_test,v2_2018_477_48h,,45,PCC,A,2.8177941837048714,0.0,0.0,0.39928483963012695,1.1856249570846558,53.24800137329102,0.3601513206958771
observed_test,v2_2018_477_48h,,45,PCC,B,2.8177941837048714,0.0,0.0,0.39928483963012695,1.1856249570846558,53.24800137329102,0.3601513206958771
observed_test,v2_2018_477_48h,,45,PCC,C,2.8177941837048714,0.0,0.0,0.39928483963012695,1.1856249570846558,53.24800137329102,0.3601513206958771
observed_test,v2_2018_477_48h,,46,PCC,A,2.7553672446442072,0.0,0.0,0.3637107312679291,1.1810499429702759,53.24800137329102,0.36570608615875244
observed_test,v2_2018_477_48h,,46,PCC,B,2.7553672446442072,0.0,0.0,0.3637107312679291,1.1810499429702759,53.24800137329102,0.36570608615875244
observed_test,v2_2018_477_48h,,46,PCC,C,2.7553672446442072,0.0,0.0,0.3637107312679291,1.1810499429702759,53.24800137329102,0.36570608615875244
observed_test,v2_2018_477_48h,,47,PCC,A,2.724963398896435,0.0,0.0,0.34759950637817383,1.177899956703186,53.24800137329102,0.3693509101867676
observed_test,v2_2018_477_48h,,47,PCC,B,2.724963398896435,0.0,0.0,0.34759950637817383,1.177899956703186,53.24800137329102,0.3693509101867676
observed_test,v2_2018_477_48h,,47,PCC,C,2.724963398896435,0.0,0.0,0.34759950637817383,1.177899956703186,53.24800137329102,0.3693509101867676
observed_test,v2_2018_413_48h,,0,PCC,A,2.589738233557025,0.0,0.0,0.29431068897247314,1.149999976158142,53.24800137329102,0.21771878004074097
observed_test,v2_2018_413_48h,,0,PCC,B,2.589738233557025,0.0,0.0,0.29431068897247314,1.149999976158142,53.24800137329102,0.21771878004074097
observed_test,v2_2018_413_48h,,0,PCC,C,2.589738233557025,0.0,0.0,0.29431068897247314,1.149999976158142,53.24800137329102,0.21771878004074097
observed_test,v2_2018_413_48h,,1,PCC,A,2.6237012928594003,0.0,0.0,0.3179371654987335,1.149999976158142,34.72425106811524,0.2178233563899994
observed_test,v2_2018_413_48h,,1,PCC,B,2.6237012928594003,0.0,0.0,0.3179371654987335,1.149999976158142,34.72425106811524,0.2178233563899994
observed_test,v2_2018_413_48h,,1,PCC,C,2.6237012928594003,0.0,0.0,0.3179371654987335,1.149999976158142,34.72425106811524,0.2178233563899994
observed_test,v2_2018_413_48h,,2,PCC,A,2.4875831211508435,0.0,0.0,0.2232462614774704,1.149999976158142,34.72425106811524,0.21782971918582916
observed_test,v2_2018_413_48h,,2,PCC,B,2.4875831211508435,0.0,0.0,0.2232462614774704,1.149999976158142,34.72425106811524,0.21782971918582916
observed_test,v2_2018_413_48h,,2,PCC,C,2.4875831211508435,0.0,0.0,0.2232462614774704,1.149999976158142,34.72425106811524,0.21782971918582916
observed_test,v2_2018_413_48h,,3,PCC,A,2.5452259178952694,0.0,0.0,0.2633455991744995,1.149999976158142,53.24800137329102,0.21496570110321045
observed_test,v2_2018_413_48h,,3,PCC,B,2.5452259178952694,0.0,0.0,0.2633455991744995,1.149999976158142,53.24800137329102,0.21496570110321045
observed_test,v2_2018_413_48h,,3,PCC,C,2.5452259178952694,0.0,0.0,0.2633455991744995,1.149999976158142,53.24800137329102,0.21496570110321045
observed_test,v2_2018_413_48h,,4,PCC,A,2.6066056994782514,0.0,0.0,0.3060445785522461,1.149999976158142,53.24800137329102,0.2117515504360199
observed_test,v2_2018_413_48h,,4,PCC,B,2.6066056994782514,0.0,0.0,0.3060445785522461,1.149999976158142,53.24800137329102,0.2117515504360199
observed_test,v2_2018_413_48h,,4,PCC,C,2.6066056994782514,0.0,0.0,0.3060445785522461,1.149999976158142,53.24800137329102,0.2117515504360199
observed_test,v2_2018_413_48h,,5,PCC,A,2.5763726205374935,0.0,0.0,0.2850128710269928,1.149999976158142,53.24800137329102,0.20906536281108856
observed_test,v2_2018_413_48h,,5,PCC,B,2.5763726205374935,0.0,0.0,0.2850128710269928,1.149999976158142,53.24800137329102,0.20906536281108856
observed_test,v2_2018_413_48h,,5,PCC,C,2.5763726205374935,0.0,0.0,0.2850128710269928,1.149999976158142,53.24800137329102,0.20906536281108856
observed_test,v2_2018_413_48h,,6,PCC,A,2.7605416539868575,0.0,0.00582083325403241,0.4131304621696472,1.149999976158142,121.88174847412108,0.20757518708705902
observed_test,v2_2018_413_48h,,6,PCC,B,2.7605416539868575,0.0,0.00582083325403241,0.4131304621696472,1.149999976158142,121.88174847412108,0.20757518708705902
observed_test,v2_2018_413_48h,,6,PCC,C,2.7605416539868575,0.0,0.00582083325403241,0.4131304621696472,1.149999976158142,121.88174847412108,0.20757518708705902
observed_test,v2_2018_413_48h,,7,PCC,A,3.0129513006293838,0.0,0.09079583419057037,0.5887197852134705,1.149999976158142,121.88174847412108,0.20708438754081726
observed_test,v2_2018_413_48h,,7,PCC,B,3.0129513006293838,0.0,0.09079583419057037,0.5887197852134705,1.149999976158142,121.88174847412108,0.20708438754081726
observed_test,v2_2018_413_48h,,7,PCC,C,3.0129513006293838,0.0,0.09079583419057037,0.5887197852134705,1.149999976158142,121.88174847412108,0.20708438754081726
observed_test,v2_2018_413_48h,,8,PCC,A,2.7649040079514635,0.0,0.23767499682994986,0.41616514325141907,1.149999976158142,121.88174847412108,0.20617340505123138
observed_test,v2_2018_413_48h,,8,PCC,B,2.7649040079514635,0.0,0.23767499682994986,0.41616514325141907,1.149999976158142,121.88174847412108,0.20617340505123138
observed_test,v2_2018_413_48h,,8,PCC,C,2.7649040079514635,0.0,0.23767499682994986,0.41616514325141907,1.149999976158142,121.88174847412108,0.20617340505123138
observed_test,v2_2018_413_48h,,9,PCC,A,2.9051724072175276,0.0,0.5785791919781611,0.5137431621551514,1.149999976158142,121.88174847412108,0.20462235808372498
observed_test,v2_2018_413_48h,,9,PCC,B,2.9051724072175276,0.0,0.5785791919781611,0.5137431621551514,1.149999976158142,121.88174847412108,0.20462235808372498
observed_test,v2_2018_413_48h,,9,PCC,C,2.9051724072175276,0.0,0.5785791919781611,0.5137431621551514,1.149999976158142,121.88174847412108,0.20462235808372498
observed_test,v2_2018_413_48h,,10,PCC,A,2.6904467608222724,0.0,0.978950009896205,0.3643687963485718,1.149999976158142,53.24800137329102,0.20639781653881073
observed_test,v2_2018_413_48h,,10,PCC,B,2.6904467608222724,0.0,0.978950009896205,0.3643687963485718,1.149999976158142,53.24800137329102,0.20639781653881073
observed_test,v2_2018_413_48h,,10,PCC,C,2.6904467608222724,0.0,0.978950009896205,0.3643687963485718,1.149999976158142,53.24800137329102,0.20639781653881073
observed_test,v2_2018_413_48h,,11,PCC,A,2.686130632121376,0.0,0.9042666508601261,0.36136627197265625,1.149999976158142,53.24800137329102,0.20330826938152313
observed_test,v2_2018_413_48h,,11,PCC,B,2.686130632121376,0.0,0.9042666508601261,0.36136627197265625,1.149999976158142,53.24800137329102,0.20330826938152313
observed_test,v2_2018_413_48h,,11,PCC,C,2.686130632121376,0.0,0.9042666508601261,0.36136627197265625,1.149999976158142,53.24800137329102,0.20330826938152313
observed_test,v2_2018_413_48h,,12,PCC,A,2.940481482794702,0.0,0.8166708052158356,0.5383059978485107,1.149999976158142,34.72425106811524,0.20102594792842865
observed_test,v2_2018_413_48h,,12,PCC,B,2.940481482794702,0.0,0.8166708052158356,0.5383059978485107,1.149999976158142,34.72425106811524,0.20102594792842865
observed_test,v2_2018_413_48h,,12,PCC,C,2.940481482794702,0.0,0.8166708052158356,0.5383059978485107,1.149999976158142,34.72425106811524,0.20102594792842865
observed_test,v2_2018_413_48h,,13,PCC,A,3.033735447282245,0.0,0.6619666631405169,0.6031783223152161,1.149999976158142,34.72425106811524,0.2000219225883484
observed_test,v2_2018_413_48h,,13,PCC,B,3.033735447282245,0.0,0.6619666631405169,0.6031783223152161,1.149999976158142,34.72425106811524,0.2000219225883484
observed_test,v2_2018_413_48h,,13,PCC,C,3.033735447282245,0.0,0.6619666631405169,0.6031783223152161,1.149999976158142,34.72425106811524,0.2000219225883484
observed_test,v2_2018_413_48h,,14,PCC,A,3.1232014249141358,0.0,0.5004416864651899,0.6654155254364014,1.149999976158142,34.72425106811524,0.19797030091285706
observed_test,v2_2018_413_48h,,14,PCC,B,3.1232014249141358,0.0,0.5004416864651899,0.6654155254364014,1.149999976158142,34.72425106811524,0.19797030091285706
observed_test,v2_2018_413_48h,,14,PCC,C,3.1232014249141358,0.0,0.5004416864651899,0.6654155254364014,1.149999976158142,34.72425106811524,0.19797030091285706
observed_test,v2_2018_413_48h,,15,PCC,A,2.915610662966831,0.0,0.43628333279719717,0.5210045576095581,1.149999976158142,34.72425106811524,0.20236140489578247
observed_test,v2_2018_413_48h,,15,PCC,B,2.915610662966831,0.0,0.43628333279719717,0.5210045576095581,1.149999976158142,34.72425106811524,0.20236140489578247
observed_test,v2_2018_413_48h,,15,PCC,C,2.915610662966831,0.0,0.43628333279719717,0.5210045576095581,1.149999976158142,34.72425106811524,0.20236140489578247
observed_test,v2_2018_413_48h,,16,PCC,A,2.9761405680146122,0.0,0.35247917358691877,0.5631123185157776,1.149999976158142,53.24800137329102,0.19844406843185425
observed_test,v2_2018_413_48h,,16,PCC,B,2.9761405680146122,0.0,0.35247917358691877,0.5631123185157776,1.149999976158142,53.24800137329102,0.19844406843185425
observed_test,v2_2018_413_48h,,16,PCC,C,2.9761405680146122,0.0,0.35247917358691877,0.5631123185157776,1.149999976158142,53.24800137329102,0.19844406843185425
observed_test,v2_2018_413_48h,,17,PCC,A,2.912059071852747,0.0,0.24273750873712388,0.5185338854789734,1.149999976158142,53.24800137329102,0.1992831975221634
observed_test,v2_2018_413_48h,,17,PCC,B,2.912059071852747,0.0,0.24273750873712388,0.5185338854789734,1.149999976158142,53.24800137329102,0.1992831975221634
observed_test,v2_2018_413_48h,,17,PCC,C,2.912059071852747,0.0,0.24273750873712388,0.5185338854789734,1.149999976158142,53.24800137329102,0.1992831975221634
observed_test,v2_2018_413_48h,,18,PCC,A,2.888165108802557,0.0,0.021674999823937047,0.501911997795105,1.149999976158142,53.24800137329102,0.20021723210811615
observed_test,v2_2018_413_48h,,18,PCC,B,2.888165108802557,0.0,0.021674999823937047,0.501911997795105,1.149999976158142,53.24800137329102,0.20021723210811615
observed_test,v2_2018_413_48h,,18,PCC,C,2.888165108802557,0.0,0.021674999823937047,0.501911997795105,1.149999976158142,53.24800137329102,0.20021723210811615
observed_test,v2_2018_413_48h,,19,PCC,A,2.9849615821466244,0.0,0.0,0.5692486763000488,1.149999976158142,53.24800137329102,0.20215867459774017
observed_test,v2_2018_413_48h,,19,PCC,B,2.9849615821466244,0.0,0.0,0.5692486763000488,1.149999976158142,53.24800137329102,0.20215867459774017
observed_test,v2_2018_413_48h,,19,PCC,C,2.9849615821466244,0.0,0.0,0.5692486763000488,1.149999976158142,53.24800137329102,0.20215867459774017
observed_test,v2_2018_413_48h,,20,PCC,A,2.825617614510635,0.0,0.0,0.458400696516037,1.149999976158142,53.24800137329102,0.1986563503742218
observed_test,v2_2018_413_48h,,20,PCC,B,2.825617614510635,0.0,0.0,0.458400696516037,1.149999976158142,53.24800137329102,0.1986563503742218
observed_test,v2_2018_413_48h,,20,PCC,C,2.825617614510635,0.0,0.0,0.458400696516037,1.149999976158142,53.24800137329102,0.1986563503742218
observed_test,v2_2018_413_48h,,21,PCC,A,2.740638571998929,0.0,0.0,0.39928483963012695,1.149999976158142,53.24800137329102,0.19589941203594208
observed_test,v2_2018_413_48h,,21,PCC,B,2.740638571998929,0.0,0.0,0.39928483963012695,1.149999976158142,53.24800137329102,0.19589941203594208
observed_test,v2_2018_413_48h,,21,PCC,C,2.740638571998929,0.0,0.0,0.39928483963012695,1.149999976158142,53.24800137329102,0.19589941203594208
observed_test,v2_2018_413_48h,,22,PCC,A,2.689500792288461,0.0,0.0,0.3637107312679291,1.149999976158142,53.24800137329102,0.19263511896133423
observed_test,v2_2018_413_48h,,22,PCC,B,2.689500792288461,0.0,0.0,0.3637107312679291,1.149999976158142,53.24800137329102,0.19263511896133423
observed_test,v2_2018_413_48h,,22,PCC,C,2.689500792288461,0.0,0.0,0.3637107312679291,1.149999976158142,53.24800137329102,0.19263511896133423
observed_test,v2_2018_413_48h,,23,PCC,A,2.666340906989589,0.0,0.0,0.34759950637817383,1.149999976158142,53.24800137329102,0.19058038294315338
observed_test,v2_2018_413_48h,,23,PCC,B,2.666340906989589,0.0,0.0,0.34759950637817383,1.149999976158142,53.24800137329102,0.19058038294315338
observed_test,v2_2018_413_48h,,23,PCC,C,2.666340906989589,0.0,0.0,0.34759950637817383,1.149999976158142,53.24800137329102,0.19058038294315338
observed_test,v2_2018_413_48h,,24,PCC,A,2.589738233557025,0.0,0.0,0.29431068897247314,1.149999976158142,53.24800137329102,0.1894691437482834
observed_test,v2_2018_413_48h,,24,PCC,B,2.589738233557025,0.0,0.0,0.29431068897247314,1.149999976158142,53.24800137329102,0.1894691437482834
observed_test,v2_2018_413_48h,,24,PCC,C,2.589738233557025,0.0,0.0,0.29431068897247314,1.149999976158142,53.24800137329102,0.1894691437482834
observed_test,v2_2018_413_48h,,25,PCC,A,2.6237012928594003,0.0,0.0,0.3179371654987335,1.149999976158142,34.72425106811524,0.1913834661245346
observed_test,v2_2018_413_48h,,25,PCC,B,2.6237012928594003,0.0,0.0,0.3179371654987335,1.149999976158142,34.72425106811524,0.1913834661245346
observed_test,v2_2018_413_48h,,25,PCC,C,2.6237012928594003,0.0,0.0,0.3179371654987335,1.149999976158142,34.72425106811524,0.1913834661245346
observed_test,v2_2018_413_48h,,26,PCC,A,2.4875831211508435,0.0,0.0,0.2232462614774704,1.149999976158142,34.72425106811524,0.1914353370666504
observed_test,v2_2018_413_48h,,26,PCC,B,2.4875831211508435,0.0,0.0,0.2232462614774704,1.149999976158142,34.72425106811524,0.1914353370666504
observed_test,v2_2018_413_48h,,26,PCC,C,2.4875831211508435,0.0,0.0,0.2232462614774704,1.149999976158142,34.72425106811524,0.1914353370666504
observed_test,v2_2018_413_48h,,27,PCC,A,2.5452259178952694,0.0,0.0,0.2633455991744995,1.149999976158142,53.24800137329102,0.20247642695903778
observed_test,v2_2018_413_48h,,27,PCC,B,2.5452259178952694,0.0,0.0,0.2633455991744995,1.149999976158142,53.24800137329102,0.20247642695903778
observed_test,v2_2018_413_48h,,27,PCC,C,2.5452259178952694,0.0,0.0,0.2633455991744995,1.149999976158142,53.24800137329102,0.20247642695903778
observed_test,v2_2018_413_48h,,28,PCC,A,2.6066056994782514,0.0,0.0,0.3060445785522461,1.149999976158142,53.24800137329102,0.2079867273569107
observed_test,v2_2018_413_48h,,28,PCC,B,2.6066056994782514,0.0,0.0,0.3060445785522461,1.149999976158142,53.24800137329102,0.2079867273569107
observed_test,v2_2018_413_48h,,28,PCC,C,2.6066056994782514,0.0,0.0,0.3060445785522461,1.149999976158142,53.24800137329102,0.2079867273569107
observed_test,v2_2018_413_48h,,29,PCC,A,2.5763726205374935,0.0,0.0,0.2850128710269928,1.149999976158142,53.24800137329102,0.20120255649089813
observed_test,v2_2018_413_48h,,29,PCC,B,2.5763726205374935,0.0,0.0,0.2850128710269928,1.149999976158142,53.24800137329102,0.20120255649089813
observed_test,v2_2018_413_48h,,29,PCC,C,2.5763726205374935,0.0,0.0,0.2850128710269928,1.149999976158142,53.24800137329102,0.20120255649089813
observed_test,v2_2018_413_48h,,30,PCC,A,2.7605416539868575,0.0,0.018841665811263595,0.4131304621696472,1.149999976158142,121.88174847412108,0.19737987220287323
observed_test,v2_2018_413_48h,,30,PCC,B,2.7605416539868575,0.0,0.018841665811263595,0.4131304621696472,1.149999976158142,121.88174847412108,0.19737987220287323
observed_test,v2_2018_413_48h,,30,PCC,C,2.7605416539868575,0.0,0.018841665811263595,0.4131304621696472,1.149999976158142,121.88174847412108,0.19737987220287323
observed_test,v2_2018_413_48h,,31,PCC,A,3.0129513006293838,0.0,0.14290833989014992,0.5887197852134705,1.149999976158142,121.88174847412108,0.1964385211467743
observed_test,v2_2018_413_48h,,31,PCC,B,3.0129513006293838,0.0,0.14290833989014992,0.5887197852134705,1.149999976158142,121.88174847412108,0.1964385211467743
observed_test,v2_2018_413_48h,,31,PCC,C,3.0129513006293838,0.0,0.14290833989014992,0.5887197852134705,1.149999976158142,121.88174847412108,0.1964385211467743
observed_test,v2_2018_413_48h,,32,PCC,A,2.7649040079514635,0.0,0.40775417135312003,0.41616514325141907,1.149999976158142,121.88174847412108,0.1956031620502472
observed_test,v2_2018_413_48h,,32,PCC,B,2.7649040079514635,0.0,0.40775417135312003,0.41616514325141907,1.149999976158142,121.88174847412108,0.1956031620502472
observed_test,v2_2018_413_48h,,32,PCC,C,2.7649040079514635,0.0,0.40775417135312003,0.41616514325141907,1.149999976158142,121.88174847412108,0.1956031620502472
observed_test,v2_2018_413_48h,,33,PCC,A,2.9051724072175276,0.0,0.8460624859883233,0.5137431621551514,1.149999976158142,121.88174847412108,0.19774229824543
observed_test,v2_2018_413_48h,,33,PCC,B,2.9051724072175276,0.0,0.8460624859883233,0.5137431621551514,1.149999976158142,121.88174847412108,0.19774229824543
observed_test,v2_2018_413_48h,,33,PCC,C,2.9051724072175276,0.0,0.8460624859883233,0.5137431621551514,1.149999976158142,121.88174847412108,0.19774229824543
observed_test,v2_2018_413_48h,,34,PCC,A,2.6904467608222724,0.0,1.1749207973480222,0.3643687963485718,1.149999976158142,53.24800137329102,0.20031452178955078
observed_test,v2_2018_413_48h,,34,PCC,B,2.6904467608222724,0.0,1.1749207973480222,0.3643687963485718,1.149999976158142,53.24800137329102,0.20031452178955078
observed_test,v2_2018_413_48h,,34,PCC,C,2.6904467608222724,0.0,1.1749207973480222,0.3643687963485718,1.149999976158142,53.24800137329102,0.20031452178955078
observed_test,v2_2018_413_48h,,35,PCC,A,2.686130632121376,0.0,1.301958354619833,0.36136627197265625,1.149999976158142,53.24800137329102,0.208522766828537
observed_test,v2_2018_413_48h,,35,PCC,B,2.686130632121376,0.0,1.301958354619833,0.36136627197265625,1.149999976158142,53.24800137329102,0.208522766828537
observed_test,v2_2018_413_48h,,35,PCC,C,2.686130632121376,0.0,1.301958354619833,0.36136627197265625,1.149999976158142,53.24800137329102,0.208522766828537
observed_test,v2_2018_413_48h,,36,PCC,A,2.940481482794702,0.0,1.334549945134383,0.5383059978485107,1.149999976158142,34.72425106811524,0.20712117850780487
observed_test,v2_2018_413_48h,,36,PCC,B,2.940481482794702,0.0,1.334549945134383,0.5383059978485107,1.149999976158142,34.72425106811524,0.20712117850780487
observed_test,v2_2018_413_48h,,36,PCC,C,2.940481482794702,0.0,1.334549945134383,0.5383059978485107,1.149999976158142,34.72425106811524,0.20712117850780487
observed_test,v2_2018_413_48h,,37,PCC,A,3.033735447282245,0.0,1.2813916573157675,0.6031783223152161,1.149999976158142,34.72425106811524,0.2024107575416565
observed_test,v2_2018_413_48h,,37,PCC,B,3.033735447282245,0.0,1.2813916573157675,0.6031783223152161,1.149999976158142,34.72425106811524,0.2024107575416565
observed_test,v2_2018_413_48h,,37,PCC,C,3.033735447282245,0.0,1.2813916573157675,0.6031783223152161,1.149999976158142,34.72425106811524,0.2024107575416565
observed_test,v2_2018_413_48h,,38,PCC,A,3.1232014249141358,0.0,1.1509291254557095,0.6654155254364014,1.149999976158142,34.72425106811524,0.2047840803861618
observed_test,v2_2018_413_48h,,38,PCC,B,3.1232014249141358,0.0,1.1509291254557095,0.6654155254364014,1.149999976158142,34.72425106811524,0.2047840803861618
observed_test,v2_2018_413_48h,,38,PCC,C,3.1232014249141358,0.0,1.1509291254557095,0.6654155254364014,1.149999976158142,34.72425106811524,0.2047840803861618
observed_test,v2_2018_413_48h,,39,PCC,A,2.915610662966831,0.0,0.9357624902175022,0.5210045576095581,1.149999976158142,34.72425106811524,0.21193580329418182
observed_test,v2_2018_413_48h,,39,PCC,B,2.915610662966831,0.0,0.9357624902175022,0.5210045576095581,1.149999976158142,34.72425106811524,0.21193580329418182
observed_test,v2_2018_413_48h,,39,PCC,C,2.915610662966831,0.0,0.9357624902175022,0.5210045576095581,1.149999976158142,34.72425106811524,0.21193580329418182
observed_test,v2_2018_413_48h,,40,PCC,A,2.9761405680146122,0.0,0.6390833510802342,0.5631123185157776,1.149999976158142,53.24800137329102,0.22226278483867645
observed_test,v2_2018_413_48h,,40,PCC,B,2.9761405680146122,0.0,0.6390833510802342,0.5631123185157776,1.149999976158142,53.24800137329102,0.22226278483867645
observed_test,v2_2018_413_48h,,40,PCC,C,2.9761405680146122,0.0,0.6390833510802342,0.5631123185157776,1.149999976158142,53.24800137329102,0.22226278483867645
observed_test,v2_2018_413_48h,,41,PCC,A,2.912059071852747,0.0,0.2951583323570398,0.5185338854789734,1.149999976158142,53.24800137329102,0.23387384414672852
observed_test,v2_2018_413_48h,,41,PCC,B,2.912059071852747,0.0,0.2951583323570398,0.5185338854789734,1.149999976158142,53.24800137329102,0.23387384414672852
observed_test,v2_2018_413_48h,,41,PCC,C,2.912059071852747,0.0,0.2951583323570398,0.5185338854789734,1.149999976158142,53.24800137329102,0.23387384414672852
observed_test,v2_2018_413_48h,,42,PCC,A,2.888165108802557,0.0,0.03732083222040763,0.501911997795105,1.149999976158142,53.24800137329102,0.24081456661224365
observed_test,v2_2018_413_48h,,42,PCC,B,2.888165108802557,0.0,0.03732083222040763,0.501911997795105,1.149999976158142,53.24800137329102,0.24081456661224365
observed_test,v2_2018_413_48h,,42,PCC,C,2.888165108802557,0.0,0.03732083222040763,0.501911997795105,1.149999976158142,53.24800137329102,0.24081456661224365
observed_test,v2_2018_413_48h,,43,PCC,A,2.9849615821466244,0.0,0.0,0.5692486763000488,1.149999976158142,53.24800137329102,0.24687857925891876
observed_test,v2_2018_413_48h,,43,PCC,B,2.9849615821466244,0.0,0.0,0.5692486763000488,1.149999976158142,53.24800137329102,0.24687857925891876
observed_test,v2_2018_413_48h,,43,PCC,C,2.9849615821466244,0.0,0.0,0.5692486763000488,1.149999976158142,53.24800137329102,0.24687857925891876
observed_test,v2_2018_413_48h,,44,PCC,A,2.825617614510635,0.0,0.0,0.458400696516037,1.149999976158142,53.24800137329102,0.25319209694862366
observed_test,v2_2018_413_48h,,44,PCC,B,2.825617614510635,0.0,0.0,0.458400696516037,1.149999976158142,53.24800137329102,0.25319209694862366
observed_test,v2_2018_413_48h,,44,PCC,C,2.825617614510635,0.0,0.0,0.458400696516037,1.149999976158142,53.24800137329102,0.25319209694862366
observed_test,v2_2018_413_48h,,45,PCC,A,2.740638571998929,0.0,0.0,0.39928483963012695,1.149999976158142,53.24800137329102,0.2537130117416382
observed_test,v2_2018_413_48h,,45,PCC,B,2.740638571998929,0.0,0.0,0.39928483963012695,1.149999976158142,53.24800137329102,0.2537130117416382
observed_test,v2_2018_413_48h,,45,PCC,C,2.740638571998929,0.0,0.0,0.39928483963012695,1.149999976158142,53.24800137329102,0.2537130117416382
observed_test,v2_2018_413_48h,,46,PCC,A,2.689500792288461,0.0,0.0,0.3637107312679291,1.149999976158142,53.24800137329102,0.24822109937667847
observed_test,v2_2018_413_48h,,46,PCC,B,2.689500792288461,0.0,0.0,0.3637107312679291,1.149999976158142,53.24800137329102,0.24822109937667847
observed_test,v2_2018_413_48h,,46,PCC,C,2.689500792288461,0.0,0.0,0.3637107312679291,1.149999976158142,53.24800137329102,0.24822109937667847
observed_test,v2_2018_413_48h,,47,PCC,A,2.666340906989589,0.0,0.0,0.34759950637817383,1.149999976158142,53.24800137329102,0.24219484627246857
observed_test,v2_2018_413_48h,,47,PCC,B,2.666340906989589,0.0,0.0,0.34759950637817383,1.149999976158142,53.24800137329102,0.24219484627246857
observed_test,v2_2018_413_48h,,47,PCC,C,2.666340906989589,0.0,0.0,0.34759950637817383,1.149999976158142,53.24800137329102,0.24219484627246857
observed_test,v2_2018_495_48h,,0,PCC,A,2.630175115631934,0.0,0.0,0.29431068897247314,1.1698750257492065,53.24800137329102,0.25296810269355774
observed_test,v2_2018_495_48h,,0,PCC,B,2.630175115631934,0.0,0.0,0.29431068897247314,1.1698750257492065,53.24800137329102,0.25296810269355774
observed_test,v2_2018_495_48h,,0,PCC,C,2.630175115631934,0.0,0.0,0.29431068897247314,1.1698750257492065,53.24800137329102,0.25296810269355774
observed_test,v2_2018_495_48h,,1,PCC,A,2.660390334454465,0.0,0.0,0.3179371654987335,1.1677749156951904,34.72425106811524,0.25566065311431885
observed_test,v2_2018_495_48h,,1,PCC,B,2.660390334454465,0.0,0.0,0.3179371654987335,1.1677749156951904,34.72425106811524,0.25566065311431885
observed_test,v2_2018_495_48h,,1,PCC,C,2.660390334454465,0.0,0.0,0.3179371654987335,1.1677749156951904,34.72425106811524,0.25566065311431885
observed_test,v2_2018_495_48h,,2,PCC,A,2.51852017140046,0.0,0.0,0.2232462614774704,1.1658999919891357,34.72425106811524,0.2623995244503021
observed_test,v2_2018_495_48h,,2,PCC,B,2.51852017140046,0.0,0.0,0.2232462614774704,1.1658999919891357,34.72425106811524,0.2623995244503021
observed_test,v2_2018_495_48h,,2,PCC,C,2.51852017140046,0.0,0.0,0.2232462614774704,1.1658999919891357,34.72425106811524,0.2623995244503021
observed_test,v2_2018_495_48h,,3,PCC,A,2.572918333358069,0.0,0.0,0.2633455991744995,1.1638749837875366,34.72425106811524,0.2584664523601532
observed_test,v2_2018_495_48h,,3,PCC,B,2.572918333358069,0.0,0.0,0.2633455991744995,1.1638749837875366,34.72425106811524,0.2584664523601532
observed_test,v2_2018_495_48h,,3,PCC,C,2.572918333358069,0.0,0.0,0.2633455991744995,1.1638749837875366,34.72425106811524,0.2584664523601532
observed_test,v2_2018_495_48h,,4,PCC,A,2.631503852356417,0.0,0.0,0.3060445785522461,1.1621500253677368,34.72425106811524,0.23289193212985992
observed_test,v2_2018_495_48h,,4,PCC,B,2.631503852356417,0.0,0.0,0.3060445785522461,1.1621500253677368,34.72425106811524,0.23289193212985992
observed_test,v2_2018_495_48h,,4,PCC,C,2.631503852356417,0.0,0.0,0.3060445785522461,1.1621500253677368,34.72425106811524,0.23289193212985992
observed_test,v2_2018_495_48h,,5,PCC,A,2.6003443725320494,0.0,0.0,0.2850128710269928,1.1618499755859375,34.72425106811524,0.21599575877189636
observed_test,v2_2018_495_48h,,5,PCC,B,2.6003443725320494,0.0,0.0,0.2850128710269928,1.1618499755859375,34.72425106811524,0.21599575877189636
observed_test,v2_2018_495_48h,,5,PCC,C,2.6003443725320494,0.0,0.0,0.2850128710269928,1.1618499755859375,34.72425106811524,0.21599575877189636
observed_test,v2_2018_495_48h,,6,PCC,A,2.7978722663998354,0.0,0.026495833522998367,0.4131304621696472,1.167099952697754,53.24800137329102,0.20850908756256104
observed_test,v2_2018_495_48h,,6,PCC,B,2.7978722663998354,0.0,0.026495833522998367,0.4131304621696472,1.167099952697754,53.24800137329102,0.20850908756256104
observed_test,v2_2018_495_48h,,6,PCC,C,2.7978722663998354,0.0,0.026495833522998367,0.4131304621696472,1.167099952697754,53.24800137329102,0.20850908756256104
observed_test,v2_2018_495_48h,,7,PCC,A,3.0839470327557295,0.0,0.2420166650643715,0.5887197852134705,1.1795499324798584,53.24800137329102,0.2057301104068756
observed_test,v2_2018_495_48h,,7,PCC,B,3.0839470327557295,0.0,0.2420166650643715,0.5887197852134705,1.1795499324798584,53.24800137329102,0.2057301104068756
observed_test,v2_2018_495_48h,,7,PCC,C,3.0839470327557295,0.0,0.2420166650643715,0.5887197852134705,1.1795499324798584,53.24800137329102,0.2057301104068756
observed_test,v2_2018_495_48h,,8,PCC,A,2.8605250640944306,0.0,0.5361750148809873,0.41616514325141907,1.1937249898910522,53.24800137329102,0.2048681378364563
observed_test,v2_2018_495_48h,,8,PCC,B,2.8605250640944306,0.0,0.5361750148809873,0.41616514325141907,1.1937249898910522,53.24800137329102,0.2048681378364563
observed_test,v2_2018_495_48h,,8,PCC,C,2.8605250640944306,0.0,0.5361750148809873,0.41616514325141907,1.1937249898910522,53.24800137329102,0.2048681378364563
observed_test,v2_2018_495_48h,,9,PCC,A,3.0352180416065053,0.0,0.8398249745368956,0.5137431621551514,1.2063249349594116,53.24800137329102,0.20575056970119476
observed_test,v2_2018_495_48h,,9,PCC,B,3.0352180416065053,0.0,0.8398249745368956,0.5137431621551514,1.2063249349594116,53.24800137329102,0.20575056970119476
observed_test,v2_2018_495_48h,,9,PCC,C,3.0352180416065053,0.0,0.8398249745368956,0.5137431621551514,1.2063249349594116,53.24800137329102,0.20575056970119476
observed_test,v2_2018_495_48h,,10,PCC,A,2.8228674917230165,0.0,1.0232625099328847,0.3643687963485718,1.212399959564209,53.24800137329102,0.20847263932228088
observed_test,v2_2018_495_48h,,10,PCC,B,2.8228674917230165,0.0,1.0232625099328847,0.3643687963485718,1.212399959564209,53.24800137329102,0.20847263932228088
observed_test,v2_2018_495_48h,,10,PCC,C,2.8228674917230165,0.0,1.0232625099328847,0.3643687963485718,1.212399959564209,53.24800137329102,0.20847263932228088
observed_test,v2_2018_495_48h,,11,PCC,A,2.82737314164198,0.0,1.1230708314822269,0.36136627197265625,1.2166749238967896,53.24800137329102,0.21990446746349335
observed_test,v2_2018_495_48h,,11,PCC,B,2.82737314164198,0.0,1.1230708314822269,0.36136627197265625,1.2166749238967896,53.24800137329102,0.21990446746349335
observed_test,v2_2018_495_48h,,11,PCC,C,2.82737314164198,0.0,1.1230708314822269,0.36136627197265625,1.2166749238967896,53.24800137329102,0.21990446746349335
observed_test,v2_2018_495_48h,,12,PCC,A,3.1017349629161024,0.0,1.1219958846385663,0.5383059978485107,1.2189249992370605,53.24800137329102,0.22282646596431732
observed_test,v2_2018_495_48h,,12,PCC,B,3.1017349629161024,0.0,1.1219958846385663,0.5383059978485107,1.2189249992370605,53.24800137329102,0.22282646596431732
observed_test,v2_2018_495_48h,,12,PCC,C,3.1017349629161024,0.0,1.1219958846385663,0.5383059978485107,1.2189249992370605,53.24800137329102,0.22282646596431732
observed_test,v2_2018_495_48h,,13,PCC,A,3.2036642638061426,0.0,1.0691333275574904,0.6031783223152161,1.2201999425888062,53.24800137329102,0.20398646593093872
observed_test,v2_2018_495_48h,,13,PCC,B,3.2036642638061426,0.0,1.0691333275574904,0.6031783223152161,1.2201999425888062,53.24800137329102,0.20398646593093872
observed_test,v2_2018_495_48h,,13,PCC,C,3.2036642638061426,0.0,1.0691333275574904,0.6031783223152161,1.2201999425888062,53.24800137329102,0.20398646593093872
observed_test,v2_2018_495_48h,,14,PCC,A,3.296530522818346,0.0,0.9170833115394298,0.6654155254364014,1.2193750143051147,53.24800137329102,0.18939992785453796
observed_test,v2_2018_495_48h,,14,PCC,B,3.296530522818346,0.0,0.9170833115394298,0.6654155254364014,1.2193750143051147,53.24800137329102,0.18939992785453796
observed_test,v2_2018_495_48h,,14,PCC,C,3.296530522818346,0.0,0.9170833115394298,0.6654155254364014,1.2193750143051147,53.24800137329102,0.18939992785453796
observed_test,v2_2018_495_48h,,15,PCC,A,3.072070411462422,0.0,0.7551416754722595,0.5210045576095581,1.2174999713897705,53.24800137329102,0.18040023744106293
observed_test,v2_2018_495_48h,,15,PCC,B,3.072070411462422,0.0,0.7551416754722595,0.5210045576095581,1.2174999713897705,53.24800137329102,0.18040023744106293
observed_test,v2_2018_495_48h,,15,PCC,C,3.072070411462422,0.0,0.7551416754722595,0.5210045576095581,1.2174999713897705,53.24800137329102,0.18040023744106293
observed_test,v2_2018_495_48h,,16,PCC,A,3.1261968623196723,0.0,0.4794083249110441,0.5631123185157776,1.2132999897003174,53.24800137329102,0.17574475705623627
observed_test,v2_2018_495_48h,,16,PCC,B,3.1261968623196723,0.0,0.4794083249110441,0.5631123185157776,1.2132999897003174,53.24800137329102,0.17574475705623627
observed_test,v2_2018_495_48h,,16,PCC,C,3.1261968623196723,0.0,0.4794083249110441,0.5631123185157776,1.2132999897003174,53.24800137329102,0.17574475705623627
observed_test,v2_2018_495_48h,,17,PCC,A,3.0334143077897977,0.0,0.16833333155283559,0.5185338854789734,1.2024250030517578,53.24800137329102,0.17540429532527924
observed_test,v2_2018_495_48h,,17,PCC,B,3.0334143077897977,0.0,0.16833333155283559,0.5185338854789734,1.2024250030517578,53.24800137329102,0.17540429532527924
observed_test,v2_2018_495_48h,,17,PCC,C,3.0334143077897977,0.0,0.16833333155283559,0.5185338854789734,1.2024250030517578,53.24800137329102,0.17540429532527924
observed_test,v2_2018_495_48h,,18,PCC,A,2.9812465209488757,0.0,0.0008708333413009173,0.501911997795105,1.1905750036239624,121.88174847412108,0.1752358376979828
observed_test,v2_2018_495_48h,,18,PCC,B,2.9812465209488757,0.0,0.0008708333413009173,0.501911997795105,1.1905750036239624,121.88174847412108,0.1752358376979828
observed_test,v2_2018_495_48h,,18,PCC,C,2.9812465209488757,0.0,0.0008708333413009173,0.501911997795105,1.1905750036239624,121.88174847412108,0.1752358376979828
observed_test,v2_2018_495_48h,,19,PCC,A,3.0645133101152453,0.0,0.0,0.5692486763000488,1.1834499835968018,121.88174847412108,0.1813947707414627
observed_test,v2_2018_495_48h,,19,PCC,B,3.0645133101152453,0.0,0.0,0.5692486763000488,1.1834499835968018,121.88174847412108,0.1813947707414627
observed_test,v2_2018_495_48h,,19,PCC,C,3.0645133101152453,0.0,0.0,0.5692486763000488,1.1834499835968018,121.88174847412108,0.1813947707414627
observed_test,v2_2018_495_48h,,20,PCC,A,2.893479588308457,0.0,0.0,0.458400696516037,1.180299997329712,121.88174847412108,0.18734949827194214
observed_test,v2_2018_495_48h,,20,PCC,B,2.893479588308457,0.0,0.0,0.458400696516037,1.180299997329712,121.88174847412108,0.18734949827194214
observed_test,v2_2018_495_48h,,20,PCC,C,2.893479588308457,0.0,0.0,0.458400696516037,1.180299997329712,121.88174847412108,0.18734949827194214
observed_test,v2_2018_495_48h,,21,PCC,A,2.8010635886460165,0.0,0.0,0.39928483963012695,1.177899956703186,53.24800137329102,0.19940844178199768
observed_test,v2_2018_495_48h,,21,PCC,B,2.8010635886460165,0.0,0.0,0.39928483963012695,1.177899956703186,53.24800137329102,0.19940844178199768
observed_test,v2_2018_495_48h,,21,PCC,C,2.8010635886460165,0.0,0.0,0.39928483963012695,1.177899956703186,53.24800137329102,0.19940844178199768
observed_test,v2_2018_495_48h,,22,PCC,A,2.7443895025849163,0.0,0.0,0.3637107312679291,1.175874948501587,53.24800137329102,0.2193792313337326
observed_test,v2_2018_495_48h,,22,PCC,B,2.7443895025849163,0.0,0.0,0.3637107312679291,1.175874948501587,53.24800137329102,0.2193792313337326
observed_test,v2_2018_495_48h,,22,PCC,C,2.7443895025849163,0.0,0.0,0.3637107312679291,1.175874948501587,53.24800137329102,0.2193792313337326
observed_test,v2_2018_495_48h,,23,PCC,A,2.716138539961449,0.0,0.0,0.34759950637817383,1.173699975013733,53.24800137329102,0.23097719252109528
observed_test,v2_2018_495_48h,,23,PCC,B,2.716138539961449,0.0,0.0,0.34759950637817383,1.173699975013733,53.24800137329102,0.23097719252109528
observed_test,v2_2018_495_48h,,23,PCC,C,2.716138539961449,0.0,0.0,0.34759950637817383,1.173699975013733,53.24800137329102,0.23097719252109528
observed_test,v2_2018_495_48h,,24,PCC,A,2.6339897510849837,0.0,0.0,0.29431068897247314,1.1717499494552612,53.24800137329102,0.23784883320331573
observed_test,v2_2018_495_48h,,24,PCC,B,2.6339897510849837,0.0,0.0,0.29431068897247314,1.1717499494552612,53.24800137329102,0.23784883320331573
observed_test,v2_2018_495_48h,,24,PCC,C,2.6339897510849837,0.0,0.0,0.29431068897247314,1.1717499494552612,53.24800137329102,0.23784883320331573
observed_test,v2_2018_495_48h,,25,PCC,A,2.6661183297819244,0.0,0.0,0.3179371654987335,1.170549988746643,34.72425106811524,0.2506254017353058
observed_test,v2_2018_495_48h,,25,PCC,B,2.6661183297819244,0.0,0.0,0.3179371654987335,1.170549988746643,34.72425106811524,0.2506254017353058
observed_test,v2_2018_495_48h,,25,PCC,C,2.6661183297819244,0.0,0.0,0.3179371654987335,1.170549988746643,34.72425106811524,0.2506254017353058
observed_test,v2_2018_495_48h,,26,PCC,A,2.5252329910442888,0.0,0.0,0.2232462614774704,1.169350028038025,34.72425106811524,0.265356183052063
observed_test,v2_2018_495_48h,,26,PCC,B,2.5252329910442888,0.0,0.0,0.2232462614774704,1.169350028038025,34.72425106811524,0.265356183052063
observed_test,v2_2018_495_48h,,26,PCC,C,2.5252329910442888,0.0,0.0,0.2232462614774704,1.169350028038025,34.72425106811524,0.265356183052063
observed_test,v2_2018_495_48h,,27,PCC,A,2.5814505152168863,0.0,0.0,0.2633455991744995,1.1681499481201172,34.72425106811524,0.27218887209892273
observed_test,v2_2018_495_48h,,27,PCC,B,2.5814505152168863,0.0,0.0,0.2633455991744995,1.1681499481201172,34.72425106811524,0.27218887209892273
observed_test,v2_2018_495_48h,,27,PCC,C,2.5814505152168863,0.0,0.0,0.2633455991744995,1.1681499481201172,34.72425106811524,0.27218887209892273
observed_test,v2_2018_495_48h,,28,PCC,A,2.6404178610937286,0.0,0.0,0.3060445785522461,1.1664999723434448,34.72425106811524,0.2499292492866516
observed_test,v2_2018_495_48h,,28,PCC,B,2.6404178610937286,0.0,0.0,0.3060445785522461,1.1664999723434448,34.72425106811524,0.2499292492866516
observed_test,v2_2018_495_48h,,28,PCC,C,2.6404178610937286,0.0,0.0,0.3060445785522461,1.1664999723434448,34.72425106811524,0.2499292492866516
observed_test,v2_2018_495_48h,,29,PCC,A,2.6076269331525777,0.0,0.0,0.2850128710269928,1.1654499769210815,34.72425106811524,0.23044362664222717
observed_test,v2_2018_495_48h,,29,PCC,B,2.6076269331525777,0.0,0.0,0.2850128710269928,1.1654499769210815,34.72425106811524,0.23044362664222717
observed_test,v2_2018_495_48h,,29,PCC,C,2.6076269331525777,0.0,0.0,0.2850128710269928,1.1654499769210815,34.72425106811524,0.23044362664222717
observed_test,v2_2018_495_48h,,30,PCC,A,2.805567663304933,0.0,0.021412499392261867,0.4131304621696472,1.1706249713897705,53.24800137329102,0.22190281748771667
observed_test,v2_2018_495_48h,,30,PCC,B,2.805567663304933,0.0,0.021412499392261867,0.4131304621696472,1.1706249713897705,53.24800137329102,0.22190281748771667
observed_test,v2_2018_495_48h,,30,PCC,C,2.805567663304933,0.0,0.021412499392261867,0.4131304621696472,1.1706249713897705,53.24800137329102,0.22190281748771667
observed_test,v2_2018_495_48h,,31,PCC,A,3.0879114955228126,0.0,0.18177499564794394,0.5887197852134705,1.1812000274658203,53.24800137329102,0.22085736691951752
observed_test,v2_2018_495_48h,,31,PCC,B,3.0879114955228126,0.0,0.18177499564794394,0.5887197852134705,1.1812000274658203,53.24800137329102,0.22085736691951752
observed_test,v2_2018_495_48h,,31,PCC,C,3.0879114955228126,0.0,0.18177499564794394,0.5887197852134705,1.1812000274658203,53.24800137329102,0.22085736691951752
observed_test,v2_2018_495_48h,,32,PCC,A,2.8531442506047155,0.0,0.47662498859258795,0.41616514325141907,1.1903499364852905,53.24800137329102,0.22085511684417725
observed_test,v2_2018_495_48h,,32,PCC,B,2.8531442506047155,0.0,0.47662498859258795,0.41616514325141907,1.1903499364852905,53.24800137329102,0.22085511684417725
observed_test,v2_2018_495_48h,,32,PCC,C,2.8531442506047155,0.0,0.47662498859258795,0.41616514325141907,1.1903499364852905,53.24800137329102,0.22085511684417725
observed_test,v2_2018_495_48h,,33,PCC,A,3.0166897149277383,0.0,0.8350999882588019,0.5137431621551514,1.1983000040054321,53.24800137329102,0.23164400458335876
observed_test,v2_2018_495_48h,,33,PCC,B,3.0166897149277383,0.0,0.8350999882588019,0.5137431621551514,1.1983000040054321,53.24800137329102,0.23164400458335876
observed_test,v2_2018_495_48h,,33,PCC,C,3.0166897149277383,0.0,0.8350999882588019,0.5137431621551514,1.1983000040054321,53.24800137329102,0.23164400458335876
observed_test,v2_2018_495_48h,,34,PCC,A,2.8064740547237483,0.0,1.0246791518651521,0.3643687963485718,1.2046749591827393,53.24800137329102,0.2592003047466278
observed_test,v2_2018_495_48h,,34,PCC,B,2.8064740547237483,0.0,1.0246791518651521,0.3643687963485718,1.2046749591827393,53.24800137329102,0.2592003047466278
observed_test,v2_2018_495_48h,,34,PCC,C,2.8064740547237483,0.0,1.0246791518651521,0.3643687963485718,1.2046749591827393,53.24800137329102,0.2592003047466278
observed_test,v2_2018_495_48h,,35,PCC,A,2.811485474258992,0.0,1.1314000074680035,0.36136627197265625,1.2091749906539917,53.24800137329102,0.27311205863952637
observed_test,v2_2018_495_48h,,35,PCC,B,2.811485474258992,0.0,1.1314000074680035,0.36136627197265625,1.2091749906539917,53.24800137329102,0.27311205863952637
observed_test,v2_2018_495_48h,,35,PCC,C,2.811485474258992,0.0,1.1314000074680035,0.36136627197265625,1.2091749906539917,53.24800137329102,0.27311205863952637
observed_test,v2_2018_495_48h,,36,PCC,A,3.0848902026881952,0.0,1.155570837167593,0.5383059978485107,1.2117249965667725,53.24800137329102,0.2986581027507782
observed_test,v2_2018_495_48h,,36,PCC,B,3.0848902026881952,0.0,1.155570837167593,0.5383059978485107,1.2117249965667725,53.24800137329102,0.2986581027507782
observed_test,v2_2018_495_48h,,36,PCC,C,3.0848902026881952,0.0,1.155570837167593,0.5383059978485107,1.2117249965667725,53.24800137329102,0.2986581027507782
observed_test,v2_2018_495_48h,,37,PCC,A,3.185328122676578,0.0,1.1078874652202313,0.6031783223152161,1.2126250267028809,53.24800137329102,0.26770296692848206
observed_test,v2_2018_495_48h,,37,PCC,B,3.185328122676578,0.0,1.1078874652202313,0.6031783223152161,1.2126250267028809,53.24800137329102,0.26770296692848206
observed_test,v2_2018_495_48h,,37,PCC,C,3.185328122676578,0.0,1.1078874652202313,0.6031783223152161,1.2126250267028809,53.24800137329102,0.26770296692848206
observed_test,v2_2018_495_48h,,38,PCC,A,3.2770427638573003,0.0,0.977458289036384,0.6654155254364014,1.2115750312805176,53.24800137329102,0.21209368109703064
observed_test,v2_2018_495_48h,,38,PCC,B,3.2770427638573003,0.0,0.977458289036384,0.6654155254364014,1.2115750312805176,53.24800137329102,0.21209368109703064
observed_test,v2_2018_495_48h,,38,PCC,C,3.2770427638573003,0.0,0.977458289036384,0.6654155254364014,1.2115750312805176,53.24800137329102,0.21209368109703064
observed_test,v2_2018_495_48h,,39,PCC,A,3.0529475563831596,0.0,0.7655375278913058,0.5210045576095581,1.2092499732971191,53.24800137329102,0.2053796797990799
observed_test,v2_2018_495_48h,,39,PCC,B,3.0529475563831596,0.0,0.7655375278913058,0.5210045576095581,1.2092499732971191,53.24800137329102,0.2053796797990799
observed_test,v2_2018_495_48h,,39,PCC,C,3.0529475563831596,0.0,0.7655375278913058,0.5210045576095581,1.2092499732971191,53.24800137329102,0.2053796797990799
observed_test,v2_2018_495_48h,,40,PCC,A,3.10486169952757,0.0,0.474541662977292,0.5631123185157776,1.2042999267578125,53.24800137329102,0.19705501198768616
observed_test,v2_2018_495_48h,,40,PCC,B,3.10486169952757,0.0,0.474541662977292,0.5631123185157776,1.2042999267578125,53.24800137329102,0.19705501198768616
observed_test,v2_2018_495_48h,,40,PCC,C,3.10486169952757,0.0,0.474541662977292,0.5631123185157776,1.2042999267578125,53.24800137329102,0.19705501198768616
observed_test,v2_2018_495_48h,,41,PCC,A,3.015879358822071,0.0,0.16185416338535455,0.5185338854789734,1.194849967956543,53.24800137329102,0.19714973866939545
observed_test,v2_2018_495_48h,,41,PCC,B,3.015879358822071,0.0,0.16185416338535455,0.5185338854789734,1.194849967956543,53.24800137329102,0.19714973866939545
observed_test,v2_2018_495_48h,,41,PCC,C,3.015879358822071,0.0,0.16185416338535455,0.5185338854789734,1.194849967956543,53.24800137329102,0.19714973866939545
observed_test,v2_2018_495_48h,,42,PCC,A,2.970751179332298,0.0,0.0,0.501911997795105,1.1859999895095825,121.88174847412108,0.19549787044525146
observed_test,v2_2018_495_48h,,42,PCC,B,2.970751179332298,0.0,0.0,0.501911997795105,1.1859999895095825,121.88174847412108,0.19549787044525146
observed_test,v2_2018_495_48h,,42,PCC,C,2.970751179332298,0.0,0.0,0.501911997795105,1.1859999895095825,121.88174847412108,0.19549787044525146
observed_test,v2_2018_495_48h,,43,PCC,A,3.0575569034667325,0.0,0.0,0.5692486763000488,1.1805249452590942,121.88174847412108,0.20548434555530548
observed_test,v2_2018_495_48h,,43,PCC,B,3.0575569034667325,0.0,0.0,0.5692486763000488,1.1805249452590942,121.88174847412108,0.20548434555530548
observed_test,v2_2018_495_48h,,43,PCC,C,3.0575569034667325,0.0,0.0,0.5692486763000488,1.1805249452590942,121.88174847412108,0.20548434555530548
observed_test,v2_2018_495_48h,,44,PCC,A,2.8872643472814503,0.0,0.0,0.458400696516037,1.1775249242782593,121.88174847412108,0.22544069588184357
observed_test,v2_2018_495_48h,,44,PCC,B,2.8872643472814503,0.0,0.0,0.458400696516037,1.1775249242782593,121.88174847412108,0.22544069588184357
observed_test,v2_2018_495_48h,,44,PCC,C,2.8872643472814503,0.0,0.0,0.458400696516037,1.1775249242782593,121.88174847412108,0.22544069588184357
observed_test,v2_2018_495_48h,,45,PCC,A,2.793754248244312,0.0,0.0,0.39928483963012695,1.1745250225067139,53.24800137329102,0.2574971914291382
observed_test,v2_2018_495_48h,,45,PCC,B,2.793754248244312,0.0,0.0,0.39928483963012695,1.1745250225067139,53.24800137329102,0.2574971914291382
observed_test,v2_2018_495_48h,,45,PCC,C,2.793754248244312,0.0,0.0,0.39928483963012695,1.1745250225067139,53.24800137329102,0.2574971914291382
observed_test,v2_2018_495_48h,,46,PCC,A,2.735798182211685,0.0,0.0,0.3637107312679291,1.1718249320983887,53.24800137329102,0.29241713881492615
observed_test,v2_2018_495_48h,,46,PCC,B,2.735798182211685,0.0,0.0,0.3637107312679291,1.1718249320983887,53.24800137329102,0.29241713881492615
observed_test,v2_2018_495_48h,,46,PCC,C,2.735798182211685,0.0,0.0,0.3637107312679291,1.1718249320983887,53.24800137329102,0.29241713881492615
observed_test,v2_2018_495_48h,,47,PCC,A,2.706053022675538,0.0,0.0,0.34759950637817383,1.1689000129699707,53.24800137329102,0.31094416975975037
observed_test,v2_2018_495_48h,,47,PCC,B,2.706053022675538,0.0,0.0,0.34759950637817383,1.1689000129699707,53.24800137329102,0.31094416975975037
observed_test,v2_2018_495_48h,,47,PCC,C,2.706053022675538,0.0,0.0,0.34759950637817383,1.1689000129699707,53.24800137329102,0.31094416975975037
observed_test,v2_2018_420_48h,,0,PCC,A,2.589738233557025,0.0,0.0,0.29431068897247314,1.149999976158142,53.24800137329102,0.22826462984085083
observed_test,v2_2018_420_48h,,0,PCC,B,2.589738233557025,0.0,0.0,0.29431068897247314,1.149999976158142,53.24800137329102,0.22826462984085083
observed_test,v2_2018_420_48h,,0,PCC,C,2.589738233557025,0.0,0.0,0.29431068897247314,1.149999976158142,53.24800137329102,0.22826462984085083
observed_test,v2_2018_420_48h,,1,PCC,A,2.6237012928594003,0.0,0.0,0.3179371654987335,1.149999976158142,34.72425106811524,0.2300264835357666
observed_test,v2_2018_420_48h,,1,PCC,B,2.6237012928594003,0.0,0.0,0.3179371654987335,1.149999976158142,34.72425106811524,0.2300264835357666
observed_test,v2_2018_420_48h,,1,PCC,C,2.6237012928594003,0.0,0.0,0.3179371654987335,1.149999976158142,34.72425106811524,0.2300264835357666
observed_test,v2_2018_420_48h,,2,PCC,A,2.4875831211508435,0.0,0.0,0.2232462614774704,1.149999976158142,34.72425106811524,0.23199740052223206
observed_test,v2_2018_420_48h,,2,PCC,B,2.4875831211508435,0.0,0.0,0.2232462614774704,1.149999976158142,34.72425106811524,0.23199740052223206
observed_test,v2_2018_420_48h,,2,PCC,C,2.4875831211508435,0.0,0.0,0.2232462614774704,1.149999976158142,34.72425106811524,0.23199740052223206
observed_test,v2_2018_420_48h,,3,PCC,A,2.5452259178952694,0.0,0.0,0.2633455991744995,1.149999976158142,53.24800137329102,0.2450748085975647
observed_test,v2_2018_420_48h,,3,PCC,B,2.5452259178952694,0.0,0.0,0.2633455991744995,1.149999976158142,53.24800137329102,0.2450748085975647
observed_test,v2_2018_420_48h,,3,PCC,C,2.5452259178952694,0.0,0.0,0.2633455991744995,1.149999976158142,53.24800137329102,0.2450748085975647
observed_test,v2_2018_420_48h,,4,PCC,A,2.6066056994782514,0.0,0.0,0.3060445785522461,1.149999976158142,53.24800137329102,0.24348342418670654
observed_test,v2_2018_420_48h,,4,PCC,B,2.6066056994782514,0.0,0.0,0.3060445785522461,1.149999976158142,53.24800137329102,0.24348342418670654
observed_test,v2_2018_420_48h,,4,PCC,C,2.6066056994782514,0.0,0.0,0.3060445785522461,1.149999976158142,53.24800137329102,0.24348342418670654
observed_test,v2_2018_420_48h,,5,PCC,A,2.5763726205374935,0.0,0.0,0.2850128710269928,1.149999976158142,53.24800137329102,0.23106816411018372
observed_test,v2_2018_420_48h,,5,PCC,B,2.5763726205374935,0.0,0.0,0.2850128710269928,1.149999976158142,53.24800137329102,0.23106816411018372
observed_test,v2_2018_420_48h,,5,PCC,C,2.5763726205374935,0.0,0.0,0.2850128710269928,1.149999976158142,53.24800137329102,0.23106816411018372
observed_test,v2_2018_420_48h,,6,PCC,A,2.7605416539868575,0.0,0.02077500013491282,0.4131304621696472,1.149999976158142,121.88174847412108,0.22681276500225067
observed_test,v2_2018_420_48h,,6,PCC,B,2.7605416539868575,0.0,0.02077500013491282,0.4131304621696472,1.149999976158142,121.88174847412108,0.22681276500225067
observed_test,v2_2018_420_48h,,6,PCC,C,2.7605416539868575,0.0,0.02077500013491282,0.4131304621696472,1.149999976158142,121.88174847412108,0.22681276500225067
observed_test,v2_2018_420_48h,,7,PCC,A,3.0129513006293838,0.0,0.06852083337994722,0.5887197852134705,1.149999976158142,121.88174847412108,0.23101766407489777
observed_test,v2_2018_420_48h,,7,PCC,B,3.0129513006293838,0.0,0.06852083337994722,0.5887197852134705,1.149999976158142,121.88174847412108,0.23101766407489777
observed_test,v2_2018_420_48h,,7,PCC,C,3.0129513006293838,0.0,0.06852083337994722,0.5887197852134705,1.149999976158142,121.88174847412108,0.23101766407489777
observed_test,v2_2018_420_48h,,8,PCC,A,2.7649040079514635,0.0,0.13574583885761407,0.41616514325141907,1.149999976158142,121.88174847412108,0.23152799904346466
observed_test,v2_2018_420_48h,,8,PCC,B,2.7649040079514635,0.0,0.13574583885761407,0.41616514325141907,1.149999976158142,121.88174847412108,0.23152799904346466
observed_test,v2_2018_420_48h,,8,PCC,C,2.7649040079514635,0.0,0.13574583885761407,0.41616514325141907,1.149999976158142,121.88174847412108,0.23152799904346466
observed_test,v2_2018_420_48h,,9,PCC,A,2.9051724072175276,0.0,0.16797917106976876,0.5137431621551514,1.149999976158142,121.88174847412108,0.23072364926338196
observed_test,v2_2018_420_48h,,9,PCC,B,2.9051724072175276,0.0,0.16797917106976876,0.5137431621551514,1.149999976158142,121.88174847412108,0.23072364926338196
observed_test,v2_2018_420_48h,,9,PCC,C,2.9051724072175276,0.0,0.16797917106976876,0.5137431621551514,1.149999976158142,121.88174847412108,0.23072364926338196
observed_test,v2_2018_420_48h,,10,PCC,A,2.6904467608222724,0.0,0.33815832665333373,0.3643687963485718,1.149999976158142,53.24800137329102,0.23165099322795868
observed_test,v2_2018_420_48h,,10,PCC,B,2.6904467608222724,0.0,0.33815832665333373,0.3643687963485718,1.149999976158142,53.24800137329102,0.23165099322795868
observed_test,v2_2018_420_48h,,10,PCC,C,2.6904467608222724,0.0,0.33815832665333373,0.3643687963485718,1.149999976158142,53.24800137329102,0.23165099322795868
observed_test,v2_2018_420_48h,,11,PCC,A,2.686130632121376,0.0,0.10508750207149065,0.36136627197265625,1.149999976158142,53.24800137329102,0.23457318544387817
observed_test,v2_2018_420_48h,,11,PCC,B,2.686130632121376,0.0,0.10508750207149065,0.36136627197265625,1.149999976158142,53.24800137329102,0.23457318544387817
observed_test,v2_2018_420_48h,,11,PCC,C,2.686130632121376,0.0,0.10508750207149065,0.36136627197265625,1.149999976158142,53.24800137329102,0.23457318544387817
observed_test,v2_2018_420_48h,,12,PCC,A,2.940481482794702,0.0,0.2691791607783391,0.5383059978485107,1.149999976158142,34.72425106811524,0.23091533780097961
observed_test,v2_2018_420_48h,,12,PCC,B,2.940481482794702,0.0,0.2691791607783391,0.5383059978485107,1.149999976158142,34.72425106811524,0.23091533780097961
observed_test,v2_2018_420_48h,,12,PCC,C,2.940481482794702,0.0,0.2691791607783391,0.5383059978485107,1.149999976158142,34.72425106811524,0.23091533780097961
observed_test,v2_2018_420_48h,,13,PCC,A,3.033735447282245,0.0,0.22187916418680775,0.6031783223152161,1.149999976158142,34.72425106811524,0.21288548409938812
observed_test,v2_2018_420_48h,,13,PCC,B,3.033735447282245,0.0,0.22187916418680775,0.6031783223152161,1.149999976158142,34.72425106811524,0.21288548409938812
observed_test,v2_2018_420_48h,,13,PCC,C,3.033735447282245,0.0,0.22187916418680775,0.6031783223152161,1.149999976158142,34.72425106811524,0.21288548409938812
observed_test,v2_2018_420_48h,,14,PCC,A,3.1232014249141358,0.0,0.20460416204654253,0.6654155254364014,1.149999976158142,34.72425106811524,0.20542694628238678
observed_test,v2_2018_420_48h,,14,PCC,B,3.1232014249141358,0.0,0.20460416204654253,0.6654155254364014,1.149999976158142,34.72425106811524,0.20542694628238678
observed_test,v2_2018_420_48h,,14,PCC,C,3.1232014249141358,0.0,0.20460416204654253,0.6654155254364014,1.149999976158142,34.72425106811524,0.20542694628238678
observed_test,v2_2018_420_48h,,15,PCC,A,2.915610662966831,0.0,0.2502041653944896,0.5210045576095581,1.149999976158142,34.72425106811524,0.19815398752689362
observed_test,v2_2018_420_48h,,15,PCC,B,2.915610662966831,0.0,0.2502041653944896,0.5210045576095581,1.149999976158142,34.72425106811524,0.19815398752689362
observed_test,v2_2018_420_48h,,15,PCC,C,2.915610662966831,0.0,0.2502041653944896,0.5210045576095581,1.149999976158142,34.72425106811524,0.19815398752689362
observed_test,v2_2018_420_48h,,16,PCC,A,2.9761405680146122,0.0,0.03888749947341589,0.5631123185157776,1.149999976158142,53.24800137329102,0.2050570547580719
observed_test,v2_2018_420_48h,,16,PCC,B,2.9761405680146122,0.0,0.03888749947341589,0.5631123185157776,1.149999976158142,53.24800137329102,0.2050570547580719
observed_test,v2_2018_420_48h,,16,PCC,C,2.9761405680146122,0.0,0.03888749947341589,0.5631123185157776,1.149999976158142,53.24800137329102,0.2050570547580719
observed_test,v2_2018_420_48h,,17,PCC,A,2.912059071852747,0.0,0.06270416510792878,0.5185338854789734,1.149999976158142,53.24800137329102,0.2133883535861969
observed_test,v2_2018_420_48h,,17,PCC,B,2.912059071852747,0.0,0.06270416510792878,0.5185338854789734,1.149999976158142,53.24800137329102,0.2133883535861969
observed_test,v2_2018_420_48h,,17,PCC,C,2.912059071852747,0.0,0.06270416510792878,0.5185338854789734,1.149999976158142,53.24800137329102,0.2133883535861969
observed_test,v2_2018_420_48h,,18,PCC,A,2.888165108802557,0.0,0.02548333364897049,0.501911997795105,1.149999976158142,53.24800137329102,0.21700935065746307
observed_test,v2_2018_420_48h,,18,PCC,B,2.888165108802557,0.0,0.02548333364897049,0.501911997795105,1.149999976158142,53.24800137329102,0.21700935065746307
observed_test,v2_2018_420_48h,,18,PCC,C,2.888165108802557,0.0,0.02548333364897049,0.501911997795105,1.149999976158142,53.24800137329102,0.21700935065746307
observed_test,v2_2018_420_48h,,19,PCC,A,2.9849615821466244,0.0,0.0,0.5692486763000488,1.149999976158142,53.24800137329102,0.2190818190574646
observed_test,v2_2018_420_48h,,19,PCC,B,2.9849615821466244,0.0,0.0,0.5692486763000488,1.149999976158142,53.24800137329102,0.2190818190574646
observed_test,v2_2018_420_48h,,19,PCC,C,2.9849615821466244,0.0,0.0,0.5692486763000488,1.149999976158142,53.24800137329102,0.2190818190574646
observed_test,v2_2018_420_48h,,20,PCC,A,2.825617614510635,0.0,0.0,0.458400696516037,1.149999976158142,53.24800137329102,0.22499531507492065
observed_test,v2_2018_420_48h,,20,PCC,B,2.825617614510635,0.0,0.0,0.458400696516037,1.149999976158142,53.24800137329102,0.22499531507492065
observed_test,v2_2018_420_48h,,20,PCC,C,2.825617614510635,0.0,0.0,0.458400696516037,1.149999976158142,53.24800137329102,0.22499531507492065
observed_test,v2_2018_420_48h,,21,PCC,A,2.740638571998929,0.0,0.0,0.39928483963012695,1.149999976158142,53.24800137329102,0.2404138743877411
observed_test,v2_2018_420_48h,,21,PCC,B,2.740638571998929,0.0,0.0,0.39928483963012695,1.149999976158142,53.24800137329102,0.2404138743877411
observed_test,v2_2018_420_48h,,21,PCC,C,2.740638571998929,0.0,0.0,0.39928483963012695,1.149999976158142,53.24800137329102,0.2404138743877411
observed_test,v2_2018_420_48h,,22,PCC,A,2.689500792288461,0.0,0.0,0.3637107312679291,1.149999976158142,53.24800137329102,0.26650428771972656
observed_test,v2_2018_420_48h,,22,PCC,B,2.689500792288461,0.0,0.0,0.3637107312679291,1.149999976158142,53.24800137329102,0.26650428771972656
observed_test,v2_2018_420_48h,,22,PCC,C,2.689500792288461,0.0,0.0,0.3637107312679291,1.149999976158142,53.24800137329102,0.26650428771972656
observed_test,v2_2018_420_48h,,23,PCC,A,2.666340906989589,0.0,0.0,0.34759950637817383,1.149999976158142,53.24800137329102,0.27035894989967346
observed_test,v2_2018_420_48h,,23,PCC,B,2.666340906989589,0.0,0.0,0.34759950637817383,1.149999976158142,53.24800137329102,0.27035894989967346
observed_test,v2_2018_420_48h,,23,PCC,C,2.666340906989589,0.0,0.0,0.34759950637817383,1.149999976158142,53.24800137329102,0.27035894989967346
observed_test,v2_2018_420_48h,,24,PCC,A,2.589738233557025,0.0,0.0,0.29431068897247314,1.149999976158142,53.24800137329102,0.27021366357803345
observed_test,v2_2018_420_48h,,24,PCC,B,2.589738233557025,0.0,0.0,0.29431068897247314,1.149999976158142,53.24800137329102,0.27021366357803345
observed_test,v2_2018_420_48h,,24,PCC,C,2.589738233557025,0.0,0.0,0.29431068897247314,1.149999976158142,53.24800137329102,0.27021366357803345
observed_test,v2_2018_420_48h,,25,PCC,A,2.6237012928594003,0.0,0.0,0.3179371654987335,1.149999976158142,34.72425106811524,0.2689494490623474
observed_test,v2_2018_420_48h,,25,PCC,B,2.6237012928594003,0.0,0.0,0.3179371654987335,1.149999976158142,34.72425106811524,0.2689494490623474
observed_test,v2_2018_420_48h,,25,PCC,C,2.6237012928594003,0.0,0.0,0.3179371654987335,1.149999976158142,34.72425106811524,0.2689494490623474
observed_test,v2_2018_420_48h,,26,PCC,A,2.4875831211508435,0.0,0.0,0.2232462614774704,1.149999976158142,34.72425106811524,0.28191912174224854
observed_test,v2_2018_420_48h,,26,PCC,B,2.4875831211508435,0.0,0.0,0.2232462614774704,1.149999976158142,34.72425106811524,0.28191912174224854
observed_test,v2_2018_420_48h,,26,PCC,C,2.4875831211508435,0.0,0.0,0.2232462614774704,1.149999976158142,34.72425106811524,0.28191912174224854
observed_test,v2_2018_420_48h,,27,PCC,A,2.5452259178952694,0.0,0.0,0.2633455991744995,1.149999976158142,53.24800137329102,0.28874415159225464
observed_test,v2_2018_420_48h,,27,PCC,B,2.5452259178952694,0.0,0.0,0.2633455991744995,1.149999976158142,53.24800137329102,0.28874415159225464
observed_test,v2_2018_420_48h,,27,PCC,C,2.5452259178952694,0.0,0.0,0.2633455991744995,1.149999976158142,53.24800137329102,0.28874415159225464
observed_test,v2_2018_420_48h,,28,PCC,A,2.6066056994782514,0.0,0.0,0.3060445785522461,1.149999976158142,53.24800137329102,0.2743911147117615
observed_test,v2_2018_420_48h,,28,PCC,B,2.6066056994782514,0.0,0.0,0.3060445785522461,1.149999976158142,53.24800137329102,0.2743911147117615
observed_test,v2_2018_420_48h,,28,PCC,C,2.6066056994782514,0.0,0.0,0.3060445785522461,1.149999976158142,53.24800137329102,0.2743911147117615
observed_test,v2_2018_420_48h,,29,PCC,A,2.5763726205374935,0.0,0.0,0.2850128710269928,1.149999976158142,53.24800137329102,0.2756700813770294
observed_test,v2_2018_420_48h,,29,PCC,B,2.5763726205374935,0.0,0.0,0.2850128710269928,1.149999976158142,53.24800137329102,0.2756700813770294
observed_test,v2_2018_420_48h,,29,PCC,C,2.5763726205374935,0.0,0.0,0.2850128710269928,1.149999976158142,53.24800137329102,0.2756700813770294
observed_test,v2_2018_420_48h,,30,PCC,A,2.7605416539868575,0.0,0.007033333307705246,0.4131304621696472,1.149999976158142,121.88174847412108,0.2627776861190796
observed_test,v2_2018_420_48h,,30,PCC,B,2.7605416539868575,0.0,0.007033333307705246,0.4131304621696472,1.149999976158142,121.88174847412108,0.2627776861190796
observed_test,v2_2018_420_48h,,30,PCC,C,2.7605416539868575,0.0,0.007033333307705246,0.4131304621696472,1.149999976158142,121.88174847412108,0.2627776861190796
observed_test,v2_2018_420_48h,,31,PCC,A,3.0129513006293838,0.0,0.044374998945456275,0.5887197852134705,1.149999976158142,121.88174847412108,0.24996161460876465
observed_test,v2_2018_420_48h,,31,PCC,B,3.0129513006293838,0.0,0.044374998945456275,0.5887197852134705,1.149999976158142,121.88174847412108,0.24996161460876465
observed_test,v2_2018_420_48h,,31,PCC,C,3.0129513006293838,0.0,0.044374998945456275,0.5887197852134705,1.149999976158142,121.88174847412108,0.24996161460876465
observed_test,v2_2018_420_48h,,32,PCC,A,2.7649040079514635,0.0,0.07812083483888552,0.41616514325141907,1.149999976158142,121.88174847412108,0.24707892537117004
observed_test,v2_2018_420_48h,,32,PCC,B,2.7649040079514635,0.0,0.07812083483888552,0.41616514325141907,1.149999976158142,121.88174847412108,0.24707892537117004
observed_test,v2_2018_420_48h,,32,PCC,C,2.7649040079514635,0.0,0.07812083483888552,0.41616514325141907,1.149999976158142,121.88174847412108,0.24707892537117004
observed_test,v2_2018_420_48h,,33,PCC,A,2.9051724072175276,0.0,0.1453249930189206,0.5137431621551514,1.149999976158142,121.88174847412108,0.2489013671875
observed_test,v2_2018_420_48h,,33,PCC,B,2.9051724072175276,0.0,0.1453249930189206,0.5137431621551514,1.149999976158142,121.88174847412108,0.2489013671875
observed_test,v2_2018_420_48h,,33,PCC,C,2.9051724072175276,0.0,0.1453249930189206,0.5137431621551514,1.149999976158142,121.88174847412108,0.2489013671875
observed_test,v2_2018_420_48h,,34,PCC,A,2.6904467608222724,0.0,0.14801250340846867,0.3643687963485718,1.149999976158142,53.24800137329102,0.25076907873153687
observed_test,v2_2018_420_48h,,34,PCC,B,2.6904467608222724,0.0,0.14801250340846867,0.3643687963485718,1.149999976158142,53.24800137329102,0.25076907873153687
observed_test,v2_2018_420_48h,,34,PCC,C,2.6904467608222724,0.0,0.14801250340846867,0.3643687963485718,1.149999976158142,53.24800137329102,0.25076907873153687
observed_test,v2_2018_420_48h,,35,PCC,A,2.686130632121376,0.0,0.1259541712128199,0.36136627197265625,1.149999976158142,53.24800137329102,0.25952115654945374
observed_test,v2_2018_420_48h,,35,PCC,B,2.686130632121376,0.0,0.1259541712128199,0.36136627197265625,1.149999976158142,53.24800137329102,0.25952115654945374
observed_test,v2_2018_420_48h,,35,PCC,C,2.686130632121376,0.0,0.1259541712128199,0.36136627197265625,1.149999976158142,53.24800137329102,0.25952115654945374
observed_test,v2_2018_420_48h,,36,PCC,A,2.940481482794702,0.0,0.10593749869328278,0.5383059978485107,1.149999976158142,34.72425106811524,0.27041664719581604
observed_test,v2_2018_420_48h,,36,PCC,B,2.940481482794702,0.0,0.10593749869328278,0.5383059978485107,1.149999976158142,34.72425106811524,0.27041664719581604
observed_test,v2_2018_420_48h,,36,PCC,C,2.940481482794702,0.0,0.10593749869328278,0.5383059978485107,1.149999976158142,34.72425106811524,0.27041664719581604
observed_test,v2_2018_420_48h,,37,PCC,A,3.033735447282245,0.0,0.11478749891886343,0.6031783223152161,1.149999976158142,34.72425106811524,0.2573597729206085
observed_test,v2_2018_420_48h,,37,PCC,B,3.033735447282245,0.0,0.11478749891886343,0.6031783223152161,1.149999976158142,34.72425106811524,0.2573597729206085
observed_test,v2_2018_420_48h,,37,PCC,C,3.033735447282245,0.0,0.11478749891886343,0.6031783223152161,1.149999976158142,34.72425106811524,0.2573597729206085
observed_test,v2_2018_420_48h,,38,PCC,A,3.1232014249141358,0.0,0.13570417291842973,0.6654155254364014,1.149999976158142,34.72425106811524,0.2475329339504242
observed_test,v2_2018_420_48h,,38,PCC,B,3.1232014249141358,0.0,0.13570417291842973,0.6654155254364014,1.149999976158142,34.72425106811524,0.2475329339504242
observed_test,v2_2018_420_48h,,38,PCC,C,3.1232014249141358,0.0,0.13570417291842973,0.6654155254364014,1.149999976158142,34.72425106811524,0.2475329339504242
observed_test,v2_2018_420_48h,,39,PCC,A,2.915610662966831,0.0,0.09556667019541447,0.5210045576095581,1.149999976158142,34.72425106811524,0.24321039021015167
observed_test,v2_2018_420_48h,,39,PCC,B,2.915610662966831,0.0,0.09556667019541447,0.5210045576095581,1.149999976158142,34.72425106811524,0.24321039021015167
observed_test,v2_2018_420_48h,,39,PCC,C,2.915610662966831,0.0,0.09556667019541447,0.5210045576095581,1.149999976158142,34.72425106811524,0.24321039021015167
observed_test,v2_2018_420_48h,,40,PCC,A,2.9761405680146122,0.0,0.1675708362689385,0.5631123185157776,1.149999976158142,53.24800137329102,0.2491816133260727
observed_test,v2_2018_420_48h,,40,PCC,B,2.9761405680146122,0.0,0.1675708362689385,0.5631123185157776,1.149999976158142,53.24800137329102,0.2491816133260727
observed_test,v2_2018_420_48h,,40,PCC,C,2.9761405680146122,0.0,0.1675708362689385,0.5631123185157776,1.149999976158142,53.24800137329102,0.2491816133260727
observed_test,v2_2018_420_48h,,41,PCC,A,2.912059071852747,0.0,0.08465417016011018,0.5185338854789734,1.149999976158142,53.24800137329102,0.2657085955142975
observed_test,v2_2018_420_48h,,41,PCC,B,2.912059071852747,0.0,0.08465417016011018,0.5185338854789734,1.149999976158142,53.24800137329102,0.2657085955142975
observed_test,v2_2018_420_48h,,41,PCC,C,2.912059071852747,0.0,0.08465417016011018,0.5185338854789734,1.149999976158142,53.24800137329102,0.2657085955142975
observed_test,v2_2018_420_48h,,42,PCC,A,2.888165108802557,0.0,0.004045833170843812,0.501911997795105,1.149999976158142,53.24800137329102,0.28442761301994324
observed_test,v2_2018_420_48h,,42,PCC,B,2.888165108802557,0.0,0.004045833170843812,0.501911997795105,1.149999976158142,53.24800137329102,0.28442761301994324
observed_test,v2_2018_420_48h,,42,PCC,C,2.888165108802557,0.0,0.004045833170843812,0.501911997795105,1.149999976158142,53.24800137329102,0.28442761301994324
observed_test,v2_2018_420_48h,,43,PCC,A,2.9849615821466244,0.0,0.0,0.5692486763000488,1.149999976158142,53.24800137329102,0.30174151062965393
observed_test,v2_2018_420_48h,,43,PCC,B,2.9849615821466244,0.0,0.0,0.5692486763000488,1.149999976158142,53.24800137329102,0.30174151062965393
observed_test,v2_2018_420_48h,,43,PCC,C,2.9849615821466244,0.0,0.0,0.5692486763000488,1.149999976158142,53.24800137329102,0.30174151062965393
observed_test,v2_2018_420_48h,,44,PCC,A,2.825617614510635,0.0,0.0,0.458400696516037,1.149999976158142,53.24800137329102,0.31503793597221375
observed_test,v2_2018_420_48h,,44,PCC,B,2.825617614510635,0.0,0.0,0.458400696516037,1.149999976158142,53.24800137329102,0.31503793597221375
observed_test,v2_2018_420_48h,,44,PCC,C,2.825617614510635,0.0,0.0,0.458400696516037,1.149999976158142,53.24800137329102,0.31503793597221375
observed_test,v2_2018_420_48h,,45,PCC,A,2.740638571998929,0.0,0.0,0.39928483963012695,1.149999976158142,53.24800137329102,0.3256334662437439
observed_test,v2_2018_420_48h,,45,PCC,B,2.740638571998929,0.0,0.0,0.39928483963012695,1.149999976158142,53.24800137329102,0.3256334662437439
observed_test,v2_2018_420_48h,,45,PCC,C,2.740638571998929,0.0,0.0,0.39928483963012695,1.149999976158142,53.24800137329102,0.3256334662437439
observed_test,v2_2018_420_48h,,46,PCC,A,2.689500792288461,0.0,0.0,0.3637107312679291,1.149999976158142,53.24800137329102,0.3141850531101227
observed_test,v2_2018_420_48h,,46,PCC,B,2.689500792288461,0.0,0.0,0.3637107312679291,1.149999976158142,53.24800137329102,0.3141850531101227
observed_test,v2_2018_420_48h,,46,PCC,C,2.689500792288461,0.0,0.0,0.3637107312679291,1.149999976158142,53.24800137329102,0.3141850531101227
observed_test,v2_2018_420_48h,,47,PCC,A,2.666340906989589,0.0,0.0,0.34759950637817383,1.149999976158142,53.24800137329102,0.30580610036849976
observed_test,v2_2018_420_48h,,47,PCC,B,2.666340906989589,0.0,0.0,0.34759950637817383,1.149999976158142,53.24800137329102,0.30580610036849976
observed_test,v2_2018_420_48h,,47,PCC,C,2.666340906989589,0.0,0.0,0.34759950637817383,1.149999976158142,53.24800137329102,0.30580610036849976
observed_test,v2_2018_517_48h,,0,PCC,A,2.589738233557025,0.0,0.0,0.29431068897247314,1.149999976158142,53.24800137329102,0.31878119707107544
observed_test,v2_2018_517_48h,,0,PCC,B,2.589738233557025,0.0,0.0,0.29431068897247314,1.149999976158142,53.24800137329102,0.31878119707107544
observed_test,v2_2018_517_48h,,0,PCC,C,2.589738233557025,0.0,0.0,0.29431068897247314,1.149999976158142,53.24800137329102,0.31878119707107544
observed_test,v2_2018_517_48h,,1,PCC,A,2.6237012928594003,0.0,0.0,0.3179371654987335,1.149999976158142,53.24800137329102,0.32118916511535645
observed_test,v2_2018_517_48h,,1,PCC,B,2.6237012928594003,0.0,0.0,0.3179371654987335,1.149999976158142,53.24800137329102,0.32118916511535645
observed_test,v2_2018_517_48h,,1,PCC,C,2.6237012928594003,0.0,0.0,0.3179371654987335,1.149999976158142,53.24800137329102,0.32118916511535645
observed_test,v2_2018_517_48h,,2,PCC,A,2.4875831211508435,0.0,0.0,0.2232462614774704,1.149999976158142,53.24800137329102,0.33704617619514465
observed_test,v2_2018_517_48h,,2,PCC,B,2.4875831211508435,0.0,0.0,0.2232462614774704,1.149999976158142,53.24800137329102,0.33704617619514465
observed_test,v2_2018_517_48h,,2,PCC,C,2.4875831211508435,0.0,0.0,0.2232462614774704,1.149999976158142,53.24800137329102,0.33704617619514465
observed_test,v2_2018_517_48h,,3,PCC,A,2.5452259178952694,0.0,0.0,0.2633455991744995,1.149999976158142,53.24800137329102,0.3459780812263489
observed_test,v2_2018_517_48h,,3,PCC,B,2.5452259178952694,0.0,0.0,0.2633455991744995,1.149999976158142,53.24800137329102,0.3459780812263489
observed_test,v2_2018_517_48h,,3,PCC,C,2.5452259178952694,0.0,0.0,0.2633455991744995,1.149999976158142,53.24800137329102,0.3459780812263489
observed_test,v2_2018_517_48h,,4,PCC,A,2.6066056994782514,0.0,0.0,0.3060445785522461,1.149999976158142,53.24800137329102,0.317017138004303
observed_test,v2_2018_517_48h,,4,PCC,B,2.6066056994782514,0.0,0.0,0.3060445785522461,1.149999976158142,53.24800137329102,0.317017138004303
observed_test,v2_2018_517_48h,,4,PCC,C,2.6066056994782514,0.0,0.0,0.3060445785522461,1.149999976158142,53.24800137329102,0.317017138004303
observed_test,v2_2018_517_48h,,5,PCC,A,2.5763726205374935,0.0,0.0,0.2850128710269928,1.149999976158142,53.24800137329102,0.2949502170085907
observed_test,v2_2018_517_48h,,5,PCC,B,2.5763726205374935,0.0,0.0,0.2850128710269928,1.149999976158142,53.24800137329102,0.2949502170085907
observed_test,v2_2018_517_48h,,5,PCC,C,2.5763726205374935,0.0,0.0,0.2850128710269928,1.149999976158142,53.24800137329102,0.2949502170085907
observed_test,v2_2018_517_48h,,6,PCC,A,2.7605416539868575,0.0,0.0,0.4131304621696472,1.149999976158142,53.24800137329102,0.2756158411502838
observed_test,v2_2018_517_48h,,6,PCC,B,2.7605416539868575,0.0,0.0,0.4131304621696472,1.149999976158142,53.24800137329102,0.2756158411502838
observed_test,v2_2018_517_48h,,6,PCC,C,2.7605416539868575,0.0,0.0,0.4131304621696472,1.149999976158142,53.24800137329102,0.2756158411502838
observed_test,v2_2018_517_48h,,7,PCC,A,3.0129513006293838,0.0,0.19284582768495265,0.5887197852134705,1.149999976158142,53.24800137329102,0.2672480344772339
observed_test,v2_2018_517_48h,,7,PCC,B,3.0129513006293838,0.0,0.19284582768495265,0.5887197852134705,1.149999976158142,53.24800137329102,0.2672480344772339
observed_test,v2_2018_517_48h,,7,PCC,C,3.0129513006293838,0.0,0.19284582768495265,0.5887197852134705,1.149999976158142,53.24800137329102,0.2672480344772339
observed_test,v2_2018_517_48h,,8,PCC,A,2.7649040079514635,0.0,0.6171041383193089,0.41616514325141907,1.149999976158142,53.24800137329102,0.2666736841201782
observed_test,v2_2018_517_48h,,8,PCC,B,2.7649040079514635,0.0,0.6171041383193089,0.41616514325141907,1.149999976158142,53.24800137329102,0.2666736841201782
observed_test,v2_2018_517_48h,,8,PCC,C,2.7649040079514635,0.0,0.6171041383193089,0.41616514325141907,1.149999976158142,53.24800137329102,0.2666736841201782
observed_test,v2_2018_517_48h,,9,PCC,A,2.9051724072175276,0.0,0.9328333231119008,0.5137431621551514,1.149999976158142,53.24800137329102,0.27404993772506714
observed_test,v2_2018_517_48h,,9,PCC,B,2.9051724072175276,0.0,0.9328333231119008,0.5137431621551514,1.149999976158142,53.24800137329102,0.27404993772506714
observed_test,v2_2018_517_48h,,9,PCC,C,2.9051724072175276,0.0,0.9328333231119008,0.5137431621551514,1.149999976158142,53.24800137329102,0.27404993772506714
observed_test,v2_2018_517_48h,,10,PCC,A,2.6904467608222724,0.0,1.128175052312704,0.3643687963485718,1.149999976158142,53.24800137329102,0.28345242142677307
observed_test,v2_2018_517_48h,,10,PCC,B,2.6904467608222724,0.0,1.128175052312704,0.3643687963485718,1.149999976158142,53.24800137329102,0.28345242142677307
observed_test,v2_2018_517_48h,,10,PCC,C,2.6904467608222724,0.0,1.128175052312704,0.3643687963485718,1.149999976158142,53.24800137329102,0.28345242142677307
observed_test,v2_2018_517_48h,,11,PCC,A,2.686130632121376,0.0,1.2329041957855222,0.36136627197265625,1.149999976158142,53.24800137329102,0.31401392817497253
observed_test,v2_2018_517_48h,,11,PCC,B,2.686130632121376,0.0,1.2329041957855222,0.36136627197265625,1.149999976158142,53.24800137329102,0.31401392817497253
observed_test,v2_2018_517_48h,,11,PCC,C,2.686130632121376,0.0,1.2329041957855222,0.36136627197265625,1.149999976158142,53.24800137329102,0.31401392817497253
observed_test,v2_2018_517_48h,,12,PCC,A,2.940481482794702,0.0,1.240691657249744,0.5383059978485107,1.149999976158142,53.24800137329102,0.33215922117233276
observed_test,v2_2018_517_48h,,12,PCC,B,2.940481482794702,0.0,1.240691657249744,0.5383059978485107,1.149999976158142,53.24800137329102,0.33215922117233276
observed_test,v2_2018_517_48h,,12,PCC,C,2.940481482794702,0.0,1.240691657249744,0.5383059978485107,1.149999976158142,53.24800137329102,0.33215922117233276
observed_test,v2_2018_517_48h,,13,PCC,A,3.033735447282245,0.0,1.1512124767670264,0.6031783223152161,1.149999976158142,53.24800137329102,0.34412243962287903
observed_test,v2_2018_517_48h,,13,PCC,B,3.033735447282245,0.0,1.1512124767670264,0.6031783223152161,1.149999976158142,53.24800137329102,0.34412243962287903
observed_test,v2_2018_517_48h,,13,PCC,C,3.033735447282245,0.0,1.1512124767670264,0.6031783223152161,1.149999976158142,53.24800137329102,0.34412243962287903
observed_test,v2_2018_517_48h,,14,PCC,A,3.1232014249141358,0.0,0.9769875269669752,0.6654155254364014,1.149999976158142,53.24800137329102,0.3076339364051819
observed_test,v2_2018_517_48h,,14,PCC,B,3.1232014249141358,0.0,0.9769875269669752,0.6654155254364014,1.149999976158142,53.24800137329102,0.3076339364051819
observed_test,v2_2018_517_48h,,14,PCC,C,3.1232014249141358,0.0,0.9769875269669752,0.6654155254364014,1.149999976158142,53.24800137329102,0.3076339364051819
observed_test,v2_2018_517_48h,,15,PCC,A,2.915610662966831,0.0,0.712874990243178,0.5210045576095581,1.149999976158142,53.24800137329102,0.2615348994731903
observed_test,v2_2018_517_48h,,15,PCC,B,2.915610662966831,0.0,0.712874990243178,0.5210045576095581,1.149999976158142,53.24800137329102,0.2615348994731903
observed_test,v2_2018_517_48h,,15,PCC,C,2.915610662966831,0.0,0.712874990243178,0.5210045576095581,1.149999976158142,53.24800137329102,0.2615348994731903
observed_test,v2_2018_517_48h,,16,PCC,A,2.9761405680146122,0.0,0.34545416442247534,0.5631123185157776,1.149999976158142,53.24800137329102,0.24569140374660492
observed_test,v2_2018_517_48h,,16,PCC,B,2.9761405680146122,0.0,0.34545416442247534,0.5631123185157776,1.149999976158142,53.24800137329102,0.24569140374660492
observed_test,v2_2018_517_48h,,16,PCC,C,2.9761405680146122,0.0,0.34545416442247534,0.5631123185157776,1.149999976158142,53.24800137329102,0.24569140374660492
observed_test,v2_2018_517_48h,,17,PCC,A,2.912059071852747,0.0,0.012487499938847927,0.5185338854789734,1.149999976158142,53.24800137329102,0.2300431877374649
observed_test,v2_2018_517_48h,,17,PCC,B,2.912059071852747,0.0,0.012487499938847927,0.5185338854789734,1.149999976158142,53.24800137329102,0.2300431877374649
observed_test,v2_2018_517_48h,,17,PCC,C,2.912059071852747,0.0,0.012487499938847927,0.5185338854789734,1.149999976158142,53.24800137329102,0.2300431877374649
observed_test,v2_2018_517_48h,,18,PCC,A,2.888165108802557,0.0,0.0,0.501911997795105,1.149999976158142,53.24800137329102,0.22895246744155884
observed_test,v2_2018_517_48h,,18,PCC,B,2.888165108802557,0.0,0.0,0.501911997795105,1.149999976158142,53.24800137329102,0.22895246744155884
observed_test,v2_2018_517_48h,,18,PCC,C,2.888165108802557,0.0,0.0,0.501911997795105,1.149999976158142,53.24800137329102,0.22895246744155884
observed_test,v2_2018_517_48h,,19,PCC,A,2.9849615821466244,0.0,0.0,0.5692486763000488,1.149999976158142,53.24800137329102,0.24547912180423737
observed_test,v2_2018_517_48h,,19,PCC,B,2.9849615821466244,0.0,0.0,0.5692486763000488,1.149999976158142,53.24800137329102,0.24547912180423737
observed_test,v2_2018_517_48h,,19,PCC,C,2.9849615821466244,0.0,0.0,0.5692486763000488,1.149999976158142,53.24800137329102,0.24547912180423737
observed_test,v2_2018_517_48h,,20,PCC,A,2.825617614510635,0.0,0.0,0.458400696516037,1.149999976158142,53.24800137329102,0.2775125801563263
observed_test,v2_2018_517_48h,,20,PCC,B,2.825617614510635,0.0,0.0,0.458400696516037,1.149999976158142,53.24800137329102,0.2775125801563263
observed_test,v2_2018_517_48h,,20,PCC,C,2.825617614510635,0.0,0.0,0.458400696516037,1.149999976158142,53.24800137329102,0.2775125801563263
observed_test,v2_2018_517_48h,,21,PCC,A,2.740638571998929,0.0,0.0,0.39928483963012695,1.149999976158142,53.24800137329102,0.329254686832428
observed_test,v2_2018_517_48h,,21,PCC,B,2.740638571998929,0.0,0.0,0.39928483963012695,1.149999976158142,53.24800137329102,0.329254686832428
observed_test,v2_2018_517_48h,,21,PCC,C,2.740638571998929,0.0,0.0,0.39928483963012695,1.149999976158142,53.24800137329102,0.329254686832428
observed_test,v2_2018_517_48h,,22,PCC,A,2.689500792288461,0.0,0.0,0.3637107312679291,1.149999976158142,53.24800137329102,0.34110918641090393
observed_test,v2_2018_517_48h,,22,PCC,B,2.689500792288461,0.0,0.0,0.3637107312679291,1.149999976158142,53.24800137329102,0.34110918641090393
observed_test,v2_2018_517_48h,,22,PCC,C,2.689500792288461,0.0,0.0,0.3637107312679291,1.149999976158142,53.24800137329102,0.34110918641090393
observed_test,v2_2018_517_48h,,23,PCC,A,2.666340906989589,0.0,0.0,0.34759950637817383,1.149999976158142,53.24800137329102,0.32101884484291077
observed_test,v2_2018_517_48h,,23,PCC,B,2.666340906989589,0.0,0.0,0.34759950637817383,1.149999976158142,53.24800137329102,0.32101884484291077
observed_test,v2_2018_517_48h,,23,PCC,C,2.666340906989589,0.0,0.0,0.34759950637817383,1.149999976158142,53.24800137329102,0.32101884484291077
observed_test,v2_2018_517_48h,,24,PCC,A,2.589738233557025,0.0,0.0,0.29431068897247314,1.149999976158142,53.24800137329102,0.32471373677253723
observed_test,v2_2018_517_48h,,24,PCC,B,2.589738233557025,0.0,0.0,0.29431068897247314,1.149999976158142,53.24800137329102,0.32471373677253723
observed_test,v2_2018_517_48h,,24,PCC,C,2.589738233557025,0.0,0.0,0.29431068897247314,1.149999976158142,53.24800137329102,0.32471373677253723
observed_test,v2_2018_517_48h,,25,PCC,A,2.6237012928594003,0.0,0.0,0.3179371654987335,1.149999976158142,53.24800137329102,0.31471502780914307
observed_test,v2_2018_517_48h,,25,PCC,B,2.6237012928594003,0.0,0.0,0.3179371654987335,1.149999976158142,53.24800137329102,0.31471502780914307
observed_test,v2_2018_517_48h,,25,PCC,C,2.6237012928594003,0.0,0.0,0.3179371654987335,1.149999976158142,53.24800137329102,0.31471502780914307
observed_test,v2_2018_517_48h,,26,PCC,A,2.4875831211508435,0.0,0.0,0.2232462614774704,1.149999976158142,53.24800137329102,0.3117430806159973
observed_test,v2_2018_517_48h,,26,PCC,B,2.4875831211508435,0.0,0.0,0.2232462614774704,1.149999976158142,53.24800137329102,0.3117430806159973
observed_test,v2_2018_517_48h,,26,PCC,C,2.4875831211508435,0.0,0.0,0.2232462614774704,1.149999976158142,53.24800137329102,0.3117430806159973
observed_test,v2_2018_517_48h,,27,PCC,A,2.5452259178952694,0.0,0.0,0.2633455991744995,1.149999976158142,53.24800137329102,0.32513874769210815
observed_test,v2_2018_517_48h,,27,PCC,B,2.5452259178952694,0.0,0.0,0.2633455991744995,1.149999976158142,53.24800137329102,0.32513874769210815
observed_test,v2_2018_517_48h,,27,PCC,C,2.5452259178952694,0.0,0.0,0.2633455991744995,1.149999976158142,53.24800137329102,0.32513874769210815
observed_test,v2_2018_517_48h,,28,PCC,A,2.6066056994782514,0.0,0.0,0.3060445785522461,1.149999976158142,53.24800137329102,0.3000279366970062
observed_test,v2_2018_517_48h,,28,PCC,B,2.6066056994782514,0.0,0.0,0.3060445785522461,1.149999976158142,53.24800137329102,0.3000279366970062
observed_test,v2_2018_517_48h,,28,PCC,C,2.6066056994782514,0.0,0.0,0.3060445785522461,1.149999976158142,53.24800137329102,0.3000279366970062
observed_test,v2_2018_517_48h,,29,PCC,A,2.5763726205374935,0.0,0.0,0.2850128710269928,1.149999976158142,53.24800137329102,0.268724262714386
observed_test,v2_2018_517_48h,,29,PCC,B,2.5763726205374935,0.0,0.0,0.2850128710269928,1.149999976158142,53.24800137329102,0.268724262714386
observed_test,v2_2018_517_48h,,29,PCC,C,2.5763726205374935,0.0,0.0,0.2850128710269928,1.149999976158142,53.24800137329102,0.268724262714386
observed_test,v2_2018_517_48h,,30,PCC,A,2.7605416539868575,0.0,0.0,0.4131304621696472,1.149999976158142,53.24800137329102,0.2541307210922241
observed_test,v2_2018_517_48h,,30,PCC,B,2.7605416539868575,0.0,0.0,0.4131304621696472,1.149999976158142,53.24800137329102,0.2541307210922241
observed_test,v2_2018_517_48h,,30,PCC,C,2.7605416539868575,0.0,0.0,0.4131304621696472,1.149999976158142,53.24800137329102,0.2541307210922241
observed_test,v2_2018_517_48h,,31,PCC,A,3.0129513006293838,0.0,0.19042916022814235,0.5887197852134705,1.149999976158142,53.24800137329102,0.24084439873695374
observed_test,v2_2018_517_48h,,31,PCC,B,3.0129513006293838,0.0,0.19042916022814235,0.5887197852134705,1.149999976158142,53.24800137329102,0.24084439873695374
observed_test,v2_2018_517_48h,,31,PCC,C,3.0129513006293838,0.0,0.19042916022814235,0.5887197852134705,1.149999976158142,53.24800137329102,0.24084439873695374
observed_test,v2_2018_517_48h,,32,PCC,A,2.7649040079514635,0.0,0.6126333314638871,0.41616514325141907,1.149999976158142,53.24800137329102,0.23771071434020996
observed_test,v2_2018_517_48h,,32,PCC,B,2.7649040079514635,0.0,0.6126333314638871,0.41616514325141907,1.149999976158142,53.24800137329102,0.23771071434020996
observed_test,v2_2018_517_48h,,32,PCC,C,2.7649040079514635,0.0,0.6126333314638871,0.41616514325141907,1.149999976158142,53.24800137329102,0.23771071434020996
observed_test,v2_2018_517_48h,,33,PCC,A,2.9051724072175276,0.0,0.9181874875838939,0.5137431621551514,1.149999976158142,53.24800137329102,0.23814091086387634
observed_test,v2_2018_517_48h,,33,PCC,B,2.9051724072175276,0.0,0.9181874875838939,0.5137431621551514,1.149999976158142,53.24800137329102,0.23814091086387634
observed_test,v2_2018_517_48h,,33,PCC,C,2.9051724072175276,0.0,0.9181874875838939,0.5137431621551514,1.149999976158142,53.24800137329102,0.23814091086387634
observed_test,v2_2018_517_48h,,34,PCC,A,2.6904467608222724,0.0,1.1087750013058002,0.3643687963485718,1.149999976158142,53.24800137329102,0.24649514257907867
observed_test,v2_2018_517_48h,,34,PCC,B,2.6904467608222724,0.0,1.1087750013058002,0.3643687963485718,1.149999976158142,53.24800137329102,0.24649514257907867
observed_test,v2_2018_517_48h,,34,PCC,C,2.6904467608222724,0.0,1.1087750013058002,0.3643687963485718,1.149999976158142,53.24800137329102,0.24649514257907867
observed_test,v2_2018_517_48h,,35,PCC,A,2.686130632121376,0.0,1.199599985892956,0.36136627197265625,1.149999976158142,53.24800137329102,0.28050360083580017
observed_test,v2_2018_517_48h,,35,PCC,B,2.686130632121376,0.0,1.199599985892956,0.36136627197265625,1.149999976158142,53.24800137329102,0.28050360083580017
observed_test,v2_2018_517_48h,,35,PCC,C,2.686130632121376,0.0,1.199599985892956,0.36136627197265625,1.149999976158142,53.24800137329102,0.28050360083580017
observed_test,v2_2018_517_48h,,36,PCC,A,2.940481482794702,0.0,1.124812547977154,0.5383059978485107,1.149999976158142,53.24800137329102,0.29443758726119995
observed_test,v2_2018_517_48h,,36,PCC,B,2.940481482794702,0.0,1.124812547977154,0.5383059978485107,1.149999976158142,53.24800137329102,0.29443758726119995
observed_test,v2_2018_517_48h,,36,PCC,C,2.940481482794702,0.0,1.124812547977154,0.5383059978485107,1.149999976158142,53.24800137329102,0.29443758726119995
observed_test,v2_2018_517_48h,,37,PCC,A,3.033735447282245,0.0,0.8060166468987098,0.6031783223152161,1.149999976158142,53.24800137329102,0.30015167593955994
observed_test,v2_2018_517_48h,,37,PCC,B,3.033735447282245,0.0,0.8060166468987098,0.6031783223152161,1.149999976158142,53.24800137329102,0.30015167593955994
observed_test,v2_2018_517_48h,,37,PCC,C,3.033735447282245,0.0,0.8060166468987098,0.6031783223152161,1.149999976158142,53.24800137329102,0.30015167593955994
observed_test,v2_2018_517_48h,,38,PCC,A,3.1232014249141358,0.0,0.5883000217951261,0.6654155254364014,1.149999976158142,53.24800137329102,0.29042699933052063
observed_test,v2_2018_517_48h,,38,PCC,B,3.1232014249141358,0.0,0.5883000217951261,0.6654155254364014,1.149999976158142,53.24800137329102,0.29042699933052063
observed_test,v2_2018_517_48h,,38,PCC,C,3.1232014249141358,0.0,0.5883000217951261,0.6654155254364014,1.149999976158142,53.24800137329102,0.29042699933052063
observed_test,v2_2018_517_48h,,39,PCC,A,2.915610662966831,0.0,0.3981916663738397,0.5210045576095581,1.149999976158142,53.24800137329102,0.2548181116580963
observed_test,v2_2018_517_48h,,39,PCC,B,2.915610662966831,0.0,0.3981916663738397,0.5210045576095581,1.149999976158142,53.24800137329102,0.2548181116580963
observed_test,v2_2018_517_48h,,39,PCC,C,2.915610662966831,0.0,0.3981916663738397,0.5210045576095581,1.149999976158142,53.24800137329102,0.2548181116580963
observed_test,v2_2018_517_48h,,40,PCC,A,2.9761405680146122,0.0,0.18224999881707704,0.5631123185157776,1.149999976158142,53.24800137329102,0.24578242003917694
observed_test,v2_2018_517_48h,,40,PCC,B,2.9761405680146122,0.0,0.18224999881707704,0.5631123185157776,1.149999976158142,53.24800137329102,0.24578242003917694
observed_test,v2_2018_517_48h,,40,PCC,C,2.9761405680146122,0.0,0.18224999881707704,0.5631123185157776,1.149999976158142,53.24800137329102,0.24578242003917694
observed_test,v2_2018_517_48h,,41,PCC,A,2.912059071852747,0.0,0.0,0.5185338854789734,1.149999976158142,53.24800137329102,0.25222280621528625
observed_test,v2_2018_517_48h,,41,PCC,B,2.912059071852747,0.0,0.0,0.5185338854789734,1.149999976158142,53.24800137329102,0.25222280621528625
observed_test,v2_2018_517_48h,,41,PCC,C,2.912059071852747,0.0,0.0,0.5185338854789734,1.149999976158142,53.24800137329102,0.25222280621528625
observed_test,v2_2018_517_48h,,42,PCC,A,2.888165108802557,0.0,0.0,0.501911997795105,1.149999976158142,53.24800137329102,0.260084331035614
observed_test,v2_2018_517_48h,,42,PCC,B,2.888165108802557,0.0,0.0,0.501911997795105,1.149999976158142,53.24800137329102,0.260084331035614
observed_test,v2_2018_517_48h,,42,PCC,C,2.888165108802557,0.0,0.0,0.501911997795105,1.149999976158142,53.24800137329102,0.260084331035614
observed_test,v2_2018_517_48h,,43,PCC,A,2.9849615821466244,0.0,0.0,0.5692486763000488,1.149999976158142,53.24800137329102,0.2643398344516754
observed_test,v2_2018_517_48h,,43,PCC,B,2.9849615821466244,0.0,0.0,0.5692486763000488,1.149999976158142,53.24800137329102,0.2643398344516754
observed_test,v2_2018_517_48h,,43,PCC,C,2.9849615821466244,0.0,0.0,0.5692486763000488,1.149999976158142,53.24800137329102,0.2643398344516754
observed_test,v2_2018_517_48h,,44,PCC,A,2.825617614510635,0.0,0.0,0.458400696516037,1.149999976158142,53.24800137329102,0.2837200462818146
observed_test,v2_2018_517_48h,,44,PCC,B,2.825617614510635,0.0,0.0,0.458400696516037,1.149999976158142,53.24800137329102,0.2837200462818146
observed_test,v2_2018_517_48h,,44,PCC,C,2.825617614510635,0.0,0.0,0.458400696516037,1.149999976158142,53.24800137329102,0.2837200462818146
observed_test,v2_2018_517_48h,,45,PCC,A,2.740638571998929,0.0,0.0,0.39928483963012695,1.149999976158142,53.24800137329102,0.2888736426830292
observed_test,v2_2018_517_48h,,45,PCC,B,2.740638571998929,0.0,0.0,0.39928483963012695,1.149999976158142,53.24800137329102,0.2888736426830292
observed_test,v2_2018_517_48h,,45,PCC,C,2.740638571998929,0.0,0.0,0.39928483963012695,1.149999976158142,53.24800137329102,0.2888736426830292
observed_test,v2_2018_517_48h,,46,PCC,A,2.689500792288461,0.0,0.0,0.3637107312679291,1.149999976158142,53.24800137329102,0.2947838306427002
observed_test,v2_2018_517_48h,,46,PCC,B,2.689500792288461,0.0,0.0,0.3637107312679291,1.149999976158142,53.24800137329102,0.2947838306427002
observed_test,v2_2018_517_48h,,46,PCC,C,2.689500792288461,0.0,0.0,0.3637107312679291,1.149999976158142,53.24800137329102,0.2947838306427002
observed_test,v2_2018_517_48h,,47,PCC,A,2.666340906989589,0.0,0.0,0.34759950637817383,1.149999976158142,53.24800137329102,0.2996383309364319
observed_test,v2_2018_517_48h,,47,PCC,B,2.666340906989589,0.0,0.0,0.34759950637817383,1.149999976158142,53.24800137329102,0.2996383309364319
observed_test,v2_2018_517_48h,,47,PCC,C,2.666340906989589,0.0,0.0,0.34759950637817383,1.149999976158142,53.24800137329102,0.2996383309364319
observed_test,v2_2018_377_48h,,0,PCC,A,2.589738233557025,0.0,0.0,0.29431068897247314,1.149999976158142,53.24800137329102,0.2552769184112549
observed_test,v2_2018_377_48h,,0,PCC,B,2.589738233557025,0.0,0.0,0.29431068897247314,1.149999976158142,53.24800137329102,0.2552769184112549
observed_test,v2_2018_377_48h,,0,PCC,C,2.589738233557025,0.0,0.0,0.29431068897247314,1.149999976158142,53.24800137329102,0.2552769184112549
observed_test,v2_2018_377_48h,,1,PCC,A,2.6237012928594003,0.0,0.0,0.3179371654987335,1.149999976158142,53.24800137329102,0.24249781668186188
observed_test,v2_2018_377_48h,,1,PCC,B,2.6237012928594003,0.0,0.0,0.3179371654987335,1.149999976158142,53.24800137329102,0.24249781668186188
observed_test,v2_2018_377_48h,,1,PCC,C,2.6237012928594003,0.0,0.0,0.3179371654987335,1.149999976158142,53.24800137329102,0.24249781668186188
observed_test,v2_2018_377_48h,,2,PCC,A,2.4875831211508435,0.0,0.0,0.2232462614774704,1.149999976158142,53.24800137329102,0.23059232532978058
observed_test,v2_2018_377_48h,,2,PCC,B,2.4875831211508435,0.0,0.0,0.2232462614774704,1.149999976158142,53.24800137329102,0.23059232532978058
observed_test,v2_2018_377_48h,,2,PCC,C,2.4875831211508435,0.0,0.0,0.2232462614774704,1.149999976158142,53.24800137329102,0.23059232532978058
observed_test,v2_2018_377_48h,,3,PCC,A,2.5452259178952694,0.0,0.0,0.2633455991744995,1.149999976158142,53.24800137329102,0.2377040535211563
observed_test,v2_2018_377_48h,,3,PCC,B,2.5452259178952694,0.0,0.0,0.2633455991744995,1.149999976158142,53.24800137329102,0.2377040535211563
observed_test,v2_2018_377_48h,,3,PCC,C,2.5452259178952694,0.0,0.0,0.2633455991744995,1.149999976158142,53.24800137329102,0.2377040535211563
observed_test,v2_2018_377_48h,,4,PCC,A,2.6066056994782514,0.0,0.0,0.3060445785522461,1.149999976158142,53.24800137329102,0.2289513200521469
observed_test,v2_2018_377_48h,,4,PCC,B,2.6066056994782514,0.0,0.0,0.3060445785522461,1.149999976158142,53.24800137329102,0.2289513200521469
observed_test,v2_2018_377_48h,,4,PCC,C,2.6066056994782514,0.0,0.0,0.3060445785522461,1.149999976158142,53.24800137329102,0.2289513200521469
observed_test,v2_2018_377_48h,,5,PCC,A,2.5763726205374935,0.0,0.0,0.2850128710269928,1.149999976158142,53.24800137329102,0.21800385415554047
observed_test,v2_2018_377_48h,,5,PCC,B,2.5763726205374935,0.0,0.0,0.2850128710269928,1.149999976158142,53.24800137329102,0.21800385415554047
observed_test,v2_2018_377_48h,,5,PCC,C,2.5763726205374935,0.0,0.0,0.2850128710269928,1.149999976158142,53.24800137329102,0.21800385415554047
observed_test,v2_2018_377_48h,,6,PCC,A,2.7605416539868575,0.0,0.0,0.4131304621696472,1.149999976158142,53.24800137329102,0.21434752643108368
observed_test,v2_2018_377_48h,,6,PCC,B,2.7605416539868575,0.0,0.0,0.4131304621696472,1.149999976158142,53.24800137329102,0.21434752643108368
observed_test,v2_2018_377_48h,,6,PCC,C,2.7605416539868575,0.0,0.0,0.4131304621696472,1.149999976158142,53.24800137329102,0.21434752643108368
observed_test,v2_2018_377_48h,,7,PCC,A,3.0129513006293838,0.0,0.0,0.5887197852134705,1.149999976158142,53.24800137329102,0.2161334902048111
observed_test,v2_2018_377_48h,,7,PCC,B,3.0129513006293838,0.0,0.0,0.5887197852134705,1.149999976158142,53.24800137329102,0.2161334902048111
observed_test,v2_2018_377_48h,,7,PCC,C,3.0129513006293838,0.0,0.0,0.5887197852134705,1.149999976158142,53.24800137329102,0.2161334902048111
observed_test,v2_2018_377_48h,,8,PCC,A,2.7649040079514635,0.0,0.057791667775465884,0.41616514325141907,1.149999976158142,53.24800137329102,0.2175157368183136
observed_test,v2_2018_377_48h,,8,PCC,B,2.7649040079514635,0.0,0.057791667775465884,0.41616514325141907,1.149999976158142,53.24800137329102,0.2175157368183136
observed_test,v2_2018_377_48h,,8,PCC,C,2.7649040079514635,0.0,0.057791667775465884,0.41616514325141907,1.149999976158142,53.24800137329102,0.2175157368183136
observed_test,v2_2018_377_48h,,9,PCC,A,2.9051724072175276,0.0,0.11622083301727587,0.5137431621551514,1.149999976158142,53.24800137329102,0.21590104699134827
observed_test,v2_2018_377_48h,,9,PCC,B,2.9051724072175276,0.0,0.11622083301727587,0.5137431621551514,1.149999976158142,53.24800137329102,0.21590104699134827
observed_test,v2_2018_377_48h,,9,PCC,C,2.9051724072175276,0.0,0.11622083301727587,0.5137431621551514,1.149999976158142,53.24800137329102,0.21590104699134827
observed_test,v2_2018_377_48h,,10,PCC,A,2.6904467608222724,0.0,0.12700000347999427,0.3643687963485718,1.149999976158142,53.24800137329102,0.2196018546819687
observed_test,v2_2018_377_48h,,10,PCC,B,2.6904467608222724,0.0,0.12700000347999427,0.3643687963485718,1.149999976158142,53.24800137329102,0.2196018546819687
observed_test,v2_2018_377_48h,,10,PCC,C,2.6904467608222724,0.0,0.12700000347999427,0.3643687963485718,1.149999976158142,53.24800137329102,0.2196018546819687
observed_test,v2_2018_377_48h,,11,PCC,A,2.686130632121376,0.0,0.1515749985208878,0.36136627197265625,1.149999976158142,53.24800137329102,0.22375181317329407
observed_test,v2_2018_377_48h,,11,PCC,B,2.686130632121376,0.0,0.1515749985208878,0.36136627197265625,1.149999976158142,53.24800137329102,0.22375181317329407
observed_test,v2_2018_377_48h,,11,PCC,C,2.686130632121376,0.0,0.1515749985208878,0.36136627197265625,1.149999976158142,53.24800137329102,0.22375181317329407
observed_test,v2_2018_377_48h,,12,PCC,A,2.940481482794702,0.0,0.19761666368979672,0.5383059978485107,1.149999976158142,53.24800137329102,0.2448161393404007
observed_test,v2_2018_377_48h,,12,PCC,B,2.940481482794702,0.0,0.19761666368979672,0.5383059978485107,1.149999976158142,53.24800137329102,0.2448161393404007
observed_test,v2_2018_377_48h,,12,PCC,C,2.940481482794702,0.0,0.19761666368979672,0.5383059978485107,1.149999976158142,53.24800137329102,0.2448161393404007
observed_test,v2_2018_377_48h,,13,PCC,A,3.033735447282245,0.0,0.14528749653926262,0.6031783223152161,1.149999976158142,53.24800137329102,0.25808030366897583
observed_test,v2_2018_377_48h,,13,PCC,B,3.033735447282245,0.0,0.14528749653926262,0.6031783223152161,1.149999976158142,53.24800137329102,0.25808030366897583
observed_test,v2_2018_377_48h,,13,PCC,C,3.033735447282245,0.0,0.14528749653926262,0.6031783223152161,1.149999976158142,53.24800137329102,0.25808030366897583
observed_test,v2_2018_377_48h,,14,PCC,A,3.1232014249141358,0.0,0.22809167320911697,0.6654155254364014,1.149999976158142,53.24800137329102,0.2755242884159088
observed_test,v2_2018_377_48h,,14,PCC,B,3.1232014249141358,0.0,0.22809167320911697,0.6654155254364014,1.149999976158142,53.24800137329102,0.2755242884159088
observed_test,v2_2018_377_48h,,14,PCC,C,3.1232014249141358,0.0,0.22809167320911697,0.6654155254364014,1.149999976158142,53.24800137329102,0.2755242884159088
observed_test,v2_2018_377_48h,,15,PCC,A,2.915610662966831,0.0,0.17960833815427923,0.5210045576095581,1.149999976158142,53.24800137329102,0.2840999364852905
observed_test,v2_2018_377_48h,,15,PCC,B,2.915610662966831,0.0,0.17960833815427923,0.5210045576095581,1.149999976158142,53.24800137329102,0.2840999364852905
observed_test,v2_2018_377_48h,,15,PCC,C,2.915610662966831,0.0,0.17960833815427923,0.5210045576095581,1.149999976158142,53.24800137329102,0.2840999364852905
observed_test,v2_2018_377_48h,,16,PCC,A,2.9761405680146122,0.0,0.06930833109296285,0.5631123185157776,1.149999976158142,53.24800137329102,0.28019776940345764
observed_test,v2_2018_377_48h,,16,PCC,B,2.9761405680146122,0.0,0.06930833109296285,0.5631123185157776,1.149999976158142,53.24800137329102,0.28019776940345764
observed_test,v2_2018_377_48h,,16,PCC,C,2.9761405680146122,0.0,0.06930833109296285,0.5631123185157776,1.149999976158142,53.24800137329102,0.28019776940345764
observed_test,v2_2018_377_48h,,17,PCC,A,2.912059071852747,0.0,0.006775000096800235,0.5185338854789734,1.149999976158142,53.24800137329102,0.2729951739311218
observed_test,v2_2018_377_48h,,17,PCC,B,2.912059071852747,0.0,0.006775000096800235,0.5185338854789734,1.149999976158142,53.24800137329102,0.2729951739311218
observed_test,v2_2018_377_48h,,17,PCC,C,2.912059071852747,0.0,0.006775000096800235,0.5185338854789734,1.149999976158142,53.24800137329102,0.2729951739311218
observed_test,v2_2018_377_48h,,18,PCC,A,2.888165108802557,0.0,0.0,0.501911997795105,1.149999976158142,53.24800137329102,0.26944294571876526
observed_test,v2_2018_377_48h,,18,PCC,B,2.888165108802557,0.0,0.0,0.501911997795105,1.149999976158142,53.24800137329102,0.26944294571876526
observed_test,v2_2018_377_48h,,18,PCC,C,2.888165108802557,0.0,0.0,0.501911997795105,1.149999976158142,53.24800137329102,0.26944294571876526
observed_test,v2_2018_377_48h,,19,PCC,A,2.9849615821466244,0.0,0.0,0.5692486763000488,1.149999976158142,53.24800137329102,0.26727524399757385
observed_test,v2_2018_377_48h,,19,PCC,B,2.9849615821466244,0.0,0.0,0.5692486763000488,1.149999976158142,53.24800137329102,0.26727524399757385
observed_test,v2_2018_377_48h,,19,PCC,C,2.9849615821466244,0.0,0.0,0.5692486763000488,1.149999976158142,53.24800137329102,0.26727524399757385
observed_test,v2_2018_377_48h,,20,PCC,A,2.825617614510635,0.0,0.0,0.458400696516037,1.149999976158142,53.24800137329102,0.26700782775878906
observed_test,v2_2018_377_48h,,20,PCC,B,2.825617614510635,0.0,0.0,0.458400696516037,1.149999976158142,53.24800137329102,0.26700782775878906
observed_test,v2_2018_377_48h,,20,PCC,C,2.825617614510635,0.0,0.0,0.458400696516037,1.149999976158142,53.24800137329102,0.26700782775878906
observed_test,v2_2018_377_48h,,21,PCC,A,2.740638571998929,0.0,0.0,0.39928483963012695,1.149999976158142,53.24800137329102,0.2686445116996765
observed_test,v2_2018_377_48h,,21,PCC,B,2.740638571998929,0.0,0.0,0.39928483963012695,1.149999976158142,53.24800137329102,0.2686445116996765
observed_test,v2_2018_377_48h,,21,PCC,C,2.740638571998929,0.0,0.0,0.39928483963012695,1.149999976158142,53.24800137329102,0.2686445116996765
observed_test,v2_2018_377_48h,,22,PCC,A,2.689500792288461,0.0,0.0,0.3637107312679291,1.149999976158142,53.24800137329102,0.25695377588272095
observed_test,v2_2018_377_48h,,22,PCC,B,2.689500792288461,0.0,0.0,0.3637107312679291,1.149999976158142,53.24800137329102,0.25695377588272095
observed_test,v2_2018_377_48h,,22,PCC,C,2.689500792288461,0.0,0.0,0.3637107312679291,1.149999976158142,53.24800137329102,0.25695377588272095
observed_test,v2_2018_377_48h,,23,PCC,A,2.666340906989589,0.0,0.0,0.34759950637817383,1.149999976158142,53.24800137329102,0.23747630417346954
observed_test,v2_2018_377_48h,,23,PCC,B,2.666340906989589,0.0,0.0,0.34759950637817383,1.149999976158142,53.24800137329102,0.23747630417346954
observed_test,v2_2018_377_48h,,23,PCC,C,2.666340906989589,0.0,0.0,0.34759950637817383,1.149999976158142,53.24800137329102,0.23747630417346954
observed_test,v2_2018_377_48h,,24,PCC,A,2.589738233557025,0.0,0.0,0.29431068897247314,1.149999976158142,53.24800137329102,0.22955088317394257
observed_test,v2_2018_377_48h,,24,PCC,B,2.589738233557025,0.0,0.0,0.29431068897247314,1.149999976158142,53.24800137329102,0.22955088317394257
observed_test,v2_2018_377_48h,,24,PCC,C,2.589738233557025,0.0,0.0,0.29431068897247314,1.149999976158142,53.24800137329102,0.22955088317394257
observed_test,v2_2018_377_48h,,25,PCC,A,2.6237012928594003,0.0,0.0,0.3179371654987335,1.149999976158142,53.24800137329102,0.2339755892753601
observed_test,v2_2018_377_48h,,25,PCC,B,2.6237012928594003,0.0,0.0,0.3179371654987335,1.149999976158142,53.24800137329102,0.2339755892753601
observed_test,v2_2018_377_48h,,25,PCC,C,2.6237012928594003,0.0,0.0,0.3179371654987335,1.149999976158142,53.24800137329102,0.2339755892753601
observed_test,v2_2018_377_48h,,26,PCC,A,2.4875831211508435,0.0,0.0,0.2232462614774704,1.149999976158142,53.24800137329102,0.23944191634655
observed_test,v2_2018_377_48h,,26,PCC,B,2.4875831211508435,0.0,0.0,0.2232462614774704,1.149999976158142,53.24800137329102,0.23944191634655
observed_test,v2_2018_377_48h,,26,PCC,C,2.4875831211508435,0.0,0.0,0.2232462614774704,1.149999976158142,53.24800137329102,0.23944191634655
observed_test,v2_2018_377_48h,,27,PCC,A,2.5452259178952694,0.0,0.0,0.2633455991744995,1.149999976158142,53.24800137329102,0.23343531787395477
observed_test,v2_2018_377_48h,,27,PCC,B,2.5452259178952694,0.0,0.0,0.2633455991744995,1.149999976158142,53.24800137329102,0.23343531787395477
observed_test,v2_2018_377_48h,,27,PCC,C,2.5452259178952694,0.0,0.0,0.2633455991744995,1.149999976158142,53.24800137329102,0.23343531787395477
observed_test,v2_2018_377_48h,,28,PCC,A,2.6066056994782514,0.0,0.0,0.3060445785522461,1.149999976158142,53.24800137329102,0.21678166091442108
observed_test,v2_2018_377_48h,,28,PCC,B,2.6066056994782514,0.0,0.0,0.3060445785522461,1.149999976158142,53.24800137329102,0.21678166091442108
observed_test,v2_2018_377_48h,,28,PCC,C,2.6066056994782514,0.0,0.0,0.3060445785522461,1.149999976158142,53.24800137329102,0.21678166091442108
observed_test,v2_2018_377_48h,,29,PCC,A,2.5763726205374935,0.0,0.0,0.2850128710269928,1.149999976158142,53.24800137329102,0.21677541732788086
observed_test,v2_2018_377_48h,,29,PCC,B,2.5763726205374935,0.0,0.0,0.2850128710269928,1.149999976158142,53.24800137329102,0.21677541732788086
observed_test,v2_2018_377_48h,,29,PCC,C,2.5763726205374935,0.0,0.0,0.2850128710269928,1.149999976158142,53.24800137329102,0.21677541732788086
observed_test,v2_2018_377_48h,,30,PCC,A,2.7605416539868575,0.0,0.0,0.4131304621696472,1.149999976158142,53.24800137329102,0.2152755856513977
observed_test,v2_2018_377_48h,,30,PCC,B,2.7605416539868575,0.0,0.0,0.4131304621696472,1.149999976158142,53.24800137329102,0.2152755856513977
observed_test,v2_2018_377_48h,,30,PCC,C,2.7605416539868575,0.0,0.0,0.4131304621696472,1.149999976158142,53.24800137329102,0.2152755856513977
observed_test,v2_2018_377_48h,,31,PCC,A,3.0129513006293838,0.0,0.0,0.5887197852134705,1.149999976158142,53.24800137329102,0.21092736721038818
observed_test,v2_2018_377_48h,,31,PCC,B,3.0129513006293838,0.0,0.0,0.5887197852134705,1.149999976158142,53.24800137329102,0.21092736721038818
observed_test,v2_2018_377_48h,,31,PCC,C,3.0129513006293838,0.0,0.0,0.5887197852134705,1.149999976158142,53.24800137329102,0.21092736721038818
observed_test,v2_2018_377_48h,,32,PCC,A,2.7649040079514635,0.0,0.02120000023681384,0.41616514325141907,1.149999976158142,53.24800137329102,0.2057240903377533
observed_test,v2_2018_377_48h,,32,PCC,B,2.7649040079514635,0.0,0.02120000023681384,0.41616514325141907,1.149999976158142,53.24800137329102,0.2057240903377533
observed_test,v2_2018_377_48h,,32,PCC,C,2.7649040079514635,0.0,0.02120000023681384,0.41616514325141907,1.149999976158142,53.24800137329102,0.2057240903377533
observed_test,v2_2018_377_48h,,33,PCC,A,2.9051724072175276,0.0,0.036733332448280774,0.5137431621551514,1.149999976158142,53.24800137329102,0.20436187088489532
observed_test,v2_2018_377_48h,,33,PCC,B,2.9051724072175276,0.0,0.036733332448280774,0.5137431621551514,1.149999976158142,53.24800137329102,0.20436187088489532
observed_test,v2_2018_377_48h,,33,PCC,C,2.9051724072175276,0.0,0.036733332448280774,0.5137431621551514,1.149999976158142,53.24800137329102,0.20436187088489532
observed_test,v2_2018_377_48h,,34,PCC,A,2.6904467608222724,0.0,0.06884999859791535,0.3643687963485718,1.149999976158142,53.24800137329102,0.21104468405246735
observed_test,v2_2018_377_48h,,34,PCC,B,2.6904467608222724,0.0,0.06884999859791535,0.3643687963485718,1.149999976158142,53.24800137329102,0.21104468405246735
observed_test,v2_2018_377_48h,,34,PCC,C,2.6904467608222724,0.0,0.06884999859791535,0.3643687963485718,1.149999976158142,53.24800137329102,0.21104468405246735
observed_test,v2_2018_377_48h,,35,PCC,A,2.686130632121376,0.0,0.0926624983549118,0.36136627197265625,1.149999976158142,53.24800137329102,0.21468019485473633
observed_test,v2_2018_377_48h,,35,PCC,B,2.686130632121376,0.0,0.0926624983549118,0.36136627197265625,1.149999976158142,53.24800137329102,0.21468019485473633
observed_test,v2_2018_377_48h,,35,PCC,C,2.686130632121376,0.0,0.0926624983549118,0.36136627197265625,1.149999976158142,53.24800137329102,0.21468019485473633
observed_test,v2_2018_377_48h,,36,PCC,A,2.940481482794702,0.0,0.12571666962825334,0.5383059978485107,1.149999976158142,53.24800137329102,0.22577159106731415
observed_test,v2_2018_377_48h,,36,PCC,B,2.940481482794702,0.0,0.12571666962825334,0.5383059978485107,1.149999976158142,53.24800137329102,0.22577159106731415
observed_test,v2_2018_377_48h,,36,PCC,C,2.940481482794702,0.0,0.12571666962825334,0.5383059978485107,1.149999976158142,53.24800137329102,0.22577159106731415
observed_test,v2_2018_377_48h,,37,PCC,A,3.033735447282245,0.0,0.10300416929217483,0.6031783223152161,1.149999976158142,53.24800137329102,0.2336217612028122
observed_test,v2_2018_377_48h,,37,PCC,B,3.033735447282245,0.0,0.10300416929217483,0.6031783223152161,1.149999976158142,53.24800137329102,0.2336217612028122
observed_test,v2_2018_377_48h,,37,PCC,C,3.033735447282245,0.0,0.10300416929217483,0.6031783223152161,1.149999976158142,53.24800137329102,0.2336217612028122
observed_test,v2_2018_377_48h,,38,PCC,A,3.1232014249141358,0.0,0.06348750052543786,0.6654155254364014,1.149999976158142,53.24800137329102,0.2335003912448883
observed_test,v2_2018_377_48h,,38,PCC,B,3.1232014249141358,0.0,0.06348750052543786,0.6654155254364014,1.149999976158142,53.24800137329102,0.2335003912448883
observed_test,v2_2018_377_48h,,38,PCC,C,3.1232014249141358,0.0,0.06348750052543786,0.6654155254364014,1.149999976158142,53.24800137329102,0.2335003912448883
observed_test,v2_2018_377_48h,,39,PCC,A,2.915610662966831,0.0,0.0275708340968077,0.5210045576095581,1.149999976158142,53.24800137329102,0.23316755890846252
observed_test,v2_2018_377_48h,,39,PCC,B,2.915610662966831,0.0,0.0275708340968077,0.5210045576095581,1.149999976158142,53.24800137329102,0.23316755890846252
observed_test,v2_2018_377_48h,,39,PCC,C,2.915610662966831,0.0,0.0275708340968077,0.5210045576095581,1.149999976158142,53.24800137329102,0.23316755890846252
observed_test,v2_2018_377_48h,,40,PCC,A,2.9761405680146122,0.0,0.011774999662660634,0.5631123185157776,1.149999976158142,53.24800137329102,0.23377668857574463
observed_test,v2_2018_377_48h,,40,PCC,B,2.9761405680146122,0.0,0.011774999662660634,0.5631123185157776,1.149999976158142,53.24800137329102,0.23377668857574463
observed_test,v2_2018_377_48h,,40,PCC,C,2.9761405680146122,0.0,0.011774999662660634,0.5631123185157776,1.149999976158142,53.24800137329102,0.23377668857574463
observed_test,v2_2018_377_48h,,41,PCC,A,2.912059071852747,0.0,0.00023749998945277182,0.5185338854789734,1.149999976158142,53.24800137329102,0.22158177196979523
observed_test,v2_2018_377_48h,,41,PCC,B,2.912059071852747,0.0,0.00023749998945277182,0.5185338854789734,1.149999976158142,53.24800137329102,0.22158177196979523
observed_test,v2_2018_377_48h,,41,PCC,C,2.912059071852747,0.0,0.00023749998945277182,0.5185338854789734,1.149999976158142,53.24800137329102,0.22158177196979523
observed_test,v2_2018_377_48h,,42,PCC,A,2.888165108802557,0.0,0.0,0.501911997795105,1.149999976158142,53.24800137329102,0.21111010015010834
observed_test,v2_2018_377_48h,,42,PCC,B,2.888165108802557,0.0,0.0,0.501911997795105,1.149999976158142,53.24800137329102,0.21111010015010834
observed_test,v2_2018_377_48h,,42,PCC,C,2.888165108802557,0.0,0.0,0.501911997795105,1.149999976158142,53.24800137329102,0.21111010015010834
observed_test,v2_2018_377_48h,,43,PCC,A,2.9849615821466244,0.0,0.0,0.5692486763000488,1.149999976158142,53.24800137329102,0.21590648591518402
observed_test,v2_2018_377_48h,,43,PCC,B,2.9849615821466244,0.0,0.0,0.5692486763000488,1.149999976158142,53.24800137329102,0.21590648591518402
observed_test,v2_2018_377_48h,,43,PCC,C,2.9849615821466244,0.0,0.0,0.5692486763000488,1.149999976158142,53.24800137329102,0.21590648591518402
observed_test,v2_2018_377_48h,,44,PCC,A,2.825617614510635,0.0,0.0,0.458400696516037,1.149999976158142,53.24800137329102,0.21534132957458496
observed_test,v2_2018_377_48h,,44,PCC,B,2.825617614510635,0.0,0.0,0.458400696516037,1.149999976158142,53.24800137329102,0.21534132957458496
observed_test,v2_2018_377_48h,,44,PCC,C,2.825617614510635,0.0,0.0,0.458400696516037,1.149999976158142,53.24800137329102,0.21534132957458496
observed_test,v2_2018_377_48h,,45,PCC,A,2.740638571998929,0.0,0.0,0.39928483963012695,1.149999976158142,53.24800137329102,0.21627335250377655
observed_test,v2_2018_377_48h,,45,PCC,B,2.740638571998929,0.0,0.0,0.39928483963012695,1.149999976158142,53.24800137329102,0.21627335250377655
observed_test,v2_2018_377_48h,,45,PCC,C,2.740638571998929,0.0,0.0,0.39928483963012695,1.149999976158142,53.24800137329102,0.21627335250377655
observed_test,v2_2018_377_48h,,46,PCC,A,2.689500792288461,0.0,0.0,0.3637107312679291,1.149999976158142,53.24800137329102,0.226584330201149
observed_test,v2_2018_377_48h,,46,PCC,B,2.689500792288461,0.0,0.0,0.3637107312679291,1.149999976158142,53.24800137329102,0.226584330201149
observed_test,v2_2018_377_48h,,46,PCC,C,2.689500792288461,0.0,0.0,0.3637107312679291,1.149999976158142,53.24800137329102,0.226584330201149
observed_test,v2_2018_377_48h,,47,PCC,A,2.666340906989589,0.0,0.0,0.34759950637817383,1.149999976158142,53.24800137329102,0.24691610038280487
observed_test,v2_2018_377_48h,,47,PCC,B,2.666340906989589,0.0,0.0,0.34759950637817383,1.149999976158142,53.24800137329102,0.24691610038280487
observed_test,v2_2018_377_48h,,47,PCC,C,2.666340906989589,0.0,0.0,0.34759950637817383,1.149999976158142,53.24800137329102,0.24691610038280487
observed_test,v2_2018_376_48h,,0,PCC,A,2.589738233557025,0.0,0.0,0.29431068897247314,1.149999976158142,53.24800137329102,0.2597626745700836
observed_test,v2_2018_376_48h,,0,PCC,B,2.589738233557025,0.0,0.0,0.29431068897247314,1.149999976158142,53.24800137329102,0.2597626745700836
observed_test,v2_2018_376_48h,,0,PCC,C,2.589738233557025,0.0,0.0,0.29431068897247314,1.149999976158142,53.24800137329102,0.2597626745700836
observed_test,v2_2018_376_48h,,1,PCC,A,2.6237012928594003,0.0,0.0,0.3179371654987335,1.149999976158142,34.72425106811524,0.24439549446105957
observed_test,v2_2018_376_48h,,1,PCC,B,2.6237012928594003,0.0,0.0,0.3179371654987335,1.149999976158142,34.72425106811524,0.24439549446105957
observed_test,v2_2018_376_48h,,1,PCC,C,2.6237012928594003,0.0,0.0,0.3179371654987335,1.149999976158142,34.72425106811524,0.24439549446105957
observed_test,v2_2018_376_48h,,2,PCC,A,2.4875831211508435,0.0,0.0,0.2232462614774704,1.149999976158142,34.72425106811524,0.2325073480606079
observed_test,v2_2018_376_48h,,2,PCC,B,2.4875831211508435,0.0,0.0,0.2232462614774704,1.149999976158142,34.72425106811524,0.2325073480606079
observed_test,v2_2018_376_48h,,2,PCC,C,2.4875831211508435,0.0,0.0,0.2232462614774704,1.149999976158142,34.72425106811524,0.2325073480606079
observed_test,v2_2018_376_48h,,3,PCC,A,2.5452259178952694,0.0,0.0,0.2633455991744995,1.149999976158142,53.24800137329102,0.23248519003391266
observed_test,v2_2018_376_48h,,3,PCC,B,2.5452259178952694,0.0,0.0,0.2633455991744995,1.149999976158142,53.24800137329102,0.23248519003391266
observed_test,v2_2018_376_48h,,3,PCC,C,2.5452259178952694,0.0,0.0,0.2633455991744995,1.149999976158142,53.24800137329102,0.23248519003391266
observed_test,v2_2018_376_48h,,4,PCC,A,2.6066056994782514,0.0,0.0,0.3060445785522461,1.149999976158142,53.24800137329102,0.23208357393741608
observed_test,v2_2018_376_48h,,4,PCC,B,2.6066056994782514,0.0,0.0,0.3060445785522461,1.149999976158142,53.24800137329102,0.23208357393741608
observed_test,v2_2018_376_48h,,4,PCC,C,2.6066056994782514,0.0,0.0,0.3060445785522461,1.149999976158142,53.24800137329102,0.23208357393741608
observed_test,v2_2018_376_48h,,5,PCC,A,2.5763726205374935,0.0,0.0,0.2850128710269928,1.149999976158142,53.24800137329102,0.22259627282619476
observed_test,v2_2018_376_48h,,5,PCC,B,2.5763726205374935,0.0,0.0,0.2850128710269928,1.149999976158142,53.24800137329102,0.22259627282619476
observed_test,v2_2018_376_48h,,5,PCC,C,2.5763726205374935,0.0,0.0,0.2850128710269928,1.149999976158142,53.24800137329102,0.22259627282619476
observed_test,v2_2018_376_48h,,6,PCC,A,2.7605416539868575,0.0,0.0,0.4131304621696472,1.149999976158142,121.88174847412108,0.21117563545703888
observed_test,v2_2018_376_48h,,6,PCC,B,2.7605416539868575,0.0,0.0,0.4131304621696472,1.149999976158142,121.88174847412108,0.21117563545703888
observed_test,v2_2018_376_48h,,6,PCC,C,2.7605416539868575,0.0,0.0,0.4131304621696472,1.149999976158142,121.88174847412108,0.21117563545703888
observed_test,v2_2018_376_48h,,7,PCC,A,3.0129513006293838,0.0,0.0,0.5887197852134705,1.149999976158142,121.88174847412108,0.21133123338222504
observed_test,v2_2018_376_48h,,7,PCC,B,3.0129513006293838,0.0,0.0,0.5887197852134705,1.149999976158142,121.88174847412108,0.21133123338222504
observed_test,v2_2018_376_48h,,7,PCC,C,3.0129513006293838,0.0,0.0,0.5887197852134705,1.149999976158142,121.88174847412108,0.21133123338222504
observed_test,v2_2018_376_48h,,8,PCC,A,2.7649040079514635,0.0,0.3758500115229533,0.41616514325141907,1.149999976158142,121.88174847412108,0.21705465018749237
observed_test,v2_2018_376_48h,,8,PCC,B,2.7649040079514635,0.0,0.3758500115229533,0.41616514325141907,1.149999976158142,121.88174847412108,0.21705465018749237
observed_test,v2_2018_376_48h,,8,PCC,C,2.7649040079514635,0.0,0.3758500115229533,0.41616514325141907,1.149999976158142,121.88174847412108,0.21705465018749237
observed_test,v2_2018_376_48h,,9,PCC,A,2.9051724072175276,0.0,0.7684750052598806,0.5137431621551514,1.149999976158142,121.88174847412108,0.22935323417186737
observed_test,v2_2018_376_48h,,9,PCC,B,2.9051724072175276,0.0,0.7684750052598806,0.5137431621551514,1.149999976158142,121.88174847412108,0.22935323417186737
observed_test,v2_2018_376_48h,,9,PCC,C,2.9051724072175276,0.0,0.7684750052598806,0.5137431621551514,1.149999976158142,121.88174847412108,0.22935323417186737
observed_test,v2_2018_376_48h,,10,PCC,A,2.6904467608222724,0.0,1.0292582787000215,0.3643687963485718,1.149999976158142,53.24800137329102,0.24294805526733398
observed_test,v2_2018_376_48h,,10,PCC,B,2.6904467608222724,0.0,1.0292582787000215,0.3643687963485718,1.149999976158142,53.24800137329102,0.24294805526733398
observed_test,v2_2018_376_48h,,10,PCC,C,2.6904467608222724,0.0,1.0292582787000215,0.3643687963485718,1.149999976158142,53.24800137329102,0.24294805526733398
observed_test,v2_2018_376_48h,,11,PCC,A,2.686130632121376,0.0,1.1780791557752168,0.36136627197265625,1.149999976158142,53.24800137329102,0.25131502747535706
observed_test,v2_2018_376_48h,,11,PCC,B,2.686130632121376,0.0,1.1780791557752168,0.36136627197265625,1.149999976158142,53.24800137329102,0.25131502747535706
observed_test,v2_2018_376_48h,,11,PCC,C,2.686130632121376,0.0,1.1780791557752168,0.36136627197265625,1.149999976158142,53.24800137329102,0.25131502747535706
observed_test,v2_2018_376_48h,,12,PCC,A,2.940481482794702,0.0,1.2306125118182254,0.5383059978485107,1.149999976158142,34.72425106811524,0.2648908197879791
observed_test,v2_2018_376_48h,,12,PCC,B,2.940481482794702,0.0,1.2306125118182254,0.5383059978485107,1.149999976158142,34.72425106811524,0.2648908197879791
observed_test,v2_2018_376_48h,,12,PCC,C,2.940481482794702,0.0,1.2306125118182254,0.5383059978485107,1.149999976158142,34.72425106811524,0.2648908197879791
observed_test,v2_2018_376_48h,,13,PCC,A,3.033735447282245,0.0,1.19011253118515,0.6031783223152161,1.149999976158142,34.72425106811524,0.26591014862060547
observed_test,v2_2018_376_48h,,13,PCC,B,3.033735447282245,0.0,1.19011253118515,0.6031783223152161,1.149999976158142,34.72425106811524,0.26591014862060547
observed_test,v2_2018_376_48h,,13,PCC,C,3.033735447282245,0.0,1.19011253118515,0.6031783223152161,1.149999976158142,34.72425106811524,0.26591014862060547
observed_test,v2_2018_376_48h,,14,PCC,A,3.1232014249141358,0.0,1.059383383164039,0.6654155254364014,1.149999976158142,34.72425106811524,0.2263147383928299
observed_test,v2_2018_376_48h,,14,PCC,B,3.1232014249141358,0.0,1.059383383164039,0.6654155254364014,1.149999976158142,34.72425106811524,0.2263147383928299
observed_test,v2_2018_376_48h,,14,PCC,C,3.1232014249141358,0.0,1.059383383164039,0.6654155254364014,1.149999976158142,34.72425106811524,0.2263147383928299
observed_test,v2_2018_376_48h,,15,PCC,A,2.915610662966831,0.0,0.8320874892748318,0.5210045576095581,1.149999976158142,34.72425106811524,0.2273654192686081
observed_test,v2_2018_376_48h,,15,PCC,B,2.915610662966831,0.0,0.8320874892748318,0.5210045576095581,1.149999976158142,34.72425106811524,0.2273654192686081
observed_test,v2_2018_376_48h,,15,PCC,C,2.915610662966831,0.0,0.8320874892748318,0.5210045576095581,1.149999976158142,34.72425106811524,0.2273654192686081
observed_test,v2_2018_376_48h,,16,PCC,A,2.9761405680146122,0.0,0.4978249852473919,0.5631123185157776,1.149999976158142,53.24800137329102,0.23022745549678802
observed_test,v2_2018_376_48h,,16,PCC,B,2.9761405680146122,0.0,0.4978249852473919,0.5631123185157776,1.149999976158142,53.24800137329102,0.23022745549678802
observed_test,v2_2018_376_48h,,16,PCC,C,2.9761405680146122,0.0,0.4978249852473919,0.5631123185157776,1.149999976158142,53.24800137329102,0.23022745549678802
observed_test,v2_2018_376_48h,,17,PCC,A,2.912059071852747,0.0,0.08339166927796143,0.5185338854789734,1.149999976158142,53.24800137329102,0.23224830627441406
observed_test,v2_2018_376_48h,,17,PCC,B,2.912059071852747,0.0,0.08339166927796143,0.5185338854789734,1.149999976158142,53.24800137329102,0.23224830627441406
observed_test,v2_2018_376_48h,,17,PCC,C,2.912059071852747,0.0,0.08339166927796143,0.5185338854789734,1.149999976158142,53.24800137329102,0.23224830627441406
observed_test,v2_2018_376_48h,,18,PCC,A,2.888165108802557,0.0,0.0,0.501911997795105,1.149999976158142,53.24800137329102,0.23508720099925995
observed_test,v2_2018_376_48h,,18,PCC,B,2.888165108802557,0.0,0.0,0.501911997795105,1.149999976158142,53.24800137329102,0.23508720099925995
observed_test,v2_2018_376_48h,,18,PCC,C,2.888165108802557,0.0,0.0,0.501911997795105,1.149999976158142,53.24800137329102,0.23508720099925995
observed_test,v2_2018_376_48h,,19,PCC,A,2.9849615821466244,0.0,0.0,0.5692486763000488,1.149999976158142,53.24800137329102,0.2324305921792984
observed_test,v2_2018_376_48h,,19,PCC,B,2.9849615821466244,0.0,0.0,0.5692486763000488,1.149999976158142,53.24800137329102,0.2324305921792984
observed_test,v2_2018_376_48h,,19,PCC,C,2.9849615821466244,0.0,0.0,0.5692486763000488,1.149999976158142,53.24800137329102,0.2324305921792984
observed_test,v2_2018_376_48h,,20,PCC,A,2.825617614510635,0.0,0.0,0.458400696516037,1.149999976158142,53.24800137329102,0.23353058099746704
observed_test,v2_2018_376_48h,,20,PCC,B,2.825617614510635,0.0,0.0,0.458400696516037,1.149999976158142,53.24800137329102,0.23353058099746704
observed_test,v2_2018_376_48h,,20,PCC,C,2.825617614510635,0.0,0.0,0.458400696516037,1.149999976158142,53.24800137329102,0.23353058099746704
observed_test,v2_2018_376_48h,,21,PCC,A,2.740638571998929,0.0,0.0,0.39928483963012695,1.149999976158142,53.24800137329102,0.24686963856220245
observed_test,v2_2018_376_48h,,21,PCC,B,2.740638571998929,0.0,0.0,0.39928483963012695,1.149999976158142,53.24800137329102,0.24686963856220245
observed_test,v2_2018_376_48h,,21,PCC,C,2.740638571998929,0.0,0.0,0.39928483963012695,1.149999976158142,53.24800137329102,0.24686963856220245
observed_test,v2_2018_376_48h,,22,PCC,A,2.689500792288461,0.0,0.0,0.3637107312679291,1.149999976158142,53.24800137329102,0.26785197854042053
observed_test,v2_2018_376_48h,,22,PCC,B,2.689500792288461,0.0,0.0,0.3637107312679291,1.149999976158142,53.24800137329102,0.26785197854042053
observed_test,v2_2018_376_48h,,22,PCC,C,2.689500792288461,0.0,0.0,0.3637107312679291,1.149999976158142,53.24800137329102,0.26785197854042053
observed_test,v2_2018_376_48h,,23,PCC,A,2.666340906989589,0.0,0.0,0.34759950637817383,1.149999976158142,53.24800137329102,0.2769745886325836
observed_test,v2_2018_376_48h,,23,PCC,B,2.666340906989589,0.0,0.0,0.34759950637817383,1.149999976158142,53.24800137329102,0.2769745886325836
observed_test,v2_2018_376_48h,,23,PCC,C,2.666340906989589,0.0,0.0,0.34759950637817383,1.149999976158142,53.24800137329102,0.2769745886325836
observed_test,v2_2018_376_48h,,24,PCC,A,2.589738233557025,0.0,0.0,0.29431068897247314,1.149999976158142,53.24800137329102,0.2671167552471161
observed_test,v2_2018_376_48h,,24,PCC,B,2.589738233557025,0.0,0.0,0.29431068897247314,1.149999976158142,53.24800137329102,0.2671167552471161
observed_test,v2_2018_376_48h,,24,PCC,C,2.589738233557025,0.0,0.0,0.29431068897247314,1.149999976158142,53.24800137329102,0.2671167552471161
observed_test,v2_2018_376_48h,,25,PCC,A,2.6237012928594003,0.0,0.0,0.3179371654987335,1.149999976158142,34.72425106811524,0.253480464220047
observed_test,v2_2018_376_48h,,25,PCC,B,2.6237012928594003,0.0,0.0,0.3179371654987335,1.149999976158142,34.72425106811524,0.253480464220047
observed_test,v2_2018_376_48h,,25,PCC,C,2.6237012928594003,0.0,0.0,0.3179371654987335,1.149999976158142,34.72425106811524,0.253480464220047
observed_test,v2_2018_376_48h,,26,PCC,A,2.4875831211508435,0.0,0.0,0.2232462614774704,1.149999976158142,34.72425106811524,0.24217432737350464
observed_test,v2_2018_376_48h,,26,PCC,B,2.4875831211508435,0.0,0.0,0.2232462614774704,1.149999976158142,34.72425106811524,0.24217432737350464
observed_test,v2_2018_376_48h,,26,PCC,C,2.4875831211508435,0.0,0.0,0.2232462614774704,1.149999976158142,34.72425106811524,0.24217432737350464
observed_test,v2_2018_376_48h,,27,PCC,A,2.5452259178952694,0.0,0.0,0.2633455991744995,1.149999976158142,53.24800137329102,0.24943625926971436
observed_test,v2_2018_376_48h,,27,PCC,B,2.5452259178952694,0.0,0.0,0.2633455991744995,1.149999976158142,53.24800137329102,0.24943625926971436
observed_test,v2_2018_376_48h,,27,PCC,C,2.5452259178952694,0.0,0.0,0.2633455991744995,1.149999976158142,53.24800137329102,0.24943625926971436
observed_test,v2_2018_376_48h,,28,PCC,A,2.6066056994782514,0.0,0.0,0.3060445785522461,1.149999976158142,53.24800137329102,0.24825505912303925
observed_test,v2_2018_376_48h,,28,PCC,B,2.6066056994782514,0.0,0.0,0.3060445785522461,1.149999976158142,53.24800137329102,0.24825505912303925
observed_test,v2_2018_376_48h,,28,PCC,C,2.6066056994782514,0.0,0.0,0.3060445785522461,1.149999976158142,53.24800137329102,0.24825505912303925
observed_test,v2_2018_376_48h,,29,PCC,A,2.5763726205374935,0.0,0.0,0.2850128710269928,1.149999976158142,53.24800137329102,0.23179291188716888
observed_test,v2_2018_376_48h,,29,PCC,B,2.5763726205374935,0.0,0.0,0.2850128710269928,1.149999976158142,53.24800137329102,0.23179291188716888
observed_test,v2_2018_376_48h,,29,PCC,C,2.5763726205374935,0.0,0.0,0.2850128710269928,1.149999976158142,53.24800137329102,0.23179291188716888
observed_test,v2_2018_376_48h,,30,PCC,A,2.7605416539868575,0.0,0.0,0.4131304621696472,1.149999976158142,121.88174847412108,0.22160188853740692
observed_test,v2_2018_376_48h,,30,PCC,B,2.7605416539868575,0.0,0.0,0.4131304621696472,1.149999976158142,121.88174847412108,0.22160188853740692
observed_test,v2_2018_376_48h,,30,PCC,C,2.7605416539868575,0.0,0.0,0.4131304621696472,1.149999976158142,121.88174847412108,0.22160188853740692
observed_test,v2_2018_376_48h,,31,PCC,A,3.0129513006293838,0.0,0.0,0.5887197852134705,1.149999976158142,121.88174847412108,0.21815140545368195
observed_test,v2_2018_376_48h,,31,PCC,B,3.0129513006293838,0.0,0.0,0.5887197852134705,1.149999976158142,121.88174847412108,0.21815140545368195
observed_test,v2_2018_376_48h,,31,PCC,C,3.0129513006293838,0.0,0.0,0.5887197852134705,1.149999976158142,121.88174847412108,0.21815140545368195
observed_test,v2_2018_376_48h,,32,PCC,A,2.7649040079514635,0.0,0.26142915280965656,0.41616514325141907,1.149999976158142,121.88174847412108,0.2183690369129181
observed_test,v2_2018_376_48h,,32,PCC,B,2.7649040079514635,0.0,0.26142915280965656,0.41616514325141907,1.149999976158142,121.88174847412108,0.2183690369129181
observed_test,v2_2018_376_48h,,32,PCC,C,2.7649040079514635,0.0,0.26142915280965656,0.41616514325141907,1.149999976158142,121.88174847412108,0.2183690369129181
observed_test,v2_2018_376_48h,,33,PCC,A,2.9051724072175276,0.0,0.5662750166196089,0.5137431621551514,1.149999976158142,121.88174847412108,0.22328698635101318
observed_test,v2_2018_376_48h,,33,PCC,B,2.9051724072175276,0.0,0.5662750166196089,0.5137431621551514,1.149999976158142,121.88174847412108,0.22328698635101318
observed_test,v2_2018_376_48h,,33,PCC,C,2.9051724072175276,0.0,0.5662750166196089,0.5137431621551514,1.149999976158142,121.88174847412108,0.22328698635101318
observed_test,v2_2018_376_48h,,34,PCC,A,2.6904467608222724,0.0,0.7705374979055843,0.3643687963485718,1.149999976158142,53.24800137329102,0.23920482397079468
observed_test,v2_2018_376_48h,,34,PCC,B,2.6904467608222724,0.0,0.7705374979055843,0.3643687963485718,1.149999976158142,53.24800137329102,0.23920482397079468
observed_test,v2_2018_376_48h,,34,PCC,C,2.6904467608222724,0.0,0.7705374979055843,0.3643687963485718,1.149999976158142,53.24800137329102,0.23920482397079468
observed_test,v2_2018_376_48h,,35,PCC,A,2.686130632121376,0.0,0.8230749804240006,0.36136627197265625,1.149999976158142,53.24800137329102,0.2592657804489136
observed_test,v2_2018_376_48h,,35,PCC,B,2.686130632121376,0.0,0.8230749804240006,0.36136627197265625,1.149999976158142,53.24800137329102,0.2592657804489136
observed_test,v2_2018_376_48h,,35,PCC,C,2.686130632121376,0.0,0.8230749804240006,0.36136627197265625,1.149999976158142,53.24800137329102,0.2592657804489136
observed_test,v2_2018_376_48h,,36,PCC,A,2.940481482794702,0.0,0.841529151568046,0.5383059978485107,1.149999976158142,34.72425106811524,0.2654508352279663
observed_test,v2_2018_376_48h,,36,PCC,B,2.940481482794702,0.0,0.841529151568046,0.5383059978485107,1.149999976158142,34.72425106811524,0.2654508352279663
observed_test,v2_2018_376_48h,,36,PCC,C,2.940481482794702,0.0,0.841529151568046,0.5383059978485107,1.149999976158142,34.72425106811524,0.2654508352279663
observed_test,v2_2018_376_48h,,37,PCC,A,3.033735447282245,0.0,0.8327999940285316,0.6031783223152161,1.149999976158142,34.72425106811524,0.26428574323654175
observed_test,v2_2018_376_48h,,37,PCC,B,3.033735447282245,0.0,0.8327999940285316,0.6031783223152161,1.149999976158142,34.72425106811524,0.26428574323654175
observed_test,v2_2018_376_48h,,37,PCC,C,3.033735447282245,0.0,0.8327999940285316,0.6031783223152161,1.149999976158142,34.72425106811524,0.26428574323654175
observed_test,v2_2018_376_48h,,38,PCC,A,3.1232014249141358,0.0,0.6688708296188941,0.6654155254364014,1.149999976158142,34.72425106811524,0.2717510163784027
observed_test,v2_2018_376_48h,,38,PCC,B,3.1232014249141358,0.0,0.6688708296188941,0.6654155254364014,1.149999976158142,34.72425106811524,0.2717510163784027
observed_test,v2_2018_376_48h,,38,PCC,C,3.1232014249141358,0.0,0.6688708296188941,0.6654155254364014,1.149999976158142,34.72425106811524,0.2717510163784027
observed_test,v2_2018_376_48h,,39,PCC,A,2.915610662966831,0.0,0.41844999560943014,0.5210045576095581,1.149999976158142,34.72425106811524,0.2733449637889862
observed_test,v2_2018_376_48h,,39,PCC,B,2.915610662966831,0.0,0.41844999560943014,0.5210045576095581,1.149999976158142,34.72425106811524,0.2733449637889862
observed_test,v2_2018_376_48h,,39,PCC,C,2.915610662966831,0.0,0.41844999560943014,0.5210045576095581,1.149999976158142,34.72425106811524,0.2733449637889862
observed_test,v2_2018_376_48h,,40,PCC,A,2.9761405680146122,0.0,0.17934583414059416,0.5631123185157776,1.149999976158142,53.24800137329102,0.2715685963630676
observed_test,v2_2018_376_48h,,40,PCC,B,2.9761405680146122,0.0,0.17934583414059416,0.5631123185157776,1.149999976158142,53.24800137329102,0.2715685963630676
observed_test,v2_2018_376_48h,,40,PCC,C,2.9761405680146122,0.0,0.17934583414059416,0.5631123185157776,1.149999976158142,53.24800137329102,0.2715685963630676
observed_test,v2_2018_376_48h,,41,PCC,A,2.912059071852747,0.0,0.03674583366284003,0.5185338854789734,1.149999976158142,53.24800137329102,0.2635834217071533
observed_test,v2_2018_376_48h,,41,PCC,B,2.912059071852747,0.0,0.03674583366284003,0.5185338854789734,1.149999976158142,53.24800137329102,0.2635834217071533
observed_test,v2_2018_376_48h,,41,PCC,C,2.912059071852747,0.0,0.03674583366284003,0.5185338854789734,1.149999976158142,53.24800137329102,0.2635834217071533
observed_test,v2_2018_376_48h,,42,PCC,A,2.888165108802557,0.0,0.0,0.501911997795105,1.149999976158142,53.24800137329102,0.2650112509727478
observed_test,v2_2018_376_48h,,42,PCC,B,2.888165108802557,0.0,0.0,0.501911997795105,1.149999976158142,53.24800137329102,0.2650112509727478
observed_test,v2_2018_376_48h,,42,PCC,C,2.888165108802557,0.0,0.0,0.501911997795105,1.149999976158142,53.24800137329102,0.2650112509727478
observed_test,v2_2018_376_48h,,43,PCC,A,2.9849615821466244,0.0,0.0,0.5692486763000488,1.149999976158142,53.24800137329102,0.2647228240966797
observed_test,v2_2018_376_48h,,43,PCC,B,2.9849615821466244,0.0,0.0,0.5692486763000488,1.149999976158142,53.24800137329102,0.2647228240966797
observed_test,v2_2018_376_48h,,43,PCC,C,2.9849615821466244,0.0,0.0,0.5692486763000488,1.149999976158142,53.24800137329102,0.2647228240966797
observed_test,v2_2018_376_48h,,44,PCC,A,2.825617614510635,0.0,0.0,0.458400696516037,1.149999976158142,53.24800137329102,0.2669733464717865
observed_test,v2_2018_376_48h,,44,PCC,B,2.825617614510635,0.0,0.0,0.458400696516037,1.149999976158142,53.24800137329102,0.2669733464717865
observed_test,v2_2018_376_48h,,44,PCC,C,2.825617614510635,0.0,0.0,0.458400696516037,1.149999976158142,53.24800137329102,0.2669733464717865
observed_test,v2_2018_376_48h,,45,PCC,A,2.740638571998929,0.0,0.0,0.39928483963012695,1.149999976158142,53.24800137329102,0.26793980598449707
observed_test,v2_2018_376_48h,,45,PCC,B,2.740638571998929,0.0,0.0,0.39928483963012695,1.149999976158142,53.24800137329102,0.26793980598449707
observed_test,v2_2018_376_48h,,45,PCC,C,2.740638571998929,0.0,0.0,0.39928483963012695,1.149999976158142,53.24800137329102,0.26793980598449707
observed_test,v2_2018_376_48h,,46,PCC,A,2.689500792288461,0.0,0.0,0.3637107312679291,1.149999976158142,53.24800137329102,0.2686484754085541
observed_test,v2_2018_376_48h,,46,PCC,B,2.689500792288461,0.0,0.0,0.3637107312679291,1.149999976158142,53.24800137329102,0.2686484754085541
observed_test,v2_2018_376_48h,,46,PCC,C,2.689500792288461,0.0,0.0,0.3637107312679291,1.149999976158142,53.24800137329102,0.2686484754085541
observed_test,v2_2018_376_48h,,47,PCC,A,2.666340906989589,0.0,0.0,0.34759950637817383,1.149999976158142,53.24800137329102,0.26784855127334595
observed_test,v2_2018_376_48h,,47,PCC,B,2.666340906989589,0.0,0.0,0.34759950637817383,1.149999976158142,53.24800137329102,0.26784855127334595
observed_test,v2_2018_376_48h,,47,PCC,C,2.666340906989589,0.0,0.0,0.34759950637817383,1.149999976158142,53.24800137329102,0.26784855127334595
observed_test,v2_2018_542_48h,,0,PCC,A,2.589738233557025,0.0,0.0,0.29431068897247314,1.149999976158142,53.24800137329102,0.3395504057407379
observed_test,v2_2018_542_48h,,0,PCC,B,2.589738233557025,0.0,0.0,0.29431068897247314,1.149999976158142,53.24800137329102,0.3395504057407379
observed_test,v2_2018_542_48h,,0,PCC,C,2.589738233557025,0.0,0.0,0.29431068897247314,1.149999976158142,53.24800137329102,0.3395504057407379
observed_test,v2_2018_542_48h,,1,PCC,A,2.6237012928594003,0.0,0.0,0.3179371654987335,1.149999976158142,53.24800137329102,0.3584844470024109
observed_test,v2_2018_542_48h,,1,PCC,B,2.6237012928594003,0.0,0.0,0.3179371654987335,1.149999976158142,53.24800137329102,0.3584844470024109
observed_test,v2_2018_542_48h,,1,PCC,C,2.6237012928594003,0.0,0.0,0.3179371654987335,1.149999976158142,53.24800137329102,0.3584844470024109
observed_test,v2_2018_542_48h,,2,PCC,A,2.4875831211508435,0.0,0.0,0.2232462614774704,1.149999976158142,53.24800137329102,0.3493867814540863
observed_test,v2_2018_542_48h,,2,PCC,B,2.4875831211508435,0.0,0.0,0.2232462614774704,1.149999976158142,53.24800137329102,0.3493867814540863
observed_test,v2_2018_542_48h,,2,PCC,C,2.4875831211508435,0.0,0.0,0.2232462614774704,1.149999976158142,53.24800137329102,0.3493867814540863
observed_test,v2_2018_542_48h,,3,PCC,A,2.5452259178952694,0.0,0.0,0.2633455991744995,1.149999976158142,53.24800137329102,0.34039369225502014
observed_test,v2_2018_542_48h,,3,PCC,B,2.5452259178952694,0.0,0.0,0.2633455991744995,1.149999976158142,53.24800137329102,0.34039369225502014
observed_test,v2_2018_542_48h,,3,PCC,C,2.5452259178952694,0.0,0.0,0.2633455991744995,1.149999976158142,53.24800137329102,0.34039369225502014
observed_test,v2_2018_542_48h,,4,PCC,A,2.6066056994782514,0.0,0.0,0.3060445785522461,1.149999976158142,53.24800137329102,0.3419335186481476
observed_test,v2_2018_542_48h,,4,PCC,B,2.6066056994782514,0.0,0.0,0.3060445785522461,1.149999976158142,53.24800137329102,0.3419335186481476
observed_test,v2_2018_542_48h,,4,PCC,C,2.6066056994782514,0.0,0.0,0.3060445785522461,1.149999976158142,53.24800137329102,0.3419335186481476
observed_test,v2_2018_542_48h,,5,PCC,A,2.5763726205374935,0.0,0.0,0.2850128710269928,1.149999976158142,53.24800137329102,0.34306105971336365
observed_test,v2_2018_542_48h,,5,PCC,B,2.5763726205374935,0.0,0.0,0.2850128710269928,1.149999976158142,53.24800137329102,0.34306105971336365
observed_test,v2_2018_542_48h,,5,PCC,C,2.5763726205374935,0.0,0.0,0.2850128710269928,1.149999976158142,53.24800137329102,0.34306105971336365
observed_test,v2_2018_542_48h,,6,PCC,A,2.7605416539868575,0.0,0.0,0.4131304621696472,1.149999976158142,53.24800137329102,0.3405168056488037
observed_test,v2_2018_542_48h,,6,PCC,B,2.7605416539868575,0.0,0.0,0.4131304621696472,1.149999976158142,53.24800137329102,0.3405168056488037
observed_test,v2_2018_542_48h,,6,PCC,C,2.7605416539868575,0.0,0.0,0.4131304621696472,1.149999976158142,53.24800137329102,0.3405168056488037
observed_test,v2_2018_542_48h,,7,PCC,A,3.0129513006293838,0.0,0.0,0.5887197852134705,1.149999976158142,53.24800137329102,0.3422624468803406
observed_test,v2_2018_542_48h,,7,PCC,B,3.0129513006293838,0.0,0.0,0.5887197852134705,1.149999976158142,53.24800137329102,0.3422624468803406
observed_test,v2_2018_542_48h,,7,PCC,C,3.0129513006293838,0.0,0.0,0.5887197852134705,1.149999976158142,53.24800137329102,0.3422624468803406
observed_test,v2_2018_542_48h,,8,PCC,A,2.7649040079514635,0.0,0.3588416541998203,0.41616514325141907,1.149999976158142,53.24800137329102,0.3416255712509155
observed_test,v2_2018_542_48h,,8,PCC,B,2.7649040079514635,0.0,0.3588416541998203,0.41616514325141907,1.149999976158142,53.24800137329102,0.3416255712509155
observed_test,v2_2018_542_48h,,8,PCC,C,2.7649040079514635,0.0,0.3588416541998203,0.41616514325141907,1.149999976158142,53.24800137329102,0.3416255712509155
observed_test,v2_2018_542_48h,,9,PCC,A,2.9051724072175276,0.0,0.72754999765983,0.5137431621551514,1.149999976158142,53.24800137329102,0.34979093074798584
observed_test,v2_2018_542_48h,,9,PCC,B,2.9051724072175276,0.0,0.72754999765983,0.5137431621551514,1.149999976158142,53.24800137329102,0.34979093074798584
observed_test,v2_2018_542_48h,,9,PCC,C,2.9051724072175276,0.0,0.72754999765983,0.5137431621551514,1.149999976158142,53.24800137329102,0.34979093074798584
observed_test,v2_2018_542_48h,,10,PCC,A,2.6904467608222724,0.0,0.953833357645915,0.3643687963485718,1.149999976158142,53.24800137329102,0.3513350784778595
observed_test,v2_2018_542_48h,,10,PCC,B,2.6904467608222724,0.0,0.953833357645915,0.3643687963485718,1.149999976158142,53.24800137329102,0.3513350784778595
observed_test,v2_2018_542_48h,,10,PCC,C,2.6904467608222724,0.0,0.953833357645915,0.3643687963485718,1.149999976158142,53.24800137329102,0.3513350784778595
observed_test,v2_2018_542_48h,,11,PCC,A,2.686130632121376,0.0,1.0817833817922151,0.36136627197265625,1.149999976158142,53.24800137329102,0.352043479681015
observed_test,v2_2018_542_48h,,11,PCC,B,2.686130632121376,0.0,1.0817833817922151,0.36136627197265625,1.149999976158142,53.24800137329102,0.352043479681015
observed_test,v2_2018_542_48h,,11,PCC,C,2.686130632121376,0.0,1.0817833817922151,0.36136627197265625,1.149999976158142,53.24800137329102,0.352043479681015
observed_test,v2_2018_542_48h,,12,PCC,A,2.940481482794702,0.0,1.118341661416567,0.5383059978485107,1.149999976158142,53.24800137329102,0.35197725892066956
observed_test,v2_2018_542_48h,,12,PCC,B,2.940481482794702,0.0,1.118341661416567,0.5383059978485107,1.149999976158142,53.24800137329102,0.35197725892066956
observed_test,v2_2018_542_48h,,12,PCC,C,2.940481482794702,0.0,1.118341661416567,0.5383059978485107,1.149999976158142,53.24800137329102,0.35197725892066956
observed_test,v2_2018_542_48h,,13,PCC,A,3.033735447282245,0.0,1.041087508201599,0.6031783223152161,1.149999976158142,53.24800137329102,0.3435025215148926
observed_test,v2_2018_542_48h,,13,PCC,B,3.033735447282245,0.0,1.041087508201599,0.6031783223152161,1.149999976158142,53.24800137329102,0.3435025215148926
observed_test,v2_2018_542_48h,,13,PCC,C,3.033735447282245,0.0,1.041087508201599,0.6031783223152161,1.149999976158142,53.24800137329102,0.3435025215148926
observed_test,v2_2018_542_48h,,14,PCC,A,3.1232014249141358,0.0,0.5646666655173668,0.6654155254364014,1.149999976158142,53.24800137329102,0.33751198649406433
observed_test,v2_2018_542_48h,,14,PCC,B,3.1232014249141358,0.0,0.5646666655173668,0.6654155254364014,1.149999976158142,53.24800137329102,0.33751198649406433
observed_test,v2_2018_542_48h,,14,PCC,C,3.1232014249141358,0.0,0.5646666655173668,0.6654155254364014,1.149999976158142,53.24800137329102,0.33751198649406433
observed_test,v2_2018_542_48h,,15,PCC,A,2.915610662966831,0.0,0.1549166698868458,0.5210045576095581,1.149999976158142,53.24800137329102,0.3310859501361847
observed_test,v2_2018_542_48h,,15,PCC,B,2.915610662966831,0.0,0.1549166698868458,0.5210045576095581,1.149999976158142,53.24800137329102,0.3310859501361847
observed_test,v2_2018_542_48h,,15,PCC,C,2.915610662966831,0.0,0.1549166698868458,0.5210045576095581,1.149999976158142,53.24800137329102,0.3310859501361847
observed_test,v2_2018_542_48h,,16,PCC,A,2.9761405680146122,0.0,0.05527916722572767,0.5631123185157776,1.149999976158142,53.24800137329102,0.32164841890335083
observed_test,v2_2018_542_48h,,16,PCC,B,2.9761405680146122,0.0,0.05527916722572767,0.5631123185157776,1.149999976158142,53.24800137329102,0.32164841890335083
observed_test,v2_2018_542_48h,,16,PCC,C,2.9761405680146122,0.0,0.05527916722572767,0.5631123185157776,1.149999976158142,53.24800137329102,0.32164841890335083
observed_test,v2_2018_542_48h,,17,PCC,A,2.912059071852747,0.0,0.0,0.5185338854789734,1.149999976158142,53.24800137329102,0.2997533977031708
observed_test,v2_2018_542_48h,,17,PCC,B,2.912059071852747,0.0,0.0,0.5185338854789734,1.149999976158142,53.24800137329102,0.2997533977031708
observed_test,v2_2018_542_48h,,17,PCC,C,2.912059071852747,0.0,0.0,0.5185338854789734,1.149999976158142,53.24800137329102,0.2997533977031708
observed_test,v2_2018_542_48h,,18,PCC,A,2.888165108802557,0.0,0.0,0.501911997795105,1.149999976158142,53.24800137329102,0.2852819263935089
observed_test,v2_2018_542_48h,,18,PCC,B,2.888165108802557,0.0,0.0,0.501911997795105,1.149999976158142,53.24800137329102,0.2852819263935089
observed_test,v2_2018_542_48h,,18,PCC,C,2.888165108802557,0.0,0.0,0.501911997795105,1.149999976158142,53.24800137329102,0.2852819263935089
observed_test,v2_2018_542_48h,,19,PCC,A,2.9849615821466244,0.0,0.0,0.5692486763000488,1.149999976158142,53.24800137329102,0.2762019634246826
observed_test,v2_2018_542_48h,,19,PCC,B,2.9849615821466244,0.0,0.0,0.5692486763000488,1.149999976158142,53.24800137329102,0.2762019634246826
observed_test,v2_2018_542_48h,,19,PCC,C,2.9849615821466244,0.0,0.0,0.5692486763000488,1.149999976158142,53.24800137329102,0.2762019634246826
observed_test,v2_2018_542_48h,,20,PCC,A,2.825617614510635,0.0,0.0,0.458400696516037,1.149999976158142,53.24800137329102,0.2631073296070099
observed_test,v2_2018_542_48h,,20,PCC,B,2.825617614510635,0.0,0.0,0.458400696516037,1.149999976158142,53.24800137329102,0.2631073296070099
observed_test,v2_2018_542_48h,,20,PCC,C,2.825617614510635,0.0,0.0,0.458400696516037,1.149999976158142,53.24800137329102,0.2631073296070099
observed_test,v2_2018_542_48h,,21,PCC,A,2.740638571998929,0.0,0.0,0.39928483963012695,1.149999976158142,53.24800137329102,0.2648462951183319
observed_test,v2_2018_542_48h,,21,PCC,B,2.740638571998929,0.0,0.0,0.39928483963012695,1.149999976158142,53.24800137329102,0.2648462951183319
observed_test,v2_2018_542_48h,,21,PCC,C,2.740638571998929,0.0,0.0,0.39928483963012695,1.149999976158142,53.24800137329102,0.2648462951183319
observed_test,v2_2018_542_48h,,22,PCC,A,2.689500792288461,0.0,0.0,0.3637107312679291,1.149999976158142,53.24800137329102,0.27600327134132385
observed_test,v2_2018_542_48h,,22,PCC,B,2.689500792288461,0.0,0.0,0.3637107312679291,1.149999976158142,53.24800137329102,0.27600327134132385
observed_test,v2_2018_542_48h,,22,PCC,C,2.689500792288461,0.0,0.0,0.3637107312679291,1.149999976158142,53.24800137329102,0.27600327134132385
observed_test,v2_2018_542_48h,,23,PCC,A,2.666340906989589,0.0,0.0,0.34759950637817383,1.149999976158142,53.24800137329102,0.279354065656662
observed_test,v2_2018_542_48h,,23,PCC,B,2.666340906989589,0.0,0.0,0.34759950637817383,1.149999976158142,53.24800137329102,0.279354065656662
observed_test,v2_2018_542_48h,,23,PCC,C,2.666340906989589,0.0,0.0,0.34759950637817383,1.149999976158142,53.24800137329102,0.279354065656662
observed_test,v2_2018_542_48h,,24,PCC,A,2.589738233557025,0.0,0.0,0.29431068897247314,1.149999976158142,53.24800137329102,0.2890777885913849
observed_test,v2_2018_542_48h,,24,PCC,B,2.589738233557025,0.0,0.0,0.29431068897247314,1.149999976158142,53.24800137329102,0.2890777885913849
observed_test,v2_2018_542_48h,,24,PCC,C,2.589738233557025,0.0,0.0,0.29431068897247314,1.149999976158142,53.24800137329102,0.2890777885913849
observed_test,v2_2018_542_48h,,25,PCC,A,2.6237012928594003,0.0,0.0,0.3179371654987335,1.149999976158142,34.72425106811524,0.3088434636592865
observed_test,v2_2018_542_48h,,25,PCC,B,2.6237012928594003,0.0,0.0,0.3179371654987335,1.149999976158142,34.72425106811524,0.3088434636592865
observed_test,v2_2018_542_48h,,25,PCC,C,2.6237012928594003,0.0,0.0,0.3179371654987335,1.149999976158142,34.72425106811524,0.3088434636592865
observed_test,v2_2018_542_48h,,26,PCC,A,2.4875831211508435,0.0,0.0,0.2232462614774704,1.149999976158142,34.72425106811524,0.3097779154777527
observed_test,v2_2018_542_48h,,26,PCC,B,2.4875831211508435,0.0,0.0,0.2232462614774704,1.149999976158142,34.72425106811524,0.3097779154777527
observed_test,v2_2018_542_48h,,26,PCC,C,2.4875831211508435,0.0,0.0,0.2232462614774704,1.149999976158142,34.72425106811524,0.3097779154777527
observed_test,v2_2018_542_48h,,27,PCC,A,2.5452259178952694,0.0,0.0,0.2633455991744995,1.149999976158142,53.24800137329102,0.31163012981414795
observed_test,v2_2018_542_48h,,27,PCC,B,2.5452259178952694,0.0,0.0,0.2633455991744995,1.149999976158142,53.24800137329102,0.31163012981414795
observed_test,v2_2018_542_48h,,27,PCC,C,2.5452259178952694,0.0,0.0,0.2633455991744995,1.149999976158142,53.24800137329102,0.31163012981414795
observed_test,v2_2018_542_48h,,28,PCC,A,2.6066056994782514,0.0,0.0,0.3060445785522461,1.149999976158142,53.24800137329102,0.32150399684906006
observed_test,v2_2018_542_48h,,28,PCC,B,2.6066056994782514,0.0,0.0,0.3060445785522461,1.149999976158142,53.24800137329102,0.32150399684906006
observed_test,v2_2018_542_48h,,28,PCC,C,2.6066056994782514,0.0,0.0,0.3060445785522461,1.149999976158142,53.24800137329102,0.32150399684906006
observed_test,v2_2018_542_48h,,29,PCC,A,2.5763726205374935,0.0,0.0,0.2850128710269928,1.149999976158142,53.24800137329102,0.3338591456413269
observed_test,v2_2018_542_48h,,29,PCC,B,2.5763726205374935,0.0,0.0,0.2850128710269928,1.149999976158142,53.24800137329102,0.3338591456413269
observed_test,v2_2018_542_48h,,29,PCC,C,2.5763726205374935,0.0,0.0,0.2850128710269928,1.149999976158142,53.24800137329102,0.3338591456413269
observed_test,v2_2018_542_48h,,30,PCC,A,2.7605416539868575,0.0,0.0,0.4131304621696472,1.149999976158142,121.88174847412108,0.3498738408088684
observed_test,v2_2018_542_48h,,30,PCC,B,2.7605416539868575,0.0,0.0,0.4131304621696472,1.149999976158142,121.88174847412108,0.3498738408088684
observed_test,v2_2018_542_48h,,30,PCC,C,2.7605416539868575,0.0,0.0,0.4131304621696472,1.149999976158142,121.88174847412108,0.3498738408088684
observed_test,v2_2018_542_48h,,31,PCC,A,3.0129513006293838,0.0,0.0,0.5887197852134705,1.149999976158142,121.88174847412108,0.3462944030761719
observed_test,v2_2018_542_48h,,31,PCC,B,3.0129513006293838,0.0,0.0,0.5887197852134705,1.149999976158142,121.88174847412108,0.3462944030761719
observed_test,v2_2018_542_48h,,31,PCC,C,3.0129513006293838,0.0,0.0,0.5887197852134705,1.149999976158142,121.88174847412108,0.3462944030761719
observed_test,v2_2018_542_48h,,32,PCC,A,2.7649040079514635,0.0,0.3556791692972183,0.41616514325141907,1.149999976158142,121.88174847412108,0.3434279263019562
observed_test,v2_2018_542_48h,,32,PCC,B,2.7649040079514635,0.0,0.3556791692972183,0.41616514325141907,1.149999976158142,121.88174847412108,0.3434279263019562
observed_test,v2_2018_542_48h,,32,PCC,C,2.7649040079514635,0.0,0.3556791692972183,0.41616514325141907,1.149999976158142,121.88174847412108,0.3434279263019562
observed_test,v2_2018_542_48h,,33,PCC,A,2.9051724072175276,0.0,0.698012514756276,0.5137431621551514,1.149999976158142,121.88174847412108,0.34227651357650757
observed_test,v2_2018_542_48h,,33,PCC,B,2.9051724072175276,0.0,0.698012514756276,0.5137431621551514,1.149999976158142,121.88174847412108,0.34227651357650757
observed_test,v2_2018_542_48h,,33,PCC,C,2.9051724072175276,0.0,0.698012514756276,0.5137431621551514,1.149999976158142,121.88174847412108,0.34227651357650757
observed_test,v2_2018_542_48h,,34,PCC,A,2.6904467608222724,0.0,1.0104208038403437,0.3643687963485718,1.149999976158142,53.24800137329102,0.34157341718673706
observed_test,v2_2018_542_48h,,34,PCC,B,2.6904467608222724,0.0,1.0104208038403437,0.3643687963485718,1.149999976158142,53.24800137329102,0.34157341718673706
observed_test,v2_2018_542_48h,,34,PCC,C,2.6904467608222724,0.0,1.0104208038403437,0.3643687963485718,1.149999976158142,53.24800137329102,0.34157341718673706
observed_test,v2_2018_542_48h,,35,PCC,A,2.686130632121376,0.0,1.1441833697832546,0.36136627197265625,1.149999976158142,53.24800137329102,0.33814752101898193
observed_test,v2_2018_542_48h,,35,PCC,B,2.686130632121376,0.0,1.1441833697832546,0.36136627197265625,1.149999976158142,53.24800137329102,0.33814752101898193
observed_test,v2_2018_542_48h,,35,PCC,C,2.686130632121376,0.0,1.1441833697832546,0.36136627197265625,1.149999976158142,53.24800137329102,0.33814752101898193
observed_test,v2_2018_542_48h,,36,PCC,A,2.940481482794702,0.0,1.17980413711988,0.5383059978485107,1.149999976158142,34.72425106811524,0.33659231662750244
observed_test,v2_2018_542_48h,,36,PCC,B,2.940481482794702,0.0,1.17980413711988,0.5383059978485107,1.149999976158142,34.72425106811524,0.33659231662750244
observed_test,v2_2018_542_48h,,36,PCC,C,2.940481482794702,0.0,1.17980413711988,0.5383059978485107,1.149999976158142,34.72425106811524,0.33659231662750244
observed_test,v2_2018_542_48h,,37,PCC,A,3.033735447282245,0.0,1.1227749861203706,0.6031783223152161,1.149999976158142,34.72425106811524,0.3255828320980072
observed_test,v2_2018_542_48h,,37,PCC,B,3.033735447282245,0.0,1.1227749861203706,0.6031783223152161,1.149999976158142,34.72425106811524,0.3255828320980072
observed_test,v2_2018_542_48h,,37,PCC,C,3.033735447282245,0.0,1.1227749861203706,0.6031783223152161,1.149999976158142,34.72425106811524,0.3255828320980072
observed_test,v2_2018_542_48h,,38,PCC,A,3.1232014249141358,0.0,0.9750958818655747,0.6654155254364014,1.149999976158142,34.72425106811524,0.31709447503089905
observed_test,v2_2018_542_48h,,38,PCC,B,3.1232014249141358,0.0,0.9750958818655747,0.6654155254364014,1.149999976158142,34.72425106811524,0.31709447503089905
observed_test,v2_2018_542_48h,,38,PCC,C,3.1232014249141358,0.0,0.9750958818655747,0.6654155254364014,1.149999976158142,34.72425106811524,0.31709447503089905
observed_test,v2_2018_542_48h,,39,PCC,A,2.915610662966831,0.0,0.7193541870667383,0.5210045576095581,1.149999976158142,34.72425106811524,0.3180161416530609
observed_test,v2_2018_542_48h,,39,PCC,B,2.915610662966831,0.0,0.7193541870667383,0.5210045576095581,1.149999976158142,34.72425106811524,0.3180161416530609
observed_test,v2_2018_542_48h,,39,PCC,C,2.915610662966831,0.0,0.7193541870667383,0.5210045576095581,1.149999976158142,34.72425106811524,0.3180161416530609
observed_test,v2_2018_542_48h,,40,PCC,A,2.9761405680146122,0.0,0.3309583434691796,0.5631123185157776,1.149999976158142,53.24800137329102,0.31527936458587646
observed_test,v2_2018_542_48h,,40,PCC,B,2.9761405680146122,0.0,0.3309583434691796,0.5631123185157776,1.149999976158142,53.24800137329102,0.31527936458587646
observed_test,v2_2018_542_48h,,40,PCC,C,2.9761405680146122,0.0,0.3309583434691796,0.5631123185157776,1.149999976158142,53.24800137329102,0.31527936458587646
observed_test,v2_2018_542_48h,,41,PCC,A,2.912059071852747,0.0,0.0,0.5185338854789734,1.149999976158142,53.24800137329102,0.2851102352142334
observed_test,v2_2018_542_48h,,41,PCC,B,2.912059071852747,0.0,0.0,0.5185338854789734,1.149999976158142,53.24800137329102,0.2851102352142334
observed_test,v2_2018_542_48h,,41,PCC,C,2.912059071852747,0.0,0.0,0.5185338854789734,1.149999976158142,53.24800137329102,0.2851102352142334
observed_test,v2_2018_542_48h,,42,PCC,A,2.888165108802557,0.0,0.0,0.501911997795105,1.149999976158142,53.24800137329102,0.2613919973373413
observed_test,v2_2018_542_48h,,42,PCC,B,2.888165108802557,0.0,0.0,0.501911997795105,1.149999976158142,53.24800137329102,0.2613919973373413
observed_test,v2_2018_542_48h,,42,PCC,C,2.888165108802557,0.0,0.0,0.501911997795105,1.149999976158142,53.24800137329102,0.2613919973373413
observed_test,v2_2018_542_48h,,43,PCC,A,2.9849615821466244,0.0,0.0,0.5692486763000488,1.149999976158142,53.24800137329102,0.24509786069393158
observed_test,v2_2018_542_48h,,43,PCC,B,2.9849615821466244,0.0,0.0,0.5692486763000488,1.149999976158142,53.24800137329102,0.24509786069393158
observed_test,v2_2018_542_48h,,43,PCC,C,2.9849615821466244,0.0,0.0,0.5692486763000488,1.149999976158142,53.24800137329102,0.24509786069393158
observed_test,v2_2018_542_48h,,44,PCC,A,2.825617614510635,0.0,0.0,0.458400696516037,1.149999976158142,53.24800137329102,0.24263539910316467
observed_test,v2_2018_542_48h,,44,PCC,B,2.825617614510635,0.0,0.0,0.458400696516037,1.149999976158142,53.24800137329102,0.24263539910316467
observed_test,v2_2018_542_48h,,44,PCC,C,2.825617614510635,0.0,0.0,0.458400696516037,1.149999976158142,53.24800137329102,0.24263539910316467
observed_test,v2_2018_542_48h,,45,PCC,A,2.740638571998929,0.0,0.0,0.39928483963012695,1.149999976158142,53.24800137329102,0.24301493167877197
observed_test,v2_2018_542_48h,,45,PCC,B,2.740638571998929,0.0,0.0,0.39928483963012695,1.149999976158142,53.24800137329102,0.24301493167877197
observed_test,v2_2018_542_48h,,45,PCC,C,2.740638571998929,0.0,0.0,0.39928483963012695,1.149999976158142,53.24800137329102,0.24301493167877197
observed_test,v2_2018_542_48h,,46,PCC,A,2.689500792288461,0.0,0.0,0.3637107312679291,1.149999976158142,53.24800137329102,0.24866795539855957
observed_test,v2_2018_542_48h,,46,PCC,B,2.689500792288461,0.0,0.0,0.3637107312679291,1.149999976158142,53.24800137329102,0.24866795539855957
observed_test,v2_2018_542_48h,,46,PCC,C,2.689500792288461,0.0,0.0,0.3637107312679291,1.149999976158142,53.24800137329102,0.24866795539855957
observed_test,v2_2018_542_48h,,47,PCC,A,2.666340906989589,0.0,0.0,0.34759950637817383,1.149999976158142,53.24800137329102,0.26080694794654846
observed_test,v2_2018_542_48h,,47,PCC,B,2.666340906989589,0.0,0.0,0.34759950637817383,1.149999976158142,53.24800137329102,0.26080694794654846
observed_test,v2_2018_542_48h,,47,PCC,C,2.666340906989589,0.0,0.0,0.34759950637817383,1.149999976158142,53.24800137329102,0.26080694794654846
observed_test,v2_2018_429_48h,,0,PCC,A,2.589738233557025,0.0,0.0,0.29431068897247314,1.149999976158142,53.24800137329102,0.29204216599464417
observed_test,v2_2018_429_48h,,0,PCC,B,2.589738233557025,0.0,0.0,0.29431068897247314,1.149999976158142,53.24800137329102,0.29204216599464417
observed_test,v2_2018_429_48h,,0,PCC,C,2.589738233557025,0.0,0.0,0.29431068897247314,1.149999976158142,53.24800137329102,0.29204216599464417
observed_test,v2_2018_429_48h,,1,PCC,A,2.6237012928594003,0.0,0.0,0.3179371654987335,1.149999976158142,34.72425106811524,0.28155291080474854
observed_test,v2_2018_429_48h,,1,PCC,B,2.6237012928594003,0.0,0.0,0.3179371654987335,1.149999976158142,34.72425106811524,0.28155291080474854
observed_test,v2_2018_429_48h,,1,PCC,C,2.6237012928594003,0.0,0.0,0.3179371654987335,1.149999976158142,34.72425106811524,0.28155291080474854
observed_test,v2_2018_429_48h,,2,PCC,A,2.4875831211508435,0.0,0.0,0.2232462614774704,1.149999976158142,34.72425106811524,0.30299630761146545
observed_test,v2_2018_429_48h,,2,PCC,B,2.4875831211508435,0.0,0.0,0.2232462614774704,1.149999976158142,34.72425106811524,0.30299630761146545
observed_test,v2_2018_429_48h,,2,PCC,C,2.4875831211508435,0.0,0.0,0.2232462614774704,1.149999976158142,34.72425106811524,0.30299630761146545
observed_test,v2_2018_429_48h,,3,PCC,A,2.5452259178952694,0.0,0.0,0.2633455991744995,1.149999976158142,34.72425106811524,0.29573163390159607
observed_test,v2_2018_429_48h,,3,PCC,B,2.5452259178952694,0.0,0.0,0.2633455991744995,1.149999976158142,34.72425106811524,0.29573163390159607
observed_test,v2_2018_429_48h,,3,PCC,C,2.5452259178952694,0.0,0.0,0.2633455991744995,1.149999976158142,34.72425106811524,0.29573163390159607
observed_test,v2_2018_429_48h,,4,PCC,A,2.6066056994782514,0.0,0.0,0.3060445785522461,1.149999976158142,34.72425106811524,0.2604200541973114
observed_test,v2_2018_429_48h,,4,PCC,B,2.6066056994782514,0.0,0.0,0.3060445785522461,1.149999976158142,34.72425106811524,0.2604200541973114
observed_test,v2_2018_429_48h,,4,PCC,C,2.6066056994782514,0.0,0.0,0.3060445785522461,1.149999976158142,34.72425106811524,0.2604200541973114
observed_test,v2_2018_429_48h,,5,PCC,A,2.5763726205374935,0.0,0.004345833216435634,0.2850128710269928,1.149999976158142,34.72425106811524,0.24564382433891296
observed_test,v2_2018_429_48h,,5,PCC,B,2.5763726205374935,0.0,0.004345833216435634,0.2850128710269928,1.149999976158142,34.72425106811524,0.24564382433891296
observed_test,v2_2018_429_48h,,5,PCC,C,2.5763726205374935,0.0,0.004345833216435634,0.2850128710269928,1.149999976158142,34.72425106811524,0.24564382433891296
observed_test,v2_2018_429_48h,,6,PCC,A,2.7605416539868575,0.0,0.09664583664674024,0.4131304621696472,1.149999976158142,53.24800137329102,0.23213675618171692
observed_test,v2_2018_429_48h,,6,PCC,B,2.7605416539868575,0.0,0.09664583664674024,0.4131304621696472,1.149999976158142,53.24800137329102,0.23213675618171692
observed_test,v2_2018_429_48h,,6,PCC,C,2.7605416539868575,0.0,0.09664583664674024,0.4131304621696472,1.149999976158142,53.24800137329102,0.23213675618171692
observed_test,v2_2018_429_48h,,7,PCC,A,3.0315111269718575,0.0,0.36419584200932426,0.5887197852134705,1.1577249765396118,53.24800137329102,0.22217637300491333
observed_test,v2_2018_429_48h,,7,PCC,B,3.0315111269718575,0.0,0.36419584200932426,0.5887197852134705,1.1577249765396118,53.24800137329102,0.22217637300491333
observed_test,v2_2018_429_48h,,7,PCC,C,3.0315111269718575,0.0,0.36419584200932426,0.5887197852134705,1.1577249765396118,53.24800137329102,0.22217637300491333
observed_test,v2_2018_429_48h,,8,PCC,A,2.824933598931836,0.0,0.6265041919854971,0.41616514325141907,1.1774499416351318,53.24800137329102,0.2238142341375351
observed_test,v2_2018_429_48h,,8,PCC,B,2.824933598931836,0.0,0.6265041919854971,0.41616514325141907,1.1774499416351318,53.24800137329102,0.2238142341375351
observed_test,v2_2018_429_48h,,8,PCC,C,2.824933598931836,0.0,0.6265041919854971,0.41616514325141907,1.1774499416351318,53.24800137329102,0.2238142341375351
observed_test,v2_2018_429_48h,,9,PCC,A,3.013399545625056,0.0,0.9129583262480221,0.5137431621551514,1.196874976158142,53.24800137329102,0.2249642014503479
observed_test,v2_2018_429_48h,,9,PCC,B,3.013399545625056,0.0,0.9129583262480221,0.5137431621551514,1.196874976158142,53.24800137329102,0.2249642014503479
observed_test,v2_2018_429_48h,,9,PCC,C,3.013399545625056,0.0,0.9129583262480221,0.5137431621551514,1.196874976158142,53.24800137329102,0.2249642014503479
observed_test,v2_2018_429_48h,,10,PCC,A,2.8083840335723096,0.0,1.0779166450867286,0.3643687963485718,1.2055749893188477,53.24800137329102,0.22651337087154388
observed_test,v2_2018_429_48h,,10,PCC,B,2.8083840335723096,0.0,1.0779166450867286,0.3643687963485718,1.2055749893188477,53.24800137329102,0.22651337087154388
observed_test,v2_2018_429_48h,,10,PCC,C,2.8083840335723096,0.0,1.0779166450867286,0.3643687963485718,1.2055749893188477,53.24800137329102,0.22651337087154388
observed_test,v2_2018_429_48h,,11,PCC,A,2.8133920751545247,0.0,1.1748875562961285,0.36136627197265625,1.2100750207901,53.24800137329102,0.23188455402851105
observed_test,v2_2018_429_48h,,11,PCC,B,2.8133920751545247,0.0,1.1748875562961285,0.36136627197265625,1.2100750207901,53.24800137329102,0.23188455402851105
observed_test,v2_2018_429_48h,,11,PCC,C,2.8133920751545247,0.0,1.1748875562961285,0.36136627197265625,1.2100750207901,53.24800137329102,0.23188455402851105
observed_test,v2_2018_429_48h,,12,PCC,A,3.0861184606444803,0.0,1.1984041103949912,0.5383059978485107,1.212249994277954,53.24800137329102,0.24851679801940918
observed_test,v2_2018_429_48h,,12,PCC,B,3.0861184606444803,0.0,1.1984041103949912,0.5383059978485107,1.212249994277954,53.24800137329102,0.24851679801940918
observed_test,v2_2018_429_48h,,12,PCC,C,3.0861184606444803,0.0,1.1984041103949912,0.5383059978485107,1.212249994277954,53.24800137329102,0.24851679801940918
observed_test,v2_2018_429_48h,,13,PCC,A,3.1862356524415003,0.0,1.1479457983603842,0.6031783223152161,1.212999939918518,53.24800137329102,0.2552449107170105
observed_test,v2_2018_429_48h,,13,PCC,B,3.1862356524415003,0.0,1.1479457983603842,0.6031783223152161,1.212999939918518,53.24800137329102,0.2552449107170105
observed_test,v2_2018_429_48h,,13,PCC,C,3.1862356524415003,0.0,1.1479457983603842,0.6031783223152161,1.212999939918518,53.24800137329102,0.2552449107170105
observed_test,v2_2018_429_48h,,14,PCC,A,3.279291133779767,0.0,1.0272750487694373,0.6654155254364014,1.2124749422073364,53.24800137329102,0.2668544054031372
observed_test,v2_2018_429_48h,,14,PCC,B,3.279291133779767,0.0,1.0272750487694373,0.6654155254364014,1.2124749422073364,53.24800137329102,0.2668544054031372
observed_test,v2_2018_429_48h,,14,PCC,C,3.279291133779767,0.0,1.0272750487694373,0.6654155254364014,1.2124749422073364,53.24800137329102,0.2668544054031372
observed_test,v2_2018_429_48h,,15,PCC,A,3.0545120682095734,0.0,0.5650750146462367,0.5210045576095581,1.2099249362945557,53.24800137329102,0.2685477137565613
observed_test,v2_2018_429_48h,,15,PCC,B,3.0545120682095734,0.0,0.5650750146462367,0.5210045576095581,1.2099249362945557,53.24800137329102,0.2685477137565613
observed_test,v2_2018_429_48h,,15,PCC,C,3.0545120682095734,0.0,0.5650750146462367,0.5210045576095581,1.2099249362945557,53.24800137329102,0.2685477137565613
observed_test,v2_2018_429_48h,,16,PCC,A,3.108773343854152,0.0,0.24580416771081773,0.5631123185157776,1.2059500217437744,53.24800137329102,0.2619698643684387
observed_test,v2_2018_429_48h,,16,PCC,B,3.108773343854152,0.0,0.24580416771081773,0.5631123185157776,1.2059500217437744,53.24800137329102,0.2619698643684387
observed_test,v2_2018_429_48h,,16,PCC,C,3.108773343854152,0.0,0.24580416771081773,0.5631123185157776,1.2059500217437744,53.24800137329102,0.2619698643684387
observed_test,v2_2018_429_48h,,17,PCC,A,3.0214350545221724,0.0,0.07404583291365549,0.5185338854789734,1.1972500085830688,53.24800137329102,0.2320890873670578
observed_test,v2_2018_429_48h,,17,PCC,B,3.0214350545221724,0.0,0.07404583291365549,0.5185338854789734,1.1972500085830688,53.24800137329102,0.2320890873670578
observed_test,v2_2018_429_48h,,17,PCC,C,3.0214350545221724,0.0,0.07404583291365549,0.5185338854789734,1.1972500085830688,53.24800137329102,0.2320890873670578
observed_test,v2_2018_429_48h,,18,PCC,A,2.9741922883937755,0.0,0.0005333333459790222,0.501911997795105,1.1875,121.88174847412108,0.21596577763557434
observed_test,v2_2018_429_48h,,18,PCC,B,2.9741922883937755,0.0,0.0005333333459790222,0.501911997795105,1.1875,121.88174847412108,0.21596577763557434
observed_test,v2_2018_429_48h,,18,PCC,C,2.9741922883937755,0.0,0.0005333333459790222,0.501911997795105,1.1875,121.88174847412108,0.21596577763557434
observed_test,v2_2018_429_48h,,19,PCC,A,3.0457848501078786,0.0,0.0,0.5692486763000488,1.1755750179290771,121.88174847412108,0.20615766942501068
observed_test,v2_2018_429_48h,,19,PCC,B,3.0457848501078786,0.0,0.0,0.5692486763000488,1.1755750179290771,121.88174847412108,0.20615766942501068
observed_test,v2_2018_429_48h,,19,PCC,C,3.0457848501078786,0.0,0.0,0.5692486763000488,1.1755750179290771,121.88174847412108,0.20615766942501068
observed_test,v2_2018_429_48h,,20,PCC,A,2.873490642683217,0.0,0.0,0.458400696516037,1.171375036239624,121.88174847412108,0.2008131742477417
observed_test,v2_2018_429_48h,,20,PCC,B,2.873490642683217,0.0,0.0,0.458400696516037,1.171375036239624,121.88174847412108,0.2008131742477417
observed_test,v2_2018_429_48h,,20,PCC,C,2.873490642683217,0.0,0.0,0.458400696516037,1.171375036239624,121.88174847412108,0.2008131742477417
observed_test,v2_2018_429_48h,,21,PCC,A,2.7778356299988283,0.0,0.0,0.39928483963012695,1.1671749353408813,53.24800137329102,0.1999589502811432
observed_test,v2_2018_429_48h,,21,PCC,B,2.7778356299988283,0.0,0.0,0.39928483963012695,1.1671749353408813,53.24800137329102,0.1999589502811432
observed_test,v2_2018_429_48h,,21,PCC,C,2.7778356299988283,0.0,0.0,0.39928483963012695,1.1671749353408813,53.24800137329102,0.1999589502811432
observed_test,v2_2018_429_48h,,22,PCC,A,2.71718373902944,0.0,0.0,0.3637107312679291,1.1630499362945557,53.24800137329102,0.20652389526367188
observed_test,v2_2018_429_48h,,22,PCC,B,2.71718373902944,0.0,0.0,0.3637107312679291,1.1630499362945557,53.24800137329102,0.20652389526367188
observed_test,v2_2018_429_48h,,22,PCC,C,2.71718373902944,0.0,0.0,0.3637107312679291,1.1630499362945557,53.24800137329102,0.20652389526367188
observed_test,v2_2018_429_48h,,23,PCC,A,2.6861968395933076,0.0,0.0,0.34759950637817383,1.1594499349594116,53.24800137329102,0.24197621643543243
observed_test,v2_2018_429_48h,,23,PCC,B,2.6861968395933076,0.0,0.0,0.34759950637817383,1.1594499349594116,53.24800137329102,0.24197621643543243
observed_test,v2_2018_429_48h,,23,PCC,C,2.6861968395933076,0.0,0.0,0.34759950637817383,1.1594499349594116,53.24800137329102,0.24197621643543243
observed_test,v2_2018_429_48h,,24,PCC,A,2.6025558743519603,0.0,0.0,0.29431068897247314,1.1562999486923218,53.24800137329102,0.2597443163394928
observed_test,v2_2018_429_48h,,24,PCC,B,2.6025558743519603,0.0,0.0,0.29431068897247314,1.1562999486923218,53.24800137329102,0.2597443163394928
observed_test,v2_2018_429_48h,,24,PCC,C,2.6025558743519603,0.0,0.0,0.29431068897247314,1.1562999486923218,53.24800137329102,0.2597443163394928
observed_test,v2_2018_429_48h,,25,PCC,A,2.6315963252094527,0.0,0.0,0.3179371654987335,1.1538249254226685,53.24800137329102,0.2683746814727783
observed_test,v2_2018_429_48h,,25,PCC,B,2.6315963252094527,0.0,0.0,0.3179371654987335,1.1538249254226685,53.24800137329102,0.2683746814727783
observed_test,v2_2018_429_48h,,25,PCC,C,2.6315963252094527,0.0,0.0,0.3179371654987335,1.1538249254226685,53.24800137329102,0.2683746814727783
observed_test,v2_2018_429_48h,,26,PCC,A,2.4893343318315697,0.0,0.0,0.2232462614774704,1.1509000062942505,53.24800137329102,0.28207725286483765
observed_test,v2_2018_429_48h,,26,PCC,B,2.4893343318315697,0.0,0.0,0.2232462614774704,1.1509000062942505,53.24800137329102,0.28207725286483765
observed_test,v2_2018_429_48h,,26,PCC,C,2.4893343318315697,0.0,0.0,0.2232462614774704,1.1509000062942505,53.24800137329102,0.28207725286483765
observed_test,v2_2018_429_48h,,27,PCC,A,2.5452259178952694,0.0,0.0,0.2633455991744995,1.149999976158142,53.24800137329102,0.29512742161750793
observed_test,v2_2018_429_48h,,27,PCC,B,2.5452259178952694,0.0,0.0,0.2633455991744995,1.149999976158142,53.24800137329102,0.29512742161750793
observed_test,v2_2018_429_48h,,27,PCC,C,2.5452259178952694,0.0,0.0,0.2633455991744995,1.149999976158142,53.24800137329102,0.29512742161750793
observed_test,v2_2018_429_48h,,28,PCC,A,2.6066056994782514,0.0,0.0,0.3060445785522461,1.149999976158142,53.24800137329102,0.2957279682159424
observed_test,v2_2018_429_48h,,28,PCC,B,2.6066056994782514,0.0,0.0,0.3060445785522461,1.149999976158142,53.24800137329102,0.2957279682159424
observed_test,v2_2018_429_48h,,28,PCC,C,2.6066056994782514,0.0,0.0,0.3060445785522461,1.149999976158142,53.24800137329102,0.2957279682159424
observed_test,v2_2018_429_48h,,29,PCC,A,2.5786483755153378,0.0,0.005070833363928474,0.2850128710269928,1.1511249542236328,53.24800137329102,0.2854676842689514
observed_test,v2_2018_429_48h,,29,PCC,B,2.5786483755153378,0.0,0.005070833363928474,0.2850128710269928,1.1511249542236328,53.24800137329102,0.2854676842689514
observed_test,v2_2018_429_48h,,29,PCC,C,2.5786483755153378,0.0,0.005070833363928474,0.2850128710269928,1.1511249542236328,53.24800137329102,0.2854676842689514
observed_test,v2_2018_429_48h,,30,PCC,A,2.7895220971371715,0.0,0.09911666409327434,0.4131304621696472,1.1632750034332275,53.24800137329102,0.27972814440727234
observed_test,v2_2018_429_48h,,30,PCC,B,2.7895220971371715,0.0,0.09911666409327434,0.4131304621696472,1.1632750034332275,53.24800137329102,0.27972814440727234
observed_test,v2_2018_429_48h,,30,PCC,C,2.7895220971371715,0.0,0.09911666409327434,0.4131304621696472,1.1632750034332275,53.24800137329102,0.27972814440727234
observed_test,v2_2018_429_48h,,31,PCC,A,3.0745771873991967,0.0,0.3630333221875704,0.5887197852134705,1.1756500005722046,53.24800137329102,0.27816811203956604
observed_test,v2_2018_429_48h,,31,PCC,B,3.0745771873991967,0.0,0.3630333221875704,0.5887197852134705,1.1756500005722046,53.24800137329102,0.27816811203956604
observed_test,v2_2018_429_48h,,31,PCC,C,3.0745771873991967,0.0,0.3630333221875704,0.5887197852134705,1.1756500005722046,53.24800137329102,0.27816811203956604
observed_test,v2_2018_429_48h,,32,PCC,A,2.855932650614817,0.0,0.6620000188167278,0.41616514325141907,1.1916249990463257,53.24800137329102,0.28536751866340637
observed_test,v2_2018_429_48h,,32,PCC,B,2.855932650614817,0.0,0.6620000188167278,0.41616514325141907,1.1916249990463257,53.24800137329102,0.28536751866340637
observed_test,v2_2018_429_48h,,32,PCC,C,2.855932650614817,0.0,0.6620000188167278,0.41616514325141907,1.1916249990463257,53.24800137329102,0.28536751866340637
observed_test,v2_2018_429_48h,,33,PCC,A,3.0324475175810073,0.0,0.905074981542734,0.5137431621551514,1.2051249742507935,53.24800137329102,0.29526129364967346
observed_test,v2_2018_429_48h,,33,PCC,B,3.0324475175810073,0.0,0.905074981542734,0.5137431621551514,1.2051249742507935,53.24800137329102,0.29526129364967346
observed_test,v2_2018_429_48h,,33,PCC,C,3.0324475175810073,0.0,0.905074981542734,0.5137431621551514,1.2051249742507935,53.24800137329102,0.29526129364967346
observed_test,v2_2018_429_48h,,34,PCC,A,2.8246183478304197,0.0,1.067508298617143,0.3643687963485718,1.21322500705719,53.24800137329102,0.30343109369277954
observed_test,v2_2018_429_48h,,34,PCC,B,2.8246183478304197,0.0,1.067508298617143,0.3643687963485718,1.21322500705719,53.24800137329102,0.30343109369277954
observed_test,v2_2018_429_48h,,34,PCC,C,2.8246183478304197,0.0,1.067508298617143,0.3643687963485718,1.21322500705719,53.24800137329102,0.30343109369277954
observed_test,v2_2018_429_48h,,35,PCC,A,2.831345184752687,0.0,1.1598833478414095,0.36136627197265625,1.2185499668121338,53.24800137329102,0.2977258265018463
observed_test,v2_2018_429_48h,,35,PCC,B,2.831345184752687,0.0,1.1598833478414095,0.36136627197265625,1.2185499668121338,53.24800137329102,0.2977258265018463
observed_test,v2_2018_429_48h,,35,PCC,C,2.831345184752687,0.0,1.1598833478414095,0.36136627197265625,1.2185499668121338,53.24800137329102,0.2977258265018463
observed_test,v2_2018_429_48h,,36,PCC,A,3.1082271038576104,0.0,1.1864416874372041,0.5383059978485107,1.2216999530792236,53.24800137329102,0.28627684712409973
observed_test,v2_2018_429_48h,,36,PCC,B,3.1082271038576104,0.0,1.1864416874372041,0.5383059978485107,1.2216999530792236,53.24800137329102,0.28627684712409973
observed_test,v2_2018_429_48h,,36,PCC,C,3.1082271038576104,0.0,1.1864416874372041,0.5383059978485107,1.2216999530792236,53.24800137329102,0.28627684712409973
observed_test,v2_2018_429_48h,,37,PCC,A,3.211107739254848,0.0,1.1450083209918094,0.6031783223152161,1.2232749462127686,53.24800137329102,0.2841779291629791
observed_test,v2_2018_429_48h,,37,PCC,B,3.211107739254848,0.0,1.1450083209918094,0.6031783223152161,1.2232749462127686,53.24800137329102,0.2841779291629791
observed_test,v2_2018_429_48h,,37,PCC,C,3.211107739254848,0.0,1.1450083209918094,0.6031783223152161,1.2232749462127686,53.24800137329102,0.2841779291629791
observed_test,v2_2018_429_48h,,38,PCC,A,3.306461592720948,0.0,1.0337916704324575,0.6654155254364014,1.223349928855896,53.24800137329102,0.283867210149765
observed_test,v2_2018_429_48h,,38,PCC,B,3.306461592720948,0.0,1.0337916704324575,0.6654155254364014,1.223349928855896,53.24800137329102,0.283867210149765
observed_test,v2_2018_429_48h,,38,PCC,C,3.306461592720948,0.0,1.0337916704324575,0.6654155254364014,1.223349928855896,53.24800137329102,0.283867210149765
observed_test,v2_2018_429_48h,,39,PCC,A,3.081805642947446,0.0,0.8514874829695774,0.5210045576095581,1.2216999530792236,53.24800137329102,0.26969581842422485
observed_test,v2_2018_429_48h,,39,PCC,B,3.081805642947446,0.0,0.8514874829695774,0.5210045576095581,1.2216999530792236,53.24800137329102,0.26969581842422485
observed_test,v2_2018_429_48h,,39,PCC,C,3.081805642947446,0.0,0.8514874829695774,0.5210045576095581,1.2216999530792236,53.24800137329102,0.26969581842422485
observed_test,v2_2018_429_48h,,40,PCC,A,3.1393535177822263,0.0,0.5943333300260397,0.5631123185157776,1.218850016593933,53.24800137329102,0.24999181926250458
observed_test,v2_2018_429_48h,,40,PCC,B,3.1393535177822263,0.0,0.5943333300260397,0.5631123185157776,1.218850016593933,53.24800137329102,0.24999181926250458
observed_test,v2_2018_429_48h,,40,PCC,C,3.1393535177822263,0.0,0.5943333300260397,0.5631123185157776,1.218850016593933,53.24800137329102,0.24999181926250458
observed_test,v2_2018_429_48h,,41,PCC,A,3.0526852564420888,0.0,0.29412917792797083,0.5185338854789734,1.2107499837875366,53.24800137329102,0.2426277995109558
observed_test,v2_2018_429_48h,,41,PCC,B,3.0526852564420888,0.0,0.29412917792797083,0.5185338854789734,1.2107499837875366,53.24800137329102,0.2426277995109558
observed_test,v2_2018_429_48h,,41,PCC,C,3.0526852564420888,0.0,0.29412917792797083,0.5185338854789734,1.2107499837875366,53.24800137329102,0.2426277995109558
observed_test,v2_2018_429_48h,,42,PCC,A,3.000344498482716,0.0,0.06545833670175992,0.501911997795105,1.1988999843597412,53.24800137329102,0.22674660384655
observed_test,v2_2018_429_48h,,42,PCC,B,3.000344498482716,0.0,0.06545833670175992,0.501911997795105,1.1988999843597412,53.24800137329102,0.22674660384655
observed_test,v2_2018_429_48h,,42,PCC,C,3.000344498482716,0.0,0.06545833670175992,0.501911997795105,1.1988999843597412,53.24800137329102,0.22674660384655
observed_test,v2_2018_429_48h,,43,PCC,A,3.061837856329452,0.0,0.0,0.5692486763000488,1.182325005531311,53.24800137329102,0.20943984389305115
observed_test,v2_2018_429_48h,,43,PCC,B,3.061837856329452,0.0,0.0,0.5692486763000488,1.182325005531311,53.24800137329102,0.20943984389305115
observed_test,v2_2018_429_48h,,43,PCC,C,3.061837856329452,0.0,0.0,0.5692486763000488,1.182325005531311,53.24800137329102,0.20943984389305115
observed_test,v2_2018_429_48h,,44,PCC,A,2.8862567301314037,0.0,0.0,0.458400696516037,1.1770750284194946,53.24800137329102,0.20312906801700592
observed_test,v2_2018_429_48h,,44,PCC,B,2.8862567301314037,0.0,0.0,0.458400696516037,1.1770750284194946,53.24800137329102,0.20312906801700592
observed_test,v2_2018_429_48h,,44,PCC,C,2.8862567301314037,0.0,0.0,0.458400696516037,1.1770750284194946,53.24800137329102,0.20312906801700592
observed_test,v2_2018_429_48h,,45,PCC,A,2.7892061453685244,0.0,0.0,0.39928483963012695,1.1724250316619873,53.24800137329102,0.1994336098432541
observed_test,v2_2018_429_48h,,45,PCC,B,2.7892061453685244,0.0,0.0,0.39928483963012695,1.1724250316619873,53.24800137329102,0.1994336098432541
observed_test,v2_2018_429_48h,,45,PCC,C,2.7892061453685244,0.0,0.0,0.39928483963012695,1.1724250316619873,53.24800137329102,0.1994336098432541
observed_test,v2_2018_429_48h,,46,PCC,A,2.7273661757795593,0.0,0.0,0.3637107312679291,1.1678500175476074,53.24800137329102,0.21388521790504456
observed_test,v2_2018_429_48h,,46,PCC,B,2.7273661757795593,0.0,0.0,0.3637107312679291,1.1678500175476074,53.24800137329102,0.21388521790504456
observed_test,v2_2018_429_48h,,46,PCC,C,2.7273661757795593,0.0,0.0,0.3637107312679291,1.1678500175476074,53.24800137329102,0.21388521790504456
observed_test,v2_2018_429_48h,,47,PCC,A,2.6962826073577304,0.0,0.0,0.34759950637817383,1.1642500162124634,53.24800137329102,0.251971572637558
observed_test,v2_2018_429_48h,,47,PCC,B,2.6962826073577304,0.0,0.0,0.34759950637817383,1.1642500162124634,53.24800137329102,0.251971572637558
observed_test,v2_2018_429_48h,,47,PCC,C,2.6962826073577304,0.0,0.0,0.34759950637817383,1.1642500162124634,53.24800137329102,0.251971572637558
observed_test,v2_2018_482_48h,,0,PCC,A,2.589738233557025,0.0,0.0,0.29431068897247314,1.149999976158142,53.24800137329102,0.3548120856285095
observed_test,v2_2018_482_48h,,0,PCC,B,2.589738233557025,0.0,0.0,0.29431068897247314,1.149999976158142,53.24800137329102,0.3548120856285095
observed_test,v2_2018_482_48h,,0,PCC,C,2.589738233557025,0.0,0.0,0.29431068897247314,1.149999976158142,53.24800137329102,0.3548120856285095
observed_test,v2_2018_482_48h,,1,PCC,A,2.6237012928594003,0.0,0.0,0.3179371654987335,1.149999976158142,53.24800137329102,0.3646826446056366
observed_test,v2_2018_482_48h,,1,PCC,B,2.6237012928594003,0.0,0.0,0.3179371654987335,1.149999976158142,53.24800137329102,0.3646826446056366
observed_test,v2_2018_482_48h,,1,PCC,C,2.6237012928594003,0.0,0.0,0.3179371654987335,1.149999976158142,53.24800137329102,0.3646826446056366
observed_test,v2_2018_482_48h,,2,PCC,A,2.4875831211508435,0.0,0.0,0.2232462614774704,1.149999976158142,53.24800137329102,0.3680115044116974
observed_test,v2_2018_482_48h,,2,PCC,B,2.4875831211508435,0.0,0.0,0.2232462614774704,1.149999976158142,53.24800137329102,0.3680115044116974
observed_test,v2_2018_482_48h,,2,PCC,C,2.4875831211508435,0.0,0.0,0.2232462614774704,1.149999976158142,53.24800137329102,0.3680115044116974
observed_test,v2_2018_482_48h,,3,PCC,A,2.5452259178952694,0.0,0.0,0.2633455991744995,1.149999976158142,53.24800137329102,0.3710765242576599
observed_test,v2_2018_482_48h,,3,PCC,B,2.5452259178952694,0.0,0.0,0.2633455991744995,1.149999976158142,53.24800137329102,0.3710765242576599
observed_test,v2_2018_482_48h,,3,PCC,C,2.5452259178952694,0.0,0.0,0.2633455991744995,1.149999976158142,53.24800137329102,0.3710765242576599
observed_test,v2_2018_482_48h,,4,PCC,A,2.6066056994782514,0.0,0.0,0.3060445785522461,1.149999976158142,53.24800137329102,0.3493121564388275
observed_test,v2_2018_482_48h,,4,PCC,B,2.6066056994782514,0.0,0.0,0.3060445785522461,1.149999976158142,53.24800137329102,0.3493121564388275
observed_test,v2_2018_482_48h,,4,PCC,C,2.6066056994782514,0.0,0.0,0.3060445785522461,1.149999976158142,53.24800137329102,0.3493121564388275
observed_test,v2_2018_482_48h,,5,PCC,A,2.5763726205374935,0.0,0.0,0.2850128710269928,1.149999976158142,53.24800137329102,0.32308244705200195
observed_test,v2_2018_482_48h,,5,PCC,B,2.5763726205374935,0.0,0.0,0.2850128710269928,1.149999976158142,53.24800137329102,0.32308244705200195
observed_test,v2_2018_482_48h,,5,PCC,C,2.5763726205374935,0.0,0.0,0.2850128710269928,1.149999976158142,53.24800137329102,0.32308244705200195
observed_test,v2_2018_482_48h,,6,PCC,A,2.7605416539868575,0.0,0.04955000029160426,0.4131304621696472,1.149999976158142,53.24800137329102,0.2904535233974457
observed_test,v2_2018_482_48h,,6,PCC,B,2.7605416539868575,0.0,0.04955000029160426,0.4131304621696472,1.149999976158142,53.24800137329102,0.2904535233974457
observed_test,v2_2018_482_48h,,6,PCC,C,2.7605416539868575,0.0,0.04955000029160426,0.4131304621696472,1.149999976158142,53.24800137329102,0.2904535233974457
observed_test,v2_2018_482_48h,,7,PCC,A,3.042142600596632,0.0,0.2414708240674092,0.5887197852134705,1.1621500253677368,53.24800137329102,0.2714405357837677
observed_test,v2_2018_482_48h,,7,PCC,B,3.042142600596632,0.0,0.2414708240674092,0.5887197852134705,1.1621500253677368,53.24800137329102,0.2714405357837677
observed_test,v2_2018_482_48h,,7,PCC,C,3.042142600596632,0.0,0.2414708240674092,0.5887197852134705,1.1621500253677368,53.24800137329102,0.2714405357837677
observed_test,v2_2018_482_48h,,8,PCC,A,2.832642367471356,0.0,0.5334250055826627,0.41616514325141907,1.1809749603271484,53.24800137329102,0.2632492184638977
observed_test,v2_2018_482_48h,,8,PCC,B,2.832642367471356,0.0,0.5334250055826627,0.41616514325141907,1.1809749603271484,53.24800137329102,0.2632492184638977
observed_test,v2_2018_482_48h,,8,PCC,C,2.832642367471356,0.0,0.5334250055826627,0.41616514325141907,1.1809749603271484,53.24800137329102,0.2632492184638977
observed_test,v2_2018_482_48h,,9,PCC,A,3.001451282315808,0.0,0.806220850119224,0.5137431621551514,1.1916999816894531,53.24800137329102,0.25602078437805176
observed_test,v2_2018_482_48h,,9,PCC,B,3.001451282315808,0.0,0.806220850119224,0.5137431621551514,1.1916999816894531,53.24800137329102,0.25602078437805176
observed_test,v2_2018_482_48h,,9,PCC,C,3.001451282315808,0.0,0.806220850119224,0.5137431621551514,1.1916999816894531,53.24800137329102,0.25602078437805176
observed_test,v2_2018_482_48h,,10,PCC,A,2.7932638314796385,0.0,0.8420291428382579,0.3643687963485718,1.198449969291687,53.24800137329102,0.27195778489112854
observed_test,v2_2018_482_48h,,10,PCC,B,2.7932638314796385,0.0,0.8420291428382579,0.3643687963485718,1.198449969291687,53.24800137329102,0.27195778489112854
observed_test,v2_2018_482_48h,,10,PCC,C,2.7932638314796385,0.0,0.8420291428382579,0.3643687963485718,1.198449969291687,53.24800137329102,0.27195778489112854
observed_test,v2_2018_482_48h,,11,PCC,A,2.800364056584916,0.0,1.0265541764406056,0.36136627197265625,1.2039250135421753,53.24800137329102,0.2934848368167877
observed_test,v2_2018_482_48h,,11,PCC,B,2.800364056584916,0.0,1.0265541764406056,0.36136627197265625,1.2039250135421753,53.24800137329102,0.2934848368167877
observed_test,v2_2018_482_48h,,11,PCC,C,2.800364056584916,0.0,1.0265541764406056,0.36136627197265625,1.2039250135421753,53.24800137329102,0.2934848368167877
observed_test,v2_2018_482_48h,,12,PCC,A,3.07559041577804,0.0,0.9688166471628041,0.5383059978485107,1.2077499628067017,53.24800137329102,0.3061053156852722
observed_test,v2_2018_482_48h,,12,PCC,B,3.07559041577804,0.0,0.9688166471628041,0.5383059978485107,1.2077499628067017,53.24800137329102,0.3061053156852722
observed_test,v2_2018_482_48h,,12,PCC,C,3.07559041577804,0.0,0.9688166471628041,0.5383059978485107,1.2077499628067017,53.24800137329102,0.3061053156852722
observed_test,v2_2018_482_48h,,13,PCC,A,3.179155477461487,0.0,0.709016678424982,0.6031783223152161,1.2100750207901,53.24800137329102,0.3092762529850006
observed_test,v2_2018_482_48h,,13,PCC,B,3.179155477461487,0.0,0.709016678424982,0.6031783223152161,1.2100750207901,53.24800137329102,0.3092762529850006
observed_test,v2_2018_482_48h,,13,PCC,C,3.179155477461487,0.0,0.709016678424982,0.6031783223152161,1.2100750207901,53.24800137329102,0.3092762529850006
observed_test,v2_2018_482_48h,,14,PCC,A,3.2734824228779424,0.0,0.7882125102556667,0.6654155254364014,1.2101500034332275,53.24800137329102,0.3121802508831024
observed_test,v2_2018_482_48h,,14,PCC,B,3.2734824228779424,0.0,0.7882125102556667,0.6654155254364014,1.2101500034332275,53.24800137329102,0.3121802508831024
observed_test,v2_2018_482_48h,,14,PCC,C,3.2734824228779424,0.0,0.7882125102556667,0.6654155254364014,1.2101500034332275,53.24800137329102,0.3121802508831024
observed_test,v2_2018_482_48h,,15,PCC,A,3.050339944566511,0.0,0.8032541435498457,0.5210045576095581,1.2081249952316284,53.24800137329102,0.331370085477829
observed_test,v2_2018_482_48h,,15,PCC,B,3.050339944566511,0.0,0.8032541435498457,0.5210045576095581,1.2081249952316284,53.24800137329102,0.331370085477829
observed_test,v2_2018_482_48h,,15,PCC,C,3.050339944566511,0.0,0.8032541435498457,0.5210045576095581,1.2081249952316284,53.24800137329102,0.331370085477829
observed_test,v2_2018_482_48h,,16,PCC,A,3.106817521690861,0.0,0.5977541781388795,0.5631123185157776,1.2051249742507935,53.24800137329102,0.3452150523662567
observed_test,v2_2018_482_48h,,16,PCC,B,3.106817521690861,0.0,0.5977541781388795,0.5631123185157776,1.2051249742507935,53.24800137329102,0.3452150523662567
observed_test,v2_2018_482_48h,,16,PCC,C,3.106817521690861,0.0,0.5977541781388795,0.5631123185157776,1.2051249742507935,53.24800137329102,0.3452150523662567
observed_test,v2_2018_482_48h,,17,PCC,A,3.023171054206737,0.0,0.2843208324450713,0.5185338854789734,1.1979999542236328,53.24800137329102,0.34414005279541016
observed_test,v2_2018_482_48h,,17,PCC,B,3.023171054206737,0.0,0.2843208324450713,0.5185338854789734,1.1979999542236328,53.24800137329102,0.34414005279541016
observed_test,v2_2018_482_48h,,17,PCC,C,3.023171054206737,0.0,0.2843208324450713,0.5185338854789734,1.1979999542236328,53.24800137329102,0.34414005279541016
observed_test,v2_2018_482_48h,,18,PCC,A,2.97333194276019,0.0,0.04158750033149352,0.501911997795105,1.1871249675750732,53.24800137329102,0.3426823019981384
observed_test,v2_2018_482_48h,,18,PCC,B,2.97333194276019,0.0,0.04158750033149352,0.501911997795105,1.1871249675750732,53.24800137329102,0.3426823019981384
observed_test,v2_2018_482_48h,,18,PCC,C,2.97333194276019,0.0,0.04158750033149352,0.501911997795105,1.1871249675750732,53.24800137329102,0.3426823019981384
observed_test,v2_2018_482_48h,,19,PCC,A,3.0345477741034586,0.0,0.0,0.5692486763000488,1.1708500385284424,53.24800137329102,0.3418526351451874
observed_test,v2_2018_482_48h,,19,PCC,B,3.0345477741034586,0.0,0.0,0.5692486763000488,1.1708500385284424,53.24800137329102,0.3418526351451874
observed_test,v2_2018_482_48h,,19,PCC,C,3.0345477741034586,0.0,0.0,0.5692486763000488,1.1708500385284424,53.24800137329102,0.3418526351451874
observed_test,v2_2018_482_48h,,20,PCC,A,2.856693018678142,0.0,0.0,0.458400696516037,1.1638749837875366,53.24800137329102,0.33651256561279297
observed_test,v2_2018_482_48h,,20,PCC,B,2.856693018678142,0.0,0.0,0.458400696516037,1.1638749837875366,53.24800137329102,0.33651256561279297
observed_test,v2_2018_482_48h,,20,PCC,C,2.856693018678142,0.0,0.0,0.458400696516037,1.1638749837875366,53.24800137329102,0.33651256561279297
observed_test,v2_2018_482_48h,,21,PCC,A,2.7625671095644955,0.0,0.0,0.39928483963012695,1.1601250171661377,53.24800137329102,0.3371344804763794
observed_test,v2_2018_482_48h,,21,PCC,B,2.7625671095644955,0.0,0.0,0.39928483963012695,1.1601250171661377,53.24800137329102,0.3371344804763794
observed_test,v2_2018_482_48h,,21,PCC,C,2.7625671095644955,0.0,0.0,0.39928483963012695,1.1601250171661377,53.24800137329102,0.3371344804763794
observed_test,v2_2018_482_48h,,22,PCC,A,2.704615133472533,0.0,0.0,0.3637107312679291,1.1571249961853027,53.24800137329102,0.33799830079078674
observed_test,v2_2018_482_48h,,22,PCC,B,2.704615133472533,0.0,0.0,0.3637107312679291,1.1571249961853027,53.24800137329102,0.33799830079078674
observed_test,v2_2018_482_48h,,22,PCC,C,2.704615133472533,0.0,0.0,0.3637107312679291,1.1571249961853027,53.24800137329102,0.33799830079078674
observed_test,v2_2018_482_48h,,23,PCC,A,2.6757962203392935,0.0,0.0,0.34759950637817383,1.1545000076293945,53.24800137329102,0.3385236859321594
observed_test,v2_2018_482_48h,,23,PCC,B,2.6757962203392935,0.0,0.0,0.34759950637817383,1.1545000076293945,53.24800137329102,0.3385236859321594
observed_test,v2_2018_482_48h,,23,PCC,C,2.6757962203392935,0.0,0.0,0.34759950637817383,1.1545000076293945,53.24800137329102,0.3385236859321594
observed_test,v2_2018_482_48h,,24,PCC,A,2.5949263609080027,0.0,0.0,0.29431068897247314,1.1525499820709229,53.24800137329102,0.3395809233188629
observed_test,v2_2018_482_48h,,24,PCC,B,2.5949263609080027,0.0,0.0,0.29431068897247314,1.1525499820709229,53.24800137329102,0.3395809233188629
observed_test,v2_2018_482_48h,,24,PCC,C,2.5949263609080027,0.0,0.0,0.29431068897247314,1.1525499820709229,53.24800137329102,0.3395809233188629
observed_test,v2_2018_482_48h,,25,PCC,A,2.628190629804694,0.0,0.0,0.3179371654987335,1.152174949645996,53.24800137329102,0.3408880829811096
observed_test,v2_2018_482_48h,,25,PCC,B,2.628190629804694,0.0,0.0,0.3179371654987335,1.152174949645996,53.24800137329102,0.3408880829811096
observed_test,v2_2018_482_48h,,25,PCC,C,2.628190629804694,0.0,0.0,0.3179371654987335,1.152174949645996,53.24800137329102,0.3408880829811096
observed_test,v2_2018_482_48h,,26,PCC,A,2.491377333642939,0.0,0.0,0.2232462614774704,1.1519500017166138,53.24800137329102,0.3375415503978729
observed_test,v2_2018_482_48h,,26,PCC,B,2.491377333642939,0.0,0.0,0.2232462614774704,1.1519500017166138,53.24800137329102,0.3375415503978729
observed_test,v2_2018_482_48h,,26,PCC,C,2.491377333642939,0.0,0.0,0.2232462614774704,1.1519500017166138,53.24800137329102,0.3375415503978729
observed_test,v2_2018_482_48h,,27,PCC,A,2.546573041893056,0.0,0.0,0.2633455991744995,1.1506749391555786,53.24800137329102,0.3414383828639984
observed_test,v2_2018_482_48h,,27,PCC,B,2.546573041893056,0.0,0.0,0.2633455991744995,1.1506749391555786,53.24800137329102,0.3414383828639984
observed_test,v2_2018_482_48h,,27,PCC,C,2.546573041893056,0.0,0.0,0.2633455991744995,1.1506749391555786,53.24800137329102,0.3414383828639984
observed_test,v2_2018_482_48h,,28,PCC,A,2.6066056994782514,0.0,0.0,0.3060445785522461,1.149999976158142,53.24800137329102,0.3527320623397827
observed_test,v2_2018_482_48h,,28,PCC,B,2.6066056994782514,0.0,0.0,0.3060445785522461,1.149999976158142,53.24800137329102,0.3527320623397827
observed_test,v2_2018_482_48h,,28,PCC,C,2.6066056994782514,0.0,0.0,0.3060445785522461,1.149999976158142,53.24800137329102,0.3527320623397827
observed_test,v2_2018_482_48h,,29,PCC,A,2.5772829707591067,0.0,0.0,0.2850128710269928,1.1504499912261963,53.24800137329102,0.3338092565536499
observed_test,v2_2018_482_48h,,29,PCC,B,2.5772829707591067,0.0,0.0,0.2850128710269928,1.1504499912261963,53.24800137329102,0.3338092565536499
observed_test,v2_2018_482_48h,,29,PCC,C,2.5772829707591067,0.0,0.0,0.2850128710269928,1.1504499912261963,53.24800137329102,0.3338092565536499
observed_test,v2_2018_482_48h,,30,PCC,A,2.779534476493822,0.0,0.046854165311043076,0.4131304621696472,1.1586999893188477,53.24800137329102,0.30465564131736755
observed_test,v2_2018_482_48h,,30,PCC,B,2.779534476493822,0.0,0.046854165311043076,0.4131304621696472,1.1586999893188477,53.24800137329102,0.30465564131736755
observed_test,v2_2018_482_48h,,30,PCC,C,2.779534476493822,0.0,0.046854165311043076,0.4131304621696472,1.1586999893188477,53.24800137329102,0.30465564131736755
observed_test,v2_2018_482_48h,,31,PCC,A,3.0689910812144556,0.0,0.2927708224608348,0.5887197852134705,1.1733249425888062,53.24800137329102,0.28409716486930847
observed_test,v2_2018_482_48h,,31,PCC,B,3.0689910812144556,0.0,0.2927708224608348,0.5887197852134705,1.1733249425888062,53.24800137329102,0.28409716486930847
observed_test,v2_2018_482_48h,,31,PCC,C,3.0689910812144556,0.0,0.2927708224608348,0.5887197852134705,1.1733249425888062,53.24800137329102,0.28409716486930847
observed_test,v2_2018_482_48h,,32,PCC,A,2.85183216970991,0.0,0.6052708396544823,0.41616514325141907,1.1897499561309814,53.24800137329102,0.27186769247055054
observed_test,v2_2018_482_48h,,32,PCC,B,2.85183216970991,0.0,0.6052708396544823,0.41616514325141907,1.1897499561309814,53.24800137329102,0.27186769247055054
observed_test,v2_2018_482_48h,,32,PCC,C,2.85183216970991,0.0,0.6052708396544823,0.41616514325141907,1.1897499561309814,53.24800137329102,0.27186769247055054
observed_test,v2_2018_482_48h,,33,PCC,A,3.0244819169628934,0.0,0.8580833100355587,0.5137431621551514,1.2016749382019043,53.24800137329102,0.2652413845062256
observed_test,v2_2018_482_48h,,33,PCC,B,3.0244819169628934,0.0,0.8580833100355587,0.5137431621551514,1.2016749382019043,53.24800137329102,0.2652413845062256
observed_test,v2_2018_482_48h,,33,PCC,C,3.0244819169628934,0.0,0.8580833100355587,0.5137431621551514,1.2016749382019043,53.24800137329102,0.2652413845062256
observed_test,v2_2018_482_48h,,34,PCC,A,2.8198434007090163,0.0,1.036295867883242,0.3643687963485718,1.210974931716919,53.24800137329102,0.27402129769325256
observed_test,v2_2018_482_48h,,34,PCC,B,2.8198434007090163,0.0,1.036295867883242,0.3643687963485718,1.210974931716919,53.24800137329102,0.27402129769325256
observed_test,v2_2018_482_48h,,34,PCC,C,2.8198434007090163,0.0,1.036295867883242,0.3643687963485718,1.210974931716919,53.24800137329102,0.27402129769325256
observed_test,v2_2018_482_48h,,35,PCC,A,2.830709819474123,0.0,1.1309541188753567,0.36136627197265625,1.218250036239624,53.24800137329102,0.291171669960022
observed_test,v2_2018_482_48h,,35,PCC,B,2.830709819474123,0.0,1.1309541188753567,0.36136627197265625,1.218250036239624,53.24800137329102,0.291171669960022
observed_test,v2_2018_482_48h,,35,PCC,C,2.830709819474123,0.0,1.1309541188753567,0.36136627197265625,1.218250036239624,53.24800137329102,0.291171669960022
observed_test,v2_2018_482_48h,,36,PCC,A,3.1120873033065073,0.0,1.1581166432454035,0.5383059978485107,1.223349928855896,53.24800137329102,0.3156188428401947
observed_test,v2_2018_482_48h,,36,PCC,B,3.1120873033065073,0.0,1.1581166432454035,0.5383059978485107,1.223349928855896,53.24800137329102,0.3156188428401947
observed_test,v2_2018_482_48h,,36,PCC,C,3.1120873033065073,0.0,1.1581166432454035,0.5383059978485107,1.223349928855896,53.24800137329102,0.3156188428401947
observed_test,v2_2018_482_48h,,37,PCC,A,3.2178251908916162,0.0,1.1164207871143634,0.6031783223152161,1.2260500192642212,53.24800137329102,0.32237645983695984
observed_test,v2_2018_482_48h,,37,PCC,B,3.2178251908916162,0.0,1.1164207871143634,0.6031783223152161,1.2260500192642212,53.24800137329102,0.32237645983695984
observed_test,v2_2018_482_48h,,37,PCC,C,3.2178251908916162,0.0,1.1164207871143634,0.6031783223152161,1.2260500192642212,53.24800137329102,0.32237645983695984
observed_test,v2_2018_482_48h,,38,PCC,A,3.314893947899764,0.0,0.9880541608883783,0.6654155254364014,1.2267249822616577,53.24800137329102,0.3223702907562256
observed_test,v2_2018_482_48h,,38,PCC,B,3.314893947899764,0.0,0.9880541608883783,0.6654155254364014,1.2267249822616577,53.24800137329102,0.3223702907562256
observed_test,v2_2018_482_48h,,38,PCC,C,3.314893947899764,0.0,0.9880541608883783,0.6654155254364014,1.2267249822616577,53.24800137329102,0.3223702907562256
observed_test,v2_2018_482_48h,,39,PCC,A,3.089976362606057,0.0,0.7958166874372042,0.5210045576095581,1.2252249717712402,53.24800137329102,0.34285256266593933
observed_test,v2_2018_482_48h,,39,PCC,B,3.089976362606057,0.0,0.7958166874372042,0.5210045576095581,1.2252249717712402,53.24800137329102,0.34285256266593933
observed_test,v2_2018_482_48h,,39,PCC,C,3.089976362606057,0.0,0.7958166874372042,0.5210045576095581,1.2252249717712402,53.24800137329102,0.34285256266593933
observed_test,v2_2018_482_48h,,40,PCC,A,3.1453984523140797,0.0,0.48868747857900763,0.5631123185157776,1.2214000225067139,53.24800137329102,0.34777942299842834
observed_test,v2_2018_482_48h,,40,PCC,B,3.1453984523140797,0.0,0.48868747857900763,0.5631123185157776,1.2214000225067139,53.24800137329102,0.34777942299842834
observed_test,v2_2018_482_48h,,40,PCC,C,3.1453984523140797,0.0,0.48868747857900763,0.5631123185157776,1.2214000225067139,53.24800137329102,0.34777942299842834
observed_test,v2_2018_482_48h,,41,PCC,A,3.055810387013968,0.0,0.26478750201372,0.5185338854789734,1.2121000289916992,53.24800137329102,0.3465540111064911
observed_test,v2_2018_482_48h,,41,PCC,B,3.055810387013968,0.0,0.26478750201372,0.5185338854789734,1.2121000289916992,53.24800137329102,0.3465540111064911
observed_test,v2_2018_482_48h,,41,PCC,C,3.055810387013968,0.0,0.26478750201372,0.5185338854789734,1.2121000289916992,53.24800137329102,0.3465540111064911
observed_test,v2_2018_482_48h,,42,PCC,A,3.0032692907748966,0.0,0.04223333313488043,0.501911997795105,1.2001749277114868,53.24800137329102,0.3442908227443695
observed_test,v2_2018_482_48h,,42,PCC,B,3.0032692907748966,0.0,0.04223333313488043,0.501911997795105,1.2001749277114868,53.24800137329102,0.3442908227443695
observed_test,v2_2018_482_48h,,42,PCC,C,3.0032692907748966,0.0,0.04223333313488043,0.501911997795105,1.2001749277114868,53.24800137329102,0.3442908227443695
observed_test,v2_2018_482_48h,,43,PCC,A,3.0753937345500426,0.0,0.0,0.5692486763000488,1.1880249977111816,53.24800137329102,0.34267792105674744
observed_test,v2_2018_482_48h,,43,PCC,B,3.0753937345500426,0.0,0.0,0.5692486763000488,1.1880249977111816,53.24800137329102,0.34267792105674744
observed_test,v2_2018_482_48h,,43,PCC,C,3.0753937345500426,0.0,0.0,0.5692486763000488,1.1880249977111816,53.24800137329102,0.34267792105674744
observed_test,v2_2018_482_48h,,44,PCC,A,2.899526626154614,0.0,0.0,0.458400696516037,1.1829999685287476,53.24800137329102,0.3412202000617981
observed_test,v2_2018_482_48h,,44,PCC,B,2.899526626154614,0.0,0.0,0.458400696516037,1.1829999685287476,53.24800137329102,0.3412202000617981
observed_test,v2_2018_482_48h,,44,PCC,C,2.899526626154614,0.0,0.0,0.458400696516037,1.1829999685287476,53.24800137329102,0.3412202000617981
observed_test,v2_2018_482_48h,,45,PCC,A,2.8026880586332132,0.0,0.0,0.39928483963012695,1.1786500215530396,53.24800137329102,0.33866459131240845
observed_test,v2_2018_482_48h,,45,PCC,B,2.8026880586332132,0.0,0.0,0.39928483963012695,1.1786500215530396,53.24800137329102,0.33866459131240845
observed_test,v2_2018_482_48h,,45,PCC,C,2.8026880586332132,0.0,0.0,0.39928483963012695,1.1786500215530396,53.24800137329102,0.33866459131240845
observed_test,v2_2018_482_48h,,46,PCC,A,2.7435939443964728,0.0,0.0,0.3637107312679291,1.1754999160766602,53.24800137329102,0.3380708396434784
observed_test,v2_2018_482_48h,,46,PCC,B,2.7435939443964728,0.0,0.0,0.3637107312679291,1.1754999160766602,53.24800137329102,0.3380708396434784
observed_test,v2_2018_482_48h,,46,PCC,C,2.7435939443964728,0.0,0.0,0.3637107312679291,1.1754999160766602,53.24800137329102,0.3380708396434784
observed_test,v2_2018_482_48h,,47,PCC,A,2.714877881610524,0.0,0.0,0.34759950637817383,1.1730999946594238,53.24800137329102,0.33799898624420166
observed_test,v2_2018_482_48h,,47,PCC,B,2.714877881610524,0.0,0.0,0.34759950637817383,1.1730999946594238,53.24800137329102,0.33799898624420166
observed_test,v2_2018_482_48h,,47,PCC,C,2.714877881610524,0.0,0.0,0.34759950637817383,1.1730999946594238,53.24800137329102,0.33799898624420166
observed_test,v2_2018_509_48h,,0,PCC,A,2.589738233557025,0.0,0.0,0.29431068897247314,1.149999976158142,53.24800137329102,0.3283029794692993
observed_test,v2_2018_509_48h,,0,PCC,B,2.589738233557025,0.0,0.0,0.29431068897247314,1.149999976158142,53.24800137329102,0.3283029794692993
observed_test,v2_2018_509_48h,,0,PCC,C,2.589738233557025,0.0,0.0,0.29431068897247314,1.149999976158142,53.24800137329102,0.3283029794692993
observed_test,v2_2018_509_48h,,1,PCC,A,2.6237012928594003,0.0,0.0,0.3179371654987335,1.149999976158142,34.72425106811524,0.32183223962783813
observed_test,v2_2018_509_48h,,1,PCC,B,2.6237012928594003,0.0,0.0,0.3179371654987335,1.149999976158142,34.72425106811524,0.32183223962783813
observed_test,v2_2018_509_48h,,1,PCC,C,2.6237012928594003,0.0,0.0,0.3179371654987335,1.149999976158142,34.72425106811524,0.32183223962783813
observed_test,v2_2018_509_48h,,2,PCC,A,2.4875831211508435,0.0,0.0,0.2232462614774704,1.149999976158142,34.72425106811524,0.30385276675224304
observed_test,v2_2018_509_48h,,2,PCC,B,2.4875831211508435,0.0,0.0,0.2232462614774704,1.149999976158142,34.72425106811524,0.30385276675224304
observed_test,v2_2018_509_48h,,2,PCC,C,2.4875831211508435,0.0,0.0,0.2232462614774704,1.149999976158142,34.72425106811524,0.30385276675224304
observed_test,v2_2018_509_48h,,3,PCC,A,2.5452259178952694,0.0,0.0,0.2633455991744995,1.149999976158142,53.24800137329102,0.27850639820098877
observed_test,v2_2018_509_48h,,3,PCC,B,2.5452259178952694,0.0,0.0,0.2633455991744995,1.149999976158142,53.24800137329102,0.27850639820098877
observed_test,v2_2018_509_48h,,3,PCC,C,2.5452259178952694,0.0,0.0,0.2633455991744995,1.149999976158142,53.24800137329102,0.27850639820098877
observed_test,v2_2018_509_48h,,4,PCC,A,2.6066056994782514,0.0,0.0,0.3060445785522461,1.149999976158142,53.24800137329102,0.2660975158214569
observed_test,v2_2018_509_48h,,4,PCC,B,2.6066056994782514,0.0,0.0,0.3060445785522461,1.149999976158142,53.24800137329102,0.2660975158214569
observed_test,v2_2018_509_48h,,4,PCC,C,2.6066056994782514,0.0,0.0,0.3060445785522461,1.149999976158142,53.24800137329102,0.2660975158214569
observed_test,v2_2018_509_48h,,5,PCC,A,2.5763726205374935,0.0,0.0,0.2850128710269928,1.149999976158142,53.24800137329102,0.2621997594833374
observed_test,v2_2018_509_48h,,5,PCC,B,2.5763726205374935,0.0,0.0,0.2850128710269928,1.149999976158142,53.24800137329102,0.2621997594833374
observed_test,v2_2018_509_48h,,5,PCC,C,2.5763726205374935,0.0,0.0,0.2850128710269928,1.149999976158142,53.24800137329102,0.2621997594833374
observed_test,v2_2018_509_48h,,6,PCC,A,2.7605416539868575,0.0,0.0,0.4131304621696472,1.149999976158142,121.88174847412108,0.25578537583351135
observed_test,v2_2018_509_48h,,6,PCC,B,2.7605416539868575,0.0,0.0,0.4131304621696472,1.149999976158142,121.88174847412108,0.25578537583351135
observed_test,v2_2018_509_48h,,6,PCC,C,2.7605416539868575,0.0,0.0,0.4131304621696472,1.149999976158142,121.88174847412108,0.25578537583351135
observed_test,v2_2018_509_48h,,7,PCC,A,3.0129513006293838,0.0,0.2612916609415641,0.5887197852134705,1.149999976158142,121.88174847412108,0.2414793074131012
observed_test,v2_2018_509_48h,,7,PCC,B,3.0129513006293838,0.0,0.2612916609415641,0.5887197852134705,1.149999976158142,121.88174847412108,0.2414793074131012
observed_test,v2_2018_509_48h,,7,PCC,C,3.0129513006293838,0.0,0.2612916609415641,0.5887197852134705,1.149999976158142,121.88174847412108,0.2414793074131012
observed_test,v2_2018_509_48h,,8,PCC,A,2.7649040079514635,0.0,0.6569750033892118,0.41616514325141907,1.149999976158142,121.88174847412108,0.23656603693962097
observed_test,v2_2018_509_48h,,8,PCC,B,2.7649040079514635,0.0,0.6569750033892118,0.41616514325141907,1.149999976158142,121.88174847412108,0.23656603693962097
observed_test,v2_2018_509_48h,,8,PCC,C,2.7649040079514635,0.0,0.6569750033892118,0.41616514325141907,1.149999976158142,121.88174847412108,0.23656603693962097
observed_test,v2_2018_509_48h,,9,PCC,A,2.9051724072175276,0.0,0.9361499777207007,0.5137431621551514,1.149999976158142,121.88174847412108,0.23691198229789734
observed_test,v2_2018_509_48h,,9,PCC,B,2.9051724072175276,0.0,0.9361499777207007,0.5137431621551514,1.149999976158142,121.88174847412108,0.23691198229789734
observed_test,v2_2018_509_48h,,9,PCC,C,2.9051724072175276,0.0,0.9361499777207007,0.5137431621551514,1.149999976158142,121.88174847412108,0.23691198229789734
observed_test,v2_2018_509_48h,,10,PCC,A,2.6904467608222724,0.0,1.1640708033855145,0.3643687963485718,1.149999976158142,53.24800137329102,0.24951933324337006
observed_test,v2_2018_509_48h,,10,PCC,B,2.6904467608222724,0.0,1.1640708033855145,0.3643687963485718,1.149999976158142,53.24800137329102,0.24951933324337006
observed_test,v2_2018_509_48h,,10,PCC,C,2.6904467608222724,0.0,1.1640708033855145,0.3643687963485718,1.149999976158142,53.24800137329102,0.24951933324337006
observed_test,v2_2018_509_48h,,11,PCC,A,2.686130632121376,0.0,1.2692041121996365,0.36136627197265625,1.149999976158142,53.24800137329102,0.2664293944835663
observed_test,v2_2018_509_48h,,11,PCC,B,2.686130632121376,0.0,1.2692041121996365,0.36136627197265625,1.149999976158142,53.24800137329102,0.2664293944835663
observed_test,v2_2018_509_48h,,11,PCC,C,2.686130632121376,0.0,1.2692041121996365,0.36136627197265625,1.149999976158142,53.24800137329102,0.2664293944835663
observed_test,v2_2018_509_48h,,12,PCC,A,2.940481482794702,0.0,1.2726875451894906,0.5383059978485107,1.149999976158142,34.72425106811524,0.2777911424636841
observed_test,v2_2018_509_48h,,12,PCC,B,2.940481482794702,0.0,1.2726875451894906,0.5383059978485107,1.149999976158142,34.72425106811524,0.2777911424636841
observed_test,v2_2018_509_48h,,12,PCC,C,2.940481482794702,0.0,1.2726875451894906,0.5383059978485107,1.149999976158142,34.72425106811524,0.2777911424636841
observed_test,v2_2018_509_48h,,13,PCC,A,3.033735447282245,0.0,1.1883167120126576,0.6031783223152161,1.149999976158142,34.72425106811524,0.27098700404167175
observed_test,v2_2018_509_48h,,13,PCC,B,3.033735447282245,0.0,1.1883167120126576,0.6031783223152161,1.149999976158142,34.72425106811524,0.27098700404167175
observed_test,v2_2018_509_48h,,13,PCC,C,3.033735447282245,0.0,1.1883167120126576,0.6031783223152161,1.149999976158142,34.72425106811524,0.27098700404167175
observed_test,v2_2018_509_48h,,14,PCC,A,3.1232014249141358,0.0,1.02835836318823,0.6654155254364014,1.149999976158142,34.72425106811524,0.25144168734550476
observed_test,v2_2018_509_48h,,14,PCC,B,3.1232014249141358,0.0,1.02835836318823,0.6654155254364014,1.149999976158142,34.72425106811524,0.25144168734550476
observed_test,v2_2018_509_48h,,14,PCC,C,3.1232014249141358,0.0,1.02835836318823,0.6654155254364014,1.149999976158142,34.72425106811524,0.25144168734550476
observed_test,v2_2018_509_48h,,15,PCC,A,2.915610662966831,0.0,0.7799250002090746,0.5210045576095581,1.149999976158142,34.72425106811524,0.2531518042087555
observed_test,v2_2018_509_48h,,15,PCC,B,2.915610662966831,0.0,0.7799250002090746,0.5210045576095581,1.149999976158142,34.72425106811524,0.2531518042087555
observed_test,v2_2018_509_48h,,15,PCC,C,2.915610662966831,0.0,0.7799250002090746,0.5210045576095581,1.149999976158142,34.72425106811524,0.2531518042087555
observed_test,v2_2018_509_48h,,16,PCC,A,2.9761405680146122,0.0,0.4337458369823602,0.5631123185157776,1.149999976158142,53.24800137329102,0.2589070200920105
observed_test,v2_2018_509_48h,,16,PCC,B,2.9761405680146122,0.0,0.4337458369823602,0.5631123185157776,1.149999976158142,53.24800137329102,0.2589070200920105
observed_test,v2_2018_509_48h,,16,PCC,C,2.9761405680146122,0.0,0.4337458369823602,0.5631123185157776,1.149999976158142,53.24800137329102,0.2589070200920105
observed_test,v2_2018_509_48h,,17,PCC,A,2.912059071852747,0.0,0.06636666993682201,0.5185338854789734,1.149999976158142,53.24800137329102,0.2724916338920593
observed_test,v2_2018_509_48h,,17,PCC,B,2.912059071852747,0.0,0.06636666993682201,0.5185338854789734,1.149999976158142,53.24800137329102,0.2724916338920593
observed_test,v2_2018_509_48h,,17,PCC,C,2.912059071852747,0.0,0.06636666993682201,0.5185338854789734,1.149999976158142,53.24800137329102,0.2724916338920593
observed_test,v2_2018_509_48h,,18,PCC,A,2.888165108802557,0.0,0.0,0.501911997795105,1.149999976158142,53.24800137329102,0.2840218245983124
observed_test,v2_2018_509_48h,,18,PCC,B,2.888165108802557,0.0,0.0,0.501911997795105,1.149999976158142,53.24800137329102,0.2840218245983124
observed_test,v2_2018_509_48h,,18,PCC,C,2.888165108802557,0.0,0.0,0.501911997795105,1.149999976158142,53.24800137329102,0.2840218245983124
observed_test,v2_2018_509_48h,,19,PCC,A,2.9849615821466244,0.0,0.0,0.5692486763000488,1.149999976158142,53.24800137329102,0.28442564606666565
observed_test,v2_2018_509_48h,,19,PCC,B,2.9849615821466244,0.0,0.0,0.5692486763000488,1.149999976158142,53.24800137329102,0.28442564606666565
observed_test,v2_2018_509_48h,,19,PCC,C,2.9849615821466244,0.0,0.0,0.5692486763000488,1.149999976158142,53.24800137329102,0.28442564606666565
observed_test,v2_2018_509_48h,,20,PCC,A,2.825617614510635,0.0,0.0,0.458400696516037,1.149999976158142,53.24800137329102,0.2950979769229889
observed_test,v2_2018_509_48h,,20,PCC,B,2.825617614510635,0.0,0.0,0.458400696516037,1.149999976158142,53.24800137329102,0.2950979769229889
observed_test,v2_2018_509_48h,,20,PCC,C,2.825617614510635,0.0,0.0,0.458400696516037,1.149999976158142,53.24800137329102,0.2950979769229889
observed_test,v2_2018_509_48h,,21,PCC,A,2.740638571998929,0.0,0.0,0.39928483963012695,1.149999976158142,53.24800137329102,0.29421675205230713
observed_test,v2_2018_509_48h,,21,PCC,B,2.740638571998929,0.0,0.0,0.39928483963012695,1.149999976158142,53.24800137329102,0.29421675205230713
observed_test,v2_2018_509_48h,,21,PCC,C,2.740638571998929,0.0,0.0,0.39928483963012695,1.149999976158142,53.24800137329102,0.29421675205230713
observed_test,v2_2018_509_48h,,22,PCC,A,2.689500792288461,0.0,0.0,0.3637107312679291,1.149999976158142,53.24800137329102,0.297757089138031
observed_test,v2_2018_509_48h,,22,PCC,B,2.689500792288461,0.0,0.0,0.3637107312679291,1.149999976158142,53.24800137329102,0.297757089138031
observed_test,v2_2018_509_48h,,22,PCC,C,2.689500792288461,0.0,0.0,0.3637107312679291,1.149999976158142,53.24800137329102,0.297757089138031
observed_test,v2_2018_509_48h,,23,PCC,A,2.666340906989589,0.0,0.0,0.34759950637817383,1.149999976158142,53.24800137329102,0.3050990402698517
observed_test,v2_2018_509_48h,,23,PCC,B,2.666340906989589,0.0,0.0,0.34759950637817383,1.149999976158142,53.24800137329102,0.3050990402698517
observed_test,v2_2018_509_48h,,23,PCC,C,2.666340906989589,0.0,0.0,0.34759950637817383,1.149999976158142,53.24800137329102,0.3050990402698517
observed_test,v2_2018_509_48h,,24,PCC,A,2.589738233557025,0.0,0.0,0.29431068897247314,1.149999976158142,53.24800137329102,0.30887773633003235
observed_test,v2_2018_509_48h,,24,PCC,B,2.589738233557025,0.0,0.0,0.29431068897247314,1.149999976158142,53.24800137329102,0.30887773633003235
observed_test,v2_2018_509_48h,,24,PCC,C,2.589738233557025,0.0,0.0,0.29431068897247314,1.149999976158142,53.24800137329102,0.30887773633003235
observed_test,v2_2018_509_48h,,25,PCC,A,2.6237012928594003,0.0,0.0,0.3179371654987335,1.149999976158142,34.72425106811524,0.30848458409309387
observed_test,v2_2018_509_48h,,25,PCC,B,2.6237012928594003,0.0,0.0,0.3179371654987335,1.149999976158142,34.72425106811524,0.30848458409309387
observed_test,v2_2018_509_48h,,25,PCC,C,2.6237012928594003,0.0,0.0,0.3179371654987335,1.149999976158142,34.72425106811524,0.30848458409309387
observed_test,v2_2018_509_48h,,26,PCC,A,2.4875831211508435,0.0,0.0,0.2232462614774704,1.149999976158142,34.72425106811524,0.29789969325065613
observed_test,v2_2018_509_48h,,26,PCC,B,2.4875831211508435,0.0,0.0,0.2232462614774704,1.149999976158142,34.72425106811524,0.29789969325065613
observed_test,v2_2018_509_48h,,26,PCC,C,2.4875831211508435,0.0,0.0,0.2232462614774704,1.149999976158142,34.72425106811524,0.29789969325065613
observed_test,v2_2018_509_48h,,27,PCC,A,2.5452259178952694,0.0,0.0,0.2633455991744995,1.149999976158142,53.24800137329102,0.2821500599384308
observed_test,v2_2018_509_48h,,27,PCC,B,2.5452259178952694,0.0,0.0,0.2633455991744995,1.149999976158142,53.24800137329102,0.2821500599384308
observed_test,v2_2018_509_48h,,27,PCC,C,2.5452259178952694,0.0,0.0,0.2633455991744995,1.149999976158142,53.24800137329102,0.2821500599384308
observed_test,v2_2018_509_48h,,28,PCC,A,2.6066056994782514,0.0,0.0,0.3060445785522461,1.149999976158142,53.24800137329102,0.2802436947822571
observed_test,v2_2018_509_48h,,28,PCC,B,2.6066056994782514,0.0,0.0,0.3060445785522461,1.149999976158142,53.24800137329102,0.2802436947822571
observed_test,v2_2018_509_48h,,28,PCC,C,2.6066056994782514,0.0,0.0,0.3060445785522461,1.149999976158142,53.24800137329102,0.2802436947822571
observed_test,v2_2018_509_48h,,29,PCC,A,2.5763726205374935,0.0,0.0,0.2850128710269928,1.149999976158142,53.24800137329102,0.2548019289970398
observed_test,v2_2018_509_48h,,29,PCC,B,2.5763726205374935,0.0,0.0,0.2850128710269928,1.149999976158142,53.24800137329102,0.2548019289970398
observed_test,v2_2018_509_48h,,29,PCC,C,2.5763726205374935,0.0,0.0,0.2850128710269928,1.149999976158142,53.24800137329102,0.2548019289970398
observed_test,v2_2018_509_48h,,30,PCC,A,2.7605416539868575,0.0,0.0,0.4131304621696472,1.149999976158142,121.88174847412108,0.23749005794525146
observed_test,v2_2018_509_48h,,30,PCC,B,2.7605416539868575,0.0,0.0,0.4131304621696472,1.149999976158142,121.88174847412108,0.23749005794525146
observed_test,v2_2018_509_48h,,30,PCC,C,2.7605416539868575,0.0,0.0,0.4131304621696472,1.149999976158142,121.88174847412108,0.23749005794525146
observed_test,v2_2018_509_48h,,31,PCC,A,3.0129513006293838,0.0,0.26870000247771925,0.5887197852134705,1.149999976158142,121.88174847412108,0.21759577095508575
observed_test,v2_2018_509_48h,,31,PCC,B,3.0129513006293838,0.0,0.26870000247771925,0.5887197852134705,1.149999976158142,121.88174847412108,0.21759577095508575
observed_test,v2_2018_509_48h,,31,PCC,C,3.0129513006293838,0.0,0.26870000247771925,0.5887197852134705,1.149999976158142,121.88174847412108,0.21759577095508575
observed_test,v2_2018_509_48h,,32,PCC,A,2.7649040079514635,0.0,0.6493166662179506,0.41616514325141907,1.149999976158142,121.88174847412108,0.20714296400547028
observed_test,v2_2018_509_48h,,32,PCC,B,2.7649040079514635,0.0,0.6493166662179506,0.41616514325141907,1.149999976158142,121.88174847412108,0.20714296400547028
observed_test,v2_2018_509_48h,,32,PCC,C,2.7649040079514635,0.0,0.6493166662179506,0.41616514325141907,1.149999976158142,121.88174847412108,0.20714296400547028
observed_test,v2_2018_509_48h,,33,PCC,A,2.9051724072175276,0.0,0.9366583365660447,0.5137431621551514,1.149999976158142,121.88174847412108,0.21006016433238983
observed_test,v2_2018_509_48h,,33,PCC,B,2.9051724072175276,0.0,0.9366583365660447,0.5137431621551514,1.149999976158142,121.88174847412108,0.21006016433238983
observed_test,v2_2018_509_48h,,33,PCC,C,2.9051724072175276,0.0,0.9366583365660447,0.5137431621551514,1.149999976158142,121.88174847412108,0.21006016433238983
observed_test,v2_2018_509_48h,,34,PCC,A,2.6904467608222724,0.0,1.1230916931078982,0.3643687963485718,1.149999976158142,53.24800137329102,0.23078852891921997
observed_test,v2_2018_509_48h,,34,PCC,B,2.6904467608222724,0.0,1.1230916931078982,0.3643687963485718,1.149999976158142,53.24800137329102,0.23078852891921997
observed_test,v2_2018_509_48h,,34,PCC,C,2.6904467608222724,0.0,1.1230916931078982,0.3643687963485718,1.149999976158142,53.24800137329102,0.23078852891921997
observed_test,v2_2018_509_48h,,35,PCC,A,2.686130632121376,0.0,1.2181499829659093,0.36136627197265625,1.149999976158142,53.24800137329102,0.2465364784002304
observed_test,v2_2018_509_48h,,35,PCC,B,2.686130632121376,0.0,1.2181499829659093,0.36136627197265625,1.149999976158142,53.24800137329102,0.2465364784002304
observed_test,v2_2018_509_48h,,35,PCC,C,2.686130632121376,0.0,1.2181499829659093,0.36136627197265625,1.149999976158142,53.24800137329102,0.2465364784002304
observed_test,v2_2018_509_48h,,36,PCC,A,2.940481482794702,0.0,1.2306333734438968,0.5383059978485107,1.149999976158142,34.72425106811524,0.2510838210582733
observed_test,v2_2018_509_48h,,36,PCC,B,2.940481482794702,0.0,1.2306333734438968,0.5383059978485107,1.149999976158142,34.72425106811524,0.2510838210582733
observed_test,v2_2018_509_48h,,36,PCC,C,2.940481482794702,0.0,1.2306333734438968,0.5383059978485107,1.149999976158142,34.72425106811524,0.2510838210582733
observed_test,v2_2018_509_48h,,37,PCC,A,3.033735447282245,0.0,1.1592333133404071,0.6031783223152161,1.149999976158142,34.72425106811524,0.2372344434261322
observed_test,v2_2018_509_48h,,37,PCC,B,3.033735447282245,0.0,1.1592333133404071,0.6031783223152161,1.149999976158142,34.72425106811524,0.2372344434261322
observed_test,v2_2018_509_48h,,37,PCC,C,3.033735447282245,0.0,1.1592333133404071,0.6031783223152161,1.149999976158142,34.72425106811524,0.2372344434261322
observed_test,v2_2018_509_48h,,38,PCC,A,3.123763442935555,0.0,1.0012208269192622,0.6654155254364014,1.1502249240875244,34.72425106811524,0.22046156227588654
observed_test,v2_2018_509_48h,,38,PCC,B,3.123763442935555,0.0,1.0012208269192622,0.6654155254364014,1.1502249240875244,34.72425106811524,0.22046156227588654
observed_test,v2_2018_509_48h,,38,PCC,C,3.123763442935555,0.0,1.0012208269192622,0.6654155254364014,1.1502249240875244,34.72425106811524,0.22046156227588654
observed_test,v2_2018_509_48h,,39,PCC,A,2.915610662966831,0.0,0.7547541879690609,0.5210045576095581,1.149999976158142,34.72425106811524,0.21257410943508148
observed_test,v2_2018_509_48h,,39,PCC,B,2.915610662966831,0.0,0.7547541879690609,0.5210045576095581,1.149999976158142,34.72425106811524,0.21257410943508148
observed_test,v2_2018_509_48h,,39,PCC,C,2.915610662966831,0.0,0.7547541879690609,0.5210045576095581,1.149999976158142,34.72425106811524,0.21257410943508148
observed_test,v2_2018_509_48h,,40,PCC,A,2.9761405680146122,0.0,0.40694165688294626,0.5631123185157776,1.149999976158142,53.24800137329102,0.21133701503276825
observed_test,v2_2018_509_48h,,40,PCC,B,2.9761405680146122,0.0,0.40694165688294626,0.5631123185157776,1.149999976158142,53.24800137329102,0.21133701503276825
observed_test,v2_2018_509_48h,,40,PCC,C,2.9761405680146122,0.0,0.40694165688294626,0.5631123185157776,1.149999976158142,53.24800137329102,0.21133701503276825
observed_test,v2_2018_509_48h,,41,PCC,A,2.912059071852747,0.0,0.05749583315963928,0.5185338854789734,1.149999976158142,53.24800137329102,0.21489055454730988
observed_test,v2_2018_509_48h,,41,PCC,B,2.912059071852747,0.0,0.05749583315963928,0.5185338854789734,1.149999976158142,53.24800137329102,0.21489055454730988
observed_test,v2_2018_509_48h,,41,PCC,C,2.912059071852747,0.0,0.05749583315963928,0.5185338854789734,1.149999976158142,53.24800137329102,0.21489055454730988
observed_test,v2_2018_509_48h,,42,PCC,A,2.888165108802557,0.0,0.0,0.501911997795105,1.149999976158142,53.24800137329102,0.21920259296894073
observed_test,v2_2018_509_48h,,42,PCC,B,2.888165108802557,0.0,0.0,0.501911997795105,1.149999976158142,53.24800137329102,0.21920259296894073
observed_test,v2_2018_509_48h,,42,PCC,C,2.888165108802557,0.0,0.0,0.501911997795105,1.149999976158142,53.24800137329102,0.21920259296894073
observed_test,v2_2018_509_48h,,43,PCC,A,2.9849615821466244,0.0,0.0,0.5692486763000488,1.149999976158142,53.24800137329102,0.23164419829845428
observed_test,v2_2018_509_48h,,43,PCC,B,2.9849615821466244,0.0,0.0,0.5692486763000488,1.149999976158142,53.24800137329102,0.23164419829845428
observed_test,v2_2018_509_48h,,43,PCC,C,2.9849615821466244,0.0,0.0,0.5692486763000488,1.149999976158142,53.24800137329102,0.23164419829845428
observed_test,v2_2018_509_48h,,44,PCC,A,2.825617614510635,0.0,0.0,0.458400696516037,1.149999976158142,53.24800137329102,0.24770797789096832
observed_test,v2_2018_509_48h,,44,PCC,B,2.825617614510635,0.0,0.0,0.458400696516037,1.149999976158142,53.24800137329102,0.24770797789096832
observed_test,v2_2018_509_48h,,44,PCC,C,2.825617614510635,0.0,0.0,0.458400696516037,1.149999976158142,53.24800137329102,0.24770797789096832
observed_test,v2_2018_509_48h,,45,PCC,A,2.740638571998929,0.0,0.0,0.39928483963012695,1.149999976158142,53.24800137329102,0.2684735953807831
observed_test,v2_2018_509_48h,,45,PCC,B,2.740638571998929,0.0,0.0,0.39928483963012695,1.149999976158142,53.24800137329102,0.2684735953807831
observed_test,v2_2018_509_48h,,45,PCC,C,2.740638571998929,0.0,0.0,0.39928483963012695,1.149999976158142,53.24800137329102,0.2684735953807831
observed_test,v2_2018_509_48h,,46,PCC,A,2.689500792288461,0.0,0.0,0.3637107312679291,1.149999976158142,53.24800137329102,0.2757553458213806
observed_test,v2_2018_509_48h,,46,PCC,B,2.689500792288461,0.0,0.0,0.3637107312679291,1.149999976158142,53.24800137329102,0.2757553458213806
observed_test,v2_2018_509_48h,,46,PCC,C,2.689500792288461,0.0,0.0,0.3637107312679291,1.149999976158142,53.24800137329102,0.2757553458213806
observed_test,v2_2018_509_48h,,47,PCC,A,2.666340906989589,0.0,0.0,0.34759950637817383,1.149999976158142,53.24800137329102,0.2743472754955292
observed_test,v2_2018_509_48h,,47,PCC,B,2.666340906989589,0.0,0.0,0.34759950637817383,1.149999976158142,53.24800137329102,0.2743472754955292
observed_test,v2_2018_509_48h,,47,PCC,C,2.666340906989589,0.0,0.0,0.34759950637817383,1.149999976158142,53.24800137329102,0.2743472754955292
observed_test,v2_2018_417_48h,,0,PCC,A,2.589738233557025,0.0,0.0,0.29431068897247314,1.149999976158142,53.24800137329102,0.3240935206413269
observed_test,v2_2018_417_48h,,0,PCC,B,2.589738233557025,0.0,0.0,0.29431068897247314,1.149999976158142,53.24800137329102,0.3240935206413269
observed_test,v2_2018_417_48h,,0,PCC,C,2.589738233557025,0.0,0.0,0.29431068897247314,1.149999976158142,53.24800137329102,0.3240935206413269
observed_test,v2_2018_417_48h,,1,PCC,A,2.6237012928594003,0.0,0.0,0.3179371654987335,1.149999976158142,34.72425106811524,0.3257555365562439
observed_test,v2_2018_417_48h,,1,PCC,B,2.6237012928594003,0.0,0.0,0.3179371654987335,1.149999976158142,34.72425106811524,0.3257555365562439
observed_test,v2_2018_417_48h,,1,PCC,C,2.6237012928594003,0.0,0.0,0.3179371654987335,1.149999976158142,34.72425106811524,0.3257555365562439
observed_test,v2_2018_417_48h,,2,PCC,A,2.4875831211508435,0.0,0.0,0.2232462614774704,1.149999976158142,34.72425106811524,0.331983745098114
observed_test,v2_2018_417_48h,,2,PCC,B,2.4875831211508435,0.0,0.0,0.2232462614774704,1.149999976158142,34.72425106811524,0.331983745098114
observed_test,v2_2018_417_48h,,2,PCC,C,2.4875831211508435,0.0,0.0,0.2232462614774704,1.149999976158142,34.72425106811524,0.331983745098114
observed_test,v2_2018_417_48h,,3,PCC,A,2.5452259178952694,0.0,0.0,0.2633455991744995,1.149999976158142,53.24800137329102,0.33688339591026306
observed_test,v2_2018_417_48h,,3,PCC,B,2.5452259178952694,0.0,0.0,0.2633455991744995,1.149999976158142,53.24800137329102,0.33688339591026306
observed_test,v2_2018_417_48h,,3,PCC,C,2.5452259178952694,0.0,0.0,0.2633455991744995,1.149999976158142,53.24800137329102,0.33688339591026306
observed_test,v2_2018_417_48h,,4,PCC,A,2.6066056994782514,0.0,0.0,0.3060445785522461,1.149999976158142,53.24800137329102,0.31151601672172546
observed_test,v2_2018_417_48h,,4,PCC,B,2.6066056994782514,0.0,0.0,0.3060445785522461,1.149999976158142,53.24800137329102,0.31151601672172546
observed_test,v2_2018_417_48h,,4,PCC,C,2.6066056994782514,0.0,0.0,0.3060445785522461,1.149999976158142,53.24800137329102,0.31151601672172546
observed_test,v2_2018_417_48h,,5,PCC,A,2.5763726205374935,0.0,0.0,0.2850128710269928,1.149999976158142,53.24800137329102,0.29745304584503174
observed_test,v2_2018_417_48h,,5,PCC,B,2.5763726205374935,0.0,0.0,0.2850128710269928,1.149999976158142,53.24800137329102,0.29745304584503174
observed_test,v2_2018_417_48h,,5,PCC,C,2.5763726205374935,0.0,0.0,0.2850128710269928,1.149999976158142,53.24800137329102,0.29745304584503174
observed_test,v2_2018_417_48h,,6,PCC,A,2.7605416539868575,0.0,0.02869583415583922,0.4131304621696472,1.149999976158142,121.88174847412108,0.28338560461997986
observed_test,v2_2018_417_48h,,6,PCC,B,2.7605416539868575,0.0,0.02869583415583922,0.4131304621696472,1.149999976158142,121.88174847412108,0.28338560461997986
observed_test,v2_2018_417_48h,,6,PCC,C,2.7605416539868575,0.0,0.02869583415583922,0.4131304621696472,1.149999976158142,121.88174847412108,0.28338560461997986
observed_test,v2_2018_417_48h,,7,PCC,A,3.0129513006293838,0.0,0.2581916749477386,0.5887197852134705,1.149999976158142,121.88174847412108,0.28136149048805237
observed_test,v2_2018_417_48h,,7,PCC,B,3.0129513006293838,0.0,0.2581916749477386,0.5887197852134705,1.149999976158142,121.88174847412108,0.28136149048805237
observed_test,v2_2018_417_48h,,7,PCC,C,3.0129513006293838,0.0,0.2581916749477386,0.5887197852134705,1.149999976158142,121.88174847412108,0.28136149048805237
observed_test,v2_2018_417_48h,,8,PCC,A,2.7649040079514635,0.0,0.705941651876156,0.41616514325141907,1.149999976158142,121.88174847412108,0.28054937720298767
observed_test,v2_2018_417_48h,,8,PCC,B,2.7649040079514635,0.0,0.705941651876156,0.41616514325141907,1.149999976158142,121.88174847412108,0.28054937720298767
observed_test,v2_2018_417_48h,,8,PCC,C,2.7649040079514635,0.0,0.705941651876156,0.41616514325141907,1.149999976158142,121.88174847412108,0.28054937720298767
observed_test,v2_2018_417_48h,,9,PCC,A,2.9051724072175276,0.0,0.9025958295051867,0.5137431621551514,1.149999976158142,121.88174847412108,0.2806977927684784
observed_test,v2_2018_417_48h,,9,PCC,B,2.9051724072175276,0.0,0.9025958295051867,0.5137431621551514,1.149999976158142,121.88174847412108,0.2806977927684784
observed_test,v2_2018_417_48h,,9,PCC,C,2.9051724072175276,0.0,0.9025958295051867,0.5137431621551514,1.149999976158142,121.88174847412108,0.2806977927684784
observed_test,v2_2018_417_48h,,10,PCC,A,2.6904467608222724,0.0,1.2545374723581166,0.3643687963485718,1.149999976158142,53.24800137329102,0.2847466468811035
observed_test,v2_2018_417_48h,,10,PCC,B,2.6904467608222724,0.0,1.2545374723581166,0.3643687963485718,1.149999976158142,53.24800137329102,0.2847466468811035
observed_test,v2_2018_417_48h,,10,PCC,C,2.6904467608222724,0.0,1.2545374723581166,0.3643687963485718,1.149999976158142,53.24800137329102,0.2847466468811035
observed_test,v2_2018_417_48h,,11,PCC,A,2.686130632121376,0.0,1.3785083706562336,0.36136627197265625,1.149999976158142,53.24800137329102,0.30140700936317444
observed_test,v2_2018_417_48h,,11,PCC,B,2.686130632121376,0.0,1.3785083706562336,0.36136627197265625,1.149999976158142,53.24800137329102,0.30140700936317444
observed_test,v2_2018_417_48h,,11,PCC,C,2.686130632121376,0.0,1.3785083706562336,0.36136627197265625,1.149999976158142,53.24800137329102,0.30140700936317444
observed_test,v2_2018_417_48h,,12,PCC,A,2.940481482794702,0.0,1.416700046796065,0.5383059978485107,1.149999976158142,34.72425106811524,0.30838295817375183
observed_test,v2_2018_417_48h,,12,PCC,B,2.940481482794702,0.0,1.416700046796065,0.5383059978485107,1.149999976158142,34.72425106811524,0.30838295817375183
observed_test,v2_2018_417_48h,,12,PCC,C,2.940481482794702,0.0,1.416700046796065,0.5383059978485107,1.149999976158142,34.72425106811524,0.30838295817375183
observed_test,v2_2018_417_48h,,13,PCC,A,3.033735447282245,0.0,1.3586416840553284,0.6031783223152161,1.149999976158142,34.72425106811524,0.28811511397361755
observed_test,v2_2018_417_48h,,13,PCC,B,3.033735447282245,0.0,1.3586416840553284,0.6031783223152161,1.149999976158142,34.72425106811524,0.28811511397361755
observed_test,v2_2018_417_48h,,13,PCC,C,3.033735447282245,0.0,1.3586416840553284,0.6031783223152161,1.149999976158142,34.72425106811524,0.28811511397361755
observed_test,v2_2018_417_48h,,14,PCC,A,3.1232014249141358,0.0,1.2130999794373145,0.6654155254364014,1.149999976158142,34.72425106811524,0.27196237444877625
observed_test,v2_2018_417_48h,,14,PCC,B,3.1232014249141358,0.0,1.2130999794373145,0.6654155254364014,1.149999976158142,34.72425106811524,0.27196237444877625
observed_test,v2_2018_417_48h,,14,PCC,C,3.1232014249141358,0.0,1.2130999794373145,0.6654155254364014,1.149999976158142,34.72425106811524,0.27196237444877625
observed_test,v2_2018_417_48h,,15,PCC,A,2.915610662966831,0.0,0.9863832822212806,0.5210045576095581,1.149999976158142,34.72425106811524,0.2654355466365814
observed_test,v2_2018_417_48h,,15,PCC,B,2.915610662966831,0.0,0.9863832822212806,0.5210045576095581,1.149999976158142,34.72425106811524,0.2654355466365814
observed_test,v2_2018_417_48h,,15,PCC,C,2.915610662966831,0.0,0.9863832822212806,0.5210045576095581,1.149999976158142,34.72425106811524,0.2654355466365814
observed_test,v2_2018_417_48h,,16,PCC,A,2.9761405680146122,0.0,0.6686708101859459,0.5631123185157776,1.149999976158142,53.24800137329102,0.2577410638332367
observed_test,v2_2018_417_48h,,16,PCC,B,2.9761405680146122,0.0,0.6686708101859459,0.5631123185157776,1.149999976158142,53.24800137329102,0.2577410638332367
observed_test,v2_2018_417_48h,,16,PCC,C,2.9761405680146122,0.0,0.6686708101859459,0.5631123185157776,1.149999976158142,53.24800137329102,0.2577410638332367
observed_test,v2_2018_417_48h,,17,PCC,A,2.912059071852747,0.0,0.3063916586912595,0.5185338854789734,1.149999976158142,53.24800137329102,0.25563478469848633
observed_test,v2_2018_417_48h,,17,PCC,B,2.912059071852747,0.0,0.3063916586912595,0.5185338854789734,1.149999976158142,53.24800137329102,0.25563478469848633
observed_test,v2_2018_417_48h,,17,PCC,C,2.912059071852747,0.0,0.3063916586912595,0.5185338854789734,1.149999976158142,53.24800137329102,0.25563478469848633
observed_test,v2_2018_417_48h,,18,PCC,A,2.888165108802557,0.0,0.043995832451261006,0.501911997795105,1.149999976158142,53.24800137329102,0.2592598795890808
observed_test,v2_2018_417_48h,,18,PCC,B,2.888165108802557,0.0,0.043995832451261006,0.501911997795105,1.149999976158142,53.24800137329102,0.2592598795890808
observed_test,v2_2018_417_48h,,18,PCC,C,2.888165108802557,0.0,0.043995832451261006,0.501911997795105,1.149999976158142,53.24800137329102,0.2592598795890808
observed_test,v2_2018_417_48h,,19,PCC,A,2.9849615821466244,0.0,0.0,0.5692486763000488,1.149999976158142,53.24800137329102,0.2766875922679901
observed_test,v2_2018_417_48h,,19,PCC,B,2.9849615821466244,0.0,0.0,0.5692486763000488,1.149999976158142,53.24800137329102,0.2766875922679901
observed_test,v2_2018_417_48h,,19,PCC,C,2.9849615821466244,0.0,0.0,0.5692486763000488,1.149999976158142,53.24800137329102,0.2766875922679901
observed_test,v2_2018_417_48h,,20,PCC,A,2.825617614510635,0.0,0.0,0.458400696516037,1.149999976158142,53.24800137329102,0.29759371280670166
observed_test,v2_2018_417_48h,,20,PCC,B,2.825617614510635,0.0,0.0,0.458400696516037,1.149999976158142,53.24800137329102,0.29759371280670166
observed_test,v2_2018_417_48h,,20,PCC,C,2.825617614510635,0.0,0.0,0.458400696516037,1.149999976158142,53.24800137329102,0.29759371280670166
observed_test,v2_2018_417_48h,,21,PCC,A,2.740638571998929,0.0,0.0,0.39928483963012695,1.149999976158142,53.24800137329102,0.29918307065963745
observed_test,v2_2018_417_48h,,21,PCC,B,2.740638571998929,0.0,0.0,0.39928483963012695,1.149999976158142,53.24800137329102,0.29918307065963745
observed_test,v2_2018_417_48h,,21,PCC,C,2.740638571998929,0.0,0.0,0.39928483963012695,1.149999976158142,53.24800137329102,0.29918307065963745
observed_test,v2_2018_417_48h,,22,PCC,A,2.689500792288461,0.0,0.0,0.3637107312679291,1.149999976158142,53.24800137329102,0.2935025990009308
observed_test,v2_2018_417_48h,,22,PCC,B,2.689500792288461,0.0,0.0,0.3637107312679291,1.149999976158142,53.24800137329102,0.2935025990009308
observed_test,v2_2018_417_48h,,22,PCC,C,2.689500792288461,0.0,0.0,0.3637107312679291,1.149999976158142,53.24800137329102,0.2935025990009308
observed_test,v2_2018_417_48h,,23,PCC,A,2.666340906989589,0.0,0.0,0.34759950637817383,1.149999976158142,53.24800137329102,0.28960120677948
observed_test,v2_2018_417_48h,,23,PCC,B,2.666340906989589,0.0,0.0,0.34759950637817383,1.149999976158142,53.24800137329102,0.28960120677948
observed_test,v2_2018_417_48h,,23,PCC,C,2.666340906989589,0.0,0.0,0.34759950637817383,1.149999976158142,53.24800137329102,0.28960120677948
observed_test,v2_2018_417_48h,,24,PCC,A,2.589738233557025,0.0,0.0,0.29431068897247314,1.149999976158142,53.24800137329102,0.2904060482978821
observed_test,v2_2018_417_48h,,24,PCC,B,2.589738233557025,0.0,0.0,0.29431068897247314,1.149999976158142,53.24800137329102,0.2904060482978821
observed_test,v2_2018_417_48h,,24,PCC,C,2.589738233557025,0.0,0.0,0.29431068897247314,1.149999976158142,53.24800137329102,0.2904060482978821
observed_test,v2_2018_417_48h,,25,PCC,A,2.6237012928594003,0.0,0.0,0.3179371654987335,1.149999976158142,34.72425106811524,0.296613872051239
observed_test,v2_2018_417_48h,,25,PCC,B,2.6237012928594003,0.0,0.0,0.3179371654987335,1.149999976158142,34.72425106811524,0.296613872051239
observed_test,v2_2018_417_48h,,25,PCC,C,2.6237012928594003,0.0,0.0,0.3179371654987335,1.149999976158142,34.72425106811524,0.296613872051239
observed_test,v2_2018_417_48h,,26,PCC,A,2.4875831211508435,0.0,0.0,0.2232462614774704,1.149999976158142,34.72425106811524,0.3104727864265442
observed_test,v2_2018_417_48h,,26,PCC,B,2.4875831211508435,0.0,0.0,0.2232462614774704,1.149999976158142,34.72425106811524,0.3104727864265442
observed_test,v2_2018_417_48h,,26,PCC,C,2.4875831211508435,0.0,0.0,0.2232462614774704,1.149999976158142,34.72425106811524,0.3104727864265442
observed_test,v2_2018_417_48h,,27,PCC,A,2.5452259178952694,0.0,0.0,0.2633455991744995,1.149999976158142,53.24800137329102,0.33049213886260986
observed_test,v2_2018_417_48h,,27,PCC,B,2.5452259178952694,0.0,0.0,0.2633455991744995,1.149999976158142,53.24800137329102,0.33049213886260986
observed_test,v2_2018_417_48h,,27,PCC,C,2.5452259178952694,0.0,0.0,0.2633455991744995,1.149999976158142,53.24800137329102,0.33049213886260986
observed_test,v2_2018_417_48h,,28,PCC,A,2.6066056994782514,0.0,0.0,0.3060445785522461,1.149999976158142,53.24800137329102,0.3265937566757202
observed_test,v2_2018_417_48h,,28,PCC,B,2.6066056994782514,0.0,0.0,0.3060445785522461,1.149999976158142,53.24800137329102,0.3265937566757202
observed_test,v2_2018_417_48h,,28,PCC,C,2.6066056994782514,0.0,0.0,0.3060445785522461,1.149999976158142,53.24800137329102,0.3265937566757202
observed_test,v2_2018_417_48h,,29,PCC,A,2.5763726205374935,0.0,0.0,0.2850128710269928,1.149999976158142,53.24800137329102,0.32408881187438965
observed_test,v2_2018_417_48h,,29,PCC,B,2.5763726205374935,0.0,0.0,0.2850128710269928,1.149999976158142,53.24800137329102,0.32408881187438965
observed_test,v2_2018_417_48h,,29,PCC,C,2.5763726205374935,0.0,0.0,0.2850128710269928,1.149999976158142,53.24800137329102,0.32408881187438965
observed_test,v2_2018_417_48h,,30,PCC,A,2.7605416539868575,0.0,0.05896250144220316,0.4131304621696472,1.149999976158142,121.88174847412108,0.30246126651763916
observed_test,v2_2018_417_48h,,30,PCC,B,2.7605416539868575,0.0,0.05896250144220316,0.4131304621696472,1.149999976158142,121.88174847412108,0.30246126651763916
observed_test,v2_2018_417_48h,,30,PCC,C,2.7605416539868575,0.0,0.05896250144220316,0.4131304621696472,1.149999976158142,121.88174847412108,0.30246126651763916
observed_test,v2_2018_417_48h,,31,PCC,A,3.0129513006293838,0.0,0.2768458368686529,0.5887197852134705,1.149999976158142,121.88174847412108,0.2702350914478302
observed_test,v2_2018_417_48h,,31,PCC,B,3.0129513006293838,0.0,0.2768458368686529,0.5887197852134705,1.149999976158142,121.88174847412108,0.2702350914478302
observed_test,v2_2018_417_48h,,31,PCC,C,3.0129513006293838,0.0,0.2768458368686529,0.5887197852134705,1.149999976158142,121.88174847412108,0.2702350914478302
observed_test,v2_2018_417_48h,,32,PCC,A,2.7649040079514635,0.0,0.5969249858306004,0.41616514325141907,1.149999976158142,121.88174847412108,0.26409101486206055
observed_test,v2_2018_417_48h,,32,PCC,B,2.7649040079514635,0.0,0.5969249858306004,0.41616514325141907,1.149999976158142,121.88174847412108,0.26409101486206055
observed_test,v2_2018_417_48h,,32,PCC,C,2.7649040079514635,0.0,0.5969249858306004,0.41616514325141907,1.149999976158142,121.88174847412108,0.26409101486206055
observed_test,v2_2018_417_48h,,33,PCC,A,2.907250437854574,0.0,0.9364458230825571,0.5137431621551514,1.1509000062942505,121.88174847412108,0.2646627426147461
observed_test,v2_2018_417_48h,,33,PCC,B,2.907250437854574,0.0,0.9364458230825571,0.5137431621551514,1.1509000062942505,121.88174847412108,0.2646627426147461
observed_test,v2_2018_417_48h,,33,PCC,C,2.907250437854574,0.0,0.9364458230825571,0.5137431621551514,1.1509000062942505,121.88174847412108,0.2646627426147461
observed_test,v2_2018_417_48h,,34,PCC,A,2.7260986030936514,0.0,1.1315124539228585,0.3643687963485718,1.1668000221252441,53.24800137329102,0.2743819057941437
observed_test,v2_2018_417_48h,,34,PCC,B,2.7260986030936514,0.0,1.1315124539228585,0.3643687963485718,1.1668000221252441,53.24800137329102,0.2743819057941437
observed_test,v2_2018_417_48h,,34,PCC,C,2.7260986030936514,0.0,1.1315124539228585,0.3643687963485718,1.1668000221252441,53.24800137329102,0.2743819057941437
observed_test,v2_2018_417_48h,,35,PCC,A,2.7484108236261213,0.0,1.239004158056699,0.36136627197265625,1.1793999671936035,53.24800137329102,0.2967167794704437
observed_test,v2_2018_417_48h,,35,PCC,B,2.7484108236261213,0.0,1.239004158056699,0.36136627197265625,1.1793999671936035,53.24800137329102,0.2967167794704437
observed_test,v2_2018_417_48h,,35,PCC,C,2.7484108236261213,0.0,1.239004158056699,0.36136627197265625,1.1793999671936035,53.24800137329102,0.2967167794704437
observed_test,v2_2018_417_48h,,36,PCC,A,3.028565483383133,0.0,1.2732041569856496,0.5383059978485107,1.1876499652862549,34.72425106811524,0.30099955201148987
observed_test,v2_2018_417_48h,,36,PCC,B,3.028565483383133,0.0,1.2732041569856496,0.5383059978485107,1.1876499652862549,34.72425106811524,0.30099955201148987
observed_test,v2_2018_417_48h,,36,PCC,C,3.028565483383133,0.0,1.2732041569856496,0.5383059978485107,1.1876499652862549,34.72425106811524,0.30099955201148987
observed_test,v2_2018_417_48h,,37,PCC,A,3.1352206485811895,0.0,1.2219874904705927,0.6031783223152161,1.1919249296188354,34.72425106811524,0.27176740765571594
observed_test,v2_2018_417_48h,,37,PCC,B,3.1352206485811895,0.0,1.2219874904705927,0.6031783223152161,1.1919249296188354,34.72425106811524,0.27176740765571594
observed_test,v2_2018_417_48h,,37,PCC,C,3.1352206485811895,0.0,1.2219874904705927,0.6031783223152161,1.1919249296188354,34.72425106811524,0.27176740765571594
observed_test,v2_2018_417_48h,,38,PCC,A,3.22888523555771,0.0,1.1135416535230782,0.6654155254364014,1.1922999620437622,34.72425106811524,0.250858336687088
observed_test,v2_2018_417_48h,,38,PCC,B,3.22888523555771,0.0,1.1135416535230782,0.6654155254364014,1.1922999620437622,34.72425106811524,0.250858336687088
observed_test,v2_2018_417_48h,,38,PCC,C,3.22888523555771,0.0,1.1135416535230782,0.6654155254364014,1.1922999620437622,34.72425106811524,0.250858336687088
observed_test,v2_2018_417_48h,,39,PCC,A,3.005835910784453,0.0,0.9123041652716122,0.5210045576095581,1.18892502784729,34.72425106811524,0.24566330015659332
observed_test,v2_2018_417_48h,,39,PCC,B,3.005835910784453,0.0,0.9123041652716122,0.5210045576095581,1.18892502784729,34.72425106811524,0.24566330015659332
observed_test,v2_2018_417_48h,,39,PCC,C,3.005835910784453,0.0,0.9123041652716122,0.5210045576095581,1.18892502784729,34.72425106811524,0.24566330015659332
observed_test,v2_2018_417_48h,,40,PCC,A,3.0504575713333146,0.0,0.6269833216300377,0.5631123185157776,1.1813499927520752,53.24800137329102,0.2558567225933075
observed_test,v2_2018_417_48h,,40,PCC,B,3.0504575713333146,0.0,0.6269833216300377,0.5631123185157776,1.1813499927520752,53.24800137329102,0.2558567225933075
observed_test,v2_2018_417_48h,,40,PCC,C,3.0504575713333146,0.0,0.6269833216300377,0.5631123185157776,1.1813499927520752,53.24800137329102,0.2558567225933075
observed_test,v2_2018_417_48h,,41,PCC,A,2.957545519795026,0.0,0.2915166604977387,0.5185338854789734,1.1696499586105347,53.24800137329102,0.26320913434028625
observed_test,v2_2018_417_48h,,41,PCC,B,2.957545519795026,0.0,0.2915166604977387,0.5185338854789734,1.1696499586105347,53.24800137329102,0.26320913434028625
observed_test,v2_2018_417_48h,,41,PCC,C,2.957545519795026,0.0,0.2915166604977387,0.5185338854789734,1.1696499586105347,53.24800137329102,0.26320913434028625
observed_test,v2_2018_417_48h,,42,PCC,A,2.9120805843278936,0.0,0.04336250086243335,0.501911997795105,1.1604249477386475,53.24800137329102,0.2816186845302582
observed_test,v2_2018_417_48h,,42,PCC,B,2.9120805843278936,0.0,0.04336250086243335,0.501911997795105,1.1604249477386475,53.24800137329102,0.2816186845302582
observed_test,v2_2018_417_48h,,42,PCC,C,2.9120805843278936,0.0,0.04336250086243335,0.501911997795105,1.1604249477386475,53.24800137329102,0.2816186845302582
observed_test,v2_2018_417_48h,,43,PCC,A,2.9901341639334,0.0,0.0,0.5692486763000488,1.152174949645996,53.24800137329102,0.29727253317832947
observed_test,v2_2018_417_48h,,43,PCC,B,2.9901341639334,0.0,0.0,0.5692486763000488,1.152174949645996,53.24800137329102,0.29727253317832947
observed_test,v2_2018_417_48h,,43,PCC,C,2.9901341639334,0.0,0.0,0.5692486763000488,1.152174949645996,53.24800137329102,0.29727253317832947
observed_test,v2_2018_417_48h,,44,PCC,A,2.825617614510635,0.0,0.0,0.458400696516037,1.149999976158142,53.24800137329102,0.30820977687835693
observed_test,v2_2018_417_48h,,44,PCC,B,2.825617614510635,0.0,0.0,0.458400696516037,1.149999976158142,53.24800137329102,0.30820977687835693
observed_test,v2_2018_417_48h,,44,PCC,C,2.825617614510635,0.0,0.0,0.458400696516037,1.149999976158142,53.24800137329102,0.30820977687835693
observed_test,v2_2018_417_48h,,45,PCC,A,2.740638571998929,0.0,0.0,0.39928483963012695,1.149999976158142,53.24800137329102,0.31189200282096863
observed_test,v2_2018_417_48h,,45,PCC,B,2.740638571998929,0.0,0.0,0.39928483963012695,1.149999976158142,53.24800137329102,0.31189200282096863
observed_test,v2_2018_417_48h,,45,PCC,C,2.740638571998929,0.0,0.0,0.39928483963012695,1.149999976158142,53.24800137329102,0.31189200282096863
observed_test,v2_2018_417_48h,,46,PCC,A,2.689500792288461,0.0,0.0,0.3637107312679291,1.149999976158142,53.24800137329102,0.30508312582969666
observed_test,v2_2018_417_48h,,46,PCC,B,2.689500792288461,0.0,0.0,0.3637107312679291,1.149999976158142,53.24800137329102,0.30508312582969666
observed_test,v2_2018_417_48h,,46,PCC,C,2.689500792288461,0.0,0.0,0.3637107312679291,1.149999976158142,53.24800137329102,0.30508312582969666
observed_test,v2_2018_417_48h,,47,PCC,A,2.666340906989589,0.0,0.0,0.34759950637817383,1.149999976158142,53.24800137329102,0.3041776418685913
observed_test,v2_2018_417_48h,,47,PCC,B,2.666340906989589,0.0,0.0,0.34759950637817383,1.149999976158142,53.24800137329102,0.3041776418685913
observed_test,v2_2018_417_48h,,47,PCC,C,2.666340906989589,0.0,0.0,0.34759950637817383,1.149999976158142,53.24800137329102,0.3041776418685913
observed_test,v2_2018_493_48h,,0,PCC,A,2.6239188515480456,0.0,0.0,0.29431068897247314,1.1668000221252441,53.24800137329102,0.31429949402809143
observed_test,v2_2018_493_48h,,0,PCC,B,2.6239188515480456,0.0,0.0,0.29431068897247314,1.1668000221252441,53.24800137329102,0.31429949402809143
observed_test,v2_2018_493_48h,,0,PCC,C,2.6239188515480456,0.0,0.0,0.29431068897247314,1.1668000221252441,53.24800137329102,0.31429949402809143
observed_test,v2_2018_493_48h,,1,PCC,A,2.6593066929139293,0.0,0.0,0.3179371654987335,1.1672499179840088,53.24800137329102,0.3190944790840149
observed_test,v2_2018_493_48h,,1,PCC,B,2.6593066929139293,0.0,0.0,0.3179371654987335,1.1672499179840088,53.24800137329102,0.3190944790840149
observed_test,v2_2018_493_48h,,1,PCC,C,2.6593066929139293,0.0,0.0,0.3179371654987335,1.1672499179840088,53.24800137329102,0.3190944790840149
observed_test,v2_2018_493_48h,,2,PCC,A,2.5226061750231987,0.0,0.0,0.2232462614774704,1.1679999828338623,53.24800137329102,0.3179285526275635
observed_test,v2_2018_493_48h,,2,PCC,B,2.5226061750231987,0.0,0.0,0.2232462614774704,1.1679999828338623,53.24800137329102,0.3179285526275635
observed_test,v2_2018_493_48h,,2,PCC,C,2.5226061750231987,0.0,0.0,0.2232462614774704,1.1679999828338623,53.24800137329102,0.3179285526275635
observed_test,v2_2018_493_48h,,3,PCC,A,2.581151207200423,0.0,0.0,0.2633455991744995,1.1679999828338623,53.24800137329102,0.3199610114097595
observed_test,v2_2018_493_48h,,3,PCC,B,2.581151207200423,0.0,0.0,0.2633455991744995,1.1679999828338623,53.24800137329102,0.3199610114097595
observed_test,v2_2018_493_48h,,3,PCC,C,2.581151207200423,0.0,0.0,0.2633455991744995,1.1679999828338623,53.24800137329102,0.3199610114097595
observed_test,v2_2018_493_48h,,4,PCC,A,2.64272319133363,0.0,0.0,0.3060445785522461,1.1676249504089355,53.24800137329102,0.30600374937057495
observed_test,v2_2018_493_48h,,4,PCC,B,2.64272319133363,0.0,0.0,0.3060445785522461,1.1676249504089355,53.24800137329102,0.30600374937057495
observed_test,v2_2018_493_48h,,4,PCC,C,2.64272319133363,0.0,0.0,0.3060445785522461,1.1676249504089355,53.24800137329102,0.30600374937057495
observed_test,v2_2018_493_48h,,5,PCC,A,2.6115717037287753,0.0,0.0,0.2850128710269928,1.1674000024795532,53.24800137329102,0.2811015546321869
observed_test,v2_2018_493_48h,,5,PCC,B,2.6115717037287753,0.0,0.0,0.2850128710269928,1.1674000024795532,53.24800137329102,0.2811015546321869
observed_test,v2_2018_493_48h,,5,PCC,C,2.6115717037287753,0.0,0.0,0.2850128710269928,1.1674000024795532,53.24800137329102,0.2811015546321869
observed_test,v2_2018_493_48h,,6,PCC,A,2.8003281832274785,0.0,0.003587500004169459,0.4131304621696472,1.1682249307632446,53.24800137329102,0.2562400698661804
observed_test,v2_2018_493_48h,,6,PCC,B,2.8003281832274785,0.0,0.003587500004169459,0.4131304621696472,1.1682249307632446,53.24800137329102,0.2562400698661804
observed_test,v2_2018_493_48h,,6,PCC,C,2.8003281832274785,0.0,0.003587500004169459,0.4131304621696472,1.1682249307632446,53.24800137329102,0.2562400698661804
observed_test,v2_2018_493_48h,,7,PCC,A,3.061423030054406,0.0,0.03185833159547585,0.5887197852134705,1.1701749563217163,53.24800137329102,0.24238398671150208
observed_test,v2_2018_493_48h,,7,PCC,B,3.061423030054406,0.0,0.03185833159547585,0.5887197852134705,1.1701749563217163,53.24800137329102,0.24238398671150208
observed_test,v2_2018_493_48h,,7,PCC,C,3.061423030054406,0.0,0.03185833159547585,0.5887197852134705,1.1701749563217163,53.24800137329102,0.24238398671150208
observed_test,v2_2018_493_48h,,8,PCC,A,2.816404942767805,0.0,0.04922083507363612,0.41616514325141907,1.173550009727478,53.24800137329102,0.23888331651687622
observed_test,v2_2018_493_48h,,8,PCC,B,2.816404942767805,0.0,0.04922083507363612,0.41616514325141907,1.173550009727478,53.24800137329102,0.23888331651687622
observed_test,v2_2018_493_48h,,8,PCC,C,2.816404942767805,0.0,0.04922083507363612,0.41616514325141907,1.173550009727478,53.24800137329102,0.23888331651687622
observed_test,v2_2018_493_48h,,9,PCC,A,2.9687232631077882,0.0,0.08463749948602456,0.5137431621551514,1.1775249242782593,53.24800137329102,0.25215375423431396
observed_test,v2_2018_493_48h,,9,PCC,B,2.9687232631077882,0.0,0.08463749948602456,0.5137431621551514,1.1775249242782593,53.24800137329102,0.25215375423431396
observed_test,v2_2018_493_48h,,9,PCC,C,2.9687232631077882,0.0,0.08463749948602456,0.5137431621551514,1.1775249242782593,53.24800137329102,0.25215375423431396
observed_test,v2_2018_493_48h,,10,PCC,A,2.7568163755024684,0.0,0.25911250939735997,0.3643687963485718,1.1812750101089478,53.24800137329102,0.2698062062263489
observed_test,v2_2018_493_48h,,10,PCC,B,2.7568163755024684,0.0,0.25911250939735997,0.3643687963485718,1.1812750101089478,53.24800137329102,0.2698062062263489
observed_test,v2_2018_493_48h,,10,PCC,C,2.7568163755024684,0.0,0.25911250939735997,0.3643687963485718,1.1812750101089478,53.24800137329102,0.2698062062263489
observed_test,v2_2018_493_48h,,11,PCC,A,2.7587380347019916,0.0,0.20632917204728493,0.36136627197265625,1.1842750310897827,53.24800137329102,0.28875672817230225
observed_test,v2_2018_493_48h,,11,PCC,B,2.7587380347019916,0.0,0.20632917204728493,0.36136627197265625,1.1842750310897827,53.24800137329102,0.28875672817230225
observed_test,v2_2018_493_48h,,11,PCC,C,2.7587380347019916,0.0,0.20632917204728493,0.36136627197265625,1.1842750310897827,53.24800137329102,0.28875672817230225
observed_test,v2_2018_493_48h,,12,PCC,A,3.0247052839342365,0.0,0.12401666205662946,0.5383059978485107,1.1859999895095825,53.24800137329102,0.3051593005657196
observed_test,v2_2018_493_48h,,12,PCC,B,3.0247052839342365,0.0,0.12401666205662946,0.5383059978485107,1.1859999895095825,53.24800137329102,0.3051593005657196
observed_test,v2_2018_493_48h,,12,PCC,C,3.0247052839342365,0.0,0.12401666205662946,0.5383059978485107,1.1859999895095825,53.24800137329102,0.3051593005657196
observed_test,v2_2018_493_48h,,13,PCC,A,3.11960767387184,0.0,0.09828333098154801,0.6031783223152161,1.1854749917984009,53.24800137329102,0.32414522767066956
observed_test,v2_2018_493_48h,,13,PCC,B,3.11960767387184,0.0,0.09828333098154801,0.6031783223152161,1.1854749917984009,53.24800137329102,0.32414522767066956
observed_test,v2_2018_493_48h,,13,PCC,C,3.11960767387184,0.0,0.09828333098154801,0.6031783223152161,1.1854749917984009,53.24800137329102,0.32414522767066956
observed_test,v2_2018_493_48h,,14,PCC,A,3.2063994514755145,0.0,0.0665375031530857,0.6654155254364014,1.1833000183105469,53.24800137329102,0.33393537998199463
observed_test,v2_2018_493_48h,,14,PCC,B,3.2063994514755145,0.0,0.0665375031530857,0.6654155254364014,1.1833000183105469,53.24800137329102,0.33393537998199463
observed_test,v2_2018_493_48h,,14,PCC,C,3.2063994514755145,0.0,0.0665375031530857,0.6654155254364014,1.1833000183105469,53.24800137329102,0.33393537998199463
observed_test,v2_2018_493_48h,,15,PCC,A,2.9872344675413687,0.0,0.06649166775437501,0.5210045576095581,1.180899977684021,53.24800137329102,0.33610498905181885
observed_test,v2_2018_493_48h,,15,PCC,B,2.9872344675413687,0.0,0.06649166775437501,0.5210045576095581,1.180899977684021,53.24800137329102,0.33610498905181885
observed_test,v2_2018_493_48h,,15,PCC,C,2.9872344675413687,0.0,0.06649166775437501,0.5210045576095581,1.180899977684021,53.24800137329102,0.33610498905181885
observed_test,v2_2018_493_48h,,16,PCC,A,3.0437013516714218,0.0,0.04955416616912071,0.5631123185157776,1.1784999370574951,53.24800137329102,0.3331435024738312
observed_test,v2_2018_493_48h,,16,PCC,B,3.0437013516714218,0.0,0.04955416616912071,0.5631123185157776,1.1784999370574951,53.24800137329102,0.3331435024738312
observed_test,v2_2018_493_48h,,16,PCC,C,3.0437013516714218,0.0,0.04955416616912071,0.5631123185157776,1.1784999370574951,53.24800137329102,0.3331435024738312
observed_test,v2_2018_493_48h,,17,PCC,A,2.9724763312610456,0.0,0.07918333061612569,0.5185338854789734,1.1761000156402588,53.24800137329102,0.33335667848587036
observed_test,v2_2018_493_48h,,17,PCC,B,2.9724763312610456,0.0,0.07918333061612569,0.5185338854789734,1.1761000156402588,53.24800137329102,0.33335667848587036
observed_test,v2_2018_493_48h,,17,PCC,C,2.9724763312610456,0.0,0.07918333061612569,0.5185338854789734,1.1761000156402588,53.24800137329102,0.33335667848587036
observed_test,v2_2018_493_48h,,18,PCC,A,2.944426954811213,0.0,0.003691666643135249,0.501911997795105,1.1745250225067139,53.24800137329102,0.33116862177848816
observed_test,v2_2018_493_48h,,18,PCC,B,2.944426954811213,0.0,0.003691666643135249,0.501911997795105,1.1745250225067139,53.24800137329102,0.33116862177848816
observed_test,v2_2018_493_48h,,18,PCC,C,2.944426954811213,0.0,0.003691666643135249,0.501911997795105,1.1745250225067139,53.24800137329102,0.33116862177848816
observed_test,v2_2018_493_48h,,19,PCC,A,3.0420391581064052,0.0,0.0,0.5692486763000488,1.1740000247955322,53.24800137329102,0.3232167661190033
observed_test,v2_2018_493_48h,,19,PCC,B,3.0420391581064052,0.0,0.0,0.5692486763000488,1.1740000247955322,53.24800137329102,0.3232167661190033
observed_test,v2_2018_493_48h,,19,PCC,C,3.0420391581064052,0.0,0.0,0.5692486763000488,1.1740000247955322,53.24800137329102,0.3232167661190033
observed_test,v2_2018_493_48h,,20,PCC,A,2.879537680529374,0.0,0.0,0.458400696516037,1.1740750074386597,53.24800137329102,0.3166375756263733
observed_test,v2_2018_493_48h,,20,PCC,B,2.879537680529374,0.0,0.0,0.458400696516037,1.1740750074386597,53.24800137329102,0.3166375756263733
observed_test,v2_2018_493_48h,,20,PCC,C,2.879537680529374,0.0,0.0,0.458400696516037,1.1740750074386597,53.24800137329102,0.3166375756263733
observed_test,v2_2018_493_48h,,21,PCC,A,2.794891273963259,0.0,0.0,0.39928483963012695,1.1750500202178955,53.24800137329102,0.31091925501823425
observed_test,v2_2018_493_48h,,21,PCC,B,2.794891273963259,0.0,0.0,0.39928483963012695,1.1750500202178955,53.24800137329102,0.31091925501823425
observed_test,v2_2018_493_48h,,21,PCC,C,2.794891273963259,0.0,0.0,0.39928483963012695,1.1750500202178955,53.24800137329102,0.31091925501823425
observed_test,v2_2018_493_48h,,22,PCC,A,2.7451850607733603,0.0,0.0,0.3637107312679291,1.1762499809265137,53.24800137329102,0.3104761242866516
observed_test,v2_2018_493_48h,,22,PCC,B,2.7451850607733603,0.0,0.0,0.3637107312679291,1.1762499809265137,53.24800137329102,0.3104761242866516
observed_test,v2_2018_493_48h,,22,PCC,C,2.7451850607733603,0.0,0.0,0.3637107312679291,1.1762499809265137,53.24800137329102,0.3104761242866516
observed_test,v2_2018_493_48h,,23,PCC,A,2.7257514042952047,0.0,0.0,0.34759950637817383,1.1782749891281128,53.24800137329102,0.3111721873283386
observed_test,v2_2018_493_48h,,23,PCC,B,2.7257514042952047,0.0,0.0,0.34759950637817383,1.1782749891281128,53.24800137329102,0.3111721873283386
observed_test,v2_2018_493_48h,,23,PCC,C,2.7257514042952047,0.0,0.0,0.34759950637817383,1.1782749891281128,53.24800137329102,0.3111721873283386
observed_test,v2_2018_493_48h,,24,PCC,A,2.652605987023071,0.0,0.0,0.29431068897247314,1.180899977684021,53.24800137329102,0.30889201164245605
observed_test,v2_2018_493_48h,,24,PCC,B,2.652605987023071,0.0,0.0,0.29431068897247314,1.180899977684021,53.24800137329102,0.30889201164245605
observed_test,v2_2018_493_48h,,24,PCC,C,2.652605987023071,0.0,0.0,0.29431068897247314,1.180899977684021,53.24800137329102,0.30889201164245605
observed_test,v2_2018_493_48h,,25,PCC,A,2.6915066436221786,0.0,0.0,0.3179371654987335,1.1828500032424927,34.72425106811524,0.3114953935146332
observed_test,v2_2018_493_48h,,25,PCC,B,2.6915066436221786,0.0,0.0,0.3179371654987335,1.1828500032424927,34.72425106811524,0.3114953935146332
observed_test,v2_2018_493_48h,,25,PCC,C,2.6915066436221786,0.0,0.0,0.3179371654987335,1.1828500032424927,34.72425106811524,0.3114953935146332
observed_test,v2_2018_493_48h,,26,PCC,A,2.553689120838137,0.0,0.0,0.2232462614774704,1.1839749813079834,34.72425106811524,0.30886760354042053
observed_test,v2_2018_493_48h,,26,PCC,B,2.553689120838137,0.0,0.0,0.2232462614774704,1.1839749813079834,34.72425106811524,0.30886760354042053
observed_test,v2_2018_493_48h,,26,PCC,C,2.553689120838137,0.0,0.0,0.2232462614774704,1.1839749813079834,34.72425106811524,0.30886760354042053
observed_test,v2_2018_493_48h,,27,PCC,A,2.6134838486132104,0.0,0.0,0.2633455991744995,1.1841999292373657,34.72425106811524,0.31217098236083984
observed_test,v2_2018_493_48h,,27,PCC,B,2.6134838486132104,0.0,0.0,0.2633455991744995,1.1841999292373657,34.72425106811524,0.31217098236083984
observed_test,v2_2018_493_48h,,27,PCC,C,2.6134838486132104,0.0,0.0,0.2633455991744995,1.1841999292373657,34.72425106811524,0.31217098236083984
observed_test,v2_2018_493_48h,,28,PCC,A,2.676535352949107,0.0,0.0,0.3060445785522461,1.1841249465942383,34.72425106811524,0.2956193685531616
observed_test,v2_2018_493_48h,,28,PCC,B,2.676535352949107,0.0,0.0,0.3060445785522461,1.1841249465942383,34.72425106811524,0.2956193685531616
observed_test,v2_2018_493_48h,,28,PCC,C,2.676535352949107,0.0,0.0,0.3060445785522461,1.1841249465942383,34.72425106811524,0.2956193685531616
observed_test,v2_2018_493_48h,,29,PCC,A,2.6443431059449636,0.0,0.0,0.2850128710269928,1.1835999488830566,34.72425106811524,0.25929492712020874
observed_test,v2_2018_493_48h,,29,PCC,B,2.6443431059449636,0.0,0.0,0.2850128710269928,1.1835999488830566,34.72425106811524,0.25929492712020874
observed_test,v2_2018_493_48h,,29,PCC,C,2.6443431059449636,0.0,0.0,0.2850128710269928,1.1835999488830566,34.72425106811524,0.25929492712020874
observed_test,v2_2018_493_48h,,30,PCC,A,2.8368403301934992,0.0,0.013058333514401546,0.4131304621696472,1.1849499940872192,53.24800137329102,0.23812608420848846
observed_test,v2_2018_493_48h,,30,PCC,B,2.8368403301934992,0.0,0.013058333514401546,0.4131304621696472,1.1849499940872192,53.24800137329102,0.23812608420848846
observed_test,v2_2018_493_48h,,30,PCC,C,2.8368403301934992,0.0,0.013058333514401546,0.4131304621696472,1.1849499940872192,53.24800137329102,0.23812608420848846
observed_test,v2_2018_493_48h,,31,PCC,A,3.1066514726441117,0.0,0.14935833616898608,0.5887197852134705,1.1890000104904175,53.24800137329102,0.2374788075685501
observed_test,v2_2018_493_48h,,31,PCC,B,3.1066514726441117,0.0,0.14935833616898608,0.5887197852134705,1.1890000104904175,53.24800137329102,0.2374788075685501
observed_test,v2_2018_493_48h,,31,PCC,C,3.1066514726441117,0.0,0.14935833616898608,0.5887197852134705,1.1890000104904175,53.24800137329102,0.2374788075685501
observed_test,v2_2018_493_48h,,32,PCC,A,2.861673167464334,0.0,0.13339583976910663,0.41616514325141907,1.1942499876022339,53.24800137329102,0.2384095937013626
observed_test,v2_2018_493_48h,,32,PCC,B,2.861673167464334,0.0,0.13339583976910663,0.41616514325141907,1.1942499876022339,53.24800137329102,0.2384095937013626
observed_test,v2_2018_493_48h,,32,PCC,C,2.861673167464334,0.0,0.13339583976910663,0.41616514325141907,1.1942499876022339,53.24800137329102,0.2384095937013626
observed_test,v2_2018_493_48h,,33,PCC,A,3.0222307629787344,0.0,0.2715833198565703,0.5137431621551514,1.2006999254226685,53.24800137329102,0.24782107770442963
observed_test,v2_2018_493_48h,,33,PCC,B,3.0222307629787344,0.0,0.2715833198565703,0.5137431621551514,1.2006999254226685,53.24800137329102,0.24782107770442963
observed_test,v2_2018_493_48h,,33,PCC,C,3.0222307629787344,0.0,0.2715833198565703,0.5137431621551514,1.2006999254226685,53.24800137329102,0.24782107770442963
observed_test,v2_2018_493_48h,,34,PCC,A,2.8123631140105907,0.0,0.8582750192055335,0.3643687963485718,1.207450032234192,53.24800137329102,0.27238571643829346
observed_test,v2_2018_493_48h,,34,PCC,B,2.8123631140105907,0.0,0.8582750192055335,0.3643687963485718,1.207450032234192,53.24800137329102,0.27238571643829346
observed_test,v2_2018_493_48h,,34,PCC,C,2.8123631140105907,0.0,0.8582750192055335,0.3643687963485718,1.207450032234192,53.24800137329102,0.27238571643829346
observed_test,v2_2018_493_48h,,35,PCC,A,2.8186348488223607,0.0,0.7286374958661885,0.36136627197265625,1.2125499248504639,53.24800137329102,0.2993454933166504
observed_test,v2_2018_493_48h,,35,PCC,B,2.8186348488223607,0.0,0.7286374958661885,0.36136627197265625,1.2125499248504639,53.24800137329102,0.2993454933166504
observed_test,v2_2018_493_48h,,35,PCC,C,2.8186348488223607,0.0,0.7286374958661885,0.36136627197265625,1.2125499248504639,53.24800137329102,0.2993454933166504
observed_test,v2_2018_493_48h,,36,PCC,A,3.0931371572221074,0.0,0.8265666663646698,0.5383059978485107,1.215250015258789,53.24800137329102,0.3172948658466339
observed_test,v2_2018_493_48h,,36,PCC,B,3.0931371572221074,0.0,0.8265666663646698,0.5383059978485107,1.215250015258789,53.24800137329102,0.3172948658466339
observed_test,v2_2018_493_48h,,36,PCC,C,3.0931371572221074,0.0,0.8265666663646698,0.5383059978485107,1.215250015258789,53.24800137329102,0.3172948658466339
observed_test,v2_2018_493_48h,,37,PCC,A,3.1936791278902064,0.0,1.0726999778013961,0.6031783223152161,1.2160749435424805,53.24800137329102,0.3176347613334656
observed_test,v2_2018_493_48h,,37,PCC,B,3.1936791278902064,0.0,1.0726999778013961,0.6031783223152161,1.2160749435424805,53.24800137329102,0.3176347613334656
observed_test,v2_2018_493_48h,,37,PCC,C,3.1936791278902064,0.0,1.0726999778013961,0.6031783223152161,1.2160749435424805,53.24800137329102,0.3176347613334656
observed_test,v2_2018_493_48h,,38,PCC,A,3.287348810277637,0.0,0.8142000207534202,0.6654155254364014,1.2157000303268433,53.24800137329102,0.30647626519203186
observed_test,v2_2018_493_48h,,38,PCC,B,3.287348810277637,0.0,0.8142000207534202,0.6654155254364014,1.2157000303268433,53.24800137329102,0.30647626519203186
observed_test,v2_2018_493_48h,,38,PCC,C,3.287348810277637,0.0,0.8142000207534202,0.6654155254364014,1.2157000303268433,53.24800137329102,0.30647626519203186
observed_test,v2_2018_493_48h,,39,PCC,A,3.061292079987163,0.0,0.751354144169734,0.5210045576095581,1.2128499746322632,53.24800137329102,0.28549402952194214
observed_test,v2_2018_493_48h,,39,PCC,B,3.061292079987163,0.0,0.751354144169734,0.5210045576095581,1.2128499746322632,53.24800137329102,0.28549402952194214
observed_test,v2_2018_493_48h,,39,PCC,C,3.061292079987163,0.0,0.751354144169734,0.5210045576095581,1.2128499746322632,53.24800137329102,0.28549402952194214
observed_test,v2_2018_493_48h,,40,PCC,A,3.114462494524774,0.0,0.47527915583207053,0.5631123185157776,1.2083499431610107,53.24800137329102,0.2766748368740082
observed_test,v2_2018_493_48h,,40,PCC,B,3.114462494524774,0.0,0.47527915583207053,0.5631123185157776,1.2083499431610107,53.24800137329102,0.2766748368740082
observed_test,v2_2018_493_48h,,40,PCC,C,3.114462494524774,0.0,0.47527915583207053,0.5631123185157776,1.2083499431610107,53.24800137329102,0.2766748368740082
observed_test,v2_2018_493_48h,,41,PCC,A,3.0302891772179184,0.0,0.18225833773612976,0.5185338854789734,1.2010749578475952,53.24800137329102,0.2770940661430359
observed_test,v2_2018_493_48h,,41,PCC,B,3.0302891772179184,0.0,0.18225833773612976,0.5185338854789734,1.2010749578475952,53.24800137329102,0.2770940661430359
observed_test,v2_2018_493_48h,,41,PCC,C,3.0302891772179184,0.0,0.18225833773612976,0.5185338854789734,1.2010749578475952,53.24800137329102,0.2770940661430359
observed_test,v2_2018_493_48h,,42,PCC,A,2.9917418625654535,0.0,0.006070833366650801,0.501911997795105,1.1951500177383423,121.88174847412108,0.2801923453807831
observed_test,v2_2018_493_48h,,42,PCC,B,2.9917418625654535,0.0,0.006070833366650801,0.501911997795105,1.1951500177383423,121.88174847412108,0.2801923453807831
observed_test,v2_2018_493_48h,,42,PCC,C,2.9917418625654535,0.0,0.006070833366650801,0.501911997795105,1.1951500177383423,121.88174847412108,0.2801923453807831
observed_test,v2_2018_493_48h,,43,PCC,A,3.0828851185529893,0.0,0.0,0.5692486763000488,1.1911749839782715,121.88174847412108,0.286238431930542
observed_test,v2_2018_493_48h,,43,PCC,B,3.0828851185529893,0.0,0.0,0.5692486763000488,1.1911749839782715,121.88174847412108,0.286238431930542
observed_test,v2_2018_493_48h,,43,PCC,C,3.0828851185529893,0.0,0.0,0.5692486763000488,1.1911749839782715,121.88174847412108,0.286238431930542
observed_test,v2_2018_493_48h,,44,PCC,A,2.913636470125372,0.0,0.0,0.458400696516037,1.1892999410629272,121.88174847412108,0.28883904218673706
observed_test,v2_2018_493_48h,,44,PCC,B,2.913636470125372,0.0,0.0,0.458400696516037,1.1892999410629272,121.88174847412108,0.28883904218673706
observed_test,v2_2018_493_48h,,44,PCC,C,2.913636470125372,0.0,0.0,0.458400696516037,1.1892999410629272,121.88174847412108,0.28883904218673706
observed_test,v2_2018_493_48h,,45,PCC,A,2.820555679411015,0.0,0.0,0.39928483963012695,1.186900019645691,53.24800137329102,0.2975204885005951
observed_test,v2_2018_493_48h,,45,PCC,B,2.820555679411015,0.0,0.0,0.39928483963012695,1.186900019645691,53.24800137329102,0.2975204885005951
observed_test,v2_2018_493_48h,,45,PCC,C,2.820555679411015,0.0,0.0,0.39928483963012695,1.186900019645691,53.24800137329102,0.2975204885005951
observed_test,v2_2018_493_48h,,46,PCC,A,2.7625267625816576,0.0,0.0,0.3637107312679291,1.1844249963760376,53.24800137329102,0.3060232102870941
observed_test,v2_2018_493_48h,,46,PCC,B,2.7625267625816576,0.0,0.0,0.3637107312679291,1.1844249963760376,53.24800137329102,0.3060232102870941
observed_test,v2_2018_493_48h,,46,PCC,C,2.7625267625816576,0.0,0.0,0.3637107312679291,1.1844249963760376,53.24800137329102,0.3060232102870941
observed_test,v2_2018_493_48h,,47,PCC,A,2.7317395940817257,0.0,0.0,0.34759950637817383,1.1811249256134033,53.24800137329102,0.30275729298591614
observed_test,v2_2018_493_48h,,47,PCC,B,2.7317395940817257,0.0,0.0,0.34759950637817383,1.1811249256134033,53.24800137329102,0.30275729298591614
observed_test,v2_2018_493_48h,,47,PCC,C,2.7317395940817257,0.0,0.0,0.34759950637817383,1.1811249256134033,53.24800137329102,0.30275729298591614
observed_test,v2_2018_455_48h,,0,PCC,A,2.668322925389583,0.0,0.0,0.29431068897247314,1.1886249780654907,53.24800137329102,0.34276068210601807
observed_test,v2_2018_455_48h,,0,PCC,B,2.668322925389583,0.0,0.0,0.29431068897247314,1.1886249780654907,53.24800137329102,0.34276068210601807
observed_test,v2_2018_455_48h,,0,PCC,C,2.668322925389583,0.0,0.0,0.29431068897247314,1.1886249780654907,53.24800137329102,0.34276068210601807
observed_test,v2_2018_455_48h,,1,PCC,A,2.6973891636743104,0.0,0.0,0.3179371654987335,1.1856999397277832,34.72425106811524,0.33996203541755676
observed_test,v2_2018_455_48h,,1,PCC,B,2.6973891636743104,0.0,0.0,0.3179371654987335,1.1856999397277832,34.72425106811524,0.33996203541755676
observed_test,v2_2018_455_48h,,1,PCC,C,2.6973891636743104,0.0,0.0,0.3179371654987335,1.1856999397277832,34.72425106811524,0.33996203541755676
observed_test,v2_2018_455_48h,,2,PCC,A,2.553105306628417,0.0,0.0,0.2232462614774704,1.183674931526184,34.72425106811524,0.3366945683956146
observed_test,v2_2018_455_48h,,2,PCC,B,2.553105306628417,0.0,0.0,0.2232462614774704,1.183674931526184,34.72425106811524,0.3366945683956146
observed_test,v2_2018_455_48h,,2,PCC,C,2.553105306628417,0.0,0.0,0.2232462614774704,1.183674931526184,34.72425106811524,0.3366945683956146
observed_test,v2_2018_455_48h,,3,PCC,A,2.6082447687065944,0.0,0.0,0.2633455991744995,1.1815749406814575,34.72425106811524,0.34762367606163025
observed_test,v2_2018_455_48h,,3,PCC,B,2.6082447687065944,0.0,0.0,0.2633455991744995,1.1815749406814575,34.72425106811524,0.34762367606163025
observed_test,v2_2018_455_48h,,3,PCC,C,2.6082447687065944,0.0,0.0,0.2633455991744995,1.1815749406814575,34.72425106811524,0.34762367606163025
observed_test,v2_2018_455_48h,,4,PCC,A,2.670233986673992,0.0,0.0,0.3060445785522461,1.1810499429702759,34.72425106811524,0.3358742594718933
observed_test,v2_2018_455_48h,,4,PCC,B,2.670233986673992,0.0,0.0,0.3060445785522461,1.1810499429702759,34.72425106811524,0.3358742594718933
observed_test,v2_2018_455_48h,,4,PCC,C,2.670233986673992,0.0,0.0,0.3060445785522461,1.1810499429702759,34.72425106811524,0.3358742594718933
observed_test,v2_2018_455_48h,,5,PCC,A,2.6454051410114494,0.0,0.000945833296729968,0.2850128710269928,1.1841249465942383,34.72425106811524,0.30183544754981995
observed_test,v2_2018_455_48h,,5,PCC,B,2.6454051410114494,0.0,0.000945833296729968,0.2850128710269928,1.1841249465942383,34.72425106811524,0.30183544754981995
observed_test,v2_2018_455_48h,,5,PCC,C,2.6454051410114494,0.0,0.000945833296729968,0.2850128710269928,1.1841249465942383,34.72425106811524,0.30183544754981995
observed_test,v2_2018_455_48h,,6,PCC,A,2.8512487052239606,0.0,0.03732500167993399,0.4131304621696472,1.1915500164031982,53.24800137329102,0.2928365170955658
observed_test,v2_2018_455_48h,,6,PCC,B,2.8512487052239606,0.0,0.03732500167993399,0.4131304621696472,1.1915500164031982,53.24800137329102,0.2928365170955658
observed_test,v2_2018_455_48h,,6,PCC,C,2.8512487052239606,0.0,0.03732500167993399,0.4131304621696472,1.1915500164031982,53.24800137329102,0.2928365170955658
observed_test,v2_2018_455_48h,,7,PCC,A,3.1340406920066433,0.0,0.1915499997826723,0.5887197852134705,1.2003999948501587,53.24800137329102,0.2831554710865021
observed_test,v2_2018_455_48h,,7,PCC,B,3.1340406920066433,0.0,0.1915499997826723,0.5887197852134705,1.2003999948501587,53.24800137329102,0.2831554710865021
observed_test,v2_2018_455_48h,,7,PCC,C,3.1340406920066433,0.0,0.1915499997826723,0.5887197852134705,1.2003999948501587,53.24800137329102,0.2831554710865021
observed_test,v2_2018_455_48h,,8,PCC,A,2.8943122550919256,0.0,0.4467083284488091,0.41616514325141907,1.2091749906539917,53.24800137329102,0.27899616956710815
observed_test,v2_2018_455_48h,,8,PCC,B,2.8943122550919256,0.0,0.4467083284488091,0.41616514325141907,1.2091749906539917,53.24800137329102,0.27899616956710815
observed_test,v2_2018_455_48h,,8,PCC,C,2.8943122550919256,0.0,0.4467083284488091,0.41616514325141907,1.2091749906539917,53.24800137329102,0.27899616956710815
observed_test,v2_2018_455_48h,,9,PCC,A,3.0587683215307755,0.0,0.6951500016909379,0.5137431621551514,1.2165249586105347,53.24800137329102,0.28237292170524597
observed_test,v2_2018_455_48h,,9,PCC,B,3.0587683215307755,0.0,0.6951500016909379,0.5137431621551514,1.2165249586105347,53.24800137329102,0.28237292170524597
observed_test,v2_2018_455_48h,,9,PCC,C,3.0587683215307755,0.0,0.6951500016909379,0.5137431621551514,1.2165249586105347,53.24800137329102,0.28237292170524597
observed_test,v2_2018_455_48h,,10,PCC,A,2.8433991319017244,0.0,0.8370625285001901,0.3643687963485718,1.2220749855041504,53.24800137329102,0.29163238406181335
observed_test,v2_2018_455_48h,,10,PCC,B,2.8433991319017244,0.0,0.8370625285001901,0.3643687963485718,1.2220749855041504,53.24800137329102,0.29163238406181335
observed_test,v2_2018_455_48h,,10,PCC,C,2.8433991319017244,0.0,0.8370625285001901,0.3643687963485718,1.2220749855041504,53.24800137329102,0.29163238406181335
observed_test,v2_2018_455_48h,,11,PCC,A,2.8434199028745297,0.0,0.8834583254960866,0.36136627197265625,1.2242499589920044,53.24800137329102,0.3122522830963135
observed_test,v2_2018_455_48h,,11,PCC,B,2.8434199028745297,0.0,0.8834583254960866,0.36136627197265625,1.2242499589920044,53.24800137329102,0.3122522830963135
observed_test,v2_2018_455_48h,,11,PCC,C,2.8434199028745297,0.0,0.8834583254960866,0.36136627197265625,1.2242499589920044,53.24800137329102,0.3122522830963135
observed_test,v2_2018_455_48h,,12,PCC,A,3.1170006140276407,0.0,0.9930333265891441,0.5383059978485107,1.225450038909912,53.24800137329102,0.3309154510498047
observed_test,v2_2018_455_48h,,12,PCC,B,3.1170006140276407,0.0,0.9930333265891441,0.5383059978485107,1.225450038909912,53.24800137329102,0.3309154510498047
observed_test,v2_2018_455_48h,,12,PCC,C,3.1170006140276407,0.0,0.9930333265891441,0.5383059978485107,1.225450038909912,53.24800137329102,0.3309154510498047
observed_test,v2_2018_455_48h,,13,PCC,A,3.21836970875057,0.0,0.9853875407805809,0.6031783223152161,1.2262749671936035,53.24800137329102,0.3257731795310974
observed_test,v2_2018_455_48h,,13,PCC,B,3.21836970875057,0.0,0.9853875407805809,0.6031783223152161,1.2262749671936035,53.24800137329102,0.3257731795310974
observed_test,v2_2018_455_48h,,13,PCC,C,3.21836970875057,0.0,0.9853875407805809,0.6031783223152161,1.2262749671936035,53.24800137329102,0.3257731795310974
observed_test,v2_2018_455_48h,,14,PCC,A,3.3139569533606092,0.0,0.8003333440193763,0.6654155254364014,1.226349949836731,53.24800137329102,0.31888633966445923
observed_test,v2_2018_455_48h,,14,PCC,B,3.3139569533606092,0.0,0.8003333440193763,0.6654155254364014,1.226349949836731,53.24800137329102,0.31888633966445923
observed_test,v2_2018_455_48h,,14,PCC,C,3.3139569533606092,0.0,0.8003333440193763,0.6654155254364014,1.226349949836731,53.24800137329102,0.31888633966445923
observed_test,v2_2018_455_48h,,15,PCC,A,3.0898025586606637,0.0,0.7359416438983036,0.5210045576095581,1.2251499891281128,53.24800137329102,0.3320882022380829
observed_test,v2_2018_455_48h,,15,PCC,B,3.0898025586606637,0.0,0.7359416438983036,0.5210045576095581,1.2251499891281128,53.24800137329102,0.3320882022380829
observed_test,v2_2018_455_48h,,15,PCC,C,3.0898025586606637,0.0,0.7359416438983036,0.5210045576095581,1.2251499891281128,53.24800137329102,0.3320882022380829
observed_test,v2_2018_455_48h,,16,PCC,A,3.1512653536191055,0.0,0.5880374747973222,0.5631123185157776,1.2238749265670776,53.24800137329102,0.3351948857307434
observed_test,v2_2018_455_48h,,16,PCC,B,3.1512653536191055,0.0,0.5880374747973222,0.5631123185157776,1.2238749265670776,53.24800137329102,0.3351948857307434
observed_test,v2_2018_455_48h,,16,PCC,C,3.1512653536191055,0.0,0.5880374747973222,0.5631123185157776,1.2238749265670776,53.24800137329102,0.3351948857307434
observed_test,v2_2018_455_48h,,17,PCC,A,3.0749077632927744,0.0,0.33685415983200073,0.5185338854789734,1.2203500270843506,53.24800137329102,0.339530885219574
observed_test,v2_2018_455_48h,,17,PCC,B,3.0749077632927744,0.0,0.33685415983200073,0.5185338854789734,1.2203500270843506,53.24800137329102,0.339530885219574
observed_test,v2_2018_455_48h,,17,PCC,C,3.0749077632927744,0.0,0.33685415983200073,0.5185338854789734,1.2203500270843506,53.24800137329102,0.339530885219574
observed_test,v2_2018_455_48h,,18,PCC,A,3.0383684391182526,0.0,0.10193333459588196,0.501911997795105,1.2154749631881714,121.88174847412108,0.3364403545856476
observed_test,v2_2018_455_48h,,18,PCC,B,3.0383684391182526,0.0,0.10193333459588196,0.501911997795105,1.2154749631881714,121.88174847412108,0.3364403545856476
observed_test,v2_2018_455_48h,,18,PCC,C,3.0383684391182526,0.0,0.10193333459588196,0.501911997795105,1.2154749631881714,121.88174847412108,0.3364403545856476
observed_test,v2_2018_455_48h,,19,PCC,A,3.1176665847819294,0.0,0.011920833136313235,0.5692486763000488,1.20579993724823,121.88174847412108,0.34987059235572815
observed_test,v2_2018_455_48h,,19,PCC,B,3.1176665847819294,0.0,0.011920833136313235,0.5692486763000488,1.20579993724823,121.88174847412108,0.34987059235572815
observed_test,v2_2018_455_48h,,19,PCC,C,3.1176665847819294,0.0,0.011920833136313235,0.5692486763000488,1.20579993724823,121.88174847412108,0.34987059235572815
observed_test,v2_2018_455_48h,,20,PCC,A,2.9408485409168406,0.0,0.0,0.458400696516037,1.201449990272522,121.88174847412108,0.36810052394866943
observed_test,v2_2018_455_48h,,20,PCC,B,2.9408485409168406,0.0,0.0,0.458400696516037,1.201449990272522,121.88174847412108,0.36810052394866943
observed_test,v2_2018_455_48h,,20,PCC,C,2.9408485409168406,0.0,0.0,0.458400696516037,1.201449990272522,121.88174847412108,0.36810052394866943
observed_test,v2_2018_455_48h,,21,PCC,A,2.8444332195089004,0.0,0.0,0.39928483963012695,1.1979249715805054,53.24800137329102,0.3760484457015991
observed_test,v2_2018_455_48h,,21,PCC,B,2.8444332195089004,0.0,0.0,0.39928483963012695,1.1979249715805054,53.24800137329102,0.3760484457015991
observed_test,v2_2018_455_48h,,21,PCC,C,2.8444332195089004,0.0,0.0,0.39928483963012695,1.1979249715805054,53.24800137329102,0.3760484457015991
observed_test,v2_2018_455_48h,,22,PCC,A,2.785754988074187,0.0,0.0,0.3637107312679291,1.1953749656677246,53.24800137329102,0.37326011061668396
observed_test,v2_2018_455_48h,,22,PCC,B,2.785754988074187,0.0,0.0,0.3637107312679291,1.1953749656677246,53.24800137329102,0.37326011061668396
observed_test,v2_2018_455_48h,,22,PCC,C,2.785754988074187,0.0,0.0,0.3637107312679291,1.1953749656677246,53.24800137329102,0.37326011061668396
observed_test,v2_2018_455_48h,,23,PCC,A,2.756796212030219,0.0,0.0,0.34759950637817383,1.1930500268936157,53.24800137329102,0.36769899725914
observed_test,v2_2018_455_48h,,23,PCC,B,2.756796212030219,0.0,0.0,0.34759950637817383,1.1930500268936157,53.24800137329102,0.36769899725914
observed_test,v2_2018_455_48h,,23,PCC,C,2.756796212030219,0.0,0.0,0.34759950637817383,1.1930500268936157,53.24800137329102,0.36769899725914
observed_test,v2_2018_455_48h,,24,PCC,A,2.669238505808915,0.0,0.0,0.29431068897247314,1.189074993133545,53.24800137329102,0.37295687198638916
observed_test,v2_2018_455_48h,,24,PCC,B,2.669238505808915,0.0,0.0,0.29431068897247314,1.189074993133545,53.24800137329102,0.37295687198638916
observed_test,v2_2018_455_48h,,24,PCC,C,2.669238505808915,0.0,0.0,0.29431068897247314,1.189074993133545,53.24800137329102,0.37295687198638916
observed_test,v2_2018_455_48h,,25,PCC,A,2.696460292916926,0.0,0.0,0.3179371654987335,1.185249924659729,34.72425106811524,0.36424681544303894
observed_test,v2_2018_455_48h,,25,PCC,B,2.696460292916926,0.0,0.0,0.3179371654987335,1.185249924659729,34.72425106811524,0.36424681544303894
observed_test,v2_2018_455_48h,,25,PCC,C,2.696460292916926,0.0,0.0,0.3179371654987335,1.185249924659729,34.72425106811524,0.36424681544303894
observed_test,v2_2018_455_48h,,26,PCC,A,2.550040803911363,0.0,0.0,0.2232462614774704,1.1820999383926392,34.72425106811524,0.36309880018234253
observed_test,v2_2018_455_48h,,26,PCC,B,2.550040803911363,0.0,0.0,0.2232462614774704,1.1820999383926392,34.72425106811524,0.36309880018234253
observed_test,v2_2018_455_48h,,26,PCC,C,2.550040803911363,0.0,0.0,0.2232462614774704,1.1820999383926392,34.72425106811524,0.36309880018234253
observed_test,v2_2018_455_48h,,27,PCC,A,2.6046523587379298,0.0,0.0,0.2633455991744995,1.1797749996185303,34.72425106811524,0.36774942278862
observed_test,v2_2018_455_48h,,27,PCC,B,2.6046523587379298,0.0,0.0,0.2633455991744995,1.1797749996185303,34.72425106811524,0.36774942278862
observed_test,v2_2018_455_48h,,27,PCC,C,2.6046523587379298,0.0,0.0,0.2633455991744995,1.1797749996185303,34.72425106811524,0.36774942278862
observed_test,v2_2018_455_48h,,28,PCC,A,2.6674676881006483,0.0,0.0,0.3060445785522461,1.1797000169754028,34.72425106811524,0.36273154616355896
observed_test,v2_2018_455_48h,,28,PCC,B,2.6674676881006483,0.0,0.0,0.3060445785522461,1.1797000169754028,34.72425106811524,0.36273154616355896
observed_test,v2_2018_455_48h,,28,PCC,C,2.6674676881006483,0.0,0.0,0.3060445785522461,1.1797000169754028,34.72425106811524,0.36273154616355896
observed_test,v2_2018_455_48h,,29,PCC,A,2.648439561366034,0.0,0.007087500013697606,0.2850128710269928,1.1856249570846558,34.72425106811524,0.3521607518196106
observed_test,v2_2018_455_48h,,29,PCC,B,2.648439561366034,0.0,0.007087500013697606,0.2850128710269928,1.1856249570846558,34.72425106811524,0.3521607518196106
observed_test,v2_2018_455_48h,,29,PCC,C,2.648439561366034,0.0,0.007087500013697606,0.2850128710269928,1.1856249570846558,34.72425106811524,0.3521607518196106
observed_test,v2_2018_455_48h,,30,PCC,A,2.8682766901714563,0.0,0.09211250222646272,0.4131304621696472,1.1993499994277954,53.24800137329102,0.32330453395843506
observed_test,v2_2018_455_48h,,30,PCC,B,2.8682766901714563,0.0,0.09211250222646272,0.4131304621696472,1.1993499994277954,53.24800137329102,0.32330453395843506
observed_test,v2_2018_455_48h,,30,PCC,C,2.8682766901714563,0.0,0.09211250222646272,0.4131304621696472,1.1993499994277954,53.24800137329102,0.32330453395843506
observed_test,v2_2018_455_48h,,31,PCC,A,3.174944370271616,0.0,0.3229791728349832,0.5887197852134705,1.217424988746643,53.24800137329102,0.3190268874168396
observed_test,v2_2018_455_48h,,31,PCC,B,3.174944370271616,0.0,0.3229791728349832,0.5887197852134705,1.217424988746643,53.24800137329102,0.3190268874168396
observed_test,v2_2018_455_48h,,31,PCC,C,3.174944370271616,0.0,0.3229791728349832,0.5887197852134705,1.217424988746643,53.24800137329102,0.3190268874168396
observed_test,v2_2018_455_48h,,32,PCC,A,2.9451570191130703,0.0,0.6059333108938657,0.41616514325141907,1.2324249744415283,53.24800137329102,0.31302687525749207
observed_test,v2_2018_455_48h,,32,PCC,B,2.9451570191130703,0.0,0.6059333108938657,0.41616514325141907,1.2324249744415283,53.24800137329102,0.31302687525749207
observed_test,v2_2018_455_48h,,32,PCC,C,2.9451570191130703,0.0,0.6059333108938657,0.41616514325141907,1.2324249744415283,53.24800137329102,0.31302687525749207
observed_test,v2_2018_455_48h,,33,PCC,A,3.1150466206630654,0.0,0.8317708395994625,0.5137431621551514,1.2409000396728516,53.24800137329102,0.3080359697341919
observed_test,v2_2018_455_48h,,33,PCC,B,3.1150466206630654,0.0,0.8317708395994625,0.5137431621551514,1.2409000396728516,53.24800137329102,0.3080359697341919
observed_test,v2_2018_455_48h,,33,PCC,C,3.1150466206630654,0.0,0.8317708395994625,0.5137431621551514,1.2409000396728516,53.24800137329102,0.3080359697341919
observed_test,v2_2018_455_48h,,34,PCC,A,2.898468249209041,0.0,0.93189999461174,0.3643687963485718,1.2480249404907227,53.24800137329102,0.31461378931999207
observed_test,v2_2018_455_48h,,34,PCC,B,2.898468249209041,0.0,0.93189999461174,0.3643687963485718,1.2480249404907227,53.24800137329102,0.31461378931999207
observed_test,v2_2018_455_48h,,34,PCC,C,2.898468249209041,0.0,0.93189999461174,0.3643687963485718,1.2480249404907227,53.24800137329102,0.31461378931999207
observed_test,v2_2018_455_48h,,35,PCC,A,2.906017777018557,0.0,1.0434457888970008,0.36136627197265625,1.2537999153137207,53.24800137329102,0.3251783847808838
observed_test,v2_2018_455_48h,,35,PCC,B,2.906017777018557,0.0,1.0434457888970008,0.36136627197265625,1.2537999153137207,53.24800137329102,0.3251783847808838
observed_test,v2_2018_455_48h,,35,PCC,C,2.906017777018557,0.0,1.0434457888970008,0.36136627197265625,1.2537999153137207,53.24800137329102,0.3251783847808838
observed_test,v2_2018_455_48h,,36,PCC,A,3.1926263305771863,0.0,1.0718416709166305,0.5383059978485107,1.2577749490737915,53.24800137329102,0.32520467042922974
observed_test,v2_2018_455_48h,,36,PCC,B,3.1926263305771863,0.0,1.0718416709166305,0.5383059978485107,1.2577749490737915,53.24800137329102,0.32520467042922974
observed_test,v2_2018_455_48h,,36,PCC,C,3.1926263305771863,0.0,1.0718416709166305,0.5383059978485107,1.2577749490737915,53.24800137329102,0.32520467042922974
observed_test,v2_2018_455_48h,,37,PCC,A,3.300429444639319,0.0,1.0088583597770102,0.6031783223152161,1.2601749897003174,53.24800137329102,0.31682246923446655
observed_test,v2_2018_455_48h,,37,PCC,B,3.300429444639319,0.0,1.0088583597770102,0.6031783223152161,1.2601749897003174,53.24800137329102,0.31682246923446655
observed_test,v2_2018_455_48h,,37,PCC,C,3.300429444639319,0.0,1.0088583597770102,0.6031783223152161,1.2601749897003174,53.24800137329102,0.31682246923446655
observed_test,v2_2018_455_48h,,38,PCC,A,3.397904337283881,0.0,0.9389291589076701,0.6654155254364014,1.2599499225616455,53.24800137329102,0.30711761116981506
observed_test,v2_2018_455_48h,,38,PCC,B,3.397904337283881,0.0,0.9389291589076701,0.6654155254364014,1.2599499225616455,53.24800137329102,0.30711761116981506
observed_test,v2_2018_455_48h,,38,PCC,C,3.397904337283881,0.0,0.9389291589076701,0.6654155254364014,1.2599499225616455,53.24800137329102,0.30711761116981506
observed_test,v2_2018_455_48h,,39,PCC,A,3.1645556632059075,0.0,0.8456291487583747,0.5210045576095581,1.2574000358581543,53.24800137329102,0.30297839641571045
observed_test,v2_2018_455_48h,,39,PCC,B,3.1645556632059075,0.0,0.8456291487583747,0.5210045576095581,1.2574000358581543,53.24800137329102,0.30297839641571045
observed_test,v2_2018_455_48h,,39,PCC,C,3.1645556632059075,0.0,0.8456291487583747,0.5210045576095581,1.2574000358581543,53.24800137329102,0.30297839641571045
observed_test,v2_2018_455_48h,,40,PCC,A,3.2170483483394516,0.0,0.615929181759174,0.5631123185157776,1.2516249418258667,53.24800137329102,0.31344354152679443
observed_test,v2_2018_455_48h,,40,PCC,B,3.2170483483394516,0.0,0.615929181759174,0.5631123185157776,1.2516249418258667,53.24800137329102,0.31344354152679443
observed_test,v2_2018_455_48h,,40,PCC,C,3.2170483483394516,0.0,0.615929181759174,0.5631123185157776,1.2516249418258667,53.24800137329102,0.31344354152679443
observed_test,v2_2018_455_48h,,41,PCC,A,3.125255341491497,0.0,0.3414083272218704,0.5185338854789734,1.2421000003814697,53.24800137329102,0.32317930459976196
observed_test,v2_2018_455_48h,,41,PCC,B,3.125255341491497,0.0,0.3414083272218704,0.5185338854789734,1.2421000003814697,53.24800137329102,0.32317930459976196
observed_test,v2_2018_455_48h,,41,PCC,C,3.125255341491497,0.0,0.3414083272218704,0.5185338854789734,1.2421000003814697,53.24800137329102,0.32317930459976196
observed_test,v2_2018_455_48h,,42,PCC,A,3.076392379753789,0.0,0.1019666687800334,0.501911997795105,1.2320499420166016,121.88174847412108,0.33190372586250305
observed_test,v2_2018_455_48h,,42,PCC,B,3.076392379753789,0.0,0.1019666687800334,0.501911997795105,1.2320499420166016,121.88174847412108,0.33190372586250305
observed_test,v2_2018_455_48h,,42,PCC,C,3.076392379753789,0.0,0.1019666687800334,0.501911997795105,1.2320499420166016,121.88174847412108,0.33190372586250305
observed_test,v2_2018_455_48h,,43,PCC,A,3.1301525082936528,0.0,0.01122083317918273,0.5692486763000488,1.211050033569336,121.88174847412108,0.35107919573783875
observed_test,v2_2018_455_48h,,43,PCC,B,3.1301525082936528,0.0,0.01122083317918273,0.5692486763000488,1.211050033569336,121.88174847412108,0.35107919573783875
observed_test,v2_2018_455_48h,,43,PCC,C,3.1301525082936528,0.0,0.01122083317918273,0.5692486763000488,1.211050033569336,121.88174847412108,0.35107919573783875
observed_test,v2_2018_455_48h,,44,PCC,A,2.9463917701879745,0.0,0.0,0.458400696516037,1.2039250135421753,121.88174847412108,0.3593016564846039
observed_test,v2_2018_455_48h,,44,PCC,B,2.9463917701879745,0.0,0.0,0.458400696516037,1.2039250135421753,121.88174847412108,0.3593016564846039
observed_test,v2_2018_455_48h,,44,PCC,C,2.9463917701879745,0.0,0.0,0.458400696516037,1.2039250135421753,121.88174847412108,0.3593016564846039
observed_test,v2_2018_455_48h,,45,PCC,A,2.8449204055969233,0.0,0.0,0.39928483963012695,1.1981499195098877,53.24800137329102,0.36071404814720154
observed_test,v2_2018_455_48h,,45,PCC,B,2.8449204055969233,0.0,0.0,0.39928483963012695,1.1981499195098877,53.24800137329102,0.36071404814720154
observed_test,v2_2018_455_48h,,45,PCC,C,2.8449204055969233,0.0,0.0,0.39928483963012695,1.1981499195098877,53.24800137329102,0.36071404814720154
observed_test,v2_2018_455_48h,,46,PCC,A,2.779709403328121,0.0,0.0,0.3637107312679291,1.192525029182434,53.24800137329102,0.3595772385597229
observed_test,v2_2018_455_48h,,46,PCC,B,2.779709403328121,0.0,0.0,0.3637107312679291,1.192525029182434,53.24800137329102,0.3595772385597229
observed_test,v2_2018_455_48h,,46,PCC,C,2.779709403328121,0.0,0.0,0.3637107312679291,1.192525029182434,53.24800137329102,0.3595772385597229
observed_test,v2_2018_455_48h,,47,PCC,A,2.74529223493082,0.0,0.0,0.34759950637817383,1.1875749826431274,53.24800137329102,0.3599590063095093
observed_test,v2_2018_455_48h,,47,PCC,B,2.74529223493082,0.0,0.0,0.34759950637817383,1.1875749826431274,53.24800137329102,0.3599590063095093
observed_test,v2_2018_455_48h,,47,PCC,C,2.74529223493082,0.0,0.0,0.34759950637817383,1.1875749826431274,53.24800137329102,0.3599590063095093
dfl_generated,dfl_evaluation_00,0.19858039915561676,0,PCC,A,2.609055280685425,0.0,2.787835740036826e-07,0.29431068897247314,1.160187005996704,53.24800109863281,0.3147180378437042
dfl_generated,dfl_evaluation_00,0.19858039915561676,0,PCC,B,2.607929229736328,0.0,0.0,0.29431068897247314,1.160187005996704,53.24800109863281,0.3147180378437042
dfl_generated,dfl_evaluation_00,0.19858039915561676,0,PCC,C,2.6117143630981445,0.0,0.0,0.29431068897247314,1.160187005996704,53.24800109863281,0.3147180378437042
dfl_generated,dfl_evaluation_00,0.19858039915561676,1,PCC,A,2.6425318717956543,0.0,0.0,0.3179371654987335,1.1593738794326782,53.24800109863281,0.3034150004386902
dfl_generated,dfl_evaluation_00,0.19858039915561676,1,PCC,B,2.64093279838562,0.0,0.0,0.3179371654987335,1.1593738794326782,53.24800109863281,0.3034150004386902
dfl_generated,dfl_evaluation_00,0.19858039915561676,1,PCC,C,2.639711380004883,0.0,0.0,0.3179371654987335,1.1593738794326782,53.24800109863281,0.3034150004386902
dfl_generated,dfl_evaluation_00,0.19858039915561676,2,PCC,A,2.502788782119751,0.0,0.0,0.2232462614774704,1.1581189632415771,53.24800109863281,0.30445921421051025
dfl_generated,dfl_evaluation_00,0.19858039915561676,2,PCC,B,2.500030755996704,0.0,2.3711079393251566e-06,0.2232462614774704,1.1581189632415771,53.24800109863281,0.30445921421051025
dfl_generated,dfl_evaluation_00,0.19858039915561676,2,PCC,C,2.503082513809204,0.0,3.4298809623578563e-06,0.2232462614774704,1.1581189632415771,53.24800109863281,0.30445921421051025
dfl_generated,dfl_evaluation_00,0.19858039915561676,3,PCC,A,2.5575127601623535,0.0,0.0,0.2633455991744995,1.1569021940231323,53.24800109863281,0.30889424681663513
dfl_generated,dfl_evaluation_00,0.19858039915561676,3,PCC,B,2.5574748516082764,0.0,0.0,0.2633455991744995,1.1569021940231323,53.24800109863281,0.30889424681663513
dfl_generated,dfl_evaluation_00,0.19858039915561676,3,PCC,C,2.557981014251709,0.0,0.0,0.2633455991744995,1.1569021940231323,53.24800109863281,0.30889424681663513
dfl_generated,dfl_evaluation_00,0.19858039915561676,4,PCC,A,2.6202239990234375,0.0,0.0,0.3060445785522461,1.1552377939224243,53.24800109863281,0.3183879852294922
dfl_generated,dfl_evaluation_00,0.19858039915561676,4,PCC,B,2.6194019317626953,0.0,1.4336378626467194e-06,0.3060445785522461,1.1552377939224243,53.24800109863281,0.3183879852294922
dfl_generated,dfl_evaluation_00,0.19858039915561676,4,PCC,C,2.6192123889923096,0.0,0.0,0.3060445785522461,1.1552377939224243,53.24800109863281,0.3183879852294922
dfl_generated,dfl_evaluation_00,0.19858039915561676,5,PCC,A,2.5904650688171387,0.0,0.0016698298277333379,0.2850128710269928,1.1568245887756348,53.24800109863281,0.3099519610404968
dfl_generated,dfl_evaluation_00,0.19858039915561676,5,PCC,B,2.591183662414551,0.0,0.0020266438368707895,0.2850128710269928,1.1568245887756348,53.24800109863281,0.3099519610404968
dfl_generated,dfl_evaluation_00,0.19858039915561676,5,PCC,C,2.589526414871216,0.0,0.001582425320520997,0.2850128710269928,1.1568245887756348,53.24800109863281,0.3099519610404968
dfl_generated,dfl_evaluation_00,0.19858039915561676,6,PCC,A,2.78295636177063,0.0,0.03799464553594589,0.4131304621696472,1.159865379333496,53.24800109863281,0.2926248013973236
dfl_generated,dfl_evaluation_00,0.19858039915561676,6,PCC,B,2.784824848175049,0.0,0.03368627279996872,0.4131304621696472,1.159865379333496,53.24800109863281,0.2926248013973236
dfl_generated,dfl_evaluation_00,0.19858039915561676,6,PCC,C,2.7833127975463867,0.0,0.0359741672873497,0.4131304621696472,1.159865379333496,53.24800109863281,0.2926248013973236
dfl_generated,dfl_evaluation_00,0.19858039915561676,7,PCC,A,3.0574517250061035,0.0,0.20423921942710876,0.5887197852134705,1.1671862602233887,53.24800109863281,0.2745346128940582
dfl_generated,dfl_evaluation_00,0.19858039915561676,7,PCC,B,3.049678087234497,0.0,0.21169111132621765,0.5887197852134705,1.1671862602233887,53.24800109863281,0.2745346128940582
dfl_generated,dfl_evaluation_00,0.19858039915561676,7,PCC,C,3.057244062423706,0.0,0.20849889516830444,0.5887197852134705,1.1671862602233887,53.24800109863281,0.2745346128940582
dfl_generated,dfl_evaluation_00,0.19858039915561676,8,PCC,A,2.814700126647949,0.0,0.4321938157081604,0.41616514325141907,1.1717997789382935,53.24800109863281,0.2511315941810608
dfl_generated,dfl_evaluation_00,0.19858039915561676,8,PCC,B,2.816511869430542,0.0,0.4452236592769623,0.41616514325141907,1.1717997789382935,53.24800109863281,0.2511315941810608
dfl_generated,dfl_evaluation_00,0.19858039915561676,8,PCC,C,2.8192787170410156,0.0,0.4265560805797577,0.41616514325141907,1.1717997789382935,53.24800109863281,0.2511315941810608
dfl_generated,dfl_evaluation_00,0.19858039915561676,9,PCC,A,2.9769387245178223,0.0,0.6629625558853149,0.5137431621551514,1.1795941591262817,53.24800109863281,0.20517924427986145
dfl_generated,dfl_evaluation_00,0.19858039915561676,9,PCC,B,2.9741063117980957,0.0,0.6947714686393738,0.5137431621551514,1.1795941591262817,53.24800109863281,0.20517924427986145
dfl_generated,dfl_evaluation_00,0.19858039915561676,9,PCC,C,2.974719762802124,0.0,0.6841211915016174,0.5137431621551514,1.1795941591262817,53.24800109863281,0.20517924427986145
dfl_generated,dfl_evaluation_00,0.19858039915561676,10,PCC,A,2.764003276824951,0.0,0.8305066227912903,0.3643687963485718,1.1871837377548218,53.24800109863281,0.26254573464393616
dfl_generated,dfl_evaluation_00,0.19858039915561676,10,PCC,B,2.760338544845581,0.0,0.8288704752922058,0.3643687963485718,1.1871837377548218,53.24800109863281,0.26254573464393616
dfl_generated,dfl_evaluation_00,0.19858039915561676,10,PCC,C,2.761847972869873,0.0,0.7906257510185242,0.3643687963485718,1.1871837377548218,53.24800109863281,0.26254573464393616
dfl_generated,dfl_evaluation_00,0.19858039915561676,11,PCC,A,2.7702507972717285,0.0,0.8661860823631287,0.36136627197265625,1.188766360282898,53.24800109863281,0.27997642755508423
dfl_generated,dfl_evaluation_00,0.19858039915561676,11,PCC,B,2.758596181869507,0.0,0.8648549318313599,0.36136627197265625,1.188766360282898,53.24800109863281,0.27997642755508423
dfl_generated,dfl_evaluation_00,0.19858039915561676,11,PCC,C,2.765777111053467,0.0,0.8823825716972351,0.36136627197265625,1.188766360282898,53.24800109863281,0.27997642755508423
dfl_generated,dfl_evaluation_00,0.19858039915561676,12,PCC,A,3.0352604389190674,0.0,0.8757203817367554,0.5383059978485107,1.1945310831069946,53.24800109863281,0.2818510830402374
dfl_generated,dfl_evaluation_00,0.19858039915561676,12,PCC,B,3.044506072998047,0.0,0.8939240574836731,0.5383059978485107,1.1945310831069946,53.24800109863281,0.2818510830402374
dfl_generated,dfl_evaluation_00,0.19858039915561676,12,PCC,C,3.036722183227539,0.0,0.8508293032646179,0.5383059978485107,1.1945310831069946,53.24800109863281,0.2818510830402374
dfl_generated,dfl_evaluation_00,0.19858039915561676,13,PCC,A,3.1449620723724365,0.0,0.8892499804496765,0.6031783223152161,1.1953243017196655,53.24800109863281,0.2840850055217743
dfl_generated,dfl_evaluation_00,0.19858039915561676,13,PCC,B,3.146862268447876,0.0,0.8708534240722656,0.6031783223152161,1.1953243017196655,53.24800109863281,0.2840850055217743
dfl_generated,dfl_evaluation_00,0.19858039915561676,13,PCC,C,3.142916679382324,0.0,0.8964034914970398,0.6031783223152161,1.1953243017196655,53.24800109863281,0.2840850055217743
dfl_generated,dfl_evaluation_00,0.19858039915561676,14,PCC,A,3.227692127227783,0.0,0.80886310338974,0.6654155254364014,1.198074221611023,53.24800109863281,0.2840755879878998
dfl_generated,dfl_evaluation_00,0.19858039915561676,14,PCC,B,3.228518486022949,0.0,0.7700029611587524,0.6654155254364014,1.198074221611023,53.24800109863281,0.2840755879878998
dfl_generated,dfl_evaluation_00,0.19858039915561676,14,PCC,C,3.22798490524292,0.0,0.7755890488624573,0.6654155254364014,1.198074221611023,53.24800109863281,0.2840755879878998
dfl_generated,dfl_evaluation_00,0.19858039915561676,15,PCC,A,3.012855291366577,0.0,0.6366869807243347,0.5210045576095581,1.1936602592468262,53.24800109863281,0.27807310223579407
dfl_generated,dfl_evaluation_00,0.19858039915561676,15,PCC,B,3.014078140258789,0.0,0.6671508550643921,0.5210045576095581,1.1936602592468262,53.24800109863281,0.27807310223579407
dfl_generated,dfl_evaluation_00,0.19858039915561676,15,PCC,C,3.0099124908447266,0.0,0.64696204662323,0.5210045576095581,1.1936602592468262,53.24800109863281,0.27807310223579407
dfl_generated,dfl_evaluation_00,0.19858039915561676,16,PCC,A,3.069817543029785,0.0,0.4230768084526062,0.5631123185157776,1.190190315246582,53.24800109863281,0.2793407738208771
dfl_generated,dfl_evaluation_00,0.19858039915561676,16,PCC,B,3.066197156906128,0.0,0.4360000193119049,0.5631123185157776,1.190190315246582,53.24800109863281,0.2793407738208771
dfl_generated,dfl_evaluation_00,0.19858039915561676,16,PCC,C,3.057701826095581,0.0,0.41780975461006165,0.5631123185157776,1.190190315246582,53.24800109863281,0.2793407738208771
dfl_generated,dfl_evaluation_00,0.19858039915561676,17,PCC,A,2.994008779525757,0.0,0.17790213227272034,0.5185338854789734,1.1845660209655762,53.24800109863281,0.28955376148223877
dfl_generated,dfl_evaluation_00,0.19858039915561676,17,PCC,B,2.9807288646698,0.0,0.17786309123039246,0.5185338854789734,1.1845660209655762,53.24800109863281,0.28955376148223877
dfl_generated,dfl_evaluation_00,0.19858039915561676,17,PCC,C,2.9841604232788086,0.0,0.158270001411438,0.5185338854789734,1.1845660209655762,53.24800109863281,0.28955376148223877
dfl_generated,dfl_evaluation_00,0.19858039915561676,18,PCC,A,2.9459714889526367,0.0,0.03488197550177574,0.501911997795105,1.175519347190857,53.24800109863281,0.2959393858909607
dfl_generated,dfl_evaluation_00,0.19858039915561676,18,PCC,B,2.951322555541992,0.0,0.035362787544727325,0.501911997795105,1.175519347190857,53.24800109863281,0.2959393858909607
dfl_generated,dfl_evaluation_00,0.19858039915561676,18,PCC,C,2.9502906799316406,0.0,0.0364011712372303,0.501911997795105,1.175519347190857,53.24800109863281,0.2959393858909607
dfl_generated,dfl_evaluation_00,0.19858039915561676,19,PCC,A,3.0318005084991455,0.0,0.0016061525093391538,0.5692486763000488,1.1684108972549438,53.24800109863281,0.2949336767196655
dfl_generated,dfl_evaluation_00,0.19858039915561676,19,PCC,B,3.0271637439727783,0.0,0.0017943240236490965,0.5692486763000488,1.1684108972549438,53.24800109863281,0.2949336767196655
dfl_generated,dfl_evaluation_00,0.19858039915561676,19,PCC,C,3.0282094478607178,0.0,0.0015122138429433107,0.5692486763000488,1.1684108972549438,53.24800109863281,0.2949336767196655
dfl_generated,dfl_evaluation_00,0.19858039915561676,20,PCC,A,2.8626058101654053,0.0,0.0,0.458400696516037,1.1671959161758423,53.24800109863281,0.31139135360717773
dfl_generated,dfl_evaluation_00,0.19858039915561676,20,PCC,B,2.864457607269287,0.0,0.0,0.458400696516037,1.1671959161758423,53.24800109863281,0.31139135360717773
dfl_generated,dfl_evaluation_00,0.19858039915561676,20,PCC,C,2.863762140274048,0.0,1.3734202184423339e-06,0.458400696516037,1.1671959161758423,53.24800109863281,0.31139135360717773
dfl_generated,dfl_evaluation_00,0.19858039915561676,21,PCC,A,2.7743611335754395,0.0,0.0,0.39928483963012695,1.1632364988327026,53.24800109863281,0.3189021348953247
dfl_generated,dfl_evaluation_00,0.19858039915561676,21,PCC,B,2.772219657897949,0.0,0.0,0.39928483963012695,1.1632364988327026,53.24800109863281,0.3189021348953247
dfl_generated,dfl_evaluation_00,0.19858039915561676,21,PCC,C,2.7668206691741943,0.0,0.0,0.39928483963012695,1.1632364988327026,53.24800109863281,0.3189021348953247
dfl_generated,dfl_evaluation_00,0.19858039915561676,22,PCC,A,2.718505620956421,0.0,0.0,0.3637107312679291,1.1624877452850342,53.24800109863281,0.31414616107940674
dfl_generated,dfl_evaluation_00,0.19858039915561676,22,PCC,B,2.717052698135376,0.0,3.89733486372279e-06,0.3637107312679291,1.1624877452850342,53.24800109863281,0.31414616107940674
dfl_generated,dfl_evaluation_00,0.19858039915561676,22,PCC,C,2.713193655014038,0.0,1.589292992321134e-06,0.3637107312679291,1.1624877452850342,53.24800109863281,0.31414616107940674
dfl_generated,dfl_evaluation_00,0.19858039915561676,23,PCC,A,2.6878502368927,0.0,0.0,0.34759950637817383,1.1617693901062012,53.24800109863281,0.31540173292160034
dfl_generated,dfl_evaluation_00,0.19858039915561676,23,PCC,B,2.6887738704681396,0.0,3.640109298430616e-06,0.34759950637817383,1.1617693901062012,53.24800109863281,0.31540173292160034
dfl_generated,dfl_evaluation_00,0.19858039915561676,23,PCC,C,2.6893444061279297,0.0,0.0,0.34759950637817383,1.1617693901062012,53.24800109863281,0.31540173292160034
dfl_generated,dfl_evaluation_00,0.19858039915561676,24,PCC,A,2.60882830619812,0.0,4.096670636499766e-06,0.29431068897247314,1.160508155822754,53.24800109863281,0.29881447553634644
dfl_generated,dfl_evaluation_00,0.19858039915561676,24,PCC,B,2.609321355819702,0.0,0.0,0.29431068897247314,1.160508155822754,53.24800109863281,0.29881447553634644
dfl_generated,dfl_evaluation_00,0.19858039915561676,24,PCC,C,2.6094818115234375,0.0,0.0,0.29431068897247314,1.160508155822754,53.24800109863281,0.29881447553634644
dfl_generated,dfl_evaluation_00,0.19858039915561676,25,PCC,A,2.6427276134490967,0.0,1.668643562879879e-06,0.3179371654987335,1.1590924263000488,53.24800109863281,0.31185826659202576
dfl_generated,dfl_evaluation_00,0.19858039915561676,25,PCC,B,2.640491008758545,0.0,0.0,0.3179371654987335,1.1590924263000488,53.24800109863281,0.31185826659202576
dfl_generated,dfl_evaluation_00,0.19858039915561676,25,PCC,C,2.64133358001709,0.0,0.0,0.3179371654987335,1.1590924263000488,53.24800109863281,0.31185826659202576
dfl_generated,dfl_evaluation_00,0.19858039915561676,26,PCC,A,2.504183053970337,0.0,3.613640956245945e-06,0.2232462614774704,1.1587551832199097,53.24800109863281,0.2940059304237366
dfl_generated,dfl_evaluation_00,0.19858039915561676,26,PCC,B,2.50349497795105,0.0,5.021929609938525e-07,0.2232462614774704,1.1587551832199097,53.24800109863281,0.2940059304237366
dfl_generated,dfl_evaluation_00,0.19858039915561676,26,PCC,C,2.5010669231414795,0.0,0.0,0.2232462614774704,1.1587551832199097,53.24800109863281,0.2940059304237366
dfl_generated,dfl_evaluation_00,0.19858039915561676,27,PCC,A,2.558056592941284,0.0,0.0,0.2633455991744995,1.1563347578048706,53.24800109863281,0.30770406126976013
dfl_generated,dfl_evaluation_00,0.19858039915561676,27,PCC,B,2.5592191219329834,0.0,0.0,0.2633455991744995,1.1563347578048706,53.24800109863281,0.30770406126976013
dfl_generated,dfl_evaluation_00,0.19858039915561676,27,PCC,C,2.559251546859741,0.0,0.0,0.2633455991744995,1.1563347578048706,53.24800109863281,0.30770406126976013
dfl_generated,dfl_evaluation_00,0.19858039915561676,28,PCC,A,2.6177327632904053,0.0,0.0,0.3060445785522461,1.1555687189102173,53.24800109863281,0.3122023344039917
dfl_generated,dfl_evaluation_00,0.19858039915561676,28,PCC,B,2.6174697875976562,0.0,5.076090928923804e-06,0.3060445785522461,1.1555687189102173,53.24800109863281,0.3122023344039917
dfl_generated,dfl_evaluation_00,0.19858039915561676,28,PCC,C,2.620205879211426,0.0,1.552799631099333e-07,0.3060445785522461,1.1555687189102173,53.24800109863281,0.3122023344039917
dfl_generated,dfl_evaluation_00,0.19858039915561676,29,PCC,A,2.5892715454101562,0.0,0.0014846751000732183,0.2850128710269928,1.1566753387451172,53.24800109863281,0.30480167269706726
dfl_generated,dfl_evaluation_00,0.19858039915561676,29,PCC,B,2.5890610218048096,0.0,0.0019491583807393909,0.2850128710269928,1.1566753387451172,53.24800109863281,0.30480167269706726
dfl_generated,dfl_evaluation_00,0.19858039915561676,29,PCC,C,2.5908517837524414,0.0,0.001656138920225203,0.2850128710269928,1.1566753387451172,53.24800109863281,0.30480167269706726
dfl_generated,dfl_evaluation_00,0.19858039915561676,30,PCC,A,2.780545234680176,0.0,0.03475145623087883,0.4131304621696472,1.1601251363754272,53.24800109863281,0.2863980829715729
dfl_generated,dfl_evaluation_00,0.19858039915561676,30,PCC,B,2.782644510269165,0.0,0.03651793673634529,0.4131304621696472,1.1601251363754272,53.24800109863281,0.2863980829715729
dfl_generated,dfl_evaluation_00,0.19858039915561676,30,PCC,C,2.7810099124908447,0.0,0.03891007974743843,0.4131304621696472,1.1601251363754272,53.24800109863281,0.2863980829715729
dfl_generated,dfl_evaluation_00,0.19858039915561676,31,PCC,A,3.0523383617401123,0.0,0.20555385947227478,0.5887197852134705,1.1659427881240845,53.24800109863281,0.2650909423828125
dfl_generated,dfl_evaluation_00,0.19858039915561676,31,PCC,B,3.0496654510498047,0.0,0.20589660108089447,0.5887197852134705,1.1659427881240845,53.24800109863281,0.2650909423828125
dfl_generated,dfl_evaluation_00,0.19858039915561676,31,PCC,C,3.0498058795928955,0.0,0.18602384626865387,0.5887197852134705,1.1659427881240845,53.24800109863281,0.2650909423828125
dfl_generated,dfl_evaluation_00,0.19858039915561676,32,PCC,A,2.8117384910583496,0.0,0.45666569471359253,0.41616514325141907,1.1775872707366943,53.24800109863281,0.2449970245361328
dfl_generated,dfl_evaluation_00,0.19858039915561676,32,PCC,B,2.820201873779297,0.0,0.45362424850463867,0.41616514325141907,1.1775872707366943,53.24800109863281,0.2449970245361328
dfl_generated,dfl_evaluation_00,0.19858039915561676,32,PCC,C,2.8174753189086914,0.0,0.4471870958805084,0.41616514325141907,1.1775872707366943,53.24800109863281,0.2449970245361328
dfl_generated,dfl_evaluation_00,0.19858039915561676,33,PCC,A,2.980524778366089,0.0,0.6589858531951904,0.5137431621551514,1.1795035600662231,53.24800109863281,0.24628660082817078
dfl_generated,dfl_evaluation_00,0.19858039915561676,33,PCC,B,2.975203514099121,0.0,0.6349447965621948,0.5137431621551514,1.1795035600662231,53.24800109863281,0.24628660082817078
dfl_generated,dfl_evaluation_00,0.19858039915561676,33,PCC,C,2.982818841934204,0.0,0.6422775387763977,0.5137431621551514,1.1795035600662231,53.24800109863281,0.24628660082817078
dfl_generated,dfl_evaluation_00,0.19858039915561676,34,PCC,A,2.766948938369751,0.0,0.8004342317581177,0.3643687963485718,1.186018943786621,53.24800109863281,0.2685595452785492
dfl_generated,dfl_evaluation_00,0.19858039915561676,34,PCC,B,2.763490676879883,0.0,0.7884893417358398,0.3643687963485718,1.186018943786621,53.24800109863281,0.2685595452785492
dfl_generated,dfl_evaluation_00,0.19858039915561676,34,PCC,C,2.7643580436706543,0.0,0.8313084244728088,0.3643687963485718,1.186018943786621,53.24800109863281,0.2685595452785492
dfl_generated,dfl_evaluation_00,0.19858039915561676,35,PCC,A,2.764641046524048,0.0,0.9288679361343384,0.36136627197265625,1.1891263723373413,53.24800109863281,0.2728087902069092
dfl_generated,dfl_evaluation_00,0.19858039915561676,35,PCC,B,2.773216962814331,0.0,0.8612434267997742,0.36136627197265625,1.1891263723373413,53.24800109863281,0.2728087902069092
dfl_generated,dfl_evaluation_00,0.19858039915561676,35,PCC,C,2.7730305194854736,0.0,0.8928121328353882,0.36136627197265625,1.1891263723373413,53.24800109863281,0.2728087902069092
dfl_generated,dfl_evaluation_00,0.19858039915561676,36,PCC,A,3.0447826385498047,0.0,0.9467324018478394,0.5383059978485107,1.1906654834747314,53.24800109863281,0.28471267223358154
dfl_generated,dfl_evaluation_00,0.19858039915561676,36,PCC,B,3.0462636947631836,0.0,0.9131578803062439,0.5383059978485107,1.1906654834747314,53.24800109863281,0.28471267223358154
dfl_generated,dfl_evaluation_00,0.19858039915561676,36,PCC,C,3.0467753410339355,0.0,0.9458661675453186,0.5383059978485107,1.1906654834747314,53.24800109863281,0.28471267223358154
dfl_generated,dfl_evaluation_00,0.19858039915561676,37,PCC,A,3.148977041244507,0.0,0.9060620069503784,0.6031783223152161,1.1953257322311401,53.24800109863281,0.28637659549713135
dfl_generated,dfl_evaluation_00,0.19858039915561676,37,PCC,B,3.1450352668762207,0.0,0.9006452560424805,0.6031783223152161,1.1953257322311401,53.24800109863281,0.28637659549713135
dfl_generated,dfl_evaluation_00,0.19858039915561676,37,PCC,C,3.1440951824188232,0.0,0.9076713919639587,0.6031783223152161,1.1953257322311401,53.24800109863281,0.28637659549713135
dfl_generated,dfl_evaluation_00,0.19858039915561676,38,PCC,A,3.231654644012451,0.0,0.8056502342224121,0.6654155254364014,1.1942435503005981,53.24800109863281,0.28159984946250916
dfl_generated,dfl_evaluation_00,0.19858039915561676,38,PCC,B,3.233208417892456,0.0,0.8093419075012207,0.6654155254364014,1.1942435503005981,53.24800109863281,0.28159984946250916
dfl_generated,dfl_evaluation_00,0.19858039915561676,38,PCC,C,3.2340424060821533,0.0,0.8189660310745239,0.6654155254364014,1.1942435503005981,53.24800109863281,0.28159984946250916
dfl_generated,dfl_evaluation_00,0.19858039915561676,39,PCC,A,3.001871109008789,0.0,0.6416901350021362,0.5210045576095581,1.1931530237197876,53.24800109863281,0.278022438287735
dfl_generated,dfl_evaluation_00,0.19858039915561676,39,PCC,B,3.008984327316284,0.0,0.6307113766670227,0.5210045576095581,1.1931530237197876,53.24800109863281,0.278022438287735
dfl_generated,dfl_evaluation_00,0.19858039915561676,39,PCC,C,3.012629747390747,0.0,0.6583186984062195,0.5210045576095581,1.1931530237197876,53.24800109863281,0.278022438287735
dfl_generated,dfl_evaluation_00,0.19858039915561676,40,PCC,A,3.076833486557007,0.0,0.4081586003303528,0.5631123185157776,1.1883622407913208,53.24800109863281,0.28826817870140076
dfl_generated,dfl_evaluation_00,0.19858039915561676,40,PCC,B,3.0610735416412354,0.0,0.42648831009864807,0.5631123185157776,1.1883622407913208,53.24800109863281,0.28826817870140076
dfl_generated,dfl_evaluation_00,0.19858039915561676,40,PCC,C,3.065791130065918,0.0,0.4255528151988983,0.5631123185157776,1.1883622407913208,53.24800109863281,0.28826817870140076
dfl_generated,dfl_evaluation_00,0.19858039915561676,41,PCC,A,2.9891316890716553,0.0,0.17666080594062805,0.5185338854789734,1.1799677610397339,53.24800109863281,0.3060702383518219
dfl_generated,dfl_evaluation_00,0.19858039915561676,41,PCC,B,2.9943156242370605,0.0,0.16720741987228394,0.5185338854789734,1.1799677610397339,53.24800109863281,0.3060702383518219
dfl_generated,dfl_evaluation_00,0.19858039915561676,41,PCC,C,2.9937615394592285,0.0,0.1824866682291031,0.5185338854789734,1.1799677610397339,53.24800109863281,0.3060702383518219
dfl_generated,dfl_evaluation_00,0.19858039915561676,42,PCC,A,2.9440677165985107,0.0,0.0354413166642189,0.501911997795105,1.1776789426803589,53.24800109863281,0.3010643422603607
dfl_generated,dfl_evaluation_00,0.19858039915561676,42,PCC,B,2.9459891319274902,0.0,0.03615538403391838,0.501911997795105,1.1776789426803589,53.24800109863281,0.3010643422603607
dfl_generated,dfl_evaluation_00,0.19858039915561676,42,PCC,C,2.9457616806030273,0.0,0.037560056895017624,0.501911997795105,1.1776789426803589,53.24800109863281,0.3010643422603607
dfl_generated,dfl_evaluation_00,0.19858039915561676,43,PCC,A,3.034886598587036,0.0,0.0013361007440835238,0.5692486763000488,1.1695868968963623,53.24800109863281,0.3008212745189667
dfl_generated,dfl_evaluation_00,0.19858039915561676,43,PCC,B,3.0368173122406006,0.0,0.0016214742790907621,0.5692486763000488,1.1695868968963623,53.24800109863281,0.3008212745189667
dfl_generated,dfl_evaluation_00,0.19858039915561676,43,PCC,C,3.0347707271575928,0.0,0.001690845936536789,0.5692486763000488,1.1695868968963623,53.24800109863281,0.3008212745189667
dfl_generated,dfl_evaluation_00,0.19858039915561676,44,PCC,A,2.8612771034240723,0.0,0.0,0.458400696516037,1.1670899391174316,53.24800109863281,0.3098255693912506
dfl_generated,dfl_evaluation_00,0.19858039915561676,44,PCC,B,2.863649368286133,0.0,2.1612281670968514e-06,0.458400696516037,1.1670899391174316,53.24800109863281,0.3098255693912506
dfl_generated,dfl_evaluation_00,0.19858039915561676,44,PCC,C,2.861276626586914,0.0,0.0,0.458400696516037,1.1670899391174316,53.24800109863281,0.3098255693912506
dfl_generated,dfl_evaluation_00,0.19858039915561676,45,PCC,A,2.772833824157715,0.0,4.571538170239364e-07,0.39928483963012695,1.162731647491455,53.24800109863281,0.31759393215179443
dfl_generated,dfl_evaluation_00,0.19858039915561676,45,PCC,B,2.773108959197998,0.0,1.8130421040041256e-06,0.39928483963012695,1.162731647491455,53.24800109863281,0.31759393215179443
dfl_generated,dfl_evaluation_00,0.19858039915561676,45,PCC,C,2.7744975090026855,0.0,8.954476129474642e-07,0.39928483963012695,1.162731647491455,53.24800109863281,0.31759393215179443
dfl_generated,dfl_evaluation_00,0.19858039915561676,46,PCC,A,2.7144951820373535,0.0,6.0671263781841844e-06,0.3637107312679291,1.1635067462921143,53.24800109863281,0.31900471448898315
dfl_generated,dfl_evaluation_00,0.19858039915561676,46,PCC,B,2.7183632850646973,0.0,0.0,0.3637107312679291,1.1635067462921143,53.24800109863281,0.31900471448898315
dfl_generated,dfl_evaluation_00,0.19858039915561676,46,PCC,C,2.7144391536712646,0.0,0.0,0.3637107312679291,1.1635067462921143,53.24800109863281,0.31900471448898315
dfl_generated,dfl_evaluation_00,0.19858039915561676,47,PCC,A,2.6901540756225586,0.0,0.0,0.34759950637817383,1.1611082553863525,53.24800109863281,0.31349554657936096
dfl_generated,dfl_evaluation_00,0.19858039915561676,47,PCC,B,2.6871395111083984,0.0,0.0,0.34759950637817383,1.1611082553863525,53.24800109863281,0.31349554657936096
dfl_generated,dfl_evaluation_00,0.19858039915561676,47,PCC,C,2.6881160736083984,0.0,2.5586862193449633e-06,0.34759950637817383,1.1611082553863525,53.24800109863281,0.31349554657936096
dfl_generated,dfl_evaluation_01,0.0023659924045205116,0,PCC,A,2.6015703678131104,0.0,1.100336703530047e-06,0.29431068897247314,1.1544195413589478,53.24800109863281,0.2905373275279999
dfl_generated,dfl_evaluation_01,0.0023659924045205116,0,PCC,B,2.5968828201293945,0.0,0.0,0.29431068897247314,1.1544195413589478,53.24800109863281,0.2905373275279999
dfl_generated,dfl_evaluation_01,0.0023659924045205116,0,PCC,C,2.595353603363037,0.0,2.9164564239181345e-06,0.29431068897247314,1.1544195413589478,53.24800109863281,0.2905373275279999
dfl_generated,dfl_evaluation_01,0.0023659924045205116,1,PCC,A,2.630078077316284,0.0,0.0,0.3179371654987335,1.1533410549163818,34.72425079345703,0.3112638294696808
dfl_generated,dfl_evaluation_01,0.0023659924045205116,1,PCC,B,2.6313891410827637,0.0,1.3577058552982635e-06,0.3179371654987335,1.1533410549163818,34.72425079345703,0.3112638294696808
dfl_generated,dfl_evaluation_01,0.0023659924045205116,1,PCC,C,2.6319353580474854,0.0,0.0,0.3179371654987335,1.1533410549163818,34.72425079345703,0.3112638294696808
dfl_generated,dfl_evaluation_01,0.0023659924045205116,2,PCC,A,2.4936320781707764,0.0,0.0,0.2232462614774704,1.1528606414794922,34.72425079345703,0.30962884426116943
dfl_generated,dfl_evaluation_01,0.0023659924045205116,2,PCC,B,2.493137836456299,0.0,6.867433967272518e-06,0.2232462614774704,1.1528606414794922,34.72425079345703,0.30962884426116943
dfl_generated,dfl_evaluation_01,0.0023659924045205116,2,PCC,C,2.494805097579956,0.0,0.0,0.2232462614774704,1.1528606414794922,34.72425079345703,0.30962884426116943
dfl_generated,dfl_evaluation_01,0.0023659924045205116,3,PCC,A,2.550445318222046,0.0,1.5686052847740939e-06,0.2633455991744995,1.1520441770553589,53.24800109863281,0.2917293608188629
dfl_generated,dfl_evaluation_01,0.0023659924045205116,3,PCC,B,2.550419807434082,0.0,0.0,0.2633455991744995,1.1520441770553589,53.24800109863281,0.2917293608188629
dfl_generated,dfl_evaluation_01,0.0023659924045205116,3,PCC,C,2.551128387451172,0.0,1.4634471199315158e-06,0.2633455991744995,1.1520441770553589,53.24800109863281,0.2917293608188629
dfl_generated,dfl_evaluation_01,0.0023659924045205116,4,PCC,A,2.6096439361572266,0.0,0.0,0.3060445785522461,1.1524250507354736,53.24800109863281,0.29052743315696716
dfl_generated,dfl_evaluation_01,0.0023659924045205116,4,PCC,B,2.6112782955169678,0.0,0.0,0.3060445785522461,1.1524250507354736,53.24800109863281,0.29052743315696716
dfl_generated,dfl_evaluation_01,0.0023659924045205116,4,PCC,C,2.6105966567993164,0.0,0.0,0.3060445785522461,1.1524250507354736,53.24800109863281,0.29052743315696716
dfl_generated,dfl_evaluation_01,0.0023659924045205116,5,PCC,A,2.5807907581329346,0.0,0.0012157411547377706,0.2850128710269928,1.1526225805282593,53.24800109863281,0.27527254819869995
dfl_generated,dfl_evaluation_01,0.0023659924045205116,5,PCC,B,2.582411050796509,0.0,0.0010337196290493011,0.2850128710269928,1.1526225805282593,53.24800109863281,0.27527254819869995
dfl_generated,dfl_evaluation_01,0.0023659924045205116,5,PCC,C,2.5811660289764404,0.0,0.0011387717677280307,0.2850128710269928,1.1526225805282593,53.24800109863281,0.27527254819869995
dfl_generated,dfl_evaluation_01,0.0023659924045205116,6,PCC,A,2.769343137741089,0.0,0.02626582607626915,0.4131304621696472,1.154648780822754,121.88175201416016,0.2609204947948456
dfl_generated,dfl_evaluation_01,0.0023659924045205116,6,PCC,B,2.7715680599212646,0.0,0.029632430523633957,0.4131304621696472,1.154648780822754,121.88175201416016,0.2609204947948456
dfl_generated,dfl_evaluation_01,0.0023659924045205116,6,PCC,C,2.7706494331359863,0.0,0.025810252875089645,0.4131304621696472,1.154648780822754,121.88175201416016,0.2609204947948456
dfl_generated,dfl_evaluation_01,0.0023659924045205116,7,PCC,A,3.034567356109619,0.0,0.15340086817741394,0.5887197852134705,1.1567747592926025,121.88175201416016,0.25137120485305786
dfl_generated,dfl_evaluation_01,0.0023659924045205116,7,PCC,B,3.0322425365448,0.0,0.16630783677101135,0.5887197852134705,1.1567747592926025,121.88175201416016,0.25137120485305786
dfl_generated,dfl_evaluation_01,0.0023659924045205116,7,PCC,C,3.0334744453430176,0.0,0.1491893231868744,0.5887197852134705,1.1567747592926025,121.88175201416016,0.25137120485305786
dfl_generated,dfl_evaluation_01,0.0023659924045205116,8,PCC,A,2.7922027111053467,0.0,0.3801761865615845,0.41616514325141907,1.1621581315994263,121.88175201416016,0.24366538226604462
dfl_generated,dfl_evaluation_01,0.0023659924045205116,8,PCC,B,2.7899892330169678,0.0,0.39193984866142273,0.41616514325141907,1.1621581315994263,121.88175201416016,0.24366538226604462
dfl_generated,dfl_evaluation_01,0.0023659924045205116,8,PCC,C,2.7899057865142822,0.0,0.38418838381767273,0.41616514325141907,1.1621581315994263,121.88175201416016,0.24366538226604462
dfl_generated,dfl_evaluation_01,0.0023659924045205116,9,PCC,A,2.9403834342956543,0.0,0.6557504534721375,0.5137431621551514,1.1644558906555176,121.88175201416016,0.23905108869075775
dfl_generated,dfl_evaluation_01,0.0023659924045205116,9,PCC,B,2.9432239532470703,0.0,0.6729545593261719,0.5137431621551514,1.1644558906555176,121.88175201416016,0.23905108869075775
dfl_generated,dfl_evaluation_01,0.0023659924045205116,9,PCC,C,2.9419243335723877,0.0,0.6651520133018494,0.5137431621551514,1.1644558906555176,121.88175201416016,0.23905108869075775
dfl_generated,dfl_evaluation_01,0.0023659924045205116,10,PCC,A,2.727992296218872,0.0,0.8168050646781921,0.3643687963485718,1.1702802181243896,53.24800109863281,0.2520017623901367
dfl_generated,dfl_evaluation_01,0.0023659924045205116,10,PCC,B,2.726179361343384,0.0,0.8285006284713745,0.3643687963485718,1.1702802181243896,53.24800109863281,0.2520017623901367
dfl_generated,dfl_evaluation_01,0.0023659924045205116,10,PCC,C,2.7265775203704834,0.0,0.8247086405754089,0.3643687963485718,1.1702802181243896,53.24800109863281,0.2520017623901367
dfl_generated,dfl_evaluation_01,0.0023659924045205116,11,PCC,A,2.7344248294830322,0.0,0.9130653738975525,0.36136627197265625,1.1740367412567139,53.24800109863281,0.26263362169265747
dfl_generated,dfl_evaluation_01,0.0023659924045205116,11,PCC,B,2.7309157848358154,0.0,0.8938016295433044,0.36136627197265625,1.1740367412567139,53.24800109863281,0.26263362169265747
dfl_generated,dfl_evaluation_01,0.0023659924045205116,11,PCC,C,2.7394659519195557,0.0,0.8719902038574219,0.36136627197265625,1.1740367412567139,53.24800109863281,0.26263362169265747
dfl_generated,dfl_evaluation_01,0.0023659924045205116,12,PCC,A,2.995122194290161,0.0,0.9329791069030762,0.5383059978485107,1.1685742139816284,34.72425079345703,0.26431334018707275
dfl_generated,dfl_evaluation_01,0.0023659924045205116,12,PCC,B,2.9996423721313477,0.0,0.9325758814811707,0.5383059978485107,1.1685742139816284,34.72425079345703,0.26431334018707275
dfl_generated,dfl_evaluation_01,0.0023659924045205116,12,PCC,C,3.0011446475982666,0.0,0.9134957194328308,0.5383059978485107,1.1685742139816284,34.72425079345703,0.26431334018707275
dfl_generated,dfl_evaluation_01,0.0023659924045205116,13,PCC,A,3.0959248542785645,0.0,0.915767252445221,0.6031783223152161,1.1701446771621704,34.72425079345703,0.26447805762290955
dfl_generated,dfl_evaluation_01,0.0023659924045205116,13,PCC,B,3.0967607498168945,0.0,0.9044393301010132,0.6031783223152161,1.1701446771621704,34.72425079345703,0.26447805762290955
dfl_generated,dfl_evaluation_01,0.0023659924045205116,13,PCC,C,3.089876174926758,0.0,0.8858492970466614,0.6031783223152161,1.1701446771621704,34.72425079345703,0.26447805762290955
dfl_generated,dfl_evaluation_01,0.0023659924045205116,14,PCC,A,3.185682535171509,0.0,0.8263353109359741,0.6654155254364014,1.1728689670562744,34.72425079345703,0.25723525881767273
dfl_generated,dfl_evaluation_01,0.0023659924045205116,14,PCC,B,3.1911439895629883,0.0,0.8035575747489929,0.6654155254364014,1.1728689670562744,34.72425079345703,0.25723525881767273
dfl_generated,dfl_evaluation_01,0.0023659924045205116,14,PCC,C,3.1839475631713867,0.0,0.8034203052520752,0.6654155254364014,1.1728689670562744,34.72425079345703,0.25723525881767273
dfl_generated,dfl_evaluation_01,0.0023659924045205116,15,PCC,A,2.9643619060516357,0.0,0.6292436718940735,0.5210045576095581,1.1781772375106812,34.72425079345703,0.2594723105430603
dfl_generated,dfl_evaluation_01,0.0023659924045205116,15,PCC,B,2.9646949768066406,0.0,0.6166728734970093,0.5210045576095581,1.1781772375106812,34.72425079345703,0.2594723105430603
dfl_generated,dfl_evaluation_01,0.0023659924045205116,15,PCC,C,2.9726195335388184,0.0,0.6243101358413696,0.5210045576095581,1.1781772375106812,34.72425079345703,0.2594723105430603
dfl_generated,dfl_evaluation_01,0.0023659924045205116,16,PCC,A,3.026062488555908,0.0,0.3936629593372345,0.5631123185157776,1.1741414070129395,53.24800109863281,0.2580832540988922
dfl_generated,dfl_evaluation_01,0.0023659924045205116,16,PCC,B,3.0306713581085205,0.0,0.38648679852485657,0.5631123185157776,1.1741414070129395,53.24800109863281,0.2580832540988922
dfl_generated,dfl_evaluation_01,0.0023659924045205116,16,PCC,C,3.0232961177825928,0.0,0.408344030380249,0.5631123185157776,1.1741414070129395,53.24800109863281,0.2580832540988922
dfl_generated,dfl_evaluation_01,0.0023659924045205116,17,PCC,A,2.9501235485076904,0.0,0.13081377744674683,0.5185338854789734,1.1653294563293457,53.24800109863281,0.2545190453529358
dfl_generated,dfl_evaluation_01,0.0023659924045205116,17,PCC,B,2.9503540992736816,0.0,0.14702744781970978,0.5185338854789734,1.1653294563293457,53.24800109863281,0.2545190453529358
dfl_generated,dfl_evaluation_01,0.0023659924045205116,17,PCC,C,2.951003313064575,0.0,0.13086193799972534,0.5185338854789734,1.1653294563293457,53.24800109863281,0.2545190453529358
dfl_generated,dfl_evaluation_01,0.0023659924045205116,18,PCC,A,2.920215129852295,0.0,0.021069686859846115,0.501911997795105,1.1626511812210083,53.24800109863281,0.25406330823898315
dfl_generated,dfl_evaluation_01,0.0023659924045205116,18,PCC,B,2.9112110137939453,0.0,0.026141662150621414,0.501911997795105,1.1626511812210083,53.24800109863281,0.25406330823898315
dfl_generated,dfl_evaluation_01,0.0023659924045205116,18,PCC,C,2.91562557220459,0.0,0.023056885227560997,0.501911997795105,1.1626511812210083,53.24800109863281,0.25406330823898315
dfl_generated,dfl_evaluation_01,0.0023659924045205116,19,PCC,A,3.0043458938598633,0.0,0.0006834134110249579,0.5692486763000488,1.1581073999404907,53.24800109863281,0.25891897082328796
dfl_generated,dfl_evaluation_01,0.0023659924045205116,19,PCC,B,3.0014164447784424,0.0,0.0011246554786339402,0.5692486763000488,1.1581073999404907,53.24800109863281,0.25891897082328796
dfl_generated,dfl_evaluation_01,0.0023659924045205116,19,PCC,C,3.005678176879883,0.0,0.0006925952038727701,0.5692486763000488,1.1581073999404907,53.24800109863281,0.25891897082328796
dfl_generated,dfl_evaluation_01,0.0023659924045205116,20,PCC,A,2.8439972400665283,0.0,0.0,0.458400696516037,1.1574593782424927,53.24800109863281,0.26910868287086487
dfl_generated,dfl_evaluation_01,0.0023659924045205116,20,PCC,B,2.842318296432495,0.0,0.0,0.458400696516037,1.1574593782424927,53.24800109863281,0.26910868287086487
dfl_generated,dfl_evaluation_01,0.0023659924045205116,20,PCC,C,2.8453919887542725,0.0,0.0,0.458400696516037,1.1574593782424927,53.24800109863281,0.26910868287086487
dfl_generated,dfl_evaluation_01,0.0023659924045205116,21,PCC,A,2.7530860900878906,0.0,9.090688877222419e-07,0.39928483963012695,1.1575648784637451,53.24800109863281,0.27530574798583984
dfl_generated,dfl_evaluation_01,0.0023659924045205116,21,PCC,B,2.7512712478637695,0.0,4.053282737004338e-06,0.39928483963012695,1.1575648784637451,53.24800109863281,0.27530574798583984
dfl_generated,dfl_evaluation_01,0.0023659924045205116,21,PCC,C,2.753736734390259,0.0,0.0,0.39928483963012695,1.1575648784637451,53.24800109863281,0.27530574798583984
dfl_generated,dfl_evaluation_01,0.0023659924045205116,22,PCC,A,2.701900005340576,0.0,8.76587421316799e-07,0.3637107312679291,1.1553113460540771,53.24800109863281,0.2804317772388458
dfl_generated,dfl_evaluation_01,0.0023659924045205116,22,PCC,B,2.7021923065185547,0.0,0.0,0.3637107312679291,1.1553113460540771,53.24800109863281,0.2804317772388458
dfl_generated,dfl_evaluation_01,0.0023659924045205116,22,PCC,C,2.701925754547119,0.0,0.0,0.3637107312679291,1.1553113460540771,53.24800109863281,0.2804317772388458
dfl_generated,dfl_evaluation_01,0.0023659924045205116,23,PCC,A,2.6775565147399902,0.0,1.2788924550477532e-06,0.34759950637817383,1.1544463634490967,53.24800109863281,0.28699466586112976
dfl_generated,dfl_evaluation_01,0.0023659924045205116,23,PCC,B,2.6768245697021484,0.0,0.0,0.34759950637817383,1.1544463634490967,53.24800109863281,0.28699466586112976
dfl_generated,dfl_evaluation_01,0.0023659924045205116,23,PCC,C,2.672220468521118,0.0,2.0806307929888135e-06,0.34759950637817383,1.1544463634490967,53.24800109863281,0.28699466586112976
dfl_generated,dfl_evaluation_01,0.0023659924045205116,24,PCC,A,2.6002542972564697,0.0,0.0,0.29431068897247314,1.1537096500396729,53.24800109863281,0.29219862818717957
dfl_generated,dfl_evaluation_01,0.0023659924045205116,24,PCC,B,2.5995466709136963,0.0,7.797881949045404e-07,0.29431068897247314,1.1537096500396729,53.24800109863281,0.29219862818717957
dfl_generated,dfl_evaluation_01,0.0023659924045205116,24,PCC,C,2.5952866077423096,0.0,2.401095571258338e-06,0.29431068897247314,1.1537096500396729,53.24800109863281,0.29219862818717957
dfl_generated,dfl_evaluation_01,0.0023659924045205116,25,PCC,A,2.6310644149780273,0.0,0.0,0.3179371654987335,1.153593897819519,34.72425079345703,0.293007493019104
dfl_generated,dfl_evaluation_01,0.0023659924045205116,25,PCC,B,2.631810188293457,0.0,2.3391321519738995e-06,0.3179371654987335,1.153593897819519,34.72425079345703,0.293007493019104
dfl_generated,dfl_evaluation_01,0.0023659924045205116,25,PCC,C,2.6319196224212646,0.0,2.4199348445108626e-06,0.3179371654987335,1.153593897819519,34.72425079345703,0.293007493019104
dfl_generated,dfl_evaluation_01,0.0023659924045205116,26,PCC,A,2.4941341876983643,0.0,0.0,0.2232462614774704,1.1529053449630737,34.72425079345703,0.30803191661834717
dfl_generated,dfl_evaluation_01,0.0023659924045205116,26,PCC,B,2.4926254749298096,0.0,2.4513451535312925e-07,0.2232462614774704,1.1529053449630737,34.72425079345703,0.30803191661834717
dfl_generated,dfl_evaluation_01,0.0023659924045205116,26,PCC,C,2.492899179458618,0.0,3.4643817343749106e-06,0.2232462614774704,1.1529053449630737,34.72425079345703,0.30803191661834717
dfl_generated,dfl_evaluation_01,0.0023659924045205116,27,PCC,A,2.551131010055542,0.0,3.840840690827463e-06,0.2633455991744995,1.153247356414795,53.24800109863281,0.29096418619155884
dfl_generated,dfl_evaluation_01,0.0023659924045205116,27,PCC,B,2.5504581928253174,0.0,0.0,0.2633455991744995,1.153247356414795,53.24800109863281,0.29096418619155884
dfl_generated,dfl_evaluation_01,0.0023659924045205116,27,PCC,C,2.5516347885131836,0.0,2.8162437502032844e-06,0.2633455991744995,1.153247356414795,53.24800109863281,0.29096418619155884
dfl_generated,dfl_evaluation_01,0.0023659924045205116,28,PCC,A,2.612529754638672,0.0,2.848342894878897e-08,0.3060445785522461,1.1534355878829956,53.24800109863281,0.2813621461391449
dfl_generated,dfl_evaluation_01,0.0023659924045205116,28,PCC,B,2.6109750270843506,0.0,0.0,0.3060445785522461,1.1534355878829956,53.24800109863281,0.2813621461391449
dfl_generated,dfl_evaluation_01,0.0023659924045205116,28,PCC,C,2.6118831634521484,0.0,4.180478754278738e-06,0.3060445785522461,1.1534355878829956,53.24800109863281,0.2813621461391449
dfl_generated,dfl_evaluation_01,0.0023659924045205116,29,PCC,A,2.5819780826568604,0.0,0.0014913839986547828,0.2850128710269928,1.152250051498413,53.24800109863281,0.2699783146381378
dfl_generated,dfl_evaluation_01,0.0023659924045205116,29,PCC,B,2.5828073024749756,0.0,0.0016307980986312032,0.2850128710269928,1.152250051498413,53.24800109863281,0.2699783146381378
dfl_generated,dfl_evaluation_01,0.0023659924045205116,29,PCC,C,2.580273151397705,0.0,0.0014227117644622922,0.2850128710269928,1.152250051498413,53.24800109863281,0.2699783146381378
dfl_generated,dfl_evaluation_01,0.0023659924045205116,30,PCC,A,2.768963098526001,0.0,0.026882566511631012,0.4131304621696472,1.1532573699951172,121.88175201416016,0.259147971868515
dfl_generated,dfl_evaluation_01,0.0023659924045205116,30,PCC,B,2.768965005874634,0.0,0.027947818860411644,0.4131304621696472,1.1532573699951172,121.88175201416016,0.259147971868515
dfl_generated,dfl_evaluation_01,0.0023659924045205116,30,PCC,C,2.7691850662231445,0.0,0.026117555797100067,0.4131304621696472,1.1532573699951172,121.88175201416016,0.259147971868515
dfl_generated,dfl_evaluation_01,0.0023659924045205116,31,PCC,A,3.0288326740264893,0.0,0.1560438722372055,0.5887197852134705,1.156793475151062,121.88175201416016,0.24689023196697235
dfl_generated,dfl_evaluation_01,0.0023659924045205116,31,PCC,B,3.033141851425171,0.0,0.1533585488796234,0.5887197852134705,1.156793475151062,121.88175201416016,0.24689023196697235
dfl_generated,dfl_evaluation_01,0.0023659924045205116,31,PCC,C,3.031148672103882,0.0,0.143820658326149,0.5887197852134705,1.156793475151062,121.88175201416016,0.24689023196697235
dfl_generated,dfl_evaluation_01,0.0023659924045205116,32,PCC,A,2.791632890701294,0.0,0.4128277003765106,0.41616514325141907,1.1588271856307983,121.88175201416016,0.21704092621803284
dfl_generated,dfl_evaluation_01,0.0023659924045205116,32,PCC,B,2.7882578372955322,0.0,0.4166424870491028,0.41616514325141907,1.1588271856307983,121.88175201416016,0.21704092621803284
dfl_generated,dfl_evaluation_01,0.0023659924045205116,32,PCC,C,2.7924916744232178,0.0,0.4056641757488251,0.41616514325141907,1.1588271856307983,121.88175201416016,0.21704092621803284
dfl_generated,dfl_evaluation_01,0.0023659924045205116,33,PCC,A,2.9414567947387695,0.0,0.6799044609069824,0.5137431621551514,1.163941740989685,121.88175201416016,0.2549872398376465
dfl_generated,dfl_evaluation_01,0.0023659924045205116,33,PCC,B,2.939016819000244,0.0,0.681688666343689,0.5137431621551514,1.163941740989685,121.88175201416016,0.2549872398376465
dfl_generated,dfl_evaluation_01,0.0023659924045205116,33,PCC,C,2.9420177936553955,0.0,0.6661509871482849,0.5137431621551514,1.163941740989685,121.88175201416016,0.2549872398376465
dfl_generated,dfl_evaluation_01,0.0023659924045205116,34,PCC,A,2.736084461212158,0.0,0.8318936228752136,0.3643687963485718,1.1635677814483643,53.24800109863281,0.25502219796180725
dfl_generated,dfl_evaluation_01,0.0023659924045205116,34,PCC,B,2.733793020248413,0.0,0.8419878482818604,0.3643687963485718,1.1635677814483643,53.24800109863281,0.25502219796180725
dfl_generated,dfl_evaluation_01,0.0023659924045205116,34,PCC,C,2.7328507900238037,0.0,0.8175103068351746,0.3643687963485718,1.1635677814483643,53.24800109863281,0.25502219796180725
dfl_generated,dfl_evaluation_01,0.0023659924045205116,35,PCC,A,2.731194496154785,0.0,0.9072361588478088,0.36136627197265625,1.1730399131774902,53.24800109863281,0.26266297698020935
dfl_generated,dfl_evaluation_01,0.0023659924045205116,35,PCC,B,2.7295026779174805,0.0,0.8886524438858032,0.36136627197265625,1.1730399131774902,53.24800109863281,0.26266297698020935
dfl_generated,dfl_evaluation_01,0.0023659924045205116,35,PCC,C,2.7352852821350098,0.0,0.9108847975730896,0.36136627197265625,1.1730399131774902,53.24800109863281,0.26266297698020935
dfl_generated,dfl_evaluation_01,0.0023659924045205116,36,PCC,A,2.9893851280212402,0.0,0.9465441107749939,0.5383059978485107,1.176494836807251,34.72425079345703,0.2681526243686676
dfl_generated,dfl_evaluation_01,0.0023659924045205116,36,PCC,B,2.9978139400482178,0.0,0.9617443680763245,0.5383059978485107,1.176494836807251,34.72425079345703,0.2681526243686676
dfl_generated,dfl_evaluation_01,0.0023659924045205116,36,PCC,C,2.989481210708618,0.0,0.9284470677375793,0.5383059978485107,1.176494836807251,34.72425079345703,0.2681526243686676
dfl_generated,dfl_evaluation_01,0.0023659924045205116,37,PCC,A,3.0975184440612793,0.0,0.9294880628585815,0.6031783223152161,1.1749058961868286,34.72425079345703,0.2659119665622711
dfl_generated,dfl_evaluation_01,0.0023659924045205116,37,PCC,B,3.092768907546997,0.0,0.9130249619483948,0.6031783223152161,1.1749058961868286,34.72425079345703,0.2659119665622711
dfl_generated,dfl_evaluation_01,0.0023659924045205116,37,PCC,C,3.0921759605407715,0.0,0.9157090187072754,0.6031783223152161,1.1749058961868286,34.72425079345703,0.2659119665622711
dfl_generated,dfl_evaluation_01,0.0023659924045205116,38,PCC,A,3.1763594150543213,0.0,0.7798420190811157,0.6654155254364014,1.1803799867630005,34.72425079345703,0.2660731077194214
dfl_generated,dfl_evaluation_01,0.0023659924045205116,38,PCC,B,3.1868982315063477,0.0,0.7970780730247498,0.6654155254364014,1.1803799867630005,34.72425079345703,0.2660731077194214
dfl_generated,dfl_evaluation_01,0.0023659924045205116,38,PCC,C,3.186868667602539,0.0,0.8055006861686707,0.6654155254364014,1.1803799867630005,34.72425079345703,0.2660731077194214
dfl_generated,dfl_evaluation_01,0.0023659924045205116,39,PCC,A,2.975280284881592,0.0,0.6309812664985657,0.5210045576095581,1.1715807914733887,34.72425079345703,0.26131242513656616
dfl_generated,dfl_evaluation_01,0.0023659924045205116,39,PCC,B,2.9753823280334473,0.0,0.6603636145591736,0.5210045576095581,1.1715807914733887,34.72425079345703,0.26131242513656616
dfl_generated,dfl_evaluation_01,0.0023659924045205116,39,PCC,C,2.960808515548706,0.0,0.6515058279037476,0.5210045576095581,1.1715807914733887,34.72425079345703,0.26131242513656616
dfl_generated,dfl_evaluation_01,0.0023659924045205116,40,PCC,A,3.023805856704712,0.0,0.4131634533405304,0.5631123185157776,1.1744693517684937,53.24800109863281,0.25923436880111694
dfl_generated,dfl_evaluation_01,0.0023659924045205116,40,PCC,B,3.0257558822631836,0.0,0.41615185141563416,0.5631123185157776,1.1744693517684937,53.24800109863281,0.25923436880111694
dfl_generated,dfl_evaluation_01,0.0023659924045205116,40,PCC,C,3.0125393867492676,0.0,0.39695119857788086,0.5631123185157776,1.1744693517684937,53.24800109863281,0.25923436880111694
dfl_generated,dfl_evaluation_01,0.0023659924045205116,41,PCC,A,2.944894313812256,0.0,0.14466865360736847,0.5185338854789734,1.1653529405593872,53.24800109863281,0.2614310681819916
dfl_generated,dfl_evaluation_01,0.0023659924045205116,41,PCC,B,2.9539365768432617,0.0,0.13710422813892365,0.5185338854789734,1.1653529405593872,53.24800109863281,0.2614310681819916
dfl_generated,dfl_evaluation_01,0.0023659924045205116,41,PCC,C,2.9500441551208496,0.0,0.14732177555561066,0.5185338854789734,1.1653529405593872,53.24800109863281,0.2614310681819916
dfl_generated,dfl_evaluation_01,0.0023659924045205116,42,PCC,A,2.924107551574707,0.0,0.024458440020680428,0.501911997795105,1.1617231369018555,53.24800109863281,0.26117202639579773
dfl_generated,dfl_evaluation_01,0.0023659924045205116,42,PCC,B,2.9151198863983154,0.0,0.028034519404172897,0.501911997795105,1.1617231369018555,53.24800109863281,0.26117202639579773
dfl_generated,dfl_evaluation_01,0.0023659924045205116,42,PCC,C,2.913640260696411,0.0,0.02397814393043518,0.501911997795105,1.1617231369018555,53.24800109863281,0.26117202639579773
dfl_generated,dfl_evaluation_01,0.0023659924045205116,43,PCC,A,3.010115146636963,0.0,0.0008905230206437409,0.5692486763000488,1.1611213684082031,53.24800109863281,0.2610563337802887
dfl_generated,dfl_evaluation_01,0.0023659924045205116,43,PCC,B,3.0099642276763916,0.0,0.0009477398707531393,0.5692486763000488,1.1611213684082031,53.24800109863281,0.2610563337802887
dfl_generated,dfl_evaluation_01,0.0023659924045205116,43,PCC,C,3.005857467651367,0.0,0.000974281458184123,0.5692486763000488,1.1611213684082031,53.24800109863281,0.2610563337802887
dfl_generated,dfl_evaluation_01,0.0023659924045205116,44,PCC,A,2.8419547080993652,0.0,0.0,0.458400696516037,1.155676007270813,53.24800109863281,0.27116870880126953
dfl_generated,dfl_evaluation_01,0.0023659924045205116,44,PCC,B,2.841724157333374,0.0,1.4616008456869167e-06,0.458400696516037,1.155676007270813,53.24800109863281,0.27116870880126953
dfl_generated,dfl_evaluation_01,0.0023659924045205116,44,PCC,C,2.8422436714172363,0.0,0.0,0.458400696516037,1.155676007270813,53.24800109863281,0.27116870880126953
dfl_generated,dfl_evaluation_01,0.0023659924045205116,45,PCC,A,2.7527153491973877,0.0,2.24361633627268e-06,0.39928483963012695,1.1570303440093994,53.24800109863281,0.27398407459259033
dfl_generated,dfl_evaluation_01,0.0023659924045205116,45,PCC,B,2.7530555725097656,0.0,0.0,0.39928483963012695,1.1570303440093994,53.24800109863281,0.27398407459259033
dfl_generated,dfl_evaluation_01,0.0023659924045205116,45,PCC,C,2.753995418548584,0.0,3.573813955881633e-06,0.39928483963012695,1.1570303440093994,53.24800109863281,0.27398407459259033
dfl_generated,dfl_evaluation_01,0.0023659924045205116,46,PCC,A,2.7007620334625244,0.0,0.0,0.3637107312679291,1.1562371253967285,53.24800109863281,0.2830474376678467
dfl_generated,dfl_evaluation_01,0.0023659924045205116,46,PCC,B,2.7007899284362793,0.0,0.0,0.3637107312679291,1.1562371253967285,53.24800109863281,0.2830474376678467
dfl_generated,dfl_evaluation_01,0.0023659924045205116,46,PCC,C,2.700961112976074,0.0,1.7117417883127928e-07,0.3637107312679291,1.1562371253967285,53.24800109863281,0.2830474376678467
dfl_generated,dfl_evaluation_01,0.0023659924045205116,47,PCC,A,2.676886796951294,0.0,1.4722110108777997e-06,0.34759950637817383,1.1543748378753662,53.24800109863281,0.28907549381256104
dfl_generated,dfl_evaluation_01,0.0023659924045205116,47,PCC,B,2.67781925201416,0.0,3.9097412809496745e-06,0.34759950637817383,1.1543748378753662,53.24800109863281,0.28907549381256104
dfl_generated,dfl_evaluation_01,0.0023659924045205116,47,PCC,C,2.6768529415130615,0.0,2.581615717645036e-06,0.34759950637817383,1.1543748378753662,53.24800109863281,0.28907549381256104
dfl_generated,dfl_evaluation_02,0.0023659924045205116,0,PCC,A,2.6055774688720703,0.0,0.0,0.29431068897247314,1.1581933498382568,53.24800109863281,0.3056696355342865
dfl_generated,dfl_evaluation_02,0.0023659924045205116,0,PCC,B,2.605060338973999,0.0,4.011637429357506e-06,0.29431068897247314,1.1581933498382568,53.24800109863281,0.3056696355342865
dfl_generated,dfl_evaluation_02,0.0023659924045205116,0,PCC,C,2.607408285140991,0.0,2.3464474452339346e-06,0.29431068897247314,1.1581933498382568,53.24800109863281,0.3056696355342865
dfl_generated,dfl_evaluation_02,0.0023659924045205116,1,PCC,A,2.6389312744140625,0.0,8.718807293917052e-07,0.3179371654987335,1.1578054428100586,34.72425079345703,0.30938324332237244
dfl_generated,dfl_evaluation_02,0.0023659924045205116,1,PCC,B,2.6387016773223877,0.0,9.587105296304799e-07,0.3179371654987335,1.1578054428100586,34.72425079345703,0.30938324332237244
dfl_generated,dfl_evaluation_02,0.0023659924045205116,1,PCC,C,2.6379761695861816,0.0,0.0,0.3179371654987335,1.1578054428100586,34.72425079345703,0.30938324332237244
dfl_generated,dfl_evaluation_02,0.0023659924045205116,2,PCC,A,2.5001585483551025,0.0,0.0,0.2232462614774704,1.15648353099823,34.72425079345703,0.3017745316028595
dfl_generated,dfl_evaluation_02,0.0023659924045205116,2,PCC,B,2.4989819526672363,0.0,1.4255252835937426e-06,0.2232462614774704,1.15648353099823,34.72425079345703,0.3017745316028595
dfl_generated,dfl_evaluation_02,0.0023659924045205116,2,PCC,C,2.5003936290740967,0.0,0.0,0.2232462614774704,1.15648353099823,34.72425079345703,0.3017745316028595
dfl_generated,dfl_evaluation_02,0.0023659924045205116,3,PCC,A,2.5557334423065186,0.0,0.0,0.2633455991744995,1.155642032623291,34.72425079345703,0.29734864830970764
dfl_generated,dfl_evaluation_02,0.0023659924045205116,3,PCC,B,2.554762601852417,0.0,0.0,0.2633455991744995,1.155642032623291,34.72425079345703,0.29734864830970764
dfl_generated,dfl_evaluation_02,0.0023659924045205116,3,PCC,C,2.55539608001709,0.0,0.0,0.2633455991744995,1.155642032623291,34.72425079345703,0.29734864830970764
dfl_generated,dfl_evaluation_02,0.0023659924045205116,4,PCC,A,2.6176178455352783,0.0,0.0,0.3060445785522461,1.1550946235656738,34.72425079345703,0.3071102201938629
dfl_generated,dfl_evaluation_02,0.0023659924045205116,4,PCC,B,2.6186676025390625,0.0,5.564600087382132e-07,0.3060445785522461,1.1550946235656738,34.72425079345703,0.3071102201938629
dfl_generated,dfl_evaluation_02,0.0023659924045205116,4,PCC,C,2.6173014640808105,0.0,0.0,0.3060445785522461,1.1550946235656738,34.72425079345703,0.3071102201938629
dfl_generated,dfl_evaluation_02,0.0023659924045205116,5,PCC,A,2.588014602661133,0.0,0.0014862611424177885,0.2850128710269928,1.1560359001159668,34.72425079345703,0.29625028371810913
dfl_generated,dfl_evaluation_02,0.0023659924045205116,5,PCC,B,2.5870893001556396,0.0,0.0018515771953389049,0.2850128710269928,1.1560359001159668,34.72425079345703,0.29625028371810913
dfl_generated,dfl_evaluation_02,0.0023659924045205116,5,PCC,C,2.5872931480407715,0.0,0.0013705320889130235,0.2850128710269928,1.1560359001159668,34.72425079345703,0.29625028371810913
dfl_generated,dfl_evaluation_02,0.0023659924045205116,6,PCC,A,2.777158498764038,0.0,0.034876737743616104,0.4131304621696472,1.1585901975631714,53.24800109863281,0.2862014174461365
dfl_generated,dfl_evaluation_02,0.0023659924045205116,6,PCC,B,2.7793936729431152,0.0,0.031212566420435905,0.4131304621696472,1.1585901975631714,53.24800109863281,0.2862014174461365
dfl_generated,dfl_evaluation_02,0.0023659924045205116,6,PCC,C,2.7794973850250244,0.0,0.032570838928222656,0.4131304621696472,1.1585901975631714,53.24800109863281,0.2862014174461365
dfl_generated,dfl_evaluation_02,0.0023659924045205116,7,PCC,A,3.0500690937042236,0.0,0.1986117959022522,0.5887197852134705,1.1660252809524536,53.24800109863281,0.27141398191452026
dfl_generated,dfl_evaluation_02,0.0023659924045205116,7,PCC,B,3.042870283126831,0.0,0.1890835464000702,0.5887197852134705,1.1660252809524536,53.24800109863281,0.27141398191452026
dfl_generated,dfl_evaluation_02,0.0023659924045205116,7,PCC,C,3.0463385581970215,0.0,0.19235897064208984,0.5887197852134705,1.1660252809524536,53.24800109863281,0.27141398191452026
dfl_generated,dfl_evaluation_02,0.0023659924045205116,8,PCC,A,2.8133950233459473,0.0,0.44074615836143494,0.41616514325141907,1.1710491180419922,53.24800109863281,0.2535663843154907
dfl_generated,dfl_evaluation_02,0.0023659924045205116,8,PCC,B,2.8117942810058594,0.0,0.43417927622795105,0.41616514325141907,1.1710491180419922,53.24800109863281,0.2535663843154907
dfl_generated,dfl_evaluation_02,0.0023659924045205116,8,PCC,C,2.8084499835968018,0.0,0.4452913999557495,0.41616514325141907,1.1710491180419922,53.24800109863281,0.2535663843154907
dfl_generated,dfl_evaluation_02,0.0023659924045205116,9,PCC,A,2.9715235233306885,0.0,0.6797499656677246,0.5137431621551514,1.1802148818969727,53.24800109863281,0.21262706816196442
dfl_generated,dfl_evaluation_02,0.0023659924045205116,9,PCC,B,2.971440076828003,0.0,0.70281982421875,0.5137431621551514,1.1802148818969727,53.24800109863281,0.21262706816196442
dfl_generated,dfl_evaluation_02,0.0023659924045205116,9,PCC,C,2.963932991027832,0.0,0.6986768841743469,0.5137431621551514,1.1802148818969727,53.24800109863281,0.21262706816196442
dfl_generated,dfl_evaluation_02,0.0023659924045205116,10,PCC,A,2.764390468597412,0.0,0.8348010778427124,0.3643687963485718,1.181239128112793,53.24800109863281,0.2632961869239807
dfl_generated,dfl_evaluation_02,0.0023659924045205116,10,PCC,B,2.756206512451172,0.0,0.8452850580215454,0.3643687963485718,1.181239128112793,53.24800109863281,0.2632961869239807
dfl_generated,dfl_evaluation_02,0.0023659924045205116,10,PCC,C,2.7577505111694336,0.0,0.8112713694572449,0.3643687963485718,1.181239128112793,53.24800109863281,0.2632961869239807
dfl_generated,dfl_evaluation_02,0.0023659924045205116,11,PCC,A,2.760941743850708,0.0,0.9254211783409119,0.36136627197265625,1.187307596206665,53.24800109863281,0.2774887681007385
dfl_generated,dfl_evaluation_02,0.0023659924045205116,11,PCC,B,2.7597522735595703,0.0,0.9040959477424622,0.36136627197265625,1.187307596206665,53.24800109863281,0.2774887681007385
dfl_generated,dfl_evaluation_02,0.0023659924045205116,11,PCC,C,2.7541277408599854,0.0,0.9035288095474243,0.36136627197265625,1.187307596206665,53.24800109863281,0.2774887681007385
dfl_generated,dfl_evaluation_02,0.0023659924045205116,12,PCC,A,3.0340793132781982,0.0,0.9096530675888062,0.5383059978485107,1.190934181213379,53.24800109863281,0.27845498919487
dfl_generated,dfl_evaluation_02,0.0023659924045205116,12,PCC,B,3.0306882858276367,0.0,0.9427193999290466,0.5383059978485107,1.190934181213379,53.24800109863281,0.27845498919487
dfl_generated,dfl_evaluation_02,0.0023659924045205116,12,PCC,C,3.0314624309539795,0.0,0.9366203546524048,0.5383059978485107,1.190934181213379,53.24800109863281,0.27845498919487
dfl_generated,dfl_evaluation_02,0.0023659924045205116,13,PCC,A,3.13118314743042,0.0,0.9181773662567139,0.6031783223152161,1.1947803497314453,53.24800109863281,0.2766306400299072
dfl_generated,dfl_evaluation_02,0.0023659924045205116,13,PCC,B,3.123958110809326,0.0,0.9181749224662781,0.6031783223152161,1.1947803497314453,53.24800109863281,0.2766306400299072
dfl_generated,dfl_evaluation_02,0.0023659924045205116,13,PCC,C,3.1314048767089844,0.0,0.9080094695091248,0.6031783223152161,1.1947803497314453,53.24800109863281,0.2766306400299072
dfl_generated,dfl_evaluation_02,0.0023659924045205116,14,PCC,A,3.2218170166015625,0.0,0.8268634676933289,0.6654155254364014,1.1932226419448853,53.24800109863281,0.2752724587917328
dfl_generated,dfl_evaluation_02,0.0023659924045205116,14,PCC,B,3.219196081161499,0.0,0.8180835843086243,0.6654155254364014,1.1932226419448853,53.24800109863281,0.2752724587917328
dfl_generated,dfl_evaluation_02,0.0023659924045205116,14,PCC,C,3.225200891494751,0.0,0.783901035785675,0.6654155254364014,1.1932226419448853,53.24800109863281,0.2752724587917328
dfl_generated,dfl_evaluation_02,0.0023659924045205116,15,PCC,A,3.009270191192627,0.0,0.6425079107284546,0.5210045576095581,1.1854757070541382,53.24800109863281,0.26652589440345764
dfl_generated,dfl_evaluation_02,0.0023659924045205116,15,PCC,B,2.9987637996673584,0.0,0.6522172689437866,0.5210045576095581,1.1854757070541382,53.24800109863281,0.26652589440345764
dfl_generated,dfl_evaluation_02,0.0023659924045205116,15,PCC,C,2.9993789196014404,0.0,0.6314789652824402,0.5210045576095581,1.1854757070541382,53.24800109863281,0.26652589440345764
dfl_generated,dfl_evaluation_02,0.0023659924045205116,16,PCC,A,3.059133768081665,0.0,0.40240493416786194,0.5631123185157776,1.1834570169448853,53.24800109863281,0.2750810384750366
dfl_generated,dfl_evaluation_02,0.0023659924045205116,16,PCC,B,3.059979200363159,0.0,0.42213529348373413,0.5631123185157776,1.1834570169448853,53.24800109863281,0.2750810384750366
dfl_generated,dfl_evaluation_02,0.0023659924045205116,16,PCC,C,3.0562963485717773,0.0,0.4134008288383484,0.5631123185157776,1.1834570169448853,53.24800109863281,0.2750810384750366
dfl_generated,dfl_evaluation_02,0.0023659924045205116,17,PCC,A,2.980668544769287,0.0,0.17095178365707397,0.5185338854789734,1.1795765161514282,53.24800109863281,0.2765534520149231
dfl_generated,dfl_evaluation_02,0.0023659924045205116,17,PCC,B,2.967771530151367,0.0,0.16215021908283234,0.5185338854789734,1.1795765161514282,53.24800109863281,0.2765534520149231
dfl_generated,dfl_evaluation_02,0.0023659924045205116,17,PCC,C,2.9808290004730225,0.0,0.1546011120080948,0.5185338854789734,1.1795765161514282,53.24800109863281,0.2765534520149231
dfl_generated,dfl_evaluation_02,0.0023659924045205116,18,PCC,A,2.940960645675659,0.0,0.028837529942393303,0.501911997795105,1.171181559562683,121.88175201416016,0.285736620426178
dfl_generated,dfl_evaluation_02,0.0023659924045205116,18,PCC,B,2.9399094581604004,0.0,0.034754615277051926,0.501911997795105,1.171181559562683,121.88175201416016,0.285736620426178
dfl_generated,dfl_evaluation_02,0.0023659924045205116,18,PCC,C,2.93710994720459,0.0,0.034164831042289734,0.501911997795105,1.171181559562683,121.88175201416016,0.285736620426178
dfl_generated,dfl_evaluation_02,0.0023659924045205116,19,PCC,A,3.024751901626587,0.0,0.0014040061505511403,0.5692486763000488,1.1646682024002075,121.88175201416016,0.2854035794734955
dfl_generated,dfl_evaluation_02,0.0023659924045205116,19,PCC,B,3.0206458568573,0.0,0.0011192032834514976,0.5692486763000488,1.1646682024002075,121.88175201416016,0.2854035794734955
dfl_generated,dfl_evaluation_02,0.0023659924045205116,19,PCC,C,3.025240659713745,0.0,0.0012103300541639328,0.5692486763000488,1.1646682024002075,121.88175201416016,0.2854035794734955
dfl_generated,dfl_evaluation_02,0.0023659924045205116,20,PCC,A,2.853536367416382,0.0,0.0,0.458400696516037,1.164233684539795,121.88175201416016,0.2906772196292877
dfl_generated,dfl_evaluation_02,0.0023659924045205116,20,PCC,B,2.8602969646453857,0.0,0.0,0.458400696516037,1.164233684539795,121.88175201416016,0.2906772196292877
dfl_generated,dfl_evaluation_02,0.0023659924045205116,20,PCC,C,2.855653762817383,0.0,0.0,0.458400696516037,1.164233684539795,121.88175201416016,0.2906772196292877
dfl_generated,dfl_evaluation_02,0.0023659924045205116,21,PCC,A,2.7682108879089355,0.0,3.2741941140557174e-06,0.39928483963012695,1.1619142293930054,53.24800109863281,0.30038294196128845
dfl_generated,dfl_evaluation_02,0.0023659924045205116,21,PCC,B,2.7678720951080322,0.0,0.0,0.39928483963012695,1.1619142293930054,53.24800109863281,0.30038294196128845
dfl_generated,dfl_evaluation_02,0.0023659924045205116,21,PCC,C,2.765501022338867,0.0,0.0,0.39928483963012695,1.1619142293930054,53.24800109863281,0.30038294196128845
dfl_generated,dfl_evaluation_02,0.0023659924045205116,22,PCC,A,2.7110867500305176,0.0,1.4588914609703352e-06,0.3637107312679291,1.159925103187561,53.24800109863281,0.30271556973457336
dfl_generated,dfl_evaluation_02,0.0023659924045205116,22,PCC,B,2.713202476501465,0.0,0.0,0.3637107312679291,1.159925103187561,53.24800109863281,0.30271556973457336
dfl_generated,dfl_evaluation_02,0.0023659924045205116,22,PCC,C,2.7121760845184326,0.0,9.608421578377602e-07,0.3637107312679291,1.159925103187561,53.24800109863281,0.30271556973457336
dfl_generated,dfl_evaluation_02,0.0023659924045205116,23,PCC,A,2.6831188201904297,0.0,2.24468067244743e-06,0.34759950637817383,1.1594027280807495,53.24800109863281,0.3019064664840698
dfl_generated,dfl_evaluation_02,0.0023659924045205116,23,PCC,B,2.684919834136963,0.0,1.5745032442282536e-06,0.34759950637817383,1.1594027280807495,53.24800109863281,0.3019064664840698
dfl_generated,dfl_evaluation_02,0.0023659924045205116,23,PCC,C,2.6865203380584717,0.0,1.9964127204730175e-06,0.34759950637817383,1.1594027280807495,53.24800109863281,0.3019064664840698
dfl_generated,dfl_evaluation_02,0.0023659924045205116,24,PCC,A,2.6047956943511963,0.0,4.017523679067381e-06,0.29431068897247314,1.1573631763458252,53.24800109863281,0.2973024845123291
dfl_generated,dfl_evaluation_02,0.0023659924045205116,24,PCC,B,2.6052846908569336,0.0,0.0,0.29431068897247314,1.1573631763458252,53.24800109863281,0.2973024845123291
dfl_generated,dfl_evaluation_02,0.0023659924045205116,24,PCC,C,2.6050846576690674,0.0,0.0,0.29431068897247314,1.1573631763458252,53.24800109863281,0.2973024845123291
dfl_generated,dfl_evaluation_02,0.0023659924045205116,25,PCC,A,2.638150215148926,0.0,0.0,0.3179371654987335,1.1565641164779663,34.72425079345703,0.3055783212184906
dfl_generated,dfl_evaluation_02,0.0023659924045205116,25,PCC,B,2.6369471549987793,0.0,3.4711899843387073e-06,0.3179371654987335,1.1565641164779663,34.72425079345703,0.3055783212184906
dfl_generated,dfl_evaluation_02,0.0023659924045205116,25,PCC,C,2.6379928588867188,0.0,2.966001488857728e-08,0.3179371654987335,1.1565641164779663,34.72425079345703,0.3055783212184906
dfl_generated,dfl_evaluation_02,0.0023659924045205116,26,PCC,A,2.500746250152588,0.0,0.0,0.2232462614774704,1.1563963890075684,34.72425079345703,0.2919127345085144
dfl_generated,dfl_evaluation_02,0.0023659924045205116,26,PCC,B,2.4987003803253174,0.0,2.5444298898946727e-06,0.2232462614774704,1.1563963890075684,34.72425079345703,0.2919127345085144
dfl_generated,dfl_evaluation_02,0.0023659924045205116,26,PCC,C,2.4995510578155518,0.0,0.0,0.2232462614774704,1.1563963890075684,34.72425079345703,0.2919127345085144
dfl_generated,dfl_evaluation_02,0.0023659924045205116,27,PCC,A,2.5554816722869873,0.0,0.0,0.2633455991744995,1.1551941633224487,34.72425079345703,0.30553317070007324
dfl_generated,dfl_evaluation_02,0.0023659924045205116,27,PCC,B,2.5553672313690186,0.0,0.0,0.2633455991744995,1.1551941633224487,34.72425079345703,0.30553317070007324
dfl_generated,dfl_evaluation_02,0.0023659924045205116,27,PCC,C,2.5563952922821045,0.0,0.0,0.2633455991744995,1.1551941633224487,34.72425079345703,0.30553317070007324
dfl_generated,dfl_evaluation_02,0.0023659924045205116,28,PCC,A,2.616211414337158,0.0,0.0,0.3060445785522461,1.1544255018234253,34.72425079345703,0.309804230928421
dfl_generated,dfl_evaluation_02,0.0023659924045205116,28,PCC,B,2.617710590362549,0.0,0.0,0.3060445785522461,1.1544255018234253,34.72425079345703,0.309804230928421
dfl_generated,dfl_evaluation_02,0.0023659924045205116,28,PCC,C,2.617288827896118,0.0,2.4482483240717556e-06,0.3060445785522461,1.1544255018234253,34.72425079345703,0.309804230928421
dfl_generated,dfl_evaluation_02,0.0023659924045205116,29,PCC,A,2.5887880325317383,0.0,0.0011582081206142902,0.2850128710269928,1.1546704769134521,34.72425079345703,0.29908648133277893
dfl_generated,dfl_evaluation_02,0.0023659924045205116,29,PCC,B,2.587580680847168,0.0,0.0018699439242482185,0.2850128710269928,1.1546704769134521,34.72425079345703,0.29908648133277893
dfl_generated,dfl_evaluation_02,0.0023659924045205116,29,PCC,C,2.5886433124542236,0.0,0.001538027892820537,0.2850128710269928,1.1546704769134521,34.72425079345703,0.29908648133277893
dfl_generated,dfl_evaluation_02,0.0023659924045205116,30,PCC,A,2.7786712646484375,0.0,0.03588120639324188,0.4131304621696472,1.158247470855713,53.24800109863281,0.28521907329559326
dfl_generated,dfl_evaluation_02,0.0023659924045205116,30,PCC,B,2.7786288261413574,0.0,0.03450259566307068,0.4131304621696472,1.158247470855713,53.24800109863281,0.28521907329559326
dfl_generated,dfl_evaluation_02,0.0023659924045205116,30,PCC,C,2.777331829071045,0.0,0.03282969817519188,0.4131304621696472,1.158247470855713,53.24800109863281,0.28521907329559326
dfl_generated,dfl_evaluation_02,0.0023659924045205116,31,PCC,A,3.0478363037109375,0.0,0.16044417023658752,0.5887197852134705,1.163440465927124,53.24800109863281,0.2607392966747284
dfl_generated,dfl_evaluation_02,0.0023659924045205116,31,PCC,B,3.0469765663146973,0.0,0.15503638982772827,0.5887197852134705,1.163440465927124,53.24800109863281,0.2607392966747284
dfl_generated,dfl_evaluation_02,0.0023659924045205116,31,PCC,C,3.042370557785034,0.0,0.16156424582004547,0.5887197852134705,1.163440465927124,53.24800109863281,0.2607392966747284
dfl_generated,dfl_evaluation_02,0.0023659924045205116,32,PCC,A,2.8091824054718018,0.0,0.41861674189567566,0.41616514325141907,1.1715744733810425,53.24800109863281,0.2565058469772339
dfl_generated,dfl_evaluation_02,0.0023659924045205116,32,PCC,B,2.8106300830841064,0.0,0.413071870803833,0.41616514325141907,1.1715744733810425,53.24800109863281,0.2565058469772339
dfl_generated,dfl_evaluation_02,0.0023659924045205116,32,PCC,C,2.8076331615448,0.0,0.4273158013820648,0.41616514325141907,1.1715744733810425,53.24800109863281,0.2565058469772339
dfl_generated,dfl_evaluation_02,0.0023659924045205116,33,PCC,A,2.9670281410217285,0.0,0.5908070206642151,0.5137431621551514,1.1772925853729248,53.24800109863281,0.25486886501312256
dfl_generated,dfl_evaluation_02,0.0023659924045205116,33,PCC,B,2.9701991081237793,0.0,0.5800085067749023,0.5137431621551514,1.1772925853729248,53.24800109863281,0.25486886501312256
dfl_generated,dfl_evaluation_02,0.0023659924045205116,33,PCC,C,2.973076581954956,0.0,0.6084266901016235,0.5137431621551514,1.1772925853729248,53.24800109863281,0.25486886501312256
dfl_generated,dfl_evaluation_02,0.0023659924045205116,34,PCC,A,2.7561733722686768,0.0,0.8243104815483093,0.3643687963485718,1.1834392547607422,53.24800109863281,0.2619980573654175
dfl_generated,dfl_evaluation_02,0.0023659924045205116,34,PCC,B,2.7632696628570557,0.0,0.8142955303192139,0.3643687963485718,1.1834392547607422,53.24800109863281,0.2619980573654175
dfl_generated,dfl_evaluation_02,0.0023659924045205116,34,PCC,C,2.7600159645080566,0.0,0.824086606502533,0.3643687963485718,1.1834392547607422,53.24800109863281,0.2619980573654175
dfl_generated,dfl_evaluation_02,0.0023659924045205116,35,PCC,A,2.7595012187957764,0.0,0.919712483882904,0.36136627197265625,1.183440923690796,53.24800109863281,0.2739469110965729
dfl_generated,dfl_evaluation_02,0.0023659924045205116,35,PCC,B,2.7577946186065674,0.0,0.9398232698440552,0.36136627197265625,1.183440923690796,53.24800109863281,0.2739469110965729
dfl_generated,dfl_evaluation_02,0.0023659924045205116,35,PCC,C,2.765915870666504,0.0,0.9156633615493774,0.36136627197265625,1.183440923690796,53.24800109863281,0.2739469110965729
dfl_generated,dfl_evaluation_02,0.0023659924045205116,36,PCC,A,3.0301566123962402,0.0,0.9681037068367004,0.5383059978485107,1.1878762245178223,53.24800109863281,0.2849504351615906
dfl_generated,dfl_evaluation_02,0.0023659924045205116,36,PCC,B,3.0288922786712646,0.0,0.9567921161651611,0.5383059978485107,1.1878762245178223,53.24800109863281,0.2849504351615906
dfl_generated,dfl_evaluation_02,0.0023659924045205116,36,PCC,C,3.0420613288879395,0.0,0.960344672203064,0.5383059978485107,1.1878762245178223,53.24800109863281,0.2849504351615906
dfl_generated,dfl_evaluation_02,0.0023659924045205116,37,PCC,A,3.13106632232666,0.0,0.9133155941963196,0.6031783223152161,1.1896387338638306,53.24800109863281,0.2803562879562378
dfl_generated,dfl_evaluation_02,0.0023659924045205116,37,PCC,B,3.128629684448242,0.0,0.8970870971679688,0.6031783223152161,1.1896387338638306,53.24800109863281,0.2803562879562378
dfl_generated,dfl_evaluation_02,0.0023659924045205116,37,PCC,C,3.1313700675964355,0.0,0.9118161797523499,0.6031783223152161,1.1896387338638306,53.24800109863281,0.2803562879562378
dfl_generated,dfl_evaluation_02,0.0023659924045205116,38,PCC,A,3.2273612022399902,0.0,0.848444402217865,0.6654155254364014,1.1882517337799072,53.24800109863281,0.27709123492240906
dfl_generated,dfl_evaluation_02,0.0023659924045205116,38,PCC,B,3.2196125984191895,0.0,0.7999063730239868,0.6654155254364014,1.1882517337799072,53.24800109863281,0.27709123492240906
dfl_generated,dfl_evaluation_02,0.0023659924045205116,38,PCC,C,3.21651554107666,0.0,0.8088811635971069,0.6654155254364014,1.1882517337799072,53.24800109863281,0.27709123492240906
dfl_generated,dfl_evaluation_02,0.0023659924045205116,39,PCC,A,2.9934887886047363,0.0,0.6538422703742981,0.5210045576095581,1.1881839036941528,53.24800109863281,0.27323272824287415
dfl_generated,dfl_evaluation_02,0.0023659924045205116,39,PCC,B,2.9995315074920654,0.0,0.6387234330177307,0.5210045576095581,1.1881839036941528,53.24800109863281,0.27323272824287415
dfl_generated,dfl_evaluation_02,0.0023659924045205116,39,PCC,C,3.0015082359313965,0.0,0.6513859629631042,0.5210045576095581,1.1881839036941528,53.24800109863281,0.27323272824287415
dfl_generated,dfl_evaluation_02,0.0023659924045205116,40,PCC,A,3.055194854736328,0.0,0.420594185590744,0.5631123185157776,1.179474115371704,53.24800109863281,0.28003162145614624
dfl_generated,dfl_evaluation_02,0.0023659924045205116,40,PCC,B,3.0604195594787598,0.0,0.4194636642932892,0.5631123185157776,1.179474115371704,53.24800109863281,0.28003162145614624
dfl_generated,dfl_evaluation_02,0.0023659924045205116,40,PCC,C,3.059877872467041,0.0,0.4083385169506073,0.5631123185157776,1.179474115371704,53.24800109863281,0.28003162145614624
dfl_generated,dfl_evaluation_02,0.0023659924045205116,41,PCC,A,2.9761979579925537,0.0,0.1563023328781128,0.5185338854789734,1.1771526336669922,53.24800109863281,0.2852923274040222
dfl_generated,dfl_evaluation_02,0.0023659924045205116,41,PCC,B,2.9732840061187744,0.0,0.1629277616739273,0.5185338854789734,1.1771526336669922,53.24800109863281,0.2852923274040222
dfl_generated,dfl_evaluation_02,0.0023659924045205116,41,PCC,C,2.9790592193603516,0.0,0.15604670345783234,0.5185338854789734,1.1771526336669922,53.24800109863281,0.2852923274040222
dfl_generated,dfl_evaluation_02,0.0023659924045205116,42,PCC,A,2.9436328411102295,0.0,0.031800832599401474,0.501911997795105,1.1725047826766968,121.88175201416016,0.28425171971321106
dfl_generated,dfl_evaluation_02,0.0023659924045205116,42,PCC,B,2.941145181655884,0.0,0.02786197140812874,0.501911997795105,1.1725047826766968,121.88175201416016,0.28425171971321106
dfl_generated,dfl_evaluation_02,0.0023659924045205116,42,PCC,C,2.9423301219940186,0.0,0.03413840010762215,0.501911997795105,1.1725047826766968,121.88175201416016,0.28425171971321106
dfl_generated,dfl_evaluation_02,0.0023659924045205116,43,PCC,A,3.033024787902832,0.0,0.0016341619193553925,0.5692486763000488,1.1657322645187378,121.88175201416016,0.28441715240478516
dfl_generated,dfl_evaluation_02,0.0023659924045205116,43,PCC,B,3.0332353115081787,0.0,0.001241138088516891,0.5692486763000488,1.1657322645187378,121.88175201416016,0.28441715240478516
dfl_generated,dfl_evaluation_02,0.0023659924045205116,43,PCC,C,3.0259807109832764,0.0,0.0016239647520706058,0.5692486763000488,1.1657322645187378,121.88175201416016,0.28441715240478516
dfl_generated,dfl_evaluation_02,0.0023659924045205116,44,PCC,A,2.8585612773895264,0.0,0.0,0.458400696516037,1.1633936166763306,121.88175201416016,0.29061341285705566
dfl_generated,dfl_evaluation_02,0.0023659924045205116,44,PCC,B,2.858149766921997,0.0,0.0,0.458400696516037,1.1633936166763306,121.88175201416016,0.29061341285705566
dfl_generated,dfl_evaluation_02,0.0023659924045205116,44,PCC,C,2.8604164123535156,0.0,1.0114335964317434e-06,0.458400696516037,1.1633936166763306,121.88175201416016,0.29061341285705566
dfl_generated,dfl_evaluation_02,0.0023659924045205116,45,PCC,A,2.769141912460327,0.0,1.3760939054918708e-06,0.39928483963012695,1.1597222089767456,53.24800109863281,0.3001898229122162
dfl_generated,dfl_evaluation_02,0.0023659924045205116,45,PCC,B,2.769014835357666,0.0,0.0,0.39928483963012695,1.1597222089767456,53.24800109863281,0.3001898229122162
dfl_generated,dfl_evaluation_02,0.0023659924045205116,45,PCC,C,2.76639461517334,0.0,0.0,0.39928483963012695,1.1597222089767456,53.24800109863281,0.3001898229122162
dfl_generated,dfl_evaluation_02,0.0023659924045205116,46,PCC,A,2.714219808578491,0.0,0.0,0.3637107312679291,1.1606571674346924,53.24800109863281,0.3056415617465973
dfl_generated,dfl_evaluation_02,0.0023659924045205116,46,PCC,B,2.709153890609741,0.0,2.24168479689979e-06,0.3637107312679291,1.1606571674346924,53.24800109863281,0.3056415617465973
dfl_generated,dfl_evaluation_02,0.0023659924045205116,46,PCC,C,2.7124195098876953,0.0,0.0,0.3637107312679291,1.1606571674346924,53.24800109863281,0.3056415617465973
dfl_generated,dfl_evaluation_02,0.0023659924045205116,47,PCC,A,2.6847517490386963,0.0,0.0,0.34759950637817383,1.1601487398147583,53.24800109863281,0.30251187086105347
dfl_generated,dfl_evaluation_02,0.0023659924045205116,47,PCC,B,2.682827949523926,0.0,0.0,0.34759950637817383,1.1601487398147583,53.24800109863281,0.30251187086105347
dfl_generated,dfl_evaluation_02,0.0023659924045205116,47,PCC,C,2.6828489303588867,0.0,0.0,0.34759950637817383,1.1601487398147583,53.24800109863281,0.30251187086105347
dfl_generated,dfl_evaluation_03,0.19858039915561676,0,PCC,A,2.600184679031372,0.0,4.592850928020198e-06,0.29431068897247314,1.1539126634597778,53.24800109863281,0.28740277886390686
dfl_generated,dfl_evaluation_03,0.19858039915561676,0,PCC,B,2.5986216068267822,0.0,4.29321971751051e-06,0.29431068897247314,1.1539126634597778,53.24800109863281,0.28740277886390686
dfl_generated,dfl_evaluation_03,0.19858039915561676,0,PCC,C,2.597597360610962,0.0,0.0,0.29431068897247314,1.1539126634597778,53.24800109863281,0.28740277886390686
dfl_generated,dfl_evaluation_03,0.19858039915561676,1,PCC,A,2.630004644393921,0.0,0.0,0.3179371654987335,1.1539524793624878,53.24800109863281,0.2894039452075958
dfl_generated,dfl_evaluation_03,0.19858039915561676,1,PCC,B,2.6318111419677734,0.0,1.2968055216333596e-06,0.3179371654987335,1.1539524793624878,53.24800109863281,0.2894039452075958
dfl_generated,dfl_evaluation_03,0.19858039915561676,1,PCC,C,2.629683494567871,0.0,0.0,0.3179371654987335,1.1539524793624878,53.24800109863281,0.2894039452075958
dfl_generated,dfl_evaluation_03,0.19858039915561676,2,PCC,A,2.494107961654663,0.0,0.0,0.2232462614774704,1.153455376625061,53.24800109863281,0.3106823265552521
dfl_generated,dfl_evaluation_03,0.19858039915561676,2,PCC,B,2.492975950241089,0.0,2.3435241303104704e-08,0.2232462614774704,1.153455376625061,53.24800109863281,0.3106823265552521
dfl_generated,dfl_evaluation_03,0.19858039915561676,2,PCC,C,2.4933009147644043,0.0,0.0,0.2232462614774704,1.153455376625061,53.24800109863281,0.3106823265552521
dfl_generated,dfl_evaluation_03,0.19858039915561676,3,PCC,A,2.551295280456543,0.0,0.0,0.2633455991744995,1.1526144742965698,53.24800109863281,0.3021351993083954
dfl_generated,dfl_evaluation_03,0.19858039915561676,3,PCC,B,2.549999237060547,0.0,0.0,0.2633455991744995,1.1526144742965698,53.24800109863281,0.3021351993083954
dfl_generated,dfl_evaluation_03,0.19858039915561676,3,PCC,C,2.5500402450561523,0.0,0.0,0.2633455991744995,1.1526144742965698,53.24800109863281,0.3021351993083954
dfl_generated,dfl_evaluation_03,0.19858039915561676,4,PCC,A,2.611821174621582,0.0,3.287061872470076e-06,0.3060445785522461,1.1525756120681763,53.24800109863281,0.2866843342781067
dfl_generated,dfl_evaluation_03,0.19858039915561676,4,PCC,B,2.610158920288086,0.0,7.885393642936833e-06,0.3060445785522461,1.1525756120681763,53.24800109863281,0.2866843342781067
dfl_generated,dfl_evaluation_03,0.19858039915561676,4,PCC,C,2.6108322143554688,0.0,1.1075125257775653e-05,0.3060445785522461,1.1525756120681763,53.24800109863281,0.2866843342781067
dfl_generated,dfl_evaluation_03,0.19858039915561676,5,PCC,A,2.5821146965026855,0.0,0.0007965850527398288,0.2850128710269928,1.152635097503662,53.24800109863281,0.2762501537799835
dfl_generated,dfl_evaluation_03,0.19858039915561676,5,PCC,B,2.581683397293091,0.0,0.0010294915409758687,0.2850128710269928,1.152635097503662,53.24800109863281,0.2762501537799835
dfl_generated,dfl_evaluation_03,0.19858039915561676,5,PCC,C,2.5824201107025146,0.0,0.0008827417623251677,0.2850128710269928,1.152635097503662,53.24800109863281,0.2762501537799835
dfl_generated,dfl_evaluation_03,0.19858039915561676,6,PCC,A,2.770444631576538,0.0,0.0233708918094635,0.4131304621696472,1.154837965965271,53.24800109863281,0.2648760676383972
dfl_generated,dfl_evaluation_03,0.19858039915561676,6,PCC,B,2.7684504985809326,0.0,0.024409040808677673,0.4131304621696472,1.154837965965271,53.24800109863281,0.2648760676383972
dfl_generated,dfl_evaluation_03,0.19858039915561676,6,PCC,C,2.769412040710449,0.0,0.027863705530762672,0.4131304621696472,1.154837965965271,53.24800109863281,0.2648760676383972
dfl_generated,dfl_evaluation_03,0.19858039915561676,7,PCC,A,3.0326027870178223,0.0,0.14101934432983398,0.5887197852134705,1.1574156284332275,53.24800109863281,0.25628137588500977
dfl_generated,dfl_evaluation_03,0.19858039915561676,7,PCC,B,3.034517765045166,0.0,0.16109929978847504,0.5887197852134705,1.1574156284332275,53.24800109863281,0.25628137588500977
dfl_generated,dfl_evaluation_03,0.19858039915561676,7,PCC,C,3.0277903079986572,0.0,0.14497515559196472,0.5887197852134705,1.1574156284332275,53.24800109863281,0.25628137588500977
dfl_generated,dfl_evaluation_03,0.19858039915561676,8,PCC,A,2.7918848991394043,0.0,0.3837229311466217,0.41616514325141907,1.1609004735946655,53.24800109863281,0.25238052010536194
dfl_generated,dfl_evaluation_03,0.19858039915561676,8,PCC,B,2.7881674766540527,0.0,0.392001748085022,0.41616514325141907,1.1609004735946655,53.24800109863281,0.25238052010536194
dfl_generated,dfl_evaluation_03,0.19858039915561676,8,PCC,C,2.7982373237609863,0.0,0.3747115433216095,0.41616514325141907,1.1609004735946655,53.24800109863281,0.25238052010536194
dfl_generated,dfl_evaluation_03,0.19858039915561676,9,PCC,A,2.942392349243164,0.0,0.6417321562767029,0.5137431621551514,1.1661680936813354,53.24800109863281,0.23389385640621185
dfl_generated,dfl_evaluation_03,0.19858039915561676,9,PCC,B,2.9421606063842773,0.0,0.6560339331626892,0.5137431621551514,1.1661680936813354,53.24800109863281,0.23389385640621185
dfl_generated,dfl_evaluation_03,0.19858039915561676,9,PCC,C,2.9464240074157715,0.0,0.6385210752487183,0.5137431621551514,1.1661680936813354,53.24800109863281,0.23389385640621185
dfl_generated,dfl_evaluation_03,0.19858039915561676,10,PCC,A,2.727043390274048,0.0,0.7814065217971802,0.3643687963485718,1.167999505996704,53.24800109863281,0.2551586925983429
dfl_generated,dfl_evaluation_03,0.19858039915561676,10,PCC,B,2.729616641998291,0.0,0.7792938351631165,0.3643687963485718,1.167999505996704,53.24800109863281,0.2551586925983429
dfl_generated,dfl_evaluation_03,0.19858039915561676,10,PCC,C,2.7304136753082275,0.0,0.7634313106536865,0.3643687963485718,1.167999505996704,53.24800109863281,0.2551586925983429
dfl_generated,dfl_evaluation_03,0.19858039915561676,11,PCC,A,2.735117197036743,0.0,0.832196056842804,0.36136627197265625,1.1702320575714111,53.24800109863281,0.2681915760040283
dfl_generated,dfl_evaluation_03,0.19858039915561676,11,PCC,B,2.7383570671081543,0.0,0.8310884237289429,0.36136627197265625,1.1702320575714111,53.24800109863281,0.2681915760040283
dfl_generated,dfl_evaluation_03,0.19858039915561676,11,PCC,C,2.7326102256774902,0.0,0.8390711545944214,0.36136627197265625,1.1702320575714111,53.24800109863281,0.2681915760040283
dfl_generated,dfl_evaluation_03,0.19858039915561676,12,PCC,A,2.994739532470703,0.0,0.9088792204856873,0.5383059978485107,1.177257776260376,53.24800109863281,0.2659458518028259
dfl_generated,dfl_evaluation_03,0.19858039915561676,12,PCC,B,2.999528646469116,0.0,0.8750308752059937,0.5383059978485107,1.177257776260376,53.24800109863281,0.2659458518028259
dfl_generated,dfl_evaluation_03,0.19858039915561676,12,PCC,C,3.007599353790283,0.0,0.8500798940658569,0.5383059978485107,1.177257776260376,53.24800109863281,0.2659458518028259
dfl_generated,dfl_evaluation_03,0.19858039915561676,13,PCC,A,3.092763900756836,0.0,0.8674880862236023,0.6031783223152161,1.1742193698883057,53.24800109863281,0.26850366592407227
dfl_generated,dfl_evaluation_03,0.19858039915561676,13,PCC,B,3.0929465293884277,0.0,0.887197732925415,0.6031783223152161,1.1742193698883057,53.24800109863281,0.26850366592407227
dfl_generated,dfl_evaluation_03,0.19858039915561676,13,PCC,C,3.100914478302002,0.0,0.889057457447052,0.6031783223152161,1.1742193698883057,53.24800109863281,0.26850366592407227
dfl_generated,dfl_evaluation_03,0.19858039915561676,14,PCC,A,3.1813063621520996,0.0,0.7626598477363586,0.6654155254364014,1.1737555265426636,53.24800109863281,0.2668158710002899
dfl_generated,dfl_evaluation_03,0.19858039915561676,14,PCC,B,3.182177782058716,0.0,0.781586229801178,0.6654155254364014,1.1737555265426636,53.24800109863281,0.2668158710002899
dfl_generated,dfl_evaluation_03,0.19858039915561676,14,PCC,C,3.1827564239501953,0.0,0.757578432559967,0.6654155254364014,1.1737555265426636,53.24800109863281,0.2668158710002899
dfl_generated,dfl_evaluation_03,0.19858039915561676,15,PCC,A,2.9697084426879883,0.0,0.6345074772834778,0.5210045576095581,1.1765681505203247,53.24800109863281,0.2572934031486511
dfl_generated,dfl_evaluation_03,0.19858039915561676,15,PCC,B,2.9794557094573975,0.0,0.583986222743988,0.5210045576095581,1.1765681505203247,53.24800109863281,0.2572934031486511
dfl_generated,dfl_evaluation_03,0.19858039915561676,15,PCC,C,2.9758918285369873,0.0,0.622228741645813,0.5210045576095581,1.1765681505203247,53.24800109863281,0.2572934031486511
dfl_generated,dfl_evaluation_03,0.19858039915561676,16,PCC,A,3.02801775932312,0.0,0.382325142621994,0.5631123185157776,1.1708261966705322,53.24800109863281,0.2554125487804413
dfl_generated,dfl_evaluation_03,0.19858039915561676,16,PCC,B,3.025827646255493,0.0,0.3751372694969177,0.5631123185157776,1.1708261966705322,53.24800109863281,0.2554125487804413
dfl_generated,dfl_evaluation_03,0.19858039915561676,16,PCC,C,3.020616292953491,0.0,0.3643141984939575,0.5631123185157776,1.1708261966705322,53.24800109863281,0.2554125487804413
dfl_generated,dfl_evaluation_03,0.19858039915561676,17,PCC,A,2.955430269241333,0.0,0.1234373152256012,0.5185338854789734,1.1670516729354858,53.24800109863281,0.2543567419052124
dfl_generated,dfl_evaluation_03,0.19858039915561676,17,PCC,B,2.957125425338745,0.0,0.1309308409690857,0.5185338854789734,1.1670516729354858,53.24800109863281,0.2543567419052124
dfl_generated,dfl_evaluation_03,0.19858039915561676,17,PCC,C,2.947744607925415,0.0,0.1394345909357071,0.5185338854789734,1.1670516729354858,53.24800109863281,0.2543567419052124
dfl_generated,dfl_evaluation_03,0.19858039915561676,18,PCC,A,2.9185292720794678,0.0,0.023610224947333336,0.501911997795105,1.1642343997955322,53.24800109863281,0.25946488976478577
dfl_generated,dfl_evaluation_03,0.19858039915561676,18,PCC,B,2.915827751159668,0.0,0.02259937673807144,0.501911997795105,1.1642343997955322,53.24800109863281,0.25946488976478577
dfl_generated,dfl_evaluation_03,0.19858039915561676,18,PCC,C,2.9223403930664062,0.0,0.021676329895853996,0.501911997795105,1.1642343997955322,53.24800109863281,0.25946488976478577
dfl_generated,dfl_evaluation_03,0.19858039915561676,19,PCC,A,3.0048201084136963,0.0,0.000469558231998235,0.5692486763000488,1.1593632698059082,53.24800109863281,0.25882354378700256
dfl_generated,dfl_evaluation_03,0.19858039915561676,19,PCC,B,3.0086395740509033,0.0,0.0005701836198568344,0.5692486763000488,1.1593632698059082,53.24800109863281,0.25882354378700256
dfl_generated,dfl_evaluation_03,0.19858039915561676,19,PCC,C,3.0051846504211426,0.0,0.0006710324087180197,0.5692486763000488,1.1593632698059082,53.24800109863281,0.25882354378700256
dfl_generated,dfl_evaluation_03,0.19858039915561676,20,PCC,A,2.8433518409729004,0.0,2.1993607788317604e-06,0.458400696516037,1.1585206985473633,53.24800109863281,0.26777252554893494
dfl_generated,dfl_evaluation_03,0.19858039915561676,20,PCC,B,2.840233087539673,0.0,6.432218469853979e-06,0.458400696516037,1.1585206985473633,53.24800109863281,0.26777252554893494
dfl_generated,dfl_evaluation_03,0.19858039915561676,20,PCC,C,2.849263906478882,0.0,2.845157268893672e-06,0.458400696516037,1.1585206985473633,53.24800109863281,0.26777252554893494
dfl_generated,dfl_evaluation_03,0.19858039915561676,21,PCC,A,2.7536568641662598,0.0,3.1828506052988814e-07,0.39928483963012695,1.1574732065200806,53.24800109863281,0.2777029573917389
dfl_generated,dfl_evaluation_03,0.19858039915561676,21,PCC,B,2.755800485610962,0.0,3.2652644677000353e-06,0.39928483963012695,1.1574732065200806,53.24800109863281,0.2777029573917389
dfl_generated,dfl_evaluation_03,0.19858039915561676,21,PCC,C,2.7542293071746826,0.0,3.7564429931080667e-06,0.39928483963012695,1.1574732065200806,53.24800109863281,0.2777029573917389
dfl_generated,dfl_evaluation_03,0.19858039915561676,22,PCC,A,2.7008092403411865,0.0,0.0,0.3637107312679291,1.156265377998352,53.24800109863281,0.2831170856952667
dfl_generated,dfl_evaluation_03,0.19858039915561676,22,PCC,B,2.6994423866271973,0.0,0.0,0.3637107312679291,1.156265377998352,53.24800109863281,0.2831170856952667
dfl_generated,dfl_evaluation_03,0.19858039915561676,22,PCC,C,2.7000973224639893,0.0,2.5832457595242886e-06,0.3637107312679291,1.156265377998352,53.24800109863281,0.2831170856952667
dfl_generated,dfl_evaluation_03,0.19858039915561676,23,PCC,A,2.6769521236419678,0.0,4.869857093581231e-06,0.34759950637817383,1.1538947820663452,53.24800109863281,0.28990891575813293
dfl_generated,dfl_evaluation_03,0.19858039915561676,23,PCC,B,2.6771109104156494,0.0,0.0,0.34759950637817383,1.1538947820663452,53.24800109863281,0.28990891575813293
dfl_generated,dfl_evaluation_03,0.19858039915561676,23,PCC,C,2.6776864528656006,0.0,1.1673474773488124e-06,0.34759950637817383,1.1538947820663452,53.24800109863281,0.28990891575813293
dfl_generated,dfl_evaluation_03,0.19858039915561676,24,PCC,A,2.5963666439056396,0.0,4.723018420804692e-08,0.29431068897247314,1.1545604467391968,53.24800109863281,0.29944321513175964
dfl_generated,dfl_evaluation_03,0.19858039915561676,24,PCC,B,2.5961248874664307,0.0,0.0,0.29431068897247314,1.1545604467391968,53.24800109863281,0.29944321513175964
dfl_generated,dfl_evaluation_03,0.19858039915561676,24,PCC,C,2.5976014137268066,0.0,7.939210036056465e-07,0.29431068897247314,1.1545604467391968,53.24800109863281,0.29944321513175964
dfl_generated,dfl_evaluation_03,0.19858039915561676,25,PCC,A,2.631533622741699,0.0,0.0,0.3179371654987335,1.153443694114685,53.24800109863281,0.29025542736053467
dfl_generated,dfl_evaluation_03,0.19858039915561676,25,PCC,B,2.630646228790283,0.0,0.0,0.3179371654987335,1.153443694114685,53.24800109863281,0.29025542736053467
dfl_generated,dfl_evaluation_03,0.19858039915561676,25,PCC,C,2.6311652660369873,0.0,1.5639360526620294e-06,0.3179371654987335,1.153443694114685,53.24800109863281,0.29025542736053467
dfl_generated,dfl_evaluation_03,0.19858039915561676,26,PCC,A,2.4941816329956055,0.0,3.988815933553269e-06,0.2232462614774704,1.1537234783172607,53.24800109863281,0.29478660225868225
dfl_generated,dfl_evaluation_03,0.19858039915561676,26,PCC,B,2.493251323699951,0.0,1.7902508488987223e-06,0.2232462614774704,1.1537234783172607,53.24800109863281,0.29478660225868225
dfl_generated,dfl_evaluation_03,0.19858039915561676,26,PCC,C,2.4920034408569336,0.0,8.628215368844394e-07,0.2232462614774704,1.1537234783172607,53.24800109863281,0.29478660225868225
dfl_generated,dfl_evaluation_03,0.19858039915561676,27,PCC,A,2.5497655868530273,0.0,0.0,0.2633455991744995,1.153199315071106,53.24800109863281,0.30079540610313416
dfl_generated,dfl_evaluation_03,0.19858039915561676,27,PCC,B,2.550952434539795,0.0,0.0,0.2633455991744995,1.153199315071106,53.24800109863281,0.30079540610313416
dfl_generated,dfl_evaluation_03,0.19858039915561676,27,PCC,C,2.5506327152252197,0.0,0.0,0.2633455991744995,1.153199315071106,53.24800109863281,0.30079540610313416
dfl_generated,dfl_evaluation_03,0.19858039915561676,28,PCC,A,2.612100124359131,0.0,1.0207358172920067e-05,0.3060445785522461,1.152834415435791,53.24800109863281,0.2860230803489685
dfl_generated,dfl_evaluation_03,0.19858039915561676,28,PCC,B,2.61079740524292,0.0,7.049312443996314e-06,0.3060445785522461,1.152834415435791,53.24800109863281,0.2860230803489685
dfl_generated,dfl_evaluation_03,0.19858039915561676,28,PCC,C,2.6126575469970703,0.0,0.0,0.3060445785522461,1.152834415435791,53.24800109863281,0.2860230803489685
dfl_generated,dfl_evaluation_03,0.19858039915561676,29,PCC,A,2.5827622413635254,0.0,0.0011923830024898052,0.2850128710269928,1.153238296508789,53.24800109863281,0.27503225207328796
dfl_generated,dfl_evaluation_03,0.19858039915561676,29,PCC,B,2.5818216800689697,0.0,0.0006991883856244385,0.2850128710269928,1.153238296508789,53.24800109863281,0.27503225207328796
dfl_generated,dfl_evaluation_03,0.19858039915561676,29,PCC,C,2.58134126663208,0.0,0.000989311607554555,0.2850128710269928,1.153238296508789,53.24800109863281,0.27503225207328796
dfl_generated,dfl_evaluation_03,0.19858039915561676,30,PCC,A,2.767108678817749,0.0,0.021129999309778214,0.4131304621696472,1.1546192169189453,53.24800109863281,0.2633902430534363
dfl_generated,dfl_evaluation_03,0.19858039915561676,30,PCC,B,2.770860195159912,0.0,0.019879501312971115,0.4131304621696472,1.1546192169189453,53.24800109863281,0.2633902430534363
dfl_generated,dfl_evaluation_03,0.19858039915561676,30,PCC,C,2.768761157989502,0.0,0.022737931460142136,0.4131304621696472,1.1546192169189453,53.24800109863281,0.2633902430534363
dfl_generated,dfl_evaluation_03,0.19858039915561676,31,PCC,A,3.030569553375244,0.0,0.1505468785762787,0.5887197852134705,1.158430576324463,53.24800109863281,0.251657098531723
dfl_generated,dfl_evaluation_03,0.19858039915561676,31,PCC,B,3.0289530754089355,0.0,0.15774191915988922,0.5887197852134705,1.158430576324463,53.24800109863281,0.251657098531723
dfl_generated,dfl_evaluation_03,0.19858039915561676,31,PCC,C,3.0318808555603027,0.0,0.15969428420066833,0.5887197852134705,1.158430576324463,53.24800109863281,0.251657098531723
dfl_generated,dfl_evaluation_03,0.19858039915561676,32,PCC,A,2.787271738052368,0.0,0.4302023649215698,0.41616514325141907,1.1615923643112183,53.24800109863281,0.22738304734230042
dfl_generated,dfl_evaluation_03,0.19858039915561676,32,PCC,B,2.7893407344818115,0.0,0.4113787114620209,0.41616514325141907,1.1615923643112183,53.24800109863281,0.22738304734230042
dfl_generated,dfl_evaluation_03,0.19858039915561676,32,PCC,C,2.7940709590911865,0.0,0.4041638970375061,0.41616514325141907,1.1615923643112183,53.24800109863281,0.22738304734230042
dfl_generated,dfl_evaluation_03,0.19858039915561676,33,PCC,A,2.943453311920166,0.0,0.6460548639297485,0.5137431621551514,1.1652112007141113,53.24800109863281,0.24501675367355347
dfl_generated,dfl_evaluation_03,0.19858039915561676,33,PCC,B,2.9446523189544678,0.0,0.6739217638969421,0.5137431621551514,1.1652112007141113,53.24800109863281,0.24501675367355347
dfl_generated,dfl_evaluation_03,0.19858039915561676,33,PCC,C,2.9519171714782715,0.0,0.6480196118354797,0.5137431621551514,1.1652112007141113,53.24800109863281,0.24501675367355347
dfl_generated,dfl_evaluation_03,0.19858039915561676,34,PCC,A,2.728774309158325,0.0,0.8278620839118958,0.3643687963485718,1.172399878501892,53.24800109863281,0.25711601972579956
dfl_generated,dfl_evaluation_03,0.19858039915561676,34,PCC,B,2.7326955795288086,0.0,0.8078051209449768,0.3643687963485718,1.172399878501892,53.24800109863281,0.25711601972579956
dfl_generated,dfl_evaluation_03,0.19858039915561676,34,PCC,C,2.73513126373291,0.0,0.809444785118103,0.3643687963485718,1.172399878501892,53.24800109863281,0.25711601972579956
dfl_generated,dfl_evaluation_03,0.19858039915561676,35,PCC,A,2.729902505874634,0.0,0.9118115305900574,0.36136627197265625,1.170792579650879,53.24800109863281,0.26829707622528076
dfl_generated,dfl_evaluation_03,0.19858039915561676,35,PCC,B,2.726886749267578,0.0,0.9224618673324585,0.36136627197265625,1.170792579650879,53.24800109863281,0.26829707622528076
dfl_generated,dfl_evaluation_03,0.19858039915561676,35,PCC,C,2.7314999103546143,0.0,0.8973088264465332,0.36136627197265625,1.170792579650879,53.24800109863281,0.26829707622528076
dfl_generated,dfl_evaluation_03,0.19858039915561676,36,PCC,A,2.985628366470337,0.0,0.9759216904640198,0.5383059978485107,1.1745508909225464,53.24800109863281,0.26793789863586426
dfl_generated,dfl_evaluation_03,0.19858039915561676,36,PCC,B,2.9983954429626465,0.0,0.9318289756774902,0.5383059978485107,1.1745508909225464,53.24800109863281,0.26793789863586426
dfl_generated,dfl_evaluation_03,0.19858039915561676,36,PCC,C,2.9994072914123535,0.0,0.9419164657592773,0.5383059978485107,1.1745508909225464,53.24800109863281,0.26793789863586426
dfl_generated,dfl_evaluation_03,0.19858039915561676,37,PCC,A,3.099276542663574,0.0,0.8910731077194214,0.6031783223152161,1.1743286848068237,53.24800109863281,0.26760053634643555
dfl_generated,dfl_evaluation_03,0.19858039915561676,37,PCC,B,3.0977537631988525,0.0,0.9197824001312256,0.6031783223152161,1.1743286848068237,53.24800109863281,0.26760053634643555
dfl_generated,dfl_evaluation_03,0.19858039915561676,37,PCC,C,3.1008143424987793,0.0,0.9162854552268982,0.6031783223152161,1.1743286848068237,53.24800109863281,0.26760053634643555
dfl_generated,dfl_evaluation_03,0.19858039915561676,38,PCC,A,3.185213804244995,0.0,0.773706316947937,0.6654155254364014,1.1778753995895386,53.24800109863281,0.2716291546821594
dfl_generated,dfl_evaluation_03,0.19858039915561676,38,PCC,B,3.1831066608428955,0.0,0.7606034278869629,0.6654155254364014,1.1778753995895386,53.24800109863281,0.2716291546821594
dfl_generated,dfl_evaluation_03,0.19858039915561676,38,PCC,C,3.1871378421783447,0.0,0.7885686159133911,0.6654155254364014,1.1778753995895386,53.24800109863281,0.2716291546821594
dfl_generated,dfl_evaluation_03,0.19858039915561676,39,PCC,A,2.9703354835510254,0.0,0.6556326746940613,0.5210045576095581,1.170979380607605,53.24800109863281,0.2583128809928894
dfl_generated,dfl_evaluation_03,0.19858039915561676,39,PCC,B,2.976982355117798,0.0,0.6423580646514893,0.5210045576095581,1.170979380607605,53.24800109863281,0.2583128809928894
dfl_generated,dfl_evaluation_03,0.19858039915561676,39,PCC,C,2.9698634147644043,0.0,0.6494187116622925,0.5210045576095581,1.170979380607605,53.24800109863281,0.2583128809928894
dfl_generated,dfl_evaluation_03,0.19858039915561676,40,PCC,A,3.025498628616333,0.0,0.38814103603363037,0.5631123185157776,1.172505497932434,53.24800109863281,0.2655508518218994
dfl_generated,dfl_evaluation_03,0.19858039915561676,40,PCC,B,3.0247244834899902,0.0,0.39308974146842957,0.5631123185157776,1.172505497932434,53.24800109863281,0.2655508518218994
dfl_generated,dfl_evaluation_03,0.19858039915561676,40,PCC,C,3.0242254734039307,0.0,0.39455389976501465,0.5631123185157776,1.172505497932434,53.24800109863281,0.2655508518218994
dfl_generated,dfl_evaluation_03,0.19858039915561676,41,PCC,A,2.9571919441223145,0.0,0.12526682019233704,0.5185338854789734,1.1684902906417847,53.24800109863281,0.26669391989707947
dfl_generated,dfl_evaluation_03,0.19858039915561676,41,PCC,B,2.9506664276123047,0.0,0.13545474410057068,0.5185338854789734,1.1684902906417847,53.24800109863281,0.26669391989707947
dfl_generated,dfl_evaluation_03,0.19858039915561676,41,PCC,C,2.95444917678833,0.0,0.12865011394023895,0.5185338854789734,1.1684902906417847,53.24800109863281,0.26669391989707947
dfl_generated,dfl_evaluation_03,0.19858039915561676,42,PCC,A,2.9224085807800293,0.0,0.021244188770651817,0.501911997795105,1.1643056869506836,53.24800109863281,0.26555320620536804
dfl_generated,dfl_evaluation_03,0.19858039915561676,42,PCC,B,2.917818069458008,0.0,0.022962147369980812,0.501911997795105,1.1643056869506836,53.24800109863281,0.26555320620536804
dfl_generated,dfl_evaluation_03,0.19858039915561676,42,PCC,C,2.9156064987182617,0.0,0.020769042894244194,0.501911997795105,1.1643056869506836,53.24800109863281,0.26555320620536804
dfl_generated,dfl_evaluation_03,0.19858039915561676,43,PCC,A,3.0097501277923584,0.0,0.0007943526143208146,0.5692486763000488,1.1603741645812988,53.24800109863281,0.2721385657787323
dfl_generated,dfl_evaluation_03,0.19858039915561676,43,PCC,B,3.013500452041626,0.0,0.0005798314814455807,0.5692486763000488,1.1603741645812988,53.24800109863281,0.2721385657787323
dfl_generated,dfl_evaluation_03,0.19858039915561676,43,PCC,C,3.01366925239563,0.0,0.0006252768216654658,0.5692486763000488,1.1603741645812988,53.24800109863281,0.2721385657787323
dfl_generated,dfl_evaluation_03,0.19858039915561676,44,PCC,A,2.8375771045684814,0.0,2.6539398731983965e-06,0.458400696516037,1.1590253114700317,53.24800109863281,0.2606528401374817
dfl_generated,dfl_evaluation_03,0.19858039915561676,44,PCC,B,2.845161199569702,0.0,0.0,0.458400696516037,1.1590253114700317,53.24800109863281,0.2606528401374817
dfl_generated,dfl_evaluation_03,0.19858039915561676,44,PCC,C,2.8416459560394287,0.0,2.764307282632217e-06,0.458400696516037,1.1590253114700317,53.24800109863281,0.2606528401374817
dfl_generated,dfl_evaluation_03,0.19858039915561676,45,PCC,A,2.752744674682617,0.0,1.9242702364863362e-06,0.39928483963012695,1.1577447652816772,53.24800109863281,0.2702043354511261
dfl_generated,dfl_evaluation_03,0.19858039915561676,45,PCC,B,2.7530059814453125,0.0,1.2745737194563844e-06,0.39928483963012695,1.1577447652816772,53.24800109863281,0.2702043354511261
dfl_generated,dfl_evaluation_03,0.19858039915561676,45,PCC,C,2.754218101501465,0.0,0.0,0.39928483963012695,1.1577447652816772,53.24800109863281,0.2702043354511261
dfl_generated,dfl_evaluation_03,0.19858039915561676,46,PCC,A,2.7016167640686035,0.0,0.0,0.3637107312679291,1.155517816543579,53.24800109863281,0.2803034782409668
dfl_generated,dfl_evaluation_03,0.19858039915561676,46,PCC,B,2.704249620437622,0.0,1.4133011063677259e-06,0.3637107312679291,1.155517816543579,53.24800109863281,0.2803034782409668
dfl_generated,dfl_evaluation_03,0.19858039915561676,46,PCC,C,2.701096296310425,0.0,0.0,0.3637107312679291,1.155517816543579,53.24800109863281,0.2803034782409668
dfl_generated,dfl_evaluation_03,0.19858039915561676,47,PCC,A,2.6748132705688477,0.0,1.5028157349661342e-06,0.34759950637817383,1.1540275812149048,53.24800109863281,0.28272098302841187
dfl_generated,dfl_evaluation_03,0.19858039915561676,47,PCC,B,2.6788995265960693,0.0,2.6360751235188218e-06,0.34759950637817383,1.1540275812149048,53.24800109863281,0.28272098302841187
dfl_generated,dfl_evaluation_03,0.19858039915561676,47,PCC,C,2.679534912109375,0.0,0.0,0.34759950637817383,1.1540275812149048,53.24800109863281,0.28272098302841187
dfl_generated,dfl_evaluation_04,0.19858039915561676,0,PCC,A,2.6000654697418213,0.0,1.2810401130991522e-06,0.29431068897247314,1.1553651094436646,53.24800109863281,0.29571259021759033
dfl_generated,dfl_evaluation_04,0.19858039915561676,0,PCC,B,2.6006157398223877,0.0,0.0,0.29431068897247314,1.1553651094436646,53.24800109863281,0.29571259021759033
dfl_generated,dfl_evaluation_04,0.19858039915561676,0,PCC,C,2.5981662273406982,0.0,1.989947122638114e-06,0.29431068897247314,1.1553651094436646,53.24800109863281,0.29571259021759033
dfl_generated,dfl_evaluation_04,0.19858039915561676,1,PCC,A,2.6344470977783203,0.0,0.0,0.3179371654987335,1.1550437211990356,53.24800109863281,0.30648401379585266
dfl_generated,dfl_evaluation_04,0.19858039915561676,1,PCC,B,2.634877920150757,0.0,0.0,0.3179371654987335,1.1550437211990356,53.24800109863281,0.30648401379585266
dfl_generated,dfl_evaluation_04,0.19858039915561676,1,PCC,C,2.6360316276550293,0.0,1.5704176803410519e-06,0.3179371654987335,1.1550437211990356,53.24800109863281,0.30648401379585266
dfl_generated,dfl_evaluation_04,0.19858039915561676,2,PCC,A,2.4945626258850098,0.0,0.0,0.2232462614774704,1.1546425819396973,53.24800109863281,0.2992415130138397
dfl_generated,dfl_evaluation_04,0.19858039915561676,2,PCC,B,2.494279384613037,0.0,0.0,0.2232462614774704,1.1546425819396973,53.24800109863281,0.2992415130138397
dfl_generated,dfl_evaluation_04,0.19858039915561676,2,PCC,C,2.4955129623413086,0.0,0.0,0.2232462614774704,1.1546425819396973,53.24800109863281,0.2992415130138397
dfl_generated,dfl_evaluation_04,0.19858039915561676,3,PCC,A,2.5518500804901123,0.0,0.0,0.2633455991744995,1.153240442276001,53.24800109863281,0.29782187938690186
dfl_generated,dfl_evaluation_04,0.19858039915561676,3,PCC,B,2.5519418716430664,0.0,0.0,0.2633455991744995,1.153240442276001,53.24800109863281,0.29782187938690186
dfl_generated,dfl_evaluation_04,0.19858039915561676,3,PCC,C,2.552363157272339,0.0,1.7364045561407693e-06,0.2633455991744995,1.153240442276001,53.24800109863281,0.29782187938690186
dfl_generated,dfl_evaluation_04,0.19858039915561676,4,PCC,A,2.6132028102874756,0.0,6.314307483989978e-06,0.3060445785522461,1.1527990102767944,53.24800109863281,0.2912520170211792
dfl_generated,dfl_evaluation_04,0.19858039915561676,4,PCC,B,2.6127007007598877,0.0,3.6081826237932546e-06,0.3060445785522461,1.1527990102767944,53.24800109863281,0.2912520170211792
dfl_generated,dfl_evaluation_04,0.19858039915561676,4,PCC,C,2.612422227859497,0.0,4.7084340621950105e-06,0.3060445785522461,1.1527990102767944,53.24800109863281,0.2912520170211792
dfl_generated,dfl_evaluation_04,0.19858039915561676,5,PCC,A,2.5846519470214844,0.0,0.001212619012221694,0.2850128710269928,1.153611183166504,53.24800109863281,0.2826741635799408
dfl_generated,dfl_evaluation_04,0.19858039915561676,5,PCC,B,2.58412766456604,0.0,0.0008088142494671047,0.2850128710269928,1.153611183166504,53.24800109863281,0.2826741635799408
dfl_generated,dfl_evaluation_04,0.19858039915561676,5,PCC,C,2.584365129470825,0.0,0.0009355908841826022,0.2850128710269928,1.153611183166504,53.24800109863281,0.2826741635799408
dfl_generated,dfl_evaluation_04,0.19858039915561676,6,PCC,A,2.775800943374634,0.0,0.02443227730691433,0.4131304621696472,1.1557481288909912,53.24800109863281,0.26976507902145386
dfl_generated,dfl_evaluation_04,0.19858039915561676,6,PCC,B,2.774271011352539,0.0,0.025916799902915955,0.4131304621696472,1.1557481288909912,53.24800109863281,0.26976507902145386
dfl_generated,dfl_evaluation_04,0.19858039915561676,6,PCC,C,2.775136709213257,0.0,0.026141084730625153,0.4131304621696472,1.1557481288909912,53.24800109863281,0.26976507902145386
dfl_generated,dfl_evaluation_04,0.19858039915561676,7,PCC,A,3.03721284866333,0.0,0.15439629554748535,0.5887197852134705,1.1601113080978394,53.24800109863281,0.25996705889701843
dfl_generated,dfl_evaluation_04,0.19858039915561676,7,PCC,B,3.0367164611816406,0.0,0.16031350195407867,0.5887197852134705,1.1601113080978394,53.24800109863281,0.25996705889701843
dfl_generated,dfl_evaluation_04,0.19858039915561676,7,PCC,C,3.034345865249634,0.0,0.16044218838214874,0.5887197852134705,1.1601113080978394,53.24800109863281,0.25996705889701843
dfl_generated,dfl_evaluation_04,0.19858039915561676,8,PCC,A,2.797858476638794,0.0,0.4262753427028656,0.41616514325141907,1.1640856266021729,53.24800109863281,0.2515404522418976
dfl_generated,dfl_evaluation_04,0.19858039915561676,8,PCC,B,2.7970197200775146,0.0,0.40348896384239197,0.41616514325141907,1.1640856266021729,53.24800109863281,0.2515404522418976
dfl_generated,dfl_evaluation_04,0.19858039915561676,8,PCC,C,2.799858570098877,0.0,0.3970955014228821,0.41616514325141907,1.1640856266021729,53.24800109863281,0.2515404522418976
dfl_generated,dfl_evaluation_04,0.19858039915561676,9,PCC,A,2.9521124362945557,0.0,0.6381235718727112,0.5137431621551514,1.1702263355255127,53.24800109863281,0.2278265506029129
dfl_generated,dfl_evaluation_04,0.19858039915561676,9,PCC,B,2.9490814208984375,0.0,0.666983962059021,0.5137431621551514,1.1702263355255127,53.24800109863281,0.2278265506029129
dfl_generated,dfl_evaluation_04,0.19858039915561676,9,PCC,C,2.9494378566741943,0.0,0.6639740467071533,0.5137431621551514,1.1702263355255127,53.24800109863281,0.2278265506029129
dfl_generated,dfl_evaluation_04,0.19858039915561676,10,PCC,A,2.7395339012145996,0.0,0.7978842854499817,0.3643687963485718,1.1730202436447144,53.24800109863281,0.25923779606819153
dfl_generated,dfl_evaluation_04,0.19858039915561676,10,PCC,B,2.73869252204895,0.0,0.7988099455833435,0.3643687963485718,1.1730202436447144,53.24800109863281,0.25923779606819153
dfl_generated,dfl_evaluation_04,0.19858039915561676,10,PCC,C,2.7440173625946045,0.0,0.8214879035949707,0.3643687963485718,1.1730202436447144,53.24800109863281,0.25923779606819153
dfl_generated,dfl_evaluation_04,0.19858039915561676,11,PCC,A,2.7413902282714844,0.0,0.8846350312232971,0.36136627197265625,1.1745914220809937,53.24800109863281,0.26949891448020935
dfl_generated,dfl_evaluation_04,0.19858039915561676,11,PCC,B,2.740528106689453,0.0,0.8683422207832336,0.36136627197265625,1.1745914220809937,53.24800109863281,0.26949891448020935
dfl_generated,dfl_evaluation_04,0.19858039915561676,11,PCC,C,2.7428481578826904,0.0,0.8678167462348938,0.36136627197265625,1.1745914220809937,53.24800109863281,0.26949891448020935
dfl_generated,dfl_evaluation_04,0.19858039915561676,12,PCC,A,3.0030035972595215,0.0,0.913358747959137,0.5383059978485107,1.1801540851593018,53.24800109863281,0.2718428373336792
dfl_generated,dfl_evaluation_04,0.19858039915561676,12,PCC,B,3.006166696548462,0.0,0.9355247616767883,0.5383059978485107,1.1801540851593018,53.24800109863281,0.2718428373336792
dfl_generated,dfl_evaluation_04,0.19858039915561676,12,PCC,C,3.0121254920959473,0.0,0.8969675898551941,0.5383059978485107,1.1801540851593018,53.24800109863281,0.2718428373336792
dfl_generated,dfl_evaluation_04,0.19858039915561676,13,PCC,A,3.099750518798828,0.0,0.8972792625427246,0.6031783223152161,1.1804481744766235,53.24800109863281,0.271040141582489
dfl_generated,dfl_evaluation_04,0.19858039915561676,13,PCC,B,3.1047868728637695,0.0,0.8996995091438293,0.6031783223152161,1.1804481744766235,53.24800109863281,0.271040141582489
dfl_generated,dfl_evaluation_04,0.19858039915561676,13,PCC,C,3.104609251022339,0.0,0.8936877250671387,0.6031783223152161,1.1804481744766235,53.24800109863281,0.271040141582489
dfl_generated,dfl_evaluation_04,0.19858039915561676,14,PCC,A,3.1998891830444336,0.0,0.7760300040245056,0.6654155254364014,1.181038737297058,53.24800109863281,0.26682987809181213
dfl_generated,dfl_evaluation_04,0.19858039915561676,14,PCC,B,3.198624849319458,0.0,0.7976577281951904,0.6654155254364014,1.181038737297058,53.24800109863281,0.26682987809181213
dfl_generated,dfl_evaluation_04,0.19858039915561676,14,PCC,C,3.198120355606079,0.0,0.7871584892272949,0.6654155254364014,1.181038737297058,53.24800109863281,0.26682987809181213
dfl_generated,dfl_evaluation_04,0.19858039915561676,15,PCC,A,2.981377601623535,0.0,0.6150947213172913,0.5210045576095581,1.176934838294983,53.24800109863281,0.2660573720932007
dfl_generated,dfl_evaluation_04,0.19858039915561676,15,PCC,B,2.9798576831817627,0.0,0.6129612326622009,0.5210045576095581,1.176934838294983,53.24800109863281,0.2660573720932007
dfl_generated,dfl_evaluation_04,0.19858039915561676,15,PCC,C,2.9808237552642822,0.0,0.620532214641571,0.5210045576095581,1.176934838294983,53.24800109863281,0.2660573720932007
dfl_generated,dfl_evaluation_04,0.19858039915561676,16,PCC,A,3.0318715572357178,0.0,0.38770732283592224,0.5631123185157776,1.1754403114318848,53.24800109863281,0.26037514209747314
dfl_generated,dfl_evaluation_04,0.19858039915561676,16,PCC,B,3.034623622894287,0.0,0.39535027742385864,0.5631123185157776,1.1754403114318848,53.24800109863281,0.26037514209747314
dfl_generated,dfl_evaluation_04,0.19858039915561676,16,PCC,C,3.0353758335113525,0.0,0.3788198232650757,0.5631123185157776,1.1754403114318848,53.24800109863281,0.26037514209747314
dfl_generated,dfl_evaluation_04,0.19858039915561676,17,PCC,A,2.9623637199401855,0.0,0.14598193764686584,0.5185338854789734,1.1691720485687256,53.24800109863281,0.26114994287490845
dfl_generated,dfl_evaluation_04,0.19858039915561676,17,PCC,B,2.9633846282958984,0.0,0.1354328989982605,0.5185338854789734,1.1691720485687256,53.24800109863281,0.26114994287490845
dfl_generated,dfl_evaluation_04,0.19858039915561676,17,PCC,C,2.9598615169525146,0.0,0.13588552176952362,0.5185338854789734,1.1691720485687256,53.24800109863281,0.26114994287490845
dfl_generated,dfl_evaluation_04,0.19858039915561676,18,PCC,A,2.9229345321655273,0.0,0.024573998525738716,0.501911997795105,1.165158987045288,53.24800109863281,0.26342645287513733
dfl_generated,dfl_evaluation_04,0.19858039915561676,18,PCC,B,2.925541639328003,0.0,0.026341646909713745,0.501911997795105,1.165158987045288,53.24800109863281,0.26342645287513733
dfl_generated,dfl_evaluation_04,0.19858039915561676,18,PCC,C,2.9228334426879883,0.0,0.022893618792295456,0.501911997795105,1.165158987045288,53.24800109863281,0.26342645287513733
dfl_generated,dfl_evaluation_04,0.19858039915561676,19,PCC,A,3.011317491531372,0.0,0.000920909340493381,0.5692486763000488,1.1616827249526978,53.24800109863281,0.27212998270988464
dfl_generated,dfl_evaluation_04,0.19858039915561676,19,PCC,B,3.011115550994873,0.0,0.001074145082384348,0.5692486763000488,1.1616827249526978,53.24800109863281,0.27212998270988464
dfl_generated,dfl_evaluation_04,0.19858039915561676,19,PCC,C,3.0112416744232178,0.0,0.0008886974537745118,0.5692486763000488,1.1616827249526978,53.24800109863281,0.27212998270988464
dfl_generated,dfl_evaluation_04,0.19858039915561676,20,PCC,A,2.847097396850586,0.0,6.107199624239001e-06,0.458400696516037,1.1602541208267212,53.24800109863281,0.27355268597602844
dfl_generated,dfl_evaluation_04,0.19858039915561676,20,PCC,B,2.847418785095215,0.0,2.745072833931772e-06,0.458400696516037,1.1602541208267212,53.24800109863281,0.27355268597602844
dfl_generated,dfl_evaluation_04,0.19858039915561676,20,PCC,C,2.8489787578582764,0.0,5.313430392561713e-06,0.458400696516037,1.1602541208267212,53.24800109863281,0.27355268597602844
dfl_generated,dfl_evaluation_04,0.19858039915561676,21,PCC,A,2.7579500675201416,0.0,4.101957074453821e-06,0.39928483963012695,1.1597239971160889,53.24800109863281,0.28348594903945923
dfl_generated,dfl_evaluation_04,0.19858039915561676,21,PCC,B,2.759812593460083,0.0,0.0,0.39928483963012695,1.1597239971160889,53.24800109863281,0.28348594903945923
dfl_generated,dfl_evaluation_04,0.19858039915561676,21,PCC,C,2.757530450820923,0.0,0.0,0.39928483963012695,1.1597239971160889,53.24800109863281,0.28348594903945923
dfl_generated,dfl_evaluation_04,0.19858039915561676,22,PCC,A,2.704566240310669,0.0,0.0,0.3637107312679291,1.1577814817428589,53.24800109863281,0.28413915634155273
dfl_generated,dfl_evaluation_04,0.19858039915561676,22,PCC,B,2.705869674682617,0.0,4.351385996415047e-06,0.3637107312679291,1.1577814817428589,53.24800109863281,0.28413915634155273
dfl_generated,dfl_evaluation_04,0.19858039915561676,22,PCC,C,2.7046258449554443,0.0,0.0,0.3637107312679291,1.1577814817428589,53.24800109863281,0.28413915634155273
dfl_generated,dfl_evaluation_04,0.19858039915561676,23,PCC,A,2.677647113800049,0.0,0.0,0.34759950637817383,1.1568304300308228,53.24800109863281,0.2938370704650879
dfl_generated,dfl_evaluation_04,0.19858039915561676,23,PCC,B,2.68277645111084,0.0,0.0,0.34759950637817383,1.1568304300308228,53.24800109863281,0.2938370704650879
dfl_generated,dfl_evaluation_04,0.19858039915561676,23,PCC,C,2.6789653301239014,0.0,0.0,0.34759950637817383,1.1568304300308228,53.24800109863281,0.2938370704650879
dfl_generated,dfl_evaluation_04,0.19858039915561676,24,PCC,A,2.600154161453247,0.0,0.0,0.29431068897247314,1.155102252960205,53.24800109863281,0.293454647064209
dfl_generated,dfl_evaluation_04,0.19858039915561676,24,PCC,B,2.6003623008728027,0.0,2.6539742066233885e-06,0.29431068897247314,1.155102252960205,53.24800109863281,0.293454647064209
dfl_generated,dfl_evaluation_04,0.19858039915561676,24,PCC,C,2.599846839904785,0.0,1.5096336483111372e-06,0.29431068897247314,1.155102252960205,53.24800109863281,0.293454647064209
dfl_generated,dfl_evaluation_04,0.19858039915561676,25,PCC,A,2.633507251739502,0.0,0.0,0.3179371654987335,1.1541249752044678,34.72425079345703,0.28930556774139404
dfl_generated,dfl_evaluation_04,0.19858039915561676,25,PCC,B,2.6322600841522217,0.0,0.0,0.3179371654987335,1.1541249752044678,34.72425079345703,0.28930556774139404
dfl_generated,dfl_evaluation_04,0.19858039915561676,25,PCC,C,2.6350302696228027,0.0,0.0,0.3179371654987335,1.1541249752044678,34.72425079345703,0.28930556774139404
dfl_generated,dfl_evaluation_04,0.19858039915561676,26,PCC,A,2.495915412902832,0.0,0.0,0.2232462614774704,1.153852105140686,34.72425079345703,0.2941381633281708
dfl_generated,dfl_evaluation_04,0.19858039915561676,26,PCC,B,2.4952781200408936,0.0,0.0,0.2232462614774704,1.153852105140686,34.72425079345703,0.2941381633281708
dfl_generated,dfl_evaluation_04,0.19858039915561676,26,PCC,C,2.4939632415771484,0.0,1.535049364065344e-06,0.2232462614774704,1.153852105140686,34.72425079345703,0.2941381633281708
dfl_generated,dfl_evaluation_04,0.19858039915561676,27,PCC,A,2.552198648452759,0.0,1.7170577848446555e-06,0.2633455991744995,1.1534483432769775,53.24800109863281,0.3000778257846832
dfl_generated,dfl_evaluation_04,0.19858039915561676,27,PCC,B,2.552590847015381,0.0,4.891969069831248e-07,0.2633455991744995,1.1534483432769775,53.24800109863281,0.3000778257846832
dfl_generated,dfl_evaluation_04,0.19858039915561676,27,PCC,C,2.554131507873535,0.0,0.0,0.2633455991744995,1.1534483432769775,53.24800109863281,0.3000778257846832
dfl_generated,dfl_evaluation_04,0.19858039915561676,28,PCC,A,2.612982749938965,0.0,6.392138857336249e-06,0.3060445785522461,1.1535362005233765,53.24800109863281,0.28947609663009644
dfl_generated,dfl_evaluation_04,0.19858039915561676,28,PCC,B,2.614166259765625,0.0,2.7683888674800983e-06,0.3060445785522461,1.1535362005233765,53.24800109863281,0.28947609663009644
dfl_generated,dfl_evaluation_04,0.19858039915561676,28,PCC,C,2.6134045124053955,0.0,6.773358563805232e-06,0.3060445785522461,1.1535362005233765,53.24800109863281,0.28947609663009644
dfl_generated,dfl_evaluation_04,0.19858039915561676,29,PCC,A,2.5847644805908203,0.0,0.0011550519848242402,0.2850128710269928,1.1532893180847168,53.24800109863281,0.27622222900390625
dfl_generated,dfl_evaluation_04,0.19858039915561676,29,PCC,B,2.5860846042633057,0.0,0.0010243990691378713,0.2850128710269928,1.1532893180847168,53.24800109863281,0.27622222900390625
dfl_generated,dfl_evaluation_04,0.19858039915561676,29,PCC,C,2.5841994285583496,0.0,0.001233528251759708,0.2850128710269928,1.1532893180847168,53.24800109863281,0.27622222900390625
dfl_generated,dfl_evaluation_04,0.19858039915561676,30,PCC,A,2.772329807281494,0.0,0.02660851553082466,0.4131304621696472,1.1560591459274292,121.88175201416016,0.26787835359573364
dfl_generated,dfl_evaluation_04,0.19858039915561676,30,PCC,B,2.7718045711517334,0.0,0.02476658672094345,0.4131304621696472,1.1560591459274292,121.88175201416016,0.26787835359573364
dfl_generated,dfl_evaluation_04,0.19858039915561676,30,PCC,C,2.772611379623413,0.0,0.0265958309173584,0.4131304621696472,1.1560591459274292,121.88175201416016,0.26787835359573364
dfl_generated,dfl_evaluation_04,0.19858039915561676,31,PCC,A,3.0377986431121826,0.0,0.15735363960266113,0.5887197852134705,1.1603312492370605,121.88175201416016,0.25727152824401855
dfl_generated,dfl_evaluation_04,0.19858039915561676,31,PCC,B,3.0376389026641846,0.0,0.14618390798568726,0.5887197852134705,1.1603312492370605,121.88175201416016,0.25727152824401855
dfl_generated,dfl_evaluation_04,0.19858039915561676,31,PCC,C,3.036616325378418,0.0,0.14850495755672455,0.5887197852134705,1.1603312492370605,121.88175201416016,0.25727152824401855
dfl_generated,dfl_evaluation_04,0.19858039915561676,32,PCC,A,2.794038772583008,0.0,0.42968299984931946,0.41616514325141907,1.163573980331421,121.88175201416016,0.2391030490398407
dfl_generated,dfl_evaluation_04,0.19858039915561676,32,PCC,B,2.7973971366882324,0.0,0.40995901823043823,0.41616514325141907,1.163573980331421,121.88175201416016,0.2391030490398407
dfl_generated,dfl_evaluation_04,0.19858039915561676,32,PCC,C,2.7994537353515625,0.0,0.4090721905231476,0.41616514325141907,1.163573980331421,121.88175201416016,0.2391030490398407
dfl_generated,dfl_evaluation_04,0.19858039915561676,33,PCC,A,2.9505786895751953,0.0,0.6608477830886841,0.5137431621551514,1.1699408292770386,121.88175201416016,0.25426238775253296
dfl_generated,dfl_evaluation_04,0.19858039915561676,33,PCC,B,2.9519217014312744,0.0,0.6305055022239685,0.5137431621551514,1.1699408292770386,121.88175201416016,0.25426238775253296
dfl_generated,dfl_evaluation_04,0.19858039915561676,33,PCC,C,2.952514171600342,0.0,0.6423379182815552,0.5137431621551514,1.1699408292770386,121.88175201416016,0.25426238775253296
dfl_generated,dfl_evaluation_04,0.19858039915561676,34,PCC,A,2.7433669567108154,0.0,0.8140053749084473,0.3643687963485718,1.1748126745224,53.24800109863281,0.2602594196796417
dfl_generated,dfl_evaluation_04,0.19858039915561676,34,PCC,B,2.7449851036071777,0.0,0.8077199459075928,0.3643687963485718,1.1748126745224,53.24800109863281,0.2602594196796417
dfl_generated,dfl_evaluation_04,0.19858039915561676,34,PCC,C,2.73927640914917,0.0,0.8292811512947083,0.3643687963485718,1.1748126745224,53.24800109863281,0.2602594196796417
dfl_generated,dfl_evaluation_04,0.19858039915561676,35,PCC,A,2.741400718688965,0.0,0.9023429751396179,0.36136627197265625,1.1755726337432861,53.24800109863281,0.27023079991340637
dfl_generated,dfl_evaluation_04,0.19858039915561676,35,PCC,B,2.7405381202697754,0.0,0.9129887223243713,0.36136627197265625,1.1755726337432861,53.24800109863281,0.27023079991340637
dfl_generated,dfl_evaluation_04,0.19858039915561676,35,PCC,C,2.741379499435425,0.0,0.8959648609161377,0.36136627197265625,1.1755726337432861,53.24800109863281,0.27023079991340637
dfl_generated,dfl_evaluation_04,0.19858039915561676,36,PCC,A,3.0057473182678223,0.0,0.940262496471405,0.5383059978485107,1.176076054573059,34.72425079345703,0.27633699774742126
dfl_generated,dfl_evaluation_04,0.19858039915561676,36,PCC,B,3.010185480117798,0.0,0.9466155767440796,0.5383059978485107,1.176076054573059,34.72425079345703,0.27633699774742126
dfl_generated,dfl_evaluation_04,0.19858039915561676,36,PCC,C,3.005484104156494,0.0,0.9338850378990173,0.5383059978485107,1.176076054573059,34.72425079345703,0.27633699774742126
dfl_generated,dfl_evaluation_04,0.19858039915561676,37,PCC,A,3.108060121536255,0.0,0.9350500106811523,0.6031783223152161,1.1777629852294922,34.72425079345703,0.27404794096946716
dfl_generated,dfl_evaluation_04,0.19858039915561676,37,PCC,B,3.0988192558288574,0.0,0.9123629331588745,0.6031783223152161,1.1777629852294922,34.72425079345703,0.27404794096946716
dfl_generated,dfl_evaluation_04,0.19858039915561676,37,PCC,C,3.100961923599243,0.0,0.8910791277885437,0.6031783223152161,1.1777629852294922,34.72425079345703,0.27404794096946716
dfl_generated,dfl_evaluation_04,0.19858039915561676,38,PCC,A,3.1992545127868652,0.0,0.7879809737205505,0.6654155254364014,1.1809331178665161,34.72425079345703,0.2712130546569824
dfl_generated,dfl_evaluation_04,0.19858039915561676,38,PCC,B,3.1959774494171143,0.0,0.792809247970581,0.6654155254364014,1.1809331178665161,34.72425079345703,0.2712130546569824
dfl_generated,dfl_evaluation_04,0.19858039915561676,38,PCC,C,3.1970622539520264,0.0,0.8185042142868042,0.6654155254364014,1.1809331178665161,34.72425079345703,0.2712130546569824
dfl_generated,dfl_evaluation_04,0.19858039915561676,39,PCC,A,2.977491617202759,0.0,0.6311770677566528,0.5210045576095581,1.1776129007339478,34.72425079345703,0.26593899726867676
dfl_generated,dfl_evaluation_04,0.19858039915561676,39,PCC,B,2.977912664413452,0.0,0.6361415982246399,0.5210045576095581,1.1776129007339478,34.72425079345703,0.26593899726867676
dfl_generated,dfl_evaluation_04,0.19858039915561676,39,PCC,C,2.9770162105560303,0.0,0.6369928121566772,0.5210045576095581,1.1776129007339478,34.72425079345703,0.26593899726867676
dfl_generated,dfl_evaluation_04,0.19858039915561676,40,PCC,A,3.043987512588501,0.0,0.404931902885437,0.5631123185157776,1.17630136013031,53.24800109863281,0.26509687304496765
dfl_generated,dfl_evaluation_04,0.19858039915561676,40,PCC,B,3.0345985889434814,0.0,0.3878597915172577,0.5631123185157776,1.17630136013031,53.24800109863281,0.26509687304496765
dfl_generated,dfl_evaluation_04,0.19858039915561676,40,PCC,C,3.0383217334747314,0.0,0.3825681507587433,0.5631123185157776,1.17630136013031,53.24800109863281,0.26509687304496765
dfl_generated,dfl_evaluation_04,0.19858039915561676,41,PCC,A,2.960839033126831,0.0,0.13152971863746643,0.5185338854789734,1.1696524620056152,53.24800109863281,0.2690669894218445
dfl_generated,dfl_evaluation_04,0.19858039915561676,41,PCC,B,2.9619970321655273,0.0,0.13767385482788086,0.5185338854789734,1.1696524620056152,53.24800109863281,0.2690669894218445
dfl_generated,dfl_evaluation_04,0.19858039915561676,41,PCC,C,2.9647679328918457,0.0,0.13882391154766083,0.5185338854789734,1.1696524620056152,53.24800109863281,0.2690669894218445
dfl_generated,dfl_evaluation_04,0.19858039915561676,42,PCC,A,2.9303877353668213,0.0,0.02291867323219776,0.501911997795105,1.166529893875122,53.24800109863281,0.26994654536247253
dfl_generated,dfl_evaluation_04,0.19858039915561676,42,PCC,B,2.9232418537139893,0.0,0.02633446455001831,0.501911997795105,1.166529893875122,53.24800109863281,0.26994654536247253
dfl_generated,dfl_evaluation_04,0.19858039915561676,42,PCC,C,2.923466444015503,0.0,0.022925540804862976,0.501911997795105,1.166529893875122,53.24800109863281,0.26994654536247253
dfl_generated,dfl_evaluation_04,0.19858039915561676,43,PCC,A,3.018507719039917,0.0,0.0010849449317902327,0.5692486763000488,1.1602675914764404,53.24800109863281,0.27182942628860474
dfl_generated,dfl_evaluation_04,0.19858039915561676,43,PCC,B,3.0185744762420654,0.0,0.0008090253104455769,0.5692486763000488,1.1602675914764404,53.24800109863281,0.27182942628860474
dfl_generated,dfl_evaluation_04,0.19858039915561676,43,PCC,C,3.0132086277008057,0.0,0.0008865823037922382,0.5692486763000488,1.1602675914764404,53.24800109863281,0.27182942628860474
dfl_generated,dfl_evaluation_04,0.19858039915561676,44,PCC,A,2.8471343517303467,0.0,3.987463514931733e-06,0.458400696516037,1.1596667766571045,53.24800109863281,0.2694571912288666
dfl_generated,dfl_evaluation_04,0.19858039915561676,44,PCC,B,2.8503429889678955,0.0,4.7809744501137175e-06,0.458400696516037,1.1596667766571045,53.24800109863281,0.2694571912288666
dfl_generated,dfl_evaluation_04,0.19858039915561676,44,PCC,C,2.8478407859802246,0.0,5.294580660120118e-06,0.458400696516037,1.1596667766571045,53.24800109863281,0.2694571912288666
dfl_generated,dfl_evaluation_04,0.19858039915561676,45,PCC,A,2.759592056274414,0.0,1.76956874042844e-07,0.39928483963012695,1.158625841140747,53.24800109863281,0.28085851669311523
dfl_generated,dfl_evaluation_04,0.19858039915561676,45,PCC,B,2.758519411087036,0.0,0.0,0.39928483963012695,1.158625841140747,53.24800109863281,0.28085851669311523
dfl_generated,dfl_evaluation_04,0.19858039915561676,45,PCC,C,2.7601685523986816,0.0,1.1884357036251458e-06,0.39928483963012695,1.158625841140747,53.24800109863281,0.28085851669311523
dfl_generated,dfl_evaluation_04,0.19858039915561676,46,PCC,A,2.7071216106414795,0.0,2.124090087818331e-06,0.3637107312679291,1.1578434705734253,53.24800109863281,0.28729745745658875
dfl_generated,dfl_evaluation_04,0.19858039915561676,46,PCC,B,2.704968214035034,0.0,0.0,0.3637107312679291,1.1578434705734253,53.24800109863281,0.28729745745658875
dfl_generated,dfl_evaluation_04,0.19858039915561676,46,PCC,C,2.7049169540405273,0.0,0.0,0.3637107312679291,1.1578434705734253,53.24800109863281,0.28729745745658875
dfl_generated,dfl_evaluation_04,0.19858039915561676,47,PCC,A,2.677325963973999,0.0,0.0,0.34759950637817383,1.1558526754379272,53.24800109863281,0.2904093861579895
dfl_generated,dfl_evaluation_04,0.19858039915561676,47,PCC,B,2.678622245788574,0.0,0.0,0.34759950637817383,1.1558526754379272,53.24800109863281,0.2904093861579895
dfl_generated,dfl_evaluation_04,0.19858039915561676,47,PCC,C,2.679098129272461,0.0,1.8073770888804574e-06,0.34759950637817383,1.1558526754379272,53.24800109863281,0.2904093861579895
dfl_generated,dfl_evaluation_05,0.19858039915561676,0,PCC,A,2.6054797172546387,0.0,8.396461339543748e-07,0.29431068897247314,1.1574523448944092,53.24800109863281,0.3069615662097931
dfl_generated,dfl_evaluation_05,0.19858039915561676,0,PCC,B,2.604086399078369,0.0,1.3709887980439817e-07,0.29431068897247314,1.1574523448944092,53.24800109863281,0.3069615662097931
dfl_generated,dfl_evaluation_05,0.19858039915561676,0,PCC,C,2.602367877960205,0.0,0.0,0.29431068897247314,1.1574523448944092,53.24800109863281,0.3069615662097931
dfl_generated,dfl_evaluation_05,0.19858039915561676,1,PCC,A,2.636148452758789,0.0,0.0,0.3179371654987335,1.1563202142715454,34.72425079345703,0.3074193298816681
dfl_generated,dfl_evaluation_05,0.19858039915561676,1,PCC,B,2.639410972595215,0.0,1.112119775825704e-06,0.3179371654987335,1.1563202142715454,34.72425079345703,0.3074193298816681
dfl_generated,dfl_evaluation_05,0.19858039915561676,1,PCC,C,2.635223627090454,0.0,0.0,0.3179371654987335,1.1563202142715454,34.72425079345703,0.3074193298816681
dfl_generated,dfl_evaluation_05,0.19858039915561676,2,PCC,A,2.4982962608337402,0.0,2.5890003598760813e-06,0.2232462614774704,1.1557188034057617,34.72425079345703,0.3062343895435333
dfl_generated,dfl_evaluation_05,0.19858039915561676,2,PCC,B,2.497875928878784,0.0,6.897684215800837e-06,0.2232462614774704,1.1557188034057617,34.72425079345703,0.3062343895435333
dfl_generated,dfl_evaluation_05,0.19858039915561676,2,PCC,C,2.500926971435547,0.0,0.0,0.2232462614774704,1.1557188034057617,34.72425079345703,0.3062343895435333
dfl_generated,dfl_evaluation_05,0.19858039915561676,3,PCC,A,2.555180311203003,0.0,0.0,0.2633455991744995,1.15546715259552,34.72425079345703,0.2947997450828552
dfl_generated,dfl_evaluation_05,0.19858039915561676,3,PCC,B,2.554595947265625,0.0,0.0,0.2633455991744995,1.15546715259552,34.72425079345703,0.2947997450828552
dfl_generated,dfl_evaluation_05,0.19858039915561676,3,PCC,C,2.5538523197174072,0.0,0.0,0.2633455991744995,1.15546715259552,34.72425079345703,0.2947997450828552
dfl_generated,dfl_evaluation_05,0.19858039915561676,4,PCC,A,2.616168737411499,0.0,0.0,0.3060445785522461,1.1540610790252686,34.72425079345703,0.32090023159980774
dfl_generated,dfl_evaluation_05,0.19858039915561676,4,PCC,B,2.6158299446105957,0.0,0.0,0.3060445785522461,1.1540610790252686,34.72425079345703,0.32090023159980774
dfl_generated,dfl_evaluation_05,0.19858039915561676,4,PCC,C,2.6173148155212402,0.0,0.0,0.3060445785522461,1.1540610790252686,34.72425079345703,0.32090023159980774
dfl_generated,dfl_evaluation_05,0.19858039915561676,5,PCC,A,2.586852788925171,0.0,0.0013237907551229,0.2850128710269928,1.1559057235717773,34.72425079345703,0.3153280019760132
dfl_generated,dfl_evaluation_05,0.19858039915561676,5,PCC,B,2.586662769317627,0.0,0.0019018433522433043,0.2850128710269928,1.1559057235717773,34.72425079345703,0.3153280019760132
dfl_generated,dfl_evaluation_05,0.19858039915561676,5,PCC,C,2.585500717163086,0.0,0.0015632517170161009,0.2850128710269928,1.1559057235717773,34.72425079345703,0.3153280019760132
dfl_generated,dfl_evaluation_05,0.19858039915561676,6,PCC,A,2.7790205478668213,0.0,0.03677184507250786,0.4131304621696472,1.1579868793487549,53.24800109863281,0.29016587138175964
dfl_generated,dfl_evaluation_05,0.19858039915561676,6,PCC,B,2.7788498401641846,0.0,0.03183017298579216,0.4131304621696472,1.1579868793487549,53.24800109863281,0.29016587138175964
dfl_generated,dfl_evaluation_05,0.19858039915561676,6,PCC,C,2.7754745483398438,0.0,0.03514314815402031,0.4131304621696472,1.1579868793487549,53.24800109863281,0.29016587138175964
dfl_generated,dfl_evaluation_05,0.19858039915561676,7,PCC,A,3.0482687950134277,0.0,0.19563665986061096,0.5887197852134705,1.1633861064910889,53.24800109863281,0.2692684233188629
dfl_generated,dfl_evaluation_05,0.19858039915561676,7,PCC,B,3.0425450801849365,0.0,0.18764950335025787,0.5887197852134705,1.1633861064910889,53.24800109863281,0.2692684233188629
dfl_generated,dfl_evaluation_05,0.19858039915561676,7,PCC,C,3.045128345489502,0.0,0.1737644374370575,0.5887197852134705,1.1633861064910889,53.24800109863281,0.2692684233188629
dfl_generated,dfl_evaluation_05,0.19858039915561676,8,PCC,A,2.809906005859375,0.0,0.416296124458313,0.41616514325141907,1.1677813529968262,53.24800109863281,0.24493366479873657
dfl_generated,dfl_evaluation_05,0.19858039915561676,8,PCC,B,2.812014102935791,0.0,0.43787047266960144,0.41616514325141907,1.1677813529968262,53.24800109863281,0.24493366479873657
dfl_generated,dfl_evaluation_05,0.19858039915561676,8,PCC,C,2.8082869052886963,0.0,0.44722414016723633,0.41616514325141907,1.1677813529968262,53.24800109863281,0.24493366479873657
dfl_generated,dfl_evaluation_05,0.19858039915561676,9,PCC,A,2.969245195388794,0.0,0.6538824439048767,0.5137431621551514,1.1753168106079102,53.24800109863281,0.21670615673065186
dfl_generated,dfl_evaluation_05,0.19858039915561676,9,PCC,B,2.961358070373535,0.0,0.7010897397994995,0.5137431621551514,1.1753168106079102,53.24800109863281,0.21670615673065186
dfl_generated,dfl_evaluation_05,0.19858039915561676,9,PCC,C,2.964019298553467,0.0,0.6690405011177063,0.5137431621551514,1.1753168106079102,53.24800109863281,0.21670615673065186
dfl_generated,dfl_evaluation_05,0.19858039915561676,10,PCC,A,2.7546403408050537,0.0,0.839144229888916,0.3643687963485718,1.1798468828201294,53.24800109863281,0.2565869390964508
dfl_generated,dfl_evaluation_05,0.19858039915561676,10,PCC,B,2.741673469543457,0.0,0.8455373048782349,0.3643687963485718,1.1798468828201294,53.24800109863281,0.2565869390964508
dfl_generated,dfl_evaluation_05,0.19858039915561676,10,PCC,C,2.7593016624450684,0.0,0.7959200143814087,0.3643687963485718,1.1798468828201294,53.24800109863281,0.2565869390964508
dfl_generated,dfl_evaluation_05,0.19858039915561676,11,PCC,A,2.7602784633636475,0.0,0.877842903137207,0.36136627197265625,1.186504602432251,53.24800109863281,0.27136939764022827
dfl_generated,dfl_evaluation_05,0.19858039915561676,11,PCC,B,2.7463817596435547,0.0,0.8668986558914185,0.36136627197265625,1.186504602432251,53.24800109863281,0.27136939764022827
dfl_generated,dfl_evaluation_05,0.19858039915561676,11,PCC,C,2.746995449066162,0.0,0.8559460043907166,0.36136627197265625,1.186504602432251,53.24800109863281,0.27136939764022827
dfl_generated,dfl_evaluation_05,0.19858039915561676,12,PCC,A,3.0265188217163086,0.0,0.9212117791175842,0.5383059978485107,1.1869993209838867,53.24800109863281,0.26739904284477234
dfl_generated,dfl_evaluation_05,0.19858039915561676,12,PCC,B,3.0294578075408936,0.0,0.893958330154419,0.5383059978485107,1.1869993209838867,53.24800109863281,0.26739904284477234
dfl_generated,dfl_evaluation_05,0.19858039915561676,12,PCC,C,3.032424211502075,0.0,0.8712452054023743,0.5383059978485107,1.1869993209838867,53.24800109863281,0.26739904284477234
dfl_generated,dfl_evaluation_05,0.19858039915561676,13,PCC,A,3.1398956775665283,0.0,0.9279899597167969,0.6031783223152161,1.1900053024291992,53.24800109863281,0.2739729881286621
dfl_generated,dfl_evaluation_05,0.19858039915561676,13,PCC,B,3.1331229209899902,0.0,0.890850841999054,0.6031783223152161,1.1900053024291992,53.24800109863281,0.2739729881286621
dfl_generated,dfl_evaluation_05,0.19858039915561676,13,PCC,C,3.134463310241699,0.0,0.8917691707611084,0.6031783223152161,1.1900053024291992,53.24800109863281,0.2739729881286621
dfl_generated,dfl_evaluation_05,0.19858039915561676,14,PCC,A,3.213772773742676,0.0,0.7910692095756531,0.6654155254364014,1.191976547241211,53.24800109863281,0.2723563313484192
dfl_generated,dfl_evaluation_05,0.19858039915561676,14,PCC,B,3.219688892364502,0.0,0.8086602091789246,0.6654155254364014,1.191976547241211,53.24800109863281,0.2723563313484192
dfl_generated,dfl_evaluation_05,0.19858039915561676,14,PCC,C,3.2062184810638428,0.0,0.7619748115539551,0.6654155254364014,1.191976547241211,53.24800109863281,0.2723563313484192
dfl_generated,dfl_evaluation_05,0.19858039915561676,15,PCC,A,2.995764970779419,0.0,0.6491606831550598,0.5210045576095581,1.1870187520980835,53.24800109863281,0.26984500885009766
dfl_generated,dfl_evaluation_05,0.19858039915561676,15,PCC,B,3.0031380653381348,0.0,0.624262809753418,0.5210045576095581,1.1870187520980835,53.24800109863281,0.26984500885009766
dfl_generated,dfl_evaluation_05,0.19858039915561676,15,PCC,C,3.0046491622924805,0.0,0.6291316151618958,0.5210045576095581,1.1870187520980835,53.24800109863281,0.26984500885009766
dfl_generated,dfl_evaluation_05,0.19858039915561676,16,PCC,A,3.065326690673828,0.0,0.43369001150131226,0.5631123185157776,1.1817322969436646,53.24800109863281,0.27461063861846924
dfl_generated,dfl_evaluation_05,0.19858039915561676,16,PCC,B,3.062218189239502,0.0,0.41323304176330566,0.5631123185157776,1.1817322969436646,53.24800109863281,0.27461063861846924
dfl_generated,dfl_evaluation_05,0.19858039915561676,16,PCC,C,3.044921398162842,0.0,0.41487354040145874,0.5631123185157776,1.1817322969436646,53.24800109863281,0.27461063861846924
dfl_generated,dfl_evaluation_05,0.19858039915561676,17,PCC,A,2.9726102352142334,0.0,0.16299985349178314,0.5185338854789734,1.176418662071228,53.24800109863281,0.28201809525489807
dfl_generated,dfl_evaluation_05,0.19858039915561676,17,PCC,B,2.972856044769287,0.0,0.16202227771282196,0.5185338854789734,1.176418662071228,53.24800109863281,0.28201809525489807
dfl_generated,dfl_evaluation_05,0.19858039915561676,17,PCC,C,2.9762256145477295,0.0,0.15852981805801392,0.5185338854789734,1.176418662071228,53.24800109863281,0.28201809525489807
dfl_generated,dfl_evaluation_05,0.19858039915561676,18,PCC,A,2.931180238723755,0.0,0.03640240058302879,0.501911997795105,1.1715773344039917,121.88175201416016,0.28638166189193726
dfl_generated,dfl_evaluation_05,0.19858039915561676,18,PCC,B,2.9381778240203857,0.0,0.029754752293229103,0.501911997795105,1.1715773344039917,121.88175201416016,0.28638166189193726
dfl_generated,dfl_evaluation_05,0.19858039915561676,18,PCC,C,2.940953493118286,0.0,0.03237054497003555,0.501911997795105,1.1715773344039917,121.88175201416016,0.28638166189193726
dfl_generated,dfl_evaluation_05,0.19858039915561676,19,PCC,A,3.0185513496398926,0.0,0.0013093188172206283,0.5692486763000488,1.1650328636169434,121.88175201416016,0.2831452488899231
dfl_generated,dfl_evaluation_05,0.19858039915561676,19,PCC,B,3.014432430267334,0.0,0.0016283646691590548,0.5692486763000488,1.1650328636169434,121.88175201416016,0.2831452488899231
dfl_generated,dfl_evaluation_05,0.19858039915561676,19,PCC,C,3.017401695251465,0.0,0.0012121906038373709,0.5692486763000488,1.1650328636169434,121.88175201416016,0.2831452488899231
dfl_generated,dfl_evaluation_05,0.19858039915561676,20,PCC,A,2.859206438064575,0.0,0.0,0.458400696516037,1.1636050939559937,121.88175201416016,0.29486414790153503
dfl_generated,dfl_evaluation_05,0.19858039915561676,20,PCC,B,2.8559763431549072,0.0,0.0,0.458400696516037,1.1636050939559937,121.88175201416016,0.29486414790153503
dfl_generated,dfl_evaluation_05,0.19858039915561676,20,PCC,C,2.8557651042938232,0.0,1.6139987337737693e-06,0.458400696516037,1.1636050939559937,121.88175201416016,0.29486414790153503
dfl_generated,dfl_evaluation_05,0.19858039915561676,21,PCC,A,2.7657523155212402,0.0,4.5273736759554595e-06,0.39928483963012695,1.160799503326416,53.24800109863281,0.31263479590415955
dfl_generated,dfl_evaluation_05,0.19858039915561676,21,PCC,B,2.7684030532836914,0.0,2.649768021001364e-06,0.39928483963012695,1.160799503326416,53.24800109863281,0.31263479590415955
dfl_generated,dfl_evaluation_05,0.19858039915561676,21,PCC,C,2.765688896179199,0.0,0.0,0.39928483963012695,1.160799503326416,53.24800109863281,0.31263479590415955
dfl_generated,dfl_evaluation_05,0.19858039915561676,22,PCC,A,2.7086455821990967,0.0,0.0,0.3637107312679291,1.1590710878372192,53.24800109863281,0.3133150339126587
dfl_generated,dfl_evaluation_05,0.19858039915561676,22,PCC,B,2.710092544555664,0.0,3.4329445952607784e-06,0.3637107312679291,1.1590710878372192,53.24800109863281,0.3133150339126587
dfl_generated,dfl_evaluation_05,0.19858039915561676,22,PCC,C,2.7087979316711426,0.0,9.82575443231326e-07,0.3637107312679291,1.1590710878372192,53.24800109863281,0.3133150339126587
dfl_generated,dfl_evaluation_05,0.19858039915561676,23,PCC,A,2.68070125579834,0.0,0.0,0.34759950637817383,1.1585681438446045,53.24800109863281,0.31289511919021606
dfl_generated,dfl_evaluation_05,0.19858039915561676,23,PCC,B,2.683997392654419,0.0,0.0,0.34759950637817383,1.1585681438446045,53.24800109863281,0.31289511919021606
dfl_generated,dfl_evaluation_05,0.19858039915561676,23,PCC,C,2.6844537258148193,0.0,4.7677457359895925e-07,0.34759950637817383,1.1585681438446045,53.24800109863281,0.31289511919021606
dfl_generated,dfl_evaluation_05,0.19858039915561676,24,PCC,A,2.6026134490966797,0.0,3.7553470519924304e-06,0.29431068897247314,1.1583635807037354,53.24800109863281,0.2950025498867035
dfl_generated,dfl_evaluation_05,0.19858039915561676,24,PCC,B,2.6051390171051025,0.0,0.0,0.29431068897247314,1.1583635807037354,53.24800109863281,0.2950025498867035
dfl_generated,dfl_evaluation_05,0.19858039915561676,24,PCC,C,2.605130195617676,0.0,2.121913439623313e-06,0.29431068897247314,1.1583635807037354,53.24800109863281,0.2950025498867035
dfl_generated,dfl_evaluation_05,0.19858039915561676,25,PCC,A,2.6376678943634033,0.0,0.0,0.3179371654987335,1.1576341390609741,34.72425079345703,0.30866947770118713
dfl_generated,dfl_evaluation_05,0.19858039915561676,25,PCC,B,2.6368987560272217,0.0,3.023456258688384e-07,0.3179371654987335,1.1576341390609741,34.72425079345703,0.30866947770118713
dfl_generated,dfl_evaluation_05,0.19858039915561676,25,PCC,C,2.6361916065216064,0.0,1.6419514281551528e-07,0.3179371654987335,1.1576341390609741,34.72425079345703,0.30866947770118713
dfl_generated,dfl_evaluation_05,0.19858039915561676,26,PCC,A,2.499558210372925,0.0,2.0400168523337925e-06,0.2232462614774704,1.1567809581756592,34.72425079345703,0.32247403264045715
dfl_generated,dfl_evaluation_05,0.19858039915561676,26,PCC,B,2.499494791030884,0.0,0.0,0.2232462614774704,1.1567809581756592,34.72425079345703,0.32247403264045715
dfl_generated,dfl_evaluation_05,0.19858039915561676,26,PCC,C,2.498537063598633,0.0,0.0,0.2232462614774704,1.1567809581756592,34.72425079345703,0.32247403264045715
dfl_generated,dfl_evaluation_05,0.19858039915561676,27,PCC,A,2.5555500984191895,0.0,0.0,0.2633455991744995,1.1547538042068481,34.72425079345703,0.3026689887046814
dfl_generated,dfl_evaluation_05,0.19858039915561676,27,PCC,B,2.55434513092041,0.0,0.0,0.2633455991744995,1.1547538042068481,34.72425079345703,0.3026689887046814
dfl_generated,dfl_evaluation_05,0.19858039915561676,27,PCC,C,2.5560214519500732,0.0,0.0,0.2633455991744995,1.1547538042068481,34.72425079345703,0.3026689887046814
dfl_generated,dfl_evaluation_05,0.19858039915561676,28,PCC,A,2.6151046752929688,0.0,0.0,0.3060445785522461,1.1541858911514282,34.72425079345703,0.31358373165130615
dfl_generated,dfl_evaluation_05,0.19858039915561676,28,PCC,B,2.6161580085754395,0.0,0.0,0.3060445785522461,1.1541858911514282,34.72425079345703,0.31358373165130615
dfl_generated,dfl_evaluation_05,0.19858039915561676,28,PCC,C,2.6162655353546143,0.0,1.0792884950205917e-06,0.3060445785522461,1.1541858911514282,34.72425079345703,0.31358373165130615
dfl_generated,dfl_evaluation_05,0.19858039915561676,29,PCC,A,2.5866589546203613,0.0,0.0013126336270943284,0.2850128710269928,1.1544543504714966,34.72425079345703,0.3053074777126312
dfl_generated,dfl_evaluation_05,0.19858039915561676,29,PCC,B,2.585873603820801,0.0,0.0014967091847211123,0.2850128710269928,1.1544543504714966,34.72425079345703,0.3053074777126312
dfl_generated,dfl_evaluation_05,0.19858039915561676,29,PCC,C,2.585247278213501,0.0,0.001484254957176745,0.2850128710269928,1.1544543504714966,34.72425079345703,0.3053074777126312
dfl_generated,dfl_evaluation_05,0.19858039915561676,30,PCC,A,2.775909185409546,0.0,0.032825928181409836,0.4131304621696472,1.1569727659225464,53.24800109863281,0.2913026511669159
dfl_generated,dfl_evaluation_05,0.19858039915561676,30,PCC,B,2.7764551639556885,0.0,0.03462067246437073,0.4131304621696472,1.1569727659225464,53.24800109863281,0.2913026511669159
dfl_generated,dfl_evaluation_05,0.19858039915561676,30,PCC,C,2.7758407592773438,0.0,0.03513842821121216,0.4131304621696472,1.1569727659225464,53.24800109863281,0.2913026511669159
dfl_generated,dfl_evaluation_05,0.19858039915561676,31,PCC,A,3.04799747467041,0.0,0.17228810489177704,0.5887197852134705,1.1634447574615479,53.24800109863281,0.2639739215373993
dfl_generated,dfl_evaluation_05,0.19858039915561676,31,PCC,B,3.041085958480835,0.0,0.19166019558906555,0.5887197852134705,1.1634447574615479,53.24800109863281,0.2639739215373993
dfl_generated,dfl_evaluation_05,0.19858039915561676,31,PCC,C,3.041893243789673,0.0,0.16973766684532166,0.5887197852134705,1.1634447574615479,53.24800109863281,0.2639739215373993
dfl_generated,dfl_evaluation_05,0.19858039915561676,32,PCC,A,2.803309202194214,0.0,0.45845532417297363,0.41616514325141907,1.170384407043457,53.24800109863281,0.2379056066274643
dfl_generated,dfl_evaluation_05,0.19858039915561676,32,PCC,B,2.8067336082458496,0.0,0.4322112798690796,0.41616514325141907,1.170384407043457,53.24800109863281,0.2379056066274643
dfl_generated,dfl_evaluation_05,0.19858039915561676,32,PCC,C,2.809025764465332,0.0,0.4312313497066498,0.41616514325141907,1.170384407043457,53.24800109863281,0.2379056066274643
dfl_generated,dfl_evaluation_05,0.19858039915561676,33,PCC,A,2.960380792617798,0.0,0.6588096618652344,0.5137431621551514,1.1744663715362549,53.24800109863281,0.25432059168815613
dfl_generated,dfl_evaluation_05,0.19858039915561676,33,PCC,B,2.9639523029327393,0.0,0.6253314018249512,0.5137431621551514,1.1744663715362549,53.24800109863281,0.25432059168815613
dfl_generated,dfl_evaluation_05,0.19858039915561676,33,PCC,C,2.973144292831421,0.0,0.649995744228363,0.5137431621551514,1.1744663715362549,53.24800109863281,0.25432059168815613
dfl_generated,dfl_evaluation_05,0.19858039915561676,34,PCC,A,2.7479395866394043,0.0,0.8298589587211609,0.3643687963485718,1.181041955947876,53.24800109863281,0.25950708985328674
dfl_generated,dfl_evaluation_05,0.19858039915561676,34,PCC,B,2.7560436725616455,0.0,0.8071693181991577,0.3643687963485718,1.181041955947876,53.24800109863281,0.25950708985328674
dfl_generated,dfl_evaluation_05,0.19858039915561676,34,PCC,C,2.757620334625244,0.0,0.8407250046730042,0.3643687963485718,1.181041955947876,53.24800109863281,0.25950708985328674
dfl_generated,dfl_evaluation_05,0.19858039915561676,35,PCC,A,2.755681276321411,0.0,0.9029811024665833,0.36136627197265625,1.18129563331604,53.24800109863281,0.26420339941978455
dfl_generated,dfl_evaluation_05,0.19858039915561676,35,PCC,B,2.7594833374023438,0.0,0.867890477180481,0.36136627197265625,1.18129563331604,53.24800109863281,0.26420339941978455
dfl_generated,dfl_evaluation_05,0.19858039915561676,35,PCC,C,2.7596888542175293,0.0,0.8870272040367126,0.36136627197265625,1.18129563331604,53.24800109863281,0.26420339941978455
dfl_generated,dfl_evaluation_05,0.19858039915561676,36,PCC,A,3.026466131210327,0.0,0.9234452843666077,0.5383059978485107,1.1828287839889526,53.24800109863281,0.27797701954841614
dfl_generated,dfl_evaluation_05,0.19858039915561676,36,PCC,B,3.0337164402008057,0.0,0.9265736937522888,0.5383059978485107,1.1828287839889526,53.24800109863281,0.27797701954841614
dfl_generated,dfl_evaluation_05,0.19858039915561676,36,PCC,C,3.029390335083008,0.0,0.9322017431259155,0.5383059978485107,1.1828287839889526,53.24800109863281,0.27797701954841614
dfl_generated,dfl_evaluation_05,0.19858039915561676,37,PCC,A,3.1209003925323486,0.0,0.9073565006256104,0.6031783223152161,1.1887127161026,53.24800109863281,0.28078293800354004
dfl_generated,dfl_evaluation_05,0.19858039915561676,37,PCC,B,3.1184604167938232,0.0,0.9088113903999329,0.6031783223152161,1.1887127161026,53.24800109863281,0.28078293800354004
dfl_generated,dfl_evaluation_05,0.19858039915561676,37,PCC,C,3.130156993865967,0.0,0.8962652087211609,0.6031783223152161,1.1887127161026,53.24800109863281,0.28078293800354004
dfl_generated,dfl_evaluation_05,0.19858039915561676,38,PCC,A,3.2166690826416016,0.0,0.7985843420028687,0.6654155254364014,1.1902743577957153,53.24800109863281,0.2785078287124634
dfl_generated,dfl_evaluation_05,0.19858039915561676,38,PCC,B,3.211500644683838,0.0,0.7860727310180664,0.6654155254364014,1.1902743577957153,53.24800109863281,0.2785078287124634
dfl_generated,dfl_evaluation_05,0.19858039915561676,38,PCC,C,3.2134711742401123,0.0,0.8187597990036011,0.6654155254364014,1.1902743577957153,53.24800109863281,0.2785078287124634
dfl_generated,dfl_evaluation_05,0.19858039915561676,39,PCC,A,3.0040903091430664,0.0,0.6363447308540344,0.5210045576095581,1.1844418048858643,53.24800109863281,0.27039843797683716
dfl_generated,dfl_evaluation_05,0.19858039915561676,39,PCC,B,2.995748996734619,0.0,0.6159675717353821,0.5210045576095581,1.1844418048858643,53.24800109863281,0.27039843797683716
dfl_generated,dfl_evaluation_05,0.19858039915561676,39,PCC,C,2.9983952045440674,0.0,0.6470016241073608,0.5210045576095581,1.1844418048858643,53.24800109863281,0.27039843797683716
dfl_generated,dfl_evaluation_05,0.19858039915561676,40,PCC,A,3.0475878715515137,0.0,0.40532317757606506,0.5631123185157776,1.1804009675979614,53.24800109863281,0.2860279977321625
dfl_generated,dfl_evaluation_05,0.19858039915561676,40,PCC,B,3.0628886222839355,0.0,0.40436044335365295,0.5631123185157776,1.1804009675979614,53.24800109863281,0.2860279977321625
dfl_generated,dfl_evaluation_05,0.19858039915561676,40,PCC,C,3.0488648414611816,0.0,0.42707526683807373,0.5631123185157776,1.1804009675979614,53.24800109863281,0.2860279977321625
dfl_generated,dfl_evaluation_05,0.19858039915561676,41,PCC,A,2.9863030910491943,0.0,0.16458962857723236,0.5185338854789734,1.1747642755508423,53.24800109863281,0.29474544525146484
dfl_generated,dfl_evaluation_05,0.19858039915561676,41,PCC,B,2.973524332046509,0.0,0.17049284279346466,0.5185338854789734,1.1747642755508423,53.24800109863281,0.29474544525146484
dfl_generated,dfl_evaluation_05,0.19858039915561676,41,PCC,C,2.974907636642456,0.0,0.16019076108932495,0.5185338854789734,1.1747642755508423,53.24800109863281,0.29474544525146484
dfl_generated,dfl_evaluation_05,0.19858039915561676,42,PCC,A,2.9392828941345215,0.0,0.03166224807500839,0.501911997795105,1.1712101697921753,121.88175201416016,0.2978023290634155
dfl_generated,dfl_evaluation_05,0.19858039915561676,42,PCC,B,2.935046434402466,0.0,0.031459782272577286,0.501911997795105,1.1712101697921753,121.88175201416016,0.2978023290634155
dfl_generated,dfl_evaluation_05,0.19858039915561676,42,PCC,C,2.934731960296631,0.0,0.0329294316470623,0.501911997795105,1.1712101697921753,121.88175201416016,0.2978023290634155
dfl_generated,dfl_evaluation_05,0.19858039915561676,43,PCC,A,3.024977922439575,0.0,0.0013841540785506368,0.5692486763000488,1.1666102409362793,121.88175201416016,0.2914159297943115
dfl_generated,dfl_evaluation_05,0.19858039915561676,43,PCC,B,3.0240416526794434,0.0,0.0014468674780800939,0.5692486763000488,1.1666102409362793,121.88175201416016,0.2914159297943115
dfl_generated,dfl_evaluation_05,0.19858039915561676,43,PCC,C,3.02412748336792,0.0,0.0014037627261132002,0.5692486763000488,1.1666102409362793,121.88175201416016,0.2914159297943115
dfl_generated,dfl_evaluation_05,0.19858039915561676,44,PCC,A,2.8540658950805664,0.0,0.0,0.458400696516037,1.1630252599716187,121.88175201416016,0.29882627725601196
dfl_generated,dfl_evaluation_05,0.19858039915561676,44,PCC,B,2.8586461544036865,0.0,0.0,0.458400696516037,1.1630252599716187,121.88175201416016,0.29882627725601196
dfl_generated,dfl_evaluation_05,0.19858039915561676,44,PCC,C,2.8548946380615234,0.0,0.0,0.458400696516037,1.1630252599716187,121.88175201416016,0.29882627725601196
dfl_generated,dfl_evaluation_05,0.19858039915561676,45,PCC,A,2.7673020362854004,0.0,3.5919665606343187e-06,0.39928483963012695,1.1607072353363037,53.24800109863281,0.30645108222961426
dfl_generated,dfl_evaluation_05,0.19858039915561676,45,PCC,B,2.7675771713256836,0.0,0.0,0.39928483963012695,1.1607072353363037,53.24800109863281,0.30645108222961426
dfl_generated,dfl_evaluation_05,0.19858039915561676,45,PCC,C,2.760308265686035,0.0,0.0,0.39928483963012695,1.1607072353363037,53.24800109863281,0.30645108222961426
dfl_generated,dfl_evaluation_05,0.19858039915561676,46,PCC,A,2.7102677822113037,0.0,3.226946887480153e-07,0.3637107312679291,1.1604294776916504,53.24800109863281,0.31221383810043335
dfl_generated,dfl_evaluation_05,0.19858039915561676,46,PCC,B,2.709933042526245,0.0,4.877240940004413e-07,0.3637107312679291,1.1604294776916504,53.24800109863281,0.31221383810043335
dfl_generated,dfl_evaluation_05,0.19858039915561676,46,PCC,C,2.711815357208252,0.0,1.110840344153985e-06,0.3637107312679291,1.1604294776916504,53.24800109863281,0.31221383810043335
dfl_generated,dfl_evaluation_05,0.19858039915561676,47,PCC,A,2.6838061809539795,0.0,4.625142082659295e-06,0.34759950637817383,1.1586347818374634,53.24800109863281,0.3122410476207733
dfl_generated,dfl_evaluation_05,0.19858039915561676,47,PCC,B,2.6850931644439697,0.0,0.0,0.34759950637817383,1.1586347818374634,53.24800109863281,0.3122410476207733
dfl_generated,dfl_evaluation_05,0.19858039915561676,47,PCC,C,2.682708263397217,0.0,2.2984652332525e-06,0.34759950637817383,1.1586347818374634,53.24800109863281,0.3122410476207733
dfl_generated,dfl_evaluation_06,0.0023659924045205116,0,PCC,A,2.6110692024230957,0.0,0.0,0.29431068897247314,1.158950686454773,53.24800109863281,0.3125356435775757
dfl_generated,dfl_evaluation_06,0.0023659924045205116,0,PCC,B,2.6103429794311523,0.0,0.0,0.29431068897247314,1.158950686454773,53.24800109863281,0.3125356435775757
dfl_generated,dfl_evaluation_06,0.0023659924045205116,0,PCC,C,2.6123197078704834,0.0,3.992139227193547e-06,0.29431068897247314,1.158950686454773,53.24800109863281,0.3125356435775757
dfl_generated,dfl_evaluation_06,0.0023659924045205116,1,PCC,A,2.6388213634490967,0.0,1.7145152924058493e-06,0.3179371654987335,1.1584525108337402,53.24800109863281,0.2903471291065216
dfl_generated,dfl_evaluation_06,0.0023659924045205116,1,PCC,B,2.6402652263641357,0.0,0.0,0.3179371654987335,1.1584525108337402,53.24800109863281,0.2903471291065216
dfl_generated,dfl_evaluation_06,0.0023659924045205116,1,PCC,C,2.6356875896453857,0.0,0.0,0.3179371654987335,1.1584525108337402,53.24800109863281,0.2903471291065216
dfl_generated,dfl_evaluation_06,0.0023659924045205116,2,PCC,A,2.500868320465088,0.0,2.623747604957316e-06,0.2232462614774704,1.1570485830307007,53.24800109863281,0.3218248784542084
dfl_generated,dfl_evaluation_06,0.0023659924045205116,2,PCC,B,2.5018014907836914,0.0,0.0,0.2232462614774704,1.1570485830307007,53.24800109863281,0.3218248784542084
dfl_generated,dfl_evaluation_06,0.0023659924045205116,2,PCC,C,2.500943183898926,0.0,4.5890695332673204e-07,0.2232462614774704,1.1570485830307007,53.24800109863281,0.3218248784542084
dfl_generated,dfl_evaluation_06,0.0023659924045205116,3,PCC,A,2.555267572402954,0.0,0.0,0.2633455991744995,1.156177282333374,53.24800109863281,0.31594178080558777
dfl_generated,dfl_evaluation_06,0.0023659924045205116,3,PCC,B,2.558331251144409,0.0,6.460407348640729e-06,0.2633455991744995,1.156177282333374,53.24800109863281,0.31594178080558777
dfl_generated,dfl_evaluation_06,0.0023659924045205116,3,PCC,C,2.5593008995056152,0.0,0.0,0.2633455991744995,1.156177282333374,53.24800109863281,0.31594178080558777
dfl_generated,dfl_evaluation_06,0.0023659924045205116,4,PCC,A,2.621394157409668,0.0,0.0,0.3060445785522461,1.1550381183624268,53.24800109863281,0.317194402217865
dfl_generated,dfl_evaluation_06,0.0023659924045205116,4,PCC,B,2.6193037033081055,0.0,0.0,0.3060445785522461,1.1550381183624268,53.24800109863281,0.317194402217865
dfl_generated,dfl_evaluation_06,0.0023659924045205116,4,PCC,C,2.6194303035736084,0.0,0.0,0.3060445785522461,1.1550381183624268,53.24800109863281,0.317194402217865
dfl_generated,dfl_evaluation_06,0.0023659924045205116,5,PCC,A,2.5878026485443115,0.0,0.001967286691069603,0.2850128710269928,1.155991554260254,53.24800109863281,0.3047122061252594
dfl_generated,dfl_evaluation_06,0.0023659924045205116,5,PCC,B,2.590575933456421,0.0,0.0021122072357684374,0.2850128710269928,1.155991554260254,53.24800109863281,0.3047122061252594
dfl_generated,dfl_evaluation_06,0.0023659924045205116,5,PCC,C,2.590573787689209,0.0,0.0021539321169257164,0.2850128710269928,1.155991554260254,53.24800109863281,0.3047122061252594
dfl_generated,dfl_evaluation_06,0.0023659924045205116,6,PCC,A,2.783184766769409,0.0,0.03984136879444122,0.4131304621696472,1.1604677438735962,53.24800109863281,0.28242120146751404
dfl_generated,dfl_evaluation_06,0.0023659924045205116,6,PCC,B,2.785701274871826,0.0,0.038573287427425385,0.4131304621696472,1.1604677438735962,53.24800109863281,0.28242120146751404
dfl_generated,dfl_evaluation_06,0.0023659924045205116,6,PCC,C,2.7832729816436768,0.0,0.0385863296687603,0.4131304621696472,1.1604677438735962,53.24800109863281,0.28242120146751404
dfl_generated,dfl_evaluation_06,0.0023659924045205116,7,PCC,A,3.0550525188446045,0.0,0.216956228017807,0.5887197852134705,1.1639690399169922,53.24800109863281,0.2682826519012451
dfl_generated,dfl_evaluation_06,0.0023659924045205116,7,PCC,B,3.049691677093506,0.0,0.21920518577098846,0.5887197852134705,1.1639690399169922,53.24800109863281,0.2682826519012451
dfl_generated,dfl_evaluation_06,0.0023659924045205116,7,PCC,C,3.0559425354003906,0.0,0.2124406099319458,0.5887197852134705,1.1639690399169922,53.24800109863281,0.2682826519012451
dfl_generated,dfl_evaluation_06,0.0023659924045205116,8,PCC,A,2.811725378036499,0.0,0.39758387207984924,0.41616514325141907,1.1710007190704346,53.24800109863281,0.24602317810058594
dfl_generated,dfl_evaluation_06,0.0023659924045205116,8,PCC,B,2.817964792251587,0.0,0.42534640431404114,0.41616514325141907,1.1710007190704346,53.24800109863281,0.24602317810058594
dfl_generated,dfl_evaluation_06,0.0023659924045205116,8,PCC,C,2.8233747482299805,0.0,0.3854968249797821,0.41616514325141907,1.1710007190704346,53.24800109863281,0.24602317810058594
dfl_generated,dfl_evaluation_06,0.0023659924045205116,9,PCC,A,2.9718754291534424,0.0,0.6801067590713501,0.5137431621551514,1.17594313621521,53.24800109863281,0.19898875057697296
dfl_generated,dfl_evaluation_06,0.0023659924045205116,9,PCC,B,2.9732134342193604,0.0,0.7081116437911987,0.5137431621551514,1.17594313621521,53.24800109863281,0.19898875057697296
dfl_generated,dfl_evaluation_06,0.0023659924045205116,9,PCC,C,2.9724793434143066,0.0,0.6605744957923889,0.5137431621551514,1.17594313621521,53.24800109863281,0.19898875057697296
dfl_generated,dfl_evaluation_06,0.0023659924045205116,10,PCC,A,2.7615888118743896,0.0,0.8214618563652039,0.3643687963485718,1.1855518817901611,53.24800109863281,0.2570243775844574
dfl_generated,dfl_evaluation_06,0.0023659924045205116,10,PCC,B,2.758328676223755,0.0,0.8472046256065369,0.3643687963485718,1.1855518817901611,53.24800109863281,0.2570243775844574
dfl_generated,dfl_evaluation_06,0.0023659924045205116,10,PCC,C,2.757803201675415,0.0,0.811444878578186,0.3643687963485718,1.1855518817901611,53.24800109863281,0.2570243775844574
dfl_generated,dfl_evaluation_06,0.0023659924045205116,11,PCC,A,2.762364387512207,0.0,0.8775168657302856,0.36136627197265625,1.1881364583969116,53.24800109863281,0.26866066455841064
dfl_generated,dfl_evaluation_06,0.0023659924045205116,11,PCC,B,2.760477066040039,0.0,0.8893108367919922,0.36136627197265625,1.1881364583969116,53.24800109863281,0.26866066455841064
dfl_generated,dfl_evaluation_06,0.0023659924045205116,11,PCC,C,2.767709970474243,0.0,0.8764341473579407,0.36136627197265625,1.1881364583969116,53.24800109863281,0.26866066455841064
dfl_generated,dfl_evaluation_06,0.0023659924045205116,12,PCC,A,3.0405828952789307,0.0,0.9192506074905396,0.5383059978485107,1.1898376941680908,53.24800109863281,0.28131529688835144
dfl_generated,dfl_evaluation_06,0.0023659924045205116,12,PCC,B,3.0408520698547363,0.0,0.893470048904419,0.5383059978485107,1.1898376941680908,53.24800109863281,0.28131529688835144
dfl_generated,dfl_evaluation_06,0.0023659924045205116,12,PCC,C,3.0429272651672363,0.0,0.899125337600708,0.5383059978485107,1.1898376941680908,53.24800109863281,0.28131529688835144
dfl_generated,dfl_evaluation_06,0.0023659924045205116,13,PCC,A,3.1480801105499268,0.0,0.8961544036865234,0.6031783223152161,1.191218376159668,53.24800109863281,0.2810797095298767
dfl_generated,dfl_evaluation_06,0.0023659924045205116,13,PCC,B,3.1432995796203613,0.0,0.8984048962593079,0.6031783223152161,1.191218376159668,53.24800109863281,0.2810797095298767
dfl_generated,dfl_evaluation_06,0.0023659924045205116,13,PCC,C,3.1524558067321777,0.0,0.8888126611709595,0.6031783223152161,1.191218376159668,53.24800109863281,0.2810797095298767
dfl_generated,dfl_evaluation_06,0.0023659924045205116,14,PCC,A,3.2243478298187256,0.0,0.7991762161254883,0.6654155254364014,1.1942076683044434,53.24800109863281,0.2778857946395874
dfl_generated,dfl_evaluation_06,0.0023659924045205116,14,PCC,B,3.238834857940674,0.0,0.7472803592681885,0.6654155254364014,1.1942076683044434,53.24800109863281,0.2778857946395874
dfl_generated,dfl_evaluation_06,0.0023659924045205116,14,PCC,C,3.2287027835845947,0.0,0.8255892395973206,0.6654155254364014,1.1942076683044434,53.24800109863281,0.2778857946395874
dfl_generated,dfl_evaluation_06,0.0023659924045205116,15,PCC,A,3.0172476768493652,0.0,0.6933054327964783,0.5210045576095581,1.193677306175232,53.24800109863281,0.27563536167144775
dfl_generated,dfl_evaluation_06,0.0023659924045205116,15,PCC,B,3.020292043685913,0.0,0.698030948638916,0.5210045576095581,1.193677306175232,53.24800109863281,0.27563536167144775
dfl_generated,dfl_evaluation_06,0.0023659924045205116,15,PCC,C,3.013645648956299,0.0,0.6541000604629517,0.5210045576095581,1.193677306175232,53.24800109863281,0.27563536167144775
dfl_generated,dfl_evaluation_06,0.0023659924045205116,16,PCC,A,3.0769519805908203,0.0,0.44187456369400024,0.5631123185157776,1.1847238540649414,53.24800109863281,0.2739882469177246
dfl_generated,dfl_evaluation_06,0.0023659924045205116,16,PCC,B,3.066279411315918,0.0,0.44453665614128113,0.5631123185157776,1.1847238540649414,53.24800109863281,0.2739882469177246
dfl_generated,dfl_evaluation_06,0.0023659924045205116,16,PCC,C,3.0583043098449707,0.0,0.43214789032936096,0.5631123185157776,1.1847238540649414,53.24800109863281,0.2739882469177246
dfl_generated,dfl_evaluation_06,0.0023659924045205116,17,PCC,A,2.9871020317077637,0.0,0.16029179096221924,0.5185338854789734,1.1807814836502075,53.24800109863281,0.28677698969841003
dfl_generated,dfl_evaluation_06,0.0023659924045205116,17,PCC,B,2.976069450378418,0.0,0.18213386833667755,0.5185338854789734,1.1807814836502075,53.24800109863281,0.28677698969841003
dfl_generated,dfl_evaluation_06,0.0023659924045205116,17,PCC,C,2.9717581272125244,0.0,0.17892374098300934,0.5185338854789734,1.1807814836502075,53.24800109863281,0.28677698969841003
dfl_generated,dfl_evaluation_06,0.0023659924045205116,18,PCC,A,2.940765380859375,0.0,0.034832727164030075,0.501911997795105,1.1734809875488281,53.24800109863281,0.29074743390083313
dfl_generated,dfl_evaluation_06,0.0023659924045205116,18,PCC,B,2.944676160812378,0.0,0.03956526145339012,0.501911997795105,1.1734809875488281,53.24800109863281,0.29074743390083313
dfl_generated,dfl_evaluation_06,0.0023659924045205116,18,PCC,C,2.9432120323181152,0.0,0.036916956305503845,0.501911997795105,1.1734809875488281,53.24800109863281,0.29074743390083313
dfl_generated,dfl_evaluation_06,0.0023659924045205116,19,PCC,A,3.022230625152588,0.0,0.0016794659895822406,0.5692486763000488,1.167871117591858,53.24800109863281,0.29150456190109253
dfl_generated,dfl_evaluation_06,0.0023659924045205116,19,PCC,B,3.026320457458496,0.0,0.0018169416580349207,0.5692486763000488,1.167871117591858,53.24800109863281,0.29150456190109253
dfl_generated,dfl_evaluation_06,0.0023659924045205116,19,PCC,C,3.023970603942871,0.0,0.0018547032959759235,0.5692486763000488,1.167871117591858,53.24800109863281,0.29150456190109253
dfl_generated,dfl_evaluation_06,0.0023659924045205116,20,PCC,A,2.858381748199463,0.0,0.0,0.458400696516037,1.1678035259246826,53.24800109863281,0.31226587295532227
dfl_generated,dfl_evaluation_06,0.0023659924045205116,20,PCC,B,2.859262228012085,0.0,0.0,0.458400696516037,1.1678035259246826,53.24800109863281,0.31226587295532227
dfl_generated,dfl_evaluation_06,0.0023659924045205116,20,PCC,C,2.8607053756713867,0.0,0.0,0.458400696516037,1.1678035259246826,53.24800109863281,0.31226587295532227
dfl_generated,dfl_evaluation_06,0.0023659924045205116,21,PCC,A,2.767993211746216,0.0,0.0,0.39928483963012695,1.1628034114837646,53.24800109863281,0.3128724694252014
dfl_generated,dfl_evaluation_06,0.0023659924045205116,21,PCC,B,2.777411699295044,0.0,1.0371927601227071e-05,0.39928483963012695,1.1628034114837646,53.24800109863281,0.3128724694252014
dfl_generated,dfl_evaluation_06,0.0023659924045205116,21,PCC,C,2.7699522972106934,0.0,0.0,0.39928483963012695,1.1628034114837646,53.24800109863281,0.3128724694252014
dfl_generated,dfl_evaluation_06,0.0023659924045205116,22,PCC,A,2.716222047805786,0.0,0.0,0.3637107312679291,1.1627792119979858,53.24800109863281,0.31046727299690247
dfl_generated,dfl_evaluation_06,0.0023659924045205116,22,PCC,B,2.715100049972534,0.0,3.021335942321457e-06,0.3637107312679291,1.1627792119979858,53.24800109863281,0.31046727299690247
dfl_generated,dfl_evaluation_06,0.0023659924045205116,22,PCC,C,2.7098629474639893,0.0,0.0,0.3637107312679291,1.1627792119979858,53.24800109863281,0.31046727299690247
dfl_generated,dfl_evaluation_06,0.0023659924045205116,23,PCC,A,2.6912384033203125,0.0,0.0,0.34759950637817383,1.1607847213745117,53.24800109863281,0.3203674256801605
dfl_generated,dfl_evaluation_06,0.0023659924045205116,23,PCC,B,2.6892192363739014,0.0,0.0,0.34759950637817383,1.1607847213745117,53.24800109863281,0.3203674256801605
dfl_generated,dfl_evaluation_06,0.0023659924045205116,23,PCC,C,2.6893980503082275,0.0,0.0,0.34759950637817383,1.1607847213745117,53.24800109863281,0.3203674256801605
dfl_generated,dfl_evaluation_06,0.0023659924045205116,24,PCC,A,2.607801914215088,0.0,0.0,0.29431068897247314,1.159008264541626,53.24800109863281,0.29353097081184387
dfl_generated,dfl_evaluation_06,0.0023659924045205116,24,PCC,B,2.6072351932525635,0.0,0.0,0.29431068897247314,1.159008264541626,53.24800109863281,0.29353097081184387
dfl_generated,dfl_evaluation_06,0.0023659924045205116,24,PCC,C,2.6084401607513428,0.0,0.0,0.29431068897247314,1.159008264541626,53.24800109863281,0.29353097081184387
dfl_generated,dfl_evaluation_06,0.0023659924045205116,25,PCC,A,2.642131805419922,0.0,0.0,0.3179371654987335,1.159059762954712,53.24800109863281,0.31128278374671936
dfl_generated,dfl_evaluation_06,0.0023659924045205116,25,PCC,B,2.639709234237671,0.0,0.0,0.3179371654987335,1.159059762954712,53.24800109863281,0.31128278374671936
dfl_generated,dfl_evaluation_06,0.0023659924045205116,25,PCC,C,2.6403229236602783,0.0,0.0,0.3179371654987335,1.159059762954712,53.24800109863281,0.31128278374671936
dfl_generated,dfl_evaluation_06,0.0023659924045205116,26,PCC,A,2.5032432079315186,0.0,2.374112682446139e-06,0.2232462614774704,1.1580095291137695,53.24800109863281,0.30052441358566284
dfl_generated,dfl_evaluation_06,0.0023659924045205116,26,PCC,B,2.5016026496887207,0.0,1.3096376960675116e-06,0.2232462614774704,1.1580095291137695,53.24800109863281,0.30052441358566284
dfl_generated,dfl_evaluation_06,0.0023659924045205116,26,PCC,C,2.5008904933929443,0.0,0.0,0.2232462614774704,1.1580095291137695,53.24800109863281,0.30052441358566284
dfl_generated,dfl_evaluation_06,0.0023659924045205116,27,PCC,A,2.5564544200897217,0.0,0.0,0.2633455991744995,1.156126618385315,53.24800109863281,0.30148983001708984
dfl_generated,dfl_evaluation_06,0.0023659924045205116,27,PCC,B,2.5596580505371094,0.0,0.0,0.2633455991744995,1.156126618385315,53.24800109863281,0.30148983001708984
dfl_generated,dfl_evaluation_06,0.0023659924045205116,27,PCC,C,2.5581235885620117,0.0,3.9494902921433095e-06,0.2633455991744995,1.156126618385315,53.24800109863281,0.30148983001708984
dfl_generated,dfl_evaluation_06,0.0023659924045205116,28,PCC,A,2.6196134090423584,0.0,0.0,0.3060445785522461,1.1563242673873901,53.24800109863281,0.3114515542984009
dfl_generated,dfl_evaluation_06,0.0023659924045205116,28,PCC,B,2.6148288249969482,0.0,0.0,0.3060445785522461,1.1563242673873901,53.24800109863281,0.3114515542984009
dfl_generated,dfl_evaluation_06,0.0023659924045205116,28,PCC,C,2.6192638874053955,0.0,0.0,0.3060445785522461,1.1563242673873901,53.24800109863281,0.3114515542984009
dfl_generated,dfl_evaluation_06,0.0023659924045205116,29,PCC,A,2.587902784347534,0.0,0.0021262704394757748,0.2850128710269928,1.1567744016647339,53.24800109863281,0.3004142940044403
dfl_generated,dfl_evaluation_06,0.0023659924045205116,29,PCC,B,2.5885918140411377,0.0,0.002298568608239293,0.2850128710269928,1.1567744016647339,53.24800109863281,0.3004142940044403
dfl_generated,dfl_evaluation_06,0.0023659924045205116,29,PCC,C,2.588927984237671,0.0,0.0018026645993813872,0.2850128710269928,1.1567744016647339,53.24800109863281,0.3004142940044403
dfl_generated,dfl_evaluation_06,0.0023659924045205116,30,PCC,A,2.7791011333465576,0.0,0.037020210176706314,0.4131304621696472,1.1602312326431274,53.24800109863281,0.2777350842952728
dfl_generated,dfl_evaluation_06,0.0023659924045205116,30,PCC,B,2.7805230617523193,0.0,0.033391840755939484,0.4131304621696472,1.1602312326431274,53.24800109863281,0.2777350842952728
dfl_generated,dfl_evaluation_06,0.0023659924045205116,30,PCC,C,2.779874801635742,0.0,0.04109621047973633,0.4131304621696472,1.1602312326431274,53.24800109863281,0.2777350842952728
dfl_generated,dfl_evaluation_06,0.0023659924045205116,31,PCC,A,3.0500073432922363,0.0,0.21242573857307434,0.5887197852134705,1.1655265092849731,53.24800109863281,0.2547105848789215
dfl_generated,dfl_evaluation_06,0.0023659924045205116,31,PCC,B,3.045658588409424,0.0,0.21507583558559418,0.5887197852134705,1.1655265092849731,53.24800109863281,0.2547105848789215
dfl_generated,dfl_evaluation_06,0.0023659924045205116,31,PCC,C,3.051013946533203,0.0,0.2045368105173111,0.5887197852134705,1.1655265092849731,53.24800109863281,0.2547105848789215
dfl_generated,dfl_evaluation_06,0.0023659924045205116,32,PCC,A,2.8111374378204346,0.0,0.4559892416000366,0.41616514325141907,1.174763560295105,53.24800109863281,0.22321179509162903
dfl_generated,dfl_evaluation_06,0.0023659924045205116,32,PCC,B,2.810336112976074,0.0,0.47484493255615234,0.41616514325141907,1.174763560295105,53.24800109863281,0.22321179509162903
dfl_generated,dfl_evaluation_06,0.0023659924045205116,32,PCC,C,2.8253798484802246,0.0,0.44567814469337463,0.41616514325141907,1.174763560295105,53.24800109863281,0.22321179509162903
dfl_generated,dfl_evaluation_06,0.0023659924045205116,33,PCC,A,2.9821858406066895,0.0,0.6617363095283508,0.5137431621551514,1.1773754358291626,53.24800109863281,0.23740318417549133
dfl_generated,dfl_evaluation_06,0.0023659924045205116,33,PCC,B,2.9686977863311768,0.0,0.7124063968658447,0.5137431621551514,1.1773754358291626,53.24800109863281,0.23740318417549133
dfl_generated,dfl_evaluation_06,0.0023659924045205116,33,PCC,C,2.986176013946533,0.0,0.6710035800933838,0.5137431621551514,1.1773754358291626,53.24800109863281,0.23740318417549133
dfl_generated,dfl_evaluation_06,0.0023659924045205116,34,PCC,A,2.7673847675323486,0.0,0.8039311766624451,0.3643687963485718,1.1827834844589233,53.24800109863281,0.2589508891105652
dfl_generated,dfl_evaluation_06,0.0023659924045205116,34,PCC,B,2.756157875061035,0.0,0.826127827167511,0.3643687963485718,1.1827834844589233,53.24800109863281,0.2589508891105652
dfl_generated,dfl_evaluation_06,0.0023659924045205116,34,PCC,C,2.765631914138794,0.0,0.8254095911979675,0.3643687963485718,1.1827834844589233,53.24800109863281,0.2589508891105652
dfl_generated,dfl_evaluation_06,0.0023659924045205116,35,PCC,A,2.768751382827759,0.0,0.9314522743225098,0.36136627197265625,1.1914793252944946,53.24800109863281,0.27058878540992737
dfl_generated,dfl_evaluation_06,0.0023659924045205116,35,PCC,B,2.766392946243286,0.0,0.8727251887321472,0.36136627197265625,1.1914793252944946,53.24800109863281,0.27058878540992737
dfl_generated,dfl_evaluation_06,0.0023659924045205116,35,PCC,C,2.770864725112915,0.0,0.9120439887046814,0.36136627197265625,1.1914793252944946,53.24800109863281,0.27058878540992737
dfl_generated,dfl_evaluation_06,0.0023659924045205116,36,PCC,A,3.0466833114624023,0.0,0.9218372106552124,0.5383059978485107,1.1923261880874634,53.24800109863281,0.27515387535095215
dfl_generated,dfl_evaluation_06,0.0023659924045205116,36,PCC,B,3.0459437370300293,0.0,0.9215083122253418,0.5383059978485107,1.1923261880874634,53.24800109863281,0.27515387535095215
dfl_generated,dfl_evaluation_06,0.0023659924045205116,36,PCC,C,3.043656826019287,0.0,0.9534616470336914,0.5383059978485107,1.1923261880874634,53.24800109863281,0.27515387535095215
dfl_generated,dfl_evaluation_06,0.0023659924045205116,37,PCC,A,3.139169931411743,0.0,0.8678172826766968,0.6031783223152161,1.1961979866027832,53.24800109863281,0.2827474772930145
dfl_generated,dfl_evaluation_06,0.0023659924045205116,37,PCC,B,3.1421213150024414,0.0,0.8809518814086914,0.6031783223152161,1.1961979866027832,53.24800109863281,0.2827474772930145
dfl_generated,dfl_evaluation_06,0.0023659924045205116,37,PCC,C,3.13301682472229,0.0,0.9121335744857788,0.6031783223152161,1.1961979866027832,53.24800109863281,0.2827474772930145
dfl_generated,dfl_evaluation_06,0.0023659924045205116,38,PCC,A,3.2169947624206543,0.0,0.8075090050697327,0.6654155254364014,1.1951342821121216,53.24800109863281,0.27515915036201477
dfl_generated,dfl_evaluation_06,0.0023659924045205116,38,PCC,B,3.236290454864502,0.0,0.8334798812866211,0.6654155254364014,1.1951342821121216,53.24800109863281,0.27515915036201477
dfl_generated,dfl_evaluation_06,0.0023659924045205116,38,PCC,C,3.22176194190979,0.0,0.798332929611206,0.6654155254364014,1.1951342821121216,53.24800109863281,0.27515915036201477
dfl_generated,dfl_evaluation_06,0.0023659924045205116,39,PCC,A,3.001345634460449,0.0,0.6767132878303528,0.5210045576095581,1.1910825967788696,53.24800109863281,0.2808562219142914
dfl_generated,dfl_evaluation_06,0.0023659924045205116,39,PCC,B,3.02262806892395,0.0,0.6566670536994934,0.5210045576095581,1.1910825967788696,53.24800109863281,0.2808562219142914
dfl_generated,dfl_evaluation_06,0.0023659924045205116,39,PCC,C,3.0117530822753906,0.0,0.6692345142364502,0.5210045576095581,1.1910825967788696,53.24800109863281,0.2808562219142914
dfl_generated,dfl_evaluation_06,0.0023659924045205116,40,PCC,A,3.0650272369384766,0.0,0.4101741909980774,0.5631123185157776,1.1883741617202759,53.24800109863281,0.28256797790527344
dfl_generated,dfl_evaluation_06,0.0023659924045205116,40,PCC,B,3.0624868869781494,0.0,0.44042304158210754,0.5631123185157776,1.1883741617202759,53.24800109863281,0.28256797790527344
dfl_generated,dfl_evaluation_06,0.0023659924045205116,40,PCC,C,3.059025764465332,0.0,0.4434592127799988,0.5631123185157776,1.1883741617202759,53.24800109863281,0.28256797790527344
dfl_generated,dfl_evaluation_06,0.0023659924045205116,41,PCC,A,2.9926979541778564,0.0,0.19706447422504425,0.5185338854789734,1.1831634044647217,53.24800109863281,0.29642340540885925
dfl_generated,dfl_evaluation_06,0.0023659924045205116,41,PCC,B,2.9888439178466797,0.0,0.19750237464904785,0.5185338854789734,1.1831634044647217,53.24800109863281,0.29642340540885925
dfl_generated,dfl_evaluation_06,0.0023659924045205116,41,PCC,C,2.9879024028778076,0.0,0.21439269185066223,0.5185338854789734,1.1831634044647217,53.24800109863281,0.29642340540885925
dfl_generated,dfl_evaluation_06,0.0023659924045205116,42,PCC,A,2.941962957382202,0.0,0.039351142942905426,0.501911997795105,1.1752443313598633,53.24800109863281,0.29806050658226013
dfl_generated,dfl_evaluation_06,0.0023659924045205116,42,PCC,B,2.938405990600586,0.0,0.043409135192632675,0.501911997795105,1.1752443313598633,53.24800109863281,0.29806050658226013
dfl_generated,dfl_evaluation_06,0.0023659924045205116,42,PCC,C,2.9437577724456787,0.0,0.04235483705997467,0.501911997795105,1.1752443313598633,53.24800109863281,0.29806050658226013
dfl_generated,dfl_evaluation_06,0.0023659924045205116,43,PCC,A,3.0290513038635254,0.0,0.0015231347642838955,0.5692486763000488,1.1689214706420898,53.24800109863281,0.2947831153869629
dfl_generated,dfl_evaluation_06,0.0023659924045205116,43,PCC,B,3.0337915420532227,0.0,0.0020350858103483915,0.5692486763000488,1.1689214706420898,53.24800109863281,0.2947831153869629
dfl_generated,dfl_evaluation_06,0.0023659924045205116,43,PCC,C,3.0348877906799316,0.0,0.0016281927237287164,0.5692486763000488,1.1689214706420898,53.24800109863281,0.2947831153869629
dfl_generated,dfl_evaluation_06,0.0023659924045205116,44,PCC,A,2.8619160652160645,0.0,0.0,0.458400696516037,1.1648354530334473,53.24800109863281,0.30427658557891846
dfl_generated,dfl_evaluation_06,0.0023659924045205116,44,PCC,B,2.8636298179626465,0.0,0.0,0.458400696516037,1.1648354530334473,53.24800109863281,0.30427658557891846
dfl_generated,dfl_evaluation_06,0.0023659924045205116,44,PCC,C,2.855616569519043,0.0,0.0,0.458400696516037,1.1648354530334473,53.24800109863281,0.30427658557891846
dfl_generated,dfl_evaluation_06,0.0023659924045205116,45,PCC,A,2.767810583114624,0.0,3.3019161946867825e-06,0.39928483963012695,1.1649680137634277,53.24800109863281,0.3112315833568573
dfl_generated,dfl_evaluation_06,0.0023659924045205116,45,PCC,B,2.7686214447021484,0.0,0.0,0.39928483963012695,1.1649680137634277,53.24800109863281,0.3112315833568573
dfl_generated,dfl_evaluation_06,0.0023659924045205116,45,PCC,C,2.7737646102905273,0.0,0.0,0.39928483963012695,1.1649680137634277,53.24800109863281,0.3112315833568573
dfl_generated,dfl_evaluation_06,0.0023659924045205116,46,PCC,A,2.712113857269287,0.0,3.5398604723013705e-06,0.3637107312679291,1.1636197566986084,53.24800109863281,0.3098764717578888
dfl_generated,dfl_evaluation_06,0.0023659924045205116,46,PCC,B,2.720202684402466,0.0,5.957814209978096e-06,0.3637107312679291,1.1636197566986084,53.24800109863281,0.3098764717578888
dfl_generated,dfl_evaluation_06,0.0023659924045205116,46,PCC,C,2.7120580673217773,0.0,5.442550900625065e-06,0.3637107312679291,1.1636197566986084,53.24800109863281,0.3098764717578888
dfl_generated,dfl_evaluation_06,0.0023659924045205116,47,PCC,A,2.6908063888549805,0.0,4.794093911186792e-06,0.34759950637817383,1.16103196144104,53.24800109863281,0.30435168743133545
dfl_generated,dfl_evaluation_06,0.0023659924045205116,47,PCC,B,2.6904592514038086,0.0,0.0,0.34759950637817383,1.16103196144104,53.24800109863281,0.30435168743133545
dfl_generated,dfl_evaluation_06,0.0023659924045205116,47,PCC,C,2.693092107772827,0.0,4.75380784337176e-06,0.34759950637817383,1.16103196144104,53.24800109863281,0.30435168743133545
dfl_generated,dfl_evaluation_07,0.19858039915561676,0,PCC,A,2.5970876216888428,0.0,2.6469267595530255e-06,0.29431068897247314,1.153106451034546,53.24800109863281,0.2854929566383362
dfl_generated,dfl_evaluation_07,0.19858039915561676,0,PCC,B,2.596586227416992,0.0,7.1841445787868e-06,0.29431068897247314,1.153106451034546,53.24800109863281,0.2854929566383362
dfl_generated,dfl_evaluation_07,0.19858039915561676,0,PCC,C,2.5978407859802246,0.0,5.945895509285037e-07,0.29431068897247314,1.153106451034546,53.24800109863281,0.2854929566383362
dfl_generated,dfl_evaluation_07,0.19858039915561676,1,PCC,A,2.6290838718414307,0.0,0.0,0.3179371654987335,1.1531974077224731,34.72425079345703,0.29065075516700745
dfl_generated,dfl_evaluation_07,0.19858039915561676,1,PCC,B,2.6300597190856934,0.0,5.387831151892897e-06,0.3179371654987335,1.1531974077224731,34.72425079345703,0.29065075516700745
dfl_generated,dfl_evaluation_07,0.19858039915561676,1,PCC,C,2.632058620452881,0.0,4.135130893700989e-06,0.3179371654987335,1.1531974077224731,34.72425079345703,0.29065075516700745
dfl_generated,dfl_evaluation_07,0.19858039915561676,2,PCC,A,2.4925241470336914,0.0,2.8765637125616195e-06,0.2232462614774704,1.1529265642166138,34.72425079345703,0.2945879399776459
dfl_generated,dfl_evaluation_07,0.19858039915561676,2,PCC,B,2.4911768436431885,0.0,1.2604114090208896e-06,0.2232462614774704,1.1529265642166138,34.72425079345703,0.2945879399776459
dfl_generated,dfl_evaluation_07,0.19858039915561676,2,PCC,C,2.4903273582458496,0.0,2.074323901979369e-06,0.2232462614774704,1.1529265642166138,34.72425079345703,0.2945879399776459
dfl_generated,dfl_evaluation_07,0.19858039915561676,3,PCC,A,2.550037145614624,0.0,5.955725100648124e-06,0.2633455991744995,1.151990294456482,53.24800109863281,0.28437215089797974
dfl_generated,dfl_evaluation_07,0.19858039915561676,3,PCC,B,2.5496649742126465,0.0,0.0,0.2633455991744995,1.151990294456482,53.24800109863281,0.28437215089797974
dfl_generated,dfl_evaluation_07,0.19858039915561676,3,PCC,C,2.5499956607818604,0.0,9.94106926555105e-07,0.2633455991744995,1.151990294456482,53.24800109863281,0.28437215089797974
dfl_generated,dfl_evaluation_07,0.19858039915561676,4,PCC,A,2.6110124588012695,0.0,6.4759005908854306e-06,0.3060445785522461,1.1530110836029053,53.24800109863281,0.27974432706832886
dfl_generated,dfl_evaluation_07,0.19858039915561676,4,PCC,B,2.6115026473999023,0.0,6.652865636169736e-07,0.3060445785522461,1.1530110836029053,53.24800109863281,0.27974432706832886
dfl_generated,dfl_evaluation_07,0.19858039915561676,4,PCC,C,2.6085550785064697,0.0,8.374964636459481e-06,0.3060445785522461,1.1530110836029053,53.24800109863281,0.27974432706832886
dfl_generated,dfl_evaluation_07,0.19858039915561676,5,PCC,A,2.58247971534729,0.0,0.0010813369881361723,0.2850128710269928,1.152069091796875,53.24800109863281,0.27209916710853577
dfl_generated,dfl_evaluation_07,0.19858039915561676,5,PCC,B,2.5829415321350098,0.0,0.0007552614551968873,0.2850128710269928,1.152069091796875,53.24800109863281,0.27209916710853577
dfl_generated,dfl_evaluation_07,0.19858039915561676,5,PCC,C,2.582252264022827,0.0,0.0010530354920774698,0.2850128710269928,1.152069091796875,53.24800109863281,0.27209916710853577
dfl_generated,dfl_evaluation_07,0.19858039915561676,6,PCC,A,2.7698261737823486,0.0,0.02398807741701603,0.4131304621696472,1.1535207033157349,121.88175201416016,0.25126636028289795
dfl_generated,dfl_evaluation_07,0.19858039915561676,6,PCC,B,2.7665205001831055,0.0,0.023903153836727142,0.4131304621696472,1.1535207033157349,121.88175201416016,0.25126636028289795
dfl_generated,dfl_evaluation_07,0.19858039915561676,6,PCC,C,2.769479990005493,0.0,0.023408830165863037,0.4131304621696472,1.1535207033157349,121.88175201416016,0.25126636028289795
dfl_generated,dfl_evaluation_07,0.19858039915561676,7,PCC,A,3.0322275161743164,0.0,0.12028013169765472,0.5887197852134705,1.155159592628479,121.88175201416016,0.2521571218967438
dfl_generated,dfl_evaluation_07,0.19858039915561676,7,PCC,B,3.0335516929626465,0.0,0.15059831738471985,0.5887197852134705,1.155159592628479,121.88175201416016,0.2521571218967438
dfl_generated,dfl_evaluation_07,0.19858039915561676,7,PCC,C,3.0271799564361572,0.0,0.1479364037513733,0.5887197852134705,1.155159592628479,121.88175201416016,0.2521571218967438
dfl_generated,dfl_evaluation_07,0.19858039915561676,8,PCC,A,2.7886035442352295,0.0,0.4220862090587616,0.41616514325141907,1.1580266952514648,121.88175201416016,0.2551044225692749
dfl_generated,dfl_evaluation_07,0.19858039915561676,8,PCC,B,2.781003952026367,0.0,0.4045482277870178,0.41616514325141907,1.1580266952514648,121.88175201416016,0.2551044225692749
dfl_generated,dfl_evaluation_07,0.19858039915561676,8,PCC,C,2.791412353515625,0.0,0.39691752195358276,0.41616514325141907,1.1580266952514648,121.88175201416016,0.2551044225692749
dfl_generated,dfl_evaluation_07,0.19858039915561676,9,PCC,A,2.9432578086853027,0.0,0.6428017616271973,0.5137431621551514,1.1644666194915771,121.88175201416016,0.23961585760116577
dfl_generated,dfl_evaluation_07,0.19858039915561676,9,PCC,B,2.9337339401245117,0.0,0.6399755477905273,0.5137431621551514,1.1644666194915771,121.88175201416016,0.23961585760116577
dfl_generated,dfl_evaluation_07,0.19858039915561676,9,PCC,C,2.937103033065796,0.0,0.6675331592559814,0.5137431621551514,1.1644666194915771,121.88175201416016,0.23961585760116577
dfl_generated,dfl_evaluation_07,0.19858039915561676,10,PCC,A,2.727144479751587,0.0,0.8216080665588379,0.3643687963485718,1.1694633960723877,53.24800109863281,0.25253936648368835
dfl_generated,dfl_evaluation_07,0.19858039915561676,10,PCC,B,2.7265465259552,0.0,0.7781315445899963,0.3643687963485718,1.1694633960723877,53.24800109863281,0.25253936648368835
dfl_generated,dfl_evaluation_07,0.19858039915561676,10,PCC,C,2.7302780151367188,0.0,0.7888045310974121,0.3643687963485718,1.1694633960723877,53.24800109863281,0.25253936648368835
dfl_generated,dfl_evaluation_07,0.19858039915561676,11,PCC,A,2.739598274230957,0.0,0.9065535664558411,0.36136627197265625,1.171639084815979,53.24800109863281,0.25736749172210693
dfl_generated,dfl_evaluation_07,0.19858039915561676,11,PCC,B,2.737614393234253,0.0,0.8273403644561768,0.36136627197265625,1.171639084815979,53.24800109863281,0.25736749172210693
dfl_generated,dfl_evaluation_07,0.19858039915561676,11,PCC,C,2.7286243438720703,0.0,0.930475652217865,0.36136627197265625,1.171639084815979,53.24800109863281,0.25736749172210693
dfl_generated,dfl_evaluation_07,0.19858039915561676,12,PCC,A,2.996410608291626,0.0,0.9252471327781677,0.5383059978485107,1.1712015867233276,34.72425079345703,0.2658991515636444
dfl_generated,dfl_evaluation_07,0.19858039915561676,12,PCC,B,2.9856817722320557,0.0,0.9347135424613953,0.5383059978485107,1.1712015867233276,34.72425079345703,0.2658991515636444
dfl_generated,dfl_evaluation_07,0.19858039915561676,12,PCC,C,3.004511833190918,0.0,0.8908880949020386,0.5383059978485107,1.1712015867233276,34.72425079345703,0.2658991515636444
dfl_generated,dfl_evaluation_07,0.19858039915561676,13,PCC,A,3.0898234844207764,0.0,0.859439492225647,0.6031783223152161,1.1738768815994263,34.72425079345703,0.2626166343688965
dfl_generated,dfl_evaluation_07,0.19858039915561676,13,PCC,B,3.0864274501800537,0.0,0.8693739771842957,0.6031783223152161,1.1738768815994263,34.72425079345703,0.2626166343688965
dfl_generated,dfl_evaluation_07,0.19858039915561676,13,PCC,C,3.085442543029785,0.0,0.88166743516922,0.6031783223152161,1.1738768815994263,34.72425079345703,0.2626166343688965
dfl_generated,dfl_evaluation_07,0.19858039915561676,14,PCC,A,3.180978536605835,0.0,0.7681268453598022,0.6654155254364014,1.1720454692840576,34.72425079345703,0.2638183534145355
dfl_generated,dfl_evaluation_07,0.19858039915561676,14,PCC,B,3.172600507736206,0.0,0.7909166812896729,0.6654155254364014,1.1720454692840576,34.72425079345703,0.2638183534145355
dfl_generated,dfl_evaluation_07,0.19858039915561676,14,PCC,C,3.178504228591919,0.0,0.7857953906059265,0.6654155254364014,1.1720454692840576,34.72425079345703,0.2638183534145355
dfl_generated,dfl_evaluation_07,0.19858039915561676,15,PCC,A,2.963407516479492,0.0,0.61387699842453,0.5210045576095581,1.1699844598770142,34.72425079345703,0.2597397565841675
dfl_generated,dfl_evaluation_07,0.19858039915561676,15,PCC,B,2.96982479095459,0.0,0.5957151651382446,0.5210045576095581,1.1699844598770142,34.72425079345703,0.2597397565841675
dfl_generated,dfl_evaluation_07,0.19858039915561676,15,PCC,C,2.9665534496307373,0.0,0.6277201771736145,0.5210045576095581,1.1699844598770142,34.72425079345703,0.2597397565841675
dfl_generated,dfl_evaluation_07,0.19858039915561676,16,PCC,A,3.007375717163086,0.0,0.36563840508461,0.5631123185157776,1.1699260473251343,53.24800109863281,0.2533135712146759
dfl_generated,dfl_evaluation_07,0.19858039915561676,16,PCC,B,3.0178918838500977,0.0,0.35468271374702454,0.5631123185157776,1.1699260473251343,53.24800109863281,0.2533135712146759
dfl_generated,dfl_evaluation_07,0.19858039915561676,16,PCC,C,3.02359938621521,0.0,0.379691481590271,0.5631123185157776,1.1699260473251343,53.24800109863281,0.2533135712146759
dfl_generated,dfl_evaluation_07,0.19858039915561676,17,PCC,A,2.946286678314209,0.0,0.12117959558963776,0.5185338854789734,1.1672431230545044,53.24800109863281,0.2504309117794037
dfl_generated,dfl_evaluation_07,0.19858039915561676,17,PCC,B,2.954962968826294,0.0,0.1270717829465866,0.5185338854789734,1.1672431230545044,53.24800109863281,0.2504309117794037
dfl_generated,dfl_evaluation_07,0.19858039915561676,17,PCC,C,2.946898937225342,0.0,0.12234384566545486,0.5185338854789734,1.1672431230545044,53.24800109863281,0.2504309117794037
dfl_generated,dfl_evaluation_07,0.19858039915561676,18,PCC,A,2.916750907897949,0.0,0.019345901906490326,0.501911997795105,1.159753441810608,53.24800109863281,0.25013092160224915
dfl_generated,dfl_evaluation_07,0.19858039915561676,18,PCC,B,2.9158968925476074,0.0,0.020566873252391815,0.501911997795105,1.159753441810608,53.24800109863281,0.25013092160224915
dfl_generated,dfl_evaluation_07,0.19858039915561676,18,PCC,C,2.918152332305908,0.0,0.019724763929843903,0.501911997795105,1.159753441810608,53.24800109863281,0.25013092160224915
dfl_generated,dfl_evaluation_07,0.19858039915561676,19,PCC,A,3.0022544860839844,0.0,0.0006553583079949021,0.5692486763000488,1.1585088968276978,53.24800109863281,0.25619053840637207
dfl_generated,dfl_evaluation_07,0.19858039915561676,19,PCC,B,3.0068581104278564,0.0,0.0008547822944819927,0.5692486763000488,1.1585088968276978,53.24800109863281,0.25619053840637207
dfl_generated,dfl_evaluation_07,0.19858039915561676,19,PCC,C,3.005861282348633,0.0,0.0006518223672173917,0.5692486763000488,1.1585088968276978,53.24800109863281,0.25619053840637207
dfl_generated,dfl_evaluation_07,0.19858039915561676,20,PCC,A,2.840503215789795,0.0,6.475876034528483e-06,0.458400696516037,1.1562541723251343,53.24800109863281,0.257636696100235
dfl_generated,dfl_evaluation_07,0.19858039915561676,20,PCC,B,2.8377063274383545,0.0,5.7928059504774865e-06,0.458400696516037,1.1562541723251343,53.24800109863281,0.257636696100235
dfl_generated,dfl_evaluation_07,0.19858039915561676,20,PCC,C,2.844163417816162,0.0,3.7614531720464583e-06,0.458400696516037,1.1562541723251343,53.24800109863281,0.257636696100235
dfl_generated,dfl_evaluation_07,0.19858039915561676,21,PCC,A,2.7516589164733887,0.0,7.752200872346293e-06,0.39928483963012695,1.1567389965057373,53.24800109863281,0.26096341013908386
dfl_generated,dfl_evaluation_07,0.19858039915561676,21,PCC,B,2.756714105606079,0.0,7.420295560223167e-07,0.39928483963012695,1.1567389965057373,53.24800109863281,0.26096341013908386
dfl_generated,dfl_evaluation_07,0.19858039915561676,21,PCC,C,2.753579616546631,0.0,0.0,0.39928483963012695,1.1567389965057373,53.24800109863281,0.26096341013908386
dfl_generated,dfl_evaluation_07,0.19858039915561676,22,PCC,A,2.7018964290618896,0.0,1.9190297280147206e-06,0.3637107312679291,1.154832363128662,53.24800109863281,0.2714487314224243
dfl_generated,dfl_evaluation_07,0.19858039915561676,22,PCC,B,2.6997969150543213,0.0,6.412040534087282e-07,0.3637107312679291,1.154832363128662,53.24800109863281,0.2714487314224243
dfl_generated,dfl_evaluation_07,0.19858039915561676,22,PCC,C,2.7013092041015625,0.0,1.000372321868781e-06,0.3637107312679291,1.154832363128662,53.24800109863281,0.2714487314224243
dfl_generated,dfl_evaluation_07,0.19858039915561676,23,PCC,A,2.6771390438079834,0.0,1.9549888747860678e-06,0.34759950637817383,1.1544536352157593,53.24800109863281,0.2930834889411926
dfl_generated,dfl_evaluation_07,0.19858039915561676,23,PCC,B,2.6783220767974854,0.0,5.108624350214086e-07,0.34759950637817383,1.1544536352157593,53.24800109863281,0.2930834889411926
dfl_generated,dfl_evaluation_07,0.19858039915561676,23,PCC,C,2.677349328994751,0.0,0.0,0.34759950637817383,1.1544536352157593,53.24800109863281,0.2930834889411926
dfl_generated,dfl_evaluation_07,0.19858039915561676,24,PCC,A,2.5974652767181396,0.0,0.0,0.29431068897247314,1.1533023118972778,53.24800109863281,0.30267298221588135
dfl_generated,dfl_evaluation_07,0.19858039915561676,24,PCC,B,2.595898389816284,0.0,3.448266454597615e-07,0.29431068897247314,1.1533023118972778,53.24800109863281,0.30267298221588135
dfl_generated,dfl_evaluation_07,0.19858039915561676,24,PCC,C,2.598743438720703,0.0,1.9256401628808817e-06,0.29431068897247314,1.1533023118972778,53.24800109863281,0.30267298221588135
dfl_generated,dfl_evaluation_07,0.19858039915561676,25,PCC,A,2.6306943893432617,0.0,2.176207374304795e-07,0.3179371654987335,1.1523661613464355,34.72425079345703,0.2918688654899597
dfl_generated,dfl_evaluation_07,0.19858039915561676,25,PCC,B,2.6308724880218506,0.0,0.0,0.3179371654987335,1.1523661613464355,34.72425079345703,0.2918688654899597
dfl_generated,dfl_evaluation_07,0.19858039915561676,25,PCC,C,2.6284244060516357,0.0,0.0,0.3179371654987335,1.1523661613464355,34.72425079345703,0.2918688654899597
dfl_generated,dfl_evaluation_07,0.19858039915561676,26,PCC,A,2.4922289848327637,0.0,5.038896233600099e-06,0.2232462614774704,1.15228271484375,34.72425079345703,0.3138456642627716
dfl_generated,dfl_evaluation_07,0.19858039915561676,26,PCC,B,2.4922633171081543,0.0,5.176715376364882e-07,0.2232462614774704,1.15228271484375,34.72425079345703,0.3138456642627716
dfl_generated,dfl_evaluation_07,0.19858039915561676,26,PCC,C,2.492431879043579,0.0,0.0,0.2232462614774704,1.15228271484375,34.72425079345703,0.3138456642627716
dfl_generated,dfl_evaluation_07,0.19858039915561676,27,PCC,A,2.5501177310943604,0.0,3.595744828999159e-06,0.2633455991744995,1.1525136232376099,53.24800109863281,0.29511597752571106
dfl_generated,dfl_evaluation_07,0.19858039915561676,27,PCC,B,2.5486221313476562,0.0,2.702184247027617e-06,0.2633455991744995,1.1525136232376099,53.24800109863281,0.29511597752571106
dfl_generated,dfl_evaluation_07,0.19858039915561676,27,PCC,C,2.551182508468628,0.0,3.871701210300671e-06,0.2633455991744995,1.1525136232376099,53.24800109863281,0.29511597752571106
dfl_generated,dfl_evaluation_07,0.19858039915561676,28,PCC,A,2.6135966777801514,0.0,6.286728421400767e-06,0.3060445785522461,1.1523048877716064,53.24800109863281,0.2832459509372711
dfl_generated,dfl_evaluation_07,0.19858039915561676,28,PCC,B,2.6114118099212646,0.0,8.657036119075201e-07,0.3060445785522461,1.1523048877716064,53.24800109863281,0.2832459509372711
dfl_generated,dfl_evaluation_07,0.19858039915561676,28,PCC,C,2.6113760471343994,0.0,3.59539149030752e-06,0.3060445785522461,1.1523048877716064,53.24800109863281,0.2832459509372711
dfl_generated,dfl_evaluation_07,0.19858039915561676,29,PCC,A,2.581519365310669,0.0,0.0010736428666859865,0.2850128710269928,1.152184009552002,53.24800109863281,0.26708126068115234
dfl_generated,dfl_evaluation_07,0.19858039915561676,29,PCC,B,2.582077741622925,0.0,0.000732800574041903,0.2850128710269928,1.152184009552002,53.24800109863281,0.26708126068115234
dfl_generated,dfl_evaluation_07,0.19858039915561676,29,PCC,C,2.5812504291534424,0.0,0.0008989296038635075,0.2850128710269928,1.152184009552002,53.24800109863281,0.26708126068115234
dfl_generated,dfl_evaluation_07,0.19858039915561676,30,PCC,A,2.7649993896484375,0.0,0.021640993654727936,0.4131304621696472,1.153799295425415,121.88175201416016,0.2601916790008545
dfl_generated,dfl_evaluation_07,0.19858039915561676,30,PCC,B,2.7687788009643555,0.0,0.018951930105686188,0.4131304621696472,1.153799295425415,121.88175201416016,0.2601916790008545
dfl_generated,dfl_evaluation_07,0.19858039915561676,30,PCC,C,2.7682855129241943,0.0,0.024666817858815193,0.4131304621696472,1.153799295425415,121.88175201416016,0.2601916790008545
dfl_generated,dfl_evaluation_07,0.19858039915561676,31,PCC,A,3.02970814704895,0.0,0.1392975151538849,0.5887197852134705,1.1564666032791138,121.88175201416016,0.2512202560901642
dfl_generated,dfl_evaluation_07,0.19858039915561676,31,PCC,B,3.03279185295105,0.0,0.13941040635108948,0.5887197852134705,1.1564666032791138,121.88175201416016,0.2512202560901642
dfl_generated,dfl_evaluation_07,0.19858039915561676,31,PCC,C,3.028513193130493,0.0,0.15339678525924683,0.5887197852134705,1.1564666032791138,121.88175201416016,0.2512202560901642
dfl_generated,dfl_evaluation_07,0.19858039915561676,32,PCC,A,2.7881665229797363,0.0,0.4092085361480713,0.41616514325141907,1.159959316253662,121.88175201416016,0.22449003159999847
dfl_generated,dfl_evaluation_07,0.19858039915561676,32,PCC,B,2.7904746532440186,0.0,0.40372371673583984,0.41616514325141907,1.159959316253662,121.88175201416016,0.22449003159999847
dfl_generated,dfl_evaluation_07,0.19858039915561676,32,PCC,C,2.7887067794799805,0.0,0.3928759694099426,0.41616514325141907,1.159959316253662,121.88175201416016,0.22449003159999847
dfl_generated,dfl_evaluation_07,0.19858039915561676,33,PCC,A,2.932298421859741,0.0,0.6681391596794128,0.5137431621551514,1.1670145988464355,121.88175201416016,0.24872760474681854
dfl_generated,dfl_evaluation_07,0.19858039915561676,33,PCC,B,2.9399309158325195,0.0,0.6881108283996582,0.5137431621551514,1.1670145988464355,121.88175201416016,0.24872760474681854
dfl_generated,dfl_evaluation_07,0.19858039915561676,33,PCC,C,2.9418752193450928,0.0,0.626937210559845,0.5137431621551514,1.1670145988464355,121.88175201416016,0.24872760474681854
dfl_generated,dfl_evaluation_07,0.19858039915561676,34,PCC,A,2.730750322341919,0.0,0.8062708377838135,0.3643687963485718,1.166022777557373,53.24800109863281,0.2579134702682495
dfl_generated,dfl_evaluation_07,0.19858039915561676,34,PCC,B,2.731372356414795,0.0,0.842340350151062,0.3643687963485718,1.166022777557373,53.24800109863281,0.2579134702682495
dfl_generated,dfl_evaluation_07,0.19858039915561676,34,PCC,C,2.7272262573242188,0.0,0.8441773653030396,0.3643687963485718,1.166022777557373,53.24800109863281,0.2579134702682495
dfl_generated,dfl_evaluation_07,0.19858039915561676,35,PCC,A,2.7262465953826904,0.0,0.9057149291038513,0.36136627197265625,1.1686948537826538,53.24800109863281,0.2716156840324402
dfl_generated,dfl_evaluation_07,0.19858039915561676,35,PCC,B,2.715498208999634,0.0,0.8949058651924133,0.36136627197265625,1.1686948537826538,53.24800109863281,0.2716156840324402
dfl_generated,dfl_evaluation_07,0.19858039915561676,35,PCC,C,2.7277395725250244,0.0,0.921488344669342,0.36136627197265625,1.1686948537826538,53.24800109863281,0.2716156840324402
dfl_generated,dfl_evaluation_07,0.19858039915561676,36,PCC,A,2.983004331588745,0.0,0.9742200374603271,0.5383059978485107,1.1731958389282227,34.72425079345703,0.270659863948822
dfl_generated,dfl_evaluation_07,0.19858039915561676,36,PCC,B,2.998828172683716,0.0,0.9474784731864929,0.5383059978485107,1.1731958389282227,34.72425079345703,0.270659863948822
dfl_generated,dfl_evaluation_07,0.19858039915561676,36,PCC,C,2.9868221282958984,0.0,0.9290003776550293,0.5383059978485107,1.1731958389282227,34.72425079345703,0.270659863948822
dfl_generated,dfl_evaluation_07,0.19858039915561676,37,PCC,A,3.0867702960968018,0.0,0.9137429594993591,0.6031783223152161,1.1732946634292603,34.72425079345703,0.2698444426059723
dfl_generated,dfl_evaluation_07,0.19858039915561676,37,PCC,B,3.0920932292938232,0.0,0.9037536382675171,0.6031783223152161,1.1732946634292603,34.72425079345703,0.2698444426059723
dfl_generated,dfl_evaluation_07,0.19858039915561676,37,PCC,C,3.082437753677368,0.0,0.9148260951042175,0.6031783223152161,1.1732946634292603,34.72425079345703,0.2698444426059723
dfl_generated,dfl_evaluation_07,0.19858039915561676,38,PCC,A,3.1853747367858887,0.0,0.8018679022789001,0.6654155254364014,1.1760149002075195,34.72425079345703,0.26720288395881653
dfl_generated,dfl_evaluation_07,0.19858039915561676,38,PCC,B,3.179011344909668,0.0,0.7748205065727234,0.6654155254364014,1.1760149002075195,34.72425079345703,0.26720288395881653
dfl_generated,dfl_evaluation_07,0.19858039915561676,38,PCC,C,3.185573101043701,0.0,0.7901160717010498,0.6654155254364014,1.1760149002075195,34.72425079345703,0.26720288395881653
dfl_generated,dfl_evaluation_07,0.19858039915561676,39,PCC,A,2.965249538421631,0.0,0.6284550428390503,0.5210045576095581,1.1713356971740723,34.72425079345703,0.26403629779815674
dfl_generated,dfl_evaluation_07,0.19858039915561676,39,PCC,B,2.968205690383911,0.0,0.6310300230979919,0.5210045576095581,1.1713356971740723,34.72425079345703,0.26403629779815674
dfl_generated,dfl_evaluation_07,0.19858039915561676,39,PCC,C,2.962204933166504,0.0,0.6105053424835205,0.5210045576095581,1.1713356971740723,34.72425079345703,0.26403629779815674
dfl_generated,dfl_evaluation_07,0.19858039915561676,40,PCC,A,3.0252978801727295,0.0,0.376022607088089,0.5631123185157776,1.1709140539169312,53.24800109863281,0.25852036476135254
dfl_generated,dfl_evaluation_07,0.19858039915561676,40,PCC,B,3.0190069675445557,0.0,0.38262248039245605,0.5631123185157776,1.1709140539169312,53.24800109863281,0.25852036476135254
dfl_generated,dfl_evaluation_07,0.19858039915561676,40,PCC,C,3.0251119136810303,0.0,0.41125351190567017,0.5631123185157776,1.1709140539169312,53.24800109863281,0.25852036476135254
dfl_generated,dfl_evaluation_07,0.19858039915561676,41,PCC,A,2.9544498920440674,0.0,0.14708077907562256,0.5185338854789734,1.1679553985595703,53.24800109863281,0.2562495172023773
dfl_generated,dfl_evaluation_07,0.19858039915561676,41,PCC,B,2.947783946990967,0.0,0.13082259893417358,0.5185338854789734,1.1679553985595703,53.24800109863281,0.2562495172023773
dfl_generated,dfl_evaluation_07,0.19858039915561676,41,PCC,C,2.949784755706787,0.0,0.13851474225521088,0.5185338854789734,1.1679553985595703,53.24800109863281,0.2562495172023773
dfl_generated,dfl_evaluation_07,0.19858039915561676,42,PCC,A,2.916699171066284,0.0,0.01910344511270523,0.501911997795105,1.1632907390594482,53.24800109863281,0.25472861528396606
dfl_generated,dfl_evaluation_07,0.19858039915561676,42,PCC,B,2.9151692390441895,0.0,0.026938414201140404,0.501911997795105,1.1632907390594482,53.24800109863281,0.25472861528396606
dfl_generated,dfl_evaluation_07,0.19858039915561676,42,PCC,C,2.9119436740875244,0.0,0.016057061031460762,0.501911997795105,1.1632907390594482,53.24800109863281,0.25472861528396606
dfl_generated,dfl_evaluation_07,0.19858039915561676,43,PCC,A,3.0148255825042725,0.0,0.0005713497521355748,0.5692486763000488,1.1597425937652588,53.24800109863281,0.2599710524082184
dfl_generated,dfl_evaluation_07,0.19858039915561676,43,PCC,B,3.005275249481201,0.0,0.0006805273005738854,0.5692486763000488,1.1597425937652588,53.24800109863281,0.2599710524082184
dfl_generated,dfl_evaluation_07,0.19858039915561676,43,PCC,C,3.0091631412506104,0.0,0.000716008769813925,0.5692486763000488,1.1597425937652588,53.24800109863281,0.2599710524082184
dfl_generated,dfl_evaluation_07,0.19858039915561676,44,PCC,A,2.8378336429595947,0.0,0.0,0.458400696516037,1.1581097841262817,53.24800109863281,0.2620982229709625
dfl_generated,dfl_evaluation_07,0.19858039915561676,44,PCC,B,2.836383104324341,0.0,0.0,0.458400696516037,1.1581097841262817,53.24800109863281,0.2620982229709625
dfl_generated,dfl_evaluation_07,0.19858039915561676,44,PCC,C,2.8400373458862305,0.0,3.192329359080759e-06,0.458400696516037,1.1581097841262817,53.24800109863281,0.2620982229709625
dfl_generated,dfl_evaluation_07,0.19858039915561676,45,PCC,A,2.750746965408325,0.0,2.7659857551043388e-06,0.39928483963012695,1.1579238176345825,53.24800109863281,0.26070907711982727
dfl_generated,dfl_evaluation_07,0.19858039915561676,45,PCC,B,2.752659320831299,0.0,0.0,0.39928483963012695,1.1579238176345825,53.24800109863281,0.26070907711982727
dfl_generated,dfl_evaluation_07,0.19858039915561676,45,PCC,C,2.7533867359161377,0.0,4.364623237052001e-06,0.39928483963012695,1.1579238176345825,53.24800109863281,0.26070907711982727
dfl_generated,dfl_evaluation_07,0.19858039915561676,46,PCC,A,2.699634552001953,0.0,8.17624083992996e-07,0.3637107312679291,1.1547490358352661,53.24800109863281,0.2797727584838867
dfl_generated,dfl_evaluation_07,0.19858039915561676,46,PCC,B,2.7012786865234375,0.0,7.217737447717809e-07,0.3637107312679291,1.1547490358352661,53.24800109863281,0.2797727584838867
dfl_generated,dfl_evaluation_07,0.19858039915561676,46,PCC,C,2.7027883529663086,0.0,0.0,0.3637107312679291,1.1547490358352661,53.24800109863281,0.2797727584838867
dfl_generated,dfl_evaluation_07,0.19858039915561676,47,PCC,A,2.674349069595337,0.0,0.0,0.34759950637817383,1.1540535688400269,53.24800109863281,0.2791954576969147
dfl_generated,dfl_evaluation_07,0.19858039915561676,47,PCC,B,2.677400588989258,0.0,0.0,0.34759950637817383,1.1540535688400269,53.24800109863281,0.2791954576969147
dfl_generated,dfl_evaluation_07,0.19858039915561676,47,PCC,C,2.6735289096832275,0.0,1.2551048484965577e-06,0.34759950637817383,1.1540535688400269,53.24800109863281,0.2791954576969147
